日付	書類	期	連単	区分	四半期	項目名	タグ	値	単位	表示	コンテキスト	出所
2024-05-14	四半期	当期第3四半期累計				書類名	DocumentName			第３四半期決算短信〔日本基準〕（連結）	CurrentAccumulatedQ3Instant	/disc/141A0/081220240507583199_tse-qcedjpsm-141A0-202405143141A0-ixbrl.htm
2024-05-14	四半期	当期第3四半期累計				提出日	FilingDate			2024年５月14日	CurrentAccumulatedQ3Instant	/disc/141A0/081220240507583199_tse-qcedjpsm-141A0-202405143141A0-ixbrl.htm
2024-05-14	四半期	当期第3四半期累計				会社名	CompanyName			株式会社トライアルホールディングス	CurrentAccumulatedQ3Instant	/disc/141A0/081220240507583199_tse-qcedjpsm-141A0-202405143141A0-ixbrl.htm
2024-05-14	四半期	当期第3四半期累計					TokyoStockExchange			東	CurrentAccumulatedQ3Instant	/disc/141A0/081220240507583199_tse-qcedjpsm-141A0-202405143141A0-ixbrl.htm
2024-05-14	四半期	当期第3四半期累計				証券コード	SecuritiesCode			141A	CurrentAccumulatedQ3Instant	/disc/141A0/081220240507583199_tse-qcedjpsm-141A0-202405143141A0-ixbrl.htm
2024-05-14	四半期	当期第3四半期累計				URL	URL			https://trial-holdings.inc	CurrentAccumulatedQ3Instant	/disc/141A0/081220240507583199_tse-qcedjpsm-141A0-202405143141A0-ixbrl.htm
2024-05-14	四半期	当期第3四半期累計				代表者の役職	TitleRepresentative			代表取締役社長	CurrentAccumulatedQ3Instant	/disc/141A0/081220240507583199_tse-qcedjpsm-141A0-202405143141A0-ixbrl.htm
2024-05-14	四半期	当期第3四半期累計				代表者名	NameRepresentative			亀田 晃一	CurrentAccumulatedQ3Instant	/disc/141A0/081220240507583199_tse-qcedjpsm-141A0-202405143141A0-ixbrl.htm
2024-05-14	四半期	当期第3四半期累計					TitleInquiries			執行役員副社長	CurrentAccumulatedQ3Instant	/disc/141A0/081220240507583199_tse-qcedjpsm-141A0-202405143141A0-ixbrl.htm
2024-05-14	四半期	当期第3四半期累計					NameInquiries			古橋 恵司	CurrentAccumulatedQ3Instant	/disc/141A0/081220240507583199_tse-qcedjpsm-141A0-202405143141A0-ixbrl.htm
2024-05-14	四半期	当期第3四半期累計					Tel			03（6435）6308	CurrentAccumulatedQ3Instant	/disc/141A0/081220240507583199_tse-qcedjpsm-141A0-202405143141A0-ixbrl.htm
2024-05-14	四半期	当期第3四半期累計					QuarterlyStatementFilingDateAsPlanned			2024年５月14日	CurrentAccumulatedQ3Instant	/disc/141A0/081220240507583199_tse-qcedjpsm-141A0-202405143141A0-ixbrl.htm
2024-05-14	四半期	当期第3四半期累計					SupplementalMaterialOfQuarterlyResults			有	CurrentAccumulatedQ3Instant	/disc/141A0/081220240507583199_tse-qcedjpsm-141A0-202405143141A0-ixbrl.htm
2024-05-14	四半期	当期第3四半期累計					ConveningBriefingOfQuarterlyResults			有	CurrentAccumulatedQ3Instant	/disc/141A0/081220240507583199_tse-qcedjpsm-141A0-202405143141A0-ixbrl.htm
2024-05-14	四半期	当期第3四半期累計					TargetForBriefingOfQuarterlyResults			（機関投資家・アナリスト向け）	CurrentAccumulatedQ3Instant	/disc/141A0/081220240507583199_tse-qcedjpsm-141A0-202405143141A0-ixbrl.htm
2024-05-14	四半期	当期第3四半期累計					NoteToFractionProcessingMethod			（百万円未満切捨て）	CurrentAccumulatedQ3Instant	/disc/141A0/081220240507583199_tse-qcedjpsm-141A0-202405143141A0-ixbrl.htm
2024-05-14	四半期	当期第3四半期累計	連結	実績		売上高	NetSales	537217000000	JPY	537,217	CurrentAccumulatedQ3Duration_ConsolidatedMember_ResultMember	/disc/141A0/081220240507583199_tse-qcedjpsm-141A0-202405143141A0-ixbrl.htm
2024-05-14	四半期	当期第3四半期累計	連結	実績		営業利益	OperatingIncome	15397000000	JPY	15,397	CurrentAccumulatedQ3Duration_ConsolidatedMember_ResultMember	/disc/141A0/081220240507583199_tse-qcedjpsm-141A0-202405143141A0-ixbrl.htm
2024-05-14	四半期	当期第3四半期累計	連結	実績		経常利益	OrdinaryIncome	16167000000	JPY	16,167	CurrentAccumulatedQ3Duration_ConsolidatedMember_ResultMember	/disc/141A0/081220240507583199_tse-qcedjpsm-141A0-202405143141A0-ixbrl.htm
2024-05-14	四半期	当期第3四半期累計	連結	実績		親会社株主に帰属する当期純利益	ProfitAttributableToOwnersOfParent	9494000000	JPY	9,494	CurrentAccumulatedQ3Duration_ConsolidatedMember_ResultMember	/disc/141A0/081220240507583199_tse-qcedjpsm-141A0-202405143141A0-ixbrl.htm
2024-05-14	四半期	当期第3四半期累計	連結	実績		包括利益	ComprehensiveIncome	9822000000	JPY	9,822	CurrentAccumulatedQ3Duration_ConsolidatedMember_ResultMember	/disc/141A0/081220240507583199_tse-qcedjpsm-141A0-202405143141A0-ixbrl.htm
2024-05-14	四半期	当期第3四半期累計	連結	実績		1株当たり当期純利益	NetIncomePerShare	96.72	JPYPerShares	96.72	CurrentAccumulatedQ3Duration_ConsolidatedMember_ResultMember	/disc/141A0/081220240507583199_tse-qcedjpsm-141A0-202405143141A0-ixbrl.htm
2024-05-14	四半期	当期第3四半期累計	連結	実績		潜在株式調整後1株当たり当期純利益	DilutedNetIncomePerShare	95.71	JPYPerShares	95.71	CurrentAccumulatedQ3Duration_ConsolidatedMember_ResultMember	/disc/141A0/081220240507583199_tse-qcedjpsm-141A0-202405143141A0-ixbrl.htm
2024-05-14	四半期	当期第3四半期累計	連結	実績		経営成績の注記	NoteToOperatingResults			（注）１．当社は、2023年６月期第３四半期については、四半期連結財務諸表を作成していないため、2023年６月期第３四半期の数値及び2024年６月期第３四半期の対前年同四半期増減率は記載しておりません。２．当社は、2024年３月21日付で東京証券取引所グロース市場に上場したため、2024年６月期第３四半期連結累計期間の潜在株式調整後１株当たり四半期純利益については、新規上場日から2024年６月期第３四半期連結会計期間の末日までの平均株価を期中平均株価とみなして算定しております。	CurrentAccumulatedQ3Duration_ConsolidatedMember_ResultMember	/disc/141A0/081220240507583199_tse-qcedjpsm-141A0-202405143141A0-ixbrl.htm
2024-05-14	四半期	当期第3四半期累計	連結	実績		総資産	TotalAssets	275377000000	JPY	275,377	CurrentAccumulatedQ3Instant_ConsolidatedMember_ResultMember	/disc/141A0/081220240507583199_tse-qcedjpsm-141A0-202405143141A0-ixbrl.htm
2024-05-14	四半期	当期第3四半期累計	連結	実績		純資産	NetAssets	110421000000	JPY	110,421	CurrentAccumulatedQ3Instant_ConsolidatedMember_ResultMember	/disc/141A0/081220240507583199_tse-qcedjpsm-141A0-202405143141A0-ixbrl.htm
2024-05-14	四半期	当期第3四半期累計	連結	実績		自己資本比率	CapitalAdequacyRatio	0.392	Pure	39.2	CurrentAccumulatedQ3Instant_ConsolidatedMember_ResultMember	/disc/141A0/081220240507583199_tse-qcedjpsm-141A0-202405143141A0-ixbrl.htm
2024-05-14	四半期	前期	連結	実績		総資産	TotalAssets	200639000000	JPY	200,639	PriorYearInstant_ConsolidatedMember_ResultMember	/disc/141A0/081220240507583199_tse-qcedjpsm-141A0-202405143141A0-ixbrl.htm
2024-05-14	四半期	前期	連結	実績		純資産	NetAssets	68020000000	JPY	68,020	PriorYearInstant_ConsolidatedMember_ResultMember	/disc/141A0/081220240507583199_tse-qcedjpsm-141A0-202405143141A0-ixbrl.htm
2024-05-14	四半期	前期	連結	実績		自己資本比率	CapitalAdequacyRatio	0.328	Pure	32.8	PriorYearInstant_ConsolidatedMember_ResultMember	/disc/141A0/081220240507583199_tse-qcedjpsm-141A0-202405143141A0-ixbrl.htm
2024-05-14	四半期	当期第3四半期累計	連結	実績		自己資本	OwnersEquity	108001000000	JPY	108,001	CurrentAccumulatedQ3Instant_ConsolidatedMember_ResultMember	/disc/141A0/081220240507583199_tse-qcedjpsm-141A0-202405143141A0-ixbrl.htm
2024-05-14	四半期	前期	連結	実績		自己資本	OwnersEquity	65885000000	JPY	65,885	PriorYearInstant_ConsolidatedMember_ResultMember	/disc/141A0/081220240507583199_tse-qcedjpsm-141A0-202405143141A0-ixbrl.htm
2024-05-14	四半期	前期	単体	実績	第2四半期末	1株当たり配当金	DividendPerShare	0.00	JPYPerShares	0.00	PriorYearDuration_SecondQuarterMember_NonConsolidatedMember_ResultMember	/disc/141A0/081220240507583199_tse-qcedjpsm-141A0-202405143141A0-ixbrl.htm
2024-05-14	四半期	前期	単体	実績	期末	1株当たり配当金	DividendPerShare	13.00	JPYPerShares	13.00	PriorYearDuration_YearEndMember_NonConsolidatedMember_ResultMember	/disc/141A0/081220240507583199_tse-qcedjpsm-141A0-202405143141A0-ixbrl.htm
2024-05-14	四半期	前期	単体	実績	合計	1株当たり配当金	DividendPerShare	13.00	JPYPerShares	13.00	PriorYearDuration_AnnualMember_NonConsolidatedMember_ResultMember	/disc/141A0/081220240507583199_tse-qcedjpsm-141A0-202405143141A0-ixbrl.htm
2024-05-14	四半期	当期	単体	実績	第2四半期末	1株当たり配当金	DividendPerShare	0.00	JPYPerShares	0.00	CurrentYearDuration_SecondQuarterMember_NonConsolidatedMember_ResultMember	/disc/141A0/081220240507583199_tse-qcedjpsm-141A0-202405143141A0-ixbrl.htm
2024-05-14	四半期	当期	単体	予想	期末	1株当たり配当金	DividendPerShare	15.00	JPYPerShares	15.00	CurrentYearDuration_YearEndMember_NonConsolidatedMember_ForecastMember	/disc/141A0/081220240507583199_tse-qcedjpsm-141A0-202405143141A0-ixbrl.htm
2024-05-14	四半期	当期	単体	予想	合計	1株当たり配当金	DividendPerShare	15.00	JPYPerShares	15.00	CurrentYearDuration_AnnualMember_NonConsolidatedMember_ForecastMember	/disc/141A0/081220240507583199_tse-qcedjpsm-141A0-202405143141A0-ixbrl.htm
2024-05-14	四半期	当期	単体	実績	合計	当四半期における配当予想の修正	CorrectionOfDividendForecastInThisQuarter			無	CurrentYearDuration_AnnualMember_NonConsolidatedMember_ResultMember	/disc/141A0/081220240507583199_tse-qcedjpsm-141A0-202405143141A0-ixbrl.htm
2024-05-14	四半期	当期	連結	予想		業績予想の見出し	TitleForForecasts			３．2024年６月期の連結業績予想（2023年７月１日～2024年６月30日）	CurrentYearDuration_ConsolidatedMember_ForecastMember	/disc/141A0/081220240507583199_tse-qcedjpsm-141A0-202405143141A0-ixbrl.htm
2024-05-14	四半期	当期	連結	予想		売上高	NetSales	711067000000	JPY	711,067	CurrentYearDuration_ConsolidatedMember_ForecastMember	/disc/141A0/081220240507583199_tse-qcedjpsm-141A0-202405143141A0-ixbrl.htm
2024-05-14	四半期	当期	連結	予想		売上高の増減率	ChangeInNetSales	0.089	Pure	8.9	CurrentYearDuration_ConsolidatedMember_ForecastMember	/disc/141A0/081220240507583199_tse-qcedjpsm-141A0-202405143141A0-ixbrl.htm
2024-05-14	四半期	当期	連結	予想		営業利益	OperatingIncome	18575000000	JPY	18,575	CurrentYearDuration_ConsolidatedMember_ForecastMember	/disc/141A0/081220240507583199_tse-qcedjpsm-141A0-202405143141A0-ixbrl.htm
2024-05-14	四半期	当期	連結	予想		営業利益の増減率	ChangeInOperatingIncome	0.330	Pure	33.0	CurrentYearDuration_ConsolidatedMember_ForecastMember	/disc/141A0/081220240507583199_tse-qcedjpsm-141A0-202405143141A0-ixbrl.htm
2024-05-14	四半期	当期	連結	予想		経常利益	OrdinaryIncome	19045000000	JPY	19,045	CurrentYearDuration_ConsolidatedMember_ForecastMember	/disc/141A0/081220240507583199_tse-qcedjpsm-141A0-202405143141A0-ixbrl.htm
2024-05-14	四半期	当期	連結	予想		経常利益の増減率	ChangeInOrdinaryIncome	0.326	Pure	32.6	CurrentYearDuration_ConsolidatedMember_ForecastMember	/disc/141A0/081220240507583199_tse-qcedjpsm-141A0-202405143141A0-ixbrl.htm
2024-05-14	四半期	当期	連結	予想		親会社株主に帰属する当期純利益	ProfitAttributableToOwnersOfParent	10774000000	JPY	10,774	CurrentYearDuration_ConsolidatedMember_ForecastMember	/disc/141A0/081220240507583199_tse-qcedjpsm-141A0-202405143141A0-ixbrl.htm
2024-05-14	四半期	当期	連結	予想		親会社株主に帰属する当期純利益の増減率	ChangeInProfitAttributableToOwnersOfParent	0.333	Pure	33.3	CurrentYearDuration_ConsolidatedMember_ForecastMember	/disc/141A0/081220240507583199_tse-qcedjpsm-141A0-202405143141A0-ixbrl.htm
2024-05-14	四半期	当期	連結	予想		1株当たり当期純利益	NetIncomePerShare	104.26	JPYPerShares	104.26	CurrentYearDuration_ConsolidatedMember_ForecastMember	/disc/141A0/081220240507583199_tse-qcedjpsm-141A0-202405143141A0-ixbrl.htm
2024-05-14	四半期	当期	連結	予想		当四半期における業績予想の修正	CorrectionOfConsolidatedFinancialForecastInThisQuarter			無	CurrentYearDuration_ConsolidatedMember_ForecastMember	/disc/141A0/081220240507583199_tse-qcedjpsm-141A0-202405143141A0-ixbrl.htm
2024-05-14	四半期	当期第3四半期累計	連結	実績			MaterialChangesInSubsidiariesDuringThisPeriodChangesInScopeOfConsolidationsResultingFromChangeIsSubsidiaries			有	CurrentAccumulatedQ3Duration_ConsolidatedMember_ResultMember	/disc/141A0/081220240507583199_tse-qcedjpsm-141A0-202405143141A0-ixbrl.htm
2024-05-14	四半期	当期第3四半期累計	連結	実績		新規連結子会社数	NumberOfSubsidiariesNewlyConsolidated	4	NumberOfCompanies	4	CurrentAccumulatedQ3Duration_ConsolidatedMember_ResultMember	/disc/141A0/081220240507583199_tse-qcedjpsm-141A0-202405143141A0-ixbrl.htm
2024-05-14	四半期	当期第3四半期累計	連結	実績		新規連結子会社の名称	NameOfSubsidiariesNewlyConsolidated			（株）トライアルチャレンジド	CurrentAccumulatedQ3Duration_ConsolidatedMember_ResultMember	/disc/141A0/081220240507583199_tse-qcedjpsm-141A0-202405143141A0-ixbrl.htm
2024-05-14	四半期	当期第3四半期累計	連結	実績			ApplyingOfSpecificAccountingOfTheConsolidatedQuarterlyFinancialStatements			無	CurrentAccumulatedQ3Duration_ConsolidatedMember_ResultMember	/disc/141A0/081220240507583199_tse-qcedjpsm-141A0-202405143141A0-ixbrl.htm
2024-05-14	四半期	当期第3四半期累計	連結	実績		会計基準等の改正に伴う変更	ChangesBasedOnRevisionsOfAccountingStandard			無	CurrentAccumulatedQ3Duration_ConsolidatedMember_ResultMember	/disc/141A0/081220240507583199_tse-qcedjpsm-141A0-202405143141A0-ixbrl.htm
2024-05-14	四半期	当期第3四半期累計	連結	実績		それ以外の会計方針の変更	ChangesOtherThanOnesBasedOnRevisionsOfAccountingStandard			無	CurrentAccumulatedQ3Duration_ConsolidatedMember_ResultMember	/disc/141A0/081220240507583199_tse-qcedjpsm-141A0-202405143141A0-ixbrl.htm
2024-05-14	四半期	当期第3四半期累計	連結	実績		会計上の見積りの変更	ChangesInAccountingEstimates			無	CurrentAccumulatedQ3Duration_ConsolidatedMember_ResultMember	/disc/141A0/081220240507583199_tse-qcedjpsm-141A0-202405143141A0-ixbrl.htm
2024-05-14	四半期	当期第3四半期累計	連結	実績		修正再表示	RetrospectiveRestatement			無	CurrentAccumulatedQ3Duration_ConsolidatedMember_ResultMember	/disc/141A0/081220240507583199_tse-qcedjpsm-141A0-202405143141A0-ixbrl.htm
2024-05-14	四半期	当期第3四半期累計	単体	実績		期末発行済株式数(自己株式を含む)	NumberOfIssuedAndOutstandingSharesAtTheEndOfFiscalYearIncludingTreasuryStock	118890400	Shares	118,890,400	CurrentAccumulatedQ3Instant_NonConsolidatedMember_ResultMember	/disc/141A0/081220240507583199_tse-qcedjpsm-141A0-202405143141A0-ixbrl.htm
2024-05-14	四半期	前期	単体	実績		期末発行済株式数(自己株式を含む)	NumberOfIssuedAndOutstandingSharesAtTheEndOfFiscalYearIncludingTreasuryStock	97690400	Shares	97,690,400	PriorYearInstant_NonConsolidatedMember_ResultMember	/disc/141A0/081220240507583199_tse-qcedjpsm-141A0-202405143141A0-ixbrl.htm
2024-05-14	四半期	当期第3四半期累計	単体	実績		期末自己株式数	NumberOfTreasuryStockAtTheEndOfFiscalYear	370900	Shares	370,900	CurrentAccumulatedQ3Instant_NonConsolidatedMember_ResultMember	/disc/141A0/081220240507583199_tse-qcedjpsm-141A0-202405143141A0-ixbrl.htm
2024-05-14	四半期	前期	単体	実績		期末自己株式数	NumberOfTreasuryStockAtTheEndOfFiscalYear	370900	Shares	370,900	PriorYearInstant_NonConsolidatedMember_ResultMember	/disc/141A0/081220240507583199_tse-qcedjpsm-141A0-202405143141A0-ixbrl.htm
2024-05-14	四半期	当期第3四半期累計	単体	実績		期中平均株式数	AverageNumberOfShares	98167500	Shares	98,167,500	CurrentAccumulatedQ3Duration_NonConsolidatedMember_ResultMember	/disc/141A0/081220240507583199_tse-qcedjpsm-141A0-202405143141A0-ixbrl.htm
2024-05-14	四半期	当期				将来情報の利用に関する注意	NotesForUsingForecastedInformationAndOthers			（将来に関する記述等についてのご注意） 本資料に記載される業績見通し等の将来に関する記述は、当社が現在入手している情報及び合理的であると判断する一定の前提に基づいており、その達成を当社として約束する趣旨のものではありません。また、実際の業績等はさまざまな要因による大きく異なる可能性があります。業績予想の前提となる条件及び業績予想のご利用にあたっての注意事項等については、添付書類３ページ「１．当四半期決算に関する定性的情報（３）連結業績予想などの将来予測情報に関する説明」をご覧ください。&#160;（四半期決算補足説明資料及び四半期決算説明会内容の入手方法） 当社は、2024年５月15日（水）に機関投資家及び証券アナリスト向けに決算説明会の開催を予定しており、当日使用する決算説明会資料は、当社ウェブサイトに掲載する予定です。	CurrentYearDuration	/disc/141A0/081220240507583199_tse-qcedjpsm-141A0-202405143141A0-ixbrl.htm
2024-05-14	四半期	当期				決算期末	FiscalYearEnd			2024-06-30	CurrentYearInstant	/disc/141A0/081220240507583199_tse-qcedjpsm-141A0-202405143141A0-ixbrl.htm
2024-05-14	四半期	当期第3四半期累計				四半期	QuarterlyPeriod	3	Pure	3	CurrentAccumulatedQ3Instant	/disc/141A0/081220240507583199_tse-qcedjpsm-141A0-202405143141A0-ixbrl.htm
2024-08-13	年次	当期				書類名	DocumentName			決算短信〔日本基準〕（連結）	CurrentYearInstant	/disc/141A0/081220240813570812_tse-acedjpsm-141A0-202408133141A0-ixbrl.htm
2024-08-13	年次	当期				提出日	FilingDate			2024年８月13日	CurrentYearInstant	/disc/141A0/081220240813570812_tse-acedjpsm-141A0-202408133141A0-ixbrl.htm
2024-08-13	年次	当期				会社名	CompanyName			株式会社トライアルホールディングス	CurrentYearInstant	/disc/141A0/081220240813570812_tse-acedjpsm-141A0-202408133141A0-ixbrl.htm
2024-08-13	年次	当期					TokyoStockExchange			東	CurrentYearInstant	/disc/141A0/081220240813570812_tse-acedjpsm-141A0-202408133141A0-ixbrl.htm
2024-08-13	年次	当期				証券コード	SecuritiesCode			141A	CurrentYearInstant	/disc/141A0/081220240813570812_tse-acedjpsm-141A0-202408133141A0-ixbrl.htm
2024-08-13	年次	当期				URL	URL			https://trial-holdings.inc	CurrentYearInstant	/disc/141A0/081220240813570812_tse-acedjpsm-141A0-202408133141A0-ixbrl.htm
2024-08-13	年次	当期				代表者の役職	TitleRepresentative			代表取締役社長	CurrentYearInstant	/disc/141A0/081220240813570812_tse-acedjpsm-141A0-202408133141A0-ixbrl.htm
2024-08-13	年次	当期				代表者名	NameRepresentative			亀田 晃一	CurrentYearInstant	/disc/141A0/081220240813570812_tse-acedjpsm-141A0-202408133141A0-ixbrl.htm
2024-08-13	年次	当期					TitleInquiries			執行役員副社長	CurrentYearInstant	/disc/141A0/081220240813570812_tse-acedjpsm-141A0-202408133141A0-ixbrl.htm
2024-08-13	年次	当期					NameInquiries			古橋 恵司	CurrentYearInstant	/disc/141A0/081220240813570812_tse-acedjpsm-141A0-202408133141A0-ixbrl.htm
2024-08-13	年次	当期					Tel			03（6435）6308	CurrentYearInstant	/disc/141A0/081220240813570812_tse-acedjpsm-141A0-202408133141A0-ixbrl.htm
2024-08-13	年次	当期					DateOfGeneralShareholdersMeetingAsPlanned			2024年９月27日	CurrentYearInstant	/disc/141A0/081220240813570812_tse-acedjpsm-141A0-202408133141A0-ixbrl.htm
2024-08-13	年次	当期					DividendPayableDateAsPlanned			2024年９月30日	CurrentYearInstant	/disc/141A0/081220240813570812_tse-acedjpsm-141A0-202408133141A0-ixbrl.htm
2024-08-13	年次	当期					AnnualSecuritiesReportFilingDateAsPlanned			2024年９月27日	CurrentYearInstant	/disc/141A0/081220240813570812_tse-acedjpsm-141A0-202408133141A0-ixbrl.htm
2024-08-13	年次	当期					SupplementalMaterialOfAnnualResults			有	CurrentYearInstant	/disc/141A0/081220240813570812_tse-acedjpsm-141A0-202408133141A0-ixbrl.htm
2024-08-13	年次	当期					ConveningBriefingOfAnnualResults			有	CurrentYearInstant	/disc/141A0/081220240813570812_tse-acedjpsm-141A0-202408133141A0-ixbrl.htm
2024-08-13	年次	当期					TargetAudienceBriefingOfAnnualResults			（機関投資家・アナリスト向け）	CurrentYearInstant	/disc/141A0/081220240813570812_tse-acedjpsm-141A0-202408133141A0-ixbrl.htm
2024-08-13	年次	当期					NoteToFractionProcessingMethod			（百万円未満切捨て）	CurrentYearInstant	/disc/141A0/081220240813570812_tse-acedjpsm-141A0-202408133141A0-ixbrl.htm
2024-08-13	年次	当期	連結	実績		売上高	NetSales	717948000000	JPY	717,948	CurrentYearDuration_ConsolidatedMember_ResultMember	/disc/141A0/081220240813570812_tse-acedjpsm-141A0-202408133141A0-ixbrl.htm
2024-08-13	年次	当期	連結	実績		売上高の増減率	ChangeInNetSales	0.099	Pure	9.9	CurrentYearDuration_ConsolidatedMember_ResultMember	/disc/141A0/081220240813570812_tse-acedjpsm-141A0-202408133141A0-ixbrl.htm
2024-08-13	年次	当期	連結	実績		営業利益	OperatingIncome	19161000000	JPY	19,161	CurrentYearDuration_ConsolidatedMember_ResultMember	/disc/141A0/081220240813570812_tse-acedjpsm-141A0-202408133141A0-ixbrl.htm
2024-08-13	年次	当期	連結	実績		営業利益の増減率	ChangeInOperatingIncome	0.372	Pure	37.2	CurrentYearDuration_ConsolidatedMember_ResultMember	/disc/141A0/081220240813570812_tse-acedjpsm-141A0-202408133141A0-ixbrl.htm
2024-08-13	年次	当期	連結	実績		経常利益	OrdinaryIncome	19789000000	JPY	19,789	CurrentYearDuration_ConsolidatedMember_ResultMember	/disc/141A0/081220240813570812_tse-acedjpsm-141A0-202408133141A0-ixbrl.htm
2024-08-13	年次	当期	連結	実績		経常利益の増減率	ChangeInOrdinaryIncome	0.378	Pure	37.8	CurrentYearDuration_ConsolidatedMember_ResultMember	/disc/141A0/081220240813570812_tse-acedjpsm-141A0-202408133141A0-ixbrl.htm
2024-08-13	年次	当期	連結	実績		親会社株主に帰属する当期純利益	ProfitAttributableToOwnersOfParent	11439000000	JPY	11,439	CurrentYearDuration_ConsolidatedMember_ResultMember	/disc/141A0/081220240813570812_tse-acedjpsm-141A0-202408133141A0-ixbrl.htm
2024-08-13	年次	当期	連結	実績		親会社株主に帰属する当期純利益の増減率	ChangeInProfitAttributableToOwnersOfParent	0.415	Pure	41.5	CurrentYearDuration_ConsolidatedMember_ResultMember	/disc/141A0/081220240813570812_tse-acedjpsm-141A0-202408133141A0-ixbrl.htm
2024-08-13	年次	前期	連結	実績		売上高	NetSales	653112000000	JPY	653,112	PriorYearDuration_ConsolidatedMember_ResultMember	/disc/141A0/081220240813570812_tse-acedjpsm-141A0-202408133141A0-ixbrl.htm
2024-08-13	年次	前期	連結	実績		売上高の増減率	ChangeInNetSales	0.097	Pure	9.7	PriorYearDuration_ConsolidatedMember_ResultMember	/disc/141A0/081220240813570812_tse-acedjpsm-141A0-202408133141A0-ixbrl.htm
2024-08-13	年次	前期	連結	実績		営業利益	OperatingIncome	13964000000	JPY	13,964	PriorYearDuration_ConsolidatedMember_ResultMember	/disc/141A0/081220240813570812_tse-acedjpsm-141A0-202408133141A0-ixbrl.htm
2024-08-13	年次	前期	連結	実績		営業利益の増減率	ChangeInOperatingIncome	0.159	Pure	15.9	PriorYearDuration_ConsolidatedMember_ResultMember	/disc/141A0/081220240813570812_tse-acedjpsm-141A0-202408133141A0-ixbrl.htm
2024-08-13	年次	前期	連結	実績		経常利益	OrdinaryIncome	14358000000	JPY	14,358	PriorYearDuration_ConsolidatedMember_ResultMember	/disc/141A0/081220240813570812_tse-acedjpsm-141A0-202408133141A0-ixbrl.htm
2024-08-13	年次	前期	連結	実績		経常利益の増減率	ChangeInOrdinaryIncome	0.132	Pure	13.2	PriorYearDuration_ConsolidatedMember_ResultMember	/disc/141A0/081220240813570812_tse-acedjpsm-141A0-202408133141A0-ixbrl.htm
2024-08-13	年次	前期	連結	実績		親会社株主に帰属する当期純利益	ProfitAttributableToOwnersOfParent	8084000000	JPY	8,084	PriorYearDuration_ConsolidatedMember_ResultMember	/disc/141A0/081220240813570812_tse-acedjpsm-141A0-202408133141A0-ixbrl.htm
2024-08-13	年次	前期	連結	実績		親会社株主に帰属する当期純利益の増減率	ChangeInProfitAttributableToOwnersOfParent	0.133	Pure	13.3	PriorYearDuration_ConsolidatedMember_ResultMember	/disc/141A0/081220240813570812_tse-acedjpsm-141A0-202408133141A0-ixbrl.htm
2024-08-13	年次	当期	連結	実績		包括利益	ComprehensiveIncome	12110000000	JPY	12,110	CurrentYearDuration_ConsolidatedMember_ResultMember	/disc/141A0/081220240813570812_tse-acedjpsm-141A0-202408133141A0-ixbrl.htm
2024-08-13	年次	当期	連結	実績		包括利益の増減率	ChangeInComprehensiveIncome	0.396	Pure	39.6	CurrentYearDuration_ConsolidatedMember_ResultMember	/disc/141A0/081220240813570812_tse-acedjpsm-141A0-202408133141A0-ixbrl.htm
2024-08-13	年次	前期	連結	実績		包括利益	ComprehensiveIncome	8673000000	JPY	8,673	PriorYearDuration_ConsolidatedMember_ResultMember	/disc/141A0/081220240813570812_tse-acedjpsm-141A0-202408133141A0-ixbrl.htm
2024-08-13	年次	前期	連結	実績		包括利益の増減率	ChangeInComprehensiveIncome	0.165	Pure	16.5	PriorYearDuration_ConsolidatedMember_ResultMember	/disc/141A0/081220240813570812_tse-acedjpsm-141A0-202408133141A0-ixbrl.htm
2024-08-13	年次	当期	連結	実績		1株当たり当期純利益	NetIncomePerShare	109.77	JPYPerShares	109.77	CurrentYearDuration_ConsolidatedMember_ResultMember	/disc/141A0/081220240813570812_tse-acedjpsm-141A0-202408133141A0-ixbrl.htm
2024-08-13	年次	当期	連結	実績		潜在株式調整後1株当たり当期純利益	DilutedNetIncomePerShare	108.79	JPYPerShares	108.79	CurrentYearDuration_ConsolidatedMember_ResultMember	/disc/141A0/081220240813570812_tse-acedjpsm-141A0-202408133141A0-ixbrl.htm
2024-08-13	年次	当期	連結	実績		自己資本当期純利益率(ROE)	NetIncomeToShareholdersEquityRatio	0.126	Pure	12.6	CurrentYearDuration_ConsolidatedMember_ResultMember	/disc/141A0/081220240813570812_tse-acedjpsm-141A0-202408133141A0-ixbrl.htm
2024-08-13	年次	当期	連結	実績		総資産経常利益率(ROA)	OrdinaryIncomeToTotalAssetsRatio	0.082	Pure	8.2	CurrentYearDuration_ConsolidatedMember_ResultMember	/disc/141A0/081220240813570812_tse-acedjpsm-141A0-202408133141A0-ixbrl.htm
2024-08-13	年次	当期	連結	実績		売上高営業利益率	OperatingIncomeToNetSalesRatio	0.027	Pure	2.7	CurrentYearDuration_ConsolidatedMember_ResultMember	/disc/141A0/081220240813570812_tse-acedjpsm-141A0-202408133141A0-ixbrl.htm
2024-08-13	年次	前期	連結	実績		1株当たり当期純利益	NetIncomePerShare	82.90	JPYPerShares	82.90	PriorYearDuration_ConsolidatedMember_ResultMember	/disc/141A0/081220240813570812_tse-acedjpsm-141A0-202408133141A0-ixbrl.htm
2024-08-13	年次	前期	連結	実績		自己資本当期純利益率(ROE)	NetIncomeToShareholdersEquityRatio	0.131	Pure	13.1	PriorYearDuration_ConsolidatedMember_ResultMember	/disc/141A0/081220240813570812_tse-acedjpsm-141A0-202408133141A0-ixbrl.htm
2024-08-13	年次	前期	連結	実績		総資産経常利益率(ROA)	OrdinaryIncomeToTotalAssetsRatio	0.074	Pure	7.4	PriorYearDuration_ConsolidatedMember_ResultMember	/disc/141A0/081220240813570812_tse-acedjpsm-141A0-202408133141A0-ixbrl.htm
2024-08-13	年次	前期	連結	実績		売上高営業利益率	OperatingIncomeToNetSalesRatio	0.021	Pure	2.1	PriorYearDuration_ConsolidatedMember_ResultMember	/disc/141A0/081220240813570812_tse-acedjpsm-141A0-202408133141A0-ixbrl.htm
2024-08-13	年次	当期	連結	実績		持分法投資損益	InvestmentProfitLossOnEquityMethod	533000000	JPY	533	CurrentYearDuration_ConsolidatedMember_ResultMember	/disc/141A0/081220240813570812_tse-acedjpsm-141A0-202408133141A0-ixbrl.htm
2024-08-13	年次	前期	連結	実績		持分法投資損益	InvestmentProfitLossOnEquityMethod	374000000	JPY	374	PriorYearDuration_ConsolidatedMember_ResultMember	/disc/141A0/081220240813570812_tse-acedjpsm-141A0-202408133141A0-ixbrl.htm
2024-08-13	年次	当期	連結	実績		経営成績の注記	NoteToOperatingResults			（注）１．2023年６月期の潜在株式調整後１株当たり当期純利益については、潜在株式は存在するものの、当社株式は非上場であり、期中平均株価が把握できないため、記載しておりません。２．2024年６月期の潜在株式調整後１株当たり当期純利益については、2024年３月21日付で東京証券取引所グロース市場に上場したため、新規上場日から2024年６月期の末日までの平均株価を期中平均株価とみなして算定しております。	CurrentYearDuration_ConsolidatedMember_ResultMember	/disc/141A0/081220240813570812_tse-acedjpsm-141A0-202408133141A0-ixbrl.htm
2024-08-13	年次	当期	連結	実績		総資産	TotalAssets	283627000000	JPY	283,627	CurrentYearInstant_ConsolidatedMember_ResultMember	/disc/141A0/081220240813570812_tse-acedjpsm-141A0-202408133141A0-ixbrl.htm
2024-08-13	年次	当期	連結	実績		純資産	NetAssets	118187000000	JPY	118,187	CurrentYearInstant_ConsolidatedMember_ResultMember	/disc/141A0/081220240813570812_tse-acedjpsm-141A0-202408133141A0-ixbrl.htm
2024-08-13	年次	当期	連結	実績		自己資本比率	CapitalAdequacyRatio	0.408	Pure	40.8	CurrentYearInstant_ConsolidatedMember_ResultMember	/disc/141A0/081220240813570812_tse-acedjpsm-141A0-202408133141A0-ixbrl.htm
2024-08-13	年次	当期	連結	実績		1株当たり純資産	NetAssetsPerShare	948.64	JPYPerShares	948.64	CurrentYearInstant_ConsolidatedMember_ResultMember	/disc/141A0/081220240813570812_tse-acedjpsm-141A0-202408133141A0-ixbrl.htm
2024-08-13	年次	前期	連結	実績		総資産	TotalAssets	200639000000	JPY	200,639	PriorYearInstant_ConsolidatedMember_ResultMember	/disc/141A0/081220240813570812_tse-acedjpsm-141A0-202408133141A0-ixbrl.htm
2024-08-13	年次	前期	連結	実績		純資産	NetAssets	68020000000	JPY	68,020	PriorYearInstant_ConsolidatedMember_ResultMember	/disc/141A0/081220240813570812_tse-acedjpsm-141A0-202408133141A0-ixbrl.htm
2024-08-13	年次	前期	連結	実績		自己資本比率	CapitalAdequacyRatio	0.328	Pure	32.8	PriorYearInstant_ConsolidatedMember_ResultMember	/disc/141A0/081220240813570812_tse-acedjpsm-141A0-202408133141A0-ixbrl.htm
2024-08-13	年次	前期	連結	実績		1株当たり純資産	NetAssetsPerShare	677.00	JPYPerShares	677.00	PriorYearInstant_ConsolidatedMember_ResultMember	/disc/141A0/081220240813570812_tse-acedjpsm-141A0-202408133141A0-ixbrl.htm
2024-08-13	年次	当期	連結	実績		自己資本	OwnersEquity	115684000000	JPY	115,684	CurrentYearInstant_ConsolidatedMember_ResultMember	/disc/141A0/081220240813570812_tse-acedjpsm-141A0-202408133141A0-ixbrl.htm
2024-08-13	年次	前期	連結	実績		自己資本	OwnersEquity	65885000000	JPY	65,885	PriorYearInstant_ConsolidatedMember_ResultMember	/disc/141A0/081220240813570812_tse-acedjpsm-141A0-202408133141A0-ixbrl.htm
2024-08-13	年次	当期	連結	実績		営業キャッシュフロー	CashFlowsFromOperatingActivities	59497000000	JPY	59,497	CurrentYearDuration_ConsolidatedMember_ResultMember	/disc/141A0/081220240813570812_tse-acedjpsm-141A0-202408133141A0-ixbrl.htm
2024-08-13	年次	当期	連結	実績		投資キャッシュフロー	CashFlowsFromInvestingActivities	-26005000000	JPY	26,005	CurrentYearDuration_ConsolidatedMember_ResultMember	/disc/141A0/081220240813570812_tse-acedjpsm-141A0-202408133141A0-ixbrl.htm
2024-08-13	年次	当期	連結	実績		財務キャッシュフロー	CashFlowsFromFinancingActivities	34503000000	JPY	34,503	CurrentYearDuration_ConsolidatedMember_ResultMember	/disc/141A0/081220240813570812_tse-acedjpsm-141A0-202408133141A0-ixbrl.htm
2024-08-13	年次	当期	連結	実績		現金及び現金同等物の期末残高	CashAndEquivalentsEndOfPeriod	91947000000	JPY	91,947	CurrentYearInstant_ConsolidatedMember_ResultMember	/disc/141A0/081220240813570812_tse-acedjpsm-141A0-202408133141A0-ixbrl.htm
2024-08-13	年次	前期	連結	実績		営業キャッシュフロー	CashFlowsFromOperatingActivities	18445000000	JPY	18,445	PriorYearDuration_ConsolidatedMember_ResultMember	/disc/141A0/081220240813570812_tse-acedjpsm-141A0-202408133141A0-ixbrl.htm
2024-08-13	年次	前期	連結	実績		投資キャッシュフロー	CashFlowsFromInvestingActivities	-16765000000	JPY	16,765	PriorYearDuration_ConsolidatedMember_ResultMember	/disc/141A0/081220240813570812_tse-acedjpsm-141A0-202408133141A0-ixbrl.htm
2024-08-13	年次	前期	連結	実績		財務キャッシュフロー	CashFlowsFromFinancingActivities	-5192000000	JPY	5,192	PriorYearDuration_ConsolidatedMember_ResultMember	/disc/141A0/081220240813570812_tse-acedjpsm-141A0-202408133141A0-ixbrl.htm
2024-08-13	年次	前期	連結	実績		現金及び現金同等物の期末残高	CashAndEquivalentsEndOfPeriod	23898000000	JPY	23,898	PriorYearInstant_ConsolidatedMember_ResultMember	/disc/141A0/081220240813570812_tse-acedjpsm-141A0-202408133141A0-ixbrl.htm
2024-08-13	年次	前期	単体	実績	第2四半期末	1株当たり配当金	DividendPerShare	0.00	JPYPerShares	0.00	PriorYearDuration_SecondQuarterMember_NonConsolidatedMember_ResultMember	/disc/141A0/081220240813570812_tse-acedjpsm-141A0-202408133141A0-ixbrl.htm
2024-08-13	年次	前期	単体	実績	期末	1株当たり配当金	DividendPerShare	13.00	JPYPerShares	13.00	PriorYearDuration_YearEndMember_NonConsolidatedMember_ResultMember	/disc/141A0/081220240813570812_tse-acedjpsm-141A0-202408133141A0-ixbrl.htm
2024-08-13	年次	前期	単体	実績	合計	1株当たり配当金	DividendPerShare	13.00	JPYPerShares	13.00	PriorYearDuration_AnnualMember_NonConsolidatedMember_ResultMember	/disc/141A0/081220240813570812_tse-acedjpsm-141A0-202408133141A0-ixbrl.htm
2024-08-13	年次	前期	単体	実績	合計	配当金総額	TotalDividendPaidAnnual	1265000000	JPY	1,265	PriorYearDuration_AnnualMember_NonConsolidatedMember_ResultMember	/disc/141A0/081220240813570812_tse-acedjpsm-141A0-202408133141A0-ixbrl.htm
2024-08-13	年次	前期	連結	実績	合計	配当性向	PayoutRatio	0.157	Pure	15.7	PriorYearDuration_AnnualMember_ConsolidatedMember_ResultMember	/disc/141A0/081220240813570812_tse-acedjpsm-141A0-202408133141A0-ixbrl.htm
2024-08-13	年次	前期	連結	実績	合計	純資産配当率	RatioOfTotalAmountOfDividendsToNetAssets	0.021	Pure	2.1	PriorYearDuration_AnnualMember_ConsolidatedMember_ResultMember	/disc/141A0/081220240813570812_tse-acedjpsm-141A0-202408133141A0-ixbrl.htm
2024-08-13	年次	当期	単体	実績	第2四半期末	1株当たり配当金	DividendPerShare	0.00	JPYPerShares	0.00	CurrentYearDuration_SecondQuarterMember_NonConsolidatedMember_ResultMember	/disc/141A0/081220240813570812_tse-acedjpsm-141A0-202408133141A0-ixbrl.htm
2024-08-13	年次	当期	単体	実績	期末	1株当たり配当金	DividendPerShare	15.00	JPYPerShares	15.00	CurrentYearDuration_YearEndMember_NonConsolidatedMember_ResultMember	/disc/141A0/081220240813570812_tse-acedjpsm-141A0-202408133141A0-ixbrl.htm
2024-08-13	年次	当期	単体	実績	合計	1株当たり配当金	DividendPerShare	15.00	JPYPerShares	15.00	CurrentYearDuration_AnnualMember_NonConsolidatedMember_ResultMember	/disc/141A0/081220240813570812_tse-acedjpsm-141A0-202408133141A0-ixbrl.htm
2024-08-13	年次	当期	単体	実績	合計	配当金総額	TotalDividendPaidAnnual	1829000000	JPY	1,829	CurrentYearDuration_AnnualMember_NonConsolidatedMember_ResultMember	/disc/141A0/081220240813570812_tse-acedjpsm-141A0-202408133141A0-ixbrl.htm
2024-08-13	年次	当期	連結	実績	合計	配当性向	PayoutRatio	0.137	Pure	13.7	CurrentYearDuration_AnnualMember_ConsolidatedMember_ResultMember	/disc/141A0/081220240813570812_tse-acedjpsm-141A0-202408133141A0-ixbrl.htm
2024-08-13	年次	当期	連結	実績	合計	純資産配当率	RatioOfTotalAmountOfDividendsToNetAssets	0.019	Pure	1.9	CurrentYearDuration_AnnualMember_ConsolidatedMember_ResultMember	/disc/141A0/081220240813570812_tse-acedjpsm-141A0-202408133141A0-ixbrl.htm
2024-08-13	年次	来期	単体	予想	第2四半期末	1株当たり配当金	DividendPerShare	0.00	JPYPerShares	0.00	NextYearDuration_SecondQuarterMember_NonConsolidatedMember_ForecastMember	/disc/141A0/081220240813570812_tse-acedjpsm-141A0-202408133141A0-ixbrl.htm
2024-08-13	年次	来期	単体	予想	期末	1株当たり配当金	DividendPerShare	16.00	JPYPerShares	16.00	NextYearDuration_YearEndMember_NonConsolidatedMember_ForecastMember	/disc/141A0/081220240813570812_tse-acedjpsm-141A0-202408133141A0-ixbrl.htm
2024-08-13	年次	来期	単体	予想	合計	1株当たり配当金	DividendPerShare	16.00	JPYPerShares	16.00	NextYearDuration_AnnualMember_NonConsolidatedMember_ForecastMember	/disc/141A0/081220240813570812_tse-acedjpsm-141A0-202408133141A0-ixbrl.htm
2024-08-13	年次	来期	連結	予想		業績予想の見出し	TitleForForecasts			３．2025年６月期の連結業績予想（2024年７月１日～2025年６月30日）	NextYearDuration_ConsolidatedMember_ForecastMember	/disc/141A0/081220240813570812_tse-acedjpsm-141A0-202408133141A0-ixbrl.htm
2024-08-13	年次		連結	予想		売上高	NetSales	406146000000	JPY	406,146	NextAccumulatedQ2Duration_ConsolidatedMember_ForecastMember	/disc/141A0/081220240813570812_tse-acedjpsm-141A0-202408133141A0-ixbrl.htm
2024-08-13	年次		連結	予想		売上高の増減率	ChangeInNetSales	0.118	Pure	11.8	NextAccumulatedQ2Duration_ConsolidatedMember_ForecastMember	/disc/141A0/081220240813570812_tse-acedjpsm-141A0-202408133141A0-ixbrl.htm
2024-08-13	年次		連結	予想		営業利益	OperatingIncome	12270000000	JPY	12,270	NextAccumulatedQ2Duration_ConsolidatedMember_ForecastMember	/disc/141A0/081220240813570812_tse-acedjpsm-141A0-202408133141A0-ixbrl.htm
2024-08-13	年次		連結	予想		営業利益の増減率	ChangeInOperatingIncome	0.061	Pure	6.1	NextAccumulatedQ2Duration_ConsolidatedMember_ForecastMember	/disc/141A0/081220240813570812_tse-acedjpsm-141A0-202408133141A0-ixbrl.htm
2024-08-13	年次		連結	予想		経常利益	OrdinaryIncome	12733000000	JPY	12,733	NextAccumulatedQ2Duration_ConsolidatedMember_ForecastMember	/disc/141A0/081220240813570812_tse-acedjpsm-141A0-202408133141A0-ixbrl.htm
2024-08-13	年次		連結	予想		経常利益の増減率	ChangeInOrdinaryIncome	0.063	Pure	6.3	NextAccumulatedQ2Duration_ConsolidatedMember_ForecastMember	/disc/141A0/081220240813570812_tse-acedjpsm-141A0-202408133141A0-ixbrl.htm
2024-08-13	年次		連結	予想		親会社株主に帰属する当期純利益	ProfitAttributableToOwnersOfParent	7786000000	JPY	7,786	NextAccumulatedQ2Duration_ConsolidatedMember_ForecastMember	/disc/141A0/081220240813570812_tse-acedjpsm-141A0-202408133141A0-ixbrl.htm
2024-08-13	年次		連結	予想		親会社株主に帰属する当期純利益の増減率	ChangeInProfitAttributableToOwnersOfParent	0.121	Pure	12.1	NextAccumulatedQ2Duration_ConsolidatedMember_ForecastMember	/disc/141A0/081220240813570812_tse-acedjpsm-141A0-202408133141A0-ixbrl.htm
2024-08-13	年次		連結	予想		1株当たり当期純利益	NetIncomePerShare	63.66	JPYPerShares	63.66	NextAccumulatedQ2Duration_ConsolidatedMember_ForecastMember	/disc/141A0/081220240813570812_tse-acedjpsm-141A0-202408133141A0-ixbrl.htm
2024-08-13	年次	来期	連結	予想		売上高	NetSales	808866000000	JPY	808,866	NextYearDuration_ConsolidatedMember_ForecastMember	/disc/141A0/081220240813570812_tse-acedjpsm-141A0-202408133141A0-ixbrl.htm
2024-08-13	年次	来期	連結	予想		売上高の増減率	ChangeInNetSales	0.127	Pure	12.7	NextYearDuration_ConsolidatedMember_ForecastMember	/disc/141A0/081220240813570812_tse-acedjpsm-141A0-202408133141A0-ixbrl.htm
2024-08-13	年次	来期	連結	予想		営業利益	OperatingIncome	22986000000	JPY	22,986	NextYearDuration_ConsolidatedMember_ForecastMember	/disc/141A0/081220240813570812_tse-acedjpsm-141A0-202408133141A0-ixbrl.htm
2024-08-13	年次	来期	連結	予想		営業利益の増減率	ChangeInOperatingIncome	0.200	Pure	20.0	NextYearDuration_ConsolidatedMember_ForecastMember	/disc/141A0/081220240813570812_tse-acedjpsm-141A0-202408133141A0-ixbrl.htm
2024-08-13	年次	来期	連結	予想		経常利益	OrdinaryIncome	23810000000	JPY	23,810	NextYearDuration_ConsolidatedMember_ForecastMember	/disc/141A0/081220240813570812_tse-acedjpsm-141A0-202408133141A0-ixbrl.htm
2024-08-13	年次	来期	連結	予想		経常利益の増減率	ChangeInOrdinaryIncome	0.203	Pure	20.3	NextYearDuration_ConsolidatedMember_ForecastMember	/disc/141A0/081220240813570812_tse-acedjpsm-141A0-202408133141A0-ixbrl.htm
2024-08-13	年次	来期	連結	予想		親会社株主に帰属する当期純利益	ProfitAttributableToOwnersOfParent	13756000000	JPY	13,756	NextYearDuration_ConsolidatedMember_ForecastMember	/disc/141A0/081220240813570812_tse-acedjpsm-141A0-202408133141A0-ixbrl.htm
2024-08-13	年次	来期	連結	予想		親会社株主に帰属する当期純利益の増減率	ChangeInProfitAttributableToOwnersOfParent	0.203	Pure	20.3	NextYearDuration_ConsolidatedMember_ForecastMember	/disc/141A0/081220240813570812_tse-acedjpsm-141A0-202408133141A0-ixbrl.htm
2024-08-13	年次	来期	連結	予想		1株当たり当期純利益	NetIncomePerShare	112.46	JPYPerShares	112.46	NextYearDuration_ConsolidatedMember_ForecastMember	/disc/141A0/081220240813570812_tse-acedjpsm-141A0-202408133141A0-ixbrl.htm
2024-08-13	年次	当期	連結	実績		期中の連結範囲の重要な変更	SignificantChangesInTheScopeOfConsolidationDuringThePeriod			有	CurrentYearDuration_ConsolidatedMember_ResultMember	/disc/141A0/081220240813570812_tse-acedjpsm-141A0-202408133141A0-ixbrl.htm
2024-08-13	年次	当期	連結	実績		新規連結子会社数	NumberOfSubsidiariesNewlyConsolidated	4	NumberOfCompanies	4	CurrentYearDuration_ConsolidatedMember_ResultMember	/disc/141A0/081220240813570812_tse-acedjpsm-141A0-202408133141A0-ixbrl.htm
2024-08-13	年次	当期	連結	実績		新規連結子会社の名称	NameOfSubsidiariesNewlyConsolidated			（株）トライアルチャレンジド、（株）青森トライアル、（株）ティージーアール大分、（株）ティージーアール阿蘇	CurrentYearDuration_ConsolidatedMember_ResultMember	/disc/141A0/081220240813570812_tse-acedjpsm-141A0-202408133141A0-ixbrl.htm
2024-08-13	年次	当期	連結	実績		会計基準等の改正に伴う変更	ChangesBasedOnRevisionsOfAccountingStandard			無	CurrentYearDuration_ConsolidatedMember_ResultMember	/disc/141A0/081220240813570812_tse-acedjpsm-141A0-202408133141A0-ixbrl.htm
2024-08-13	年次	当期	連結	実績		それ以外の会計方針の変更	ChangesOtherThanOnesBasedOnRevisionsOfAccountingStandard			無	CurrentYearDuration_ConsolidatedMember_ResultMember	/disc/141A0/081220240813570812_tse-acedjpsm-141A0-202408133141A0-ixbrl.htm
2024-08-13	年次	当期	連結	実績		会計上の見積りの変更	ChangesInAccountingEstimates			無	CurrentYearDuration_ConsolidatedMember_ResultMember	/disc/141A0/081220240813570812_tse-acedjpsm-141A0-202408133141A0-ixbrl.htm
2024-08-13	年次	当期	連結	実績		修正再表示	RetrospectiveRestatement			無	CurrentYearDuration_ConsolidatedMember_ResultMember	/disc/141A0/081220240813570812_tse-acedjpsm-141A0-202408133141A0-ixbrl.htm
2024-08-13	年次	当期	単体	実績		期末発行済株式数(自己株式を含む)	NumberOfIssuedAndOutstandingSharesAtTheEndOfFiscalYearIncludingTreasuryStock	122318300	Shares	122,318,300	CurrentYearInstant_NonConsolidatedMember_ResultMember	/disc/141A0/081220240813570812_tse-acedjpsm-141A0-202408133141A0-ixbrl.htm
2024-08-13	年次	前期	単体	実績		期末発行済株式数(自己株式を含む)	NumberOfIssuedAndOutstandingSharesAtTheEndOfFiscalYearIncludingTreasuryStock	97690400	Shares	97,690,400	PriorYearInstant_NonConsolidatedMember_ResultMember	/disc/141A0/081220240813570812_tse-acedjpsm-141A0-202408133141A0-ixbrl.htm
2024-08-13	年次	当期	単体	実績		期末自己株式数	NumberOfTreasuryStockAtTheEndOfFiscalYear	370900	Shares	370,900	CurrentYearInstant_NonConsolidatedMember_ResultMember	/disc/141A0/081220240813570812_tse-acedjpsm-141A0-202408133141A0-ixbrl.htm
2024-08-13	年次	前期	単体	実績		期末自己株式数	NumberOfTreasuryStockAtTheEndOfFiscalYear	370900	Shares	370,900	PriorYearInstant_NonConsolidatedMember_ResultMember	/disc/141A0/081220240813570812_tse-acedjpsm-141A0-202408133141A0-ixbrl.htm
2024-08-13	年次	当期	単体	実績		期中平均株式数	AverageNumberOfShares	104215892	Shares	104,215,892	CurrentYearDuration_NonConsolidatedMember_ResultMember	/disc/141A0/081220240813570812_tse-acedjpsm-141A0-202408133141A0-ixbrl.htm
2024-08-13	年次	前期	単体	実績		期中平均株式数	AverageNumberOfShares	97524528	Shares	97,524,528	PriorYearDuration_NonConsolidatedMember_ResultMember	/disc/141A0/081220240813570812_tse-acedjpsm-141A0-202408133141A0-ixbrl.htm
2024-08-13	年次	来期				将来情報の利用に関する注意	NotesForUsingForecastedInformationAndOthers			(将来に関する記述等についてのご注意） 本資料に記載される業績見通し等の将来に関する記述は、当社が現在入手している情報及び合理的であると判断する一定の前提に基づいており、その達成を当社として約束する趣旨のものではありません。また、実際の業績等はさまざまな要因により大きく異なる可能性があります。業績予想の前提となる条件及び業績予想のご利用にあたっての注意事項等については、添付書類３ページ「１．当四半期決算に関する定性的情報（３）連結業績予想などの将来予測情報に関する説明」をご覧ください。&#160;（決算補足説明資料及び決算説明会内容の入手方法） 当社は、2024年８月14日（水）に機関投資家及び証券アナリスト向けに決算説明会の開催を予定しており、当日使用する決算説明会資料は、当社ウェブサイトに掲載する予定です。&#160;	NextYearDuration	/disc/141A0/081220240813570812_tse-acedjpsm-141A0-202408133141A0-ixbrl.htm
2024-08-13	年次	当期				決算期末	FiscalYearEnd			2024-06-30	CurrentYearInstant	/disc/141A0/081220240813570812_tse-acedjpsm-141A0-202408133141A0-ixbrl.htm
2024-11-13	四半期	当期第1四半期累計				書類名	DocumentName			第１四半期決算短信〔日本基準〕（連結）	CurrentAccumulatedQ1Instant	/disc/141A0/081220241111518215_tse-qcedjpsm-141A0-202411133141A0-ixbrl.htm
2024-11-13	四半期	当期第1四半期累計				提出日	FilingDate			2024年11月13日	CurrentAccumulatedQ1Instant	/disc/141A0/081220241111518215_tse-qcedjpsm-141A0-202411133141A0-ixbrl.htm
2024-11-13	四半期	当期第1四半期累計				会社名	CompanyName			株式会社トライアルホールディングス	CurrentAccumulatedQ1Instant	/disc/141A0/081220241111518215_tse-qcedjpsm-141A0-202411133141A0-ixbrl.htm
2024-11-13	四半期	当期第1四半期累計					TokyoStockExchange			東	CurrentAccumulatedQ1Instant	/disc/141A0/081220241111518215_tse-qcedjpsm-141A0-202411133141A0-ixbrl.htm
2024-11-13	四半期	当期第1四半期累計				証券コード	SecuritiesCode			141A	CurrentAccumulatedQ1Instant	/disc/141A0/081220241111518215_tse-qcedjpsm-141A0-202411133141A0-ixbrl.htm
2024-11-13	四半期	当期第1四半期累計				URL	URL			https://trial-holdings.inc	CurrentAccumulatedQ1Instant	/disc/141A0/081220241111518215_tse-qcedjpsm-141A0-202411133141A0-ixbrl.htm
2024-11-13	四半期	当期第1四半期累計				代表者の役職	TitleRepresentative			代表取締役社長	CurrentAccumulatedQ1Instant	/disc/141A0/081220241111518215_tse-qcedjpsm-141A0-202411133141A0-ixbrl.htm
2024-11-13	四半期	当期第1四半期累計				代表者名	NameRepresentative			亀田 晃一	CurrentAccumulatedQ1Instant	/disc/141A0/081220241111518215_tse-qcedjpsm-141A0-202411133141A0-ixbrl.htm
2024-11-13	四半期	当期第1四半期累計					TitleInquiries			執行役員副社長	CurrentAccumulatedQ1Instant	/disc/141A0/081220241111518215_tse-qcedjpsm-141A0-202411133141A0-ixbrl.htm
2024-11-13	四半期	当期第1四半期累計					NameInquiries			古橋 恵司	CurrentAccumulatedQ1Instant	/disc/141A0/081220241111518215_tse-qcedjpsm-141A0-202411133141A0-ixbrl.htm
2024-11-13	四半期	当期第1四半期累計					Tel			03（6435）6308	CurrentAccumulatedQ1Instant	/disc/141A0/081220241111518215_tse-qcedjpsm-141A0-202411133141A0-ixbrl.htm
2024-11-13	四半期	当期第1四半期累計					SupplementalMaterialOfResults			有	CurrentAccumulatedQ1Instant	/disc/141A0/081220241111518215_tse-qcedjpsm-141A0-202411133141A0-ixbrl.htm
2024-11-13	四半期	当期第1四半期累計					ConveningBriefingOfResults			有	CurrentAccumulatedQ1Instant	/disc/141A0/081220241111518215_tse-qcedjpsm-141A0-202411133141A0-ixbrl.htm
2024-11-13	四半期	当期第1四半期累計					TargetForBriefingOfResults			（機関投資家・アナリスト向け）	CurrentAccumulatedQ1Instant	/disc/141A0/081220241111518215_tse-qcedjpsm-141A0-202411133141A0-ixbrl.htm
2024-11-13	四半期	当期第1四半期累計					NoteToFractionProcessingMethod			（百万円未満切捨て）	CurrentAccumulatedQ1Instant	/disc/141A0/081220241111518215_tse-qcedjpsm-141A0-202411133141A0-ixbrl.htm
2024-11-13	四半期	当期第1四半期累計	連結	実績		売上高	NetSales	195834000000	JPY	195,834	CurrentAccumulatedQ1Duration_ConsolidatedMember_ResultMember	/disc/141A0/081220241111518215_tse-qcedjpsm-141A0-202411133141A0-ixbrl.htm
2024-11-13	四半期	当期第1四半期累計	連結	実績		営業利益	OperatingIncome	4931000000	JPY	4,931	CurrentAccumulatedQ1Duration_ConsolidatedMember_ResultMember	/disc/141A0/081220241111518215_tse-qcedjpsm-141A0-202411133141A0-ixbrl.htm
2024-11-13	四半期	当期第1四半期累計	連結	実績		経常利益	OrdinaryIncome	5266000000	JPY	5,266	CurrentAccumulatedQ1Duration_ConsolidatedMember_ResultMember	/disc/141A0/081220241111518215_tse-qcedjpsm-141A0-202411133141A0-ixbrl.htm
2024-11-13	四半期	当期第1四半期累計	連結	実績		親会社株主に帰属する当期純利益	ProfitAttributableToOwnersOfParent	3160000000	JPY	3,160	CurrentAccumulatedQ1Duration_ConsolidatedMember_ResultMember	/disc/141A0/081220241111518215_tse-qcedjpsm-141A0-202411133141A0-ixbrl.htm
2024-11-13	四半期	当期第1四半期累計	連結	実績		包括利益	ComprehensiveIncome	3016000000	JPY	3,016	CurrentAccumulatedQ1Duration_ConsolidatedMember_ResultMember	/disc/141A0/081220241111518215_tse-qcedjpsm-141A0-202411133141A0-ixbrl.htm
2024-11-13	四半期	当期第1四半期累計	連結	実績		1株当たり当期純利益	NetIncomePerShare	25.91	JPYPerShares	25.91	CurrentAccumulatedQ1Duration_ConsolidatedMember_ResultMember	/disc/141A0/081220241111518215_tse-qcedjpsm-141A0-202411133141A0-ixbrl.htm
2024-11-13	四半期	当期第1四半期累計	連結	実績		潜在株式調整後1株当たり当期純利益	DilutedNetIncomePerShare	25.69	JPYPerShares	25.69	CurrentAccumulatedQ1Duration_ConsolidatedMember_ResultMember	/disc/141A0/081220241111518215_tse-qcedjpsm-141A0-202411133141A0-ixbrl.htm
2024-11-13	四半期	当期第1四半期累計	連結	実績		経営成績の注記	NoteToOperatingResults			（注）2024年６月期第１四半期については、四半期連結財務諸表を作成していないため、2024年６月期第１四半期の数値及び対前年同四半期増減率並びに2025年６月期第１四半期の対前年同四半期増減率は記載しておりません。	CurrentAccumulatedQ1Duration_ConsolidatedMember_ResultMember	/disc/141A0/081220241111518215_tse-qcedjpsm-141A0-202411133141A0-ixbrl.htm
2024-11-13	四半期	当期第1四半期累計	連結	実績		総資産	TotalAssets	255301000000	JPY	255,301	CurrentAccumulatedQ1Instant_ConsolidatedMember_ResultMember	/disc/141A0/081220241111518215_tse-qcedjpsm-141A0-202411133141A0-ixbrl.htm
2024-11-13	四半期	当期第1四半期累計	連結	実績		純資産	NetAssets	119337000000	JPY	119,337	CurrentAccumulatedQ1Instant_ConsolidatedMember_ResultMember	/disc/141A0/081220241111518215_tse-qcedjpsm-141A0-202411133141A0-ixbrl.htm
2024-11-13	四半期	当期第1四半期累計	連結	実績		自己資本比率	CapitalAdequacyRatio	0.457	Pure	45.7	CurrentAccumulatedQ1Instant_ConsolidatedMember_ResultMember	/disc/141A0/081220241111518215_tse-qcedjpsm-141A0-202411133141A0-ixbrl.htm
2024-11-13	四半期	前期	連結	実績		総資産	TotalAssets	283627000000	JPY	283,627	PriorYearInstant_ConsolidatedMember_ResultMember	/disc/141A0/081220241111518215_tse-qcedjpsm-141A0-202411133141A0-ixbrl.htm
2024-11-13	四半期	前期	連結	実績		純資産	NetAssets	118187000000	JPY	118,187	PriorYearInstant_ConsolidatedMember_ResultMember	/disc/141A0/081220241111518215_tse-qcedjpsm-141A0-202411133141A0-ixbrl.htm
2024-11-13	四半期	前期	連結	実績		自己資本比率	CapitalAdequacyRatio	0.408	Pure	40.8	PriorYearInstant_ConsolidatedMember_ResultMember	/disc/141A0/081220241111518215_tse-qcedjpsm-141A0-202411133141A0-ixbrl.htm
2024-11-13	四半期	当期第1四半期累計	連結	実績		自己資本	OwnersEquity	116777000000	JPY	116,777	CurrentAccumulatedQ1Instant_ConsolidatedMember_ResultMember	/disc/141A0/081220241111518215_tse-qcedjpsm-141A0-202411133141A0-ixbrl.htm
2024-11-13	四半期	前期	連結	実績		自己資本	OwnersEquity	115684000000	JPY	115,684	PriorYearInstant_ConsolidatedMember_ResultMember	/disc/141A0/081220241111518215_tse-qcedjpsm-141A0-202411133141A0-ixbrl.htm
2024-11-13	四半期	前期	単体	実績	第2四半期末	1株当たり配当金	DividendPerShare	0.00	JPYPerShares	0.00	PriorYearDuration_SecondQuarterMember_NonConsolidatedMember_ResultMember	/disc/141A0/081220241111518215_tse-qcedjpsm-141A0-202411133141A0-ixbrl.htm
2024-11-13	四半期	前期	単体	実績	期末	1株当たり配当金	DividendPerShare	15.00	JPYPerShares	15.00	PriorYearDuration_YearEndMember_NonConsolidatedMember_ResultMember	/disc/141A0/081220241111518215_tse-qcedjpsm-141A0-202411133141A0-ixbrl.htm
2024-11-13	四半期	前期	単体	実績	合計	1株当たり配当金	DividendPerShare	15.00	JPYPerShares	15.00	PriorYearDuration_AnnualMember_NonConsolidatedMember_ResultMember	/disc/141A0/081220241111518215_tse-qcedjpsm-141A0-202411133141A0-ixbrl.htm
2024-11-13	四半期	当期	単体	予想	第2四半期末	1株当たり配当金	DividendPerShare	0.00	JPYPerShares	0.00	CurrentYearDuration_SecondQuarterMember_NonConsolidatedMember_ForecastMember	/disc/141A0/081220241111518215_tse-qcedjpsm-141A0-202411133141A0-ixbrl.htm
2024-11-13	四半期	当期	単体	予想	期末	1株当たり配当金	DividendPerShare	16.00	JPYPerShares	16.00	CurrentYearDuration_YearEndMember_NonConsolidatedMember_ForecastMember	/disc/141A0/081220241111518215_tse-qcedjpsm-141A0-202411133141A0-ixbrl.htm
2024-11-13	四半期	当期	単体	予想	合計	1株当たり配当金	DividendPerShare	16.00	JPYPerShares	16.00	CurrentYearDuration_AnnualMember_NonConsolidatedMember_ForecastMember	/disc/141A0/081220241111518215_tse-qcedjpsm-141A0-202411133141A0-ixbrl.htm
2024-11-13	四半期	当期	単体	実績	合計	当四半期における配当予想の修正	CorrectionOfDividendForecastInThisQuarter			無	CurrentYearDuration_AnnualMember_NonConsolidatedMember_ResultMember	/disc/141A0/081220241111518215_tse-qcedjpsm-141A0-202411133141A0-ixbrl.htm
2024-11-13	四半期	当期	連結	予想		業績予想の見出し	TitleForForecasts			３．2025年６月期の連結業績予想（2024年７月１日～2025年６月30日）	CurrentYearDuration_ConsolidatedMember_ForecastMember	/disc/141A0/081220241111518215_tse-qcedjpsm-141A0-202411133141A0-ixbrl.htm
2024-11-13	四半期	当期第2四半期累計	連結	予想		売上高	NetSales	406146000000	JPY	406,146	CurrentAccumulatedQ2Duration_ConsolidatedMember_ForecastMember	/disc/141A0/081220241111518215_tse-qcedjpsm-141A0-202411133141A0-ixbrl.htm
2024-11-13	四半期	当期第2四半期累計	連結	予想		売上高の増減率	ChangeInNetSales	0.118	Pure	11.8	CurrentAccumulatedQ2Duration_ConsolidatedMember_ForecastMember	/disc/141A0/081220241111518215_tse-qcedjpsm-141A0-202411133141A0-ixbrl.htm
2024-11-13	四半期	当期第2四半期累計	連結	予想		営業利益	OperatingIncome	12270000000	JPY	12,270	CurrentAccumulatedQ2Duration_ConsolidatedMember_ForecastMember	/disc/141A0/081220241111518215_tse-qcedjpsm-141A0-202411133141A0-ixbrl.htm
2024-11-13	四半期	当期第2四半期累計	連結	予想		営業利益の増減率	ChangeInOperatingIncome	0.061	Pure	6.1	CurrentAccumulatedQ2Duration_ConsolidatedMember_ForecastMember	/disc/141A0/081220241111518215_tse-qcedjpsm-141A0-202411133141A0-ixbrl.htm
2024-11-13	四半期	当期第2四半期累計	連結	予想		経常利益	OrdinaryIncome	12733000000	JPY	12,733	CurrentAccumulatedQ2Duration_ConsolidatedMember_ForecastMember	/disc/141A0/081220241111518215_tse-qcedjpsm-141A0-202411133141A0-ixbrl.htm
2024-11-13	四半期	当期第2四半期累計	連結	予想		経常利益の増減率	ChangeInOrdinaryIncome	0.063	Pure	6.3	CurrentAccumulatedQ2Duration_ConsolidatedMember_ForecastMember	/disc/141A0/081220241111518215_tse-qcedjpsm-141A0-202411133141A0-ixbrl.htm
2024-11-13	四半期	当期第2四半期累計	連結	予想		親会社株主に帰属する当期純利益	ProfitAttributableToOwnersOfParent	7786000000	JPY	7,786	CurrentAccumulatedQ2Duration_ConsolidatedMember_ForecastMember	/disc/141A0/081220241111518215_tse-qcedjpsm-141A0-202411133141A0-ixbrl.htm
2024-11-13	四半期	当期第2四半期累計	連結	予想		親会社株主に帰属する当期純利益の増減率	ChangeInProfitAttributableToOwnersOfParent	0.121	Pure	12.1	CurrentAccumulatedQ2Duration_ConsolidatedMember_ForecastMember	/disc/141A0/081220241111518215_tse-qcedjpsm-141A0-202411133141A0-ixbrl.htm
2024-11-13	四半期	当期第2四半期累計	連結	予想		1株当たり当期純利益	NetIncomePerShare	63.66	JPYPerShares	63.66	CurrentAccumulatedQ2Duration_ConsolidatedMember_ForecastMember	/disc/141A0/081220241111518215_tse-qcedjpsm-141A0-202411133141A0-ixbrl.htm
2024-11-13	四半期	当期	連結	予想		売上高	NetSales	808866000000	JPY	808,866	CurrentYearDuration_ConsolidatedMember_ForecastMember	/disc/141A0/081220241111518215_tse-qcedjpsm-141A0-202411133141A0-ixbrl.htm
2024-11-13	四半期	当期	連結	予想		売上高の増減率	ChangeInNetSales	0.127	Pure	12.7	CurrentYearDuration_ConsolidatedMember_ForecastMember	/disc/141A0/081220241111518215_tse-qcedjpsm-141A0-202411133141A0-ixbrl.htm
2024-11-13	四半期	当期	連結	予想		営業利益	OperatingIncome	22986000000	JPY	22,986	CurrentYearDuration_ConsolidatedMember_ForecastMember	/disc/141A0/081220241111518215_tse-qcedjpsm-141A0-202411133141A0-ixbrl.htm
2024-11-13	四半期	当期	連結	予想		営業利益の増減率	ChangeInOperatingIncome	0.200	Pure	20.0	CurrentYearDuration_ConsolidatedMember_ForecastMember	/disc/141A0/081220241111518215_tse-qcedjpsm-141A0-202411133141A0-ixbrl.htm
2024-11-13	四半期	当期	連結	予想		経常利益	OrdinaryIncome	23810000000	JPY	23,810	CurrentYearDuration_ConsolidatedMember_ForecastMember	/disc/141A0/081220241111518215_tse-qcedjpsm-141A0-202411133141A0-ixbrl.htm
2024-11-13	四半期	当期	連結	予想		経常利益の増減率	ChangeInOrdinaryIncome	0.203	Pure	20.3	CurrentYearDuration_ConsolidatedMember_ForecastMember	/disc/141A0/081220241111518215_tse-qcedjpsm-141A0-202411133141A0-ixbrl.htm
2024-11-13	四半期	当期	連結	予想		親会社株主に帰属する当期純利益	ProfitAttributableToOwnersOfParent	13756000000	JPY	13,756	CurrentYearDuration_ConsolidatedMember_ForecastMember	/disc/141A0/081220241111518215_tse-qcedjpsm-141A0-202411133141A0-ixbrl.htm
2024-11-13	四半期	当期	連結	予想		親会社株主に帰属する当期純利益の増減率	ChangeInProfitAttributableToOwnersOfParent	0.203	Pure	20.3	CurrentYearDuration_ConsolidatedMember_ForecastMember	/disc/141A0/081220241111518215_tse-qcedjpsm-141A0-202411133141A0-ixbrl.htm
2024-11-13	四半期	当期	連結	予想		1株当たり当期純利益	NetIncomePerShare	112.46	JPYPerShares	112.46	CurrentYearDuration_ConsolidatedMember_ForecastMember	/disc/141A0/081220241111518215_tse-qcedjpsm-141A0-202411133141A0-ixbrl.htm
2024-11-13	四半期	当期	連結	予想		当四半期における業績予想の修正	CorrectionOfConsolidatedFinancialForecastInThisQuarter			無	CurrentYearDuration_ConsolidatedMember_ForecastMember	/disc/141A0/081220241111518215_tse-qcedjpsm-141A0-202411133141A0-ixbrl.htm
2024-11-13	四半期	当期第1四半期累計	連結	実績		期中の連結範囲の重要な変更	SignificantChangesInTheScopeOfConsolidationDuringThePeriod			有	CurrentAccumulatedQ1Duration_ConsolidatedMember_ResultMember	/disc/141A0/081220241111518215_tse-qcedjpsm-141A0-202411133141A0-ixbrl.htm
2024-11-13	四半期	当期第1四半期累計	連結	実績		新規連結子会社数	NumberOfSubsidiariesNewlyConsolidated	1	NumberOfCompanies	1	CurrentAccumulatedQ1Duration_ConsolidatedMember_ResultMember	/disc/141A0/081220241111518215_tse-qcedjpsm-141A0-202411133141A0-ixbrl.htm
2024-11-13	四半期	当期第1四半期累計	連結	実績		新規連結子会社の名称	NameOfSubsidiariesNewlyConsolidated			株式会社トライアルGO	CurrentAccumulatedQ1Duration_ConsolidatedMember_ResultMember	/disc/141A0/081220241111518215_tse-qcedjpsm-141A0-202411133141A0-ixbrl.htm
2024-11-13	四半期	当期第1四半期累計	連結	実績			ApplyingOfSpecificAccountingOfTheConsolidatedQuarterlyFinancialStatements			無	CurrentAccumulatedQ1Duration_ConsolidatedMember_ResultMember	/disc/141A0/081220241111518215_tse-qcedjpsm-141A0-202411133141A0-ixbrl.htm
2024-11-13	四半期	当期第1四半期累計	連結	実績		会計基準等の改正に伴う変更	ChangesBasedOnRevisionsOfAccountingStandard			有	CurrentAccumulatedQ1Duration_ConsolidatedMember_ResultMember	/disc/141A0/081220241111518215_tse-qcedjpsm-141A0-202411133141A0-ixbrl.htm
2024-11-13	四半期	当期第1四半期累計	連結	実績		それ以外の会計方針の変更	ChangesOtherThanOnesBasedOnRevisionsOfAccountingStandard			無	CurrentAccumulatedQ1Duration_ConsolidatedMember_ResultMember	/disc/141A0/081220241111518215_tse-qcedjpsm-141A0-202411133141A0-ixbrl.htm
2024-11-13	四半期	当期第1四半期累計	連結	実績		会計上の見積りの変更	ChangesInAccountingEstimates			無	CurrentAccumulatedQ1Duration_ConsolidatedMember_ResultMember	/disc/141A0/081220241111518215_tse-qcedjpsm-141A0-202411133141A0-ixbrl.htm
2024-11-13	四半期	当期第1四半期累計	連結	実績		修正再表示	RetrospectiveRestatement			無	CurrentAccumulatedQ1Duration_ConsolidatedMember_ResultMember	/disc/141A0/081220241111518215_tse-qcedjpsm-141A0-202411133141A0-ixbrl.htm
2024-11-13	四半期	当期第1四半期累計	単体	実績		期末発行済株式数(自己株式を含む)	NumberOfIssuedAndOutstandingSharesAtTheEndOfFiscalYearIncludingTreasuryStock	122318300	Shares	122,318,300	CurrentAccumulatedQ1Instant_NonConsolidatedMember_ResultMember	/disc/141A0/081220241111518215_tse-qcedjpsm-141A0-202411133141A0-ixbrl.htm
2024-11-13	四半期	前期	単体	実績		期末発行済株式数(自己株式を含む)	NumberOfIssuedAndOutstandingSharesAtTheEndOfFiscalYearIncludingTreasuryStock	122318300	Shares	122,318,300	PriorYearInstant_NonConsolidatedMember_ResultMember	/disc/141A0/081220241111518215_tse-qcedjpsm-141A0-202411133141A0-ixbrl.htm
2024-11-13	四半期	当期第1四半期累計	単体	実績		期末自己株式数	NumberOfTreasuryStockAtTheEndOfFiscalYear	370900	Shares	370,900	CurrentAccumulatedQ1Instant_NonConsolidatedMember_ResultMember	/disc/141A0/081220241111518215_tse-qcedjpsm-141A0-202411133141A0-ixbrl.htm
2024-11-13	四半期	前期	単体	実績		期末自己株式数	NumberOfTreasuryStockAtTheEndOfFiscalYear	370900	Shares	370,900	PriorYearInstant_NonConsolidatedMember_ResultMember	/disc/141A0/081220241111518215_tse-qcedjpsm-141A0-202411133141A0-ixbrl.htm
2024-11-13	四半期	当期第1四半期累計	単体	実績		期中平均株式数	AverageNumberOfShares	121947400	Shares	121,947,400	CurrentAccumulatedQ1Duration_NonConsolidatedMember_ResultMember	/disc/141A0/081220241111518215_tse-qcedjpsm-141A0-202411133141A0-ixbrl.htm
2024-11-13	四半期	当期第1四半期累計					ReviewOfAttachedConsolidatedQuarterlyFinancialStatementsByACertifiedPublicAccountantOrAnAuditFirm			無	CurrentAccumulatedQ1Duration	/disc/141A0/081220241111518215_tse-qcedjpsm-141A0-202411133141A0-ixbrl.htm
2024-11-13	四半期	当期				将来情報の利用に関する注意	NotesForUsingForecastedInformationAndOthers			（将来に関する記述等についてのご注意） 本資料に記載される業績見通し等の将来に関する記述は、当社が現在入手している情報及び合理的であると判断する一定の前提に基づいており、その達成を当社として約束する趣旨のものではありません。また、実際の業績等はさまざまな要因により大きく異なる可能性があります。業績予想の前提となる条件及び業績予想のご利用に当たっての注意事項等については、添付資料３ページ「１．経営成績等の概況（３）連結業績予想などの将来予測情報に関する説明」をご覧ください。&#160;（決算補足説明資料及び決算説明会内容の入手方法） 当社は、2024年11月14日（木）に機関投資家及びアナリスト向けに決算説明会を開催する予定です。当日使用する決算説明会資料は、当社ウェブサイトに掲載する予定です。&#160;&#160;	CurrentYearDuration	/disc/141A0/081220241111518215_tse-qcedjpsm-141A0-202411133141A0-ixbrl.htm
2024-11-13	四半期	当期				決算期末	FiscalYearEnd			2025-06-30	CurrentYearInstant	/disc/141A0/081220241111518215_tse-qcedjpsm-141A0-202411133141A0-ixbrl.htm
2024-11-13	四半期	当期第1四半期累計				四半期	QuarterlyPeriod	1	Pure	1	CurrentAccumulatedQ1Instant	/disc/141A0/081220241111518215_tse-qcedjpsm-141A0-202411133141A0-ixbrl.htm
2025-02-13	半期	当期第2四半期累計				書類名	DocumentName			第２四半期（中間期）決算短信〔日本基準〕（連結）	CurrentAccumulatedQ2Instant	/disc/141A0/081220250212570444_tse-scedjpsy-141A0-202502133141A0-ixbrl.htm
2025-02-13	半期	当期第2四半期累計				提出日	FilingDate			2025年２月13日	CurrentAccumulatedQ2Instant	/disc/141A0/081220250212570444_tse-scedjpsy-141A0-202502133141A0-ixbrl.htm
2025-02-13	半期	当期第2四半期累計				会社名	CompanyName			株式会社トライアルホールディングス	CurrentAccumulatedQ2Instant	/disc/141A0/081220250212570444_tse-scedjpsy-141A0-202502133141A0-ixbrl.htm
2025-02-13	半期	当期第2四半期累計					TokyoStockExchange			東	CurrentAccumulatedQ2Instant	/disc/141A0/081220250212570444_tse-scedjpsy-141A0-202502133141A0-ixbrl.htm
2025-02-13	半期	当期第2四半期累計				証券コード	SecuritiesCode			141A	CurrentAccumulatedQ2Instant	/disc/141A0/081220250212570444_tse-scedjpsy-141A0-202502133141A0-ixbrl.htm
2025-02-13	半期	当期第2四半期累計				URL	URL			https://trial-holdings.inc	CurrentAccumulatedQ2Instant	/disc/141A0/081220250212570444_tse-scedjpsy-141A0-202502133141A0-ixbrl.htm
2025-02-13	半期	当期第2四半期累計				代表者の役職	TitleRepresentative			代表取締役社長	CurrentAccumulatedQ2Instant	/disc/141A0/081220250212570444_tse-scedjpsy-141A0-202502133141A0-ixbrl.htm
2025-02-13	半期	当期第2四半期累計				代表者名	NameRepresentative			亀田 晃一	CurrentAccumulatedQ2Instant	/disc/141A0/081220250212570444_tse-scedjpsy-141A0-202502133141A0-ixbrl.htm
2025-02-13	半期	当期第2四半期累計					TitleInquiries			執行役員副社長	CurrentAccumulatedQ2Instant	/disc/141A0/081220250212570444_tse-scedjpsy-141A0-202502133141A0-ixbrl.htm
2025-02-13	半期	当期第2四半期累計					NameInquiries			古橋 恵司	CurrentAccumulatedQ2Instant	/disc/141A0/081220250212570444_tse-scedjpsy-141A0-202502133141A0-ixbrl.htm
2025-02-13	半期	当期第2四半期累計					Tel			03（6435）6308	CurrentAccumulatedQ2Instant	/disc/141A0/081220250212570444_tse-scedjpsy-141A0-202502133141A0-ixbrl.htm
2025-02-13	半期	当期第2四半期累計					SemiAnnualStatementFilingDateAsPlanned			2025年２月13日	CurrentAccumulatedQ2Instant	/disc/141A0/081220250212570444_tse-scedjpsy-141A0-202502133141A0-ixbrl.htm
2025-02-13	半期	当期第2四半期累計					SupplementalMaterialOfResults			有	CurrentAccumulatedQ2Instant	/disc/141A0/081220250212570444_tse-scedjpsy-141A0-202502133141A0-ixbrl.htm
2025-02-13	半期	当期第2四半期累計					ConveningBriefingOfResults			有	CurrentAccumulatedQ2Instant	/disc/141A0/081220250212570444_tse-scedjpsy-141A0-202502133141A0-ixbrl.htm
2025-02-13	半期	当期第2四半期累計					TargetForBriefingOfResults			（機関投資家・アナリスト向け）	CurrentAccumulatedQ2Instant	/disc/141A0/081220250212570444_tse-scedjpsy-141A0-202502133141A0-ixbrl.htm
2025-02-13	半期	当期第2四半期累計					NoteToFractionProcessingMethod			（百万円未満切捨て）	CurrentAccumulatedQ2Instant	/disc/141A0/081220250212570444_tse-scedjpsy-141A0-202502133141A0-ixbrl.htm
2025-02-13	半期	当期第2四半期累計	連結	実績		売上高	NetSales	403741000000	JPY	403,741	CurrentAccumulatedQ2Duration_ConsolidatedMember_ResultMember	/disc/141A0/081220250212570444_tse-scedjpsy-141A0-202502133141A0-ixbrl.htm
2025-02-13	半期	当期第2四半期累計	連結	実績		売上高の増減率	ChangeInNetSales	0.111	Pure	11.1	CurrentAccumulatedQ2Duration_ConsolidatedMember_ResultMember	/disc/141A0/081220250212570444_tse-scedjpsy-141A0-202502133141A0-ixbrl.htm
2025-02-13	半期	当期第2四半期累計	連結	実績		営業利益	OperatingIncome	9700000000	JPY	9,700	CurrentAccumulatedQ2Duration_ConsolidatedMember_ResultMember	/disc/141A0/081220250212570444_tse-scedjpsy-141A0-202502133141A0-ixbrl.htm
2025-02-13	半期	当期第2四半期累計	連結	実績		営業利益の増減率	ChangeInOperatingIncome	-0.162	Pure	16.2	CurrentAccumulatedQ2Duration_ConsolidatedMember_ResultMember	/disc/141A0/081220250212570444_tse-scedjpsy-141A0-202502133141A0-ixbrl.htm
2025-02-13	半期	当期第2四半期累計	連結	実績		経常利益	OrdinaryIncome	10624000000	JPY	10,624	CurrentAccumulatedQ2Duration_ConsolidatedMember_ResultMember	/disc/141A0/081220250212570444_tse-scedjpsy-141A0-202502133141A0-ixbrl.htm
2025-02-13	半期	当期第2四半期累計	連結	実績		経常利益の増減率	ChangeInOrdinaryIncome	-0.113	Pure	11.3	CurrentAccumulatedQ2Duration_ConsolidatedMember_ResultMember	/disc/141A0/081220250212570444_tse-scedjpsy-141A0-202502133141A0-ixbrl.htm
2025-02-13	半期	当期第2四半期累計	連結	実績		親会社株主に帰属する当期純利益	ProfitAttributableToOwnersOfParent	6132000000	JPY	6,132	CurrentAccumulatedQ2Duration_ConsolidatedMember_ResultMember	/disc/141A0/081220250212570444_tse-scedjpsy-141A0-202502133141A0-ixbrl.htm
2025-02-13	半期	当期第2四半期累計	連結	実績		親会社株主に帰属する当期純利益の増減率	ChangeInProfitAttributableToOwnersOfParent	-0.117	Pure	11.7	CurrentAccumulatedQ2Duration_ConsolidatedMember_ResultMember	/disc/141A0/081220250212570444_tse-scedjpsy-141A0-202502133141A0-ixbrl.htm
2025-02-13	半期	前期第2四半期累計	連結	実績		売上高	NetSales	363304000000	JPY	363,304	PriorAccumulatedQ2Duration_ConsolidatedMember_ResultMember	/disc/141A0/081220250212570444_tse-scedjpsy-141A0-202502133141A0-ixbrl.htm
2025-02-13	半期	前期第2四半期累計	連結	実績		営業利益	OperatingIncome	11568000000	JPY	11,568	PriorAccumulatedQ2Duration_ConsolidatedMember_ResultMember	/disc/141A0/081220250212570444_tse-scedjpsy-141A0-202502133141A0-ixbrl.htm
2025-02-13	半期	前期第2四半期累計	連結	実績		経常利益	OrdinaryIncome	11978000000	JPY	11,978	PriorAccumulatedQ2Duration_ConsolidatedMember_ResultMember	/disc/141A0/081220250212570444_tse-scedjpsy-141A0-202502133141A0-ixbrl.htm
2025-02-13	半期	前期第2四半期累計	連結	実績		親会社株主に帰属する当期純利益	ProfitAttributableToOwnersOfParent	6943000000	JPY	6,943	PriorAccumulatedQ2Duration_ConsolidatedMember_ResultMember	/disc/141A0/081220250212570444_tse-scedjpsy-141A0-202502133141A0-ixbrl.htm
2025-02-13	半期	当期第2四半期累計	連結	実績		包括利益	ComprehensiveIncome	6169000000	JPY	6,169	CurrentAccumulatedQ2Duration_ConsolidatedMember_ResultMember	/disc/141A0/081220250212570444_tse-scedjpsy-141A0-202502133141A0-ixbrl.htm
2025-02-13	半期	当期第2四半期累計	連結	実績		包括利益の増減率	ChangeInComprehensiveIncome	-0.134	Pure	13.4	CurrentAccumulatedQ2Duration_ConsolidatedMember_ResultMember	/disc/141A0/081220250212570444_tse-scedjpsy-141A0-202502133141A0-ixbrl.htm
2025-02-13	半期	前期第2四半期累計	連結	実績		包括利益	ComprehensiveIncome	7120000000	JPY	7,120	PriorAccumulatedQ2Duration_ConsolidatedMember_ResultMember	/disc/141A0/081220250212570444_tse-scedjpsy-141A0-202502133141A0-ixbrl.htm
2025-02-13	半期	当期第2四半期累計	連結	実績		1株当たり当期純利益	NetIncomePerShare	50.27	JPYPerShares	50.27	CurrentAccumulatedQ2Duration_ConsolidatedMember_ResultMember	/disc/141A0/081220250212570444_tse-scedjpsy-141A0-202502133141A0-ixbrl.htm
2025-02-13	半期	当期第2四半期累計	連結	実績		潜在株式調整後1株当たり当期純利益	DilutedNetIncomePerShare	49.86	JPYPerShares	49.86	CurrentAccumulatedQ2Duration_ConsolidatedMember_ResultMember	/disc/141A0/081220250212570444_tse-scedjpsy-141A0-202502133141A0-ixbrl.htm
2025-02-13	半期	前期第2四半期累計	連結	実績		1株当たり当期純利益	NetIncomePerShare	71.35	JPYPerShares	71.35	PriorAccumulatedQ2Duration_ConsolidatedMember_ResultMember	/disc/141A0/081220250212570444_tse-scedjpsy-141A0-202502133141A0-ixbrl.htm
2025-02-13	半期	当期第2四半期累計	連結	実績		経営成績の注記	NoteToOperatingResults			（注）１．2023年６月期中間期については、中間連結財務諸表を作成していないため、2024年６月期中間期の対前年中間期増減率は記載しておりません。２．2024年６月期中間期の潜在株式調整後１株当たり中間純利益については、潜在株式は存在するものの、当社株式は非上場であり、期中平均株価が把握できないため、記載しておりません。	CurrentAccumulatedQ2Duration_ConsolidatedMember_ResultMember	/disc/141A0/081220250212570444_tse-scedjpsy-141A0-202502133141A0-ixbrl.htm
2025-02-13	半期	当期第2四半期累計	連結	実績		総資産	TotalAssets	314627000000	JPY	314,627	CurrentAccumulatedQ2Instant_ConsolidatedMember_ResultMember	/disc/141A0/081220250212570444_tse-scedjpsy-141A0-202502133141A0-ixbrl.htm
2025-02-13	半期	当期第2四半期累計	連結	実績		純資産	NetAssets	122705000000	JPY	122,705	CurrentAccumulatedQ2Instant_ConsolidatedMember_ResultMember	/disc/141A0/081220250212570444_tse-scedjpsy-141A0-202502133141A0-ixbrl.htm
2025-02-13	半期	当期第2四半期累計	連結	実績		自己資本比率	CapitalAdequacyRatio	0.381	Pure	38.1	CurrentAccumulatedQ2Instant_ConsolidatedMember_ResultMember	/disc/141A0/081220250212570444_tse-scedjpsy-141A0-202502133141A0-ixbrl.htm
2025-02-13	半期	前期	連結	実績		総資産	TotalAssets	283627000000	JPY	283,627	PriorYearInstant_ConsolidatedMember_ResultMember	/disc/141A0/081220250212570444_tse-scedjpsy-141A0-202502133141A0-ixbrl.htm
2025-02-13	半期	前期	連結	実績		純資産	NetAssets	118187000000	JPY	118,187	PriorYearInstant_ConsolidatedMember_ResultMember	/disc/141A0/081220250212570444_tse-scedjpsy-141A0-202502133141A0-ixbrl.htm
2025-02-13	半期	前期	連結	実績		自己資本比率	CapitalAdequacyRatio	0.408	Pure	40.8	PriorYearInstant_ConsolidatedMember_ResultMember	/disc/141A0/081220250212570444_tse-scedjpsy-141A0-202502133141A0-ixbrl.htm
2025-02-13	半期	当期第2四半期累計	連結	実績		自己資本	OwnersEquity	119966000000	JPY	119,966	CurrentAccumulatedQ2Instant_ConsolidatedMember_ResultMember	/disc/141A0/081220250212570444_tse-scedjpsy-141A0-202502133141A0-ixbrl.htm
2025-02-13	半期	前期	連結	実績		自己資本	OwnersEquity	115684000000	JPY	115,684	PriorYearInstant_ConsolidatedMember_ResultMember	/disc/141A0/081220250212570444_tse-scedjpsy-141A0-202502133141A0-ixbrl.htm
2025-02-13	半期	前期	単体	実績	第2四半期末	1株当たり配当金	DividendPerShare	0.00	JPYPerShares	0.00	PriorYearDuration_SecondQuarterMember_NonConsolidatedMember_ResultMember	/disc/141A0/081220250212570444_tse-scedjpsy-141A0-202502133141A0-ixbrl.htm
2025-02-13	半期	前期	単体	実績	期末	1株当たり配当金	DividendPerShare	15.00	JPYPerShares	15.00	PriorYearDuration_YearEndMember_NonConsolidatedMember_ResultMember	/disc/141A0/081220250212570444_tse-scedjpsy-141A0-202502133141A0-ixbrl.htm
2025-02-13	半期	前期	単体	実績	合計	1株当たり配当金	DividendPerShare	15.00	JPYPerShares	15.00	PriorYearDuration_AnnualMember_NonConsolidatedMember_ResultMember	/disc/141A0/081220250212570444_tse-scedjpsy-141A0-202502133141A0-ixbrl.htm
2025-02-13	半期	当期	単体	実績	第2四半期末	1株当たり配当金	DividendPerShare	0.00	JPYPerShares	0.00	CurrentYearDuration_SecondQuarterMember_NonConsolidatedMember_ResultMember	/disc/141A0/081220250212570444_tse-scedjpsy-141A0-202502133141A0-ixbrl.htm
2025-02-13	半期	当期	単体	予想	期末	1株当たり配当金	DividendPerShare	16.00	JPYPerShares	16.00	CurrentYearDuration_YearEndMember_NonConsolidatedMember_ForecastMember	/disc/141A0/081220250212570444_tse-scedjpsy-141A0-202502133141A0-ixbrl.htm
2025-02-13	半期	当期	単体	予想	合計	1株当たり配当金	DividendPerShare	16.00	JPYPerShares	16.00	CurrentYearDuration_AnnualMember_NonConsolidatedMember_ForecastMember	/disc/141A0/081220250212570444_tse-scedjpsy-141A0-202502133141A0-ixbrl.htm
2025-02-13	半期	当期	単体	実績	合計	当四半期における配当予想の修正	CorrectionOfDividendForecastInThisQuarter			無	CurrentYearDuration_AnnualMember_NonConsolidatedMember_ResultMember	/disc/141A0/081220250212570444_tse-scedjpsy-141A0-202502133141A0-ixbrl.htm
2025-02-13	半期	当期	連結	予想		業績予想の見出し	TitleForForecasts			３．2025年６月期の連結業績予想（2024年７月１日～2025年６月30日）	CurrentYearDuration_ConsolidatedMember_ForecastMember	/disc/141A0/081220250212570444_tse-scedjpsy-141A0-202502133141A0-ixbrl.htm
2025-02-13	半期	当期	連結	予想		売上高	NetSales	808866000000	JPY	808,866	CurrentYearDuration_ConsolidatedMember_ForecastMember	/disc/141A0/081220250212570444_tse-scedjpsy-141A0-202502133141A0-ixbrl.htm
2025-02-13	半期	当期	連結	予想		売上高の増減率	ChangeInNetSales	0.127	Pure	12.7	CurrentYearDuration_ConsolidatedMember_ForecastMember	/disc/141A0/081220250212570444_tse-scedjpsy-141A0-202502133141A0-ixbrl.htm
2025-02-13	半期	当期	連結	予想		営業利益	OperatingIncome	22986000000	JPY	22,986	CurrentYearDuration_ConsolidatedMember_ForecastMember	/disc/141A0/081220250212570444_tse-scedjpsy-141A0-202502133141A0-ixbrl.htm
2025-02-13	半期	当期	連結	予想		営業利益の増減率	ChangeInOperatingIncome	0.200	Pure	20.0	CurrentYearDuration_ConsolidatedMember_ForecastMember	/disc/141A0/081220250212570444_tse-scedjpsy-141A0-202502133141A0-ixbrl.htm
2025-02-13	半期	当期	連結	予想		経常利益	OrdinaryIncome	23810000000	JPY	23,810	CurrentYearDuration_ConsolidatedMember_ForecastMember	/disc/141A0/081220250212570444_tse-scedjpsy-141A0-202502133141A0-ixbrl.htm
2025-02-13	半期	当期	連結	予想		経常利益の増減率	ChangeInOrdinaryIncome	0.203	Pure	20.3	CurrentYearDuration_ConsolidatedMember_ForecastMember	/disc/141A0/081220250212570444_tse-scedjpsy-141A0-202502133141A0-ixbrl.htm
2025-02-13	半期	当期	連結	予想		親会社株主に帰属する当期純利益	ProfitAttributableToOwnersOfParent	13756000000	JPY	13,756	CurrentYearDuration_ConsolidatedMember_ForecastMember	/disc/141A0/081220250212570444_tse-scedjpsy-141A0-202502133141A0-ixbrl.htm
2025-02-13	半期	当期	連結	予想		親会社株主に帰属する当期純利益の増減率	ChangeInProfitAttributableToOwnersOfParent	0.203	Pure	20.3	CurrentYearDuration_ConsolidatedMember_ForecastMember	/disc/141A0/081220250212570444_tse-scedjpsy-141A0-202502133141A0-ixbrl.htm
2025-02-13	半期	当期	連結	予想		1株当たり当期純利益	NetIncomePerShare	112.46	JPYPerShares	112.46	CurrentYearDuration_ConsolidatedMember_ForecastMember	/disc/141A0/081220250212570444_tse-scedjpsy-141A0-202502133141A0-ixbrl.htm
2025-02-13	半期	当期	連結	予想		当四半期における業績予想の修正	CorrectionOfConsolidatedFinancialForecastInThisQuarter			無	CurrentYearDuration_ConsolidatedMember_ForecastMember	/disc/141A0/081220250212570444_tse-scedjpsy-141A0-202502133141A0-ixbrl.htm
2025-02-13	半期	当期第2四半期累計	連結	実績		期中の連結範囲の重要な変更	SignificantChangesInTheScopeOfConsolidationDuringThePeriod			有	CurrentAccumulatedQ2Duration_ConsolidatedMember_ResultMember	/disc/141A0/081220250212570444_tse-scedjpsy-141A0-202502133141A0-ixbrl.htm
2025-02-13	半期	当期第2四半期累計	連結	実績		新規連結子会社数	NumberOfSubsidiariesNewlyConsolidated	2	NumberOfCompanies	2	CurrentAccumulatedQ2Duration_ConsolidatedMember_ResultMember	/disc/141A0/081220250212570444_tse-scedjpsy-141A0-202502133141A0-ixbrl.htm
2025-02-13	半期	当期第2四半期累計	連結	実績		新規連結子会社の名称	NameOfSubsidiariesNewlyConsolidated			株式会社トライアルGO、株式会社トライアルフードパーク	CurrentAccumulatedQ2Duration_ConsolidatedMember_ResultMember	/disc/141A0/081220250212570444_tse-scedjpsy-141A0-202502133141A0-ixbrl.htm
2025-02-13	半期	当期第2四半期累計	連結	実績			ApplyingOfSpecificAccountingOfTheConsolidatedSemiAnnualFinancialStatements			無	CurrentAccumulatedQ2Duration_ConsolidatedMember_ResultMember	/disc/141A0/081220250212570444_tse-scedjpsy-141A0-202502133141A0-ixbrl.htm
2025-02-13	半期	当期第2四半期累計	連結	実績		会計基準等の改正に伴う変更	ChangesBasedOnRevisionsOfAccountingStandard			有	CurrentAccumulatedQ2Duration_ConsolidatedMember_ResultMember	/disc/141A0/081220250212570444_tse-scedjpsy-141A0-202502133141A0-ixbrl.htm
2025-02-13	半期	当期第2四半期累計	連結	実績		それ以外の会計方針の変更	ChangesOtherThanOnesBasedOnRevisionsOfAccountingStandard			無	CurrentAccumulatedQ2Duration_ConsolidatedMember_ResultMember	/disc/141A0/081220250212570444_tse-scedjpsy-141A0-202502133141A0-ixbrl.htm
2025-02-13	半期	当期第2四半期累計	連結	実績		会計上の見積りの変更	ChangesInAccountingEstimates			無	CurrentAccumulatedQ2Duration_ConsolidatedMember_ResultMember	/disc/141A0/081220250212570444_tse-scedjpsy-141A0-202502133141A0-ixbrl.htm
2025-02-13	半期	当期第2四半期累計	連結	実績		修正再表示	RetrospectiveRestatement			無	CurrentAccumulatedQ2Duration_ConsolidatedMember_ResultMember	/disc/141A0/081220250212570444_tse-scedjpsy-141A0-202502133141A0-ixbrl.htm
2025-02-13	半期	当期第2四半期累計	連結	実績			NoteToChangesInAccountingPoliciesAccountingEstimatesAndRetrospectiveRestatementQuarterlyConsolidated			（注）詳細は、添付資料９ページ「２．中間連結財務諸表及び主な注記（４）中間連結財務諸表に関する注記事項（会計方針の変更に関する注記）」をご覧ください。	CurrentAccumulatedQ2Duration_ConsolidatedMember_ResultMember	/disc/141A0/081220250212570444_tse-scedjpsy-141A0-202502133141A0-ixbrl.htm
2025-02-13	半期	当期第2四半期累計	単体	実績		期末発行済株式数(自己株式を含む)	NumberOfIssuedAndOutstandingSharesAtTheEndOfFiscalYearIncludingTreasuryStock	122318300	Shares	122,318,300	CurrentAccumulatedQ2Instant_NonConsolidatedMember_ResultMember	/disc/141A0/081220250212570444_tse-scedjpsy-141A0-202502133141A0-ixbrl.htm
2025-02-13	半期	前期	単体	実績		期末発行済株式数(自己株式を含む)	NumberOfIssuedAndOutstandingSharesAtTheEndOfFiscalYearIncludingTreasuryStock	122318300	Shares	122,318,300	PriorYearInstant_NonConsolidatedMember_ResultMember	/disc/141A0/081220250212570444_tse-scedjpsy-141A0-202502133141A0-ixbrl.htm
2025-02-13	半期	当期第2四半期累計	単体	実績		期末自己株式数	NumberOfTreasuryStockAtTheEndOfFiscalYear	232324	Shares	232,324	CurrentAccumulatedQ2Instant_NonConsolidatedMember_ResultMember	/disc/141A0/081220250212570444_tse-scedjpsy-141A0-202502133141A0-ixbrl.htm
2025-02-13	半期	前期	単体	実績		期末自己株式数	NumberOfTreasuryStockAtTheEndOfFiscalYear	370900	Shares	370,900	PriorYearInstant_NonConsolidatedMember_ResultMember	/disc/141A0/081220250212570444_tse-scedjpsy-141A0-202502133141A0-ixbrl.htm
2025-02-13	半期	当期第2四半期累計	単体	実績		期中平均株式数	AverageNumberOfShares	121989525	Shares	121,989,525	CurrentAccumulatedQ2Duration_NonConsolidatedMember_ResultMember	/disc/141A0/081220250212570444_tse-scedjpsy-141A0-202502133141A0-ixbrl.htm
2025-02-13	半期	前期第2四半期累計	単体	実績		期中平均株式数	AverageNumberOfShares	97319500	Shares	97,319,500	PriorAccumulatedQ2Duration_NonConsolidatedMember_ResultMember	/disc/141A0/081220250212570444_tse-scedjpsy-141A0-202502133141A0-ixbrl.htm
2025-02-13	半期	当期				将来情報の利用に関する注意	NotesForUsingForecastedInformationAndOthers			（将来に関する記述等についてのご注意） 本資料に記載される業績見通し等の将来に関する記述は、当社が現在入手している情報及び合理的であると判断する一定の前提に基づいており、その達成を当社として約束する趣旨のものではありません。また、実際の業績等はさまざまな要因により大きく異なる可能性があります。業績予想の前提となる条件及び業績予想のご利用に当たっての注意事項等については、添付資料３ページ「１．経営成績等の概況（３）連結業績予想などの将来予測情報に関する説明」をご覧ください。&#160;（決算補足説明資料及び決算説明会内容の入手方法） 当社は、2025年２月14日（金）に機関投資家及びアナリスト向けに決算説明会を開催する予定です。当日使用する決算説明会資料は、当社ウェブサイトに掲載する予定です。&#160;	CurrentYearDuration	/disc/141A0/081220250212570444_tse-scedjpsy-141A0-202502133141A0-ixbrl.htm
2025-02-13	半期	当期				決算期末	FiscalYearEnd			2025-06-30	CurrentYearInstant	/disc/141A0/081220250212570444_tse-scedjpsy-141A0-202502133141A0-ixbrl.htm
2025-02-13	半期	当期第2四半期累計				四半期	QuarterlyPeriod	2	Pure	2	CurrentAccumulatedQ2Instant	/disc/141A0/081220250212570444_tse-scedjpsy-141A0-202502133141A0-ixbrl.htm
2025-05-14	四半期	当期第3四半期累計				書類名	DocumentName			第３四半期決算短信〔日本基準〕（連結）	CurrentAccumulatedQ3Instant	/disc/141A0/081220250514548553_tse-qcedjpsm-141A0-202505143141A0-ixbrl.htm
2025-05-14	四半期	当期第3四半期累計				提出日	FilingDate			2025年５月14日	CurrentAccumulatedQ3Instant	/disc/141A0/081220250514548553_tse-qcedjpsm-141A0-202505143141A0-ixbrl.htm
2025-05-14	四半期	当期第3四半期累計				会社名	CompanyName			株式会社トライアルホールディングス	CurrentAccumulatedQ3Instant	/disc/141A0/081220250514548553_tse-qcedjpsm-141A0-202505143141A0-ixbrl.htm
2025-05-14	四半期	当期第3四半期累計					TokyoStockExchange			東	CurrentAccumulatedQ3Instant	/disc/141A0/081220250514548553_tse-qcedjpsm-141A0-202505143141A0-ixbrl.htm
2025-05-14	四半期	当期第3四半期累計				証券コード	SecuritiesCode			141A	CurrentAccumulatedQ3Instant	/disc/141A0/081220250514548553_tse-qcedjpsm-141A0-202505143141A0-ixbrl.htm
2025-05-14	四半期	当期第3四半期累計				URL	URL			https://trial-holdings.inc	CurrentAccumulatedQ3Instant	/disc/141A0/081220250514548553_tse-qcedjpsm-141A0-202505143141A0-ixbrl.htm
2025-05-14	四半期	当期第3四半期累計				代表者の役職	TitleRepresentative			代表取締役社長	CurrentAccumulatedQ3Instant	/disc/141A0/081220250514548553_tse-qcedjpsm-141A0-202505143141A0-ixbrl.htm
2025-05-14	四半期	当期第3四半期累計				代表者名	NameRepresentative			永田 洋幸	CurrentAccumulatedQ3Instant	/disc/141A0/081220250514548553_tse-qcedjpsm-141A0-202505143141A0-ixbrl.htm
2025-05-14	四半期	当期第3四半期累計					TitleInquiries			執行役員グループ経営財務部長	CurrentAccumulatedQ3Instant	/disc/141A0/081220250514548553_tse-qcedjpsm-141A0-202505143141A0-ixbrl.htm
2025-05-14	四半期	当期第3四半期累計					NameInquiries			桐島 一寿	CurrentAccumulatedQ3Instant	/disc/141A0/081220250514548553_tse-qcedjpsm-141A0-202505143141A0-ixbrl.htm
2025-05-14	四半期	当期第3四半期累計					Tel			03（6435）6308	CurrentAccumulatedQ3Instant	/disc/141A0/081220250514548553_tse-qcedjpsm-141A0-202505143141A0-ixbrl.htm
2025-05-14	四半期	当期第3四半期累計					SupplementalMaterialOfResults			有	CurrentAccumulatedQ3Instant	/disc/141A0/081220250514548553_tse-qcedjpsm-141A0-202505143141A0-ixbrl.htm
2025-05-14	四半期	当期第3四半期累計					ConveningBriefingOfResults			有	CurrentAccumulatedQ3Instant	/disc/141A0/081220250514548553_tse-qcedjpsm-141A0-202505143141A0-ixbrl.htm
2025-05-14	四半期	当期第3四半期累計					TargetForBriefingOfResults			（機関投資家・アナリスト向け）	CurrentAccumulatedQ3Instant	/disc/141A0/081220250514548553_tse-qcedjpsm-141A0-202505143141A0-ixbrl.htm
2025-05-14	四半期	当期第3四半期累計					NoteToFractionProcessingMethod			（百万円未満切捨て）	CurrentAccumulatedQ3Instant	/disc/141A0/081220250514548553_tse-qcedjpsm-141A0-202505143141A0-ixbrl.htm
2025-05-14	四半期	当期第3四半期累計	連結	実績		売上高	NetSales	600037000000	JPY	600,037	CurrentAccumulatedQ3Duration_ConsolidatedMember_ResultMember	/disc/141A0/081220250514548553_tse-qcedjpsm-141A0-202505143141A0-ixbrl.htm
2025-05-14	四半期	当期第3四半期累計	連結	実績		売上高の増減率	ChangeInNetSales	0.117	Pure	11.7	CurrentAccumulatedQ3Duration_ConsolidatedMember_ResultMember	/disc/141A0/081220250514548553_tse-qcedjpsm-141A0-202505143141A0-ixbrl.htm
2025-05-14	四半期	当期第3四半期累計	連結	実績		営業利益	OperatingIncome	13464000000	JPY	13,464	CurrentAccumulatedQ3Duration_ConsolidatedMember_ResultMember	/disc/141A0/081220250514548553_tse-qcedjpsm-141A0-202505143141A0-ixbrl.htm
2025-05-14	四半期	当期第3四半期累計	連結	実績		営業利益の増減率	ChangeInOperatingIncome	-0.126	Pure	12.6	CurrentAccumulatedQ3Duration_ConsolidatedMember_ResultMember	/disc/141A0/081220250514548553_tse-qcedjpsm-141A0-202505143141A0-ixbrl.htm
2025-05-14	四半期	当期第3四半期累計	連結	実績		経常利益	OrdinaryIncome	14493000000	JPY	14,493	CurrentAccumulatedQ3Duration_ConsolidatedMember_ResultMember	/disc/141A0/081220250514548553_tse-qcedjpsm-141A0-202505143141A0-ixbrl.htm
2025-05-14	四半期	当期第3四半期累計	連結	実績		経常利益の増減率	ChangeInOrdinaryIncome	-0.104	Pure	10.4	CurrentAccumulatedQ3Duration_ConsolidatedMember_ResultMember	/disc/141A0/081220250514548553_tse-qcedjpsm-141A0-202505143141A0-ixbrl.htm
2025-05-14	四半期	当期第3四半期累計	連結	実績		親会社株主に帰属する当期純利益	ProfitAttributableToOwnersOfParent	8374000000	JPY	8,374	CurrentAccumulatedQ3Duration_ConsolidatedMember_ResultMember	/disc/141A0/081220250514548553_tse-qcedjpsm-141A0-202505143141A0-ixbrl.htm
2025-05-14	四半期	当期第3四半期累計	連結	実績		親会社株主に帰属する当期純利益の増減率	ChangeInProfitAttributableToOwnersOfParent	-0.118	Pure	11.8	CurrentAccumulatedQ3Duration_ConsolidatedMember_ResultMember	/disc/141A0/081220250514548553_tse-qcedjpsm-141A0-202505143141A0-ixbrl.htm
2025-05-14	四半期	前期第3四半期累計	連結	実績		売上高	NetSales	537217000000	JPY	537,217	PriorAccumulatedQ3Duration_ConsolidatedMember_ResultMember	/disc/141A0/081220250514548553_tse-qcedjpsm-141A0-202505143141A0-ixbrl.htm
2025-05-14	四半期	前期第3四半期累計	連結	実績		営業利益	OperatingIncome	15397000000	JPY	15,397	PriorAccumulatedQ3Duration_ConsolidatedMember_ResultMember	/disc/141A0/081220250514548553_tse-qcedjpsm-141A0-202505143141A0-ixbrl.htm
2025-05-14	四半期	前期第3四半期累計	連結	実績		経常利益	OrdinaryIncome	16167000000	JPY	16,167	PriorAccumulatedQ3Duration_ConsolidatedMember_ResultMember	/disc/141A0/081220250514548553_tse-qcedjpsm-141A0-202505143141A0-ixbrl.htm
2025-05-14	四半期	前期第3四半期累計	連結	実績		親会社株主に帰属する当期純利益	ProfitAttributableToOwnersOfParent	9494000000	JPY	9,494	PriorAccumulatedQ3Duration_ConsolidatedMember_ResultMember	/disc/141A0/081220250514548553_tse-qcedjpsm-141A0-202505143141A0-ixbrl.htm
2025-05-14	四半期	当期第3四半期累計	連結	実績		包括利益	ComprehensiveIncome	8373000000	JPY	8,373	CurrentAccumulatedQ3Duration_ConsolidatedMember_ResultMember	/disc/141A0/081220250514548553_tse-qcedjpsm-141A0-202505143141A0-ixbrl.htm
2025-05-14	四半期	当期第3四半期累計	連結	実績		包括利益の増減率	ChangeInComprehensiveIncome	-0.147	Pure	14.7	CurrentAccumulatedQ3Duration_ConsolidatedMember_ResultMember	/disc/141A0/081220250514548553_tse-qcedjpsm-141A0-202505143141A0-ixbrl.htm
2025-05-14	四半期	前期第3四半期累計	連結	実績		包括利益	ComprehensiveIncome	9822000000	JPY	9,822	PriorAccumulatedQ3Duration_ConsolidatedMember_ResultMember	/disc/141A0/081220250514548553_tse-qcedjpsm-141A0-202505143141A0-ixbrl.htm
2025-05-14	四半期	当期第3四半期累計	連結	実績		1株当たり当期純利益	NetIncomePerShare	68.61	JPYPerShares	68.61	CurrentAccumulatedQ3Duration_ConsolidatedMember_ResultMember	/disc/141A0/081220250514548553_tse-qcedjpsm-141A0-202505143141A0-ixbrl.htm
2025-05-14	四半期	当期第3四半期累計	連結	実績		潜在株式調整後1株当たり当期純利益	DilutedNetIncomePerShare	68.08	JPYPerShares	68.08	CurrentAccumulatedQ3Duration_ConsolidatedMember_ResultMember	/disc/141A0/081220250514548553_tse-qcedjpsm-141A0-202505143141A0-ixbrl.htm
2025-05-14	四半期	前期第3四半期累計	連結	実績		1株当たり当期純利益	NetIncomePerShare	96.72	JPYPerShares	96.72	PriorAccumulatedQ3Duration_ConsolidatedMember_ResultMember	/disc/141A0/081220250514548553_tse-qcedjpsm-141A0-202505143141A0-ixbrl.htm
2025-05-14	四半期	前期第3四半期累計	連結	実績		潜在株式調整後1株当たり当期純利益	DilutedNetIncomePerShare	95.71	JPYPerShares	95.71	PriorAccumulatedQ3Duration_ConsolidatedMember_ResultMember	/disc/141A0/081220250514548553_tse-qcedjpsm-141A0-202505143141A0-ixbrl.htm
2025-05-14	四半期	当期第3四半期累計	連結	実績		経営成績の注記	NoteToOperatingResults			（注）１．2023年６月期第３四半期については、四半期連結財務諸表を作成していないため、2024年６月期第３四半期の対前年同四半期増減率は記載しておりません。２．2024年６月期第３四半期の潜在株式調整後１株当たり四半期純利益については、2024年３月21日付で東京証券取引所グロース市場に上場したため、新規上場日から2024年６月期第３四半期連結会計期間の末日までの平均株価を期中平均株価とみなして算定しております。	CurrentAccumulatedQ3Duration_ConsolidatedMember_ResultMember	/disc/141A0/081220250514548553_tse-qcedjpsm-141A0-202505143141A0-ixbrl.htm
2025-05-14	四半期	当期第3四半期累計	連結	実績		総資産	TotalAssets	271070000000	JPY	271,070	CurrentAccumulatedQ3Instant_ConsolidatedMember_ResultMember	/disc/141A0/081220250514548553_tse-qcedjpsm-141A0-202505143141A0-ixbrl.htm
2025-05-14	四半期	当期第3四半期累計	連結	実績		純資産	NetAssets	125501000000	JPY	125,501	CurrentAccumulatedQ3Instant_ConsolidatedMember_ResultMember	/disc/141A0/081220250514548553_tse-qcedjpsm-141A0-202505143141A0-ixbrl.htm
2025-05-14	四半期	当期第3四半期累計	連結	実績		自己資本比率	CapitalAdequacyRatio	0.453	Pure	45.3	CurrentAccumulatedQ3Instant_ConsolidatedMember_ResultMember	/disc/141A0/081220250514548553_tse-qcedjpsm-141A0-202505143141A0-ixbrl.htm
2025-05-14	四半期	前期	連結	実績		総資産	TotalAssets	283627000000	JPY	283,627	PriorYearInstant_ConsolidatedMember_ResultMember	/disc/141A0/081220250514548553_tse-qcedjpsm-141A0-202505143141A0-ixbrl.htm
2025-05-14	四半期	前期	連結	実績		純資産	NetAssets	118187000000	JPY	118,187	PriorYearInstant_ConsolidatedMember_ResultMember	/disc/141A0/081220250514548553_tse-qcedjpsm-141A0-202505143141A0-ixbrl.htm
2025-05-14	四半期	前期	連結	実績		自己資本比率	CapitalAdequacyRatio	0.408	Pure	40.8	PriorYearInstant_ConsolidatedMember_ResultMember	/disc/141A0/081220250514548553_tse-qcedjpsm-141A0-202505143141A0-ixbrl.htm
2025-05-14	四半期	当期第3四半期累計	連結	実績		自己資本	OwnersEquity	122674000000	JPY	122,674	CurrentAccumulatedQ3Instant_ConsolidatedMember_ResultMember	/disc/141A0/081220250514548553_tse-qcedjpsm-141A0-202505143141A0-ixbrl.htm
2025-05-14	四半期	前期	連結	実績		自己資本	OwnersEquity	115684000000	JPY	115,684	PriorYearInstant_ConsolidatedMember_ResultMember	/disc/141A0/081220250514548553_tse-qcedjpsm-141A0-202505143141A0-ixbrl.htm
2025-05-14	四半期	前期	単体	実績	第2四半期末	1株当たり配当金	DividendPerShare	0.00	JPYPerShares	0.00	PriorYearDuration_SecondQuarterMember_NonConsolidatedMember_ResultMember	/disc/141A0/081220250514548553_tse-qcedjpsm-141A0-202505143141A0-ixbrl.htm
2025-05-14	四半期	前期	単体	実績	期末	1株当たり配当金	DividendPerShare	15.00	JPYPerShares	15.00	PriorYearDuration_YearEndMember_NonConsolidatedMember_ResultMember	/disc/141A0/081220250514548553_tse-qcedjpsm-141A0-202505143141A0-ixbrl.htm
2025-05-14	四半期	前期	単体	実績	合計	1株当たり配当金	DividendPerShare	15.00	JPYPerShares	15.00	PriorYearDuration_AnnualMember_NonConsolidatedMember_ResultMember	/disc/141A0/081220250514548553_tse-qcedjpsm-141A0-202505143141A0-ixbrl.htm
2025-05-14	四半期	当期	単体	実績	第2四半期末	1株当たり配当金	DividendPerShare	0.00	JPYPerShares	0.00	CurrentYearDuration_SecondQuarterMember_NonConsolidatedMember_ResultMember	/disc/141A0/081220250514548553_tse-qcedjpsm-141A0-202505143141A0-ixbrl.htm
2025-05-14	四半期	当期	単体	予想	期末	1株当たり配当金	DividendPerShare	16.00	JPYPerShares	16.00	CurrentYearDuration_YearEndMember_NonConsolidatedMember_ForecastMember	/disc/141A0/081220250514548553_tse-qcedjpsm-141A0-202505143141A0-ixbrl.htm
2025-05-14	四半期	当期	単体	予想	合計	1株当たり配当金	DividendPerShare	16.00	JPYPerShares	16.00	CurrentYearDuration_AnnualMember_NonConsolidatedMember_ForecastMember	/disc/141A0/081220250514548553_tse-qcedjpsm-141A0-202505143141A0-ixbrl.htm
2025-05-14	四半期	当期	単体	実績	合計	当四半期における配当予想の修正	CorrectionOfDividendForecastInThisQuarter			無	CurrentYearDuration_AnnualMember_NonConsolidatedMember_ResultMember	/disc/141A0/081220250514548553_tse-qcedjpsm-141A0-202505143141A0-ixbrl.htm
2025-05-14	四半期	当期	連結	予想		業績予想の見出し	TitleForForecasts			３．2025年６月期の連結業績予想（2024年７月１日～2025年６月30日）	CurrentYearDuration_ConsolidatedMember_ForecastMember	/disc/141A0/081220250514548553_tse-qcedjpsm-141A0-202505143141A0-ixbrl.htm
2025-05-14	四半期	当期	連結	予想		売上高	NetSales	802900000000	JPY	802,900	CurrentYearDuration_ConsolidatedMember_ForecastMember	/disc/141A0/081220250514548553_tse-qcedjpsm-141A0-202505143141A0-ixbrl.htm
2025-05-14	四半期	当期	連結	予想		売上高の増減率	ChangeInNetSales	0.118	Pure	11.8	CurrentYearDuration_ConsolidatedMember_ForecastMember	/disc/141A0/081220250514548553_tse-qcedjpsm-141A0-202505143141A0-ixbrl.htm
2025-05-14	四半期	当期	連結	予想		営業利益	OperatingIncome	19200000000	JPY	19,200	CurrentYearDuration_ConsolidatedMember_ForecastMember	/disc/141A0/081220250514548553_tse-qcedjpsm-141A0-202505143141A0-ixbrl.htm
2025-05-14	四半期	当期	連結	予想		営業利益の増減率	ChangeInOperatingIncome	0.002	Pure	0.2	CurrentYearDuration_ConsolidatedMember_ForecastMember	/disc/141A0/081220250514548553_tse-qcedjpsm-141A0-202505143141A0-ixbrl.htm
2025-05-14	四半期	当期	連結	予想		経常利益	OrdinaryIncome	20400000000	JPY	20,400	CurrentYearDuration_ConsolidatedMember_ForecastMember	/disc/141A0/081220250514548553_tse-qcedjpsm-141A0-202505143141A0-ixbrl.htm
2025-05-14	四半期	当期	連結	予想		経常利益の増減率	ChangeInOrdinaryIncome	0.031	Pure	3.1	CurrentYearDuration_ConsolidatedMember_ForecastMember	/disc/141A0/081220250514548553_tse-qcedjpsm-141A0-202505143141A0-ixbrl.htm
2025-05-14	四半期	当期	連結	予想		親会社株主に帰属する当期純利益	ProfitAttributableToOwnersOfParent	10400000000	JPY	10,400	CurrentYearDuration_ConsolidatedMember_ForecastMember	/disc/141A0/081220250514548553_tse-qcedjpsm-141A0-202505143141A0-ixbrl.htm
2025-05-14	四半期	当期	連結	予想		親会社株主に帰属する当期純利益の増減率	ChangeInProfitAttributableToOwnersOfParent	-0.091	Pure	9.1	CurrentYearDuration_ConsolidatedMember_ForecastMember	/disc/141A0/081220250514548553_tse-qcedjpsm-141A0-202505143141A0-ixbrl.htm
2025-05-14	四半期	当期	連結	予想		1株当たり当期純利益	NetIncomePerShare	85.16	JPYPerShares	85.16	CurrentYearDuration_ConsolidatedMember_ForecastMember	/disc/141A0/081220250514548553_tse-qcedjpsm-141A0-202505143141A0-ixbrl.htm
2025-05-14	四半期	当期	連結	予想		当四半期における業績予想の修正	CorrectionOfConsolidatedFinancialForecastInThisQuarter			有	CurrentYearDuration_ConsolidatedMember_ForecastMember	/disc/141A0/081220250514548553_tse-qcedjpsm-141A0-202505143141A0-ixbrl.htm
2025-05-14	四半期	当期第3四半期累計	連結	実績		期中の連結範囲の重要な変更	SignificantChangesInTheScopeOfConsolidationDuringThePeriod			有	CurrentAccumulatedQ3Duration_ConsolidatedMember_ResultMember	/disc/141A0/081220250514548553_tse-qcedjpsm-141A0-202505143141A0-ixbrl.htm
2025-05-14	四半期	当期第3四半期累計	連結	実績		新規連結子会社数	NumberOfSubsidiariesNewlyConsolidated	3	NumberOfCompanies	3	CurrentAccumulatedQ3Duration_ConsolidatedMember_ResultMember	/disc/141A0/081220250514548553_tse-qcedjpsm-141A0-202505143141A0-ixbrl.htm
2025-05-14	四半期	当期第3四半期累計	連結	実績		新規連結子会社の名称	NameOfSubsidiariesNewlyConsolidated			株式会社トライアルGO、株式会社トライアルフードパーク、株式会社魚寅、	CurrentAccumulatedQ3Duration_ConsolidatedMember_ResultMember	/disc/141A0/081220250514548553_tse-qcedjpsm-141A0-202505143141A0-ixbrl.htm
2025-05-14	四半期	当期第3四半期累計	連結	実績			ApplyingOfSpecificAccountingOfTheConsolidatedQuarterlyFinancialStatements			無	CurrentAccumulatedQ3Duration_ConsolidatedMember_ResultMember	/disc/141A0/081220250514548553_tse-qcedjpsm-141A0-202505143141A0-ixbrl.htm
2025-05-14	四半期	当期第3四半期累計	連結	実績		会計基準等の改正に伴う変更	ChangesBasedOnRevisionsOfAccountingStandard			有	CurrentAccumulatedQ3Duration_ConsolidatedMember_ResultMember	/disc/141A0/081220250514548553_tse-qcedjpsm-141A0-202505143141A0-ixbrl.htm
2025-05-14	四半期	当期第3四半期累計	連結	実績		それ以外の会計方針の変更	ChangesOtherThanOnesBasedOnRevisionsOfAccountingStandard			無	CurrentAccumulatedQ3Duration_ConsolidatedMember_ResultMember	/disc/141A0/081220250514548553_tse-qcedjpsm-141A0-202505143141A0-ixbrl.htm
2025-05-14	四半期	当期第3四半期累計	連結	実績		会計上の見積りの変更	ChangesInAccountingEstimates			無	CurrentAccumulatedQ3Duration_ConsolidatedMember_ResultMember	/disc/141A0/081220250514548553_tse-qcedjpsm-141A0-202505143141A0-ixbrl.htm
2025-05-14	四半期	当期第3四半期累計	連結	実績		修正再表示	RetrospectiveRestatement			無	CurrentAccumulatedQ3Duration_ConsolidatedMember_ResultMember	/disc/141A0/081220250514548553_tse-qcedjpsm-141A0-202505143141A0-ixbrl.htm
2025-05-14	四半期	当期第3四半期累計	連結	実績			NoteToChangesInAccountingPoliciesAccountingEstimatesAndRetrospectiveRestatementQuarterlyConsolidated			（注）詳細は、添付資料８ページ「２．四半期連結財務諸表及び主な注記（３）四半期連結財務諸表に関する注記事項（会計方針の変更に関する注記）」をご覧ください。	CurrentAccumulatedQ3Duration_ConsolidatedMember_ResultMember	/disc/141A0/081220250514548553_tse-qcedjpsm-141A0-202505143141A0-ixbrl.htm
2025-05-14	四半期	当期第3四半期累計	単体	実績		期末発行済株式数(自己株式を含む)	NumberOfIssuedAndOutstandingSharesAtTheEndOfFiscalYearIncludingTreasuryStock	122356500	Shares	122,356,500	CurrentAccumulatedQ3Instant_NonConsolidatedMember_ResultMember	/disc/141A0/081220250514548553_tse-qcedjpsm-141A0-202505143141A0-ixbrl.htm
2025-05-14	四半期	前期	単体	実績		期末発行済株式数(自己株式を含む)	NumberOfIssuedAndOutstandingSharesAtTheEndOfFiscalYearIncludingTreasuryStock	122318300	Shares	122,318,300	PriorYearInstant_NonConsolidatedMember_ResultMember	/disc/141A0/081220250514548553_tse-qcedjpsm-141A0-202505143141A0-ixbrl.htm
2025-05-14	四半期	当期第3四半期累計	単体	実績		期末自己株式数	NumberOfTreasuryStockAtTheEndOfFiscalYear	74969	Shares	74,969	CurrentAccumulatedQ3Instant_NonConsolidatedMember_ResultMember	/disc/141A0/081220250514548553_tse-qcedjpsm-141A0-202505143141A0-ixbrl.htm
2025-05-14	四半期	前期	単体	実績		期末自己株式数	NumberOfTreasuryStockAtTheEndOfFiscalYear	370900	Shares	370,900	PriorYearInstant_NonConsolidatedMember_ResultMember	/disc/141A0/081220250514548553_tse-qcedjpsm-141A0-202505143141A0-ixbrl.htm
2025-05-14	四半期	当期第3四半期累計	単体	実績		期中平均株式数	AverageNumberOfShares	122064889	Shares	122,064,889	CurrentAccumulatedQ3Duration_NonConsolidatedMember_ResultMember	/disc/141A0/081220250514548553_tse-qcedjpsm-141A0-202505143141A0-ixbrl.htm
2025-05-14	四半期	前期第3四半期累計	単体	実績		期中平均株式数	AverageNumberOfShares	98167500	Shares	98,167,500	PriorAccumulatedQ3Duration_NonConsolidatedMember_ResultMember	/disc/141A0/081220250514548553_tse-qcedjpsm-141A0-202505143141A0-ixbrl.htm
2025-05-14	四半期	当期第3四半期累計					ReviewOfAttachedConsolidatedQuarterlyFinancialStatementsByACertifiedPublicAccountantOrAnAuditFirm			無	CurrentAccumulatedQ3Duration	/disc/141A0/081220250514548553_tse-qcedjpsm-141A0-202505143141A0-ixbrl.htm
2025-05-14	四半期	当期				将来情報の利用に関する注意	NotesForUsingForecastedInformationAndOthers			（将来に関する記述等についてのご注意） 本資料に記載される業績見通し等の将来に関する記述は、当社が現在入手している情報及び合理的であると判断する一定の前提に基づいており、その達成を当社として約束する趣旨のものではありません。また、実際の業績等はさまざまな要因により大きく異なる可能性があります。業績予想の前提となる条件及び業績予想のご利用に当たっての注意事項等については、添付資料３ページ「１．経営成績等の概況（３）連結業績予想などの将来予測情報に関する説明」をご覧ください。&#160;（決算補足説明資料及び決算説明会内容の入手方法） 当社は、2025年５月15日（木）に機関投資家及びアナリスト向けに決算説明会を開催する予定です。当日使用する決算説明会資料は、当社ウェブサイトに掲載する予定です。	CurrentYearDuration	/disc/141A0/081220250514548553_tse-qcedjpsm-141A0-202505143141A0-ixbrl.htm
2025-05-14	四半期	当期				決算期末	FiscalYearEnd			2025-06-30	CurrentYearInstant	/disc/141A0/081220250514548553_tse-qcedjpsm-141A0-202505143141A0-ixbrl.htm
2025-05-14	四半期	当期第3四半期累計				四半期	QuarterlyPeriod	3	Pure	3	CurrentAccumulatedQ3Instant	/disc/141A0/081220250514548553_tse-qcedjpsm-141A0-202505143141A0-ixbrl.htm
2025-08-13	年次	当期				書類名	DocumentName			決算短信〔日本基準〕（連結）	CurrentYearInstant	/disc/141A0/081220250813540315_tse-acedjpsm-141A0-202508133141A0-ixbrl.htm
2025-08-13	年次	当期				提出日	FilingDate			2025年８月13日	CurrentYearInstant	/disc/141A0/081220250813540315_tse-acedjpsm-141A0-202508133141A0-ixbrl.htm
2025-08-13	年次	当期				会社名	CompanyName			株式会社トライアルホールディングス	CurrentYearInstant	/disc/141A0/081220250813540315_tse-acedjpsm-141A0-202508133141A0-ixbrl.htm
2025-08-13	年次	当期					TokyoStockExchange			東	CurrentYearInstant	/disc/141A0/081220250813540315_tse-acedjpsm-141A0-202508133141A0-ixbrl.htm
2025-08-13	年次	当期				証券コード	SecuritiesCode			141A	CurrentYearInstant	/disc/141A0/081220250813540315_tse-acedjpsm-141A0-202508133141A0-ixbrl.htm
2025-08-13	年次	当期				URL	URL			https://trial-holdings.inc	CurrentYearInstant	/disc/141A0/081220250813540315_tse-acedjpsm-141A0-202508133141A0-ixbrl.htm
2025-08-13	年次	当期				代表者の役職	TitleRepresentative			代表取締役社長	CurrentYearInstant	/disc/141A0/081220250813540315_tse-acedjpsm-141A0-202508133141A0-ixbrl.htm
2025-08-13	年次	当期				代表者名	NameRepresentative			永田 洋幸	CurrentYearInstant	/disc/141A0/081220250813540315_tse-acedjpsm-141A0-202508133141A0-ixbrl.htm
2025-08-13	年次	当期					TitleInquiries			上席執行役員グループ経営財務部長	CurrentYearInstant	/disc/141A0/081220250813540315_tse-acedjpsm-141A0-202508133141A0-ixbrl.htm
2025-08-13	年次	当期					NameInquiries			桐島 一寿	CurrentYearInstant	/disc/141A0/081220250813540315_tse-acedjpsm-141A0-202508133141A0-ixbrl.htm
2025-08-13	年次	当期					Tel			03（6435）6308	CurrentYearInstant	/disc/141A0/081220250813540315_tse-acedjpsm-141A0-202508133141A0-ixbrl.htm
2025-08-13	年次	当期					DateOfGeneralShareholdersMeetingAsPlanned			2025年９月26日	CurrentYearInstant	/disc/141A0/081220250813540315_tse-acedjpsm-141A0-202508133141A0-ixbrl.htm
2025-08-13	年次	当期					DividendPayableDateAsPlanned			2025年９月29日	CurrentYearInstant	/disc/141A0/081220250813540315_tse-acedjpsm-141A0-202508133141A0-ixbrl.htm
2025-08-13	年次	当期					AnnualSecuritiesReportFilingDateAsPlanned			2025年９月26日	CurrentYearInstant	/disc/141A0/081220250813540315_tse-acedjpsm-141A0-202508133141A0-ixbrl.htm
2025-08-13	年次	当期					SupplementalMaterialOfAnnualResults			有	CurrentYearInstant	/disc/141A0/081220250813540315_tse-acedjpsm-141A0-202508133141A0-ixbrl.htm
2025-08-13	年次	当期					ConveningBriefingOfAnnualResults			有	CurrentYearInstant	/disc/141A0/081220250813540315_tse-acedjpsm-141A0-202508133141A0-ixbrl.htm
2025-08-13	年次	当期					TargetAudienceBriefingOfAnnualResults			（機関投資家・アナリスト向け）	CurrentYearInstant	/disc/141A0/081220250813540315_tse-acedjpsm-141A0-202508133141A0-ixbrl.htm
2025-08-13	年次	当期					NoteToFractionProcessingMethod			（百万円未満切捨て）	CurrentYearInstant	/disc/141A0/081220250813540315_tse-acedjpsm-141A0-202508133141A0-ixbrl.htm
2025-08-13	年次	当期	連結	実績		売上高	NetSales	803829000000	JPY	803,829	CurrentYearDuration_ConsolidatedMember_ResultMember	/disc/141A0/081220250813540315_tse-acedjpsm-141A0-202508133141A0-ixbrl.htm
2025-08-13	年次	当期	連結	実績		売上高の増減率	ChangeInNetSales	0.120	Pure	12.0	CurrentYearDuration_ConsolidatedMember_ResultMember	/disc/141A0/081220250813540315_tse-acedjpsm-141A0-202508133141A0-ixbrl.htm
2025-08-13	年次	当期	連結	実績		営業利益	OperatingIncome	21106000000	JPY	21,106	CurrentYearDuration_ConsolidatedMember_ResultMember	/disc/141A0/081220250813540315_tse-acedjpsm-141A0-202508133141A0-ixbrl.htm
2025-08-13	年次	当期	連結	実績		営業利益の増減率	ChangeInOperatingIncome	0.102	Pure	10.2	CurrentYearDuration_ConsolidatedMember_ResultMember	/disc/141A0/081220250813540315_tse-acedjpsm-141A0-202508133141A0-ixbrl.htm
2025-08-13	年次	当期	連結	実績		経常利益	OrdinaryIncome	22200000000	JPY	22,200	CurrentYearDuration_ConsolidatedMember_ResultMember	/disc/141A0/081220250813540315_tse-acedjpsm-141A0-202508133141A0-ixbrl.htm
2025-08-13	年次	当期	連結	実績		経常利益の増減率	ChangeInOrdinaryIncome	0.122	Pure	12.2	CurrentYearDuration_ConsolidatedMember_ResultMember	/disc/141A0/081220250813540315_tse-acedjpsm-141A0-202508133141A0-ixbrl.htm
2025-08-13	年次	当期	連結	実績		親会社株主に帰属する当期純利益	ProfitAttributableToOwnersOfParent	11752000000	JPY	11,752	CurrentYearDuration_ConsolidatedMember_ResultMember	/disc/141A0/081220250813540315_tse-acedjpsm-141A0-202508133141A0-ixbrl.htm
2025-08-13	年次	当期	連結	実績		親会社株主に帰属する当期純利益の増減率	ChangeInProfitAttributableToOwnersOfParent	0.027	Pure	2.7	CurrentYearDuration_ConsolidatedMember_ResultMember	/disc/141A0/081220250813540315_tse-acedjpsm-141A0-202508133141A0-ixbrl.htm
2025-08-13	年次	前期	連結	実績		売上高	NetSales	717948000000	JPY	717,948	PriorYearDuration_ConsolidatedMember_ResultMember	/disc/141A0/081220250813540315_tse-acedjpsm-141A0-202508133141A0-ixbrl.htm
2025-08-13	年次	前期	連結	実績		売上高の増減率	ChangeInNetSales	0.099	Pure	9.9	PriorYearDuration_ConsolidatedMember_ResultMember	/disc/141A0/081220250813540315_tse-acedjpsm-141A0-202508133141A0-ixbrl.htm
2025-08-13	年次	前期	連結	実績		営業利益	OperatingIncome	19161000000	JPY	19,161	PriorYearDuration_ConsolidatedMember_ResultMember	/disc/141A0/081220250813540315_tse-acedjpsm-141A0-202508133141A0-ixbrl.htm
2025-08-13	年次	前期	連結	実績		営業利益の増減率	ChangeInOperatingIncome	0.372	Pure	37.2	PriorYearDuration_ConsolidatedMember_ResultMember	/disc/141A0/081220250813540315_tse-acedjpsm-141A0-202508133141A0-ixbrl.htm
2025-08-13	年次	前期	連結	実績		経常利益	OrdinaryIncome	19789000000	JPY	19,789	PriorYearDuration_ConsolidatedMember_ResultMember	/disc/141A0/081220250813540315_tse-acedjpsm-141A0-202508133141A0-ixbrl.htm
2025-08-13	年次	前期	連結	実績		経常利益の増減率	ChangeInOrdinaryIncome	0.378	Pure	37.8	PriorYearDuration_ConsolidatedMember_ResultMember	/disc/141A0/081220250813540315_tse-acedjpsm-141A0-202508133141A0-ixbrl.htm
2025-08-13	年次	前期	連結	実績		親会社株主に帰属する当期純利益	ProfitAttributableToOwnersOfParent	11439000000	JPY	11,439	PriorYearDuration_ConsolidatedMember_ResultMember	/disc/141A0/081220250813540315_tse-acedjpsm-141A0-202508133141A0-ixbrl.htm
2025-08-13	年次	前期	連結	実績		親会社株主に帰属する当期純利益の増減率	ChangeInProfitAttributableToOwnersOfParent	0.415	Pure	41.5	PriorYearDuration_ConsolidatedMember_ResultMember	/disc/141A0/081220250813540315_tse-acedjpsm-141A0-202508133141A0-ixbrl.htm
2025-08-13	年次	当期	連結	実績		包括利益	ComprehensiveIncome	11879000000	JPY	11,879	CurrentYearDuration_ConsolidatedMember_ResultMember	/disc/141A0/081220250813540315_tse-acedjpsm-141A0-202508133141A0-ixbrl.htm
2025-08-13	年次	当期	連結	実績		包括利益の増減率	ChangeInComprehensiveIncome	-0.019	Pure	1.9	CurrentYearDuration_ConsolidatedMember_ResultMember	/disc/141A0/081220250813540315_tse-acedjpsm-141A0-202508133141A0-ixbrl.htm
2025-08-13	年次	前期	連結	実績		包括利益	ComprehensiveIncome	12110000000	JPY	12,110	PriorYearDuration_ConsolidatedMember_ResultMember	/disc/141A0/081220250813540315_tse-acedjpsm-141A0-202508133141A0-ixbrl.htm
2025-08-13	年次	前期	連結	実績		包括利益の増減率	ChangeInComprehensiveIncome	0.396	Pure	39.6	PriorYearDuration_ConsolidatedMember_ResultMember	/disc/141A0/081220250813540315_tse-acedjpsm-141A0-202508133141A0-ixbrl.htm
2025-08-13	年次	当期	連結	実績		1株当たり当期純利益	NetIncomePerShare	96.23	JPYPerShares	96.23	CurrentYearDuration_ConsolidatedMember_ResultMember	/disc/141A0/081220250813540315_tse-acedjpsm-141A0-202508133141A0-ixbrl.htm
2025-08-13	年次	当期	連結	実績		潜在株式調整後1株当たり当期純利益	DilutedNetIncomePerShare	95.52	JPYPerShares	95.52	CurrentYearDuration_ConsolidatedMember_ResultMember	/disc/141A0/081220250813540315_tse-acedjpsm-141A0-202508133141A0-ixbrl.htm
2025-08-13	年次	当期	連結	実績		自己資本当期純利益率(ROE)	NetIncomeToShareholdersEquityRatio	0.097	Pure	9.7	CurrentYearDuration_ConsolidatedMember_ResultMember	/disc/141A0/081220250813540315_tse-acedjpsm-141A0-202508133141A0-ixbrl.htm
2025-08-13	年次	当期	連結	実績		総資産経常利益率(ROA)	OrdinaryIncomeToTotalAssetsRatio	0.076	Pure	7.6	CurrentYearDuration_ConsolidatedMember_ResultMember	/disc/141A0/081220250813540315_tse-acedjpsm-141A0-202508133141A0-ixbrl.htm
2025-08-13	年次	当期	連結	実績		売上高営業利益率	OperatingIncomeToNetSalesRatio	0.026	Pure	2.6	CurrentYearDuration_ConsolidatedMember_ResultMember	/disc/141A0/081220250813540315_tse-acedjpsm-141A0-202508133141A0-ixbrl.htm
2025-08-13	年次	前期	連結	実績		1株当たり当期純利益	NetIncomePerShare	109.77	JPYPerShares	109.77	PriorYearDuration_ConsolidatedMember_ResultMember	/disc/141A0/081220250813540315_tse-acedjpsm-141A0-202508133141A0-ixbrl.htm
2025-08-13	年次	前期	連結	実績		潜在株式調整後1株当たり当期純利益	DilutedNetIncomePerShare	108.79	JPYPerShares	108.79	PriorYearDuration_ConsolidatedMember_ResultMember	/disc/141A0/081220250813540315_tse-acedjpsm-141A0-202508133141A0-ixbrl.htm
2025-08-13	年次	前期	連結	実績		自己資本当期純利益率(ROE)	NetIncomeToShareholdersEquityRatio	0.126	Pure	12.6	PriorYearDuration_ConsolidatedMember_ResultMember	/disc/141A0/081220250813540315_tse-acedjpsm-141A0-202508133141A0-ixbrl.htm
2025-08-13	年次	前期	連結	実績		総資産経常利益率(ROA)	OrdinaryIncomeToTotalAssetsRatio	0.082	Pure	8.2	PriorYearDuration_ConsolidatedMember_ResultMember	/disc/141A0/081220250813540315_tse-acedjpsm-141A0-202508133141A0-ixbrl.htm
2025-08-13	年次	前期	連結	実績		売上高営業利益率	OperatingIncomeToNetSalesRatio	0.027	Pure	2.7	PriorYearDuration_ConsolidatedMember_ResultMember	/disc/141A0/081220250813540315_tse-acedjpsm-141A0-202508133141A0-ixbrl.htm
2025-08-13	年次	当期	連結	実績		持分法投資損益	InvestmentProfitLossOnEquityMethod	460000000	JPY	460	CurrentYearDuration_ConsolidatedMember_ResultMember	/disc/141A0/081220250813540315_tse-acedjpsm-141A0-202508133141A0-ixbrl.htm
2025-08-13	年次	前期	連結	実績		持分法投資損益	InvestmentProfitLossOnEquityMethod	533000000	JPY	533	PriorYearDuration_ConsolidatedMember_ResultMember	/disc/141A0/081220250813540315_tse-acedjpsm-141A0-202508133141A0-ixbrl.htm
2025-08-13	年次	当期	連結	実績		経営成績の注記	NoteToOperatingResults			（注）2024年６月期の潜在株式調整後１株当たり当期純利益については、2024年３月21日付で東京証券取引所グロース市場に上場したため、新規上場日から2024年６月期の末日までの平均株価を期中平均株価とみなして算定しております。	CurrentYearDuration_ConsolidatedMember_ResultMember	/disc/141A0/081220250813540315_tse-acedjpsm-141A0-202508133141A0-ixbrl.htm
2025-08-13	年次	当期	連結	実績		総資産	TotalAssets	300283000000	JPY	300,283	CurrentYearInstant_ConsolidatedMember_ResultMember	/disc/141A0/081220250813540315_tse-acedjpsm-141A0-202508133141A0-ixbrl.htm
2025-08-13	年次	当期	連結	実績		純資産	NetAssets	129028000000	JPY	129,028	CurrentYearInstant_ConsolidatedMember_ResultMember	/disc/141A0/081220250813540315_tse-acedjpsm-141A0-202508133141A0-ixbrl.htm
2025-08-13	年次	当期	連結	実績		自己資本比率	CapitalAdequacyRatio	0.420	Pure	42.0	CurrentYearInstant_ConsolidatedMember_ResultMember	/disc/141A0/081220250813540315_tse-acedjpsm-141A0-202508133141A0-ixbrl.htm
2025-08-13	年次	当期	連結	実績		1株当たり純資産	NetAssetsPerShare	1031.30	JPYPerShares	1,031.30	CurrentYearInstant_ConsolidatedMember_ResultMember	/disc/141A0/081220250813540315_tse-acedjpsm-141A0-202508133141A0-ixbrl.htm
2025-08-13	年次	前期	連結	実績		総資産	TotalAssets	283627000000	JPY	283,627	PriorYearInstant_ConsolidatedMember_ResultMember	/disc/141A0/081220250813540315_tse-acedjpsm-141A0-202508133141A0-ixbrl.htm
2025-08-13	年次	前期	連結	実績		純資産	NetAssets	118187000000	JPY	118,187	PriorYearInstant_ConsolidatedMember_ResultMember	/disc/141A0/081220250813540315_tse-acedjpsm-141A0-202508133141A0-ixbrl.htm
2025-08-13	年次	前期	連結	実績		自己資本比率	CapitalAdequacyRatio	0.408	Pure	40.8	PriorYearInstant_ConsolidatedMember_ResultMember	/disc/141A0/081220250813540315_tse-acedjpsm-141A0-202508133141A0-ixbrl.htm
2025-08-13	年次	前期	連結	実績		1株当たり純資産	NetAssetsPerShare	948.64	JPYPerShares	948.64	PriorYearInstant_ConsolidatedMember_ResultMember	/disc/141A0/081220250813540315_tse-acedjpsm-141A0-202508133141A0-ixbrl.htm
2025-08-13	年次	当期	連結	実績		自己資本	OwnersEquity	126125000000	JPY	126,125	CurrentYearInstant_ConsolidatedMember_ResultMember	/disc/141A0/081220250813540315_tse-acedjpsm-141A0-202508133141A0-ixbrl.htm
2025-08-13	年次	前期	連結	実績		自己資本	OwnersEquity	115684000000	JPY	115,684	PriorYearInstant_ConsolidatedMember_ResultMember	/disc/141A0/081220250813540315_tse-acedjpsm-141A0-202508133141A0-ixbrl.htm
2025-08-13	年次	当期	連結	実績		営業キャッシュフロー	CashFlowsFromOperatingActivities	-4446000000	JPY	4,446	CurrentYearDuration_ConsolidatedMember_ResultMember	/disc/141A0/081220250813540315_tse-acedjpsm-141A0-202508133141A0-ixbrl.htm
2025-08-13	年次	当期	連結	実績		投資キャッシュフロー	CashFlowsFromInvestingActivities	-35892000000	JPY	35,892	CurrentYearDuration_ConsolidatedMember_ResultMember	/disc/141A0/081220250813540315_tse-acedjpsm-141A0-202508133141A0-ixbrl.htm
2025-08-13	年次	当期	連結	実績		財務キャッシュフロー	CashFlowsFromFinancingActivities	20770000000	JPY	20,770	CurrentYearDuration_ConsolidatedMember_ResultMember	/disc/141A0/081220250813540315_tse-acedjpsm-141A0-202508133141A0-ixbrl.htm
2025-08-13	年次	当期	連結	実績		現金及び現金同等物の期末残高	CashAndEquivalentsEndOfPeriod	72325000000	JPY	72,325	CurrentYearInstant_ConsolidatedMember_ResultMember	/disc/141A0/081220250813540315_tse-acedjpsm-141A0-202508133141A0-ixbrl.htm
2025-08-13	年次	前期	連結	実績		営業キャッシュフロー	CashFlowsFromOperatingActivities	59497000000	JPY	59,497	PriorYearDuration_ConsolidatedMember_ResultMember	/disc/141A0/081220250813540315_tse-acedjpsm-141A0-202508133141A0-ixbrl.htm
2025-08-13	年次	前期	連結	実績		投資キャッシュフロー	CashFlowsFromInvestingActivities	-26005000000	JPY	26,005	PriorYearDuration_ConsolidatedMember_ResultMember	/disc/141A0/081220250813540315_tse-acedjpsm-141A0-202508133141A0-ixbrl.htm
2025-08-13	年次	前期	連結	実績		財務キャッシュフロー	CashFlowsFromFinancingActivities	34503000000	JPY	34,503	PriorYearDuration_ConsolidatedMember_ResultMember	/disc/141A0/081220250813540315_tse-acedjpsm-141A0-202508133141A0-ixbrl.htm
2025-08-13	年次	前期	連結	実績		現金及び現金同等物の期末残高	CashAndEquivalentsEndOfPeriod	91947000000	JPY	91,947	PriorYearInstant_ConsolidatedMember_ResultMember	/disc/141A0/081220250813540315_tse-acedjpsm-141A0-202508133141A0-ixbrl.htm
2025-08-13	年次	前期	単体	実績	第2四半期末	1株当たり配当金	DividendPerShare	0.00	JPYPerShares	0.00	PriorYearDuration_SecondQuarterMember_NonConsolidatedMember_ResultMember	/disc/141A0/081220250813540315_tse-acedjpsm-141A0-202508133141A0-ixbrl.htm
2025-08-13	年次	前期	単体	実績	期末	1株当たり配当金	DividendPerShare	15.00	JPYPerShares	15.00	PriorYearDuration_YearEndMember_NonConsolidatedMember_ResultMember	/disc/141A0/081220250813540315_tse-acedjpsm-141A0-202508133141A0-ixbrl.htm
2025-08-13	年次	前期	単体	実績	合計	1株当たり配当金	DividendPerShare	15.00	JPYPerShares	15.00	PriorYearDuration_AnnualMember_NonConsolidatedMember_ResultMember	/disc/141A0/081220250813540315_tse-acedjpsm-141A0-202508133141A0-ixbrl.htm
2025-08-13	年次	前期	単体	実績	合計	配当金総額	TotalDividendPaidAnnual	1829000000	JPY	1,829	PriorYearDuration_AnnualMember_NonConsolidatedMember_ResultMember	/disc/141A0/081220250813540315_tse-acedjpsm-141A0-202508133141A0-ixbrl.htm
2025-08-13	年次	前期	連結	実績	合計	配当性向	PayoutRatio	0.137	Pure	13.7	PriorYearDuration_AnnualMember_ConsolidatedMember_ResultMember	/disc/141A0/081220250813540315_tse-acedjpsm-141A0-202508133141A0-ixbrl.htm
2025-08-13	年次	前期	連結	実績	合計	純資産配当率	RatioOfTotalAmountOfDividendsToNetAssets	0.019	Pure	1.9	PriorYearDuration_AnnualMember_ConsolidatedMember_ResultMember	/disc/141A0/081220250813540315_tse-acedjpsm-141A0-202508133141A0-ixbrl.htm
2025-08-13	年次	当期	単体	実績	第2四半期末	1株当たり配当金	DividendPerShare	0.00	JPYPerShares	0.00	CurrentYearDuration_SecondQuarterMember_NonConsolidatedMember_ResultMember	/disc/141A0/081220250813540315_tse-acedjpsm-141A0-202508133141A0-ixbrl.htm
2025-08-13	年次	当期	単体	実績	期末	1株当たり配当金	DividendPerShare	16.00	JPYPerShares	16.00	CurrentYearDuration_YearEndMember_NonConsolidatedMember_ResultMember	/disc/141A0/081220250813540315_tse-acedjpsm-141A0-202508133141A0-ixbrl.htm
2025-08-13	年次	当期	単体	実績	合計	1株当たり配当金	DividendPerShare	16.00	JPYPerShares	16.00	CurrentYearDuration_AnnualMember_NonConsolidatedMember_ResultMember	/disc/141A0/081220250813540315_tse-acedjpsm-141A0-202508133141A0-ixbrl.htm
2025-08-13	年次	当期	単体	実績	合計	配当金総額	TotalDividendPaidAnnual	1956000000	JPY	1,956	CurrentYearDuration_AnnualMember_NonConsolidatedMember_ResultMember	/disc/141A0/081220250813540315_tse-acedjpsm-141A0-202508133141A0-ixbrl.htm
2025-08-13	年次	当期	連結	実績	合計	配当性向	PayoutRatio	0.166	Pure	16.6	CurrentYearDuration_AnnualMember_ConsolidatedMember_ResultMember	/disc/141A0/081220250813540315_tse-acedjpsm-141A0-202508133141A0-ixbrl.htm
2025-08-13	年次	当期	連結	実績	合計	純資産配当率	RatioOfTotalAmountOfDividendsToNetAssets	0.016	Pure	1.6	CurrentYearDuration_AnnualMember_ConsolidatedMember_ResultMember	/disc/141A0/081220250813540315_tse-acedjpsm-141A0-202508133141A0-ixbrl.htm
2025-08-13	年次	来期	単体	予想	第2四半期末	1株当たり配当金	DividendPerShare	0.00	JPYPerShares	0.00	NextYearDuration_SecondQuarterMember_NonConsolidatedMember_ForecastMember	/disc/141A0/081220250813540315_tse-acedjpsm-141A0-202508133141A0-ixbrl.htm
2025-08-13	年次	来期	単体	予想	期末	1株当たり配当金	DividendPerShare	16.00	JPYPerShares	16.00	NextYearDuration_YearEndMember_NonConsolidatedMember_ForecastMember	/disc/141A0/081220250813540315_tse-acedjpsm-141A0-202508133141A0-ixbrl.htm
2025-08-13	年次	来期	単体	予想	合計	1株当たり配当金	DividendPerShare	16.00	JPYPerShares	16.00	NextYearDuration_AnnualMember_NonConsolidatedMember_ForecastMember	/disc/141A0/081220250813540315_tse-acedjpsm-141A0-202508133141A0-ixbrl.htm
2025-08-13	年次	来期	連結	予想	合計	配当性向	PayoutRatio	3.914	Pure	391.4	NextYearDuration_AnnualMember_ConsolidatedMember_ForecastMember	/disc/141A0/081220250813540315_tse-acedjpsm-141A0-202508133141A0-ixbrl.htm
2025-08-13	年次	来期	連結	予想		業績予想の見出し	TitleForForecasts			３．2026年６月期の連結業績予想（2025年７月１日～2026年６月30日）	NextYearDuration_ConsolidatedMember_ForecastMember	/disc/141A0/081220250813540315_tse-acedjpsm-141A0-202508133141A0-ixbrl.htm
2025-08-13	年次		連結	予想		売上高	NetSales	664200000000	JPY	664,200	NextAccumulatedQ2Duration_ConsolidatedMember_ForecastMember	/disc/141A0/081220250813540315_tse-acedjpsm-141A0-202508133141A0-ixbrl.htm
2025-08-13	年次		連結	予想		売上高の増減率	ChangeInNetSales	0.645	Pure	64.5	NextAccumulatedQ2Duration_ConsolidatedMember_ForecastMember	/disc/141A0/081220250813540315_tse-acedjpsm-141A0-202508133141A0-ixbrl.htm
2025-08-13	年次		連結	予想		営業利益	OperatingIncome	10400000000	JPY	10,400	NextAccumulatedQ2Duration_ConsolidatedMember_ForecastMember	/disc/141A0/081220250813540315_tse-acedjpsm-141A0-202508133141A0-ixbrl.htm
2025-08-13	年次		連結	予想		営業利益の増減率	ChangeInOperatingIncome	0.072	Pure	7.2	NextAccumulatedQ2Duration_ConsolidatedMember_ForecastMember	/disc/141A0/081220250813540315_tse-acedjpsm-141A0-202508133141A0-ixbrl.htm
2025-08-13	年次		連結	予想		経常利益	OrdinaryIncome	7800000000	JPY	7,800	NextAccumulatedQ2Duration_ConsolidatedMember_ForecastMember	/disc/141A0/081220250813540315_tse-acedjpsm-141A0-202508133141A0-ixbrl.htm
2025-08-13	年次		連結	予想		経常利益の増減率	ChangeInOrdinaryIncome	-0.266	Pure	26.6	NextAccumulatedQ2Duration_ConsolidatedMember_ForecastMember	/disc/141A0/081220250813540315_tse-acedjpsm-141A0-202508133141A0-ixbrl.htm
2025-08-13	年次		連結	予想		親会社株主に帰属する当期純利益	ProfitAttributableToOwnersOfParent	800000000	JPY	800	NextAccumulatedQ2Duration_ConsolidatedMember_ForecastMember	/disc/141A0/081220250813540315_tse-acedjpsm-141A0-202508133141A0-ixbrl.htm
2025-08-13	年次		連結	予想		親会社株主に帰属する当期純利益の増減率	ChangeInProfitAttributableToOwnersOfParent	-0.870	Pure	87.0	NextAccumulatedQ2Duration_ConsolidatedMember_ForecastMember	/disc/141A0/081220250813540315_tse-acedjpsm-141A0-202508133141A0-ixbrl.htm
2025-08-13	年次		連結	予想		1株当たり当期純利益	NetIncomePerShare	6.54	JPYPerShares	6.54	NextAccumulatedQ2Duration_ConsolidatedMember_ForecastMember	/disc/141A0/081220250813540315_tse-acedjpsm-141A0-202508133141A0-ixbrl.htm
2025-08-13	年次	来期	連結	予想		売上高	NetSales	1322500000000	JPY	1,322,500	NextYearDuration_ConsolidatedMember_ForecastMember	/disc/141A0/081220250813540315_tse-acedjpsm-141A0-202508133141A0-ixbrl.htm
2025-08-13	年次	来期	連結	予想		売上高の増減率	ChangeInNetSales	0.645	Pure	64.5	NextYearDuration_ConsolidatedMember_ForecastMember	/disc/141A0/081220250813540315_tse-acedjpsm-141A0-202508133141A0-ixbrl.htm
2025-08-13	年次	来期	連結	予想		営業利益	OperatingIncome	25400000000	JPY	25,400	NextYearDuration_ConsolidatedMember_ForecastMember	/disc/141A0/081220250813540315_tse-acedjpsm-141A0-202508133141A0-ixbrl.htm
2025-08-13	年次	来期	連結	予想		営業利益の増減率	ChangeInOperatingIncome	0.203	Pure	20.3	NextYearDuration_ConsolidatedMember_ForecastMember	/disc/141A0/081220250813540315_tse-acedjpsm-141A0-202508133141A0-ixbrl.htm
2025-08-13	年次	来期	連結	予想		経常利益	OrdinaryIncome	13900000000	JPY	13,900	NextYearDuration_ConsolidatedMember_ForecastMember	/disc/141A0/081220250813540315_tse-acedjpsm-141A0-202508133141A0-ixbrl.htm
2025-08-13	年次	来期	連結	予想		経常利益の増減率	ChangeInOrdinaryIncome	-0.374	Pure	37.4	NextYearDuration_ConsolidatedMember_ForecastMember	/disc/141A0/081220250813540315_tse-acedjpsm-141A0-202508133141A0-ixbrl.htm
2025-08-13	年次	来期	連結	予想		親会社株主に帰属する当期純利益	ProfitAttributableToOwnersOfParent	500000000	JPY	500	NextYearDuration_ConsolidatedMember_ForecastMember	/disc/141A0/081220250813540315_tse-acedjpsm-141A0-202508133141A0-ixbrl.htm
2025-08-13	年次	来期	連結	予想		親会社株主に帰属する当期純利益の増減率	ChangeInProfitAttributableToOwnersOfParent	-0.957	Pure	95.7	NextYearDuration_ConsolidatedMember_ForecastMember	/disc/141A0/081220250813540315_tse-acedjpsm-141A0-202508133141A0-ixbrl.htm
2025-08-13	年次	来期	連結	予想		1株当たり当期純利益	NetIncomePerShare	4.09	JPYPerShares	4.09	NextYearDuration_ConsolidatedMember_ForecastMember	/disc/141A0/081220250813540315_tse-acedjpsm-141A0-202508133141A0-ixbrl.htm
2025-08-13	年次	当期	連結	実績		期中の連結範囲の重要な変更	SignificantChangesInTheScopeOfConsolidationDuringThePeriod			有	CurrentYearDuration_ConsolidatedMember_ResultMember	/disc/141A0/081220250813540315_tse-acedjpsm-141A0-202508133141A0-ixbrl.htm
2025-08-13	年次	当期	連結	実績		新規連結子会社数	NumberOfSubsidiariesNewlyConsolidated	4	NumberOfCompanies	4	CurrentYearDuration_ConsolidatedMember_ResultMember	/disc/141A0/081220250813540315_tse-acedjpsm-141A0-202508133141A0-ixbrl.htm
2025-08-13	年次	当期	連結	実績		新規連結子会社の名称	NameOfSubsidiariesNewlyConsolidated			株式会社トライアルGO、株式会社トライアルフードパーク、株式会社魚寅、 拓鋭安（上海）科技有限公司、	CurrentYearDuration_ConsolidatedMember_ResultMember	/disc/141A0/081220250813540315_tse-acedjpsm-141A0-202508133141A0-ixbrl.htm
2025-08-13	年次	当期	連結	実績		会計基準等の改正に伴う変更	ChangesBasedOnRevisionsOfAccountingStandard			有	CurrentYearDuration_ConsolidatedMember_ResultMember	/disc/141A0/081220250813540315_tse-acedjpsm-141A0-202508133141A0-ixbrl.htm
2025-08-13	年次	当期	連結	実績		それ以外の会計方針の変更	ChangesOtherThanOnesBasedOnRevisionsOfAccountingStandard			無	CurrentYearDuration_ConsolidatedMember_ResultMember	/disc/141A0/081220250813540315_tse-acedjpsm-141A0-202508133141A0-ixbrl.htm
2025-08-13	年次	当期	連結	実績		会計上の見積りの変更	ChangesInAccountingEstimates			無	CurrentYearDuration_ConsolidatedMember_ResultMember	/disc/141A0/081220250813540315_tse-acedjpsm-141A0-202508133141A0-ixbrl.htm
2025-08-13	年次	当期	連結	実績		修正再表示	RetrospectiveRestatement			無	CurrentYearDuration_ConsolidatedMember_ResultMember	/disc/141A0/081220250813540315_tse-acedjpsm-141A0-202508133141A0-ixbrl.htm
2025-08-13	年次	当期	単体	実績		期末発行済株式数(自己株式を含む)	NumberOfIssuedAndOutstandingSharesAtTheEndOfFiscalYearIncludingTreasuryStock	122373300	Shares	122,373,300	CurrentYearInstant_NonConsolidatedMember_ResultMember	/disc/141A0/081220250813540315_tse-acedjpsm-141A0-202508133141A0-ixbrl.htm
2025-08-13	年次	前期	単体	実績		期末発行済株式数(自己株式を含む)	NumberOfIssuedAndOutstandingSharesAtTheEndOfFiscalYearIncludingTreasuryStock	122318300	Shares	122,318,300	PriorYearInstant_NonConsolidatedMember_ResultMember	/disc/141A0/081220250813540315_tse-acedjpsm-141A0-202508133141A0-ixbrl.htm
2025-08-13	年次	当期	単体	実績		期末自己株式数	NumberOfTreasuryStockAtTheEndOfFiscalYear	75169	Shares	75,169	CurrentYearInstant_NonConsolidatedMember_ResultMember	/disc/141A0/081220250813540315_tse-acedjpsm-141A0-202508133141A0-ixbrl.htm
2025-08-13	年次	前期	単体	実績		期末自己株式数	NumberOfTreasuryStockAtTheEndOfFiscalYear	370900	Shares	370,900	PriorYearInstant_NonConsolidatedMember_ResultMember	/disc/141A0/081220250813540315_tse-acedjpsm-141A0-202508133141A0-ixbrl.htm
2025-08-13	年次	当期	単体	実績		期中平均株式数	AverageNumberOfShares	122121989	Shares	122,121,989	CurrentYearDuration_NonConsolidatedMember_ResultMember	/disc/141A0/081220250813540315_tse-acedjpsm-141A0-202508133141A0-ixbrl.htm
2025-08-13	年次	前期	単体	実績		期中平均株式数	AverageNumberOfShares	104215892	Shares	104,215,892	PriorYearDuration_NonConsolidatedMember_ResultMember	/disc/141A0/081220250813540315_tse-acedjpsm-141A0-202508133141A0-ixbrl.htm
2025-08-13	年次	来期				将来情報の利用に関する注意	NotesForUsingForecastedInformationAndOthers			(将来に関する記述等についてのご注意） 本資料に記載される業績見通し等の将来に関する記述は、当社が現在入手している情報及び合理的であると判断する一定の前提に基づいており、その達成を当社として約束する趣旨のものではありません。また、実際の業績等はさまざまな要因により大きく異なる可能性があります。業績予想の前提となる条件及び業績予想のご利用に当たっての注意事項等については、添付資料３ページ「１．経営成績等の概況（４）今後の見通し」をご覧ください。&#160;（決算補足説明資料及び決算説明会内容の入手方法） 当社は、2025年８月14日（木）に機関投資家及びアナリスト向けに決算説明会を開催する予定です。当日使用する決算説明会資料は、当社ウェブサイトに掲載する予定です。&#160;	NextYearDuration	/disc/141A0/081220250813540315_tse-acedjpsm-141A0-202508133141A0-ixbrl.htm
2025-08-13	年次	当期				決算期末	FiscalYearEnd			2025-06-30	CurrentYearInstant	/disc/141A0/081220250813540315_tse-acedjpsm-141A0-202508133141A0-ixbrl.htm
2025-11-13	四半期	当期第1四半期累計				書類名	DocumentName			第１四半期決算短信〔日本基準〕（連結）	CurrentAccumulatedQ1Instant	/disc/141A0/081220251112598691_tse-qcedjpsm-141A0-202511133141A0-ixbrl.htm
2025-11-13	四半期	当期第1四半期累計				提出日	FilingDate			2025年11月13日	CurrentAccumulatedQ1Instant	/disc/141A0/081220251112598691_tse-qcedjpsm-141A0-202511133141A0-ixbrl.htm
2025-11-13	四半期	当期第1四半期累計				会社名	CompanyName			株式会社トライアルホールディングス	CurrentAccumulatedQ1Instant	/disc/141A0/081220251112598691_tse-qcedjpsm-141A0-202511133141A0-ixbrl.htm
2025-11-13	四半期	当期第1四半期累計					TokyoStockExchange			東	CurrentAccumulatedQ1Instant	/disc/141A0/081220251112598691_tse-qcedjpsm-141A0-202511133141A0-ixbrl.htm
2025-11-13	四半期	当期第1四半期累計				証券コード	SecuritiesCode			141A	CurrentAccumulatedQ1Instant	/disc/141A0/081220251112598691_tse-qcedjpsm-141A0-202511133141A0-ixbrl.htm
2025-11-13	四半期	当期第1四半期累計				URL	URL			https://trial-holdings.inc	CurrentAccumulatedQ1Instant	/disc/141A0/081220251112598691_tse-qcedjpsm-141A0-202511133141A0-ixbrl.htm
2025-11-13	四半期	当期第1四半期累計				代表者の役職	TitleRepresentative			代表取締役社長	CurrentAccumulatedQ1Instant	/disc/141A0/081220251112598691_tse-qcedjpsm-141A0-202511133141A0-ixbrl.htm
2025-11-13	四半期	当期第1四半期累計				代表者名	NameRepresentative			永田 洋幸	CurrentAccumulatedQ1Instant	/disc/141A0/081220251112598691_tse-qcedjpsm-141A0-202511133141A0-ixbrl.htm
2025-11-13	四半期	当期第1四半期累計					TitleInquiries			上席執行役員グループ経営財務部長	CurrentAccumulatedQ1Instant	/disc/141A0/081220251112598691_tse-qcedjpsm-141A0-202511133141A0-ixbrl.htm
2025-11-13	四半期	当期第1四半期累計					NameInquiries			桐島 一寿	CurrentAccumulatedQ1Instant	/disc/141A0/081220251112598691_tse-qcedjpsm-141A0-202511133141A0-ixbrl.htm
2025-11-13	四半期	当期第1四半期累計					Tel			03（6435）6308	CurrentAccumulatedQ1Instant	/disc/141A0/081220251112598691_tse-qcedjpsm-141A0-202511133141A0-ixbrl.htm
2025-11-13	四半期	当期第1四半期累計					SupplementalMaterialOfResults			有	CurrentAccumulatedQ1Instant	/disc/141A0/081220251112598691_tse-qcedjpsm-141A0-202511133141A0-ixbrl.htm
2025-11-13	四半期	当期第1四半期累計					ConveningBriefingOfResults			有	CurrentAccumulatedQ1Instant	/disc/141A0/081220251112598691_tse-qcedjpsm-141A0-202511133141A0-ixbrl.htm
2025-11-13	四半期	当期第1四半期累計					TargetForBriefingOfResults			（機関投資家・アナリスト向け）	CurrentAccumulatedQ1Instant	/disc/141A0/081220251112598691_tse-qcedjpsm-141A0-202511133141A0-ixbrl.htm
2025-11-13	四半期	当期第1四半期累計					NoteToFractionProcessingMethod			（百万円未満切捨て）	CurrentAccumulatedQ1Instant	/disc/141A0/081220251112598691_tse-qcedjpsm-141A0-202511133141A0-ixbrl.htm
2025-11-13	四半期	当期第1四半期累計	連結	実績		売上高	NetSales	326617000000	JPY	326,617	CurrentAccumulatedQ1Duration_ConsolidatedMember_ResultMember	/disc/141A0/081220251112598691_tse-qcedjpsm-141A0-202511133141A0-ixbrl.htm
2025-11-13	四半期	当期第1四半期累計	連結	実績		売上高の増減率	ChangeInNetSales	0.668	Pure	66.8	CurrentAccumulatedQ1Duration_ConsolidatedMember_ResultMember	/disc/141A0/081220251112598691_tse-qcedjpsm-141A0-202511133141A0-ixbrl.htm
2025-11-13	四半期	当期第1四半期累計	連結	実績		営業利益	OperatingIncome	5140000000	JPY	5,140	CurrentAccumulatedQ1Duration_ConsolidatedMember_ResultMember	/disc/141A0/081220251112598691_tse-qcedjpsm-141A0-202511133141A0-ixbrl.htm
2025-11-13	四半期	当期第1四半期累計	連結	実績		営業利益の増減率	ChangeInOperatingIncome	0.042	Pure	4.2	CurrentAccumulatedQ1Duration_ConsolidatedMember_ResultMember	/disc/141A0/081220251112598691_tse-qcedjpsm-141A0-202511133141A0-ixbrl.htm
2025-11-13	四半期	当期第1四半期累計	連結	実績		経常利益	OrdinaryIncome	3247000000	JPY	3,247	CurrentAccumulatedQ1Duration_ConsolidatedMember_ResultMember	/disc/141A0/081220251112598691_tse-qcedjpsm-141A0-202511133141A0-ixbrl.htm
2025-11-13	四半期	当期第1四半期累計	連結	実績		経常利益の増減率	ChangeInOrdinaryIncome	-0.383	Pure	38.3	CurrentAccumulatedQ1Duration_ConsolidatedMember_ResultMember	/disc/141A0/081220251112598691_tse-qcedjpsm-141A0-202511133141A0-ixbrl.htm
2025-11-13	四半期	当期第1四半期累計	連結	実績		親会社株主に帰属する当期純利益	ProfitAttributableToOwnersOfParent	-979000000	JPY	979	CurrentAccumulatedQ1Duration_ConsolidatedMember_ResultMember	/disc/141A0/081220251112598691_tse-qcedjpsm-141A0-202511133141A0-ixbrl.htm
2025-11-13	四半期	前期第1四半期累計	連結	実績		売上高	NetSales	195834000000	JPY	195,834	PriorAccumulatedQ1Duration_ConsolidatedMember_ResultMember	/disc/141A0/081220251112598691_tse-qcedjpsm-141A0-202511133141A0-ixbrl.htm
2025-11-13	四半期	前期第1四半期累計	連結	実績		営業利益	OperatingIncome	4931000000	JPY	4,931	PriorAccumulatedQ1Duration_ConsolidatedMember_ResultMember	/disc/141A0/081220251112598691_tse-qcedjpsm-141A0-202511133141A0-ixbrl.htm
2025-11-13	四半期	前期第1四半期累計	連結	実績		経常利益	OrdinaryIncome	5266000000	JPY	5,266	PriorAccumulatedQ1Duration_ConsolidatedMember_ResultMember	/disc/141A0/081220251112598691_tse-qcedjpsm-141A0-202511133141A0-ixbrl.htm
2025-11-13	四半期	前期第1四半期累計	連結	実績		親会社株主に帰属する当期純利益	ProfitAttributableToOwnersOfParent	3160000000	JPY	3,160	PriorAccumulatedQ1Duration_ConsolidatedMember_ResultMember	/disc/141A0/081220251112598691_tse-qcedjpsm-141A0-202511133141A0-ixbrl.htm
2025-11-13	四半期	当期第1四半期累計	連結	実績		包括利益	ComprehensiveIncome	-708000000	JPY	708	CurrentAccumulatedQ1Duration_ConsolidatedMember_ResultMember	/disc/141A0/081220251112598691_tse-qcedjpsm-141A0-202511133141A0-ixbrl.htm
2025-11-13	四半期	前期第1四半期累計	連結	実績		包括利益	ComprehensiveIncome	3016000000	JPY	3,016	PriorAccumulatedQ1Duration_ConsolidatedMember_ResultMember	/disc/141A0/081220251112598691_tse-qcedjpsm-141A0-202511133141A0-ixbrl.htm
2025-11-13	四半期	当期第1四半期累計	連結	実績		1株当たり当期純利益	NetIncomePerShare	-8.01	JPYPerShares	8.01	CurrentAccumulatedQ1Duration_ConsolidatedMember_ResultMember	/disc/141A0/081220251112598691_tse-qcedjpsm-141A0-202511133141A0-ixbrl.htm
2025-11-13	四半期	前期第1四半期累計	連結	実績		1株当たり当期純利益	NetIncomePerShare	25.91	JPYPerShares	25.91	PriorAccumulatedQ1Duration_ConsolidatedMember_ResultMember	/disc/141A0/081220251112598691_tse-qcedjpsm-141A0-202511133141A0-ixbrl.htm
2025-11-13	四半期	前期第1四半期累計	連結	実績		潜在株式調整後1株当たり当期純利益	DilutedNetIncomePerShare	25.69	JPYPerShares	25.69	PriorAccumulatedQ1Duration_ConsolidatedMember_ResultMember	/disc/141A0/081220251112598691_tse-qcedjpsm-141A0-202511133141A0-ixbrl.htm
2025-11-13	四半期	当期第1四半期累計	連結	実績		経営成績の注記	NoteToOperatingResults			（注）１．2024年６月期第１四半期については、四半期連結財務諸表を作成していないため、2025年６月期第１四半期の対前年同四半期増減率は記載しておりません。２．2026年６月期第１四半期の潜在株式調整後１株当たり四半期純利益については、潜在株式は存在するものの、１株当たり四半期純損失であるため記載しておりません。３．EBITDA＝営業利益＋減価償却費＋のれん償却額４．のれん償却前１株当たり四半期純利益＝（親会社株主に帰属する四半期純利益＋のれん償却額）／期中平均株式数	CurrentAccumulatedQ1Duration_ConsolidatedMember_ResultMember	/disc/141A0/081220251112598691_tse-qcedjpsm-141A0-202511133141A0-ixbrl.htm
2025-11-13	四半期	当期第1四半期累計	連結	実績		総資産	TotalAssets	752494000000	JPY	752,494	CurrentAccumulatedQ1Instant_ConsolidatedMember_ResultMember	/disc/141A0/081220251112598691_tse-qcedjpsm-141A0-202511133141A0-ixbrl.htm
2025-11-13	四半期	当期第1四半期累計	連結	実績		純資産	NetAssets	126349000000	JPY	126,349	CurrentAccumulatedQ1Instant_ConsolidatedMember_ResultMember	/disc/141A0/081220251112598691_tse-qcedjpsm-141A0-202511133141A0-ixbrl.htm
2025-11-13	四半期	当期第1四半期累計	連結	実績		自己資本比率	CapitalAdequacyRatio	0.164	Pure	16.4	CurrentAccumulatedQ1Instant_ConsolidatedMember_ResultMember	/disc/141A0/081220251112598691_tse-qcedjpsm-141A0-202511133141A0-ixbrl.htm
2025-11-13	四半期	前期	連結	実績		総資産	TotalAssets	300283000000	JPY	300,283	PriorYearInstant_ConsolidatedMember_ResultMember	/disc/141A0/081220251112598691_tse-qcedjpsm-141A0-202511133141A0-ixbrl.htm
2025-11-13	四半期	前期	連結	実績		純資産	NetAssets	129028000000	JPY	129,028	PriorYearInstant_ConsolidatedMember_ResultMember	/disc/141A0/081220251112598691_tse-qcedjpsm-141A0-202511133141A0-ixbrl.htm
2025-11-13	四半期	前期	連結	実績		自己資本比率	CapitalAdequacyRatio	0.420	Pure	42.0	PriorYearInstant_ConsolidatedMember_ResultMember	/disc/141A0/081220251112598691_tse-qcedjpsm-141A0-202511133141A0-ixbrl.htm
2025-11-13	四半期	当期第1四半期累計	連結	実績		自己資本	OwnersEquity	123401000000	JPY	123,401	CurrentAccumulatedQ1Instant_ConsolidatedMember_ResultMember	/disc/141A0/081220251112598691_tse-qcedjpsm-141A0-202511133141A0-ixbrl.htm
2025-11-13	四半期	前期	連結	実績		自己資本	OwnersEquity	126125000000	JPY	126,125	PriorYearInstant_ConsolidatedMember_ResultMember	/disc/141A0/081220251112598691_tse-qcedjpsm-141A0-202511133141A0-ixbrl.htm
2025-11-13	四半期	前期	単体	実績	第2四半期末	1株当たり配当金	DividendPerShare	0.00	JPYPerShares	0.00	PriorYearDuration_SecondQuarterMember_NonConsolidatedMember_ResultMember	/disc/141A0/081220251112598691_tse-qcedjpsm-141A0-202511133141A0-ixbrl.htm
2025-11-13	四半期	前期	単体	実績	期末	1株当たり配当金	DividendPerShare	16.00	JPYPerShares	16.00	PriorYearDuration_YearEndMember_NonConsolidatedMember_ResultMember	/disc/141A0/081220251112598691_tse-qcedjpsm-141A0-202511133141A0-ixbrl.htm
2025-11-13	四半期	前期	単体	実績	合計	1株当たり配当金	DividendPerShare	16.00	JPYPerShares	16.00	PriorYearDuration_AnnualMember_NonConsolidatedMember_ResultMember	/disc/141A0/081220251112598691_tse-qcedjpsm-141A0-202511133141A0-ixbrl.htm
2025-11-13	四半期	当期	単体	予想	第2四半期末	1株当たり配当金	DividendPerShare	0.00	JPYPerShares	0.00	CurrentYearDuration_SecondQuarterMember_NonConsolidatedMember_ForecastMember	/disc/141A0/081220251112598691_tse-qcedjpsm-141A0-202511133141A0-ixbrl.htm
2025-11-13	四半期	当期	単体	予想	期末	1株当たり配当金	DividendPerShare	16.00	JPYPerShares	16.00	CurrentYearDuration_YearEndMember_NonConsolidatedMember_ForecastMember	/disc/141A0/081220251112598691_tse-qcedjpsm-141A0-202511133141A0-ixbrl.htm
2025-11-13	四半期	当期	単体	予想	合計	1株当たり配当金	DividendPerShare	16.00	JPYPerShares	16.00	CurrentYearDuration_AnnualMember_NonConsolidatedMember_ForecastMember	/disc/141A0/081220251112598691_tse-qcedjpsm-141A0-202511133141A0-ixbrl.htm
2025-11-13	四半期	当期	単体	実績	合計	当四半期における配当予想の修正	CorrectionOfDividendForecastInThisQuarter			無	CurrentYearDuration_AnnualMember_NonConsolidatedMember_ResultMember	/disc/141A0/081220251112598691_tse-qcedjpsm-141A0-202511133141A0-ixbrl.htm
2025-11-13	四半期	当期	連結	予想		業績予想の見出し	TitleForForecasts			３．2026年６月期の連結業績予想（2025年７月１日～2026年６月30日）	CurrentYearDuration_ConsolidatedMember_ForecastMember	/disc/141A0/081220251112598691_tse-qcedjpsm-141A0-202511133141A0-ixbrl.htm
2025-11-13	四半期	当期第2四半期累計	連結	予想		売上高	NetSales	664200000000	JPY	664,200	CurrentAccumulatedQ2Duration_ConsolidatedMember_ForecastMember	/disc/141A0/081220251112598691_tse-qcedjpsm-141A0-202511133141A0-ixbrl.htm
2025-11-13	四半期	当期第2四半期累計	連結	予想		売上高の増減率	ChangeInNetSales	0.645	Pure	64.5	CurrentAccumulatedQ2Duration_ConsolidatedMember_ForecastMember	/disc/141A0/081220251112598691_tse-qcedjpsm-141A0-202511133141A0-ixbrl.htm
2025-11-13	四半期	当期第2四半期累計	連結	予想		営業利益	OperatingIncome	10400000000	JPY	10,400	CurrentAccumulatedQ2Duration_ConsolidatedMember_ForecastMember	/disc/141A0/081220251112598691_tse-qcedjpsm-141A0-202511133141A0-ixbrl.htm
2025-11-13	四半期	当期第2四半期累計	連結	予想		営業利益の増減率	ChangeInOperatingIncome	0.072	Pure	7.2	CurrentAccumulatedQ2Duration_ConsolidatedMember_ForecastMember	/disc/141A0/081220251112598691_tse-qcedjpsm-141A0-202511133141A0-ixbrl.htm
2025-11-13	四半期	当期第2四半期累計	連結	予想		経常利益	OrdinaryIncome	7800000000	JPY	7,800	CurrentAccumulatedQ2Duration_ConsolidatedMember_ForecastMember	/disc/141A0/081220251112598691_tse-qcedjpsm-141A0-202511133141A0-ixbrl.htm
2025-11-13	四半期	当期第2四半期累計	連結	予想		経常利益の増減率	ChangeInOrdinaryIncome	-0.266	Pure	26.6	CurrentAccumulatedQ2Duration_ConsolidatedMember_ForecastMember	/disc/141A0/081220251112598691_tse-qcedjpsm-141A0-202511133141A0-ixbrl.htm
2025-11-13	四半期	当期第2四半期累計	連結	予想		親会社株主に帰属する当期純利益	ProfitAttributableToOwnersOfParent	800000000	JPY	800	CurrentAccumulatedQ2Duration_ConsolidatedMember_ForecastMember	/disc/141A0/081220251112598691_tse-qcedjpsm-141A0-202511133141A0-ixbrl.htm
2025-11-13	四半期	当期第2四半期累計	連結	予想		親会社株主に帰属する当期純利益の増減率	ChangeInProfitAttributableToOwnersOfParent	-0.870	Pure	87.0	CurrentAccumulatedQ2Duration_ConsolidatedMember_ForecastMember	/disc/141A0/081220251112598691_tse-qcedjpsm-141A0-202511133141A0-ixbrl.htm
2025-11-13	四半期	当期第2四半期累計	連結	予想		1株当たり当期純利益	NetIncomePerShare	6.54	JPYPerShares	6.54	CurrentAccumulatedQ2Duration_ConsolidatedMember_ForecastMember	/disc/141A0/081220251112598691_tse-qcedjpsm-141A0-202511133141A0-ixbrl.htm
2025-11-13	四半期	当期	連結	予想		売上高	NetSales	1322500000000	JPY	1,322,500	CurrentYearDuration_ConsolidatedMember_ForecastMember	/disc/141A0/081220251112598691_tse-qcedjpsm-141A0-202511133141A0-ixbrl.htm
2025-11-13	四半期	当期	連結	予想		売上高の増減率	ChangeInNetSales	0.645	Pure	64.5	CurrentYearDuration_ConsolidatedMember_ForecastMember	/disc/141A0/081220251112598691_tse-qcedjpsm-141A0-202511133141A0-ixbrl.htm
2025-11-13	四半期	当期	連結	予想		営業利益	OperatingIncome	25400000000	JPY	25,400	CurrentYearDuration_ConsolidatedMember_ForecastMember	/disc/141A0/081220251112598691_tse-qcedjpsm-141A0-202511133141A0-ixbrl.htm
2025-11-13	四半期	当期	連結	予想		営業利益の増減率	ChangeInOperatingIncome	0.203	Pure	20.3	CurrentYearDuration_ConsolidatedMember_ForecastMember	/disc/141A0/081220251112598691_tse-qcedjpsm-141A0-202511133141A0-ixbrl.htm
2025-11-13	四半期	当期	連結	予想		経常利益	OrdinaryIncome	13900000000	JPY	13,900	CurrentYearDuration_ConsolidatedMember_ForecastMember	/disc/141A0/081220251112598691_tse-qcedjpsm-141A0-202511133141A0-ixbrl.htm
2025-11-13	四半期	当期	連結	予想		経常利益の増減率	ChangeInOrdinaryIncome	-0.374	Pure	37.4	CurrentYearDuration_ConsolidatedMember_ForecastMember	/disc/141A0/081220251112598691_tse-qcedjpsm-141A0-202511133141A0-ixbrl.htm
2025-11-13	四半期	当期	連結	予想		親会社株主に帰属する当期純利益	ProfitAttributableToOwnersOfParent	500000000	JPY	500	CurrentYearDuration_ConsolidatedMember_ForecastMember	/disc/141A0/081220251112598691_tse-qcedjpsm-141A0-202511133141A0-ixbrl.htm
2025-11-13	四半期	当期	連結	予想		親会社株主に帰属する当期純利益の増減率	ChangeInProfitAttributableToOwnersOfParent	-0.957	Pure	95.7	CurrentYearDuration_ConsolidatedMember_ForecastMember	/disc/141A0/081220251112598691_tse-qcedjpsm-141A0-202511133141A0-ixbrl.htm
2025-11-13	四半期	当期	連結	予想		1株当たり当期純利益	NetIncomePerShare	4.09	JPYPerShares	4.09	CurrentYearDuration_ConsolidatedMember_ForecastMember	/disc/141A0/081220251112598691_tse-qcedjpsm-141A0-202511133141A0-ixbrl.htm
2025-11-13	四半期	当期	連結	予想		当四半期における業績予想の修正	CorrectionOfConsolidatedFinancialForecastInThisQuarter			無	CurrentYearDuration_ConsolidatedMember_ForecastMember	/disc/141A0/081220251112598691_tse-qcedjpsm-141A0-202511133141A0-ixbrl.htm
2025-11-13	四半期	当期第1四半期累計	連結	実績		期中の連結範囲の重要な変更	SignificantChangesInTheScopeOfConsolidationDuringThePeriod			有	CurrentAccumulatedQ1Duration_ConsolidatedMember_ResultMember	/disc/141A0/081220251112598691_tse-qcedjpsm-141A0-202511133141A0-ixbrl.htm
2025-11-13	四半期	当期第1四半期累計	連結	実績		新規連結子会社数	NumberOfSubsidiariesNewlyConsolidated	5	NumberOfCompanies	5	CurrentAccumulatedQ1Duration_ConsolidatedMember_ResultMember	/disc/141A0/081220251112598691_tse-qcedjpsm-141A0-202511133141A0-ixbrl.htm
2025-11-13	四半期	当期第1四半期累計	連結	実績		新規連結子会社の名称	NameOfSubsidiariesNewlyConsolidated			株式会社西友、株式会社西友プロキュアメント、株式会社西友サービス、株式会社ＳＴリテール、株式会社トライアルツアーズ	CurrentAccumulatedQ1Duration_ConsolidatedMember_ResultMember	/disc/141A0/081220251112598691_tse-qcedjpsm-141A0-202511133141A0-ixbrl.htm
2025-11-13	四半期	当期第1四半期累計	連結	実績			ApplyingOfSpecificAccountingOfTheConsolidatedQuarterlyFinancialStatements			無	CurrentAccumulatedQ1Duration_ConsolidatedMember_ResultMember	/disc/141A0/081220251112598691_tse-qcedjpsm-141A0-202511133141A0-ixbrl.htm
2025-11-13	四半期	当期第1四半期累計	連結	実績		会計基準等の改正に伴う変更	ChangesBasedOnRevisionsOfAccountingStandard			無	CurrentAccumulatedQ1Duration_ConsolidatedMember_ResultMember	/disc/141A0/081220251112598691_tse-qcedjpsm-141A0-202511133141A0-ixbrl.htm
2025-11-13	四半期	当期第1四半期累計	連結	実績		それ以外の会計方針の変更	ChangesOtherThanOnesBasedOnRevisionsOfAccountingStandard			無	CurrentAccumulatedQ1Duration_ConsolidatedMember_ResultMember	/disc/141A0/081220251112598691_tse-qcedjpsm-141A0-202511133141A0-ixbrl.htm
2025-11-13	四半期	当期第1四半期累計	連結	実績		会計上の見積りの変更	ChangesInAccountingEstimates			無	CurrentAccumulatedQ1Duration_ConsolidatedMember_ResultMember	/disc/141A0/081220251112598691_tse-qcedjpsm-141A0-202511133141A0-ixbrl.htm
2025-11-13	四半期	当期第1四半期累計	連結	実績		修正再表示	RetrospectiveRestatement			無	CurrentAccumulatedQ1Duration_ConsolidatedMember_ResultMember	/disc/141A0/081220251112598691_tse-qcedjpsm-141A0-202511133141A0-ixbrl.htm
2025-11-13	四半期	当期第1四半期累計	単体	実績		期末発行済株式数(自己株式を含む)	NumberOfIssuedAndOutstandingSharesAtTheEndOfFiscalYearIncludingTreasuryStock	122382900	Shares	122,382,900	CurrentAccumulatedQ1Instant_NonConsolidatedMember_ResultMember	/disc/141A0/081220251112598691_tse-qcedjpsm-141A0-202511133141A0-ixbrl.htm
2025-11-13	四半期	前期	単体	実績		期末発行済株式数(自己株式を含む)	NumberOfIssuedAndOutstandingSharesAtTheEndOfFiscalYearIncludingTreasuryStock	122373300	Shares	122,373,300	PriorYearInstant_NonConsolidatedMember_ResultMember	/disc/141A0/081220251112598691_tse-qcedjpsm-141A0-202511133141A0-ixbrl.htm
2025-11-13	四半期	当期第1四半期累計	単体	実績		期末自己株式数	NumberOfTreasuryStockAtTheEndOfFiscalYear	74221	Shares	74,221	CurrentAccumulatedQ1Instant_NonConsolidatedMember_ResultMember	/disc/141A0/081220251112598691_tse-qcedjpsm-141A0-202511133141A0-ixbrl.htm
2025-11-13	四半期	前期	単体	実績		期末自己株式数	NumberOfTreasuryStockAtTheEndOfFiscalYear	75169	Shares	75,169	PriorYearInstant_NonConsolidatedMember_ResultMember	/disc/141A0/081220251112598691_tse-qcedjpsm-141A0-202511133141A0-ixbrl.htm
2025-11-13	四半期	当期第1四半期累計	単体	実績		期中平均株式数	AverageNumberOfShares	122302450	Shares	122,302,450	CurrentAccumulatedQ1Duration_NonConsolidatedMember_ResultMember	/disc/141A0/081220251112598691_tse-qcedjpsm-141A0-202511133141A0-ixbrl.htm
2025-11-13	四半期	前期第1四半期累計	単体	実績		期中平均株式数	AverageNumberOfShares	121947400	Shares	121,947,400	PriorAccumulatedQ1Duration_NonConsolidatedMember_ResultMember	/disc/141A0/081220251112598691_tse-qcedjpsm-141A0-202511133141A0-ixbrl.htm
2025-11-13	四半期	当期第1四半期累計					ReviewOfAttachedConsolidatedQuarterlyFinancialStatementsByACertifiedPublicAccountantOrAnAuditFirm			無	CurrentAccumulatedQ1Duration	/disc/141A0/081220251112598691_tse-qcedjpsm-141A0-202511133141A0-ixbrl.htm
2025-11-13	四半期	当期				将来情報の利用に関する注意	NotesForUsingForecastedInformationAndOthers			（将来に関する記述等についてのご注意） 本資料に記載される業績見通し等の将来に関する記述は、当社が現在入手している情報及び合理的であると判断する一定の前提に基づいており、その達成を当社として約束する趣旨のものではありません。また、実際の業績等はさまざまな要因により大きく異なる可能性があります。業績予想の前提となる条件及び業績予想のご利用に当たっての注意事項等については、添付資料４ページ「１．経営成績等の概況（３）連結業績予想などの将来予測情報に関する説明」をご覧ください。&#160;（決算補足説明資料及び決算説明会内容の入手方法） 当社は、2025年11月14日（金）に機関投資家及びアナリスト向けに決算説明会を開催する予定です。当日使用する決算説明会資料は、当社ウェブサイトに掲載する予定です。&#160;&#160;	CurrentYearDuration	/disc/141A0/081220251112598691_tse-qcedjpsm-141A0-202511133141A0-ixbrl.htm
2025-11-13	四半期	当期				決算期末	FiscalYearEnd			2026-06-30	CurrentYearInstant	/disc/141A0/081220251112598691_tse-qcedjpsm-141A0-202511133141A0-ixbrl.htm
2025-11-13	四半期	当期第1四半期累計				四半期	QuarterlyPeriod	1	Pure	1	CurrentAccumulatedQ1Instant	/disc/141A0/081220251112598691_tse-qcedjpsm-141A0-202511133141A0-ixbrl.htm
2026-02-12	半期	当期第2四半期累計				書類名	DocumentName			第２四半期（中間期）決算短信〔日本基準〕（連結）	CurrentAccumulatedQ2Instant	/disc/141A0/081220260211555054_tse-scedjpsy-141A0-202602123141A0-ixbrl.htm
2026-02-12	半期	当期第2四半期累計				提出日	FilingDate			2026年２月12日	CurrentAccumulatedQ2Instant	/disc/141A0/081220260211555054_tse-scedjpsy-141A0-202602123141A0-ixbrl.htm
2026-02-12	半期	当期第2四半期累計				会社名	CompanyName			株式会社トライアルホールディングス	CurrentAccumulatedQ2Instant	/disc/141A0/081220260211555054_tse-scedjpsy-141A0-202602123141A0-ixbrl.htm
2026-02-12	半期	当期第2四半期累計					TokyoStockExchange			東	CurrentAccumulatedQ2Instant	/disc/141A0/081220260211555054_tse-scedjpsy-141A0-202602123141A0-ixbrl.htm
2026-02-12	半期	当期第2四半期累計				証券コード	SecuritiesCode			141A	CurrentAccumulatedQ2Instant	/disc/141A0/081220260211555054_tse-scedjpsy-141A0-202602123141A0-ixbrl.htm
2026-02-12	半期	当期第2四半期累計				URL	URL			https://trial-holdings.inc	CurrentAccumulatedQ2Instant	/disc/141A0/081220260211555054_tse-scedjpsy-141A0-202602123141A0-ixbrl.htm
2026-02-12	半期	当期第2四半期累計				代表者の役職	TitleRepresentative			代表取締役社長	CurrentAccumulatedQ2Instant	/disc/141A0/081220260211555054_tse-scedjpsy-141A0-202602123141A0-ixbrl.htm
2026-02-12	半期	当期第2四半期累計				代表者名	NameRepresentative			永田 洋幸	CurrentAccumulatedQ2Instant	/disc/141A0/081220260211555054_tse-scedjpsy-141A0-202602123141A0-ixbrl.htm
2026-02-12	半期	当期第2四半期累計					TitleInquiries			上席執行役員グループ経営財務部長	CurrentAccumulatedQ2Instant	/disc/141A0/081220260211555054_tse-scedjpsy-141A0-202602123141A0-ixbrl.htm
2026-02-12	半期	当期第2四半期累計					NameInquiries			桐島 一寿	CurrentAccumulatedQ2Instant	/disc/141A0/081220260211555054_tse-scedjpsy-141A0-202602123141A0-ixbrl.htm
2026-02-12	半期	当期第2四半期累計					Tel			03（6435）6308	CurrentAccumulatedQ2Instant	/disc/141A0/081220260211555054_tse-scedjpsy-141A0-202602123141A0-ixbrl.htm
2026-02-12	半期	当期第2四半期累計					SemiAnnualStatementFilingDateAsPlanned			2026年２月12日	CurrentAccumulatedQ2Instant	/disc/141A0/081220260211555054_tse-scedjpsy-141A0-202602123141A0-ixbrl.htm
2026-02-12	半期	当期第2四半期累計					SupplementalMaterialOfResults			有	CurrentAccumulatedQ2Instant	/disc/141A0/081220260211555054_tse-scedjpsy-141A0-202602123141A0-ixbrl.htm
2026-02-12	半期	当期第2四半期累計					ConveningBriefingOfResults			有	CurrentAccumulatedQ2Instant	/disc/141A0/081220260211555054_tse-scedjpsy-141A0-202602123141A0-ixbrl.htm
2026-02-12	半期	当期第2四半期累計					TargetForBriefingOfResults			（機関投資家・アナリスト向け）	CurrentAccumulatedQ2Instant	/disc/141A0/081220260211555054_tse-scedjpsy-141A0-202602123141A0-ixbrl.htm
2026-02-12	半期	当期第2四半期累計					NoteToFractionProcessingMethod			（百万円未満切捨て）	CurrentAccumulatedQ2Instant	/disc/141A0/081220260211555054_tse-scedjpsy-141A0-202602123141A0-ixbrl.htm
2026-02-12	半期	当期第2四半期累計	連結	実績		売上高	NetSales	674117000000	JPY	674,117	CurrentAccumulatedQ2Duration_ConsolidatedMember_ResultMember	/disc/141A0/081220260211555054_tse-scedjpsy-141A0-202602123141A0-ixbrl.htm
2026-02-12	半期	当期第2四半期累計	連結	実績		売上高の増減率	ChangeInNetSales	0.670	Pure	67.0	CurrentAccumulatedQ2Duration_ConsolidatedMember_ResultMember	/disc/141A0/081220260211555054_tse-scedjpsy-141A0-202602123141A0-ixbrl.htm
2026-02-12	半期	当期第2四半期累計	連結	実績		営業利益	OperatingIncome	16677000000	JPY	16,677	CurrentAccumulatedQ2Duration_ConsolidatedMember_ResultMember	/disc/141A0/081220260211555054_tse-scedjpsy-141A0-202602123141A0-ixbrl.htm
2026-02-12	半期	当期第2四半期累計	連結	実績		営業利益の増減率	ChangeInOperatingIncome	0.719	Pure	71.9	CurrentAccumulatedQ2Duration_ConsolidatedMember_ResultMember	/disc/141A0/081220260211555054_tse-scedjpsy-141A0-202602123141A0-ixbrl.htm
2026-02-12	半期	当期第2四半期累計	連結	実績		経常利益	OrdinaryIncome	14462000000	JPY	14,462	CurrentAccumulatedQ2Duration_ConsolidatedMember_ResultMember	/disc/141A0/081220260211555054_tse-scedjpsy-141A0-202602123141A0-ixbrl.htm
2026-02-12	半期	当期第2四半期累計	連結	実績		経常利益の増減率	ChangeInOrdinaryIncome	0.361	Pure	36.1	CurrentAccumulatedQ2Duration_ConsolidatedMember_ResultMember	/disc/141A0/081220260211555054_tse-scedjpsy-141A0-202602123141A0-ixbrl.htm
2026-02-12	半期	当期第2四半期累計	連結	実績		親会社株主に帰属する当期純利益	ProfitAttributableToOwnersOfParent	4057000000	JPY	4,057	CurrentAccumulatedQ2Duration_ConsolidatedMember_ResultMember	/disc/141A0/081220260211555054_tse-scedjpsy-141A0-202602123141A0-ixbrl.htm
2026-02-12	半期	当期第2四半期累計	連結	実績		親会社株主に帰属する当期純利益の増減率	ChangeInProfitAttributableToOwnersOfParent	-0.338	Pure	33.8	CurrentAccumulatedQ2Duration_ConsolidatedMember_ResultMember	/disc/141A0/081220260211555054_tse-scedjpsy-141A0-202602123141A0-ixbrl.htm
2026-02-12	半期	前期第2四半期累計	連結	実績		売上高	NetSales	403741000000	JPY	403,741	PriorAccumulatedQ2Duration_ConsolidatedMember_ResultMember	/disc/141A0/081220260211555054_tse-scedjpsy-141A0-202602123141A0-ixbrl.htm
2026-02-12	半期	前期第2四半期累計	連結	実績		売上高の増減率	ChangeInNetSales	0.111	Pure	11.1	PriorAccumulatedQ2Duration_ConsolidatedMember_ResultMember	/disc/141A0/081220260211555054_tse-scedjpsy-141A0-202602123141A0-ixbrl.htm
2026-02-12	半期	前期第2四半期累計	連結	実績		営業利益	OperatingIncome	9700000000	JPY	9,700	PriorAccumulatedQ2Duration_ConsolidatedMember_ResultMember	/disc/141A0/081220260211555054_tse-scedjpsy-141A0-202602123141A0-ixbrl.htm
2026-02-12	半期	前期第2四半期累計	連結	実績		営業利益の増減率	ChangeInOperatingIncome	-0.162	Pure	16.2	PriorAccumulatedQ2Duration_ConsolidatedMember_ResultMember	/disc/141A0/081220260211555054_tse-scedjpsy-141A0-202602123141A0-ixbrl.htm
2026-02-12	半期	前期第2四半期累計	連結	実績		経常利益	OrdinaryIncome	10624000000	JPY	10,624	PriorAccumulatedQ2Duration_ConsolidatedMember_ResultMember	/disc/141A0/081220260211555054_tse-scedjpsy-141A0-202602123141A0-ixbrl.htm
2026-02-12	半期	前期第2四半期累計	連結	実績		経常利益の増減率	ChangeInOrdinaryIncome	-0.113	Pure	11.3	PriorAccumulatedQ2Duration_ConsolidatedMember_ResultMember	/disc/141A0/081220260211555054_tse-scedjpsy-141A0-202602123141A0-ixbrl.htm
2026-02-12	半期	前期第2四半期累計	連結	実績		親会社株主に帰属する当期純利益	ProfitAttributableToOwnersOfParent	6132000000	JPY	6,132	PriorAccumulatedQ2Duration_ConsolidatedMember_ResultMember	/disc/141A0/081220260211555054_tse-scedjpsy-141A0-202602123141A0-ixbrl.htm
2026-02-12	半期	前期第2四半期累計	連結	実績		親会社株主に帰属する当期純利益の増減率	ChangeInProfitAttributableToOwnersOfParent	-0.117	Pure	11.7	PriorAccumulatedQ2Duration_ConsolidatedMember_ResultMember	/disc/141A0/081220260211555054_tse-scedjpsy-141A0-202602123141A0-ixbrl.htm
2026-02-12	半期	当期第2四半期累計	連結	実績		包括利益	ComprehensiveIncome	4516000000	JPY	4,516	CurrentAccumulatedQ2Duration_ConsolidatedMember_ResultMember	/disc/141A0/081220260211555054_tse-scedjpsy-141A0-202602123141A0-ixbrl.htm
2026-02-12	半期	当期第2四半期累計	連結	実績		包括利益の増減率	ChangeInComprehensiveIncome	-0.268	Pure	26.8	CurrentAccumulatedQ2Duration_ConsolidatedMember_ResultMember	/disc/141A0/081220260211555054_tse-scedjpsy-141A0-202602123141A0-ixbrl.htm
2026-02-12	半期	前期第2四半期累計	連結	実績		包括利益	ComprehensiveIncome	6169000000	JPY	6,169	PriorAccumulatedQ2Duration_ConsolidatedMember_ResultMember	/disc/141A0/081220260211555054_tse-scedjpsy-141A0-202602123141A0-ixbrl.htm
2026-02-12	半期	前期第2四半期累計	連結	実績		包括利益の増減率	ChangeInComprehensiveIncome	-0.134	Pure	13.4	PriorAccumulatedQ2Duration_ConsolidatedMember_ResultMember	/disc/141A0/081220260211555054_tse-scedjpsy-141A0-202602123141A0-ixbrl.htm
2026-02-12	半期	当期第2四半期累計	連結	実績		1株当たり当期純利益	NetIncomePerShare	33.17	JPYPerShares	33.17	CurrentAccumulatedQ2Duration_ConsolidatedMember_ResultMember	/disc/141A0/081220260211555054_tse-scedjpsy-141A0-202602123141A0-ixbrl.htm
2026-02-12	半期	当期第2四半期累計	連結	実績		潜在株式調整後1株当たり当期純利益	DilutedNetIncomePerShare	32.97	JPYPerShares	32.97	CurrentAccumulatedQ2Duration_ConsolidatedMember_ResultMember	/disc/141A0/081220260211555054_tse-scedjpsy-141A0-202602123141A0-ixbrl.htm
2026-02-12	半期	前期第2四半期累計	連結	実績		1株当たり当期純利益	NetIncomePerShare	50.27	JPYPerShares	50.27	PriorAccumulatedQ2Duration_ConsolidatedMember_ResultMember	/disc/141A0/081220260211555054_tse-scedjpsy-141A0-202602123141A0-ixbrl.htm
2026-02-12	半期	前期第2四半期累計	連結	実績		潜在株式調整後1株当たり当期純利益	DilutedNetIncomePerShare	49.86	JPYPerShares	49.86	PriorAccumulatedQ2Duration_ConsolidatedMember_ResultMember	/disc/141A0/081220260211555054_tse-scedjpsy-141A0-202602123141A0-ixbrl.htm
2026-02-12	半期	当期第2四半期累計	連結	実績		経営成績の注記	NoteToOperatingResults			（注）１．EBITDA＝営業利益＋減価償却費＋のれん償却額２．のれん償却前１株当たり中間純利益＝（親会社株主に帰属する中間純利益＋のれん償却額）／期中平均株式数	CurrentAccumulatedQ2Duration_ConsolidatedMember_ResultMember	/disc/141A0/081220260211555054_tse-scedjpsy-141A0-202602123141A0-ixbrl.htm
2026-02-12	半期	当期第2四半期累計	連結	実績		総資産	TotalAssets	850466000000	JPY	850,466	CurrentAccumulatedQ2Instant_ConsolidatedMember_ResultMember	/disc/141A0/081220260211555054_tse-scedjpsy-141A0-202602123141A0-ixbrl.htm
2026-02-12	半期	当期第2四半期累計	連結	実績		純資産	NetAssets	131723000000	JPY	131,723	CurrentAccumulatedQ2Instant_ConsolidatedMember_ResultMember	/disc/141A0/081220260211555054_tse-scedjpsy-141A0-202602123141A0-ixbrl.htm
2026-02-12	半期	当期第2四半期累計	連結	実績		自己資本比率	CapitalAdequacyRatio	0.151	Pure	15.1	CurrentAccumulatedQ2Instant_ConsolidatedMember_ResultMember	/disc/141A0/081220260211555054_tse-scedjpsy-141A0-202602123141A0-ixbrl.htm
2026-02-12	半期	前期	連結	実績		総資産	TotalAssets	300283000000	JPY	300,283	PriorYearInstant_ConsolidatedMember_ResultMember	/disc/141A0/081220260211555054_tse-scedjpsy-141A0-202602123141A0-ixbrl.htm
2026-02-12	半期	前期	連結	実績		純資産	NetAssets	129028000000	JPY	129,028	PriorYearInstant_ConsolidatedMember_ResultMember	/disc/141A0/081220260211555054_tse-scedjpsy-141A0-202602123141A0-ixbrl.htm
2026-02-12	半期	前期	連結	実績		自己資本比率	CapitalAdequacyRatio	0.420	Pure	42.0	PriorYearInstant_ConsolidatedMember_ResultMember	/disc/141A0/081220260211555054_tse-scedjpsy-141A0-202602123141A0-ixbrl.htm
2026-02-12	半期	当期第2四半期累計	連結	実績		自己資本	OwnersEquity	128549000000	JPY	128,549	CurrentAccumulatedQ2Instant_ConsolidatedMember_ResultMember	/disc/141A0/081220260211555054_tse-scedjpsy-141A0-202602123141A0-ixbrl.htm
2026-02-12	半期	前期	連結	実績		自己資本	OwnersEquity	126125000000	JPY	126,125	PriorYearInstant_ConsolidatedMember_ResultMember	/disc/141A0/081220260211555054_tse-scedjpsy-141A0-202602123141A0-ixbrl.htm
2026-02-12	半期	前期	単体	実績	第2四半期末	1株当たり配当金	DividendPerShare	0.00	JPYPerShares	0.00	PriorYearDuration_SecondQuarterMember_NonConsolidatedMember_ResultMember	/disc/141A0/081220260211555054_tse-scedjpsy-141A0-202602123141A0-ixbrl.htm
2026-02-12	半期	前期	単体	実績	期末	1株当たり配当金	DividendPerShare	16.00	JPYPerShares	16.00	PriorYearDuration_YearEndMember_NonConsolidatedMember_ResultMember	/disc/141A0/081220260211555054_tse-scedjpsy-141A0-202602123141A0-ixbrl.htm
2026-02-12	半期	前期	単体	実績	合計	1株当たり配当金	DividendPerShare	16.00	JPYPerShares	16.00	PriorYearDuration_AnnualMember_NonConsolidatedMember_ResultMember	/disc/141A0/081220260211555054_tse-scedjpsy-141A0-202602123141A0-ixbrl.htm
2026-02-12	半期	当期	単体	実績	第2四半期末	1株当たり配当金	DividendPerShare	0.00	JPYPerShares	0.00	CurrentYearDuration_SecondQuarterMember_NonConsolidatedMember_ResultMember	/disc/141A0/081220260211555054_tse-scedjpsy-141A0-202602123141A0-ixbrl.htm
2026-02-12	半期	当期	単体	予想	期末	1株当たり配当金	DividendPerShare	16.00	JPYPerShares	16.00	CurrentYearDuration_YearEndMember_NonConsolidatedMember_ForecastMember	/disc/141A0/081220260211555054_tse-scedjpsy-141A0-202602123141A0-ixbrl.htm
2026-02-12	半期	当期	単体	予想	合計	1株当たり配当金	DividendPerShare	16.00	JPYPerShares	16.00	CurrentYearDuration_AnnualMember_NonConsolidatedMember_ForecastMember	/disc/141A0/081220260211555054_tse-scedjpsy-141A0-202602123141A0-ixbrl.htm
2026-02-12	半期	当期	単体	実績	合計	当四半期における配当予想の修正	CorrectionOfDividendForecastInThisQuarter			無	CurrentYearDuration_AnnualMember_NonConsolidatedMember_ResultMember	/disc/141A0/081220260211555054_tse-scedjpsy-141A0-202602123141A0-ixbrl.htm
2026-02-12	半期	当期	連結	予想		業績予想の見出し	TitleForForecasts			３．2026年６月期の連結業績予想（2025年７月１日～2026年６月30日）	CurrentYearDuration_ConsolidatedMember_ForecastMember	/disc/141A0/081220260211555054_tse-scedjpsy-141A0-202602123141A0-ixbrl.htm
2026-02-12	半期	当期	連結	予想		売上高	NetSales	1322500000000	JPY	1,322,500	CurrentYearDuration_ConsolidatedMember_ForecastMember	/disc/141A0/081220260211555054_tse-scedjpsy-141A0-202602123141A0-ixbrl.htm
2026-02-12	半期	当期	連結	予想		売上高の増減率	ChangeInNetSales	0.645	Pure	64.5	CurrentYearDuration_ConsolidatedMember_ForecastMember	/disc/141A0/081220260211555054_tse-scedjpsy-141A0-202602123141A0-ixbrl.htm
2026-02-12	半期	当期	連結	予想		営業利益	OperatingIncome	25400000000	JPY	25,400	CurrentYearDuration_ConsolidatedMember_ForecastMember	/disc/141A0/081220260211555054_tse-scedjpsy-141A0-202602123141A0-ixbrl.htm
2026-02-12	半期	当期	連結	予想		営業利益の増減率	ChangeInOperatingIncome	0.203	Pure	20.3	CurrentYearDuration_ConsolidatedMember_ForecastMember	/disc/141A0/081220260211555054_tse-scedjpsy-141A0-202602123141A0-ixbrl.htm
2026-02-12	半期	当期	連結	予想		経常利益	OrdinaryIncome	13900000000	JPY	13,900	CurrentYearDuration_ConsolidatedMember_ForecastMember	/disc/141A0/081220260211555054_tse-scedjpsy-141A0-202602123141A0-ixbrl.htm
2026-02-12	半期	当期	連結	予想		経常利益の増減率	ChangeInOrdinaryIncome	-0.374	Pure	37.4	CurrentYearDuration_ConsolidatedMember_ForecastMember	/disc/141A0/081220260211555054_tse-scedjpsy-141A0-202602123141A0-ixbrl.htm
2026-02-12	半期	当期	連結	予想		親会社株主に帰属する当期純利益	ProfitAttributableToOwnersOfParent	500000000	JPY	500	CurrentYearDuration_ConsolidatedMember_ForecastMember	/disc/141A0/081220260211555054_tse-scedjpsy-141A0-202602123141A0-ixbrl.htm
2026-02-12	半期	当期	連結	予想		親会社株主に帰属する当期純利益の増減率	ChangeInProfitAttributableToOwnersOfParent	-0.957	Pure	95.7	CurrentYearDuration_ConsolidatedMember_ForecastMember	/disc/141A0/081220260211555054_tse-scedjpsy-141A0-202602123141A0-ixbrl.htm
2026-02-12	半期	当期	連結	予想		1株当たり当期純利益	NetIncomePerShare	4.09	JPYPerShares	4.09	CurrentYearDuration_ConsolidatedMember_ForecastMember	/disc/141A0/081220260211555054_tse-scedjpsy-141A0-202602123141A0-ixbrl.htm
2026-02-12	半期	当期	連結	予想		当四半期における業績予想の修正	CorrectionOfConsolidatedFinancialForecastInThisQuarter			無	CurrentYearDuration_ConsolidatedMember_ForecastMember	/disc/141A0/081220260211555054_tse-scedjpsy-141A0-202602123141A0-ixbrl.htm
2026-02-12	半期	当期第2四半期累計	連結	実績		期中の連結範囲の重要な変更	SignificantChangesInTheScopeOfConsolidationDuringThePeriod			有	CurrentAccumulatedQ2Duration_ConsolidatedMember_ResultMember	/disc/141A0/081220260211555054_tse-scedjpsy-141A0-202602123141A0-ixbrl.htm
2026-02-12	半期	当期第2四半期累計	連結	実績		新規連結子会社数	NumberOfSubsidiariesNewlyConsolidated	8	NumberOfCompanies	8	CurrentAccumulatedQ2Duration_ConsolidatedMember_ResultMember	/disc/141A0/081220260211555054_tse-scedjpsy-141A0-202602123141A0-ixbrl.htm
2026-02-12	半期	当期第2四半期累計	連結	実績		新規連結子会社の名称	NameOfSubsidiariesNewlyConsolidated			株式会社西友、株式会社西友プロキュアメント、株式会社西友サービス、株式会社STリテール、株式会社トライアルツアーズ、株式会社明治屋、株式会社TRIALS、株式会社TRYU	CurrentAccumulatedQ2Duration_ConsolidatedMember_ResultMember	/disc/141A0/081220260211555054_tse-scedjpsy-141A0-202602123141A0-ixbrl.htm
2026-02-12	半期	当期第1四半期累計	連結	実績			NoteToSignificantChangesInTheScopeOfConsolidationDuringThePeriod			（注）詳細は、添付資料11ページ「２．中間連結財務諸表及び主な注記（４）中間連結財務諸表に関する注記事項（連結の範囲又は持分法適用の範囲の変更）」をご覧ください。	CurrentAccumulatedQ1Duration_ConsolidatedMember_ResultMember	/disc/141A0/081220260211555054_tse-scedjpsy-141A0-202602123141A0-ixbrl.htm
2026-02-12	半期	当期第2四半期累計	連結	実績			ApplyingOfSpecificAccountingOfTheConsolidatedSemiAnnualFinancialStatements			無	CurrentAccumulatedQ2Duration_ConsolidatedMember_ResultMember	/disc/141A0/081220260211555054_tse-scedjpsy-141A0-202602123141A0-ixbrl.htm
2026-02-12	半期	当期第2四半期累計	連結	実績		会計基準等の改正に伴う変更	ChangesBasedOnRevisionsOfAccountingStandard			無	CurrentAccumulatedQ2Duration_ConsolidatedMember_ResultMember	/disc/141A0/081220260211555054_tse-scedjpsy-141A0-202602123141A0-ixbrl.htm
2026-02-12	半期	当期第2四半期累計	連結	実績		それ以外の会計方針の変更	ChangesOtherThanOnesBasedOnRevisionsOfAccountingStandard			無	CurrentAccumulatedQ2Duration_ConsolidatedMember_ResultMember	/disc/141A0/081220260211555054_tse-scedjpsy-141A0-202602123141A0-ixbrl.htm
2026-02-12	半期	当期第2四半期累計	連結	実績		会計上の見積りの変更	ChangesInAccountingEstimates			無	CurrentAccumulatedQ2Duration_ConsolidatedMember_ResultMember	/disc/141A0/081220260211555054_tse-scedjpsy-141A0-202602123141A0-ixbrl.htm
2026-02-12	半期	当期第2四半期累計	連結	実績		修正再表示	RetrospectiveRestatement			無	CurrentAccumulatedQ2Duration_ConsolidatedMember_ResultMember	/disc/141A0/081220260211555054_tse-scedjpsy-141A0-202602123141A0-ixbrl.htm
2026-02-12	半期	当期第2四半期累計	単体	実績		期末発行済株式数(自己株式を含む)	NumberOfIssuedAndOutstandingSharesAtTheEndOfFiscalYearIncludingTreasuryStock	122465700	Shares	122,465,700	CurrentAccumulatedQ2Instant_NonConsolidatedMember_ResultMember	/disc/141A0/081220260211555054_tse-scedjpsy-141A0-202602123141A0-ixbrl.htm
2026-02-12	半期	前期	単体	実績		期末発行済株式数(自己株式を含む)	NumberOfIssuedAndOutstandingSharesAtTheEndOfFiscalYearIncludingTreasuryStock	122373300	Shares	122,373,300	PriorYearInstant_NonConsolidatedMember_ResultMember	/disc/141A0/081220260211555054_tse-scedjpsy-141A0-202602123141A0-ixbrl.htm
2026-02-12	半期	当期第2四半期累計	単体	実績		期末自己株式数	NumberOfTreasuryStockAtTheEndOfFiscalYear	74513	Shares	74,513	CurrentAccumulatedQ2Instant_NonConsolidatedMember_ResultMember	/disc/141A0/081220260211555054_tse-scedjpsy-141A0-202602123141A0-ixbrl.htm
2026-02-12	半期	前期	単体	実績		期末自己株式数	NumberOfTreasuryStockAtTheEndOfFiscalYear	75169	Shares	75,169	PriorYearInstant_NonConsolidatedMember_ResultMember	/disc/141A0/081220260211555054_tse-scedjpsy-141A0-202602123141A0-ixbrl.htm
2026-02-12	半期	当期第2四半期累計	単体	実績		期中平均株式数	AverageNumberOfShares	122327888	Shares	122,327,888	CurrentAccumulatedQ2Duration_NonConsolidatedMember_ResultMember	/disc/141A0/081220260211555054_tse-scedjpsy-141A0-202602123141A0-ixbrl.htm
2026-02-12	半期	前期第2四半期累計	単体	実績		期中平均株式数	AverageNumberOfShares	121989525	Shares	121,989,525	PriorAccumulatedQ2Duration_NonConsolidatedMember_ResultMember	/disc/141A0/081220260211555054_tse-scedjpsy-141A0-202602123141A0-ixbrl.htm
2026-02-12	半期	当期				将来情報の利用に関する注意	NotesForUsingForecastedInformationAndOthers			（将来に関する記述等についてのご注意） 本資料に記載される業績見通し等の将来に関する記述は、当社が現在入手している情報及び合理的であると判断する一定の前提に基づいており、その達成を当社として約束する趣旨のものではありません。また、実際の業績等はさまざまな要因により大きく異なる可能性があります。業績予想の前提となる条件及び業績予想のご利用に当たっての注意事項等については、添付資料４ページ「１．経営成績等の概況（３）連結業績予想などの将来予測情報に関する説明」をご覧ください。&#160;（決算補足説明資料及び決算説明会内容の入手方法） 当社は、2026年２月13日（金）に機関投資家及びアナリスト向けに決算説明会を開催する予定です。当日使用する決算説明会資料は、当社ウェブサイトに掲載する予定です。&#160;	CurrentYearDuration	/disc/141A0/081220260211555054_tse-scedjpsy-141A0-202602123141A0-ixbrl.htm
2026-02-12	半期	当期				決算期末	FiscalYearEnd			2026-06-30	CurrentYearInstant	/disc/141A0/081220260211555054_tse-scedjpsy-141A0-202602123141A0-ixbrl.htm
2026-02-12	半期	当期第2四半期累計				四半期	QuarterlyPeriod	2	Pure	2	CurrentAccumulatedQ2Instant	/disc/141A0/081220260211555054_tse-scedjpsy-141A0-202602123141A0-ixbrl.htm
2026-05-14	四半期	当期第3四半期累計				書類名	DocumentName			第３四半期決算短信〔日本基準〕（連結）	CurrentAccumulatedQ3Instant	/disc/141A0/081220260510521120_tse-qcedjpsm-141A0-202605143141A0-ixbrl.htm
2026-05-14	四半期	当期第3四半期累計				提出日	FilingDate			2026年５月14日	CurrentAccumulatedQ3Instant	/disc/141A0/081220260510521120_tse-qcedjpsm-141A0-202605143141A0-ixbrl.htm
2026-05-14	四半期	当期第3四半期累計				会社名	CompanyName			株式会社トライアルホールディングス	CurrentAccumulatedQ3Instant	/disc/141A0/081220260510521120_tse-qcedjpsm-141A0-202605143141A0-ixbrl.htm
2026-05-14	四半期	当期第3四半期累計					TokyoStockExchange			東	CurrentAccumulatedQ3Instant	/disc/141A0/081220260510521120_tse-qcedjpsm-141A0-202605143141A0-ixbrl.htm
2026-05-14	四半期	当期第3四半期累計				証券コード	SecuritiesCode			141A	CurrentAccumulatedQ3Instant	/disc/141A0/081220260510521120_tse-qcedjpsm-141A0-202605143141A0-ixbrl.htm
2026-05-14	四半期	当期第3四半期累計				URL	URL			https://trial-holdings.inc	CurrentAccumulatedQ3Instant	/disc/141A0/081220260510521120_tse-qcedjpsm-141A0-202605143141A0-ixbrl.htm
2026-05-14	四半期	当期第3四半期累計				代表者の役職	TitleRepresentative			代表取締役社長	CurrentAccumulatedQ3Instant	/disc/141A0/081220260510521120_tse-qcedjpsm-141A0-202605143141A0-ixbrl.htm
2026-05-14	四半期	当期第3四半期累計				代表者名	NameRepresentative			永田 洋幸	CurrentAccumulatedQ3Instant	/disc/141A0/081220260510521120_tse-qcedjpsm-141A0-202605143141A0-ixbrl.htm
2026-05-14	四半期	当期第3四半期累計					TitleInquiries			上席執行役員グループ経営財務部長	CurrentAccumulatedQ3Instant	/disc/141A0/081220260510521120_tse-qcedjpsm-141A0-202605143141A0-ixbrl.htm
2026-05-14	四半期	当期第3四半期累計					NameInquiries			桐島 一寿	CurrentAccumulatedQ3Instant	/disc/141A0/081220260510521120_tse-qcedjpsm-141A0-202605143141A0-ixbrl.htm
2026-05-14	四半期	当期第3四半期累計					Tel			03（6435）6308	CurrentAccumulatedQ3Instant	/disc/141A0/081220260510521120_tse-qcedjpsm-141A0-202605143141A0-ixbrl.htm
2026-05-14	四半期	当期第3四半期累計					SupplementalMaterialOfResults			有	CurrentAccumulatedQ3Instant	/disc/141A0/081220260510521120_tse-qcedjpsm-141A0-202605143141A0-ixbrl.htm
2026-05-14	四半期	当期第3四半期累計					ConveningBriefingOfResults			有	CurrentAccumulatedQ3Instant	/disc/141A0/081220260510521120_tse-qcedjpsm-141A0-202605143141A0-ixbrl.htm
2026-05-14	四半期	当期第3四半期累計					TargetForBriefingOfResults			（機関投資家・アナリスト向け）	CurrentAccumulatedQ3Instant	/disc/141A0/081220260510521120_tse-qcedjpsm-141A0-202605143141A0-ixbrl.htm
2026-05-14	四半期	当期第3四半期累計					NoteToFractionProcessingMethod			（百万円未満切捨て）	CurrentAccumulatedQ3Instant	/disc/141A0/081220260510521120_tse-qcedjpsm-141A0-202605143141A0-ixbrl.htm
2026-05-14	四半期	当期第3四半期累計	連結	実績		売上高	NetSales	1003663000000	JPY	1,003,663	CurrentAccumulatedQ3Duration_ConsolidatedMember_ResultMember	/disc/141A0/081220260510521120_tse-qcedjpsm-141A0-202605143141A0-ixbrl.htm
2026-05-14	四半期	当期第3四半期累計	連結	実績		売上高の増減率	ChangeInNetSales	0.673	Pure	67.3	CurrentAccumulatedQ3Duration_ConsolidatedMember_ResultMember	/disc/141A0/081220260510521120_tse-qcedjpsm-141A0-202605143141A0-ixbrl.htm
2026-05-14	四半期	当期第3四半期累計	連結	実績		営業利益	OperatingIncome	22943000000	JPY	22,943	CurrentAccumulatedQ3Duration_ConsolidatedMember_ResultMember	/disc/141A0/081220260510521120_tse-qcedjpsm-141A0-202605143141A0-ixbrl.htm
2026-05-14	四半期	当期第3四半期累計	連結	実績		営業利益の増減率	ChangeInOperatingIncome	0.704	Pure	70.4	CurrentAccumulatedQ3Duration_ConsolidatedMember_ResultMember	/disc/141A0/081220260510521120_tse-qcedjpsm-141A0-202605143141A0-ixbrl.htm
2026-05-14	四半期	当期第3四半期累計	連結	実績		経常利益	OrdinaryIncome	20093000000	JPY	20,093	CurrentAccumulatedQ3Duration_ConsolidatedMember_ResultMember	/disc/141A0/081220260510521120_tse-qcedjpsm-141A0-202605143141A0-ixbrl.htm
2026-05-14	四半期	当期第3四半期累計	連結	実績		経常利益の増減率	ChangeInOrdinaryIncome	0.386	Pure	38.6	CurrentAccumulatedQ3Duration_ConsolidatedMember_ResultMember	/disc/141A0/081220260510521120_tse-qcedjpsm-141A0-202605143141A0-ixbrl.htm
2026-05-14	四半期	当期第3四半期累計	連結	実績		親会社株主に帰属する当期純利益	ProfitAttributableToOwnersOfParent	5922000000	JPY	5,922	CurrentAccumulatedQ3Duration_ConsolidatedMember_ResultMember	/disc/141A0/081220260510521120_tse-qcedjpsm-141A0-202605143141A0-ixbrl.htm
2026-05-14	四半期	当期第3四半期累計	連結	実績		親会社株主に帰属する当期純利益の増減率	ChangeInProfitAttributableToOwnersOfParent	-0.293	Pure	29.3	CurrentAccumulatedQ3Duration_ConsolidatedMember_ResultMember	/disc/141A0/081220260510521120_tse-qcedjpsm-141A0-202605143141A0-ixbrl.htm
2026-05-14	四半期	前期第3四半期累計	連結	実績		売上高	NetSales	600037000000	JPY	600,037	PriorAccumulatedQ3Duration_ConsolidatedMember_ResultMember	/disc/141A0/081220260510521120_tse-qcedjpsm-141A0-202605143141A0-ixbrl.htm
2026-05-14	四半期	前期第3四半期累計	連結	実績		売上高の増減率	ChangeInNetSales	0.117	Pure	11.7	PriorAccumulatedQ3Duration_ConsolidatedMember_ResultMember	/disc/141A0/081220260510521120_tse-qcedjpsm-141A0-202605143141A0-ixbrl.htm
2026-05-14	四半期	前期第3四半期累計	連結	実績		営業利益	OperatingIncome	13464000000	JPY	13,464	PriorAccumulatedQ3Duration_ConsolidatedMember_ResultMember	/disc/141A0/081220260510521120_tse-qcedjpsm-141A0-202605143141A0-ixbrl.htm
2026-05-14	四半期	前期第3四半期累計	連結	実績		営業利益の増減率	ChangeInOperatingIncome	-0.126	Pure	12.6	PriorAccumulatedQ3Duration_ConsolidatedMember_ResultMember	/disc/141A0/081220260510521120_tse-qcedjpsm-141A0-202605143141A0-ixbrl.htm
2026-05-14	四半期	前期第3四半期累計	連結	実績		経常利益	OrdinaryIncome	14493000000	JPY	14,493	PriorAccumulatedQ3Duration_ConsolidatedMember_ResultMember	/disc/141A0/081220260510521120_tse-qcedjpsm-141A0-202605143141A0-ixbrl.htm
2026-05-14	四半期	前期第3四半期累計	連結	実績		経常利益の増減率	ChangeInOrdinaryIncome	-0.104	Pure	10.4	PriorAccumulatedQ3Duration_ConsolidatedMember_ResultMember	/disc/141A0/081220260510521120_tse-qcedjpsm-141A0-202605143141A0-ixbrl.htm
2026-05-14	四半期	前期第3四半期累計	連結	実績		親会社株主に帰属する当期純利益	ProfitAttributableToOwnersOfParent	8374000000	JPY	8,374	PriorAccumulatedQ3Duration_ConsolidatedMember_ResultMember	/disc/141A0/081220260510521120_tse-qcedjpsm-141A0-202605143141A0-ixbrl.htm
2026-05-14	四半期	前期第3四半期累計	連結	実績		親会社株主に帰属する当期純利益の増減率	ChangeInProfitAttributableToOwnersOfParent	-0.118	Pure	11.8	PriorAccumulatedQ3Duration_ConsolidatedMember_ResultMember	/disc/141A0/081220260510521120_tse-qcedjpsm-141A0-202605143141A0-ixbrl.htm
2026-05-14	四半期	当期第3四半期累計	連結	実績		包括利益	ComprehensiveIncome	6442000000	JPY	6,442	CurrentAccumulatedQ3Duration_ConsolidatedMember_ResultMember	/disc/141A0/081220260510521120_tse-qcedjpsm-141A0-202605143141A0-ixbrl.htm
2026-05-14	四半期	当期第3四半期累計	連結	実績		包括利益の増減率	ChangeInComprehensiveIncome	-0.231	Pure	23.1	CurrentAccumulatedQ3Duration_ConsolidatedMember_ResultMember	/disc/141A0/081220260510521120_tse-qcedjpsm-141A0-202605143141A0-ixbrl.htm
2026-05-14	四半期	前期第3四半期累計	連結	実績		包括利益	ComprehensiveIncome	8373000000	JPY	8,373	PriorAccumulatedQ3Duration_ConsolidatedMember_ResultMember	/disc/141A0/081220260510521120_tse-qcedjpsm-141A0-202605143141A0-ixbrl.htm
2026-05-14	四半期	前期第3四半期累計	連結	実績		包括利益の増減率	ChangeInComprehensiveIncome	-0.147	Pure	14.7	PriorAccumulatedQ3Duration_ConsolidatedMember_ResultMember	/disc/141A0/081220260510521120_tse-qcedjpsm-141A0-202605143141A0-ixbrl.htm
2026-05-14	四半期	当期第3四半期累計	連結	実績		1株当たり当期純利益	NetIncomePerShare	48.39	JPYPerShares	48.39	CurrentAccumulatedQ3Duration_ConsolidatedMember_ResultMember	/disc/141A0/081220260510521120_tse-qcedjpsm-141A0-202605143141A0-ixbrl.htm
2026-05-14	四半期	当期第3四半期累計	連結	実績		潜在株式調整後1株当たり当期純利益	DilutedNetIncomePerShare	48.05	JPYPerShares	48.05	CurrentAccumulatedQ3Duration_ConsolidatedMember_ResultMember	/disc/141A0/081220260510521120_tse-qcedjpsm-141A0-202605143141A0-ixbrl.htm
2026-05-14	四半期	前期第3四半期累計	連結	実績		1株当たり当期純利益	NetIncomePerShare	68.61	JPYPerShares	68.61	PriorAccumulatedQ3Duration_ConsolidatedMember_ResultMember	/disc/141A0/081220260510521120_tse-qcedjpsm-141A0-202605143141A0-ixbrl.htm
2026-05-14	四半期	前期第3四半期累計	連結	実績		潜在株式調整後1株当たり当期純利益	DilutedNetIncomePerShare	68.08	JPYPerShares	68.08	PriorAccumulatedQ3Duration_ConsolidatedMember_ResultMember	/disc/141A0/081220260510521120_tse-qcedjpsm-141A0-202605143141A0-ixbrl.htm
2026-05-14	四半期	当期第3四半期累計	連結	実績		経営成績の注記	NoteToOperatingResults			（注）１．EBITDA＝営業利益＋減価償却費＋のれん償却額２．のれん償却前１株当たり四半期純利益＝（親会社株主に帰属する四半期純利益＋のれん償却額）／期中平均株式数	CurrentAccumulatedQ3Duration_ConsolidatedMember_ResultMember	/disc/141A0/081220260510521120_tse-qcedjpsm-141A0-202605143141A0-ixbrl.htm
2026-05-14	四半期	当期第3四半期累計	連結	実績		総資産	TotalAssets	784941000000	JPY	784,941	CurrentAccumulatedQ3Instant_ConsolidatedMember_ResultMember	/disc/141A0/081220260510521120_tse-qcedjpsm-141A0-202605143141A0-ixbrl.htm
2026-05-14	四半期	当期第3四半期累計	連結	実績		純資産	NetAssets	134164000000	JPY	134,164	CurrentAccumulatedQ3Instant_ConsolidatedMember_ResultMember	/disc/141A0/081220260510521120_tse-qcedjpsm-141A0-202605143141A0-ixbrl.htm
2026-05-14	四半期	当期第3四半期累計	連結	実績		自己資本比率	CapitalAdequacyRatio	0.167	Pure	16.7	CurrentAccumulatedQ3Instant_ConsolidatedMember_ResultMember	/disc/141A0/081220260510521120_tse-qcedjpsm-141A0-202605143141A0-ixbrl.htm
2026-05-14	四半期	前期	連結	実績		総資産	TotalAssets	300283000000	JPY	300,283	PriorYearInstant_ConsolidatedMember_ResultMember	/disc/141A0/081220260510521120_tse-qcedjpsm-141A0-202605143141A0-ixbrl.htm
2026-05-14	四半期	前期	連結	実績		純資産	NetAssets	129028000000	JPY	129,028	PriorYearInstant_ConsolidatedMember_ResultMember	/disc/141A0/081220260510521120_tse-qcedjpsm-141A0-202605143141A0-ixbrl.htm
2026-05-14	四半期	前期	連結	実績		自己資本比率	CapitalAdequacyRatio	0.420	Pure	42.0	PriorYearInstant_ConsolidatedMember_ResultMember	/disc/141A0/081220260510521120_tse-qcedjpsm-141A0-202605143141A0-ixbrl.htm
2026-05-14	四半期	当期第3四半期累計	連結	実績		自己資本	OwnersEquity	130872000000	JPY	130,872	CurrentAccumulatedQ3Instant_ConsolidatedMember_ResultMember	/disc/141A0/081220260510521120_tse-qcedjpsm-141A0-202605143141A0-ixbrl.htm
2026-05-14	四半期	前期	連結	実績		自己資本	OwnersEquity	126125000000	JPY	126,125	PriorYearInstant_ConsolidatedMember_ResultMember	/disc/141A0/081220260510521120_tse-qcedjpsm-141A0-202605143141A0-ixbrl.htm
2026-05-14	四半期	前期	単体	実績	第2四半期末	1株当たり配当金	DividendPerShare	0.00	JPYPerShares	0.00	PriorYearDuration_SecondQuarterMember_NonConsolidatedMember_ResultMember	/disc/141A0/081220260510521120_tse-qcedjpsm-141A0-202605143141A0-ixbrl.htm
2026-05-14	四半期	前期	単体	実績	期末	1株当たり配当金	DividendPerShare	16.00	JPYPerShares	16.00	PriorYearDuration_YearEndMember_NonConsolidatedMember_ResultMember	/disc/141A0/081220260510521120_tse-qcedjpsm-141A0-202605143141A0-ixbrl.htm
2026-05-14	四半期	前期	単体	実績	合計	1株当たり配当金	DividendPerShare	16.00	JPYPerShares	16.00	PriorYearDuration_AnnualMember_NonConsolidatedMember_ResultMember	/disc/141A0/081220260510521120_tse-qcedjpsm-141A0-202605143141A0-ixbrl.htm
2026-05-14	四半期	当期	単体	実績	第2四半期末	1株当たり配当金	DividendPerShare	0.00	JPYPerShares	0.00	CurrentYearDuration_SecondQuarterMember_NonConsolidatedMember_ResultMember	/disc/141A0/081220260510521120_tse-qcedjpsm-141A0-202605143141A0-ixbrl.htm
2026-05-14	四半期	当期	単体	予想	期末	1株当たり配当金	DividendPerShare	16.00	JPYPerShares	16.00	CurrentYearDuration_YearEndMember_NonConsolidatedMember_ForecastMember	/disc/141A0/081220260510521120_tse-qcedjpsm-141A0-202605143141A0-ixbrl.htm
2026-05-14	四半期	当期	単体	予想	合計	1株当たり配当金	DividendPerShare	16.00	JPYPerShares	16.00	CurrentYearDuration_AnnualMember_NonConsolidatedMember_ForecastMember	/disc/141A0/081220260510521120_tse-qcedjpsm-141A0-202605143141A0-ixbrl.htm
2026-05-14	四半期	当期	単体	実績	合計	当四半期における配当予想の修正	CorrectionOfDividendForecastInThisQuarter			無	CurrentYearDuration_AnnualMember_NonConsolidatedMember_ResultMember	/disc/141A0/081220260510521120_tse-qcedjpsm-141A0-202605143141A0-ixbrl.htm
2026-05-14	四半期	当期	連結	予想		業績予想の見出し	TitleForForecasts			３．2026年６月期の連結業績予想（2025年７月１日～2026年６月30日）	CurrentYearDuration_ConsolidatedMember_ForecastMember	/disc/141A0/081220260510521120_tse-qcedjpsm-141A0-202605143141A0-ixbrl.htm
2026-05-14	四半期	当期	連結	予想		売上高	NetSales	1342500000000	JPY	1,342,500	CurrentYearDuration_ConsolidatedMember_ForecastMember	/disc/141A0/081220260510521120_tse-qcedjpsm-141A0-202605143141A0-ixbrl.htm
2026-05-14	四半期	当期	連結	予想		売上高の増減率	ChangeInNetSales	0.670	Pure	67.0	CurrentYearDuration_ConsolidatedMember_ForecastMember	/disc/141A0/081220260510521120_tse-qcedjpsm-141A0-202605143141A0-ixbrl.htm
2026-05-14	四半期	当期	連結	予想		営業利益	OperatingIncome	28000000000	JPY	28,000	CurrentYearDuration_ConsolidatedMember_ForecastMember	/disc/141A0/081220260510521120_tse-qcedjpsm-141A0-202605143141A0-ixbrl.htm
2026-05-14	四半期	当期	連結	予想		営業利益の増減率	ChangeInOperatingIncome	0.327	Pure	32.7	CurrentYearDuration_ConsolidatedMember_ForecastMember	/disc/141A0/081220260510521120_tse-qcedjpsm-141A0-202605143141A0-ixbrl.htm
2026-05-14	四半期	当期	連結	予想		経常利益	OrdinaryIncome	17300000000	JPY	17,300	CurrentYearDuration_ConsolidatedMember_ForecastMember	/disc/141A0/081220260510521120_tse-qcedjpsm-141A0-202605143141A0-ixbrl.htm
2026-05-14	四半期	当期	連結	予想		経常利益の増減率	ChangeInOrdinaryIncome	-0.221	Pure	22.1	CurrentYearDuration_ConsolidatedMember_ForecastMember	/disc/141A0/081220260510521120_tse-qcedjpsm-141A0-202605143141A0-ixbrl.htm
2026-05-14	四半期	当期	連結	予想		親会社株主に帰属する当期純利益	ProfitAttributableToOwnersOfParent	500000000	JPY	500	CurrentYearDuration_ConsolidatedMember_ForecastMember	/disc/141A0/081220260510521120_tse-qcedjpsm-141A0-202605143141A0-ixbrl.htm
2026-05-14	四半期	当期	連結	予想		親会社株主に帰属する当期純利益の増減率	ChangeInProfitAttributableToOwnersOfParent	-0.957	Pure	95.7	CurrentYearDuration_ConsolidatedMember_ForecastMember	/disc/141A0/081220260510521120_tse-qcedjpsm-141A0-202605143141A0-ixbrl.htm
2026-05-14	四半期	当期	連結	予想		1株当たり当期純利益	NetIncomePerShare	4.09	JPYPerShares	4.09	CurrentYearDuration_ConsolidatedMember_ForecastMember	/disc/141A0/081220260510521120_tse-qcedjpsm-141A0-202605143141A0-ixbrl.htm
2026-05-14	四半期	当期	連結	予想		当四半期における業績予想の修正	CorrectionOfConsolidatedFinancialForecastInThisQuarter			有	CurrentYearDuration_ConsolidatedMember_ForecastMember	/disc/141A0/081220260510521120_tse-qcedjpsm-141A0-202605143141A0-ixbrl.htm
2026-05-14	四半期	当期第3四半期累計	連結	実績		期中の連結範囲の重要な変更	SignificantChangesInTheScopeOfConsolidationDuringThePeriod			有	CurrentAccumulatedQ3Duration_ConsolidatedMember_ResultMember	/disc/141A0/081220260510521120_tse-qcedjpsm-141A0-202605143141A0-ixbrl.htm
2026-05-14	四半期	当期第3四半期累計	連結	実績		新規連結子会社数	NumberOfSubsidiariesNewlyConsolidated	8	NumberOfCompanies	8	CurrentAccumulatedQ3Duration_ConsolidatedMember_ResultMember	/disc/141A0/081220260510521120_tse-qcedjpsm-141A0-202605143141A0-ixbrl.htm
2026-05-14	四半期	当期第3四半期累計	連結	実績		新規連結子会社の名称	NameOfSubsidiariesNewlyConsolidated			株式会社西友、株式会社西友プロキュアメント、株式会社西友サービス、株式会社STリテール、株式会社トライアルツアーズ、株式会社明治屋、株式会社TRIALS、株式会社TRYU	CurrentAccumulatedQ3Duration_ConsolidatedMember_ResultMember	/disc/141A0/081220260510521120_tse-qcedjpsm-141A0-202605143141A0-ixbrl.htm
2026-05-14	四半期	当期第3四半期累計	連結	実績			NoteToSignificantChangesInTheScopeOfConsolidationDuringThePeriod			（注）詳細は、添付資料９ページ「２．四半期連結財務諸表及び主な注記（３）四半期連結財務諸表に関する注記事項（連結の範囲又は持分法適用の範囲の変更）」をご覧ください。	CurrentAccumulatedQ3Duration_ConsolidatedMember_ResultMember	/disc/141A0/081220260510521120_tse-qcedjpsm-141A0-202605143141A0-ixbrl.htm
2026-05-14	四半期	当期第3四半期累計	連結	実績			ApplyingOfSpecificAccountingOfTheConsolidatedQuarterlyFinancialStatements			無	CurrentAccumulatedQ3Duration_ConsolidatedMember_ResultMember	/disc/141A0/081220260510521120_tse-qcedjpsm-141A0-202605143141A0-ixbrl.htm
2026-05-14	四半期	当期第3四半期累計	連結	実績		会計基準等の改正に伴う変更	ChangesBasedOnRevisionsOfAccountingStandard			無	CurrentAccumulatedQ3Duration_ConsolidatedMember_ResultMember	/disc/141A0/081220260510521120_tse-qcedjpsm-141A0-202605143141A0-ixbrl.htm
2026-05-14	四半期	当期第3四半期累計	連結	実績		それ以外の会計方針の変更	ChangesOtherThanOnesBasedOnRevisionsOfAccountingStandard			無	CurrentAccumulatedQ3Duration_ConsolidatedMember_ResultMember	/disc/141A0/081220260510521120_tse-qcedjpsm-141A0-202605143141A0-ixbrl.htm
2026-05-14	四半期	当期第3四半期累計	連結	実績		会計上の見積りの変更	ChangesInAccountingEstimates			無	CurrentAccumulatedQ3Duration_ConsolidatedMember_ResultMember	/disc/141A0/081220260510521120_tse-qcedjpsm-141A0-202605143141A0-ixbrl.htm
2026-05-14	四半期	当期第3四半期累計	連結	実績		修正再表示	RetrospectiveRestatement			無	CurrentAccumulatedQ3Duration_ConsolidatedMember_ResultMember	/disc/141A0/081220260510521120_tse-qcedjpsm-141A0-202605143141A0-ixbrl.htm
2026-05-14	四半期	当期第3四半期累計	単体	実績		期末発行済株式数(自己株式を含む)	NumberOfIssuedAndOutstandingSharesAtTheEndOfFiscalYearIncludingTreasuryStock	122717400	Shares	122,717,400	CurrentAccumulatedQ3Instant_NonConsolidatedMember_ResultMember	/disc/141A0/081220260510521120_tse-qcedjpsm-141A0-202605143141A0-ixbrl.htm
2026-05-14	四半期	前期	単体	実績		期末発行済株式数(自己株式を含む)	NumberOfIssuedAndOutstandingSharesAtTheEndOfFiscalYearIncludingTreasuryStock	122373300	Shares	122,373,300	PriorYearInstant_NonConsolidatedMember_ResultMember	/disc/141A0/081220260510521120_tse-qcedjpsm-141A0-202605143141A0-ixbrl.htm
2026-05-14	四半期	当期第3四半期累計	単体	実績		期末自己株式数	NumberOfTreasuryStockAtTheEndOfFiscalYear	74918	Shares	74,918	CurrentAccumulatedQ3Instant_NonConsolidatedMember_ResultMember	/disc/141A0/081220260510521120_tse-qcedjpsm-141A0-202605143141A0-ixbrl.htm
2026-05-14	四半期	前期	単体	実績		期末自己株式数	NumberOfTreasuryStockAtTheEndOfFiscalYear	75169	Shares	75,169	PriorYearInstant_NonConsolidatedMember_ResultMember	/disc/141A0/081220260510521120_tse-qcedjpsm-141A0-202605143141A0-ixbrl.htm
2026-05-14	四半期	当期第3四半期累計	単体	実績		期中平均株式数	AverageNumberOfShares	122381707	Shares	122,381,707	CurrentAccumulatedQ3Duration_NonConsolidatedMember_ResultMember	/disc/141A0/081220260510521120_tse-qcedjpsm-141A0-202605143141A0-ixbrl.htm
2026-05-14	四半期	前期第3四半期累計	単体	実績		期中平均株式数	AverageNumberOfShares	122064889	Shares	122,064,889	PriorAccumulatedQ3Duration_NonConsolidatedMember_ResultMember	/disc/141A0/081220260510521120_tse-qcedjpsm-141A0-202605143141A0-ixbrl.htm
2026-05-14	四半期	当期第3四半期累計					ReviewOfAttachedConsolidatedQuarterlyFinancialStatementsByACertifiedPublicAccountantOrAnAuditFirm			無	CurrentAccumulatedQ3Duration	/disc/141A0/081220260510521120_tse-qcedjpsm-141A0-202605143141A0-ixbrl.htm
2026-05-14	四半期	当期				将来情報の利用に関する注意	NotesForUsingForecastedInformationAndOthers			（将来に関する記述等についてのご注意） 本資料に記載される業績見通し等の将来に関する記述は、当社が現在入手している情報及び合理的であると判断する一定の前提に基づいており、その達成を当社として約束する趣旨のものではありません。また、実際の業績等はさまざまな要因により大きく異なる可能性があります。業績予想の前提となる条件及び業績予想のご利用に当たっての注意事項等については、添付資料４ページ「１．経営成績等の概況（３）連結業績予想などの将来予測情報に関する説明」をご覧ください。&#160;（決算補足説明資料及び決算説明会内容の入手方法） 当社は、2026年５月15日（金）に機関投資家及びアナリスト向けに決算説明会を開催する予定です。当日使用する決算説明会資料は、当社ウェブサイトに掲載する予定です。	CurrentYearDuration	/disc/141A0/081220260510521120_tse-qcedjpsm-141A0-202605143141A0-ixbrl.htm
2026-05-14	四半期	当期				決算期末	FiscalYearEnd			2026-06-30	CurrentYearInstant	/disc/141A0/081220260510521120_tse-qcedjpsm-141A0-202605143141A0-ixbrl.htm
2026-05-14	四半期	当期第3四半期累計				四半期	QuarterlyPeriod	3	Pure	3	CurrentAccumulatedQ3Instant	/disc/141A0/081220260510521120_tse-qcedjpsm-141A0-202605143141A0-ixbrl.htm
2026-08-13	年次	当期				書類名	DocumentName			決算短信〔日本基準〕（連結）	CurrentYearInstant	/disc/141A0/081220260808515899_tse-acedjpsm-141A0-202608133141A0-ixbrl.htm
2026-08-13	年次	当期				提出日	FilingDate			2026年８月13日	CurrentYearInstant	/disc/141A0/081220260808515899_tse-acedjpsm-141A0-202608133141A0-ixbrl.htm
2026-08-13	年次	当期				会社名	CompanyName			株式会社トライアルホールディングス	CurrentYearInstant	/disc/141A0/081220260808515899_tse-acedjpsm-141A0-202608133141A0-ixbrl.htm
2026-08-13	年次	当期					TokyoStockExchange			東	CurrentYearInstant	/disc/141A0/081220260808515899_tse-acedjpsm-141A0-202608133141A0-ixbrl.htm
2026-08-13	年次	当期				証券コード	SecuritiesCode			141A	CurrentYearInstant	/disc/141A0/081220260808515899_tse-acedjpsm-141A0-202608133141A0-ixbrl.htm
2026-08-13	年次	当期				URL	URL			https://trial-holdings.inc	CurrentYearInstant	/disc/141A0/081220260808515899_tse-acedjpsm-141A0-202608133141A0-ixbrl.htm
2026-08-13	年次	当期				代表者の役職	TitleRepresentative			代表取締役社長	CurrentYearInstant	/disc/141A0/081220260808515899_tse-acedjpsm-141A0-202608133141A0-ixbrl.htm
2026-08-13	年次	当期				代表者名	NameRepresentative			永田 洋幸	CurrentYearInstant	/disc/141A0/081220260808515899_tse-acedjpsm-141A0-202608133141A0-ixbrl.htm
2026-08-13	年次	当期					TitleInquiries			上席執行役員グループ経営財務部長	CurrentYearInstant	/disc/141A0/081220260808515899_tse-acedjpsm-141A0-202608133141A0-ixbrl.htm
2026-08-13	年次	当期					NameInquiries			桐島 一寿	CurrentYearInstant	/disc/141A0/081220260808515899_tse-acedjpsm-141A0-202608133141A0-ixbrl.htm
2026-08-13	年次	当期					Tel			03（6435）6308	CurrentYearInstant	/disc/141A0/081220260808515899_tse-acedjpsm-141A0-202608133141A0-ixbrl.htm
2026-08-13	年次	当期					DateOfGeneralShareholdersMeetingAsPlanned			2026年９月25日	CurrentYearInstant	/disc/141A0/081220260808515899_tse-acedjpsm-141A0-202608133141A0-ixbrl.htm
2026-08-13	年次	当期					DividendPayableDateAsPlanned			2026年９月28日	CurrentYearInstant	/disc/141A0/081220260808515899_tse-acedjpsm-141A0-202608133141A0-ixbrl.htm
2026-08-13	年次	当期					AnnualSecuritiesReportFilingDateAsPlanned			2026年９月24日	CurrentYearInstant	/disc/141A0/081220260808515899_tse-acedjpsm-141A0-202608133141A0-ixbrl.htm
2026-08-13	年次	当期					SupplementalMaterialOfAnnualResults			有	CurrentYearInstant	/disc/141A0/081220260808515899_tse-acedjpsm-141A0-202608133141A0-ixbrl.htm
2026-08-13	年次	当期					ConveningBriefingOfAnnualResults			有	CurrentYearInstant	/disc/141A0/081220260808515899_tse-acedjpsm-141A0-202608133141A0-ixbrl.htm
2026-08-13	年次	当期					TargetAudienceBriefingOfAnnualResults			（機関投資家・アナリスト向け）	CurrentYearInstant	/disc/141A0/081220260808515899_tse-acedjpsm-141A0-202608133141A0-ixbrl.htm
2026-08-13	年次	当期					NoteToFractionProcessingMethod			（百万円未満切捨て）	CurrentYearInstant	/disc/141A0/081220260808515899_tse-acedjpsm-141A0-202608133141A0-ixbrl.htm
2026-08-13	年次	当期	連結	実績		売上高	NetSales	1347109000000	JPY	1,347,109	CurrentYearDuration_ConsolidatedMember_ResultMember	/disc/141A0/081220260808515899_tse-acedjpsm-141A0-202608133141A0-ixbrl.htm
2026-08-13	年次	当期	連結	実績		売上高の増減率	ChangeInNetSales	0.676	Pure	67.6	CurrentYearDuration_ConsolidatedMember_ResultMember	/disc/141A0/081220260808515899_tse-acedjpsm-141A0-202608133141A0-ixbrl.htm
2026-08-13	年次	当期	連結	実績		営業利益	OperatingIncome	30371000000	JPY	30,371	CurrentYearDuration_ConsolidatedMember_ResultMember	/disc/141A0/081220260808515899_tse-acedjpsm-141A0-202608133141A0-ixbrl.htm
2026-08-13	年次	当期	連結	実績		営業利益の増減率	ChangeInOperatingIncome	0.439	Pure	43.9	CurrentYearDuration_ConsolidatedMember_ResultMember	/disc/141A0/081220260808515899_tse-acedjpsm-141A0-202608133141A0-ixbrl.htm
2026-08-13	年次	当期	連結	実績		経常利益	OrdinaryIncome	20186000000	JPY	20,186	CurrentYearDuration_ConsolidatedMember_ResultMember	/disc/141A0/081220260808515899_tse-acedjpsm-141A0-202608133141A0-ixbrl.htm
2026-08-13	年次	当期	連結	実績		経常利益の増減率	ChangeInOrdinaryIncome	-0.091	Pure	9.1	CurrentYearDuration_ConsolidatedMember_ResultMember	/disc/141A0/081220260808515899_tse-acedjpsm-141A0-202608133141A0-ixbrl.htm
2026-08-13	年次	当期	連結	実績		親会社株主に帰属する当期純利益	ProfitAttributableToOwnersOfParent	3522000000	JPY	3,522	CurrentYearDuration_ConsolidatedMember_ResultMember	/disc/141A0/081220260808515899_tse-acedjpsm-141A0-202608133141A0-ixbrl.htm
2026-08-13	年次	当期	連結	実績		親会社株主に帰属する当期純利益の増減率	ChangeInProfitAttributableToOwnersOfParent	-0.700	Pure	70.0	CurrentYearDuration_ConsolidatedMember_ResultMember	/disc/141A0/081220260808515899_tse-acedjpsm-141A0-202608133141A0-ixbrl.htm
2026-08-13	年次	前期	連結	実績		売上高	NetSales	803829000000	JPY	803,829	PriorYearDuration_ConsolidatedMember_ResultMember	/disc/141A0/081220260808515899_tse-acedjpsm-141A0-202608133141A0-ixbrl.htm
2026-08-13	年次	前期	連結	実績		売上高の増減率	ChangeInNetSales	0.120	Pure	12.0	PriorYearDuration_ConsolidatedMember_ResultMember	/disc/141A0/081220260808515899_tse-acedjpsm-141A0-202608133141A0-ixbrl.htm
2026-08-13	年次	前期	連結	実績		営業利益	OperatingIncome	21106000000	JPY	21,106	PriorYearDuration_ConsolidatedMember_ResultMember	/disc/141A0/081220260808515899_tse-acedjpsm-141A0-202608133141A0-ixbrl.htm
2026-08-13	年次	前期	連結	実績		営業利益の増減率	ChangeInOperatingIncome	0.102	Pure	10.2	PriorYearDuration_ConsolidatedMember_ResultMember	/disc/141A0/081220260808515899_tse-acedjpsm-141A0-202608133141A0-ixbrl.htm
2026-08-13	年次	前期	連結	実績		経常利益	OrdinaryIncome	22200000000	JPY	22,200	PriorYearDuration_ConsolidatedMember_ResultMember	/disc/141A0/081220260808515899_tse-acedjpsm-141A0-202608133141A0-ixbrl.htm
2026-08-13	年次	前期	連結	実績		経常利益の増減率	ChangeInOrdinaryIncome	0.122	Pure	12.2	PriorYearDuration_ConsolidatedMember_ResultMember	/disc/141A0/081220260808515899_tse-acedjpsm-141A0-202608133141A0-ixbrl.htm
2026-08-13	年次	前期	連結	実績		親会社株主に帰属する当期純利益	ProfitAttributableToOwnersOfParent	11752000000	JPY	11,752	PriorYearDuration_ConsolidatedMember_ResultMember	/disc/141A0/081220260808515899_tse-acedjpsm-141A0-202608133141A0-ixbrl.htm
2026-08-13	年次	前期	連結	実績		親会社株主に帰属する当期純利益の増減率	ChangeInProfitAttributableToOwnersOfParent	0.027	Pure	2.7	PriorYearDuration_ConsolidatedMember_ResultMember	/disc/141A0/081220260808515899_tse-acedjpsm-141A0-202608133141A0-ixbrl.htm
2026-08-13	年次	当期	連結	実績		包括利益	ComprehensiveIncome	6474000000	JPY	6,474	CurrentYearDuration_ConsolidatedMember_ResultMember	/disc/141A0/081220260808515899_tse-acedjpsm-141A0-202608133141A0-ixbrl.htm
2026-08-13	年次	当期	連結	実績		包括利益の増減率	ChangeInComprehensiveIncome	-0.455	Pure	45.5	CurrentYearDuration_ConsolidatedMember_ResultMember	/disc/141A0/081220260808515899_tse-acedjpsm-141A0-202608133141A0-ixbrl.htm
2026-08-13	年次	前期	連結	実績		包括利益	ComprehensiveIncome	11879000000	JPY	11,879	PriorYearDuration_ConsolidatedMember_ResultMember	/disc/141A0/081220260808515899_tse-acedjpsm-141A0-202608133141A0-ixbrl.htm
2026-08-13	年次	前期	連結	実績		包括利益の増減率	ChangeInComprehensiveIncome	-0.019	Pure	1.9	PriorYearDuration_ConsolidatedMember_ResultMember	/disc/141A0/081220260808515899_tse-acedjpsm-141A0-202608133141A0-ixbrl.htm
2026-08-13	年次	当期	連結	実績		1株当たり当期純利益	NetIncomePerShare	28.76	JPYPerShares	28.76	CurrentYearDuration_ConsolidatedMember_ResultMember	/disc/141A0/081220260808515899_tse-acedjpsm-141A0-202608133141A0-ixbrl.htm
2026-08-13	年次	当期	連結	実績		潜在株式調整後1株当たり当期純利益	DilutedNetIncomePerShare	28.55	JPYPerShares	28.55	CurrentYearDuration_ConsolidatedMember_ResultMember	/disc/141A0/081220260808515899_tse-acedjpsm-141A0-202608133141A0-ixbrl.htm
2026-08-13	年次	当期	連結	実績		自己資本当期純利益率(ROE)	NetIncomeToShareholdersEquityRatio	0.027	Pure	2.7	CurrentYearDuration_ConsolidatedMember_ResultMember	/disc/141A0/081220260808515899_tse-acedjpsm-141A0-202608133141A0-ixbrl.htm
2026-08-13	年次	当期	連結	実績		総資産経常利益率(ROA)	OrdinaryIncomeToTotalAssetsRatio	0.036	Pure	3.6	CurrentYearDuration_ConsolidatedMember_ResultMember	/disc/141A0/081220260808515899_tse-acedjpsm-141A0-202608133141A0-ixbrl.htm
2026-08-13	年次	当期	連結	実績		売上高営業利益率	OperatingIncomeToNetSalesRatio	0.023	Pure	2.3	CurrentYearDuration_ConsolidatedMember_ResultMember	/disc/141A0/081220260808515899_tse-acedjpsm-141A0-202608133141A0-ixbrl.htm
2026-08-13	年次	前期	連結	実績		1株当たり当期純利益	NetIncomePerShare	96.23	JPYPerShares	96.23	PriorYearDuration_ConsolidatedMember_ResultMember	/disc/141A0/081220260808515899_tse-acedjpsm-141A0-202608133141A0-ixbrl.htm
2026-08-13	年次	前期	連結	実績		潜在株式調整後1株当たり当期純利益	DilutedNetIncomePerShare	95.52	JPYPerShares	95.52	PriorYearDuration_ConsolidatedMember_ResultMember	/disc/141A0/081220260808515899_tse-acedjpsm-141A0-202608133141A0-ixbrl.htm
2026-08-13	年次	前期	連結	実績		自己資本当期純利益率(ROE)	NetIncomeToShareholdersEquityRatio	0.097	Pure	9.7	PriorYearDuration_ConsolidatedMember_ResultMember	/disc/141A0/081220260808515899_tse-acedjpsm-141A0-202608133141A0-ixbrl.htm
2026-08-13	年次	前期	連結	実績		総資産経常利益率(ROA)	OrdinaryIncomeToTotalAssetsRatio	0.076	Pure	7.6	PriorYearDuration_ConsolidatedMember_ResultMember	/disc/141A0/081220260808515899_tse-acedjpsm-141A0-202608133141A0-ixbrl.htm
2026-08-13	年次	前期	連結	実績		売上高営業利益率	OperatingIncomeToNetSalesRatio	0.026	Pure	2.6	PriorYearDuration_ConsolidatedMember_ResultMember	/disc/141A0/081220260808515899_tse-acedjpsm-141A0-202608133141A0-ixbrl.htm
2026-08-13	年次	当期	連結	実績		持分法投資損益	InvestmentProfitLossOnEquityMethod	244000000	JPY	244	CurrentYearDuration_ConsolidatedMember_ResultMember	/disc/141A0/081220260808515899_tse-acedjpsm-141A0-202608133141A0-ixbrl.htm
2026-08-13	年次	前期	連結	実績		持分法投資損益	InvestmentProfitLossOnEquityMethod	460000000	JPY	460	PriorYearDuration_ConsolidatedMember_ResultMember	/disc/141A0/081220260808515899_tse-acedjpsm-141A0-202608133141A0-ixbrl.htm
2026-08-13	年次	当期	連結	実績		総資産	TotalAssets	807824000000	JPY	807,824	CurrentYearInstant_ConsolidatedMember_ResultMember	/disc/141A0/081220260808515899_tse-acedjpsm-141A0-202608133141A0-ixbrl.htm
2026-08-13	年次	当期	連結	実績		純資産	NetAssets	134369000000	JPY	134,369	CurrentYearInstant_ConsolidatedMember_ResultMember	/disc/141A0/081220260808515899_tse-acedjpsm-141A0-202608133141A0-ixbrl.htm
2026-08-13	年次	当期	連結	実績		自己資本比率	CapitalAdequacyRatio	0.162	Pure	16.2	CurrentYearInstant_ConsolidatedMember_ResultMember	/disc/141A0/081220260808515899_tse-acedjpsm-141A0-202608133141A0-ixbrl.htm
2026-08-13	年次	当期	連結	実績		1株当たり純資産	NetAssetsPerShare	1066.23	JPYPerShares	1,066.23	CurrentYearInstant_ConsolidatedMember_ResultMember	/disc/141A0/081220260808515899_tse-acedjpsm-141A0-202608133141A0-ixbrl.htm
2026-08-13	年次	前期	連結	実績		総資産	TotalAssets	300283000000	JPY	300,283	PriorYearInstant_ConsolidatedMember_ResultMember	/disc/141A0/081220260808515899_tse-acedjpsm-141A0-202608133141A0-ixbrl.htm
2026-08-13	年次	前期	連結	実績		純資産	NetAssets	129028000000	JPY	129,028	PriorYearInstant_ConsolidatedMember_ResultMember	/disc/141A0/081220260808515899_tse-acedjpsm-141A0-202608133141A0-ixbrl.htm
2026-08-13	年次	前期	連結	実績		自己資本比率	CapitalAdequacyRatio	0.420	Pure	42.0	PriorYearInstant_ConsolidatedMember_ResultMember	/disc/141A0/081220260808515899_tse-acedjpsm-141A0-202608133141A0-ixbrl.htm
2026-08-13	年次	前期	連結	実績		1株当たり純資産	NetAssetsPerShare	1031.30	JPYPerShares	1,031.30	PriorYearInstant_ConsolidatedMember_ResultMember	/disc/141A0/081220260808515899_tse-acedjpsm-141A0-202608133141A0-ixbrl.htm
2026-08-13	年次	当期	連結	実績		自己資本	OwnersEquity	130903000000	JPY	130,903	CurrentYearInstant_ConsolidatedMember_ResultMember	/disc/141A0/081220260808515899_tse-acedjpsm-141A0-202608133141A0-ixbrl.htm
2026-08-13	年次	前期	連結	実績		自己資本	OwnersEquity	126125000000	JPY	126,125	PriorYearInstant_ConsolidatedMember_ResultMember	/disc/141A0/081220260808515899_tse-acedjpsm-141A0-202608133141A0-ixbrl.htm
2026-08-13	年次	当期	連結	実績		営業キャッシュフロー	CashFlowsFromOperatingActivities	92055000000	JPY	92,055	CurrentYearDuration_ConsolidatedMember_ResultMember	/disc/141A0/081220260808515899_tse-acedjpsm-141A0-202608133141A0-ixbrl.htm
2026-08-13	年次	当期	連結	実績		投資キャッシュフロー	CashFlowsFromInvestingActivities	-405015000000	JPY	405,015	CurrentYearDuration_ConsolidatedMember_ResultMember	/disc/141A0/081220260808515899_tse-acedjpsm-141A0-202608133141A0-ixbrl.htm
2026-08-13	年次	当期	連結	実績		財務キャッシュフロー	CashFlowsFromFinancingActivities	309392000000	JPY	309,392	CurrentYearDuration_ConsolidatedMember_ResultMember	/disc/141A0/081220260808515899_tse-acedjpsm-141A0-202608133141A0-ixbrl.htm
2026-08-13	年次	当期	連結	実績		現金及び現金同等物の期末残高	CashAndEquivalentsEndOfPeriod	68901000000	JPY	68,901	CurrentYearInstant_ConsolidatedMember_ResultMember	/disc/141A0/081220260808515899_tse-acedjpsm-141A0-202608133141A0-ixbrl.htm
2026-08-13	年次	前期	連結	実績		営業キャッシュフロー	CashFlowsFromOperatingActivities	-4446000000	JPY	4,446	PriorYearDuration_ConsolidatedMember_ResultMember	/disc/141A0/081220260808515899_tse-acedjpsm-141A0-202608133141A0-ixbrl.htm
2026-08-13	年次	前期	連結	実績		投資キャッシュフロー	CashFlowsFromInvestingActivities	-35892000000	JPY	35,892	PriorYearDuration_ConsolidatedMember_ResultMember	/disc/141A0/081220260808515899_tse-acedjpsm-141A0-202608133141A0-ixbrl.htm
2026-08-13	年次	前期	連結	実績		財務キャッシュフロー	CashFlowsFromFinancingActivities	20770000000	JPY	20,770	PriorYearDuration_ConsolidatedMember_ResultMember	/disc/141A0/081220260808515899_tse-acedjpsm-141A0-202608133141A0-ixbrl.htm
2026-08-13	年次	前期	連結	実績		現金及び現金同等物の期末残高	CashAndEquivalentsEndOfPeriod	72325000000	JPY	72,325	PriorYearInstant_ConsolidatedMember_ResultMember	/disc/141A0/081220260808515899_tse-acedjpsm-141A0-202608133141A0-ixbrl.htm
2026-08-13	年次	前期	単体	実績	第2四半期末	1株当たり配当金	DividendPerShare	0.00	JPYPerShares	0.00	PriorYearDuration_SecondQuarterMember_NonConsolidatedMember_ResultMember	/disc/141A0/081220260808515899_tse-acedjpsm-141A0-202608133141A0-ixbrl.htm
2026-08-13	年次	前期	単体	実績	期末	1株当たり配当金	DividendPerShare	16.00	JPYPerShares	16.00	PriorYearDuration_YearEndMember_NonConsolidatedMember_ResultMember	/disc/141A0/081220260808515899_tse-acedjpsm-141A0-202608133141A0-ixbrl.htm
2026-08-13	年次	前期	単体	実績	合計	1株当たり配当金	DividendPerShare	16.00	JPYPerShares	16.00	PriorYearDuration_AnnualMember_NonConsolidatedMember_ResultMember	/disc/141A0/081220260808515899_tse-acedjpsm-141A0-202608133141A0-ixbrl.htm
2026-08-13	年次	前期	単体	実績	合計	配当金総額	TotalDividendPaidAnnual	1956000000	JPY	1,956	PriorYearDuration_AnnualMember_NonConsolidatedMember_ResultMember	/disc/141A0/081220260808515899_tse-acedjpsm-141A0-202608133141A0-ixbrl.htm
2026-08-13	年次	前期	連結	実績	合計	配当性向	PayoutRatio	0.166	Pure	16.6	PriorYearDuration_AnnualMember_ConsolidatedMember_ResultMember	/disc/141A0/081220260808515899_tse-acedjpsm-141A0-202608133141A0-ixbrl.htm
2026-08-13	年次	前期	連結	実績	合計	純資産配当率	RatioOfTotalAmountOfDividendsToNetAssets	0.016	Pure	1.6	PriorYearDuration_AnnualMember_ConsolidatedMember_ResultMember	/disc/141A0/081220260808515899_tse-acedjpsm-141A0-202608133141A0-ixbrl.htm
2026-08-13	年次	当期	単体	実績	第2四半期末	1株当たり配当金	DividendPerShare	0.00	JPYPerShares	0.00	CurrentYearDuration_SecondQuarterMember_NonConsolidatedMember_ResultMember	/disc/141A0/081220260808515899_tse-acedjpsm-141A0-202608133141A0-ixbrl.htm
2026-08-13	年次	当期	単体	実績	期末	1株当たり配当金	DividendPerShare	17.00	JPYPerShares	17.00	CurrentYearDuration_YearEndMember_NonConsolidatedMember_ResultMember	/disc/141A0/081220260808515899_tse-acedjpsm-141A0-202608133141A0-ixbrl.htm
2026-08-13	年次	当期	単体	実績	合計	1株当たり配当金	DividendPerShare	17.00	JPYPerShares	17.00	CurrentYearDuration_AnnualMember_NonConsolidatedMember_ResultMember	/disc/141A0/081220260808515899_tse-acedjpsm-141A0-202608133141A0-ixbrl.htm
2026-08-13	年次	当期	単体	実績	合計	配当金総額	TotalDividendPaidAnnual	2087000000	JPY	2,087	CurrentYearDuration_AnnualMember_NonConsolidatedMember_ResultMember	/disc/141A0/081220260808515899_tse-acedjpsm-141A0-202608133141A0-ixbrl.htm
2026-08-13	年次	当期	連結	実績	合計	配当性向	PayoutRatio	0.591	Pure	59.1	CurrentYearDuration_AnnualMember_ConsolidatedMember_ResultMember	/disc/141A0/081220260808515899_tse-acedjpsm-141A0-202608133141A0-ixbrl.htm
2026-08-13	年次	当期	連結	実績	合計	純資産配当率	RatioOfTotalAmountOfDividendsToNetAssets	0.016	Pure	1.6	CurrentYearDuration_AnnualMember_ConsolidatedMember_ResultMember	/disc/141A0/081220260808515899_tse-acedjpsm-141A0-202608133141A0-ixbrl.htm
2026-08-13	年次	来期	単体	予想	第2四半期末	1株当たり配当金	DividendPerShare	0.00	JPYPerShares	0.00	NextYearDuration_SecondQuarterMember_NonConsolidatedMember_ForecastMember	/disc/141A0/081220260808515899_tse-acedjpsm-141A0-202608133141A0-ixbrl.htm
2026-08-13	年次	来期	単体	予想	期末	1株当たり配当金	DividendPerShare	17.00	JPYPerShares	17.00	NextYearDuration_YearEndMember_NonConsolidatedMember_ForecastMember	/disc/141A0/081220260808515899_tse-acedjpsm-141A0-202608133141A0-ixbrl.htm
2026-08-13	年次	来期	単体	予想	合計	1株当たり配当金	DividendPerShare	17.00	JPYPerShares	17.00	NextYearDuration_AnnualMember_NonConsolidatedMember_ForecastMember	/disc/141A0/081220260808515899_tse-acedjpsm-141A0-202608133141A0-ixbrl.htm
2026-08-13	年次	来期	連結	予想	合計	配当性向	PayoutRatio	0.195	Pure	19.5	NextYearDuration_AnnualMember_ConsolidatedMember_ForecastMember	/disc/141A0/081220260808515899_tse-acedjpsm-141A0-202608133141A0-ixbrl.htm
2026-08-13	年次	来期	連結	予想		業績予想の見出し	TitleForForecasts			３．2027年６月期の連結業績予想（2026年７月１日～2027年６月30日）	NextYearDuration_ConsolidatedMember_ForecastMember	/disc/141A0/081220260808515899_tse-acedjpsm-141A0-202608133141A0-ixbrl.htm
2026-08-13	年次		連結	予想		売上高	NetSales	733100000000	JPY	733,100	NextAccumulatedQ2Duration_ConsolidatedMember_ForecastMember	/disc/141A0/081220260808515899_tse-acedjpsm-141A0-202608133141A0-ixbrl.htm
2026-08-13	年次		連結	予想		売上高の増減率	ChangeInNetSales	0.087	Pure	8.7	NextAccumulatedQ2Duration_ConsolidatedMember_ForecastMember	/disc/141A0/081220260808515899_tse-acedjpsm-141A0-202608133141A0-ixbrl.htm
2026-08-13	年次		連結	予想		営業利益	OperatingIncome	20400000000	JPY	20,400	NextAccumulatedQ2Duration_ConsolidatedMember_ForecastMember	/disc/141A0/081220260808515899_tse-acedjpsm-141A0-202608133141A0-ixbrl.htm
2026-08-13	年次		連結	予想		営業利益の増減率	ChangeInOperatingIncome	0.223	Pure	22.3	NextAccumulatedQ2Duration_ConsolidatedMember_ForecastMember	/disc/141A0/081220260808515899_tse-acedjpsm-141A0-202608133141A0-ixbrl.htm
2026-08-13	年次		連結	予想		経常利益	OrdinaryIncome	15400000000	JPY	15,400	NextAccumulatedQ2Duration_ConsolidatedMember_ForecastMember	/disc/141A0/081220260808515899_tse-acedjpsm-141A0-202608133141A0-ixbrl.htm
2026-08-13	年次		連結	予想		経常利益の増減率	ChangeInOrdinaryIncome	0.065	Pure	6.5	NextAccumulatedQ2Duration_ConsolidatedMember_ForecastMember	/disc/141A0/081220260808515899_tse-acedjpsm-141A0-202608133141A0-ixbrl.htm
2026-08-13	年次		連結	予想		親会社株主に帰属する当期純利益	ProfitAttributableToOwnersOfParent	6300000000	JPY	6,300	NextAccumulatedQ2Duration_ConsolidatedMember_ForecastMember	/disc/141A0/081220260808515899_tse-acedjpsm-141A0-202608133141A0-ixbrl.htm
2026-08-13	年次		連結	予想		親会社株主に帰属する当期純利益の増減率	ChangeInProfitAttributableToOwnersOfParent	0.553	Pure	55.3	NextAccumulatedQ2Duration_ConsolidatedMember_ForecastMember	/disc/141A0/081220260808515899_tse-acedjpsm-141A0-202608133141A0-ixbrl.htm
2026-08-13	年次		連結	予想		1株当たり当期純利益	NetIncomePerShare	51.31	JPYPerShares	51.31	NextAccumulatedQ2Duration_ConsolidatedMember_ForecastMember	/disc/141A0/081220260808515899_tse-acedjpsm-141A0-202608133141A0-ixbrl.htm
2026-08-13	年次	来期	連結	予想		売上高	NetSales	1458200000000	JPY	1,458,200	NextYearDuration_ConsolidatedMember_ForecastMember	/disc/141A0/081220260808515899_tse-acedjpsm-141A0-202608133141A0-ixbrl.htm
2026-08-13	年次	来期	連結	予想		売上高の増減率	ChangeInNetSales	0.082	Pure	8.2	NextYearDuration_ConsolidatedMember_ForecastMember	/disc/141A0/081220260808515899_tse-acedjpsm-141A0-202608133141A0-ixbrl.htm
2026-08-13	年次	来期	連結	予想		営業利益	OperatingIncome	39000000000	JPY	39,000	NextYearDuration_ConsolidatedMember_ForecastMember	/disc/141A0/081220260808515899_tse-acedjpsm-141A0-202608133141A0-ixbrl.htm
2026-08-13	年次	来期	連結	予想		営業利益の増減率	ChangeInOperatingIncome	0.284	Pure	28.4	NextYearDuration_ConsolidatedMember_ForecastMember	/disc/141A0/081220260808515899_tse-acedjpsm-141A0-202608133141A0-ixbrl.htm
2026-08-13	年次	来期	連結	予想		経常利益	OrdinaryIncome	28600000000	JPY	28,600	NextYearDuration_ConsolidatedMember_ForecastMember	/disc/141A0/081220260808515899_tse-acedjpsm-141A0-202608133141A0-ixbrl.htm
2026-08-13	年次	来期	連結	予想		経常利益の増減率	ChangeInOrdinaryIncome	0.417	Pure	41.7	NextYearDuration_ConsolidatedMember_ForecastMember	/disc/141A0/081220260808515899_tse-acedjpsm-141A0-202608133141A0-ixbrl.htm
2026-08-13	年次	来期	連結	予想		親会社株主に帰属する当期純利益	ProfitAttributableToOwnersOfParent	10700000000	JPY	10,700	NextYearDuration_ConsolidatedMember_ForecastMember	/disc/141A0/081220260808515899_tse-acedjpsm-141A0-202608133141A0-ixbrl.htm
2026-08-13	年次	来期	連結	予想		親会社株主に帰属する当期純利益の増減率	ChangeInProfitAttributableToOwnersOfParent	2.038	Pure	203.8	NextYearDuration_ConsolidatedMember_ForecastMember	/disc/141A0/081220260808515899_tse-acedjpsm-141A0-202608133141A0-ixbrl.htm
2026-08-13	年次	来期	連結	予想		1株当たり当期純利益	NetIncomePerShare	87.15	JPYPerShares	87.15	NextYearDuration_ConsolidatedMember_ForecastMember	/disc/141A0/081220260808515899_tse-acedjpsm-141A0-202608133141A0-ixbrl.htm
2026-08-13	年次	当期	連結	実績		期中の連結範囲の重要な変更	SignificantChangesInTheScopeOfConsolidationDuringThePeriod			有	CurrentYearDuration_ConsolidatedMember_ResultMember	/disc/141A0/081220260808515899_tse-acedjpsm-141A0-202608133141A0-ixbrl.htm
2026-08-13	年次	当期	連結	実績		新規連結子会社数	NumberOfSubsidiariesNewlyConsolidated	13	NumberOfCompanies	13	CurrentYearDuration_ConsolidatedMember_ResultMember	/disc/141A0/081220260808515899_tse-acedjpsm-141A0-202608133141A0-ixbrl.htm
2026-08-13	年次	当期	連結	実績		新規連結子会社の名称	NameOfSubsidiariesNewlyConsolidated			株式会社西友、株式会社西友プロキュアメント、株式会社西友サービス、株式会社STリテール、株式会社トライアルツアーズ、株式会社明治屋、株式会社トライアルテクノロジー、株式会社TRYU、株式会社トライアルヒューマンベース、株式会社RIALT、株式会社トライアルスーパーセンター、株式会社熊本リゾート、株式会社南阿蘇ゴルフリゾート	CurrentYearDuration_ConsolidatedMember_ResultMember	/disc/141A0/081220260808515899_tse-acedjpsm-141A0-202608133141A0-ixbrl.htm
2026-08-13	年次	当期	連結	実績		除外子会社数	NumberOfSubsidiariesExcludedFromConsolidation	1	NumberOfCompanies	1	CurrentYearDuration_ConsolidatedMember_ResultMember	/disc/141A0/081220260808515899_tse-acedjpsm-141A0-202608133141A0-ixbrl.htm
2026-08-13	年次	当期	連結	実績		除外子会社の名称	NameOfSubsidiariesExcludedFromConsolidation			株式会社Le Petit Nicois	CurrentYearDuration_ConsolidatedMember_ResultMember	/disc/141A0/081220260808515899_tse-acedjpsm-141A0-202608133141A0-ixbrl.htm
2026-08-13	年次	当期	連結	実績			NoteToSignificantChangesInTheScopeOfConsolidationDuringThePeriod			（注）詳細は、添付資料13ページ「３．連結財務諸表及び主な注記（５）連結財務諸表に関する注記事項（連結の範囲又は持分法適用の範囲の変更）」をご覧ください。	CurrentYearDuration_ConsolidatedMember_ResultMember	/disc/141A0/081220260808515899_tse-acedjpsm-141A0-202608133141A0-ixbrl.htm
2026-08-13	年次	当期	連結	実績		会計基準等の改正に伴う変更	ChangesBasedOnRevisionsOfAccountingStandard			無	CurrentYearDuration_ConsolidatedMember_ResultMember	/disc/141A0/081220260808515899_tse-acedjpsm-141A0-202608133141A0-ixbrl.htm
2026-08-13	年次	当期	連結	実績		それ以外の会計方針の変更	ChangesOtherThanOnesBasedOnRevisionsOfAccountingStandard			無	CurrentYearDuration_ConsolidatedMember_ResultMember	/disc/141A0/081220260808515899_tse-acedjpsm-141A0-202608133141A0-ixbrl.htm
2026-08-13	年次	当期	連結	実績		会計上の見積りの変更	ChangesInAccountingEstimates			無	CurrentYearDuration_ConsolidatedMember_ResultMember	/disc/141A0/081220260808515899_tse-acedjpsm-141A0-202608133141A0-ixbrl.htm
2026-08-13	年次	当期	連結	実績		修正再表示	RetrospectiveRestatement			無	CurrentYearDuration_ConsolidatedMember_ResultMember	/disc/141A0/081220260808515899_tse-acedjpsm-141A0-202608133141A0-ixbrl.htm
2026-08-13	年次	当期	単体	実績		期末発行済株式数(自己株式を含む)	NumberOfIssuedAndOutstandingSharesAtTheEndOfFiscalYearIncludingTreasuryStock	122848400	Shares	122,848,400	CurrentYearInstant_NonConsolidatedMember_ResultMember	/disc/141A0/081220260808515899_tse-acedjpsm-141A0-202608133141A0-ixbrl.htm
2026-08-13	年次	前期	単体	実績		期末発行済株式数(自己株式を含む)	NumberOfIssuedAndOutstandingSharesAtTheEndOfFiscalYearIncludingTreasuryStock	122373300	Shares	122,373,300	PriorYearInstant_NonConsolidatedMember_ResultMember	/disc/141A0/081220260808515899_tse-acedjpsm-141A0-202608133141A0-ixbrl.htm
2026-08-13	年次	当期	単体	実績		期末自己株式数	NumberOfTreasuryStockAtTheEndOfFiscalYear	75918	Shares	75,918	CurrentYearInstant_NonConsolidatedMember_ResultMember	/disc/141A0/081220260808515899_tse-acedjpsm-141A0-202608133141A0-ixbrl.htm
2026-08-13	年次	前期	単体	実績		期末自己株式数	NumberOfTreasuryStockAtTheEndOfFiscalYear	75169	Shares	75,169	PriorYearInstant_NonConsolidatedMember_ResultMember	/disc/141A0/081220260808515899_tse-acedjpsm-141A0-202608133141A0-ixbrl.htm
2026-08-13	年次	当期	単体	実績		期中平均株式数	AverageNumberOfShares	122470961	Shares	122,470,961	CurrentYearDuration_NonConsolidatedMember_ResultMember	/disc/141A0/081220260808515899_tse-acedjpsm-141A0-202608133141A0-ixbrl.htm
2026-08-13	年次	前期	単体	実績		期中平均株式数	AverageNumberOfShares	122121989	Shares	122,121,989	PriorYearDuration_NonConsolidatedMember_ResultMember	/disc/141A0/081220260808515899_tse-acedjpsm-141A0-202608133141A0-ixbrl.htm
2026-08-13	年次	来期				将来情報の利用に関する注意	NotesForUsingForecastedInformationAndOthers			(将来に関する記述等についてのご注意） 本資料に記載される業績見通し等の将来に関する記述は、当社が現在入手している情報及び合理的であると判断する一定の前提に基づいており、その達成を当社として約束する趣旨のものではありません。また、実際の業績等はさまざまな要因により大きく異なる可能性があります。業績予想の前提となる条件及び業績予想のご利用に当たっての注意事項等については、添付資料４ページ「１．経営成績等の概況（４）今後の見通し」をご覧ください。&#160;（決算補足説明資料及び決算説明会内容の入手方法） 当社は、2026年８月13日（木）に機関投資家及びアナリスト向けに決算説明会を開催する予定です。当日使用する決算説明会資料は、当社ウェブサイトに掲載する予定です。&#160;	NextYearDuration	/disc/141A0/081220260808515899_tse-acedjpsm-141A0-202608133141A0-ixbrl.htm
2026-08-13	年次	当期				決算期末	FiscalYearEnd			2026-06-30	CurrentYearInstant	/disc/141A0/081220260808515899_tse-acedjpsm-141A0-202608133141A0-ixbrl.htm
