日付	書類	期	連単	区分	四半期	項目名	タグ	値	単位	表示	コンテキスト	出所
2016-08-08	四半期	当期第1四半期累計				書類名	DocumentName			第1四半期決算短信〔日本基準〕（連結）	CurrentAccumulatedQ1Instant	/disc/18790/081220160719453264_tse-qcedjpsm-18790-20160719453264-ixbrl.htm
2016-08-08	四半期	当期第1四半期累計				提出日	FilingDate			平成28年8月8日	CurrentAccumulatedQ1Instant	/disc/18790/081220160719453264_tse-qcedjpsm-18790-20160719453264-ixbrl.htm
2016-08-08	四半期	当期第1四半期累計				会社名	CompanyName			新日本建設株式会社	CurrentAccumulatedQ1Instant	/disc/18790/081220160719453264_tse-qcedjpsm-18790-20160719453264-ixbrl.htm
2016-08-08	四半期	当期第1四半期累計					TokyoStockExchange			東	CurrentAccumulatedQ1Instant	/disc/18790/081220160719453264_tse-qcedjpsm-18790-20160719453264-ixbrl.htm
2016-08-08	四半期	当期第1四半期累計				証券コード	SecuritiesCode			18790	CurrentAccumulatedQ1Instant	/disc/18790/081220160719453264_tse-qcedjpsm-18790-20160719453264-ixbrl.htm
2016-08-08	四半期	当期第1四半期累計				URL	URL			http://www.shinnihon-c.co.jp/	CurrentAccumulatedQ1Instant	/disc/18790/081220160719453264_tse-qcedjpsm-18790-20160719453264-ixbrl.htm
2016-08-08	四半期	当期第1四半期累計				代表者の役職	TitleRepresentative			代表取締役社長	CurrentAccumulatedQ1Instant	/disc/18790/081220160719453264_tse-qcedjpsm-18790-20160719453264-ixbrl.htm
2016-08-08	四半期	当期第1四半期累計				代表者名	NameRepresentative			高見 克司	CurrentAccumulatedQ1Instant	/disc/18790/081220160719453264_tse-qcedjpsm-18790-20160719453264-ixbrl.htm
2016-08-08	四半期	当期第1四半期累計					TitleInquiries			取締役常務執行役員管理本部長	CurrentAccumulatedQ1Instant	/disc/18790/081220160719453264_tse-qcedjpsm-18790-20160719453264-ixbrl.htm
2016-08-08	四半期	当期第1四半期累計					NameInquiries			高橋 苗樹	CurrentAccumulatedQ1Instant	/disc/18790/081220160719453264_tse-qcedjpsm-18790-20160719453264-ixbrl.htm
2016-08-08	四半期	当期第1四半期累計					Tel			043-213-1111	CurrentAccumulatedQ1Instant	/disc/18790/081220160719453264_tse-qcedjpsm-18790-20160719453264-ixbrl.htm
2016-08-08	四半期	当期第1四半期累計					QuarterlyStatementFilingDateAsPlanned			平成28年8月9日	CurrentAccumulatedQ1Instant	/disc/18790/081220160719453264_tse-qcedjpsm-18790-20160719453264-ixbrl.htm
2016-08-08	四半期	当期第1四半期累計					SupplementalMaterialOfQuarterlyResults			無	CurrentAccumulatedQ1Instant	/disc/18790/081220160719453264_tse-qcedjpsm-18790-20160719453264-ixbrl.htm
2016-08-08	四半期	当期第1四半期累計					ConveningBriefingOfQuarterlyResults			無	CurrentAccumulatedQ1Instant	/disc/18790/081220160719453264_tse-qcedjpsm-18790-20160719453264-ixbrl.htm
2016-08-08	四半期	当期第1四半期累計					NoteToFractionProcessingMethod			（百万円未満切捨て）	CurrentAccumulatedQ1Instant	/disc/18790/081220160719453264_tse-qcedjpsm-18790-20160719453264-ixbrl.htm
2016-08-08	四半期	当期第1四半期累計	連結	実績		売上高	NetSales	15632000000	JPY	15,632	CurrentAccumulatedQ1Duration_ConsolidatedMember_ResultMember	/disc/18790/081220160719453264_tse-qcedjpsm-18790-20160719453264-ixbrl.htm
2016-08-08	四半期	当期第1四半期累計	連結	実績		売上高の増減率	ChangeInNetSales	0.294	Pure	29.4	CurrentAccumulatedQ1Duration_ConsolidatedMember_ResultMember	/disc/18790/081220160719453264_tse-qcedjpsm-18790-20160719453264-ixbrl.htm
2016-08-08	四半期	当期第1四半期累計	連結	実績		営業利益	OperatingIncome	2283000000	JPY	2,283	CurrentAccumulatedQ1Duration_ConsolidatedMember_ResultMember	/disc/18790/081220160719453264_tse-qcedjpsm-18790-20160719453264-ixbrl.htm
2016-08-08	四半期	当期第1四半期累計	連結	実績		営業利益の増減率	ChangeInOperatingIncome	2.064	Pure	206.4	CurrentAccumulatedQ1Duration_ConsolidatedMember_ResultMember	/disc/18790/081220160719453264_tse-qcedjpsm-18790-20160719453264-ixbrl.htm
2016-08-08	四半期	当期第1四半期累計	連結	実績		経常利益	OrdinaryIncome	2092000000	JPY	2,092	CurrentAccumulatedQ1Duration_ConsolidatedMember_ResultMember	/disc/18790/081220160719453264_tse-qcedjpsm-18790-20160719453264-ixbrl.htm
2016-08-08	四半期	当期第1四半期累計	連結	実績		経常利益の増減率	ChangeInOrdinaryIncome	2.032	Pure	203.2	CurrentAccumulatedQ1Duration_ConsolidatedMember_ResultMember	/disc/18790/081220160719453264_tse-qcedjpsm-18790-20160719453264-ixbrl.htm
2016-08-08	四半期	当期第1四半期累計	連結	実績		親会社株主に帰属する当期純利益	ProfitAttributableToOwnersOfParent	5876000000	JPY	5,876	CurrentAccumulatedQ1Duration_ConsolidatedMember_ResultMember	/disc/18790/081220160719453264_tse-qcedjpsm-18790-20160719453264-ixbrl.htm
2016-08-08	四半期	前期第1四半期累計	連結	実績		売上高	NetSales	12077000000	JPY	12,077	PriorAccumulatedQ1Duration_ConsolidatedMember_ResultMember	/disc/18790/081220160719453264_tse-qcedjpsm-18790-20160719453264-ixbrl.htm
2016-08-08	四半期	前期第1四半期累計	連結	実績		売上高の増減率	ChangeInNetSales	0.033	Pure	3.3	PriorAccumulatedQ1Duration_ConsolidatedMember_ResultMember	/disc/18790/081220160719453264_tse-qcedjpsm-18790-20160719453264-ixbrl.htm
2016-08-08	四半期	前期第1四半期累計	連結	実績		営業利益	OperatingIncome	745000000	JPY	745	PriorAccumulatedQ1Duration_ConsolidatedMember_ResultMember	/disc/18790/081220160719453264_tse-qcedjpsm-18790-20160719453264-ixbrl.htm
2016-08-08	四半期	前期第1四半期累計	連結	実績		営業利益の増減率	ChangeInOperatingIncome	0.417	Pure	41.7	PriorAccumulatedQ1Duration_ConsolidatedMember_ResultMember	/disc/18790/081220160719453264_tse-qcedjpsm-18790-20160719453264-ixbrl.htm
2016-08-08	四半期	前期第1四半期累計	連結	実績		経常利益	OrdinaryIncome	689000000	JPY	689	PriorAccumulatedQ1Duration_ConsolidatedMember_ResultMember	/disc/18790/081220160719453264_tse-qcedjpsm-18790-20160719453264-ixbrl.htm
2016-08-08	四半期	前期第1四半期累計	連結	実績		経常利益の増減率	ChangeInOrdinaryIncome	0.660	Pure	66.0	PriorAccumulatedQ1Duration_ConsolidatedMember_ResultMember	/disc/18790/081220160719453264_tse-qcedjpsm-18790-20160719453264-ixbrl.htm
2016-08-08	四半期	前期第1四半期累計	連結	実績		親会社株主に帰属する当期純利益	ProfitAttributableToOwnersOfParent	459000000	JPY	459	PriorAccumulatedQ1Duration_ConsolidatedMember_ResultMember	/disc/18790/081220160719453264_tse-qcedjpsm-18790-20160719453264-ixbrl.htm
2016-08-08	四半期	前期第1四半期累計	連結	実績		親会社株主に帰属する当期純利益の増減率	ChangeInProfitAttributableToOwnersOfParent	0.838	Pure	83.8	PriorAccumulatedQ1Duration_ConsolidatedMember_ResultMember	/disc/18790/081220160719453264_tse-qcedjpsm-18790-20160719453264-ixbrl.htm
2016-08-08	四半期	当期第1四半期累計	連結	実績		包括利益	ComprehensiveIncome	5580000000	JPY	5,580	CurrentAccumulatedQ1Duration_ConsolidatedMember_ResultMember	/disc/18790/081220160719453264_tse-qcedjpsm-18790-20160719453264-ixbrl.htm
2016-08-08	四半期	当期第1四半期累計	連結	実績		包括利益の増減率	ChangeInComprehensiveIncome	9.593	Pure	959.3	CurrentAccumulatedQ1Duration_ConsolidatedMember_ResultMember	/disc/18790/081220160719453264_tse-qcedjpsm-18790-20160719453264-ixbrl.htm
2016-08-08	四半期	前期第1四半期累計	連結	実績		包括利益	ComprehensiveIncome	526000000	JPY	526	PriorAccumulatedQ1Duration_ConsolidatedMember_ResultMember	/disc/18790/081220160719453264_tse-qcedjpsm-18790-20160719453264-ixbrl.htm
2016-08-08	四半期	前期第1四半期累計	連結	実績		包括利益の増減率	ChangeInComprehensiveIncome	0.959	Pure	95.9	PriorAccumulatedQ1Duration_ConsolidatedMember_ResultMember	/disc/18790/081220160719453264_tse-qcedjpsm-18790-20160719453264-ixbrl.htm
2016-08-08	四半期	当期第1四半期累計	連結	実績		1株当たり当期純利益	NetIncomePerShare	100.51	JPYPerShares	100.51	CurrentAccumulatedQ1Duration_ConsolidatedMember_ResultMember	/disc/18790/081220160719453264_tse-qcedjpsm-18790-20160719453264-ixbrl.htm
2016-08-08	四半期	前期第1四半期累計	連結	実績		1株当たり当期純利益	NetIncomePerShare	7.86	JPYPerShares	7.86	PriorAccumulatedQ1Duration_ConsolidatedMember_ResultMember	/disc/18790/081220160719453264_tse-qcedjpsm-18790-20160719453264-ixbrl.htm
2016-08-08	四半期	当期第1四半期累計	連結	実績		総資産	TotalAssets	83359000000	JPY	83,359	CurrentAccumulatedQ1Instant_ConsolidatedMember_ResultMember	/disc/18790/081220160719453264_tse-qcedjpsm-18790-20160719453264-ixbrl.htm
2016-08-08	四半期	当期第1四半期累計	連結	実績		純資産	NetAssets	41233000000	JPY	41,233	CurrentAccumulatedQ1Instant_ConsolidatedMember_ResultMember	/disc/18790/081220160719453264_tse-qcedjpsm-18790-20160719453264-ixbrl.htm
2016-08-08	四半期	当期第1四半期累計	連結	実績		自己資本比率	CapitalAdequacyRatio	0.489	Pure	48.9	CurrentAccumulatedQ1Instant_ConsolidatedMember_ResultMember	/disc/18790/081220160719453264_tse-qcedjpsm-18790-20160719453264-ixbrl.htm
2016-08-08	四半期	前期	連結	実績		総資産	TotalAssets	85558000000	JPY	85,558	PriorYearInstant_ConsolidatedMember_ResultMember	/disc/18790/081220160719453264_tse-qcedjpsm-18790-20160719453264-ixbrl.htm
2016-08-08	四半期	前期	連結	実績		純資産	NetAssets	36237000000	JPY	36,237	PriorYearInstant_ConsolidatedMember_ResultMember	/disc/18790/081220160719453264_tse-qcedjpsm-18790-20160719453264-ixbrl.htm
2016-08-08	四半期	前期	連結	実績		自己資本比率	CapitalAdequacyRatio	0.416	Pure	41.6	PriorYearInstant_ConsolidatedMember_ResultMember	/disc/18790/081220160719453264_tse-qcedjpsm-18790-20160719453264-ixbrl.htm
2016-08-08	四半期	当期第1四半期累計	連結	実績		自己資本	OwnersEquity	40745000000	JPY	40,745	CurrentAccumulatedQ1Instant_ConsolidatedMember_ResultMember	/disc/18790/081220160719453264_tse-qcedjpsm-18790-20160719453264-ixbrl.htm
2016-08-08	四半期	前期	連結	実績		自己資本	OwnersEquity	35629000000	JPY	35,629	PriorYearInstant_ConsolidatedMember_ResultMember	/disc/18790/081220160719453264_tse-qcedjpsm-18790-20160719453264-ixbrl.htm
2016-08-08	四半期	前期	単体	実績	第2四半期末	1株当たり配当金	DividendPerShare	4.00	JPYPerShares	4.00	PriorYearDuration_SecondQuarterMember_NonConsolidatedMember_ResultMember	/disc/18790/081220160719453264_tse-qcedjpsm-18790-20160719453264-ixbrl.htm
2016-08-08	四半期	前期	単体	実績	期末	1株当たり配当金	DividendPerShare	10.00	JPYPerShares	10.00	PriorYearDuration_YearEndMember_NonConsolidatedMember_ResultMember	/disc/18790/081220160719453264_tse-qcedjpsm-18790-20160719453264-ixbrl.htm
2016-08-08	四半期	前期	単体	実績	合計	1株当たり配当金	DividendPerShare	14.00	JPYPerShares	14.00	PriorYearDuration_AnnualMember_NonConsolidatedMember_ResultMember	/disc/18790/081220160719453264_tse-qcedjpsm-18790-20160719453264-ixbrl.htm
2016-08-08	四半期	当期	単体	予想	第2四半期末	1株当たり配当金	DividendPerShare	6.00	JPYPerShares	6.00	CurrentYearDuration_SecondQuarterMember_NonConsolidatedMember_ForecastMember	/disc/18790/081220160719453264_tse-qcedjpsm-18790-20160719453264-ixbrl.htm
2016-08-08	四半期	当期	単体	予想	期末	1株当たり配当金	DividendPerShare	7.00	JPYPerShares	7.00	CurrentYearDuration_YearEndMember_NonConsolidatedMember_ForecastMember	/disc/18790/081220160719453264_tse-qcedjpsm-18790-20160719453264-ixbrl.htm
2016-08-08	四半期	当期	単体	予想	合計	1株当たり配当金	DividendPerShare	13.00	JPYPerShares	13.00	CurrentYearDuration_AnnualMember_NonConsolidatedMember_ForecastMember	/disc/18790/081220160719453264_tse-qcedjpsm-18790-20160719453264-ixbrl.htm
2016-08-08	四半期	当期	単体	実績	合計	当四半期における配当予想の修正	CorrectionOfDividendForecastInThisQuarter			無	CurrentYearDuration_AnnualMember_NonConsolidatedMember_ResultMember	/disc/18790/081220160719453264_tse-qcedjpsm-18790-20160719453264-ixbrl.htm
2016-08-08	四半期	当期	連結	予想		業績予想の見出し	TitleForForecasts			3. 平成29年 3月期の連結業績予想（平成28年 4月 1日～平成29年 3月31日）	CurrentYearDuration_ConsolidatedMember_ForecastMember	/disc/18790/081220160719453264_tse-qcedjpsm-18790-20160719453264-ixbrl.htm
2016-08-08	四半期	当期	連結	予想		売上高	NetSales	85000000000	JPY	85,000	CurrentYearDuration_ConsolidatedMember_ForecastMember	/disc/18790/081220160719453264_tse-qcedjpsm-18790-20160719453264-ixbrl.htm
2016-08-08	四半期	当期	連結	予想		売上高の増減率	ChangeInNetSales	0.088	Pure	8.8	CurrentYearDuration_ConsolidatedMember_ForecastMember	/disc/18790/081220160719453264_tse-qcedjpsm-18790-20160719453264-ixbrl.htm
2016-08-08	四半期	当期	連結	予想		営業利益	OperatingIncome	10500000000	JPY	10,500	CurrentYearDuration_ConsolidatedMember_ForecastMember	/disc/18790/081220160719453264_tse-qcedjpsm-18790-20160719453264-ixbrl.htm
2016-08-08	四半期	当期	連結	予想		営業利益の増減率	ChangeInOperatingIncome	-0.107	Pure	10.7	CurrentYearDuration_ConsolidatedMember_ForecastMember	/disc/18790/081220160719453264_tse-qcedjpsm-18790-20160719453264-ixbrl.htm
2016-08-08	四半期	当期	連結	予想		経常利益	OrdinaryIncome	10000000000	JPY	10,000	CurrentYearDuration_ConsolidatedMember_ForecastMember	/disc/18790/081220160719453264_tse-qcedjpsm-18790-20160719453264-ixbrl.htm
2016-08-08	四半期	当期	連結	予想		経常利益の増減率	ChangeInOrdinaryIncome	-0.116	Pure	11.6	CurrentYearDuration_ConsolidatedMember_ForecastMember	/disc/18790/081220160719453264_tse-qcedjpsm-18790-20160719453264-ixbrl.htm
2016-08-08	四半期	当期	連結	予想		親会社株主に帰属する当期純利益	ProfitAttributableToOwnersOfParent	11100000000	JPY	11,100	CurrentYearDuration_ConsolidatedMember_ForecastMember	/disc/18790/081220160719453264_tse-qcedjpsm-18790-20160719453264-ixbrl.htm
2016-08-08	四半期	当期	連結	予想		親会社株主に帰属する当期純利益の増減率	ChangeInProfitAttributableToOwnersOfParent	0.479	Pure	47.9	CurrentYearDuration_ConsolidatedMember_ForecastMember	/disc/18790/081220160719453264_tse-qcedjpsm-18790-20160719453264-ixbrl.htm
2016-08-08	四半期	当期	連結	予想		1株当たり当期純利益	NetIncomePerShare	189.87	JPYPerShares	189.87	CurrentYearDuration_ConsolidatedMember_ForecastMember	/disc/18790/081220160719453264_tse-qcedjpsm-18790-20160719453264-ixbrl.htm
2016-08-08	四半期	当期	連結	予想		当四半期における業績予想の修正	CorrectionOfConsolidatedFinancialForecastInThisQuarter			無	CurrentYearDuration_ConsolidatedMember_ForecastMember	/disc/18790/081220160719453264_tse-qcedjpsm-18790-20160719453264-ixbrl.htm
2016-08-08	四半期	当期第1四半期累計	連結	実績			MaterialChangesInSubsidiariesDuringThisPeriodChangesInScopeOfConsolidationsResultingFromChangeIsSubsidiaries			無	CurrentAccumulatedQ1Duration_ConsolidatedMember_ResultMember	/disc/18790/081220160719453264_tse-qcedjpsm-18790-20160719453264-ixbrl.htm
2016-08-08	四半期	当期第1四半期累計	連結	実績			ApplyingOfSpecificAccountingOfTheConsolidatedQuarterlyFinancialStatements			無	CurrentAccumulatedQ1Duration_ConsolidatedMember_ResultMember	/disc/18790/081220160719453264_tse-qcedjpsm-18790-20160719453264-ixbrl.htm
2016-08-08	四半期	当期第1四半期累計	連結	実績		会計基準等の改正に伴う変更	ChangesBasedOnRevisionsOfAccountingStandard			有	CurrentAccumulatedQ1Duration_ConsolidatedMember_ResultMember	/disc/18790/081220160719453264_tse-qcedjpsm-18790-20160719453264-ixbrl.htm
2016-08-08	四半期	当期第1四半期累計	連結	実績		それ以外の会計方針の変更	ChangesOtherThanOnesBasedOnRevisionsOfAccountingStandard			無	CurrentAccumulatedQ1Duration_ConsolidatedMember_ResultMember	/disc/18790/081220160719453264_tse-qcedjpsm-18790-20160719453264-ixbrl.htm
2016-08-08	四半期	当期第1四半期累計	連結	実績		会計上の見積りの変更	ChangesInAccountingEstimates			無	CurrentAccumulatedQ1Duration_ConsolidatedMember_ResultMember	/disc/18790/081220160719453264_tse-qcedjpsm-18790-20160719453264-ixbrl.htm
2016-08-08	四半期	当期第1四半期累計	連結	実績		修正再表示	RetrospectiveRestatement			無	CurrentAccumulatedQ1Duration_ConsolidatedMember_ResultMember	/disc/18790/081220160719453264_tse-qcedjpsm-18790-20160719453264-ixbrl.htm
2016-08-08	四半期	当期第1四半期累計	連結	実績			NoteToChangesInAccountingPoliciesAccountingEstimatesAndRetrospectiveRestatementQuarterlyConsolidated			（注）詳細は、添付資料２ページ「２．サマリー情報（注記事項）に関する事項（３）会計方針の変更・会計上の見積りの変更・修正再表示」をご覧ください。	CurrentAccumulatedQ1Duration_ConsolidatedMember_ResultMember	/disc/18790/081220160719453264_tse-qcedjpsm-18790-20160719453264-ixbrl.htm
2016-08-08	四半期	当期第1四半期累計	単体	実績		期末発行済株式数(自己株式を含む)	NumberOfIssuedAndOutstandingSharesAtTheEndOfFiscalYearIncludingTreasuryStock	61360720	Shares	61,360,720	CurrentAccumulatedQ1Instant_NonConsolidatedMember_ResultMember	/disc/18790/081220160719453264_tse-qcedjpsm-18790-20160719453264-ixbrl.htm
2016-08-08	四半期	前期	単体	実績		期末発行済株式数(自己株式を含む)	NumberOfIssuedAndOutstandingSharesAtTheEndOfFiscalYearIncludingTreasuryStock	61360720	Shares	61,360,720	PriorYearInstant_NonConsolidatedMember_ResultMember	/disc/18790/081220160719453264_tse-qcedjpsm-18790-20160719453264-ixbrl.htm
2016-08-08	四半期	当期第1四半期累計	単体	実績		期末自己株式数	NumberOfTreasuryStockAtTheEndOfFiscalYear	2898184	Shares	2,898,184	CurrentAccumulatedQ1Instant_NonConsolidatedMember_ResultMember	/disc/18790/081220160719453264_tse-qcedjpsm-18790-20160719453264-ixbrl.htm
2016-08-08	四半期	前期	単体	実績		期末自己株式数	NumberOfTreasuryStockAtTheEndOfFiscalYear	2898184	Shares	2,898,184	PriorYearInstant_NonConsolidatedMember_ResultMember	/disc/18790/081220160719453264_tse-qcedjpsm-18790-20160719453264-ixbrl.htm
2016-08-08	四半期	当期第1四半期累計	単体	実績		期中平均株式数	AverageNumberOfShares	58462536	Shares	58,462,536	CurrentAccumulatedQ1Duration_NonConsolidatedMember_ResultMember	/disc/18790/081220160719453264_tse-qcedjpsm-18790-20160719453264-ixbrl.htm
2016-08-08	四半期	前期第1四半期累計	単体	実績		期中平均株式数	AverageNumberOfShares	58463036	Shares	58,463,036	PriorAccumulatedQ1Duration_NonConsolidatedMember_ResultMember	/disc/18790/081220160719453264_tse-qcedjpsm-18790-20160719453264-ixbrl.htm
2016-08-08	四半期	当期第1四半期累計					ExpressionOfImplementationStatusOfQuarterlyReviewProcedures			この四半期決算短信は、金融商品取引法に基づく四半期レビュー手続の対象外であり、この四半期決算短信の開示時点において、金融商品取引法に基づく四半期連結財務諸表のレビュー手続は終了しておりません。	CurrentAccumulatedQ1Duration	/disc/18790/081220160719453264_tse-qcedjpsm-18790-20160719453264-ixbrl.htm
2016-08-08	四半期	当期				将来情報の利用に関する注意	NotesForUsingForecastedInformationAndOthers			本資料に記載されている業績見通し等の将来に関する記述は、当社が現在入手している情報及び合理的であると判断する一定の前提に基づいており、その達成を当社として約束する趣旨のものではありません。また、実際の業績等は様々な要因により大きく異なる可能性があります。	CurrentYearDuration	/disc/18790/081220160719453264_tse-qcedjpsm-18790-20160719453264-ixbrl.htm
2016-08-08	四半期	当期				決算期末	FiscalYearEnd			2017-03-31	CurrentYearInstant	/disc/18790/081220160719453264_tse-qcedjpsm-18790-20160719453264-ixbrl.htm
2016-08-08	四半期	当期第1四半期累計				四半期	QuarterlyPeriod	1	Pure	1	CurrentAccumulatedQ1Instant	/disc/18790/081220160719453264_tse-qcedjpsm-18790-20160719453264-ixbrl.htm
2016-11-14	四半期	当期第2四半期累計				書類名	DocumentName			第2四半期決算短信〔日本基準〕（連結）	CurrentAccumulatedQ2Instant	/disc/18790/081220161112439008_tse-qcedjpsm-18790-20161112439008-ixbrl.htm
2016-11-14	四半期	当期第2四半期累計				提出日	FilingDate			平成28年11月14日	CurrentAccumulatedQ2Instant	/disc/18790/081220161112439008_tse-qcedjpsm-18790-20161112439008-ixbrl.htm
2016-11-14	四半期	当期第2四半期累計				会社名	CompanyName			新日本建設株式会社	CurrentAccumulatedQ2Instant	/disc/18790/081220161112439008_tse-qcedjpsm-18790-20161112439008-ixbrl.htm
2016-11-14	四半期	当期第2四半期累計					TokyoStockExchange			東	CurrentAccumulatedQ2Instant	/disc/18790/081220161112439008_tse-qcedjpsm-18790-20161112439008-ixbrl.htm
2016-11-14	四半期	当期第2四半期累計				証券コード	SecuritiesCode			18790	CurrentAccumulatedQ2Instant	/disc/18790/081220161112439008_tse-qcedjpsm-18790-20161112439008-ixbrl.htm
2016-11-14	四半期	当期第2四半期累計				URL	URL			http://www.shinnihon-c.co.jp/	CurrentAccumulatedQ2Instant	/disc/18790/081220161112439008_tse-qcedjpsm-18790-20161112439008-ixbrl.htm
2016-11-14	四半期	当期第2四半期累計				代表者の役職	TitleRepresentative			代表取締役社長	CurrentAccumulatedQ2Instant	/disc/18790/081220161112439008_tse-qcedjpsm-18790-20161112439008-ixbrl.htm
2016-11-14	四半期	当期第2四半期累計				代表者名	NameRepresentative			高見 克司	CurrentAccumulatedQ2Instant	/disc/18790/081220161112439008_tse-qcedjpsm-18790-20161112439008-ixbrl.htm
2016-11-14	四半期	当期第2四半期累計					TitleInquiries			取締役常務執行役員管理本部長	CurrentAccumulatedQ2Instant	/disc/18790/081220161112439008_tse-qcedjpsm-18790-20161112439008-ixbrl.htm
2016-11-14	四半期	当期第2四半期累計					NameInquiries			高橋 苗樹	CurrentAccumulatedQ2Instant	/disc/18790/081220161112439008_tse-qcedjpsm-18790-20161112439008-ixbrl.htm
2016-11-14	四半期	当期第2四半期累計					Tel			043-213-1111	CurrentAccumulatedQ2Instant	/disc/18790/081220161112439008_tse-qcedjpsm-18790-20161112439008-ixbrl.htm
2016-11-14	四半期	当期第2四半期累計					QuarterlyStatementFilingDateAsPlanned			平成28年11月14日	CurrentAccumulatedQ2Instant	/disc/18790/081220161112439008_tse-qcedjpsm-18790-20161112439008-ixbrl.htm
2016-11-14	四半期	当期第2四半期累計					DividendPayableDateAsPlanned			平成28年12月2日	CurrentAccumulatedQ2Instant	/disc/18790/081220161112439008_tse-qcedjpsm-18790-20161112439008-ixbrl.htm
2016-11-14	四半期	当期第2四半期累計					SupplementalMaterialOfQuarterlyResults			無	CurrentAccumulatedQ2Instant	/disc/18790/081220161112439008_tse-qcedjpsm-18790-20161112439008-ixbrl.htm
2016-11-14	四半期	当期第2四半期累計					ConveningBriefingOfQuarterlyResults			無	CurrentAccumulatedQ2Instant	/disc/18790/081220161112439008_tse-qcedjpsm-18790-20161112439008-ixbrl.htm
2016-11-14	四半期	当期第2四半期累計					NoteToFractionProcessingMethod			（百万円未満切捨て）	CurrentAccumulatedQ2Instant	/disc/18790/081220161112439008_tse-qcedjpsm-18790-20161112439008-ixbrl.htm
2016-11-14	四半期	当期第2四半期累計	連結	実績		売上高	NetSales	36008000000	JPY	36,008	CurrentAccumulatedQ2Duration_ConsolidatedMember_ResultMember	/disc/18790/081220161112439008_tse-qcedjpsm-18790-20161112439008-ixbrl.htm
2016-11-14	四半期	当期第2四半期累計	連結	実績		売上高の増減率	ChangeInNetSales	0.139	Pure	13.9	CurrentAccumulatedQ2Duration_ConsolidatedMember_ResultMember	/disc/18790/081220161112439008_tse-qcedjpsm-18790-20161112439008-ixbrl.htm
2016-11-14	四半期	当期第2四半期累計	連結	実績		営業利益	OperatingIncome	5294000000	JPY	5,294	CurrentAccumulatedQ2Duration_ConsolidatedMember_ResultMember	/disc/18790/081220161112439008_tse-qcedjpsm-18790-20161112439008-ixbrl.htm
2016-11-14	四半期	当期第2四半期累計	連結	実績		営業利益の増減率	ChangeInOperatingIncome	0.457	Pure	45.7	CurrentAccumulatedQ2Duration_ConsolidatedMember_ResultMember	/disc/18790/081220161112439008_tse-qcedjpsm-18790-20161112439008-ixbrl.htm
2016-11-14	四半期	当期第2四半期累計	連結	実績		経常利益	OrdinaryIncome	5021000000	JPY	5,021	CurrentAccumulatedQ2Duration_ConsolidatedMember_ResultMember	/disc/18790/081220161112439008_tse-qcedjpsm-18790-20161112439008-ixbrl.htm
2016-11-14	四半期	当期第2四半期累計	連結	実績		経常利益の増減率	ChangeInOrdinaryIncome	0.451	Pure	45.1	CurrentAccumulatedQ2Duration_ConsolidatedMember_ResultMember	/disc/18790/081220161112439008_tse-qcedjpsm-18790-20161112439008-ixbrl.htm
2016-11-14	四半期	当期第2四半期累計	連結	実績		親会社株主に帰属する当期純利益	ProfitAttributableToOwnersOfParent	7881000000	JPY	7,881	CurrentAccumulatedQ2Duration_ConsolidatedMember_ResultMember	/disc/18790/081220161112439008_tse-qcedjpsm-18790-20161112439008-ixbrl.htm
2016-11-14	四半期	当期第2四半期累計	連結	実績		親会社株主に帰属する当期純利益の増減率	ChangeInProfitAttributableToOwnersOfParent	2.554	Pure	255.4	CurrentAccumulatedQ2Duration_ConsolidatedMember_ResultMember	/disc/18790/081220161112439008_tse-qcedjpsm-18790-20161112439008-ixbrl.htm
2016-11-14	四半期	前期第2四半期累計	連結	実績		売上高	NetSales	31609000000	JPY	31,609	PriorAccumulatedQ2Duration_ConsolidatedMember_ResultMember	/disc/18790/081220161112439008_tse-qcedjpsm-18790-20161112439008-ixbrl.htm
2016-11-14	四半期	前期第2四半期累計	連結	実績		売上高の増減率	ChangeInNetSales	0.013	Pure	1.3	PriorAccumulatedQ2Duration_ConsolidatedMember_ResultMember	/disc/18790/081220161112439008_tse-qcedjpsm-18790-20161112439008-ixbrl.htm
2016-11-14	四半期	前期第2四半期累計	連結	実績		営業利益	OperatingIncome	3632000000	JPY	3,632	PriorAccumulatedQ2Duration_ConsolidatedMember_ResultMember	/disc/18790/081220161112439008_tse-qcedjpsm-18790-20161112439008-ixbrl.htm
2016-11-14	四半期	前期第2四半期累計	連結	実績		営業利益の増減率	ChangeInOperatingIncome	0.028	Pure	2.8	PriorAccumulatedQ2Duration_ConsolidatedMember_ResultMember	/disc/18790/081220161112439008_tse-qcedjpsm-18790-20161112439008-ixbrl.htm
2016-11-14	四半期	前期第2四半期累計	連結	実績		経常利益	OrdinaryIncome	3461000000	JPY	3,461	PriorAccumulatedQ2Duration_ConsolidatedMember_ResultMember	/disc/18790/081220161112439008_tse-qcedjpsm-18790-20161112439008-ixbrl.htm
2016-11-14	四半期	前期第2四半期累計	連結	実績		経常利益の増減率	ChangeInOrdinaryIncome	-0.048	Pure	4.8	PriorAccumulatedQ2Duration_ConsolidatedMember_ResultMember	/disc/18790/081220161112439008_tse-qcedjpsm-18790-20161112439008-ixbrl.htm
2016-11-14	四半期	前期第2四半期累計	連結	実績		親会社株主に帰属する当期純利益	ProfitAttributableToOwnersOfParent	2217000000	JPY	2,217	PriorAccumulatedQ2Duration_ConsolidatedMember_ResultMember	/disc/18790/081220161112439008_tse-qcedjpsm-18790-20161112439008-ixbrl.htm
2016-11-14	四半期	前期第2四半期累計	連結	実績		親会社株主に帰属する当期純利益の増減率	ChangeInProfitAttributableToOwnersOfParent	-0.028	Pure	2.8	PriorAccumulatedQ2Duration_ConsolidatedMember_ResultMember	/disc/18790/081220161112439008_tse-qcedjpsm-18790-20161112439008-ixbrl.htm
2016-11-14	四半期	当期第2四半期累計	連結	実績		包括利益	ComprehensiveIncome	7592000000	JPY	7,592	CurrentAccumulatedQ2Duration_ConsolidatedMember_ResultMember	/disc/18790/081220161112439008_tse-qcedjpsm-18790-20161112439008-ixbrl.htm
2016-11-14	四半期	当期第2四半期累計	連結	実績		包括利益の増減率	ChangeInComprehensiveIncome	2.620	Pure	262.0	CurrentAccumulatedQ2Duration_ConsolidatedMember_ResultMember	/disc/18790/081220161112439008_tse-qcedjpsm-18790-20161112439008-ixbrl.htm
2016-11-14	四半期	前期第2四半期累計	連結	実績		包括利益	ComprehensiveIncome	2097000000	JPY	2,097	PriorAccumulatedQ2Duration_ConsolidatedMember_ResultMember	/disc/18790/081220161112439008_tse-qcedjpsm-18790-20161112439008-ixbrl.htm
2016-11-14	四半期	前期第2四半期累計	連結	実績		包括利益の増減率	ChangeInComprehensiveIncome	-0.195	Pure	19.5	PriorAccumulatedQ2Duration_ConsolidatedMember_ResultMember	/disc/18790/081220161112439008_tse-qcedjpsm-18790-20161112439008-ixbrl.htm
2016-11-14	四半期	当期第2四半期累計	連結	実績		1株当たり当期純利益	NetIncomePerShare	134.81	JPYPerShares	134.81	CurrentAccumulatedQ2Duration_ConsolidatedMember_ResultMember	/disc/18790/081220161112439008_tse-qcedjpsm-18790-20161112439008-ixbrl.htm
2016-11-14	四半期	前期第2四半期累計	連結	実績		1株当たり当期純利益	NetIncomePerShare	37.93	JPYPerShares	37.93	PriorAccumulatedQ2Duration_ConsolidatedMember_ResultMember	/disc/18790/081220161112439008_tse-qcedjpsm-18790-20161112439008-ixbrl.htm
2016-11-14	四半期	当期第2四半期累計	連結	実績		総資産	TotalAssets	84385000000	JPY	84,385	CurrentAccumulatedQ2Instant_ConsolidatedMember_ResultMember	/disc/18790/081220161112439008_tse-qcedjpsm-18790-20161112439008-ixbrl.htm
2016-11-14	四半期	当期第2四半期累計	連結	実績		純資産	NetAssets	43245000000	JPY	43,245	CurrentAccumulatedQ2Instant_ConsolidatedMember_ResultMember	/disc/18790/081220161112439008_tse-qcedjpsm-18790-20161112439008-ixbrl.htm
2016-11-14	四半期	当期第2四半期累計	連結	実績		自己資本比率	CapitalAdequacyRatio	0.507	Pure	50.7	CurrentAccumulatedQ2Instant_ConsolidatedMember_ResultMember	/disc/18790/081220161112439008_tse-qcedjpsm-18790-20161112439008-ixbrl.htm
2016-11-14	四半期	前期	連結	実績		総資産	TotalAssets	85558000000	JPY	85,558	PriorYearInstant_ConsolidatedMember_ResultMember	/disc/18790/081220161112439008_tse-qcedjpsm-18790-20161112439008-ixbrl.htm
2016-11-14	四半期	前期	連結	実績		純資産	NetAssets	36237000000	JPY	36,237	PriorYearInstant_ConsolidatedMember_ResultMember	/disc/18790/081220161112439008_tse-qcedjpsm-18790-20161112439008-ixbrl.htm
2016-11-14	四半期	前期	連結	実績		自己資本比率	CapitalAdequacyRatio	0.416	Pure	41.6	PriorYearInstant_ConsolidatedMember_ResultMember	/disc/18790/081220161112439008_tse-qcedjpsm-18790-20161112439008-ixbrl.htm
2016-11-14	四半期	当期第2四半期累計	連結	実績		自己資本	OwnersEquity	42789000000	JPY	42,789	CurrentAccumulatedQ2Instant_ConsolidatedMember_ResultMember	/disc/18790/081220161112439008_tse-qcedjpsm-18790-20161112439008-ixbrl.htm
2016-11-14	四半期	前期	連結	実績		自己資本	OwnersEquity	35629000000	JPY	35,629	PriorYearInstant_ConsolidatedMember_ResultMember	/disc/18790/081220161112439008_tse-qcedjpsm-18790-20161112439008-ixbrl.htm
2016-11-14	四半期	前期	単体	実績	第2四半期末	1株当たり配当金	DividendPerShare	4.00	JPYPerShares	4.00	PriorYearDuration_SecondQuarterMember_NonConsolidatedMember_ResultMember	/disc/18790/081220161112439008_tse-qcedjpsm-18790-20161112439008-ixbrl.htm
2016-11-14	四半期	前期	単体	実績	期末	1株当たり配当金	DividendPerShare	10.00	JPYPerShares	10.00	PriorYearDuration_YearEndMember_NonConsolidatedMember_ResultMember	/disc/18790/081220161112439008_tse-qcedjpsm-18790-20161112439008-ixbrl.htm
2016-11-14	四半期	前期	単体	実績	合計	1株当たり配当金	DividendPerShare	14.00	JPYPerShares	14.00	PriorYearDuration_AnnualMember_NonConsolidatedMember_ResultMember	/disc/18790/081220161112439008_tse-qcedjpsm-18790-20161112439008-ixbrl.htm
2016-11-14	四半期	当期	単体	実績	第2四半期末	1株当たり配当金	DividendPerShare	6.00	JPYPerShares	6.00	CurrentYearDuration_SecondQuarterMember_NonConsolidatedMember_ResultMember	/disc/18790/081220161112439008_tse-qcedjpsm-18790-20161112439008-ixbrl.htm
2016-11-14	四半期	当期	単体	予想	期末	1株当たり配当金	DividendPerShare	7.00	JPYPerShares	7.00	CurrentYearDuration_YearEndMember_NonConsolidatedMember_ForecastMember	/disc/18790/081220161112439008_tse-qcedjpsm-18790-20161112439008-ixbrl.htm
2016-11-14	四半期	当期	単体	予想	合計	1株当たり配当金	DividendPerShare	13.00	JPYPerShares	13.00	CurrentYearDuration_AnnualMember_NonConsolidatedMember_ForecastMember	/disc/18790/081220161112439008_tse-qcedjpsm-18790-20161112439008-ixbrl.htm
2016-11-14	四半期	当期	単体	実績	合計	当四半期における配当予想の修正	CorrectionOfDividendForecastInThisQuarter			無	CurrentYearDuration_AnnualMember_NonConsolidatedMember_ResultMember	/disc/18790/081220161112439008_tse-qcedjpsm-18790-20161112439008-ixbrl.htm
2016-11-14	四半期	当期	連結	予想		業績予想の見出し	TitleForForecasts			3. 平成29年 3月期の連結業績予想（平成28年 4月 1日～平成29年 3月31日）	CurrentYearDuration_ConsolidatedMember_ForecastMember	/disc/18790/081220161112439008_tse-qcedjpsm-18790-20161112439008-ixbrl.htm
2016-11-14	四半期	当期	連結	予想		売上高	NetSales	85000000000	JPY	85,000	CurrentYearDuration_ConsolidatedMember_ForecastMember	/disc/18790/081220161112439008_tse-qcedjpsm-18790-20161112439008-ixbrl.htm
2016-11-14	四半期	当期	連結	予想		売上高の増減率	ChangeInNetSales	0.088	Pure	8.8	CurrentYearDuration_ConsolidatedMember_ForecastMember	/disc/18790/081220161112439008_tse-qcedjpsm-18790-20161112439008-ixbrl.htm
2016-11-14	四半期	当期	連結	予想		営業利益	OperatingIncome	10500000000	JPY	10,500	CurrentYearDuration_ConsolidatedMember_ForecastMember	/disc/18790/081220161112439008_tse-qcedjpsm-18790-20161112439008-ixbrl.htm
2016-11-14	四半期	当期	連結	予想		営業利益の増減率	ChangeInOperatingIncome	-0.107	Pure	10.7	CurrentYearDuration_ConsolidatedMember_ForecastMember	/disc/18790/081220161112439008_tse-qcedjpsm-18790-20161112439008-ixbrl.htm
2016-11-14	四半期	当期	連結	予想		経常利益	OrdinaryIncome	10000000000	JPY	10,000	CurrentYearDuration_ConsolidatedMember_ForecastMember	/disc/18790/081220161112439008_tse-qcedjpsm-18790-20161112439008-ixbrl.htm
2016-11-14	四半期	当期	連結	予想		経常利益の増減率	ChangeInOrdinaryIncome	-0.116	Pure	11.6	CurrentYearDuration_ConsolidatedMember_ForecastMember	/disc/18790/081220161112439008_tse-qcedjpsm-18790-20161112439008-ixbrl.htm
2016-11-14	四半期	当期	連結	予想		親会社株主に帰属する当期純利益	ProfitAttributableToOwnersOfParent	11100000000	JPY	11,100	CurrentYearDuration_ConsolidatedMember_ForecastMember	/disc/18790/081220161112439008_tse-qcedjpsm-18790-20161112439008-ixbrl.htm
2016-11-14	四半期	当期	連結	予想		親会社株主に帰属する当期純利益の増減率	ChangeInProfitAttributableToOwnersOfParent	0.479	Pure	47.9	CurrentYearDuration_ConsolidatedMember_ForecastMember	/disc/18790/081220161112439008_tse-qcedjpsm-18790-20161112439008-ixbrl.htm
2016-11-14	四半期	当期	連結	予想		1株当たり当期純利益	NetIncomePerShare	189.87	JPYPerShares	189.87	CurrentYearDuration_ConsolidatedMember_ForecastMember	/disc/18790/081220161112439008_tse-qcedjpsm-18790-20161112439008-ixbrl.htm
2016-11-14	四半期	当期	連結	予想		当四半期における業績予想の修正	CorrectionOfConsolidatedFinancialForecastInThisQuarter			無	CurrentYearDuration_ConsolidatedMember_ForecastMember	/disc/18790/081220161112439008_tse-qcedjpsm-18790-20161112439008-ixbrl.htm
2016-11-14	四半期	当期第2四半期累計	連結	実績			MaterialChangesInSubsidiariesDuringThisPeriodChangesInScopeOfConsolidationsResultingFromChangeIsSubsidiaries			無	CurrentAccumulatedQ2Duration_ConsolidatedMember_ResultMember	/disc/18790/081220161112439008_tse-qcedjpsm-18790-20161112439008-ixbrl.htm
2016-11-14	四半期	当期第2四半期累計	連結	実績			ApplyingOfSpecificAccountingOfTheConsolidatedQuarterlyFinancialStatements			無	CurrentAccumulatedQ2Duration_ConsolidatedMember_ResultMember	/disc/18790/081220161112439008_tse-qcedjpsm-18790-20161112439008-ixbrl.htm
2016-11-14	四半期	当期第2四半期累計	連結	実績		会計基準等の改正に伴う変更	ChangesBasedOnRevisionsOfAccountingStandard			有	CurrentAccumulatedQ2Duration_ConsolidatedMember_ResultMember	/disc/18790/081220161112439008_tse-qcedjpsm-18790-20161112439008-ixbrl.htm
2016-11-14	四半期	当期第2四半期累計	連結	実績		それ以外の会計方針の変更	ChangesOtherThanOnesBasedOnRevisionsOfAccountingStandard			無	CurrentAccumulatedQ2Duration_ConsolidatedMember_ResultMember	/disc/18790/081220161112439008_tse-qcedjpsm-18790-20161112439008-ixbrl.htm
2016-11-14	四半期	当期第2四半期累計	連結	実績		会計上の見積りの変更	ChangesInAccountingEstimates			無	CurrentAccumulatedQ2Duration_ConsolidatedMember_ResultMember	/disc/18790/081220161112439008_tse-qcedjpsm-18790-20161112439008-ixbrl.htm
2016-11-14	四半期	当期第2四半期累計	連結	実績		修正再表示	RetrospectiveRestatement			無	CurrentAccumulatedQ2Duration_ConsolidatedMember_ResultMember	/disc/18790/081220161112439008_tse-qcedjpsm-18790-20161112439008-ixbrl.htm
2016-11-14	四半期	当期第2四半期累計	連結	実績			NoteToChangesInAccountingPoliciesAccountingEstimatesAndRetrospectiveRestatementQuarterlyConsolidated			（注）詳細は、添付資料２ページ「２．サマリー情報（注記事項）に関する事項（３）会計方針の変更・会計上の見積りの変更・修正再表示」をご覧ください。	CurrentAccumulatedQ2Duration_ConsolidatedMember_ResultMember	/disc/18790/081220161112439008_tse-qcedjpsm-18790-20161112439008-ixbrl.htm
2016-11-14	四半期	当期第2四半期累計	単体	実績		期末発行済株式数(自己株式を含む)	NumberOfIssuedAndOutstandingSharesAtTheEndOfFiscalYearIncludingTreasuryStock	61360720	Shares	61,360,720	CurrentAccumulatedQ2Instant_NonConsolidatedMember_ResultMember	/disc/18790/081220161112439008_tse-qcedjpsm-18790-20161112439008-ixbrl.htm
2016-11-14	四半期	前期	単体	実績		期末発行済株式数(自己株式を含む)	NumberOfIssuedAndOutstandingSharesAtTheEndOfFiscalYearIncludingTreasuryStock	61360720	Shares	61,360,720	PriorYearInstant_NonConsolidatedMember_ResultMember	/disc/18790/081220161112439008_tse-qcedjpsm-18790-20161112439008-ixbrl.htm
2016-11-14	四半期	当期第2四半期累計	単体	実績		期末自己株式数	NumberOfTreasuryStockAtTheEndOfFiscalYear	2898524	Shares	2,898,524	CurrentAccumulatedQ2Instant_NonConsolidatedMember_ResultMember	/disc/18790/081220161112439008_tse-qcedjpsm-18790-20161112439008-ixbrl.htm
2016-11-14	四半期	前期	単体	実績		期末自己株式数	NumberOfTreasuryStockAtTheEndOfFiscalYear	2898184	Shares	2,898,184	PriorYearInstant_NonConsolidatedMember_ResultMember	/disc/18790/081220161112439008_tse-qcedjpsm-18790-20161112439008-ixbrl.htm
2016-11-14	四半期	当期第2四半期累計	単体	実績		期中平均株式数	AverageNumberOfShares	58462453	Shares	58,462,453	CurrentAccumulatedQ2Duration_NonConsolidatedMember_ResultMember	/disc/18790/081220161112439008_tse-qcedjpsm-18790-20161112439008-ixbrl.htm
2016-11-14	四半期	前期第2四半期累計	単体	実績		期中平均株式数	AverageNumberOfShares	58462983	Shares	58,462,983	PriorAccumulatedQ2Duration_NonConsolidatedMember_ResultMember	/disc/18790/081220161112439008_tse-qcedjpsm-18790-20161112439008-ixbrl.htm
2016-11-14	四半期	当期第2四半期累計					ExpressionOfImplementationStatusOfQuarterlyReviewProcedures			この四半期決算短信は、金融商品取引法に基づく四半期レビュー手続きの対象外であり、この四半期決算短信の開示時点において、金融商品取引法に基づく四半期連結財務諸表のレビュー手続きは終了しております。	CurrentAccumulatedQ2Duration	/disc/18790/081220161112439008_tse-qcedjpsm-18790-20161112439008-ixbrl.htm
2016-11-14	四半期	当期				将来情報の利用に関する注意	NotesForUsingForecastedInformationAndOthers			本資料に記載されている業績見通し等の将来に関する記述は、当社が現在入手している情報及び合理的であると判断する一定の前提に基づいており、その達成を当社として約束する趣旨のものではありません。また、実際の業績等は様々な要因により大きく異なる可能性があります。	CurrentYearDuration	/disc/18790/081220161112439008_tse-qcedjpsm-18790-20161112439008-ixbrl.htm
2016-11-14	四半期	当期				決算期末	FiscalYearEnd			2017-03-31	CurrentYearInstant	/disc/18790/081220161112439008_tse-qcedjpsm-18790-20161112439008-ixbrl.htm
2016-11-14	四半期	当期第2四半期累計				四半期	QuarterlyPeriod	2	Pure	2	CurrentAccumulatedQ2Instant	/disc/18790/081220161112439008_tse-qcedjpsm-18790-20161112439008-ixbrl.htm
2017-02-08	四半期	当期第3四半期累計				書類名	DocumentName			第3四半期決算短信〔日本基準〕（連結）	CurrentAccumulatedQ3Instant	/disc/18790/081220170207492303_tse-qcedjpsm-18790-20170207492303-ixbrl.htm
2017-02-08	四半期	当期第3四半期累計				提出日	FilingDate			平成29年2月8日	CurrentAccumulatedQ3Instant	/disc/18790/081220170207492303_tse-qcedjpsm-18790-20170207492303-ixbrl.htm
2017-02-08	四半期	当期第3四半期累計				会社名	CompanyName			新日本建設株式会社	CurrentAccumulatedQ3Instant	/disc/18790/081220170207492303_tse-qcedjpsm-18790-20170207492303-ixbrl.htm
2017-02-08	四半期	当期第3四半期累計					TokyoStockExchange			東	CurrentAccumulatedQ3Instant	/disc/18790/081220170207492303_tse-qcedjpsm-18790-20170207492303-ixbrl.htm
2017-02-08	四半期	当期第3四半期累計				証券コード	SecuritiesCode			18790	CurrentAccumulatedQ3Instant	/disc/18790/081220170207492303_tse-qcedjpsm-18790-20170207492303-ixbrl.htm
2017-02-08	四半期	当期第3四半期累計				URL	URL			http://www.shinnihon-c.co.jp/	CurrentAccumulatedQ3Instant	/disc/18790/081220170207492303_tse-qcedjpsm-18790-20170207492303-ixbrl.htm
2017-02-08	四半期	当期第3四半期累計				代表者の役職	TitleRepresentative			代表取締役社長	CurrentAccumulatedQ3Instant	/disc/18790/081220170207492303_tse-qcedjpsm-18790-20170207492303-ixbrl.htm
2017-02-08	四半期	当期第3四半期累計				代表者名	NameRepresentative			高見 克司	CurrentAccumulatedQ3Instant	/disc/18790/081220170207492303_tse-qcedjpsm-18790-20170207492303-ixbrl.htm
2017-02-08	四半期	当期第3四半期累計					TitleInquiries			取締役常務執行役員管理本部長	CurrentAccumulatedQ3Instant	/disc/18790/081220170207492303_tse-qcedjpsm-18790-20170207492303-ixbrl.htm
2017-02-08	四半期	当期第3四半期累計					NameInquiries			高橋 苗樹	CurrentAccumulatedQ3Instant	/disc/18790/081220170207492303_tse-qcedjpsm-18790-20170207492303-ixbrl.htm
2017-02-08	四半期	当期第3四半期累計					Tel			043-213-1111	CurrentAccumulatedQ3Instant	/disc/18790/081220170207492303_tse-qcedjpsm-18790-20170207492303-ixbrl.htm
2017-02-08	四半期	当期第3四半期累計					QuarterlyStatementFilingDateAsPlanned			平成29年2月8日	CurrentAccumulatedQ3Instant	/disc/18790/081220170207492303_tse-qcedjpsm-18790-20170207492303-ixbrl.htm
2017-02-08	四半期	当期第3四半期累計					SupplementalMaterialOfQuarterlyResults			無	CurrentAccumulatedQ3Instant	/disc/18790/081220170207492303_tse-qcedjpsm-18790-20170207492303-ixbrl.htm
2017-02-08	四半期	当期第3四半期累計					ConveningBriefingOfQuarterlyResults			無	CurrentAccumulatedQ3Instant	/disc/18790/081220170207492303_tse-qcedjpsm-18790-20170207492303-ixbrl.htm
2017-02-08	四半期	当期第3四半期累計					NoteToFractionProcessingMethod			（百万円未満切捨て）	CurrentAccumulatedQ3Instant	/disc/18790/081220170207492303_tse-qcedjpsm-18790-20170207492303-ixbrl.htm
2017-02-08	四半期	当期第3四半期累計	連結	実績		売上高	NetSales	54000000000	JPY	54,000	CurrentAccumulatedQ3Duration_ConsolidatedMember_ResultMember	/disc/18790/081220170207492303_tse-qcedjpsm-18790-20170207492303-ixbrl.htm
2017-02-08	四半期	当期第3四半期累計	連結	実績		売上高の増減率	ChangeInNetSales	0.127	Pure	12.7	CurrentAccumulatedQ3Duration_ConsolidatedMember_ResultMember	/disc/18790/081220170207492303_tse-qcedjpsm-18790-20170207492303-ixbrl.htm
2017-02-08	四半期	当期第3四半期累計	連結	実績		営業利益	OperatingIncome	8080000000	JPY	8,080	CurrentAccumulatedQ3Duration_ConsolidatedMember_ResultMember	/disc/18790/081220170207492303_tse-qcedjpsm-18790-20170207492303-ixbrl.htm
2017-02-08	四半期	当期第3四半期累計	連結	実績		営業利益の増減率	ChangeInOperatingIncome	0.142	Pure	14.2	CurrentAccumulatedQ3Duration_ConsolidatedMember_ResultMember	/disc/18790/081220170207492303_tse-qcedjpsm-18790-20170207492303-ixbrl.htm
2017-02-08	四半期	当期第3四半期累計	連結	実績		経常利益	OrdinaryIncome	7869000000	JPY	7,869	CurrentAccumulatedQ3Duration_ConsolidatedMember_ResultMember	/disc/18790/081220170207492303_tse-qcedjpsm-18790-20170207492303-ixbrl.htm
2017-02-08	四半期	当期第3四半期累計	連結	実績		経常利益の増減率	ChangeInOrdinaryIncome	0.166	Pure	16.6	CurrentAccumulatedQ3Duration_ConsolidatedMember_ResultMember	/disc/18790/081220170207492303_tse-qcedjpsm-18790-20170207492303-ixbrl.htm
2017-02-08	四半期	当期第3四半期累計	連結	実績		親会社株主に帰属する当期純利益	ProfitAttributableToOwnersOfParent	9835000000	JPY	9,835	CurrentAccumulatedQ3Duration_ConsolidatedMember_ResultMember	/disc/18790/081220170207492303_tse-qcedjpsm-18790-20170207492303-ixbrl.htm
2017-02-08	四半期	当期第3四半期累計	連結	実績		親会社株主に帰属する当期純利益の増減率	ChangeInProfitAttributableToOwnersOfParent	1.216	Pure	121.6	CurrentAccumulatedQ3Duration_ConsolidatedMember_ResultMember	/disc/18790/081220170207492303_tse-qcedjpsm-18790-20170207492303-ixbrl.htm
2017-02-08	四半期	前期第3四半期累計	連結	実績		売上高	NetSales	47916000000	JPY	47,916	PriorAccumulatedQ3Duration_ConsolidatedMember_ResultMember	/disc/18790/081220170207492303_tse-qcedjpsm-18790-20170207492303-ixbrl.htm
2017-02-08	四半期	前期第3四半期累計	連結	実績		売上高の増減率	ChangeInNetSales	-0.007	Pure	0.7	PriorAccumulatedQ3Duration_ConsolidatedMember_ResultMember	/disc/18790/081220170207492303_tse-qcedjpsm-18790-20170207492303-ixbrl.htm
2017-02-08	四半期	前期第3四半期累計	連結	実績		営業利益	OperatingIncome	7078000000	JPY	7,078	PriorAccumulatedQ3Duration_ConsolidatedMember_ResultMember	/disc/18790/081220170207492303_tse-qcedjpsm-18790-20170207492303-ixbrl.htm
2017-02-08	四半期	前期第3四半期累計	連結	実績		営業利益の増減率	ChangeInOperatingIncome	0.267	Pure	26.7	PriorAccumulatedQ3Duration_ConsolidatedMember_ResultMember	/disc/18790/081220170207492303_tse-qcedjpsm-18790-20170207492303-ixbrl.htm
2017-02-08	四半期	前期第3四半期累計	連結	実績		経常利益	OrdinaryIncome	6746000000	JPY	6,746	PriorAccumulatedQ3Duration_ConsolidatedMember_ResultMember	/disc/18790/081220170207492303_tse-qcedjpsm-18790-20170207492303-ixbrl.htm
2017-02-08	四半期	前期第3四半期累計	連結	実績		経常利益の増減率	ChangeInOrdinaryIncome	0.190	Pure	19.0	PriorAccumulatedQ3Duration_ConsolidatedMember_ResultMember	/disc/18790/081220170207492303_tse-qcedjpsm-18790-20170207492303-ixbrl.htm
2017-02-08	四半期	前期第3四半期累計	連結	実績		親会社株主に帰属する当期純利益	ProfitAttributableToOwnersOfParent	4438000000	JPY	4,438	PriorAccumulatedQ3Duration_ConsolidatedMember_ResultMember	/disc/18790/081220170207492303_tse-qcedjpsm-18790-20170207492303-ixbrl.htm
2017-02-08	四半期	前期第3四半期累計	連結	実績		親会社株主に帰属する当期純利益の増減率	ChangeInProfitAttributableToOwnersOfParent	0.244	Pure	24.4	PriorAccumulatedQ3Duration_ConsolidatedMember_ResultMember	/disc/18790/081220170207492303_tse-qcedjpsm-18790-20170207492303-ixbrl.htm
2017-02-08	四半期	当期第3四半期累計	連結	実績		包括利益	ComprehensiveIncome	9823000000	JPY	9,823	CurrentAccumulatedQ3Duration_ConsolidatedMember_ResultMember	/disc/18790/081220170207492303_tse-qcedjpsm-18790-20170207492303-ixbrl.htm
2017-02-08	四半期	当期第3四半期累計	連結	実績		包括利益の増減率	ChangeInComprehensiveIncome	1.332	Pure	133.2	CurrentAccumulatedQ3Duration_ConsolidatedMember_ResultMember	/disc/18790/081220170207492303_tse-qcedjpsm-18790-20170207492303-ixbrl.htm
2017-02-08	四半期	前期第3四半期累計	連結	実績		包括利益	ComprehensiveIncome	4213000000	JPY	4,213	PriorAccumulatedQ3Duration_ConsolidatedMember_ResultMember	/disc/18790/081220170207492303_tse-qcedjpsm-18790-20170207492303-ixbrl.htm
2017-02-08	四半期	前期第3四半期累計	連結	実績		包括利益の増減率	ChangeInComprehensiveIncome	0.000	Pure	0.0	PriorAccumulatedQ3Duration_ConsolidatedMember_ResultMember	/disc/18790/081220170207492303_tse-qcedjpsm-18790-20170207492303-ixbrl.htm
2017-02-08	四半期	当期第3四半期累計	連結	実績		1株当たり当期純利益	NetIncomePerShare	168.24	JPYPerShares	168.24	CurrentAccumulatedQ3Duration_ConsolidatedMember_ResultMember	/disc/18790/081220170207492303_tse-qcedjpsm-18790-20170207492303-ixbrl.htm
2017-02-08	四半期	前期第3四半期累計	連結	実績		1株当たり当期純利益	NetIncomePerShare	75.93	JPYPerShares	75.93	PriorAccumulatedQ3Duration_ConsolidatedMember_ResultMember	/disc/18790/081220170207492303_tse-qcedjpsm-18790-20170207492303-ixbrl.htm
2017-02-08	四半期	当期第3四半期累計	連結	実績		総資産	TotalAssets	86545000000	JPY	86,545	CurrentAccumulatedQ3Instant_ConsolidatedMember_ResultMember	/disc/18790/081220170207492303_tse-qcedjpsm-18790-20170207492303-ixbrl.htm
2017-02-08	四半期	当期第3四半期累計	連結	実績		純資産	NetAssets	45124000000	JPY	45,124	CurrentAccumulatedQ3Instant_ConsolidatedMember_ResultMember	/disc/18790/081220170207492303_tse-qcedjpsm-18790-20170207492303-ixbrl.htm
2017-02-08	四半期	当期第3四半期累計	連結	実績		自己資本比率	CapitalAdequacyRatio	0.515	Pure	51.5	CurrentAccumulatedQ3Instant_ConsolidatedMember_ResultMember	/disc/18790/081220170207492303_tse-qcedjpsm-18790-20170207492303-ixbrl.htm
2017-02-08	四半期	前期	連結	実績		総資産	TotalAssets	85558000000	JPY	85,558	PriorYearInstant_ConsolidatedMember_ResultMember	/disc/18790/081220170207492303_tse-qcedjpsm-18790-20170207492303-ixbrl.htm
2017-02-08	四半期	前期	連結	実績		純資産	NetAssets	36237000000	JPY	36,237	PriorYearInstant_ConsolidatedMember_ResultMember	/disc/18790/081220170207492303_tse-qcedjpsm-18790-20170207492303-ixbrl.htm
2017-02-08	四半期	前期	連結	実績		自己資本比率	CapitalAdequacyRatio	0.416	Pure	41.6	PriorYearInstant_ConsolidatedMember_ResultMember	/disc/18790/081220170207492303_tse-qcedjpsm-18790-20170207492303-ixbrl.htm
2017-02-08	四半期	当期第3四半期累計	連結	実績		自己資本	OwnersEquity	44608000000	JPY	44,608	CurrentAccumulatedQ3Instant_ConsolidatedMember_ResultMember	/disc/18790/081220170207492303_tse-qcedjpsm-18790-20170207492303-ixbrl.htm
2017-02-08	四半期	前期	連結	実績		自己資本	OwnersEquity	35629000000	JPY	35,629	PriorYearInstant_ConsolidatedMember_ResultMember	/disc/18790/081220170207492303_tse-qcedjpsm-18790-20170207492303-ixbrl.htm
2017-02-08	四半期	前期	単体	実績	第2四半期末	1株当たり配当金	DividendPerShare	4.00	JPYPerShares	4.00	PriorYearDuration_SecondQuarterMember_NonConsolidatedMember_ResultMember	/disc/18790/081220170207492303_tse-qcedjpsm-18790-20170207492303-ixbrl.htm
2017-02-08	四半期	前期	単体	実績	期末	1株当たり配当金	DividendPerShare	10.00	JPYPerShares	10.00	PriorYearDuration_YearEndMember_NonConsolidatedMember_ResultMember	/disc/18790/081220170207492303_tse-qcedjpsm-18790-20170207492303-ixbrl.htm
2017-02-08	四半期	前期	単体	実績	合計	1株当たり配当金	DividendPerShare	14.00	JPYPerShares	14.00	PriorYearDuration_AnnualMember_NonConsolidatedMember_ResultMember	/disc/18790/081220170207492303_tse-qcedjpsm-18790-20170207492303-ixbrl.htm
2017-02-08	四半期	当期	単体	実績	第2四半期末	1株当たり配当金	DividendPerShare	6.00	JPYPerShares	6.00	CurrentYearDuration_SecondQuarterMember_NonConsolidatedMember_ResultMember	/disc/18790/081220170207492303_tse-qcedjpsm-18790-20170207492303-ixbrl.htm
2017-02-08	四半期	当期	単体	予想	期末	1株当たり配当金	DividendPerShare	10.00	JPYPerShares	10.00	CurrentYearDuration_YearEndMember_NonConsolidatedMember_ForecastMember	/disc/18790/081220170207492303_tse-qcedjpsm-18790-20170207492303-ixbrl.htm
2017-02-08	四半期	当期	単体	予想	合計	1株当たり配当金	DividendPerShare	16.00	JPYPerShares	16.00	CurrentYearDuration_AnnualMember_NonConsolidatedMember_ForecastMember	/disc/18790/081220170207492303_tse-qcedjpsm-18790-20170207492303-ixbrl.htm
2017-02-08	四半期	当期	単体	実績	合計	当四半期における配当予想の修正	CorrectionOfDividendForecastInThisQuarter			有	CurrentYearDuration_AnnualMember_NonConsolidatedMember_ResultMember	/disc/18790/081220170207492303_tse-qcedjpsm-18790-20170207492303-ixbrl.htm
2017-02-08	四半期	当期	連結	予想		業績予想の見出し	TitleForForecasts			3. 平成29年 3月期の連結業績予想（平成28年 4月 1日～平成29年 3月31日）	CurrentYearDuration_ConsolidatedMember_ForecastMember	/disc/18790/081220170207492303_tse-qcedjpsm-18790-20170207492303-ixbrl.htm
2017-02-08	四半期	当期	連結	予想		売上高	NetSales	87000000000	JPY	87,000	CurrentYearDuration_ConsolidatedMember_ForecastMember	/disc/18790/081220170207492303_tse-qcedjpsm-18790-20170207492303-ixbrl.htm
2017-02-08	四半期	当期	連結	予想		売上高の増減率	ChangeInNetSales	0.113	Pure	11.3	CurrentYearDuration_ConsolidatedMember_ForecastMember	/disc/18790/081220170207492303_tse-qcedjpsm-18790-20170207492303-ixbrl.htm
2017-02-08	四半期	当期	連結	予想		営業利益	OperatingIncome	12200000000	JPY	12,200	CurrentYearDuration_ConsolidatedMember_ForecastMember	/disc/18790/081220170207492303_tse-qcedjpsm-18790-20170207492303-ixbrl.htm
2017-02-08	四半期	当期	連結	予想		営業利益の増減率	ChangeInOperatingIncome	0.037	Pure	3.7	CurrentYearDuration_ConsolidatedMember_ForecastMember	/disc/18790/081220170207492303_tse-qcedjpsm-18790-20170207492303-ixbrl.htm
2017-02-08	四半期	当期	連結	予想		経常利益	OrdinaryIncome	11800000000	JPY	11,800	CurrentYearDuration_ConsolidatedMember_ForecastMember	/disc/18790/081220170207492303_tse-qcedjpsm-18790-20170207492303-ixbrl.htm
2017-02-08	四半期	当期	連結	予想		経常利益の増減率	ChangeInOrdinaryIncome	0.043	Pure	4.3	CurrentYearDuration_ConsolidatedMember_ForecastMember	/disc/18790/081220170207492303_tse-qcedjpsm-18790-20170207492303-ixbrl.htm
2017-02-08	四半期	当期	連結	予想		親会社株主に帰属する当期純利益	ProfitAttributableToOwnersOfParent	12200000000	JPY	12,200	CurrentYearDuration_ConsolidatedMember_ForecastMember	/disc/18790/081220170207492303_tse-qcedjpsm-18790-20170207492303-ixbrl.htm
2017-02-08	四半期	当期	連結	予想		親会社株主に帰属する当期純利益の増減率	ChangeInProfitAttributableToOwnersOfParent	0.626	Pure	62.6	CurrentYearDuration_ConsolidatedMember_ForecastMember	/disc/18790/081220170207492303_tse-qcedjpsm-18790-20170207492303-ixbrl.htm
2017-02-08	四半期	当期	連結	予想		1株当たり当期純利益	NetIncomePerShare	208.68	JPYPerShares	208.68	CurrentYearDuration_ConsolidatedMember_ForecastMember	/disc/18790/081220170207492303_tse-qcedjpsm-18790-20170207492303-ixbrl.htm
2017-02-08	四半期	当期	連結	予想		当四半期における業績予想の修正	CorrectionOfConsolidatedFinancialForecastInThisQuarter			有	CurrentYearDuration_ConsolidatedMember_ForecastMember	/disc/18790/081220170207492303_tse-qcedjpsm-18790-20170207492303-ixbrl.htm
2017-02-08	四半期	当期第3四半期累計	連結	実績			MaterialChangesInSubsidiariesDuringThisPeriodChangesInScopeOfConsolidationsResultingFromChangeIsSubsidiaries			無	CurrentAccumulatedQ3Duration_ConsolidatedMember_ResultMember	/disc/18790/081220170207492303_tse-qcedjpsm-18790-20170207492303-ixbrl.htm
2017-02-08	四半期	当期第3四半期累計	連結	実績			ApplyingOfSpecificAccountingOfTheConsolidatedQuarterlyFinancialStatements			無	CurrentAccumulatedQ3Duration_ConsolidatedMember_ResultMember	/disc/18790/081220170207492303_tse-qcedjpsm-18790-20170207492303-ixbrl.htm
2017-02-08	四半期	当期第3四半期累計	連結	実績		会計基準等の改正に伴う変更	ChangesBasedOnRevisionsOfAccountingStandard			有	CurrentAccumulatedQ3Duration_ConsolidatedMember_ResultMember	/disc/18790/081220170207492303_tse-qcedjpsm-18790-20170207492303-ixbrl.htm
2017-02-08	四半期	当期第3四半期累計	連結	実績		それ以外の会計方針の変更	ChangesOtherThanOnesBasedOnRevisionsOfAccountingStandard			無	CurrentAccumulatedQ3Duration_ConsolidatedMember_ResultMember	/disc/18790/081220170207492303_tse-qcedjpsm-18790-20170207492303-ixbrl.htm
2017-02-08	四半期	当期第3四半期累計	連結	実績		会計上の見積りの変更	ChangesInAccountingEstimates			無	CurrentAccumulatedQ3Duration_ConsolidatedMember_ResultMember	/disc/18790/081220170207492303_tse-qcedjpsm-18790-20170207492303-ixbrl.htm
2017-02-08	四半期	当期第3四半期累計	連結	実績		修正再表示	RetrospectiveRestatement			無	CurrentAccumulatedQ3Duration_ConsolidatedMember_ResultMember	/disc/18790/081220170207492303_tse-qcedjpsm-18790-20170207492303-ixbrl.htm
2017-02-08	四半期	当期第3四半期累計	連結	実績			NoteToChangesInAccountingPoliciesAccountingEstimatesAndRetrospectiveRestatementQuarterlyConsolidated			（注）詳細は、添付資料２ページ「２．サマリー情報（注記事項）に関する事項（３）会計方針の変更・会計上の見積りの変更・修正再表示」をご覧ください。	CurrentAccumulatedQ3Duration_ConsolidatedMember_ResultMember	/disc/18790/081220170207492303_tse-qcedjpsm-18790-20170207492303-ixbrl.htm
2017-02-08	四半期	当期第3四半期累計	単体	実績		期末発行済株式数(自己株式を含む)	NumberOfIssuedAndOutstandingSharesAtTheEndOfFiscalYearIncludingTreasuryStock	61360720	Shares	61,360,720	CurrentAccumulatedQ3Instant_NonConsolidatedMember_ResultMember	/disc/18790/081220170207492303_tse-qcedjpsm-18790-20170207492303-ixbrl.htm
2017-02-08	四半期	前期	単体	実績		期末発行済株式数(自己株式を含む)	NumberOfIssuedAndOutstandingSharesAtTheEndOfFiscalYearIncludingTreasuryStock	61360720	Shares	61,360,720	PriorYearInstant_NonConsolidatedMember_ResultMember	/disc/18790/081220170207492303_tse-qcedjpsm-18790-20170207492303-ixbrl.htm
2017-02-08	四半期	当期第3四半期累計	単体	実績		期末自己株式数	NumberOfTreasuryStockAtTheEndOfFiscalYear	2898726	Shares	2,898,726	CurrentAccumulatedQ3Instant_NonConsolidatedMember_ResultMember	/disc/18790/081220170207492303_tse-qcedjpsm-18790-20170207492303-ixbrl.htm
2017-02-08	四半期	前期	単体	実績		期末自己株式数	NumberOfTreasuryStockAtTheEndOfFiscalYear	2898184	Shares	2,898,184	PriorYearInstant_NonConsolidatedMember_ResultMember	/disc/18790/081220170207492303_tse-qcedjpsm-18790-20170207492303-ixbrl.htm
2017-02-08	四半期	当期第3四半期累計	単体	実績		期中平均株式数	AverageNumberOfShares	58462317	Shares	58,462,317	CurrentAccumulatedQ3Duration_NonConsolidatedMember_ResultMember	/disc/18790/081220170207492303_tse-qcedjpsm-18790-20170207492303-ixbrl.htm
2017-02-08	四半期	前期第3四半期累計	単体	実績		期中平均株式数	AverageNumberOfShares	58462913	Shares	58,462,913	PriorAccumulatedQ3Duration_NonConsolidatedMember_ResultMember	/disc/18790/081220170207492303_tse-qcedjpsm-18790-20170207492303-ixbrl.htm
2017-02-08	四半期	当期第3四半期累計					ExpressionOfImplementationStatusOfQuarterlyReviewProcedures			この四半期決算短信は、金融商品取引法に基づく四半期レビュー手続きの対象外であり、この四半期決算短信の開示時点において、金融商品取引法に基づく四半期連結財務諸表のレビュー手続きは終了しております。	CurrentAccumulatedQ3Duration	/disc/18790/081220170207492303_tse-qcedjpsm-18790-20170207492303-ixbrl.htm
2017-02-08	四半期	当期				将来情報の利用に関する注意	NotesForUsingForecastedInformationAndOthers			本資料に記載されている業績見通し等の将来に関する記述は、当社が現在入手している情報及び合理的であると判断する一定の前提に基づいており、その達成を当社として約束する趣旨のものではありません。また、実際の業績等は様々な要因により大きく異なる可能性があります。	CurrentYearDuration	/disc/18790/081220170207492303_tse-qcedjpsm-18790-20170207492303-ixbrl.htm
2017-02-08	四半期	当期				決算期末	FiscalYearEnd			2017-03-31	CurrentYearInstant	/disc/18790/081220170207492303_tse-qcedjpsm-18790-20170207492303-ixbrl.htm
2017-02-08	四半期	当期第3四半期累計				四半期	QuarterlyPeriod	3	Pure	3	CurrentAccumulatedQ3Instant	/disc/18790/081220170207492303_tse-qcedjpsm-18790-20170207492303-ixbrl.htm
2017-05-11	年次	当期				書類名	DocumentName			決算短信〔日本基準〕（連結）	CurrentYearInstant	/disc/18790/081220170510464266_tse-acedjpsm-18790-20170510464266-ixbrl.htm
2017-05-11	年次	当期				提出日	FilingDate			平成29年5月11日	CurrentYearInstant	/disc/18790/081220170510464266_tse-acedjpsm-18790-20170510464266-ixbrl.htm
2017-05-11	年次	当期				会社名	CompanyName			新日本建設株式会社	CurrentYearInstant	/disc/18790/081220170510464266_tse-acedjpsm-18790-20170510464266-ixbrl.htm
2017-05-11	年次	当期					TokyoStockExchange			東	CurrentYearInstant	/disc/18790/081220170510464266_tse-acedjpsm-18790-20170510464266-ixbrl.htm
2017-05-11	年次	当期				証券コード	SecuritiesCode			18790	CurrentYearInstant	/disc/18790/081220170510464266_tse-acedjpsm-18790-20170510464266-ixbrl.htm
2017-05-11	年次	当期				URL	URL			http://www.shinnihon-c.co.jp/	CurrentYearInstant	/disc/18790/081220170510464266_tse-acedjpsm-18790-20170510464266-ixbrl.htm
2017-05-11	年次	当期				代表者の役職	TitleRepresentative			代表取締役社長	CurrentYearInstant	/disc/18790/081220170510464266_tse-acedjpsm-18790-20170510464266-ixbrl.htm
2017-05-11	年次	当期				代表者名	NameRepresentative			高見 克司	CurrentYearInstant	/disc/18790/081220170510464266_tse-acedjpsm-18790-20170510464266-ixbrl.htm
2017-05-11	年次	当期					TitleInquiries			取締役常務執行役員管理本部長	CurrentYearInstant	/disc/18790/081220170510464266_tse-acedjpsm-18790-20170510464266-ixbrl.htm
2017-05-11	年次	当期					NameInquiries			高橋 苗樹	CurrentYearInstant	/disc/18790/081220170510464266_tse-acedjpsm-18790-20170510464266-ixbrl.htm
2017-05-11	年次	当期					Tel			043-213-1111	CurrentYearInstant	/disc/18790/081220170510464266_tse-acedjpsm-18790-20170510464266-ixbrl.htm
2017-05-11	年次	当期					DateOfGeneralShareholdersMeetingAsPlanned			平成29年6月29日	CurrentYearInstant	/disc/18790/081220170510464266_tse-acedjpsm-18790-20170510464266-ixbrl.htm
2017-05-11	年次	当期					DividendPayableDateAsPlanned			平成29年6月30日	CurrentYearInstant	/disc/18790/081220170510464266_tse-acedjpsm-18790-20170510464266-ixbrl.htm
2017-05-11	年次	当期					AnnualSecuritiesReportFilingDateAsPlanned			平成29年6月29日	CurrentYearInstant	/disc/18790/081220170510464266_tse-acedjpsm-18790-20170510464266-ixbrl.htm
2017-05-11	年次	当期					SupplementalMaterialOfAnnualResults			有	CurrentYearInstant	/disc/18790/081220170510464266_tse-acedjpsm-18790-20170510464266-ixbrl.htm
2017-05-11	年次	当期					ConveningBriefingOfAnnualResults			有	CurrentYearInstant	/disc/18790/081220170510464266_tse-acedjpsm-18790-20170510464266-ixbrl.htm
2017-05-11	年次	当期					TargetAudienceBriefingOfAnnualResults			（機関投資家・金融機関向け）	CurrentYearInstant	/disc/18790/081220170510464266_tse-acedjpsm-18790-20170510464266-ixbrl.htm
2017-05-11	年次	当期					NoteToFractionProcessingMethod			（百万円未満切捨て）	CurrentYearInstant	/disc/18790/081220170510464266_tse-acedjpsm-18790-20170510464266-ixbrl.htm
2017-05-11	年次	当期	連結	実績		売上高	NetSales	86857000000	JPY	86,857	CurrentYearDuration_ConsolidatedMember_ResultMember	/disc/18790/081220170510464266_tse-acedjpsm-18790-20170510464266-ixbrl.htm
2017-05-11	年次	当期	連結	実績		売上高の増減率	ChangeInNetSales	0.111	Pure	11.1	CurrentYearDuration_ConsolidatedMember_ResultMember	/disc/18790/081220170510464266_tse-acedjpsm-18790-20170510464266-ixbrl.htm
2017-05-11	年次	当期	連結	実績		営業利益	OperatingIncome	12284000000	JPY	12,284	CurrentYearDuration_ConsolidatedMember_ResultMember	/disc/18790/081220170510464266_tse-acedjpsm-18790-20170510464266-ixbrl.htm
2017-05-11	年次	当期	連結	実績		営業利益の増減率	ChangeInOperatingIncome	0.044	Pure	4.4	CurrentYearDuration_ConsolidatedMember_ResultMember	/disc/18790/081220170510464266_tse-acedjpsm-18790-20170510464266-ixbrl.htm
2017-05-11	年次	当期	連結	実績		経常利益	OrdinaryIncome	11972000000	JPY	11,972	CurrentYearDuration_ConsolidatedMember_ResultMember	/disc/18790/081220170510464266_tse-acedjpsm-18790-20170510464266-ixbrl.htm
2017-05-11	年次	当期	連結	実績		経常利益の増減率	ChangeInOrdinaryIncome	0.058	Pure	5.8	CurrentYearDuration_ConsolidatedMember_ResultMember	/disc/18790/081220170510464266_tse-acedjpsm-18790-20170510464266-ixbrl.htm
2017-05-11	年次	当期	連結	実績		親会社株主に帰属する当期純利益	ProfitAttributableToOwnersOfParent	12698000000	JPY	12,698	CurrentYearDuration_ConsolidatedMember_ResultMember	/disc/18790/081220170510464266_tse-acedjpsm-18790-20170510464266-ixbrl.htm
2017-05-11	年次	当期	連結	実績		親会社株主に帰属する当期純利益の増減率	ChangeInProfitAttributableToOwnersOfParent	0.692	Pure	69.2	CurrentYearDuration_ConsolidatedMember_ResultMember	/disc/18790/081220170510464266_tse-acedjpsm-18790-20170510464266-ixbrl.htm
2017-05-11	年次	前期	連結	実績		売上高	NetSales	78146000000	JPY	78,146	PriorYearDuration_ConsolidatedMember_ResultMember	/disc/18790/081220170510464266_tse-acedjpsm-18790-20170510464266-ixbrl.htm
2017-05-11	年次	前期	連結	実績		売上高の増減率	ChangeInNetSales	0.115	Pure	11.5	PriorYearDuration_ConsolidatedMember_ResultMember	/disc/18790/081220170510464266_tse-acedjpsm-18790-20170510464266-ixbrl.htm
2017-05-11	年次	前期	連結	実績		営業利益	OperatingIncome	11762000000	JPY	11,762	PriorYearDuration_ConsolidatedMember_ResultMember	/disc/18790/081220170510464266_tse-acedjpsm-18790-20170510464266-ixbrl.htm
2017-05-11	年次	前期	連結	実績		営業利益の増減率	ChangeInOperatingIncome	0.463	Pure	46.3	PriorYearDuration_ConsolidatedMember_ResultMember	/disc/18790/081220170510464266_tse-acedjpsm-18790-20170510464266-ixbrl.htm
2017-05-11	年次	前期	連結	実績		経常利益	OrdinaryIncome	11313000000	JPY	11,313	PriorYearDuration_ConsolidatedMember_ResultMember	/disc/18790/081220170510464266_tse-acedjpsm-18790-20170510464266-ixbrl.htm
2017-05-11	年次	前期	連結	実績		経常利益の増減率	ChangeInOrdinaryIncome	0.408	Pure	40.8	PriorYearDuration_ConsolidatedMember_ResultMember	/disc/18790/081220170510464266_tse-acedjpsm-18790-20170510464266-ixbrl.htm
2017-05-11	年次	前期	連結	実績		親会社株主に帰属する当期純利益	ProfitAttributableToOwnersOfParent	7504000000	JPY	7,504	PriorYearDuration_ConsolidatedMember_ResultMember	/disc/18790/081220170510464266_tse-acedjpsm-18790-20170510464266-ixbrl.htm
2017-05-11	年次	前期	連結	実績		親会社株主に帰属する当期純利益の増減率	ChangeInProfitAttributableToOwnersOfParent	0.518	Pure	51.8	PriorYearDuration_ConsolidatedMember_ResultMember	/disc/18790/081220170510464266_tse-acedjpsm-18790-20170510464266-ixbrl.htm
2017-05-11	年次	当期	連結	実績		包括利益	ComprehensiveIncome	12143000000	JPY	12,143	CurrentYearDuration_ConsolidatedMember_ResultMember	/disc/18790/081220170510464266_tse-acedjpsm-18790-20170510464266-ixbrl.htm
2017-05-11	年次	当期	連結	実績		包括利益の増減率	ChangeInComprehensiveIncome	0.761	Pure	76.1	CurrentYearDuration_ConsolidatedMember_ResultMember	/disc/18790/081220170510464266_tse-acedjpsm-18790-20170510464266-ixbrl.htm
2017-05-11	年次	前期	連結	実績		包括利益	ComprehensiveIncome	6896000000	JPY	6,896	PriorYearDuration_ConsolidatedMember_ResultMember	/disc/18790/081220170510464266_tse-acedjpsm-18790-20170510464266-ixbrl.htm
2017-05-11	年次	前期	連結	実績		包括利益の増減率	ChangeInComprehensiveIncome	0.265	Pure	26.5	PriorYearDuration_ConsolidatedMember_ResultMember	/disc/18790/081220170510464266_tse-acedjpsm-18790-20170510464266-ixbrl.htm
2017-05-11	年次	当期	連結	実績		1株当たり当期純利益	NetIncomePerShare	217.21	JPYPerShares	217.21	CurrentYearDuration_ConsolidatedMember_ResultMember	/disc/18790/081220170510464266_tse-acedjpsm-18790-20170510464266-ixbrl.htm
2017-05-11	年次	当期	連結	実績		自己資本当期純利益率(ROE)	NetIncomeToShareholdersEquityRatio	0.306	Pure	30.6	CurrentYearDuration_ConsolidatedMember_ResultMember	/disc/18790/081220170510464266_tse-acedjpsm-18790-20170510464266-ixbrl.htm
2017-05-11	年次	当期	連結	実績		総資産経常利益率(ROA)	OrdinaryIncomeToTotalAssetsRatio	0.134	Pure	13.4	CurrentYearDuration_ConsolidatedMember_ResultMember	/disc/18790/081220170510464266_tse-acedjpsm-18790-20170510464266-ixbrl.htm
2017-05-11	年次	当期	連結	実績		売上高営業利益率	OperatingIncomeToNetSalesRatio	0.141	Pure	14.1	CurrentYearDuration_ConsolidatedMember_ResultMember	/disc/18790/081220170510464266_tse-acedjpsm-18790-20170510464266-ixbrl.htm
2017-05-11	年次	前期	連結	実績		1株当たり当期純利益	NetIncomePerShare	128.37	JPYPerShares	128.37	PriorYearDuration_ConsolidatedMember_ResultMember	/disc/18790/081220170510464266_tse-acedjpsm-18790-20170510464266-ixbrl.htm
2017-05-11	年次	前期	連結	実績		自己資本当期純利益率(ROE)	NetIncomeToShareholdersEquityRatio	0.232	Pure	23.2	PriorYearDuration_ConsolidatedMember_ResultMember	/disc/18790/081220170510464266_tse-acedjpsm-18790-20170510464266-ixbrl.htm
2017-05-11	年次	前期	連結	実績		総資産経常利益率(ROA)	OrdinaryIncomeToTotalAssetsRatio	0.134	Pure	13.4	PriorYearDuration_ConsolidatedMember_ResultMember	/disc/18790/081220170510464266_tse-acedjpsm-18790-20170510464266-ixbrl.htm
2017-05-11	年次	前期	連結	実績		売上高営業利益率	OperatingIncomeToNetSalesRatio	0.151	Pure	15.1	PriorYearDuration_ConsolidatedMember_ResultMember	/disc/18790/081220170510464266_tse-acedjpsm-18790-20170510464266-ixbrl.htm
2017-05-11	年次	当期	連結	実績		総資産	TotalAssets	93492000000	JPY	93,492	CurrentYearInstant_ConsolidatedMember_ResultMember	/disc/18790/081220170510464266_tse-acedjpsm-18790-20170510464266-ixbrl.htm
2017-05-11	年次	当期	連結	実績		純資産	NetAssets	47445000000	JPY	47,445	CurrentYearInstant_ConsolidatedMember_ResultMember	/disc/18790/081220170510464266_tse-acedjpsm-18790-20170510464266-ixbrl.htm
2017-05-11	年次	当期	連結	実績		自己資本比率	CapitalAdequacyRatio	0.507	Pure	50.7	CurrentYearInstant_ConsolidatedMember_ResultMember	/disc/18790/081220170510464266_tse-acedjpsm-18790-20170510464266-ixbrl.htm
2017-05-11	年次	当期	連結	実績		1株当たり純資産	NetAssetsPerShare	811.03	JPYPerShares	811.03	CurrentYearInstant_ConsolidatedMember_ResultMember	/disc/18790/081220170510464266_tse-acedjpsm-18790-20170510464266-ixbrl.htm
2017-05-11	年次	前期	連結	実績		総資産	TotalAssets	85558000000	JPY	85,558	PriorYearInstant_ConsolidatedMember_ResultMember	/disc/18790/081220170510464266_tse-acedjpsm-18790-20170510464266-ixbrl.htm
2017-05-11	年次	前期	連結	実績		純資産	NetAssets	36237000000	JPY	36,237	PriorYearInstant_ConsolidatedMember_ResultMember	/disc/18790/081220170510464266_tse-acedjpsm-18790-20170510464266-ixbrl.htm
2017-05-11	年次	前期	連結	実績		自己資本比率	CapitalAdequacyRatio	0.416	Pure	41.6	PriorYearInstant_ConsolidatedMember_ResultMember	/disc/18790/081220170510464266_tse-acedjpsm-18790-20170510464266-ixbrl.htm
2017-05-11	年次	前期	連結	実績		1株当たり純資産	NetAssetsPerShare	609.44	JPYPerShares	609.44	PriorYearInstant_ConsolidatedMember_ResultMember	/disc/18790/081220170510464266_tse-acedjpsm-18790-20170510464266-ixbrl.htm
2017-05-11	年次	当期	連結	実績		自己資本	OwnersEquity	47414000000	JPY	47,414	CurrentYearInstant_ConsolidatedMember_ResultMember	/disc/18790/081220170510464266_tse-acedjpsm-18790-20170510464266-ixbrl.htm
2017-05-11	年次	前期	連結	実績		自己資本	OwnersEquity	35629000000	JPY	35,629	PriorYearInstant_ConsolidatedMember_ResultMember	/disc/18790/081220170510464266_tse-acedjpsm-18790-20170510464266-ixbrl.htm
2017-05-11	年次	当期	連結	実績		営業キャッシュフロー	CashFlowsFromOperatingActivities	11413000000	JPY	11,413	CurrentYearDuration_ConsolidatedMember_ResultMember	/disc/18790/081220170510464266_tse-acedjpsm-18790-20170510464266-ixbrl.htm
2017-05-11	年次	当期	連結	実績		投資キャッシュフロー	CashFlowsFromInvestingActivities	-40000000	JPY	40	CurrentYearDuration_ConsolidatedMember_ResultMember	/disc/18790/081220170510464266_tse-acedjpsm-18790-20170510464266-ixbrl.htm
2017-05-11	年次	当期	連結	実績		財務キャッシュフロー	CashFlowsFromFinancingActivities	-5331000000	JPY	5,331	CurrentYearDuration_ConsolidatedMember_ResultMember	/disc/18790/081220170510464266_tse-acedjpsm-18790-20170510464266-ixbrl.htm
2017-05-11	年次	当期	連結	実績		現金及び現金同等物の期末残高	CashAndEquivalentsEndOfPeriod	35048000000	JPY	35,048	CurrentYearInstant_ConsolidatedMember_ResultMember	/disc/18790/081220170510464266_tse-acedjpsm-18790-20170510464266-ixbrl.htm
2017-05-11	年次	前期	連結	実績		営業キャッシュフロー	CashFlowsFromOperatingActivities	16588000000	JPY	16,588	PriorYearDuration_ConsolidatedMember_ResultMember	/disc/18790/081220170510464266_tse-acedjpsm-18790-20170510464266-ixbrl.htm
2017-05-11	年次	前期	連結	実績		投資キャッシュフロー	CashFlowsFromInvestingActivities	-46000000	JPY	46	PriorYearDuration_ConsolidatedMember_ResultMember	/disc/18790/081220170510464266_tse-acedjpsm-18790-20170510464266-ixbrl.htm
2017-05-11	年次	前期	連結	実績		財務キャッシュフロー	CashFlowsFromFinancingActivities	-9288000000	JPY	9,288	PriorYearDuration_ConsolidatedMember_ResultMember	/disc/18790/081220170510464266_tse-acedjpsm-18790-20170510464266-ixbrl.htm
2017-05-11	年次	前期	連結	実績		現金及び現金同等物の期末残高	CashAndEquivalentsEndOfPeriod	29039000000	JPY	29,039	PriorYearInstant_ConsolidatedMember_ResultMember	/disc/18790/081220170510464266_tse-acedjpsm-18790-20170510464266-ixbrl.htm
2017-05-11	年次	前期	単体	実績	第2四半期末	1株当たり配当金	DividendPerShare	4.00	JPYPerShares	4.00	PriorYearDuration_SecondQuarterMember_NonConsolidatedMember_ResultMember	/disc/18790/081220170510464266_tse-acedjpsm-18790-20170510464266-ixbrl.htm
2017-05-11	年次	前期	単体	実績	期末	1株当たり配当金	DividendPerShare	10.00	JPYPerShares	10.00	PriorYearDuration_YearEndMember_NonConsolidatedMember_ResultMember	/disc/18790/081220170510464266_tse-acedjpsm-18790-20170510464266-ixbrl.htm
2017-05-11	年次	前期	単体	実績	合計	1株当たり配当金	DividendPerShare	14.00	JPYPerShares	14.00	PriorYearDuration_AnnualMember_NonConsolidatedMember_ResultMember	/disc/18790/081220170510464266_tse-acedjpsm-18790-20170510464266-ixbrl.htm
2017-05-11	年次	前期	単体	実績	合計	配当金総額	TotalDividendPaidAnnual	818000000	JPY	818	PriorYearDuration_AnnualMember_NonConsolidatedMember_ResultMember	/disc/18790/081220170510464266_tse-acedjpsm-18790-20170510464266-ixbrl.htm
2017-05-11	年次	前期	連結	実績	合計	配当性向	PayoutRatio	0.109	Pure	10.9	PriorYearDuration_AnnualMember_ConsolidatedMember_ResultMember	/disc/18790/081220170510464266_tse-acedjpsm-18790-20170510464266-ixbrl.htm
2017-05-11	年次	前期	連結	実績	合計	純資産配当率	RatioOfTotalAmountOfDividendsToNetAssets	0.025	Pure	2.5	PriorYearDuration_AnnualMember_ConsolidatedMember_ResultMember	/disc/18790/081220170510464266_tse-acedjpsm-18790-20170510464266-ixbrl.htm
2017-05-11	年次	当期	単体	実績	第2四半期末	1株当たり配当金	DividendPerShare	6.00	JPYPerShares	6.00	CurrentYearDuration_SecondQuarterMember_NonConsolidatedMember_ResultMember	/disc/18790/081220170510464266_tse-acedjpsm-18790-20170510464266-ixbrl.htm
2017-05-11	年次	当期	単体	実績	期末	1株当たり配当金	DividendPerShare	10.00	JPYPerShares	10.00	CurrentYearDuration_YearEndMember_NonConsolidatedMember_ResultMember	/disc/18790/081220170510464266_tse-acedjpsm-18790-20170510464266-ixbrl.htm
2017-05-11	年次	当期	単体	実績	合計	1株当たり配当金	DividendPerShare	16.00	JPYPerShares	16.00	CurrentYearDuration_AnnualMember_NonConsolidatedMember_ResultMember	/disc/18790/081220170510464266_tse-acedjpsm-18790-20170510464266-ixbrl.htm
2017-05-11	年次	当期	単体	実績	合計	配当金総額	TotalDividendPaidAnnual	935000000	JPY	935	CurrentYearDuration_AnnualMember_NonConsolidatedMember_ResultMember	/disc/18790/081220170510464266_tse-acedjpsm-18790-20170510464266-ixbrl.htm
2017-05-11	年次	当期	連結	実績	合計	配当性向	PayoutRatio	0.074	Pure	7.4	CurrentYearDuration_AnnualMember_ConsolidatedMember_ResultMember	/disc/18790/081220170510464266_tse-acedjpsm-18790-20170510464266-ixbrl.htm
2017-05-11	年次	当期	連結	実績	合計	純資産配当率	RatioOfTotalAmountOfDividendsToNetAssets	0.023	Pure	2.3	CurrentYearDuration_AnnualMember_ConsolidatedMember_ResultMember	/disc/18790/081220170510464266_tse-acedjpsm-18790-20170510464266-ixbrl.htm
2017-05-11	年次	来期	単体	予想	第2四半期末	1株当たり配当金	DividendPerShare	9.00	JPYPerShares	9.00	NextYearDuration_SecondQuarterMember_NonConsolidatedMember_ForecastMember	/disc/18790/081220170510464266_tse-acedjpsm-18790-20170510464266-ixbrl.htm
2017-05-11	年次	来期	単体	予想	期末	1株当たり配当金	DividendPerShare	8.00	JPYPerShares	8.00	NextYearDuration_YearEndMember_NonConsolidatedMember_ForecastMember	/disc/18790/081220170510464266_tse-acedjpsm-18790-20170510464266-ixbrl.htm
2017-05-11	年次	来期	単体	予想	合計	1株当たり配当金	DividendPerShare	17.00	JPYPerShares	17.00	NextYearDuration_AnnualMember_NonConsolidatedMember_ForecastMember	/disc/18790/081220170510464266_tse-acedjpsm-18790-20170510464266-ixbrl.htm
2017-05-11	年次	来期	連結	予想	合計	配当性向	PayoutRatio	0.117	Pure	11.7	NextYearDuration_AnnualMember_ConsolidatedMember_ForecastMember	/disc/18790/081220170510464266_tse-acedjpsm-18790-20170510464266-ixbrl.htm
2017-05-11	年次	来期	連結	予想		業績予想の見出し	TitleForForecasts			3. 平成30年 3月期の連結業績予想（平成29年 4月 1日～平成30年 3月31日）	NextYearDuration_ConsolidatedMember_ForecastMember	/disc/18790/081220170510464266_tse-acedjpsm-18790-20170510464266-ixbrl.htm
2017-05-11	年次	来期	連結	予想		売上高	NetSales	93500000000	JPY	93,500	NextYearDuration_ConsolidatedMember_ForecastMember	/disc/18790/081220170510464266_tse-acedjpsm-18790-20170510464266-ixbrl.htm
2017-05-11	年次	来期	連結	予想		売上高の増減率	ChangeInNetSales	0.076	Pure	7.6	NextYearDuration_ConsolidatedMember_ForecastMember	/disc/18790/081220170510464266_tse-acedjpsm-18790-20170510464266-ixbrl.htm
2017-05-11	年次	来期	連結	予想		営業利益	OperatingIncome	12600000000	JPY	12,600	NextYearDuration_ConsolidatedMember_ForecastMember	/disc/18790/081220170510464266_tse-acedjpsm-18790-20170510464266-ixbrl.htm
2017-05-11	年次	来期	連結	予想		営業利益の増減率	ChangeInOperatingIncome	0.026	Pure	2.6	NextYearDuration_ConsolidatedMember_ForecastMember	/disc/18790/081220170510464266_tse-acedjpsm-18790-20170510464266-ixbrl.htm
2017-05-11	年次	来期	連結	予想		経常利益	OrdinaryIncome	12400000000	JPY	12,400	NextYearDuration_ConsolidatedMember_ForecastMember	/disc/18790/081220170510464266_tse-acedjpsm-18790-20170510464266-ixbrl.htm
2017-05-11	年次	来期	連結	予想		経常利益の増減率	ChangeInOrdinaryIncome	0.036	Pure	3.6	NextYearDuration_ConsolidatedMember_ForecastMember	/disc/18790/081220170510464266_tse-acedjpsm-18790-20170510464266-ixbrl.htm
2017-05-11	年次	来期	連結	予想		親会社株主に帰属する当期純利益	ProfitAttributableToOwnersOfParent	8500000000	JPY	8,500	NextYearDuration_ConsolidatedMember_ForecastMember	/disc/18790/081220170510464266_tse-acedjpsm-18790-20170510464266-ixbrl.htm
2017-05-11	年次	来期	連結	予想		親会社株主に帰属する当期純利益の増減率	ChangeInProfitAttributableToOwnersOfParent	-0.331	Pure	33.1	NextYearDuration_ConsolidatedMember_ForecastMember	/disc/18790/081220170510464266_tse-acedjpsm-18790-20170510464266-ixbrl.htm
2017-05-11	年次	来期	連結	予想		1株当たり当期純利益	NetIncomePerShare	145.39	JPYPerShares	145.39	NextYearDuration_ConsolidatedMember_ForecastMember	/disc/18790/081220170510464266_tse-acedjpsm-18790-20170510464266-ixbrl.htm
2017-05-11	年次	当期	連結	実績			MaterialChangesInSubsidiariesDuringThisPeriodChangesInScopeOfConsolidationsResultingFromChangeIsSubsidiaries			無	CurrentYearDuration_ConsolidatedMember_ResultMember	/disc/18790/081220170510464266_tse-acedjpsm-18790-20170510464266-ixbrl.htm
2017-05-11	年次	当期	連結	実績		会計基準等の改正に伴う変更	ChangesBasedOnRevisionsOfAccountingStandard			有	CurrentYearDuration_ConsolidatedMember_ResultMember	/disc/18790/081220170510464266_tse-acedjpsm-18790-20170510464266-ixbrl.htm
2017-05-11	年次	当期	連結	実績		それ以外の会計方針の変更	ChangesOtherThanOnesBasedOnRevisionsOfAccountingStandard			無	CurrentYearDuration_ConsolidatedMember_ResultMember	/disc/18790/081220170510464266_tse-acedjpsm-18790-20170510464266-ixbrl.htm
2017-05-11	年次	当期	連結	実績		会計上の見積りの変更	ChangesInAccountingEstimates			無	CurrentYearDuration_ConsolidatedMember_ResultMember	/disc/18790/081220170510464266_tse-acedjpsm-18790-20170510464266-ixbrl.htm
2017-05-11	年次	当期	連結	実績		修正再表示	RetrospectiveRestatement			無	CurrentYearDuration_ConsolidatedMember_ResultMember	/disc/18790/081220170510464266_tse-acedjpsm-18790-20170510464266-ixbrl.htm
2017-05-11	年次	当期	連結	実績			NoteToChangesInAccountingPoliciesAndAccountingEstimatesRetrospectiveRestatement			（注）詳細は、添付資料11ページをご覧ください。	CurrentYearDuration_ConsolidatedMember_ResultMember	/disc/18790/081220170510464266_tse-acedjpsm-18790-20170510464266-ixbrl.htm
2017-05-11	年次	当期	単体	実績		期末発行済株式数(自己株式を含む)	NumberOfIssuedAndOutstandingSharesAtTheEndOfFiscalYearIncludingTreasuryStock	61360720	Shares	61,360,720	CurrentYearInstant_NonConsolidatedMember_ResultMember	/disc/18790/081220170510464266_tse-acedjpsm-18790-20170510464266-ixbrl.htm
2017-05-11	年次	前期	単体	実績		期末発行済株式数(自己株式を含む)	NumberOfIssuedAndOutstandingSharesAtTheEndOfFiscalYearIncludingTreasuryStock	61360720	Shares	61,360,720	PriorYearInstant_NonConsolidatedMember_ResultMember	/disc/18790/081220170510464266_tse-acedjpsm-18790-20170510464266-ixbrl.htm
2017-05-11	年次	当期	単体	実績		期末自己株式数	NumberOfTreasuryStockAtTheEndOfFiscalYear	2898806	Shares	2,898,806	CurrentYearInstant_NonConsolidatedMember_ResultMember	/disc/18790/081220170510464266_tse-acedjpsm-18790-20170510464266-ixbrl.htm
2017-05-11	年次	前期	単体	実績		期末自己株式数	NumberOfTreasuryStockAtTheEndOfFiscalYear	2898184	Shares	2,898,184	PriorYearInstant_NonConsolidatedMember_ResultMember	/disc/18790/081220170510464266_tse-acedjpsm-18790-20170510464266-ixbrl.htm
2017-05-11	年次	当期	単体	実績		期中平均株式数	AverageNumberOfShares	58462228	Shares	58,462,228	CurrentYearDuration_NonConsolidatedMember_ResultMember	/disc/18790/081220170510464266_tse-acedjpsm-18790-20170510464266-ixbrl.htm
2017-05-11	年次	前期	単体	実績		期中平均株式数	AverageNumberOfShares	58462837	Shares	58,462,837	PriorYearDuration_NonConsolidatedMember_ResultMember	/disc/18790/081220170510464266_tse-acedjpsm-18790-20170510464266-ixbrl.htm
2017-05-11	年次	当期	単体	実績		売上高	NetSales	75957000000	JPY	75,957	CurrentYearDuration_NonConsolidatedMember_ResultMember	/disc/18790/081220170510464266_tse-acedjpsm-18790-20170510464266-ixbrl.htm
2017-05-11	年次	当期	単体	実績		売上高の増減率	ChangeInNetSales	0.140	Pure	14.0	CurrentYearDuration_NonConsolidatedMember_ResultMember	/disc/18790/081220170510464266_tse-acedjpsm-18790-20170510464266-ixbrl.htm
2017-05-11	年次	当期	単体	実績		営業利益	OperatingIncome	12404000000	JPY	12,404	CurrentYearDuration_NonConsolidatedMember_ResultMember	/disc/18790/081220170510464266_tse-acedjpsm-18790-20170510464266-ixbrl.htm
2017-05-11	年次	当期	単体	実績		営業利益の増減率	ChangeInOperatingIncome	0.164	Pure	16.4	CurrentYearDuration_NonConsolidatedMember_ResultMember	/disc/18790/081220170510464266_tse-acedjpsm-18790-20170510464266-ixbrl.htm
2017-05-11	年次	当期	単体	実績		経常利益	OrdinaryIncome	12800000000	JPY	12,800	CurrentYearDuration_NonConsolidatedMember_ResultMember	/disc/18790/081220170510464266_tse-acedjpsm-18790-20170510464266-ixbrl.htm
2017-05-11	年次	当期	単体	実績		経常利益の増減率	ChangeInOrdinaryIncome	0.160	Pure	16.0	CurrentYearDuration_NonConsolidatedMember_ResultMember	/disc/18790/081220170510464266_tse-acedjpsm-18790-20170510464266-ixbrl.htm
2017-05-11	年次	当期	単体	実績		当期純利益	NetIncome	11889000000	JPY	11,889	CurrentYearDuration_NonConsolidatedMember_ResultMember	/disc/18790/081220170510464266_tse-acedjpsm-18790-20170510464266-ixbrl.htm
2017-05-11	年次	当期	単体	実績		当期純利益の増減率	ChangeInNetIncome	0.610	Pure	61.0	CurrentYearDuration_NonConsolidatedMember_ResultMember	/disc/18790/081220170510464266_tse-acedjpsm-18790-20170510464266-ixbrl.htm
2017-05-11	年次	前期	単体	実績		売上高	NetSales	66614000000	JPY	66,614	PriorYearDuration_NonConsolidatedMember_ResultMember	/disc/18790/081220170510464266_tse-acedjpsm-18790-20170510464266-ixbrl.htm
2017-05-11	年次	前期	単体	実績		売上高の増減率	ChangeInNetSales	0.137	Pure	13.7	PriorYearDuration_NonConsolidatedMember_ResultMember	/disc/18790/081220170510464266_tse-acedjpsm-18790-20170510464266-ixbrl.htm
2017-05-11	年次	前期	単体	実績		営業利益	OperatingIncome	10653000000	JPY	10,653	PriorYearDuration_NonConsolidatedMember_ResultMember	/disc/18790/081220170510464266_tse-acedjpsm-18790-20170510464266-ixbrl.htm
2017-05-11	年次	前期	単体	実績		営業利益の増減率	ChangeInOperatingIncome	0.476	Pure	47.6	PriorYearDuration_NonConsolidatedMember_ResultMember	/disc/18790/081220170510464266_tse-acedjpsm-18790-20170510464266-ixbrl.htm
2017-05-11	年次	前期	単体	実績		経常利益	OrdinaryIncome	11039000000	JPY	11,039	PriorYearDuration_NonConsolidatedMember_ResultMember	/disc/18790/081220170510464266_tse-acedjpsm-18790-20170510464266-ixbrl.htm
2017-05-11	年次	前期	単体	実績		経常利益の増減率	ChangeInOrdinaryIncome	0.444	Pure	44.4	PriorYearDuration_NonConsolidatedMember_ResultMember	/disc/18790/081220170510464266_tse-acedjpsm-18790-20170510464266-ixbrl.htm
2017-05-11	年次	前期	単体	実績		当期純利益	NetIncome	7385000000	JPY	7,385	PriorYearDuration_NonConsolidatedMember_ResultMember	/disc/18790/081220170510464266_tse-acedjpsm-18790-20170510464266-ixbrl.htm
2017-05-11	年次	前期	単体	実績		当期純利益の増減率	ChangeInNetIncome	0.523	Pure	52.3	PriorYearDuration_NonConsolidatedMember_ResultMember	/disc/18790/081220170510464266_tse-acedjpsm-18790-20170510464266-ixbrl.htm
2017-05-11	年次	当期	単体	実績		1株当たり当期純利益	NetIncomePerShare	203.36	JPYPerShares	203.36	CurrentYearDuration_NonConsolidatedMember_ResultMember	/disc/18790/081220170510464266_tse-acedjpsm-18790-20170510464266-ixbrl.htm
2017-05-11	年次	前期	単体	実績		1株当たり当期純利益	NetIncomePerShare	126.34	JPYPerShares	126.34	PriorYearDuration_NonConsolidatedMember_ResultMember	/disc/18790/081220170510464266_tse-acedjpsm-18790-20170510464266-ixbrl.htm
2017-05-11	年次	当期	単体	実績		総資産	TotalAssets	80027000000	JPY	80,027	CurrentYearInstant_NonConsolidatedMember_ResultMember	/disc/18790/081220170510464266_tse-acedjpsm-18790-20170510464266-ixbrl.htm
2017-05-11	年次	当期	単体	実績		純資産	NetAssets	43755000000	JPY	43,755	CurrentYearInstant_NonConsolidatedMember_ResultMember	/disc/18790/081220170510464266_tse-acedjpsm-18790-20170510464266-ixbrl.htm
2017-05-11	年次	当期	単体	実績		自己資本比率	CapitalAdequacyRatio	0.547	Pure	54.7	CurrentYearInstant_NonConsolidatedMember_ResultMember	/disc/18790/081220170510464266_tse-acedjpsm-18790-20170510464266-ixbrl.htm
2017-05-11	年次	当期	単体	実績		1株当たり純資産	NetAssetsPerShare	748.45	JPYPerShares	748.45	CurrentYearInstant_NonConsolidatedMember_ResultMember	/disc/18790/081220170510464266_tse-acedjpsm-18790-20170510464266-ixbrl.htm
2017-05-11	年次	前期	単体	実績		総資産	TotalAssets	70453000000	JPY	70,453	PriorYearInstant_NonConsolidatedMember_ResultMember	/disc/18790/081220170510464266_tse-acedjpsm-18790-20170510464266-ixbrl.htm
2017-05-11	年次	前期	単体	実績		純資産	NetAssets	32711000000	JPY	32,711	PriorYearInstant_NonConsolidatedMember_ResultMember	/disc/18790/081220170510464266_tse-acedjpsm-18790-20170510464266-ixbrl.htm
2017-05-11	年次	前期	単体	実績		自己資本比率	CapitalAdequacyRatio	0.464	Pure	46.4	PriorYearInstant_NonConsolidatedMember_ResultMember	/disc/18790/081220170510464266_tse-acedjpsm-18790-20170510464266-ixbrl.htm
2017-05-11	年次	前期	単体	実績		1株当たり純資産	NetAssetsPerShare	559.53	JPYPerShares	559.53	PriorYearInstant_NonConsolidatedMember_ResultMember	/disc/18790/081220170510464266_tse-acedjpsm-18790-20170510464266-ixbrl.htm
2017-05-11	年次	当期	単体	実績		自己資本	OwnersEquity	43755000000	JPY	43,755	CurrentYearInstant_NonConsolidatedMember_ResultMember	/disc/18790/081220170510464266_tse-acedjpsm-18790-20170510464266-ixbrl.htm
2017-05-11	年次	前期	単体	実績		自己資本	OwnersEquity	32711000000	JPY	32,711	PriorYearInstant_NonConsolidatedMember_ResultMember	/disc/18790/081220170510464266_tse-acedjpsm-18790-20170510464266-ixbrl.htm
2017-05-11	年次	来期	単体	予想		業績予想の見出し	TitleForForecasts			2. 平成30年 3月期の個別業績予想（平成29年 4月 1日～平成30年 3月31日）	NextYearDuration_NonConsolidatedMember_ForecastMember	/disc/18790/081220170510464266_tse-acedjpsm-18790-20170510464266-ixbrl.htm
2017-05-11	年次	来期	単体	予想		売上高	NetSales	82000000000	JPY	82,000	NextYearDuration_NonConsolidatedMember_ForecastMember	/disc/18790/081220170510464266_tse-acedjpsm-18790-20170510464266-ixbrl.htm
2017-05-11	年次	来期	単体	予想		売上高の増減率	ChangeInNetSales	0.080	Pure	8.0	NextYearDuration_NonConsolidatedMember_ForecastMember	/disc/18790/081220170510464266_tse-acedjpsm-18790-20170510464266-ixbrl.htm
2017-05-11	年次	来期	単体	予想		経常利益	OrdinaryIncome	11800000000	JPY	11,800	NextYearDuration_NonConsolidatedMember_ForecastMember	/disc/18790/081220170510464266_tse-acedjpsm-18790-20170510464266-ixbrl.htm
2017-05-11	年次	来期	単体	予想		経常利益の増減率	ChangeInOrdinaryIncome	-0.078	Pure	7.8	NextYearDuration_NonConsolidatedMember_ForecastMember	/disc/18790/081220170510464266_tse-acedjpsm-18790-20170510464266-ixbrl.htm
2017-05-11	年次	来期	単体	予想		当期純利益	NetIncome	8300000000	JPY	8,300	NextYearDuration_NonConsolidatedMember_ForecastMember	/disc/18790/081220170510464266_tse-acedjpsm-18790-20170510464266-ixbrl.htm
2017-05-11	年次	来期	単体	予想		当期純利益の増減率	ChangeInNetIncome	-0.302	Pure	30.2	NextYearDuration_NonConsolidatedMember_ForecastMember	/disc/18790/081220170510464266_tse-acedjpsm-18790-20170510464266-ixbrl.htm
2017-05-11	年次	来期	単体	予想		1株当たり当期純利益	NetIncomePerShare	141.97	JPYPerShares	141.97	NextYearDuration_NonConsolidatedMember_ForecastMember	/disc/18790/081220170510464266_tse-acedjpsm-18790-20170510464266-ixbrl.htm
2017-05-11	年次	来期				将来情報の利用に関する注意	NotesForUsingForecastedInformationAndOthers			本資料に掲載されている業績予想等の将来に関する記述は、発表日現在で当社が入手可能な情報及び合理的であると判断する一定の前提に基づいて作成したものであります。実際の業績は今後様々な要因によって予想値と異なる場合があります。なお、上記予想については、添付資料P.3「１．経営成績等の概況（4）今後の見通し」をご覧ください。	NextYearDuration	/disc/18790/081220170510464266_tse-acedjpsm-18790-20170510464266-ixbrl.htm
2017-05-11	年次	当期				決算期末	FiscalYearEnd			2017-03-31	CurrentYearInstant	/disc/18790/081220170510464266_tse-acedjpsm-18790-20170510464266-ixbrl.htm
2017-08-09	四半期	当期第1四半期累計				書類名	DocumentName			第1四半期決算短信〔日本基準〕（連結）	CurrentAccumulatedQ1Instant	/disc/18790/081220170807450035_tse-qcedjpsm-18790-20170807450035-ixbrl.htm
2017-08-09	四半期	当期第1四半期累計				提出日	FilingDate			平成29年8月9日	CurrentAccumulatedQ1Instant	/disc/18790/081220170807450035_tse-qcedjpsm-18790-20170807450035-ixbrl.htm
2017-08-09	四半期	当期第1四半期累計				会社名	CompanyName			新日本建設株式会社	CurrentAccumulatedQ1Instant	/disc/18790/081220170807450035_tse-qcedjpsm-18790-20170807450035-ixbrl.htm
2017-08-09	四半期	当期第1四半期累計					TokyoStockExchange			東	CurrentAccumulatedQ1Instant	/disc/18790/081220170807450035_tse-qcedjpsm-18790-20170807450035-ixbrl.htm
2017-08-09	四半期	当期第1四半期累計				証券コード	SecuritiesCode			18790	CurrentAccumulatedQ1Instant	/disc/18790/081220170807450035_tse-qcedjpsm-18790-20170807450035-ixbrl.htm
2017-08-09	四半期	当期第1四半期累計				URL	URL			http://www.shinnihon-c.co.jp/	CurrentAccumulatedQ1Instant	/disc/18790/081220170807450035_tse-qcedjpsm-18790-20170807450035-ixbrl.htm
2017-08-09	四半期	当期第1四半期累計				代表者の役職	TitleRepresentative			代表取締役社長	CurrentAccumulatedQ1Instant	/disc/18790/081220170807450035_tse-qcedjpsm-18790-20170807450035-ixbrl.htm
2017-08-09	四半期	当期第1四半期累計				代表者名	NameRepresentative			高見 克司	CurrentAccumulatedQ1Instant	/disc/18790/081220170807450035_tse-qcedjpsm-18790-20170807450035-ixbrl.htm
2017-08-09	四半期	当期第1四半期累計					TitleInquiries			取締役常務執行役員管理本部長	CurrentAccumulatedQ1Instant	/disc/18790/081220170807450035_tse-qcedjpsm-18790-20170807450035-ixbrl.htm
2017-08-09	四半期	当期第1四半期累計					NameInquiries			高橋 苗樹	CurrentAccumulatedQ1Instant	/disc/18790/081220170807450035_tse-qcedjpsm-18790-20170807450035-ixbrl.htm
2017-08-09	四半期	当期第1四半期累計					Tel			043-213-1111	CurrentAccumulatedQ1Instant	/disc/18790/081220170807450035_tse-qcedjpsm-18790-20170807450035-ixbrl.htm
2017-08-09	四半期	当期第1四半期累計					QuarterlyStatementFilingDateAsPlanned			平成29年8月9日	CurrentAccumulatedQ1Instant	/disc/18790/081220170807450035_tse-qcedjpsm-18790-20170807450035-ixbrl.htm
2017-08-09	四半期	当期第1四半期累計					SupplementalMaterialOfQuarterlyResults			無	CurrentAccumulatedQ1Instant	/disc/18790/081220170807450035_tse-qcedjpsm-18790-20170807450035-ixbrl.htm
2017-08-09	四半期	当期第1四半期累計					ConveningBriefingOfQuarterlyResults			無	CurrentAccumulatedQ1Instant	/disc/18790/081220170807450035_tse-qcedjpsm-18790-20170807450035-ixbrl.htm
2017-08-09	四半期	当期第1四半期累計					NoteToFractionProcessingMethod			（百万円未満切捨て）	CurrentAccumulatedQ1Instant	/disc/18790/081220170807450035_tse-qcedjpsm-18790-20170807450035-ixbrl.htm
2017-08-09	四半期	当期第1四半期累計	連結	実績		売上高	NetSales	16663000000	JPY	16,663	CurrentAccumulatedQ1Duration_ConsolidatedMember_ResultMember	/disc/18790/081220170807450035_tse-qcedjpsm-18790-20170807450035-ixbrl.htm
2017-08-09	四半期	当期第1四半期累計	連結	実績		売上高の増減率	ChangeInNetSales	0.066	Pure	6.6	CurrentAccumulatedQ1Duration_ConsolidatedMember_ResultMember	/disc/18790/081220170807450035_tse-qcedjpsm-18790-20170807450035-ixbrl.htm
2017-08-09	四半期	当期第1四半期累計	連結	実績		営業利益	OperatingIncome	2147000000	JPY	2,147	CurrentAccumulatedQ1Duration_ConsolidatedMember_ResultMember	/disc/18790/081220170807450035_tse-qcedjpsm-18790-20170807450035-ixbrl.htm
2017-08-09	四半期	当期第1四半期累計	連結	実績		営業利益の増減率	ChangeInOperatingIncome	-0.060	Pure	6.0	CurrentAccumulatedQ1Duration_ConsolidatedMember_ResultMember	/disc/18790/081220170807450035_tse-qcedjpsm-18790-20170807450035-ixbrl.htm
2017-08-09	四半期	当期第1四半期累計	連結	実績		経常利益	OrdinaryIncome	2110000000	JPY	2,110	CurrentAccumulatedQ1Duration_ConsolidatedMember_ResultMember	/disc/18790/081220170807450035_tse-qcedjpsm-18790-20170807450035-ixbrl.htm
2017-08-09	四半期	当期第1四半期累計	連結	実績		経常利益の増減率	ChangeInOrdinaryIncome	0.009	Pure	0.9	CurrentAccumulatedQ1Duration_ConsolidatedMember_ResultMember	/disc/18790/081220170807450035_tse-qcedjpsm-18790-20170807450035-ixbrl.htm
2017-08-09	四半期	当期第1四半期累計	連結	実績		親会社株主に帰属する当期純利益	ProfitAttributableToOwnersOfParent	1450000000	JPY	1,450	CurrentAccumulatedQ1Duration_ConsolidatedMember_ResultMember	/disc/18790/081220170807450035_tse-qcedjpsm-18790-20170807450035-ixbrl.htm
2017-08-09	四半期	当期第1四半期累計	連結	実績		親会社株主に帰属する当期純利益の増減率	ChangeInProfitAttributableToOwnersOfParent	-0.753	Pure	75.3	CurrentAccumulatedQ1Duration_ConsolidatedMember_ResultMember	/disc/18790/081220170807450035_tse-qcedjpsm-18790-20170807450035-ixbrl.htm
2017-08-09	四半期	前期第1四半期累計	連結	実績		売上高	NetSales	15632000000	JPY	15,632	PriorAccumulatedQ1Duration_ConsolidatedMember_ResultMember	/disc/18790/081220170807450035_tse-qcedjpsm-18790-20170807450035-ixbrl.htm
2017-08-09	四半期	前期第1四半期累計	連結	実績		売上高の増減率	ChangeInNetSales	0.294	Pure	29.4	PriorAccumulatedQ1Duration_ConsolidatedMember_ResultMember	/disc/18790/081220170807450035_tse-qcedjpsm-18790-20170807450035-ixbrl.htm
2017-08-09	四半期	前期第1四半期累計	連結	実績		営業利益	OperatingIncome	2283000000	JPY	2,283	PriorAccumulatedQ1Duration_ConsolidatedMember_ResultMember	/disc/18790/081220170807450035_tse-qcedjpsm-18790-20170807450035-ixbrl.htm
2017-08-09	四半期	前期第1四半期累計	連結	実績		営業利益の増減率	ChangeInOperatingIncome	2.064	Pure	206.4	PriorAccumulatedQ1Duration_ConsolidatedMember_ResultMember	/disc/18790/081220170807450035_tse-qcedjpsm-18790-20170807450035-ixbrl.htm
2017-08-09	四半期	前期第1四半期累計	連結	実績		経常利益	OrdinaryIncome	2092000000	JPY	2,092	PriorAccumulatedQ1Duration_ConsolidatedMember_ResultMember	/disc/18790/081220170807450035_tse-qcedjpsm-18790-20170807450035-ixbrl.htm
2017-08-09	四半期	前期第1四半期累計	連結	実績		経常利益の増減率	ChangeInOrdinaryIncome	2.032	Pure	203.2	PriorAccumulatedQ1Duration_ConsolidatedMember_ResultMember	/disc/18790/081220170807450035_tse-qcedjpsm-18790-20170807450035-ixbrl.htm
2017-08-09	四半期	前期第1四半期累計	連結	実績		親会社株主に帰属する当期純利益	ProfitAttributableToOwnersOfParent	5876000000	JPY	5,876	PriorAccumulatedQ1Duration_ConsolidatedMember_ResultMember	/disc/18790/081220170807450035_tse-qcedjpsm-18790-20170807450035-ixbrl.htm
2017-08-09	四半期	当期第1四半期累計	連結	実績		包括利益	ComprehensiveIncome	1490000000	JPY	1,490	CurrentAccumulatedQ1Duration_ConsolidatedMember_ResultMember	/disc/18790/081220170807450035_tse-qcedjpsm-18790-20170807450035-ixbrl.htm
2017-08-09	四半期	当期第1四半期累計	連結	実績		包括利益の増減率	ChangeInComprehensiveIncome	-0.733	Pure	73.3	CurrentAccumulatedQ1Duration_ConsolidatedMember_ResultMember	/disc/18790/081220170807450035_tse-qcedjpsm-18790-20170807450035-ixbrl.htm
2017-08-09	四半期	前期第1四半期累計	連結	実績		包括利益	ComprehensiveIncome	5580000000	JPY	5,580	PriorAccumulatedQ1Duration_ConsolidatedMember_ResultMember	/disc/18790/081220170807450035_tse-qcedjpsm-18790-20170807450035-ixbrl.htm
2017-08-09	四半期	前期第1四半期累計	連結	実績		包括利益の増減率	ChangeInComprehensiveIncome	9.593	Pure	959.3	PriorAccumulatedQ1Duration_ConsolidatedMember_ResultMember	/disc/18790/081220170807450035_tse-qcedjpsm-18790-20170807450035-ixbrl.htm
2017-08-09	四半期	当期第1四半期累計	連結	実績		1株当たり当期純利益	NetIncomePerShare	24.80	JPYPerShares	24.80	CurrentAccumulatedQ1Duration_ConsolidatedMember_ResultMember	/disc/18790/081220170807450035_tse-qcedjpsm-18790-20170807450035-ixbrl.htm
2017-08-09	四半期	前期第1四半期累計	連結	実績		1株当たり当期純利益	NetIncomePerShare	100.51	JPYPerShares	100.51	PriorAccumulatedQ1Duration_ConsolidatedMember_ResultMember	/disc/18790/081220170807450035_tse-qcedjpsm-18790-20170807450035-ixbrl.htm
2017-08-09	四半期	当期第1四半期累計	連結	実績		総資産	TotalAssets	90679000000	JPY	90,679	CurrentAccumulatedQ1Instant_ConsolidatedMember_ResultMember	/disc/18790/081220170807450035_tse-qcedjpsm-18790-20170807450035-ixbrl.htm
2017-08-09	四半期	当期第1四半期累計	連結	実績		純資産	NetAssets	48350000000	JPY	48,350	CurrentAccumulatedQ1Instant_ConsolidatedMember_ResultMember	/disc/18790/081220170807450035_tse-qcedjpsm-18790-20170807450035-ixbrl.htm
2017-08-09	四半期	当期第1四半期累計	連結	実績		自己資本比率	CapitalAdequacyRatio	0.533	Pure	53.3	CurrentAccumulatedQ1Instant_ConsolidatedMember_ResultMember	/disc/18790/081220170807450035_tse-qcedjpsm-18790-20170807450035-ixbrl.htm
2017-08-09	四半期	前期	連結	実績		総資産	TotalAssets	93492000000	JPY	93,492	PriorYearInstant_ConsolidatedMember_ResultMember	/disc/18790/081220170807450035_tse-qcedjpsm-18790-20170807450035-ixbrl.htm
2017-08-09	四半期	前期	連結	実績		純資産	NetAssets	47445000000	JPY	47,445	PriorYearInstant_ConsolidatedMember_ResultMember	/disc/18790/081220170807450035_tse-qcedjpsm-18790-20170807450035-ixbrl.htm
2017-08-09	四半期	前期	連結	実績		自己資本比率	CapitalAdequacyRatio	0.507	Pure	50.7	PriorYearInstant_ConsolidatedMember_ResultMember	/disc/18790/081220170807450035_tse-qcedjpsm-18790-20170807450035-ixbrl.htm
2017-08-09	四半期	当期第1四半期累計	連結	実績		自己資本	OwnersEquity	48344000000	JPY	48,344	CurrentAccumulatedQ1Instant_ConsolidatedMember_ResultMember	/disc/18790/081220170807450035_tse-qcedjpsm-18790-20170807450035-ixbrl.htm
2017-08-09	四半期	前期	連結	実績		自己資本	OwnersEquity	47414000000	JPY	47,414	PriorYearInstant_ConsolidatedMember_ResultMember	/disc/18790/081220170807450035_tse-qcedjpsm-18790-20170807450035-ixbrl.htm
2017-08-09	四半期	前期	単体	実績	第2四半期末	1株当たり配当金	DividendPerShare	6.00	JPYPerShares	6.00	PriorYearDuration_SecondQuarterMember_NonConsolidatedMember_ResultMember	/disc/18790/081220170807450035_tse-qcedjpsm-18790-20170807450035-ixbrl.htm
2017-08-09	四半期	前期	単体	実績	期末	1株当たり配当金	DividendPerShare	10.00	JPYPerShares	10.00	PriorYearDuration_YearEndMember_NonConsolidatedMember_ResultMember	/disc/18790/081220170807450035_tse-qcedjpsm-18790-20170807450035-ixbrl.htm
2017-08-09	四半期	前期	単体	実績	合計	1株当たり配当金	DividendPerShare	16.00	JPYPerShares	16.00	PriorYearDuration_AnnualMember_NonConsolidatedMember_ResultMember	/disc/18790/081220170807450035_tse-qcedjpsm-18790-20170807450035-ixbrl.htm
2017-08-09	四半期	当期	単体	予想	第2四半期末	1株当たり配当金	DividendPerShare	9.00	JPYPerShares	9.00	CurrentYearDuration_SecondQuarterMember_NonConsolidatedMember_ForecastMember	/disc/18790/081220170807450035_tse-qcedjpsm-18790-20170807450035-ixbrl.htm
2017-08-09	四半期	当期	単体	予想	期末	1株当たり配当金	DividendPerShare	8.00	JPYPerShares	8.00	CurrentYearDuration_YearEndMember_NonConsolidatedMember_ForecastMember	/disc/18790/081220170807450035_tse-qcedjpsm-18790-20170807450035-ixbrl.htm
2017-08-09	四半期	当期	単体	予想	合計	1株当たり配当金	DividendPerShare	17.00	JPYPerShares	17.00	CurrentYearDuration_AnnualMember_NonConsolidatedMember_ForecastMember	/disc/18790/081220170807450035_tse-qcedjpsm-18790-20170807450035-ixbrl.htm
2017-08-09	四半期	当期	単体	実績	合計	当四半期における配当予想の修正	CorrectionOfDividendForecastInThisQuarter			無	CurrentYearDuration_AnnualMember_NonConsolidatedMember_ResultMember	/disc/18790/081220170807450035_tse-qcedjpsm-18790-20170807450035-ixbrl.htm
2017-08-09	四半期	当期	連結	予想		業績予想の見出し	TitleForForecasts			3. 平成30年 3月期の連結業績予想（平成29年 4月 1日～平成30年 3月31日）	CurrentYearDuration_ConsolidatedMember_ForecastMember	/disc/18790/081220170807450035_tse-qcedjpsm-18790-20170807450035-ixbrl.htm
2017-08-09	四半期	当期	連結	予想		売上高	NetSales	93500000000	JPY	93,500	CurrentYearDuration_ConsolidatedMember_ForecastMember	/disc/18790/081220170807450035_tse-qcedjpsm-18790-20170807450035-ixbrl.htm
2017-08-09	四半期	当期	連結	予想		売上高の増減率	ChangeInNetSales	0.076	Pure	7.6	CurrentYearDuration_ConsolidatedMember_ForecastMember	/disc/18790/081220170807450035_tse-qcedjpsm-18790-20170807450035-ixbrl.htm
2017-08-09	四半期	当期	連結	予想		営業利益	OperatingIncome	12600000000	JPY	12,600	CurrentYearDuration_ConsolidatedMember_ForecastMember	/disc/18790/081220170807450035_tse-qcedjpsm-18790-20170807450035-ixbrl.htm
2017-08-09	四半期	当期	連結	予想		営業利益の増減率	ChangeInOperatingIncome	0.026	Pure	2.6	CurrentYearDuration_ConsolidatedMember_ForecastMember	/disc/18790/081220170807450035_tse-qcedjpsm-18790-20170807450035-ixbrl.htm
2017-08-09	四半期	当期	連結	予想		経常利益	OrdinaryIncome	12400000000	JPY	12,400	CurrentYearDuration_ConsolidatedMember_ForecastMember	/disc/18790/081220170807450035_tse-qcedjpsm-18790-20170807450035-ixbrl.htm
2017-08-09	四半期	当期	連結	予想		経常利益の増減率	ChangeInOrdinaryIncome	0.036	Pure	3.6	CurrentYearDuration_ConsolidatedMember_ForecastMember	/disc/18790/081220170807450035_tse-qcedjpsm-18790-20170807450035-ixbrl.htm
2017-08-09	四半期	当期	連結	予想		親会社株主に帰属する当期純利益	ProfitAttributableToOwnersOfParent	8500000000	JPY	8,500	CurrentYearDuration_ConsolidatedMember_ForecastMember	/disc/18790/081220170807450035_tse-qcedjpsm-18790-20170807450035-ixbrl.htm
2017-08-09	四半期	当期	連結	予想		親会社株主に帰属する当期純利益の増減率	ChangeInProfitAttributableToOwnersOfParent	-0.331	Pure	33.1	CurrentYearDuration_ConsolidatedMember_ForecastMember	/disc/18790/081220170807450035_tse-qcedjpsm-18790-20170807450035-ixbrl.htm
2017-08-09	四半期	当期	連結	予想		1株当たり当期純利益	NetIncomePerShare	145.39	JPYPerShares	145.39	CurrentYearDuration_ConsolidatedMember_ForecastMember	/disc/18790/081220170807450035_tse-qcedjpsm-18790-20170807450035-ixbrl.htm
2017-08-09	四半期	当期	連結	予想		当四半期における業績予想の修正	CorrectionOfConsolidatedFinancialForecastInThisQuarter			無	CurrentYearDuration_ConsolidatedMember_ForecastMember	/disc/18790/081220170807450035_tse-qcedjpsm-18790-20170807450035-ixbrl.htm
2017-08-09	四半期	当期第1四半期累計	連結	実績			MaterialChangesInSubsidiariesDuringThisPeriodChangesInScopeOfConsolidationsResultingFromChangeIsSubsidiaries			無	CurrentAccumulatedQ1Duration_ConsolidatedMember_ResultMember	/disc/18790/081220170807450035_tse-qcedjpsm-18790-20170807450035-ixbrl.htm
2017-08-09	四半期	当期第1四半期累計	連結	実績			ApplyingOfSpecificAccountingOfTheConsolidatedQuarterlyFinancialStatements			無	CurrentAccumulatedQ1Duration_ConsolidatedMember_ResultMember	/disc/18790/081220170807450035_tse-qcedjpsm-18790-20170807450035-ixbrl.htm
2017-08-09	四半期	当期第1四半期累計	連結	実績		会計基準等の改正に伴う変更	ChangesBasedOnRevisionsOfAccountingStandard			無	CurrentAccumulatedQ1Duration_ConsolidatedMember_ResultMember	/disc/18790/081220170807450035_tse-qcedjpsm-18790-20170807450035-ixbrl.htm
2017-08-09	四半期	当期第1四半期累計	連結	実績		それ以外の会計方針の変更	ChangesOtherThanOnesBasedOnRevisionsOfAccountingStandard			無	CurrentAccumulatedQ1Duration_ConsolidatedMember_ResultMember	/disc/18790/081220170807450035_tse-qcedjpsm-18790-20170807450035-ixbrl.htm
2017-08-09	四半期	当期第1四半期累計	連結	実績		会計上の見積りの変更	ChangesInAccountingEstimates			無	CurrentAccumulatedQ1Duration_ConsolidatedMember_ResultMember	/disc/18790/081220170807450035_tse-qcedjpsm-18790-20170807450035-ixbrl.htm
2017-08-09	四半期	当期第1四半期累計	連結	実績		修正再表示	RetrospectiveRestatement			無	CurrentAccumulatedQ1Duration_ConsolidatedMember_ResultMember	/disc/18790/081220170807450035_tse-qcedjpsm-18790-20170807450035-ixbrl.htm
2017-08-09	四半期	当期第1四半期累計	単体	実績		期末発行済株式数(自己株式を含む)	NumberOfIssuedAndOutstandingSharesAtTheEndOfFiscalYearIncludingTreasuryStock	61360720	Shares	61,360,720	CurrentAccumulatedQ1Instant_NonConsolidatedMember_ResultMember	/disc/18790/081220170807450035_tse-qcedjpsm-18790-20170807450035-ixbrl.htm
2017-08-09	四半期	前期	単体	実績		期末発行済株式数(自己株式を含む)	NumberOfIssuedAndOutstandingSharesAtTheEndOfFiscalYearIncludingTreasuryStock	61360720	Shares	61,360,720	PriorYearInstant_NonConsolidatedMember_ResultMember	/disc/18790/081220170807450035_tse-qcedjpsm-18790-20170807450035-ixbrl.htm
2017-08-09	四半期	当期第1四半期累計	単体	実績		期末自己株式数	NumberOfTreasuryStockAtTheEndOfFiscalYear	2898846	Shares	2,898,846	CurrentAccumulatedQ1Instant_NonConsolidatedMember_ResultMember	/disc/18790/081220170807450035_tse-qcedjpsm-18790-20170807450035-ixbrl.htm
2017-08-09	四半期	前期	単体	実績		期末自己株式数	NumberOfTreasuryStockAtTheEndOfFiscalYear	2898806	Shares	2,898,806	PriorYearInstant_NonConsolidatedMember_ResultMember	/disc/18790/081220170807450035_tse-qcedjpsm-18790-20170807450035-ixbrl.htm
2017-08-09	四半期	当期第1四半期累計	単体	実績		期中平均株式数	AverageNumberOfShares	58461907	Shares	58,461,907	CurrentAccumulatedQ1Duration_NonConsolidatedMember_ResultMember	/disc/18790/081220170807450035_tse-qcedjpsm-18790-20170807450035-ixbrl.htm
2017-08-09	四半期	前期第1四半期累計	単体	実績		期中平均株式数	AverageNumberOfShares	58462536	Shares	58,462,536	PriorAccumulatedQ1Duration_NonConsolidatedMember_ResultMember	/disc/18790/081220170807450035_tse-qcedjpsm-18790-20170807450035-ixbrl.htm
2017-08-09	四半期	当期				将来情報の利用に関する注意	NotesForUsingForecastedInformationAndOthers			本資料に記載されている業績見通し等の将来に関する記述は、当社が現在入手している情報及び合理的であると判断する一定の前提に基づいており、その達成を当社として約束する趣旨のものではありません。また、実際の業績等は様々な要因により大きく異なる可能性があります。	CurrentYearDuration	/disc/18790/081220170807450035_tse-qcedjpsm-18790-20170807450035-ixbrl.htm
2017-08-09	四半期	当期				決算期末	FiscalYearEnd			2018-03-31	CurrentYearInstant	/disc/18790/081220170807450035_tse-qcedjpsm-18790-20170807450035-ixbrl.htm
2017-08-09	四半期	当期第1四半期累計				四半期	QuarterlyPeriod	1	Pure	1	CurrentAccumulatedQ1Instant	/disc/18790/081220170807450035_tse-qcedjpsm-18790-20170807450035-ixbrl.htm
2017-11-09	四半期	当期第2四半期累計				書類名	DocumentName			第2四半期決算短信〔日本基準〕（連結）	CurrentAccumulatedQ2Instant	/disc/18790/081220171107411130_tse-qcedjpsm-18790-20171107411130-ixbrl.htm
2017-11-09	四半期	当期第2四半期累計				提出日	FilingDate			平成29年11月9日	CurrentAccumulatedQ2Instant	/disc/18790/081220171107411130_tse-qcedjpsm-18790-20171107411130-ixbrl.htm
2017-11-09	四半期	当期第2四半期累計				会社名	CompanyName			新日本建設株式会社	CurrentAccumulatedQ2Instant	/disc/18790/081220171107411130_tse-qcedjpsm-18790-20171107411130-ixbrl.htm
2017-11-09	四半期	当期第2四半期累計					TokyoStockExchange			東	CurrentAccumulatedQ2Instant	/disc/18790/081220171107411130_tse-qcedjpsm-18790-20171107411130-ixbrl.htm
2017-11-09	四半期	当期第2四半期累計				証券コード	SecuritiesCode			18790	CurrentAccumulatedQ2Instant	/disc/18790/081220171107411130_tse-qcedjpsm-18790-20171107411130-ixbrl.htm
2017-11-09	四半期	当期第2四半期累計				URL	URL			http://www.shinnihon-c.co.jp/	CurrentAccumulatedQ2Instant	/disc/18790/081220171107411130_tse-qcedjpsm-18790-20171107411130-ixbrl.htm
2017-11-09	四半期	当期第2四半期累計				代表者の役職	TitleRepresentative			代表取締役社長	CurrentAccumulatedQ2Instant	/disc/18790/081220171107411130_tse-qcedjpsm-18790-20171107411130-ixbrl.htm
2017-11-09	四半期	当期第2四半期累計				代表者名	NameRepresentative			高見 克司	CurrentAccumulatedQ2Instant	/disc/18790/081220171107411130_tse-qcedjpsm-18790-20171107411130-ixbrl.htm
2017-11-09	四半期	当期第2四半期累計					TitleInquiries			取締役常務執行役員管理本部長	CurrentAccumulatedQ2Instant	/disc/18790/081220171107411130_tse-qcedjpsm-18790-20171107411130-ixbrl.htm
2017-11-09	四半期	当期第2四半期累計					NameInquiries			高橋 苗樹	CurrentAccumulatedQ2Instant	/disc/18790/081220171107411130_tse-qcedjpsm-18790-20171107411130-ixbrl.htm
2017-11-09	四半期	当期第2四半期累計					Tel			043-213-1111	CurrentAccumulatedQ2Instant	/disc/18790/081220171107411130_tse-qcedjpsm-18790-20171107411130-ixbrl.htm
2017-11-09	四半期	当期第2四半期累計					QuarterlyStatementFilingDateAsPlanned			平成29年11月9日	CurrentAccumulatedQ2Instant	/disc/18790/081220171107411130_tse-qcedjpsm-18790-20171107411130-ixbrl.htm
2017-11-09	四半期	当期第2四半期累計					DividendPayableDateAsPlanned			平成29年12月1日	CurrentAccumulatedQ2Instant	/disc/18790/081220171107411130_tse-qcedjpsm-18790-20171107411130-ixbrl.htm
2017-11-09	四半期	当期第2四半期累計					SupplementalMaterialOfQuarterlyResults			無	CurrentAccumulatedQ2Instant	/disc/18790/081220171107411130_tse-qcedjpsm-18790-20171107411130-ixbrl.htm
2017-11-09	四半期	当期第2四半期累計					ConveningBriefingOfQuarterlyResults			無	CurrentAccumulatedQ2Instant	/disc/18790/081220171107411130_tse-qcedjpsm-18790-20171107411130-ixbrl.htm
2017-11-09	四半期	当期第2四半期累計					NoteToFractionProcessingMethod			（百万円未満切捨て）	CurrentAccumulatedQ2Instant	/disc/18790/081220171107411130_tse-qcedjpsm-18790-20171107411130-ixbrl.htm
2017-11-09	四半期	当期第2四半期累計	連結	実績		売上高	NetSales	34855000000	JPY	34,855	CurrentAccumulatedQ2Duration_ConsolidatedMember_ResultMember	/disc/18790/081220171107411130_tse-qcedjpsm-18790-20171107411130-ixbrl.htm
2017-11-09	四半期	当期第2四半期累計	連結	実績		売上高の増減率	ChangeInNetSales	-0.032	Pure	3.2	CurrentAccumulatedQ2Duration_ConsolidatedMember_ResultMember	/disc/18790/081220171107411130_tse-qcedjpsm-18790-20171107411130-ixbrl.htm
2017-11-09	四半期	当期第2四半期累計	連結	実績		営業利益	OperatingIncome	5327000000	JPY	5,327	CurrentAccumulatedQ2Duration_ConsolidatedMember_ResultMember	/disc/18790/081220171107411130_tse-qcedjpsm-18790-20171107411130-ixbrl.htm
2017-11-09	四半期	当期第2四半期累計	連結	実績		営業利益の増減率	ChangeInOperatingIncome	0.006	Pure	0.6	CurrentAccumulatedQ2Duration_ConsolidatedMember_ResultMember	/disc/18790/081220171107411130_tse-qcedjpsm-18790-20171107411130-ixbrl.htm
2017-11-09	四半期	当期第2四半期累計	連結	実績		経常利益	OrdinaryIncome	5284000000	JPY	5,284	CurrentAccumulatedQ2Duration_ConsolidatedMember_ResultMember	/disc/18790/081220171107411130_tse-qcedjpsm-18790-20171107411130-ixbrl.htm
2017-11-09	四半期	当期第2四半期累計	連結	実績		経常利益の増減率	ChangeInOrdinaryIncome	0.053	Pure	5.3	CurrentAccumulatedQ2Duration_ConsolidatedMember_ResultMember	/disc/18790/081220171107411130_tse-qcedjpsm-18790-20171107411130-ixbrl.htm
2017-11-09	四半期	当期第2四半期累計	連結	実績		親会社株主に帰属する当期純利益	ProfitAttributableToOwnersOfParent	3615000000	JPY	3,615	CurrentAccumulatedQ2Duration_ConsolidatedMember_ResultMember	/disc/18790/081220171107411130_tse-qcedjpsm-18790-20171107411130-ixbrl.htm
2017-11-09	四半期	当期第2四半期累計	連結	実績		親会社株主に帰属する当期純利益の増減率	ChangeInProfitAttributableToOwnersOfParent	-0.541	Pure	54.1	CurrentAccumulatedQ2Duration_ConsolidatedMember_ResultMember	/disc/18790/081220171107411130_tse-qcedjpsm-18790-20171107411130-ixbrl.htm
2017-11-09	四半期	前期第2四半期累計	連結	実績		売上高	NetSales	36008000000	JPY	36,008	PriorAccumulatedQ2Duration_ConsolidatedMember_ResultMember	/disc/18790/081220171107411130_tse-qcedjpsm-18790-20171107411130-ixbrl.htm
2017-11-09	四半期	前期第2四半期累計	連結	実績		売上高の増減率	ChangeInNetSales	0.139	Pure	13.9	PriorAccumulatedQ2Duration_ConsolidatedMember_ResultMember	/disc/18790/081220171107411130_tse-qcedjpsm-18790-20171107411130-ixbrl.htm
2017-11-09	四半期	前期第2四半期累計	連結	実績		営業利益	OperatingIncome	5294000000	JPY	5,294	PriorAccumulatedQ2Duration_ConsolidatedMember_ResultMember	/disc/18790/081220171107411130_tse-qcedjpsm-18790-20171107411130-ixbrl.htm
2017-11-09	四半期	前期第2四半期累計	連結	実績		営業利益の増減率	ChangeInOperatingIncome	0.457	Pure	45.7	PriorAccumulatedQ2Duration_ConsolidatedMember_ResultMember	/disc/18790/081220171107411130_tse-qcedjpsm-18790-20171107411130-ixbrl.htm
2017-11-09	四半期	前期第2四半期累計	連結	実績		経常利益	OrdinaryIncome	5021000000	JPY	5,021	PriorAccumulatedQ2Duration_ConsolidatedMember_ResultMember	/disc/18790/081220171107411130_tse-qcedjpsm-18790-20171107411130-ixbrl.htm
2017-11-09	四半期	前期第2四半期累計	連結	実績		経常利益の増減率	ChangeInOrdinaryIncome	0.451	Pure	45.1	PriorAccumulatedQ2Duration_ConsolidatedMember_ResultMember	/disc/18790/081220171107411130_tse-qcedjpsm-18790-20171107411130-ixbrl.htm
2017-11-09	四半期	前期第2四半期累計	連結	実績		親会社株主に帰属する当期純利益	ProfitAttributableToOwnersOfParent	7881000000	JPY	7,881	PriorAccumulatedQ2Duration_ConsolidatedMember_ResultMember	/disc/18790/081220171107411130_tse-qcedjpsm-18790-20171107411130-ixbrl.htm
2017-11-09	四半期	前期第2四半期累計	連結	実績		親会社株主に帰属する当期純利益の増減率	ChangeInProfitAttributableToOwnersOfParent	2.554	Pure	255.4	PriorAccumulatedQ2Duration_ConsolidatedMember_ResultMember	/disc/18790/081220171107411130_tse-qcedjpsm-18790-20171107411130-ixbrl.htm
2017-11-09	四半期	当期第2四半期累計	連結	実績		包括利益	ComprehensiveIncome	3652000000	JPY	3,652	CurrentAccumulatedQ2Duration_ConsolidatedMember_ResultMember	/disc/18790/081220171107411130_tse-qcedjpsm-18790-20171107411130-ixbrl.htm
2017-11-09	四半期	当期第2四半期累計	連結	実績		包括利益の増減率	ChangeInComprehensiveIncome	-0.519	Pure	51.9	CurrentAccumulatedQ2Duration_ConsolidatedMember_ResultMember	/disc/18790/081220171107411130_tse-qcedjpsm-18790-20171107411130-ixbrl.htm
2017-11-09	四半期	前期第2四半期累計	連結	実績		包括利益	ComprehensiveIncome	7592000000	JPY	7,592	PriorAccumulatedQ2Duration_ConsolidatedMember_ResultMember	/disc/18790/081220171107411130_tse-qcedjpsm-18790-20171107411130-ixbrl.htm
2017-11-09	四半期	前期第2四半期累計	連結	実績		包括利益の増減率	ChangeInComprehensiveIncome	2.620	Pure	262.0	PriorAccumulatedQ2Duration_ConsolidatedMember_ResultMember	/disc/18790/081220171107411130_tse-qcedjpsm-18790-20171107411130-ixbrl.htm
2017-11-09	四半期	当期第2四半期累計	連結	実績		1株当たり当期純利益	NetIncomePerShare	61.85	JPYPerShares	61.85	CurrentAccumulatedQ2Duration_ConsolidatedMember_ResultMember	/disc/18790/081220171107411130_tse-qcedjpsm-18790-20171107411130-ixbrl.htm
2017-11-09	四半期	前期第2四半期累計	連結	実績		1株当たり当期純利益	NetIncomePerShare	134.81	JPYPerShares	134.81	PriorAccumulatedQ2Duration_ConsolidatedMember_ResultMember	/disc/18790/081220171107411130_tse-qcedjpsm-18790-20171107411130-ixbrl.htm
2017-11-09	四半期	当期第2四半期累計	連結	実績		総資産	TotalAssets	92611000000	JPY	92,611	CurrentAccumulatedQ2Instant_ConsolidatedMember_ResultMember	/disc/18790/081220171107411130_tse-qcedjpsm-18790-20171107411130-ixbrl.htm
2017-11-09	四半期	当期第2四半期累計	連結	実績		純資産	NetAssets	50513000000	JPY	50,513	CurrentAccumulatedQ2Instant_ConsolidatedMember_ResultMember	/disc/18790/081220171107411130_tse-qcedjpsm-18790-20171107411130-ixbrl.htm
2017-11-09	四半期	当期第2四半期累計	連結	実績		自己資本比率	CapitalAdequacyRatio	0.545	Pure	54.5	CurrentAccumulatedQ2Instant_ConsolidatedMember_ResultMember	/disc/18790/081220171107411130_tse-qcedjpsm-18790-20171107411130-ixbrl.htm
2017-11-09	四半期	前期	連結	実績		総資産	TotalAssets	93492000000	JPY	93,492	PriorYearInstant_ConsolidatedMember_ResultMember	/disc/18790/081220171107411130_tse-qcedjpsm-18790-20171107411130-ixbrl.htm
2017-11-09	四半期	前期	連結	実績		純資産	NetAssets	47445000000	JPY	47,445	PriorYearInstant_ConsolidatedMember_ResultMember	/disc/18790/081220171107411130_tse-qcedjpsm-18790-20171107411130-ixbrl.htm
2017-11-09	四半期	前期	連結	実績		自己資本比率	CapitalAdequacyRatio	0.507	Pure	50.7	PriorYearInstant_ConsolidatedMember_ResultMember	/disc/18790/081220171107411130_tse-qcedjpsm-18790-20171107411130-ixbrl.htm
2017-11-09	四半期	当期第2四半期累計	連結	実績		自己資本	OwnersEquity	50512000000	JPY	50,512	CurrentAccumulatedQ2Instant_ConsolidatedMember_ResultMember	/disc/18790/081220171107411130_tse-qcedjpsm-18790-20171107411130-ixbrl.htm
2017-11-09	四半期	前期	連結	実績		自己資本	OwnersEquity	47414000000	JPY	47,414	PriorYearInstant_ConsolidatedMember_ResultMember	/disc/18790/081220171107411130_tse-qcedjpsm-18790-20171107411130-ixbrl.htm
2017-11-09	四半期	前期	単体	実績	第2四半期末	1株当たり配当金	DividendPerShare	6.00	JPYPerShares	6.00	PriorYearDuration_SecondQuarterMember_NonConsolidatedMember_ResultMember	/disc/18790/081220171107411130_tse-qcedjpsm-18790-20171107411130-ixbrl.htm
2017-11-09	四半期	前期	単体	実績	期末	1株当たり配当金	DividendPerShare	10.00	JPYPerShares	10.00	PriorYearDuration_YearEndMember_NonConsolidatedMember_ResultMember	/disc/18790/081220171107411130_tse-qcedjpsm-18790-20171107411130-ixbrl.htm
2017-11-09	四半期	前期	単体	実績	合計	1株当たり配当金	DividendPerShare	16.00	JPYPerShares	16.00	PriorYearDuration_AnnualMember_NonConsolidatedMember_ResultMember	/disc/18790/081220171107411130_tse-qcedjpsm-18790-20171107411130-ixbrl.htm
2017-11-09	四半期	当期	単体	実績	第2四半期末	1株当たり配当金	DividendPerShare	9.00	JPYPerShares	9.00	CurrentYearDuration_SecondQuarterMember_NonConsolidatedMember_ResultMember	/disc/18790/081220171107411130_tse-qcedjpsm-18790-20171107411130-ixbrl.htm
2017-11-09	四半期	当期	単体	予想	期末	1株当たり配当金	DividendPerShare	8.00	JPYPerShares	8.00	CurrentYearDuration_YearEndMember_NonConsolidatedMember_ForecastMember	/disc/18790/081220171107411130_tse-qcedjpsm-18790-20171107411130-ixbrl.htm
2017-11-09	四半期	当期	単体	予想	合計	1株当たり配当金	DividendPerShare	17.00	JPYPerShares	17.00	CurrentYearDuration_AnnualMember_NonConsolidatedMember_ForecastMember	/disc/18790/081220171107411130_tse-qcedjpsm-18790-20171107411130-ixbrl.htm
2017-11-09	四半期	当期	単体	実績	合計	当四半期における配当予想の修正	CorrectionOfDividendForecastInThisQuarter			無	CurrentYearDuration_AnnualMember_NonConsolidatedMember_ResultMember	/disc/18790/081220171107411130_tse-qcedjpsm-18790-20171107411130-ixbrl.htm
2017-11-09	四半期	当期	連結	予想		業績予想の見出し	TitleForForecasts			3. 平成30年 3月期の連結業績予想（平成29年 4月 1日～平成30年 3月31日）	CurrentYearDuration_ConsolidatedMember_ForecastMember	/disc/18790/081220171107411130_tse-qcedjpsm-18790-20171107411130-ixbrl.htm
2017-11-09	四半期	当期	連結	予想		売上高	NetSales	93500000000	JPY	93,500	CurrentYearDuration_ConsolidatedMember_ForecastMember	/disc/18790/081220171107411130_tse-qcedjpsm-18790-20171107411130-ixbrl.htm
2017-11-09	四半期	当期	連結	予想		売上高の増減率	ChangeInNetSales	0.076	Pure	7.6	CurrentYearDuration_ConsolidatedMember_ForecastMember	/disc/18790/081220171107411130_tse-qcedjpsm-18790-20171107411130-ixbrl.htm
2017-11-09	四半期	当期	連結	予想		営業利益	OperatingIncome	12600000000	JPY	12,600	CurrentYearDuration_ConsolidatedMember_ForecastMember	/disc/18790/081220171107411130_tse-qcedjpsm-18790-20171107411130-ixbrl.htm
2017-11-09	四半期	当期	連結	予想		営業利益の増減率	ChangeInOperatingIncome	0.026	Pure	2.6	CurrentYearDuration_ConsolidatedMember_ForecastMember	/disc/18790/081220171107411130_tse-qcedjpsm-18790-20171107411130-ixbrl.htm
2017-11-09	四半期	当期	連結	予想		経常利益	OrdinaryIncome	12400000000	JPY	12,400	CurrentYearDuration_ConsolidatedMember_ForecastMember	/disc/18790/081220171107411130_tse-qcedjpsm-18790-20171107411130-ixbrl.htm
2017-11-09	四半期	当期	連結	予想		経常利益の増減率	ChangeInOrdinaryIncome	0.036	Pure	3.6	CurrentYearDuration_ConsolidatedMember_ForecastMember	/disc/18790/081220171107411130_tse-qcedjpsm-18790-20171107411130-ixbrl.htm
2017-11-09	四半期	当期	連結	予想		親会社株主に帰属する当期純利益	ProfitAttributableToOwnersOfParent	8500000000	JPY	8,500	CurrentYearDuration_ConsolidatedMember_ForecastMember	/disc/18790/081220171107411130_tse-qcedjpsm-18790-20171107411130-ixbrl.htm
2017-11-09	四半期	当期	連結	予想		親会社株主に帰属する当期純利益の増減率	ChangeInProfitAttributableToOwnersOfParent	-0.331	Pure	33.1	CurrentYearDuration_ConsolidatedMember_ForecastMember	/disc/18790/081220171107411130_tse-qcedjpsm-18790-20171107411130-ixbrl.htm
2017-11-09	四半期	当期	連結	予想		1株当たり当期純利益	NetIncomePerShare	145.39	JPYPerShares	145.39	CurrentYearDuration_ConsolidatedMember_ForecastMember	/disc/18790/081220171107411130_tse-qcedjpsm-18790-20171107411130-ixbrl.htm
2017-11-09	四半期	当期	連結	予想		当四半期における業績予想の修正	CorrectionOfConsolidatedFinancialForecastInThisQuarter			無	CurrentYearDuration_ConsolidatedMember_ForecastMember	/disc/18790/081220171107411130_tse-qcedjpsm-18790-20171107411130-ixbrl.htm
2017-11-09	四半期	当期第2四半期累計	連結	実績			MaterialChangesInSubsidiariesDuringThisPeriodChangesInScopeOfConsolidationsResultingFromChangeIsSubsidiaries			無	CurrentAccumulatedQ2Duration_ConsolidatedMember_ResultMember	/disc/18790/081220171107411130_tse-qcedjpsm-18790-20171107411130-ixbrl.htm
2017-11-09	四半期	当期第2四半期累計	連結	実績			ApplyingOfSpecificAccountingOfTheConsolidatedQuarterlyFinancialStatements			無	CurrentAccumulatedQ2Duration_ConsolidatedMember_ResultMember	/disc/18790/081220171107411130_tse-qcedjpsm-18790-20171107411130-ixbrl.htm
2017-11-09	四半期	当期第2四半期累計	連結	実績		会計基準等の改正に伴う変更	ChangesBasedOnRevisionsOfAccountingStandard			無	CurrentAccumulatedQ2Duration_ConsolidatedMember_ResultMember	/disc/18790/081220171107411130_tse-qcedjpsm-18790-20171107411130-ixbrl.htm
2017-11-09	四半期	当期第2四半期累計	連結	実績		それ以外の会計方針の変更	ChangesOtherThanOnesBasedOnRevisionsOfAccountingStandard			無	CurrentAccumulatedQ2Duration_ConsolidatedMember_ResultMember	/disc/18790/081220171107411130_tse-qcedjpsm-18790-20171107411130-ixbrl.htm
2017-11-09	四半期	当期第2四半期累計	連結	実績		会計上の見積りの変更	ChangesInAccountingEstimates			無	CurrentAccumulatedQ2Duration_ConsolidatedMember_ResultMember	/disc/18790/081220171107411130_tse-qcedjpsm-18790-20171107411130-ixbrl.htm
2017-11-09	四半期	当期第2四半期累計	連結	実績		修正再表示	RetrospectiveRestatement			無	CurrentAccumulatedQ2Duration_ConsolidatedMember_ResultMember	/disc/18790/081220171107411130_tse-qcedjpsm-18790-20171107411130-ixbrl.htm
2017-11-09	四半期	当期第2四半期累計	単体	実績		期末発行済株式数(自己株式を含む)	NumberOfIssuedAndOutstandingSharesAtTheEndOfFiscalYearIncludingTreasuryStock	61360720	Shares	61,360,720	CurrentAccumulatedQ2Instant_NonConsolidatedMember_ResultMember	/disc/18790/081220171107411130_tse-qcedjpsm-18790-20171107411130-ixbrl.htm
2017-11-09	四半期	前期	単体	実績		期末発行済株式数(自己株式を含む)	NumberOfIssuedAndOutstandingSharesAtTheEndOfFiscalYearIncludingTreasuryStock	61360720	Shares	61,360,720	PriorYearInstant_NonConsolidatedMember_ResultMember	/disc/18790/081220171107411130_tse-qcedjpsm-18790-20171107411130-ixbrl.htm
2017-11-09	四半期	当期第2四半期累計	単体	実績		期末自己株式数	NumberOfTreasuryStockAtTheEndOfFiscalYear	2899070	Shares	2,899,070	CurrentAccumulatedQ2Instant_NonConsolidatedMember_ResultMember	/disc/18790/081220171107411130_tse-qcedjpsm-18790-20171107411130-ixbrl.htm
2017-11-09	四半期	前期	単体	実績		期末自己株式数	NumberOfTreasuryStockAtTheEndOfFiscalYear	2898806	Shares	2,898,806	PriorYearInstant_NonConsolidatedMember_ResultMember	/disc/18790/081220171107411130_tse-qcedjpsm-18790-20171107411130-ixbrl.htm
2017-11-09	四半期	当期第2四半期累計	単体	実績		期中平均株式数	AverageNumberOfShares	58461824	Shares	58,461,824	CurrentAccumulatedQ2Duration_NonConsolidatedMember_ResultMember	/disc/18790/081220171107411130_tse-qcedjpsm-18790-20171107411130-ixbrl.htm
2017-11-09	四半期	前期第2四半期累計	単体	実績		期中平均株式数	AverageNumberOfShares	58462453	Shares	58,462,453	PriorAccumulatedQ2Duration_NonConsolidatedMember_ResultMember	/disc/18790/081220171107411130_tse-qcedjpsm-18790-20171107411130-ixbrl.htm
2017-11-09	四半期	当期				将来情報の利用に関する注意	NotesForUsingForecastedInformationAndOthers			本資料に記載されている業績見通し等の将来に関する記述は、当社が現在入手している情報及び合理的であると判断する一定の前提に基づいており、その達成を当社として約束する趣旨のものではありません。また、実際の業績等は様々な要因により大きく異なる可能性があります。	CurrentYearDuration	/disc/18790/081220171107411130_tse-qcedjpsm-18790-20171107411130-ixbrl.htm
2017-11-09	四半期	当期				決算期末	FiscalYearEnd			2018-03-31	CurrentYearInstant	/disc/18790/081220171107411130_tse-qcedjpsm-18790-20171107411130-ixbrl.htm
2017-11-09	四半期	当期第2四半期累計				四半期	QuarterlyPeriod	2	Pure	2	CurrentAccumulatedQ2Instant	/disc/18790/081220171107411130_tse-qcedjpsm-18790-20171107411130-ixbrl.htm
2018-02-08	四半期	当期第3四半期累計				書類名	DocumentName			第3四半期決算短信〔日本基準〕（連結）	CurrentAccumulatedQ3Instant	/disc/18790/081220180206464750_tse-qcedjpsm-18790-20180206464750-ixbrl.htm
2018-02-08	四半期	当期第3四半期累計				提出日	FilingDate			平成30年2月8日	CurrentAccumulatedQ3Instant	/disc/18790/081220180206464750_tse-qcedjpsm-18790-20180206464750-ixbrl.htm
2018-02-08	四半期	当期第3四半期累計				会社名	CompanyName			新日本建設株式会社	CurrentAccumulatedQ3Instant	/disc/18790/081220180206464750_tse-qcedjpsm-18790-20180206464750-ixbrl.htm
2018-02-08	四半期	当期第3四半期累計					TokyoStockExchange			東	CurrentAccumulatedQ3Instant	/disc/18790/081220180206464750_tse-qcedjpsm-18790-20180206464750-ixbrl.htm
2018-02-08	四半期	当期第3四半期累計				証券コード	SecuritiesCode			18790	CurrentAccumulatedQ3Instant	/disc/18790/081220180206464750_tse-qcedjpsm-18790-20180206464750-ixbrl.htm
2018-02-08	四半期	当期第3四半期累計				URL	URL			http://www.shinnihon-c.co.jp/	CurrentAccumulatedQ3Instant	/disc/18790/081220180206464750_tse-qcedjpsm-18790-20180206464750-ixbrl.htm
2018-02-08	四半期	当期第3四半期累計				代表者の役職	TitleRepresentative			代表取締役社長	CurrentAccumulatedQ3Instant	/disc/18790/081220180206464750_tse-qcedjpsm-18790-20180206464750-ixbrl.htm
2018-02-08	四半期	当期第3四半期累計				代表者名	NameRepresentative			高見 克司	CurrentAccumulatedQ3Instant	/disc/18790/081220180206464750_tse-qcedjpsm-18790-20180206464750-ixbrl.htm
2018-02-08	四半期	当期第3四半期累計					TitleInquiries			取締役常務執行役員管理本部長	CurrentAccumulatedQ3Instant	/disc/18790/081220180206464750_tse-qcedjpsm-18790-20180206464750-ixbrl.htm
2018-02-08	四半期	当期第3四半期累計					NameInquiries			高橋 苗樹	CurrentAccumulatedQ3Instant	/disc/18790/081220180206464750_tse-qcedjpsm-18790-20180206464750-ixbrl.htm
2018-02-08	四半期	当期第3四半期累計					Tel			043-213-1111	CurrentAccumulatedQ3Instant	/disc/18790/081220180206464750_tse-qcedjpsm-18790-20180206464750-ixbrl.htm
2018-02-08	四半期	当期第3四半期累計					QuarterlyStatementFilingDateAsPlanned			平成30年2月8日	CurrentAccumulatedQ3Instant	/disc/18790/081220180206464750_tse-qcedjpsm-18790-20180206464750-ixbrl.htm
2018-02-08	四半期	当期第3四半期累計					SupplementalMaterialOfQuarterlyResults			無	CurrentAccumulatedQ3Instant	/disc/18790/081220180206464750_tse-qcedjpsm-18790-20180206464750-ixbrl.htm
2018-02-08	四半期	当期第3四半期累計					ConveningBriefingOfQuarterlyResults			無	CurrentAccumulatedQ3Instant	/disc/18790/081220180206464750_tse-qcedjpsm-18790-20180206464750-ixbrl.htm
2018-02-08	四半期	当期第3四半期累計					NoteToFractionProcessingMethod			（百万円未満切捨て）	CurrentAccumulatedQ3Instant	/disc/18790/081220180206464750_tse-qcedjpsm-18790-20180206464750-ixbrl.htm
2018-02-08	四半期	当期第3四半期累計	連結	実績		売上高	NetSales	62235000000	JPY	62,235	CurrentAccumulatedQ3Duration_ConsolidatedMember_ResultMember	/disc/18790/081220180206464750_tse-qcedjpsm-18790-20180206464750-ixbrl.htm
2018-02-08	四半期	当期第3四半期累計	連結	実績		売上高の増減率	ChangeInNetSales	0.153	Pure	15.3	CurrentAccumulatedQ3Duration_ConsolidatedMember_ResultMember	/disc/18790/081220180206464750_tse-qcedjpsm-18790-20180206464750-ixbrl.htm
2018-02-08	四半期	当期第3四半期累計	連結	実績		営業利益	OperatingIncome	9354000000	JPY	9,354	CurrentAccumulatedQ3Duration_ConsolidatedMember_ResultMember	/disc/18790/081220180206464750_tse-qcedjpsm-18790-20180206464750-ixbrl.htm
2018-02-08	四半期	当期第3四半期累計	連結	実績		営業利益の増減率	ChangeInOperatingIncome	0.158	Pure	15.8	CurrentAccumulatedQ3Duration_ConsolidatedMember_ResultMember	/disc/18790/081220180206464750_tse-qcedjpsm-18790-20180206464750-ixbrl.htm
2018-02-08	四半期	当期第3四半期累計	連結	実績		経常利益	OrdinaryIncome	9286000000	JPY	9,286	CurrentAccumulatedQ3Duration_ConsolidatedMember_ResultMember	/disc/18790/081220180206464750_tse-qcedjpsm-18790-20180206464750-ixbrl.htm
2018-02-08	四半期	当期第3四半期累計	連結	実績		経常利益の増減率	ChangeInOrdinaryIncome	0.180	Pure	18.0	CurrentAccumulatedQ3Duration_ConsolidatedMember_ResultMember	/disc/18790/081220180206464750_tse-qcedjpsm-18790-20180206464750-ixbrl.htm
2018-02-08	四半期	当期第3四半期累計	連結	実績		親会社株主に帰属する当期純利益	ProfitAttributableToOwnersOfParent	6347000000	JPY	6,347	CurrentAccumulatedQ3Duration_ConsolidatedMember_ResultMember	/disc/18790/081220180206464750_tse-qcedjpsm-18790-20180206464750-ixbrl.htm
2018-02-08	四半期	当期第3四半期累計	連結	実績		親会社株主に帰属する当期純利益の増減率	ChangeInProfitAttributableToOwnersOfParent	-0.355	Pure	35.5	CurrentAccumulatedQ3Duration_ConsolidatedMember_ResultMember	/disc/18790/081220180206464750_tse-qcedjpsm-18790-20180206464750-ixbrl.htm
2018-02-08	四半期	前期第3四半期累計	連結	実績		売上高	NetSales	54000000000	JPY	54,000	PriorAccumulatedQ3Duration_ConsolidatedMember_ResultMember	/disc/18790/081220180206464750_tse-qcedjpsm-18790-20180206464750-ixbrl.htm
2018-02-08	四半期	前期第3四半期累計	連結	実績		売上高の増減率	ChangeInNetSales	0.127	Pure	12.7	PriorAccumulatedQ3Duration_ConsolidatedMember_ResultMember	/disc/18790/081220180206464750_tse-qcedjpsm-18790-20180206464750-ixbrl.htm
2018-02-08	四半期	前期第3四半期累計	連結	実績		営業利益	OperatingIncome	8080000000	JPY	8,080	PriorAccumulatedQ3Duration_ConsolidatedMember_ResultMember	/disc/18790/081220180206464750_tse-qcedjpsm-18790-20180206464750-ixbrl.htm
2018-02-08	四半期	前期第3四半期累計	連結	実績		営業利益の増減率	ChangeInOperatingIncome	0.142	Pure	14.2	PriorAccumulatedQ3Duration_ConsolidatedMember_ResultMember	/disc/18790/081220180206464750_tse-qcedjpsm-18790-20180206464750-ixbrl.htm
2018-02-08	四半期	前期第3四半期累計	連結	実績		経常利益	OrdinaryIncome	7869000000	JPY	7,869	PriorAccumulatedQ3Duration_ConsolidatedMember_ResultMember	/disc/18790/081220180206464750_tse-qcedjpsm-18790-20180206464750-ixbrl.htm
2018-02-08	四半期	前期第3四半期累計	連結	実績		経常利益の増減率	ChangeInOrdinaryIncome	0.166	Pure	16.6	PriorAccumulatedQ3Duration_ConsolidatedMember_ResultMember	/disc/18790/081220180206464750_tse-qcedjpsm-18790-20180206464750-ixbrl.htm
2018-02-08	四半期	前期第3四半期累計	連結	実績		親会社株主に帰属する当期純利益	ProfitAttributableToOwnersOfParent	9835000000	JPY	9,835	PriorAccumulatedQ3Duration_ConsolidatedMember_ResultMember	/disc/18790/081220180206464750_tse-qcedjpsm-18790-20180206464750-ixbrl.htm
2018-02-08	四半期	前期第3四半期累計	連結	実績		親会社株主に帰属する当期純利益の増減率	ChangeInProfitAttributableToOwnersOfParent	1.216	Pure	121.6	PriorAccumulatedQ3Duration_ConsolidatedMember_ResultMember	/disc/18790/081220180206464750_tse-qcedjpsm-18790-20180206464750-ixbrl.htm
2018-02-08	四半期	当期第3四半期累計	連結	実績		包括利益	ComprehensiveIncome	6448000000	JPY	6,448	CurrentAccumulatedQ3Duration_ConsolidatedMember_ResultMember	/disc/18790/081220180206464750_tse-qcedjpsm-18790-20180206464750-ixbrl.htm
2018-02-08	四半期	当期第3四半期累計	連結	実績		包括利益の増減率	ChangeInComprehensiveIncome	-0.344	Pure	34.4	CurrentAccumulatedQ3Duration_ConsolidatedMember_ResultMember	/disc/18790/081220180206464750_tse-qcedjpsm-18790-20180206464750-ixbrl.htm
2018-02-08	四半期	前期第3四半期累計	連結	実績		包括利益	ComprehensiveIncome	9823000000	JPY	9,823	PriorAccumulatedQ3Duration_ConsolidatedMember_ResultMember	/disc/18790/081220180206464750_tse-qcedjpsm-18790-20180206464750-ixbrl.htm
2018-02-08	四半期	前期第3四半期累計	連結	実績		包括利益の増減率	ChangeInComprehensiveIncome	1.332	Pure	133.2	PriorAccumulatedQ3Duration_ConsolidatedMember_ResultMember	/disc/18790/081220180206464750_tse-qcedjpsm-18790-20180206464750-ixbrl.htm
2018-02-08	四半期	当期第3四半期累計	連結	実績		1株当たり当期純利益	NetIncomePerShare	108.58	JPYPerShares	108.58	CurrentAccumulatedQ3Duration_ConsolidatedMember_ResultMember	/disc/18790/081220180206464750_tse-qcedjpsm-18790-20180206464750-ixbrl.htm
2018-02-08	四半期	前期第3四半期累計	連結	実績		1株当たり当期純利益	NetIncomePerShare	168.24	JPYPerShares	168.24	PriorAccumulatedQ3Duration_ConsolidatedMember_ResultMember	/disc/18790/081220180206464750_tse-qcedjpsm-18790-20180206464750-ixbrl.htm
2018-02-08	四半期	当期第3四半期累計	連結	実績		総資産	TotalAssets	95123000000	JPY	95,123	CurrentAccumulatedQ3Instant_ConsolidatedMember_ResultMember	/disc/18790/081220180206464750_tse-qcedjpsm-18790-20180206464750-ixbrl.htm
2018-02-08	四半期	当期第3四半期累計	連結	実績		純資産	NetAssets	52782000000	JPY	52,782	CurrentAccumulatedQ3Instant_ConsolidatedMember_ResultMember	/disc/18790/081220180206464750_tse-qcedjpsm-18790-20180206464750-ixbrl.htm
2018-02-08	四半期	当期第3四半期累計	連結	実績		自己資本比率	CapitalAdequacyRatio	0.555	Pure	55.5	CurrentAccumulatedQ3Instant_ConsolidatedMember_ResultMember	/disc/18790/081220180206464750_tse-qcedjpsm-18790-20180206464750-ixbrl.htm
2018-02-08	四半期	前期	連結	実績		総資産	TotalAssets	93492000000	JPY	93,492	PriorYearInstant_ConsolidatedMember_ResultMember	/disc/18790/081220180206464750_tse-qcedjpsm-18790-20180206464750-ixbrl.htm
2018-02-08	四半期	前期	連結	実績		純資産	NetAssets	47445000000	JPY	47,445	PriorYearInstant_ConsolidatedMember_ResultMember	/disc/18790/081220180206464750_tse-qcedjpsm-18790-20180206464750-ixbrl.htm
2018-02-08	四半期	前期	連結	実績		自己資本比率	CapitalAdequacyRatio	0.507	Pure	50.7	PriorYearInstant_ConsolidatedMember_ResultMember	/disc/18790/081220180206464750_tse-qcedjpsm-18790-20180206464750-ixbrl.htm
2018-02-08	四半期	当期第3四半期累計	連結	実績		自己資本	OwnersEquity	52779000000	JPY	52,779	CurrentAccumulatedQ3Instant_ConsolidatedMember_ResultMember	/disc/18790/081220180206464750_tse-qcedjpsm-18790-20180206464750-ixbrl.htm
2018-02-08	四半期	前期	連結	実績		自己資本	OwnersEquity	47414000000	JPY	47,414	PriorYearInstant_ConsolidatedMember_ResultMember	/disc/18790/081220180206464750_tse-qcedjpsm-18790-20180206464750-ixbrl.htm
2018-02-08	四半期	前期	単体	実績	第2四半期末	1株当たり配当金	DividendPerShare	6.00	JPYPerShares	6.00	PriorYearDuration_SecondQuarterMember_NonConsolidatedMember_ResultMember	/disc/18790/081220180206464750_tse-qcedjpsm-18790-20180206464750-ixbrl.htm
2018-02-08	四半期	前期	単体	実績	期末	1株当たり配当金	DividendPerShare	10.00	JPYPerShares	10.00	PriorYearDuration_YearEndMember_NonConsolidatedMember_ResultMember	/disc/18790/081220180206464750_tse-qcedjpsm-18790-20180206464750-ixbrl.htm
2018-02-08	四半期	前期	単体	実績	合計	1株当たり配当金	DividendPerShare	16.00	JPYPerShares	16.00	PriorYearDuration_AnnualMember_NonConsolidatedMember_ResultMember	/disc/18790/081220180206464750_tse-qcedjpsm-18790-20180206464750-ixbrl.htm
2018-02-08	四半期	当期	単体	実績	第2四半期末	1株当たり配当金	DividendPerShare	9.00	JPYPerShares	9.00	CurrentYearDuration_SecondQuarterMember_NonConsolidatedMember_ResultMember	/disc/18790/081220180206464750_tse-qcedjpsm-18790-20180206464750-ixbrl.htm
2018-02-08	四半期	当期	単体	予想	期末	1株当たり配当金	DividendPerShare	8.00	JPYPerShares	8.00	CurrentYearDuration_YearEndMember_NonConsolidatedMember_ForecastMember	/disc/18790/081220180206464750_tse-qcedjpsm-18790-20180206464750-ixbrl.htm
2018-02-08	四半期	当期	単体	予想	合計	1株当たり配当金	DividendPerShare	17.00	JPYPerShares	17.00	CurrentYearDuration_AnnualMember_NonConsolidatedMember_ForecastMember	/disc/18790/081220180206464750_tse-qcedjpsm-18790-20180206464750-ixbrl.htm
2018-02-08	四半期	当期	単体	実績	合計	当四半期における配当予想の修正	CorrectionOfDividendForecastInThisQuarter			無	CurrentYearDuration_AnnualMember_NonConsolidatedMember_ResultMember	/disc/18790/081220180206464750_tse-qcedjpsm-18790-20180206464750-ixbrl.htm
2018-02-08	四半期	当期	連結	予想		業績予想の見出し	TitleForForecasts			3. 平成30年 3月期の連結業績予想（平成29年 4月 1日～平成30年 3月31日）	CurrentYearDuration_ConsolidatedMember_ForecastMember	/disc/18790/081220180206464750_tse-qcedjpsm-18790-20180206464750-ixbrl.htm
2018-02-08	四半期	当期	連結	予想		売上高	NetSales	93500000000	JPY	93,500	CurrentYearDuration_ConsolidatedMember_ForecastMember	/disc/18790/081220180206464750_tse-qcedjpsm-18790-20180206464750-ixbrl.htm
2018-02-08	四半期	当期	連結	予想		売上高の増減率	ChangeInNetSales	0.076	Pure	7.6	CurrentYearDuration_ConsolidatedMember_ForecastMember	/disc/18790/081220180206464750_tse-qcedjpsm-18790-20180206464750-ixbrl.htm
2018-02-08	四半期	当期	連結	予想		営業利益	OperatingIncome	12600000000	JPY	12,600	CurrentYearDuration_ConsolidatedMember_ForecastMember	/disc/18790/081220180206464750_tse-qcedjpsm-18790-20180206464750-ixbrl.htm
2018-02-08	四半期	当期	連結	予想		営業利益の増減率	ChangeInOperatingIncome	0.026	Pure	2.6	CurrentYearDuration_ConsolidatedMember_ForecastMember	/disc/18790/081220180206464750_tse-qcedjpsm-18790-20180206464750-ixbrl.htm
2018-02-08	四半期	当期	連結	予想		経常利益	OrdinaryIncome	12400000000	JPY	12,400	CurrentYearDuration_ConsolidatedMember_ForecastMember	/disc/18790/081220180206464750_tse-qcedjpsm-18790-20180206464750-ixbrl.htm
2018-02-08	四半期	当期	連結	予想		経常利益の増減率	ChangeInOrdinaryIncome	0.036	Pure	3.6	CurrentYearDuration_ConsolidatedMember_ForecastMember	/disc/18790/081220180206464750_tse-qcedjpsm-18790-20180206464750-ixbrl.htm
2018-02-08	四半期	当期	連結	予想		親会社株主に帰属する当期純利益	ProfitAttributableToOwnersOfParent	8500000000	JPY	8,500	CurrentYearDuration_ConsolidatedMember_ForecastMember	/disc/18790/081220180206464750_tse-qcedjpsm-18790-20180206464750-ixbrl.htm
2018-02-08	四半期	当期	連結	予想		親会社株主に帰属する当期純利益の増減率	ChangeInProfitAttributableToOwnersOfParent	-0.331	Pure	33.1	CurrentYearDuration_ConsolidatedMember_ForecastMember	/disc/18790/081220180206464750_tse-qcedjpsm-18790-20180206464750-ixbrl.htm
2018-02-08	四半期	当期	連結	予想		1株当たり当期純利益	NetIncomePerShare	145.39	JPYPerShares	145.39	CurrentYearDuration_ConsolidatedMember_ForecastMember	/disc/18790/081220180206464750_tse-qcedjpsm-18790-20180206464750-ixbrl.htm
2018-02-08	四半期	当期	連結	予想		当四半期における業績予想の修正	CorrectionOfConsolidatedFinancialForecastInThisQuarter			無	CurrentYearDuration_ConsolidatedMember_ForecastMember	/disc/18790/081220180206464750_tse-qcedjpsm-18790-20180206464750-ixbrl.htm
2018-02-08	四半期	当期第3四半期累計	連結	実績			MaterialChangesInSubsidiariesDuringThisPeriodChangesInScopeOfConsolidationsResultingFromChangeIsSubsidiaries			無	CurrentAccumulatedQ3Duration_ConsolidatedMember_ResultMember	/disc/18790/081220180206464750_tse-qcedjpsm-18790-20180206464750-ixbrl.htm
2018-02-08	四半期	当期第3四半期累計	連結	実績			ApplyingOfSpecificAccountingOfTheConsolidatedQuarterlyFinancialStatements			無	CurrentAccumulatedQ3Duration_ConsolidatedMember_ResultMember	/disc/18790/081220180206464750_tse-qcedjpsm-18790-20180206464750-ixbrl.htm
2018-02-08	四半期	当期第3四半期累計	連結	実績		会計基準等の改正に伴う変更	ChangesBasedOnRevisionsOfAccountingStandard			無	CurrentAccumulatedQ3Duration_ConsolidatedMember_ResultMember	/disc/18790/081220180206464750_tse-qcedjpsm-18790-20180206464750-ixbrl.htm
2018-02-08	四半期	当期第3四半期累計	連結	実績		それ以外の会計方針の変更	ChangesOtherThanOnesBasedOnRevisionsOfAccountingStandard			無	CurrentAccumulatedQ3Duration_ConsolidatedMember_ResultMember	/disc/18790/081220180206464750_tse-qcedjpsm-18790-20180206464750-ixbrl.htm
2018-02-08	四半期	当期第3四半期累計	連結	実績		会計上の見積りの変更	ChangesInAccountingEstimates			無	CurrentAccumulatedQ3Duration_ConsolidatedMember_ResultMember	/disc/18790/081220180206464750_tse-qcedjpsm-18790-20180206464750-ixbrl.htm
2018-02-08	四半期	当期第3四半期累計	連結	実績		修正再表示	RetrospectiveRestatement			無	CurrentAccumulatedQ3Duration_ConsolidatedMember_ResultMember	/disc/18790/081220180206464750_tse-qcedjpsm-18790-20180206464750-ixbrl.htm
2018-02-08	四半期	当期第3四半期累計	単体	実績		期末発行済株式数(自己株式を含む)	NumberOfIssuedAndOutstandingSharesAtTheEndOfFiscalYearIncludingTreasuryStock	61360720	Shares	61,360,720	CurrentAccumulatedQ3Instant_NonConsolidatedMember_ResultMember	/disc/18790/081220180206464750_tse-qcedjpsm-18790-20180206464750-ixbrl.htm
2018-02-08	四半期	前期	単体	実績		期末発行済株式数(自己株式を含む)	NumberOfIssuedAndOutstandingSharesAtTheEndOfFiscalYearIncludingTreasuryStock	61360720	Shares	61,360,720	PriorYearInstant_NonConsolidatedMember_ResultMember	/disc/18790/081220180206464750_tse-qcedjpsm-18790-20180206464750-ixbrl.htm
2018-02-08	四半期	当期第3四半期累計	単体	実績		期末自己株式数	NumberOfTreasuryStockAtTheEndOfFiscalYear	2899280	Shares	2,899,280	CurrentAccumulatedQ3Instant_NonConsolidatedMember_ResultMember	/disc/18790/081220180206464750_tse-qcedjpsm-18790-20180206464750-ixbrl.htm
2018-02-08	四半期	前期	単体	実績		期末自己株式数	NumberOfTreasuryStockAtTheEndOfFiscalYear	2898806	Shares	2,898,806	PriorYearInstant_NonConsolidatedMember_ResultMember	/disc/18790/081220180206464750_tse-qcedjpsm-18790-20180206464750-ixbrl.htm
2018-02-08	四半期	当期第3四半期累計	単体	実績		期中平均株式数	AverageNumberOfShares	58461746	Shares	58,461,746	CurrentAccumulatedQ3Duration_NonConsolidatedMember_ResultMember	/disc/18790/081220180206464750_tse-qcedjpsm-18790-20180206464750-ixbrl.htm
2018-02-08	四半期	前期第3四半期累計	単体	実績		期中平均株式数	AverageNumberOfShares	58462317	Shares	58,462,317	PriorAccumulatedQ3Duration_NonConsolidatedMember_ResultMember	/disc/18790/081220180206464750_tse-qcedjpsm-18790-20180206464750-ixbrl.htm
2018-02-08	四半期	当期				将来情報の利用に関する注意	NotesForUsingForecastedInformationAndOthers			本資料に記載されている業績見通し等の将来に関する記述は、当社が現在入手している情報及び合理的であると判断する一定の前提に基づいており、その達成を当社として約束する趣旨のものではありません。また、実際の業績等は様々な要因により大きく異なる可能性があります。	CurrentYearDuration	/disc/18790/081220180206464750_tse-qcedjpsm-18790-20180206464750-ixbrl.htm
2018-02-08	四半期	当期				決算期末	FiscalYearEnd			2018-03-31	CurrentYearInstant	/disc/18790/081220180206464750_tse-qcedjpsm-18790-20180206464750-ixbrl.htm
2018-02-08	四半期	当期第3四半期累計				四半期	QuarterlyPeriod	3	Pure	3	CurrentAccumulatedQ3Instant	/disc/18790/081220180206464750_tse-qcedjpsm-18790-20180206464750-ixbrl.htm
2018-05-10	年次	当期				書類名	DocumentName			決算短信〔日本基準〕（連結）	CurrentYearInstant	/disc/18790/081220180509430821_tse-acedjpsm-18790-20180509430821-ixbrl.htm
2018-05-10	年次	当期				提出日	FilingDate			平成30年5月10日	CurrentYearInstant	/disc/18790/081220180509430821_tse-acedjpsm-18790-20180509430821-ixbrl.htm
2018-05-10	年次	当期				会社名	CompanyName			新日本建設株式会社	CurrentYearInstant	/disc/18790/081220180509430821_tse-acedjpsm-18790-20180509430821-ixbrl.htm
2018-05-10	年次	当期					TokyoStockExchange			東	CurrentYearInstant	/disc/18790/081220180509430821_tse-acedjpsm-18790-20180509430821-ixbrl.htm
2018-05-10	年次	当期				証券コード	SecuritiesCode			18790	CurrentYearInstant	/disc/18790/081220180509430821_tse-acedjpsm-18790-20180509430821-ixbrl.htm
2018-05-10	年次	当期				URL	URL			http://www.shinnihon-c.co.jp/	CurrentYearInstant	/disc/18790/081220180509430821_tse-acedjpsm-18790-20180509430821-ixbrl.htm
2018-05-10	年次	当期				代表者の役職	TitleRepresentative			代表取締役社長	CurrentYearInstant	/disc/18790/081220180509430821_tse-acedjpsm-18790-20180509430821-ixbrl.htm
2018-05-10	年次	当期				代表者名	NameRepresentative			高見 克司	CurrentYearInstant	/disc/18790/081220180509430821_tse-acedjpsm-18790-20180509430821-ixbrl.htm
2018-05-10	年次	当期					TitleInquiries			取締役常務執行役員管理本部長	CurrentYearInstant	/disc/18790/081220180509430821_tse-acedjpsm-18790-20180509430821-ixbrl.htm
2018-05-10	年次	当期					NameInquiries			高橋 苗樹	CurrentYearInstant	/disc/18790/081220180509430821_tse-acedjpsm-18790-20180509430821-ixbrl.htm
2018-05-10	年次	当期					Tel			043-213-1111	CurrentYearInstant	/disc/18790/081220180509430821_tse-acedjpsm-18790-20180509430821-ixbrl.htm
2018-05-10	年次	当期					DateOfGeneralShareholdersMeetingAsPlanned			平成30年6月28日	CurrentYearInstant	/disc/18790/081220180509430821_tse-acedjpsm-18790-20180509430821-ixbrl.htm
2018-05-10	年次	当期					DividendPayableDateAsPlanned			平成30年6月29日	CurrentYearInstant	/disc/18790/081220180509430821_tse-acedjpsm-18790-20180509430821-ixbrl.htm
2018-05-10	年次	当期					AnnualSecuritiesReportFilingDateAsPlanned			平成30年6月28日	CurrentYearInstant	/disc/18790/081220180509430821_tse-acedjpsm-18790-20180509430821-ixbrl.htm
2018-05-10	年次	当期					SupplementalMaterialOfAnnualResults			有	CurrentYearInstant	/disc/18790/081220180509430821_tse-acedjpsm-18790-20180509430821-ixbrl.htm
2018-05-10	年次	当期					ConveningBriefingOfAnnualResults			有	CurrentYearInstant	/disc/18790/081220180509430821_tse-acedjpsm-18790-20180509430821-ixbrl.htm
2018-05-10	年次	当期					TargetAudienceBriefingOfAnnualResults			（機関投資家・金融機関向け）	CurrentYearInstant	/disc/18790/081220180509430821_tse-acedjpsm-18790-20180509430821-ixbrl.htm
2018-05-10	年次	当期					NoteToFractionProcessingMethod			（百万円未満切捨て）	CurrentYearInstant	/disc/18790/081220180509430821_tse-acedjpsm-18790-20180509430821-ixbrl.htm
2018-05-10	年次	当期	連結	実績		売上高	NetSales	95340000000	JPY	95,340	CurrentYearDuration_ConsolidatedMember_ResultMember	/disc/18790/081220180509430821_tse-acedjpsm-18790-20180509430821-ixbrl.htm
2018-05-10	年次	当期	連結	実績		売上高の増減率	ChangeInNetSales	0.098	Pure	9.8	CurrentYearDuration_ConsolidatedMember_ResultMember	/disc/18790/081220180509430821_tse-acedjpsm-18790-20180509430821-ixbrl.htm
2018-05-10	年次	当期	連結	実績		営業利益	OperatingIncome	13691000000	JPY	13,691	CurrentYearDuration_ConsolidatedMember_ResultMember	/disc/18790/081220180509430821_tse-acedjpsm-18790-20180509430821-ixbrl.htm
2018-05-10	年次	当期	連結	実績		営業利益の増減率	ChangeInOperatingIncome	0.115	Pure	11.5	CurrentYearDuration_ConsolidatedMember_ResultMember	/disc/18790/081220180509430821_tse-acedjpsm-18790-20180509430821-ixbrl.htm
2018-05-10	年次	当期	連結	実績		経常利益	OrdinaryIncome	13531000000	JPY	13,531	CurrentYearDuration_ConsolidatedMember_ResultMember	/disc/18790/081220180509430821_tse-acedjpsm-18790-20180509430821-ixbrl.htm
2018-05-10	年次	当期	連結	実績		経常利益の増減率	ChangeInOrdinaryIncome	0.130	Pure	13.0	CurrentYearDuration_ConsolidatedMember_ResultMember	/disc/18790/081220180509430821_tse-acedjpsm-18790-20180509430821-ixbrl.htm
2018-05-10	年次	当期	連結	実績		親会社株主に帰属する当期純利益	ProfitAttributableToOwnersOfParent	8930000000	JPY	8,930	CurrentYearDuration_ConsolidatedMember_ResultMember	/disc/18790/081220180509430821_tse-acedjpsm-18790-20180509430821-ixbrl.htm
2018-05-10	年次	当期	連結	実績		親会社株主に帰属する当期純利益の増減率	ChangeInProfitAttributableToOwnersOfParent	-0.297	Pure	29.7	CurrentYearDuration_ConsolidatedMember_ResultMember	/disc/18790/081220180509430821_tse-acedjpsm-18790-20180509430821-ixbrl.htm
2018-05-10	年次	前期	連結	実績		売上高	NetSales	86857000000	JPY	86,857	PriorYearDuration_ConsolidatedMember_ResultMember	/disc/18790/081220180509430821_tse-acedjpsm-18790-20180509430821-ixbrl.htm
2018-05-10	年次	前期	連結	実績		売上高の増減率	ChangeInNetSales	0.111	Pure	11.1	PriorYearDuration_ConsolidatedMember_ResultMember	/disc/18790/081220180509430821_tse-acedjpsm-18790-20180509430821-ixbrl.htm
2018-05-10	年次	前期	連結	実績		営業利益	OperatingIncome	12284000000	JPY	12,284	PriorYearDuration_ConsolidatedMember_ResultMember	/disc/18790/081220180509430821_tse-acedjpsm-18790-20180509430821-ixbrl.htm
2018-05-10	年次	前期	連結	実績		営業利益の増減率	ChangeInOperatingIncome	0.044	Pure	4.4	PriorYearDuration_ConsolidatedMember_ResultMember	/disc/18790/081220180509430821_tse-acedjpsm-18790-20180509430821-ixbrl.htm
2018-05-10	年次	前期	連結	実績		経常利益	OrdinaryIncome	11972000000	JPY	11,972	PriorYearDuration_ConsolidatedMember_ResultMember	/disc/18790/081220180509430821_tse-acedjpsm-18790-20180509430821-ixbrl.htm
2018-05-10	年次	前期	連結	実績		経常利益の増減率	ChangeInOrdinaryIncome	0.058	Pure	5.8	PriorYearDuration_ConsolidatedMember_ResultMember	/disc/18790/081220180509430821_tse-acedjpsm-18790-20180509430821-ixbrl.htm
2018-05-10	年次	前期	連結	実績		親会社株主に帰属する当期純利益	ProfitAttributableToOwnersOfParent	12698000000	JPY	12,698	PriorYearDuration_ConsolidatedMember_ResultMember	/disc/18790/081220180509430821_tse-acedjpsm-18790-20180509430821-ixbrl.htm
2018-05-10	年次	前期	連結	実績		親会社株主に帰属する当期純利益の増減率	ChangeInProfitAttributableToOwnersOfParent	0.692	Pure	69.2	PriorYearDuration_ConsolidatedMember_ResultMember	/disc/18790/081220180509430821_tse-acedjpsm-18790-20180509430821-ixbrl.htm
2018-05-10	年次	当期	連結	実績		包括利益	ComprehensiveIncome	8937000000	JPY	8,937	CurrentYearDuration_ConsolidatedMember_ResultMember	/disc/18790/081220180509430821_tse-acedjpsm-18790-20180509430821-ixbrl.htm
2018-05-10	年次	当期	連結	実績		包括利益の増減率	ChangeInComprehensiveIncome	-0.264	Pure	26.4	CurrentYearDuration_ConsolidatedMember_ResultMember	/disc/18790/081220180509430821_tse-acedjpsm-18790-20180509430821-ixbrl.htm
2018-05-10	年次	前期	連結	実績		包括利益	ComprehensiveIncome	12143000000	JPY	12,143	PriorYearDuration_ConsolidatedMember_ResultMember	/disc/18790/081220180509430821_tse-acedjpsm-18790-20180509430821-ixbrl.htm
2018-05-10	年次	前期	連結	実績		包括利益の増減率	ChangeInComprehensiveIncome	0.761	Pure	76.1	PriorYearDuration_ConsolidatedMember_ResultMember	/disc/18790/081220180509430821_tse-acedjpsm-18790-20180509430821-ixbrl.htm
2018-05-10	年次	当期	連結	実績		1株当たり当期純利益	NetIncomePerShare	152.76	JPYPerShares	152.76	CurrentYearDuration_ConsolidatedMember_ResultMember	/disc/18790/081220180509430821_tse-acedjpsm-18790-20180509430821-ixbrl.htm
2018-05-10	年次	当期	連結	実績		自己資本当期純利益率(ROE)	NetIncomeToShareholdersEquityRatio	0.174	Pure	17.4	CurrentYearDuration_ConsolidatedMember_ResultMember	/disc/18790/081220180509430821_tse-acedjpsm-18790-20180509430821-ixbrl.htm
2018-05-10	年次	当期	連結	実績		総資産経常利益率(ROA)	OrdinaryIncomeToTotalAssetsRatio	0.139	Pure	13.9	CurrentYearDuration_ConsolidatedMember_ResultMember	/disc/18790/081220180509430821_tse-acedjpsm-18790-20180509430821-ixbrl.htm
2018-05-10	年次	当期	連結	実績		売上高営業利益率	OperatingIncomeToNetSalesRatio	0.144	Pure	14.4	CurrentYearDuration_ConsolidatedMember_ResultMember	/disc/18790/081220180509430821_tse-acedjpsm-18790-20180509430821-ixbrl.htm
2018-05-10	年次	前期	連結	実績		1株当たり当期純利益	NetIncomePerShare	217.21	JPYPerShares	217.21	PriorYearDuration_ConsolidatedMember_ResultMember	/disc/18790/081220180509430821_tse-acedjpsm-18790-20180509430821-ixbrl.htm
2018-05-10	年次	前期	連結	実績		自己資本当期純利益率(ROE)	NetIncomeToShareholdersEquityRatio	0.306	Pure	30.6	PriorYearDuration_ConsolidatedMember_ResultMember	/disc/18790/081220180509430821_tse-acedjpsm-18790-20180509430821-ixbrl.htm
2018-05-10	年次	前期	連結	実績		総資産経常利益率(ROA)	OrdinaryIncomeToTotalAssetsRatio	0.134	Pure	13.4	PriorYearDuration_ConsolidatedMember_ResultMember	/disc/18790/081220180509430821_tse-acedjpsm-18790-20180509430821-ixbrl.htm
2018-05-10	年次	前期	連結	実績		売上高営業利益率	OperatingIncomeToNetSalesRatio	0.141	Pure	14.1	PriorYearDuration_ConsolidatedMember_ResultMember	/disc/18790/081220180509430821_tse-acedjpsm-18790-20180509430821-ixbrl.htm
2018-05-10	年次	当期	連結	実績		総資産	TotalAssets	101490000000	JPY	101,490	CurrentYearInstant_ConsolidatedMember_ResultMember	/disc/18790/081220180509430821_tse-acedjpsm-18790-20180509430821-ixbrl.htm
2018-05-10	年次	当期	連結	実績		純資産	NetAssets	55270000000	JPY	55,270	CurrentYearInstant_ConsolidatedMember_ResultMember	/disc/18790/081220180509430821_tse-acedjpsm-18790-20180509430821-ixbrl.htm
2018-05-10	年次	当期	連結	実績		自己資本比率	CapitalAdequacyRatio	0.545	Pure	54.5	CurrentYearInstant_ConsolidatedMember_ResultMember	/disc/18790/081220180509430821_tse-acedjpsm-18790-20180509430821-ixbrl.htm
2018-05-10	年次	当期	連結	実績		1株当たり純資産	NetAssetsPerShare	945.43	JPYPerShares	945.43	CurrentYearInstant_ConsolidatedMember_ResultMember	/disc/18790/081220180509430821_tse-acedjpsm-18790-20180509430821-ixbrl.htm
2018-05-10	年次	前期	連結	実績		総資産	TotalAssets	93492000000	JPY	93,492	PriorYearInstant_ConsolidatedMember_ResultMember	/disc/18790/081220180509430821_tse-acedjpsm-18790-20180509430821-ixbrl.htm
2018-05-10	年次	前期	連結	実績		純資産	NetAssets	47445000000	JPY	47,445	PriorYearInstant_ConsolidatedMember_ResultMember	/disc/18790/081220180509430821_tse-acedjpsm-18790-20180509430821-ixbrl.htm
2018-05-10	年次	前期	連結	実績		自己資本比率	CapitalAdequacyRatio	0.507	Pure	50.7	PriorYearInstant_ConsolidatedMember_ResultMember	/disc/18790/081220180509430821_tse-acedjpsm-18790-20180509430821-ixbrl.htm
2018-05-10	年次	前期	連結	実績		1株当たり純資産	NetAssetsPerShare	811.03	JPYPerShares	811.03	PriorYearInstant_ConsolidatedMember_ResultMember	/disc/18790/081220180509430821_tse-acedjpsm-18790-20180509430821-ixbrl.htm
2018-05-10	年次	当期	連結	実績		自己資本	OwnersEquity	55270000000	JPY	55,270	CurrentYearInstant_ConsolidatedMember_ResultMember	/disc/18790/081220180509430821_tse-acedjpsm-18790-20180509430821-ixbrl.htm
2018-05-10	年次	前期	連結	実績		自己資本	OwnersEquity	47414000000	JPY	47,414	PriorYearInstant_ConsolidatedMember_ResultMember	/disc/18790/081220180509430821_tse-acedjpsm-18790-20180509430821-ixbrl.htm
2018-05-10	年次	当期	連結	実績		営業キャッシュフロー	CashFlowsFromOperatingActivities	10891000000	JPY	10,891	CurrentYearDuration_ConsolidatedMember_ResultMember	/disc/18790/081220180509430821_tse-acedjpsm-18790-20180509430821-ixbrl.htm
2018-05-10	年次	当期	連結	実績		投資キャッシュフロー	CashFlowsFromInvestingActivities	-33000000	JPY	33	CurrentYearDuration_ConsolidatedMember_ResultMember	/disc/18790/081220180509430821_tse-acedjpsm-18790-20180509430821-ixbrl.htm
2018-05-10	年次	当期	連結	実績		財務キャッシュフロー	CashFlowsFromFinancingActivities	-4096000000	JPY	4,096	CurrentYearDuration_ConsolidatedMember_ResultMember	/disc/18790/081220180509430821_tse-acedjpsm-18790-20180509430821-ixbrl.htm
2018-05-10	年次	当期	連結	実績		現金及び現金同等物の期末残高	CashAndEquivalentsEndOfPeriod	41811000000	JPY	41,811	CurrentYearInstant_ConsolidatedMember_ResultMember	/disc/18790/081220180509430821_tse-acedjpsm-18790-20180509430821-ixbrl.htm
2018-05-10	年次	前期	連結	実績		営業キャッシュフロー	CashFlowsFromOperatingActivities	11413000000	JPY	11,413	PriorYearDuration_ConsolidatedMember_ResultMember	/disc/18790/081220180509430821_tse-acedjpsm-18790-20180509430821-ixbrl.htm
2018-05-10	年次	前期	連結	実績		投資キャッシュフロー	CashFlowsFromInvestingActivities	-40000000	JPY	40	PriorYearDuration_ConsolidatedMember_ResultMember	/disc/18790/081220180509430821_tse-acedjpsm-18790-20180509430821-ixbrl.htm
2018-05-10	年次	前期	連結	実績		財務キャッシュフロー	CashFlowsFromFinancingActivities	-5331000000	JPY	5,331	PriorYearDuration_ConsolidatedMember_ResultMember	/disc/18790/081220180509430821_tse-acedjpsm-18790-20180509430821-ixbrl.htm
2018-05-10	年次	前期	連結	実績		現金及び現金同等物の期末残高	CashAndEquivalentsEndOfPeriod	35048000000	JPY	35,048	PriorYearInstant_ConsolidatedMember_ResultMember	/disc/18790/081220180509430821_tse-acedjpsm-18790-20180509430821-ixbrl.htm
2018-05-10	年次	前期	単体	実績	第2四半期末	1株当たり配当金	DividendPerShare	6.00	JPYPerShares	6.00	PriorYearDuration_SecondQuarterMember_NonConsolidatedMember_ResultMember	/disc/18790/081220180509430821_tse-acedjpsm-18790-20180509430821-ixbrl.htm
2018-05-10	年次	前期	単体	実績	期末	1株当たり配当金	DividendPerShare	10.00	JPYPerShares	10.00	PriorYearDuration_YearEndMember_NonConsolidatedMember_ResultMember	/disc/18790/081220180509430821_tse-acedjpsm-18790-20180509430821-ixbrl.htm
2018-05-10	年次	前期	単体	実績	合計	1株当たり配当金	DividendPerShare	16.00	JPYPerShares	16.00	PriorYearDuration_AnnualMember_NonConsolidatedMember_ResultMember	/disc/18790/081220180509430821_tse-acedjpsm-18790-20180509430821-ixbrl.htm
2018-05-10	年次	前期	単体	実績	合計	配当金総額	TotalDividendPaidAnnual	935000000	JPY	935	PriorYearDuration_AnnualMember_NonConsolidatedMember_ResultMember	/disc/18790/081220180509430821_tse-acedjpsm-18790-20180509430821-ixbrl.htm
2018-05-10	年次	前期	連結	実績	合計	配当性向	PayoutRatio	0.074	Pure	7.4	PriorYearDuration_AnnualMember_ConsolidatedMember_ResultMember	/disc/18790/081220180509430821_tse-acedjpsm-18790-20180509430821-ixbrl.htm
2018-05-10	年次	前期	連結	実績	合計	純資産配当率	RatioOfTotalAmountOfDividendsToNetAssets	0.023	Pure	2.3	PriorYearDuration_AnnualMember_ConsolidatedMember_ResultMember	/disc/18790/081220180509430821_tse-acedjpsm-18790-20180509430821-ixbrl.htm
2018-05-10	年次	当期	単体	実績	第2四半期末	1株当たり配当金	DividendPerShare	9.00	JPYPerShares	9.00	CurrentYearDuration_SecondQuarterMember_NonConsolidatedMember_ResultMember	/disc/18790/081220180509430821_tse-acedjpsm-18790-20180509430821-ixbrl.htm
2018-05-10	年次	当期	単体	実績	期末	1株当たり配当金	DividendPerShare	9.00	JPYPerShares	9.00	CurrentYearDuration_YearEndMember_NonConsolidatedMember_ResultMember	/disc/18790/081220180509430821_tse-acedjpsm-18790-20180509430821-ixbrl.htm
2018-05-10	年次	当期	単体	実績	合計	1株当たり配当金	DividendPerShare	18.00	JPYPerShares	18.00	CurrentYearDuration_AnnualMember_NonConsolidatedMember_ResultMember	/disc/18790/081220180509430821_tse-acedjpsm-18790-20180509430821-ixbrl.htm
2018-05-10	年次	当期	単体	実績	合計	配当金総額	TotalDividendPaidAnnual	1052000000	JPY	1,052	CurrentYearDuration_AnnualMember_NonConsolidatedMember_ResultMember	/disc/18790/081220180509430821_tse-acedjpsm-18790-20180509430821-ixbrl.htm
2018-05-10	年次	当期	連結	実績	合計	配当性向	PayoutRatio	0.118	Pure	11.8	CurrentYearDuration_AnnualMember_ConsolidatedMember_ResultMember	/disc/18790/081220180509430821_tse-acedjpsm-18790-20180509430821-ixbrl.htm
2018-05-10	年次	当期	連結	実績	合計	純資産配当率	RatioOfTotalAmountOfDividendsToNetAssets	0.020	Pure	2.0	CurrentYearDuration_AnnualMember_ConsolidatedMember_ResultMember	/disc/18790/081220180509430821_tse-acedjpsm-18790-20180509430821-ixbrl.htm
2018-05-10	年次	来期	単体	予想	第2四半期末	1株当たり配当金	DividendPerShare	9.00	JPYPerShares	9.00	NextYearDuration_SecondQuarterMember_NonConsolidatedMember_ForecastMember	/disc/18790/081220180509430821_tse-acedjpsm-18790-20180509430821-ixbrl.htm
2018-05-10	年次	来期	単体	予想	期末	1株当たり配当金	DividendPerShare	9.00	JPYPerShares	9.00	NextYearDuration_YearEndMember_NonConsolidatedMember_ForecastMember	/disc/18790/081220180509430821_tse-acedjpsm-18790-20180509430821-ixbrl.htm
2018-05-10	年次	来期	単体	予想	合計	1株当たり配当金	DividendPerShare	18.00	JPYPerShares	18.00	NextYearDuration_AnnualMember_NonConsolidatedMember_ForecastMember	/disc/18790/081220180509430821_tse-acedjpsm-18790-20180509430821-ixbrl.htm
2018-05-10	年次	来期	連結	予想	合計	配当性向	PayoutRatio	0.113	Pure	11.3	NextYearDuration_AnnualMember_ConsolidatedMember_ForecastMember	/disc/18790/081220180509430821_tse-acedjpsm-18790-20180509430821-ixbrl.htm
2018-05-10	年次	来期	連結	予想		業績予想の見出し	TitleForForecasts			3. 平成31年 3月期の連結業績予想（平成30年 4月 1日～平成31年 3月31日）	NextYearDuration_ConsolidatedMember_ForecastMember	/disc/18790/081220180509430821_tse-acedjpsm-18790-20180509430821-ixbrl.htm
2018-05-10	年次	来期	連結	予想		売上高	NetSales	103000000000	JPY	103,000	NextYearDuration_ConsolidatedMember_ForecastMember	/disc/18790/081220180509430821_tse-acedjpsm-18790-20180509430821-ixbrl.htm
2018-05-10	年次	来期	連結	予想		売上高の増減率	ChangeInNetSales	0.080	Pure	8.0	NextYearDuration_ConsolidatedMember_ForecastMember	/disc/18790/081220180509430821_tse-acedjpsm-18790-20180509430821-ixbrl.htm
2018-05-10	年次	来期	連結	予想		営業利益	OperatingIncome	14200000000	JPY	14,200	NextYearDuration_ConsolidatedMember_ForecastMember	/disc/18790/081220180509430821_tse-acedjpsm-18790-20180509430821-ixbrl.htm
2018-05-10	年次	来期	連結	予想		営業利益の増減率	ChangeInOperatingIncome	0.037	Pure	3.7	NextYearDuration_ConsolidatedMember_ForecastMember	/disc/18790/081220180509430821_tse-acedjpsm-18790-20180509430821-ixbrl.htm
2018-05-10	年次	来期	連結	予想		経常利益	OrdinaryIncome	14000000000	JPY	14,000	NextYearDuration_ConsolidatedMember_ForecastMember	/disc/18790/081220180509430821_tse-acedjpsm-18790-20180509430821-ixbrl.htm
2018-05-10	年次	来期	連結	予想		経常利益の増減率	ChangeInOrdinaryIncome	0.035	Pure	3.5	NextYearDuration_ConsolidatedMember_ForecastMember	/disc/18790/081220180509430821_tse-acedjpsm-18790-20180509430821-ixbrl.htm
2018-05-10	年次	来期	連結	予想		親会社株主に帰属する当期純利益	ProfitAttributableToOwnersOfParent	9300000000	JPY	9,300	NextYearDuration_ConsolidatedMember_ForecastMember	/disc/18790/081220180509430821_tse-acedjpsm-18790-20180509430821-ixbrl.htm
2018-05-10	年次	来期	連結	予想		親会社株主に帰属する当期純利益の増減率	ChangeInProfitAttributableToOwnersOfParent	0.041	Pure	4.1	NextYearDuration_ConsolidatedMember_ForecastMember	/disc/18790/081220180509430821_tse-acedjpsm-18790-20180509430821-ixbrl.htm
2018-05-10	年次	来期	連結	予想		1株当たり当期純利益	NetIncomePerShare	159.08	JPYPerShares	159.08	NextYearDuration_ConsolidatedMember_ForecastMember	/disc/18790/081220180509430821_tse-acedjpsm-18790-20180509430821-ixbrl.htm
2018-05-10	年次	当期	連結	実績			MaterialChangesInSubsidiariesDuringThisPeriodChangesInScopeOfConsolidationsResultingFromChangeIsSubsidiaries			無	CurrentYearDuration_ConsolidatedMember_ResultMember	/disc/18790/081220180509430821_tse-acedjpsm-18790-20180509430821-ixbrl.htm
2018-05-10	年次	当期	連結	実績		会計基準等の改正に伴う変更	ChangesBasedOnRevisionsOfAccountingStandard			無	CurrentYearDuration_ConsolidatedMember_ResultMember	/disc/18790/081220180509430821_tse-acedjpsm-18790-20180509430821-ixbrl.htm
2018-05-10	年次	当期	連結	実績		それ以外の会計方針の変更	ChangesOtherThanOnesBasedOnRevisionsOfAccountingStandard			無	CurrentYearDuration_ConsolidatedMember_ResultMember	/disc/18790/081220180509430821_tse-acedjpsm-18790-20180509430821-ixbrl.htm
2018-05-10	年次	当期	連結	実績		会計上の見積りの変更	ChangesInAccountingEstimates			無	CurrentYearDuration_ConsolidatedMember_ResultMember	/disc/18790/081220180509430821_tse-acedjpsm-18790-20180509430821-ixbrl.htm
2018-05-10	年次	当期	連結	実績		修正再表示	RetrospectiveRestatement			無	CurrentYearDuration_ConsolidatedMember_ResultMember	/disc/18790/081220180509430821_tse-acedjpsm-18790-20180509430821-ixbrl.htm
2018-05-10	年次	当期	単体	実績		期末発行済株式数(自己株式を含む)	NumberOfIssuedAndOutstandingSharesAtTheEndOfFiscalYearIncludingTreasuryStock	61360720	Shares	61,360,720	CurrentYearInstant_NonConsolidatedMember_ResultMember	/disc/18790/081220180509430821_tse-acedjpsm-18790-20180509430821-ixbrl.htm
2018-05-10	年次	前期	単体	実績		期末発行済株式数(自己株式を含む)	NumberOfIssuedAndOutstandingSharesAtTheEndOfFiscalYearIncludingTreasuryStock	61360720	Shares	61,360,720	PriorYearInstant_NonConsolidatedMember_ResultMember	/disc/18790/081220180509430821_tse-acedjpsm-18790-20180509430821-ixbrl.htm
2018-05-10	年次	当期	単体	実績		期末自己株式数	NumberOfTreasuryStockAtTheEndOfFiscalYear	2899370	Shares	2,899,370	CurrentYearInstant_NonConsolidatedMember_ResultMember	/disc/18790/081220180509430821_tse-acedjpsm-18790-20180509430821-ixbrl.htm
2018-05-10	年次	前期	単体	実績		期末自己株式数	NumberOfTreasuryStockAtTheEndOfFiscalYear	2898806	Shares	2,898,806	PriorYearInstant_NonConsolidatedMember_ResultMember	/disc/18790/081220180509430821_tse-acedjpsm-18790-20180509430821-ixbrl.htm
2018-05-10	年次	当期	単体	実績		期中平均株式数	AverageNumberOfShares	58461657	Shares	58,461,657	CurrentYearDuration_NonConsolidatedMember_ResultMember	/disc/18790/081220180509430821_tse-acedjpsm-18790-20180509430821-ixbrl.htm
2018-05-10	年次	前期	単体	実績		期中平均株式数	AverageNumberOfShares	58462228	Shares	58,462,228	PriorYearDuration_NonConsolidatedMember_ResultMember	/disc/18790/081220180509430821_tse-acedjpsm-18790-20180509430821-ixbrl.htm
2018-05-10	年次	当期	単体	実績		売上高	NetSales	81532000000	JPY	81,532	CurrentYearDuration_NonConsolidatedMember_ResultMember	/disc/18790/081220180509430821_tse-acedjpsm-18790-20180509430821-ixbrl.htm
2018-05-10	年次	当期	単体	実績		売上高の増減率	ChangeInNetSales	0.073	Pure	7.3	CurrentYearDuration_NonConsolidatedMember_ResultMember	/disc/18790/081220180509430821_tse-acedjpsm-18790-20180509430821-ixbrl.htm
2018-05-10	年次	当期	単体	実績		営業利益	OperatingIncome	13564000000	JPY	13,564	CurrentYearDuration_NonConsolidatedMember_ResultMember	/disc/18790/081220180509430821_tse-acedjpsm-18790-20180509430821-ixbrl.htm
2018-05-10	年次	当期	単体	実績		営業利益の増減率	ChangeInOperatingIncome	0.094	Pure	9.4	CurrentYearDuration_NonConsolidatedMember_ResultMember	/disc/18790/081220180509430821_tse-acedjpsm-18790-20180509430821-ixbrl.htm
2018-05-10	年次	当期	単体	実績		経常利益	OrdinaryIncome	13988000000	JPY	13,988	CurrentYearDuration_NonConsolidatedMember_ResultMember	/disc/18790/081220180509430821_tse-acedjpsm-18790-20180509430821-ixbrl.htm
2018-05-10	年次	当期	単体	実績		経常利益の増減率	ChangeInOrdinaryIncome	0.093	Pure	9.3	CurrentYearDuration_NonConsolidatedMember_ResultMember	/disc/18790/081220180509430821_tse-acedjpsm-18790-20180509430821-ixbrl.htm
2018-05-10	年次	当期	単体	実績		当期純利益	NetIncome	8905000000	JPY	8,905	CurrentYearDuration_NonConsolidatedMember_ResultMember	/disc/18790/081220180509430821_tse-acedjpsm-18790-20180509430821-ixbrl.htm
2018-05-10	年次	当期	単体	実績		当期純利益の増減率	ChangeInNetIncome	-0.251	Pure	25.1	CurrentYearDuration_NonConsolidatedMember_ResultMember	/disc/18790/081220180509430821_tse-acedjpsm-18790-20180509430821-ixbrl.htm
2018-05-10	年次	前期	単体	実績		売上高	NetSales	75957000000	JPY	75,957	PriorYearDuration_NonConsolidatedMember_ResultMember	/disc/18790/081220180509430821_tse-acedjpsm-18790-20180509430821-ixbrl.htm
2018-05-10	年次	前期	単体	実績		売上高の増減率	ChangeInNetSales	0.140	Pure	14.0	PriorYearDuration_NonConsolidatedMember_ResultMember	/disc/18790/081220180509430821_tse-acedjpsm-18790-20180509430821-ixbrl.htm
2018-05-10	年次	前期	単体	実績		営業利益	OperatingIncome	12404000000	JPY	12,404	PriorYearDuration_NonConsolidatedMember_ResultMember	/disc/18790/081220180509430821_tse-acedjpsm-18790-20180509430821-ixbrl.htm
2018-05-10	年次	前期	単体	実績		営業利益の増減率	ChangeInOperatingIncome	0.164	Pure	16.4	PriorYearDuration_NonConsolidatedMember_ResultMember	/disc/18790/081220180509430821_tse-acedjpsm-18790-20180509430821-ixbrl.htm
2018-05-10	年次	前期	単体	実績		経常利益	OrdinaryIncome	12800000000	JPY	12,800	PriorYearDuration_NonConsolidatedMember_ResultMember	/disc/18790/081220180509430821_tse-acedjpsm-18790-20180509430821-ixbrl.htm
2018-05-10	年次	前期	単体	実績		経常利益の増減率	ChangeInOrdinaryIncome	0.160	Pure	16.0	PriorYearDuration_NonConsolidatedMember_ResultMember	/disc/18790/081220180509430821_tse-acedjpsm-18790-20180509430821-ixbrl.htm
2018-05-10	年次	前期	単体	実績		当期純利益	NetIncome	11889000000	JPY	11,889	PriorYearDuration_NonConsolidatedMember_ResultMember	/disc/18790/081220180509430821_tse-acedjpsm-18790-20180509430821-ixbrl.htm
2018-05-10	年次	前期	単体	実績		当期純利益の増減率	ChangeInNetIncome	0.610	Pure	61.0	PriorYearDuration_NonConsolidatedMember_ResultMember	/disc/18790/081220180509430821_tse-acedjpsm-18790-20180509430821-ixbrl.htm
2018-05-10	年次	当期	単体	実績		1株当たり当期純利益	NetIncomePerShare	152.34	JPYPerShares	152.34	CurrentYearDuration_NonConsolidatedMember_ResultMember	/disc/18790/081220180509430821_tse-acedjpsm-18790-20180509430821-ixbrl.htm
2018-05-10	年次	前期	単体	実績		1株当たり当期純利益	NetIncomePerShare	203.36	JPYPerShares	203.36	PriorYearDuration_NonConsolidatedMember_ResultMember	/disc/18790/081220180509430821_tse-acedjpsm-18790-20180509430821-ixbrl.htm
2018-05-10	年次	当期	単体	実績		総資産	TotalAssets	89318000000	JPY	89,318	CurrentYearInstant_NonConsolidatedMember_ResultMember	/disc/18790/081220180509430821_tse-acedjpsm-18790-20180509430821-ixbrl.htm
2018-05-10	年次	当期	単体	実績		純資産	NetAssets	51619000000	JPY	51,619	CurrentYearInstant_NonConsolidatedMember_ResultMember	/disc/18790/081220180509430821_tse-acedjpsm-18790-20180509430821-ixbrl.htm
2018-05-10	年次	当期	単体	実績		自己資本比率	CapitalAdequacyRatio	0.578	Pure	57.8	CurrentYearInstant_NonConsolidatedMember_ResultMember	/disc/18790/081220180509430821_tse-acedjpsm-18790-20180509430821-ixbrl.htm
2018-05-10	年次	当期	単体	実績		1株当たり純資産	NetAssetsPerShare	882.97	JPYPerShares	882.97	CurrentYearInstant_NonConsolidatedMember_ResultMember	/disc/18790/081220180509430821_tse-acedjpsm-18790-20180509430821-ixbrl.htm
2018-05-10	年次	前期	単体	実績		総資産	TotalAssets	80027000000	JPY	80,027	PriorYearInstant_NonConsolidatedMember_ResultMember	/disc/18790/081220180509430821_tse-acedjpsm-18790-20180509430821-ixbrl.htm
2018-05-10	年次	前期	単体	実績		純資産	NetAssets	43755000000	JPY	43,755	PriorYearInstant_NonConsolidatedMember_ResultMember	/disc/18790/081220180509430821_tse-acedjpsm-18790-20180509430821-ixbrl.htm
2018-05-10	年次	前期	単体	実績		自己資本比率	CapitalAdequacyRatio	0.547	Pure	54.7	PriorYearInstant_NonConsolidatedMember_ResultMember	/disc/18790/081220180509430821_tse-acedjpsm-18790-20180509430821-ixbrl.htm
2018-05-10	年次	前期	単体	実績		1株当たり純資産	NetAssetsPerShare	748.45	JPYPerShares	748.45	PriorYearInstant_NonConsolidatedMember_ResultMember	/disc/18790/081220180509430821_tse-acedjpsm-18790-20180509430821-ixbrl.htm
2018-05-10	年次	当期	単体	実績		自己資本	OwnersEquity	51619000000	JPY	51,619	CurrentYearInstant_NonConsolidatedMember_ResultMember	/disc/18790/081220180509430821_tse-acedjpsm-18790-20180509430821-ixbrl.htm
2018-05-10	年次	前期	単体	実績		自己資本	OwnersEquity	43755000000	JPY	43,755	PriorYearInstant_NonConsolidatedMember_ResultMember	/disc/18790/081220180509430821_tse-acedjpsm-18790-20180509430821-ixbrl.htm
2018-05-10	年次	来期				将来情報の利用に関する注意	NotesForUsingForecastedInformationAndOthers			本資料に掲載されている業績予想等の将来に関する記述は、発表日現在で当社が入手可能な情報及び合理的であると判断する一定の前提に基づいて作成したものであります。実際の業績は今後様々な要因によって予想値と異なる場合があります。なお、上記予想については、添付資料P.3「１．経営成績等の概況（4）今後の見通し」をご覧ください。	NextYearDuration	/disc/18790/081220180509430821_tse-acedjpsm-18790-20180509430821-ixbrl.htm
2018-05-10	年次	当期				決算期末	FiscalYearEnd			2018-03-31	CurrentYearInstant	/disc/18790/081220180509430821_tse-acedjpsm-18790-20180509430821-ixbrl.htm
2018-08-09	四半期	当期第1四半期累計				書類名	DocumentName			第1四半期決算短信〔日本基準〕（連結）	CurrentAccumulatedQ1Instant	/disc/18790/081220180807492908_tse-qcedjpsm-18790-20180807492908-ixbrl.htm
2018-08-09	四半期	当期第1四半期累計				提出日	FilingDate			平成30年8月9日	CurrentAccumulatedQ1Instant	/disc/18790/081220180807492908_tse-qcedjpsm-18790-20180807492908-ixbrl.htm
2018-08-09	四半期	当期第1四半期累計				会社名	CompanyName			新日本建設株式会社	CurrentAccumulatedQ1Instant	/disc/18790/081220180807492908_tse-qcedjpsm-18790-20180807492908-ixbrl.htm
2018-08-09	四半期	当期第1四半期累計					TokyoStockExchange			東	CurrentAccumulatedQ1Instant	/disc/18790/081220180807492908_tse-qcedjpsm-18790-20180807492908-ixbrl.htm
2018-08-09	四半期	当期第1四半期累計				証券コード	SecuritiesCode			18790	CurrentAccumulatedQ1Instant	/disc/18790/081220180807492908_tse-qcedjpsm-18790-20180807492908-ixbrl.htm
2018-08-09	四半期	当期第1四半期累計				URL	URL			http://www.shinnihon-c.co.jp/	CurrentAccumulatedQ1Instant	/disc/18790/081220180807492908_tse-qcedjpsm-18790-20180807492908-ixbrl.htm
2018-08-09	四半期	当期第1四半期累計				代表者の役職	TitleRepresentative			代表取締役社長	CurrentAccumulatedQ1Instant	/disc/18790/081220180807492908_tse-qcedjpsm-18790-20180807492908-ixbrl.htm
2018-08-09	四半期	当期第1四半期累計				代表者名	NameRepresentative			高見 克司	CurrentAccumulatedQ1Instant	/disc/18790/081220180807492908_tse-qcedjpsm-18790-20180807492908-ixbrl.htm
2018-08-09	四半期	当期第1四半期累計					TitleInquiries			取締役常務執行役員管理本部長	CurrentAccumulatedQ1Instant	/disc/18790/081220180807492908_tse-qcedjpsm-18790-20180807492908-ixbrl.htm
2018-08-09	四半期	当期第1四半期累計					NameInquiries			高橋 苗樹	CurrentAccumulatedQ1Instant	/disc/18790/081220180807492908_tse-qcedjpsm-18790-20180807492908-ixbrl.htm
2018-08-09	四半期	当期第1四半期累計					Tel			043-213-1111	CurrentAccumulatedQ1Instant	/disc/18790/081220180807492908_tse-qcedjpsm-18790-20180807492908-ixbrl.htm
2018-08-09	四半期	当期第1四半期累計					QuarterlyStatementFilingDateAsPlanned			平成30年8月9日	CurrentAccumulatedQ1Instant	/disc/18790/081220180807492908_tse-qcedjpsm-18790-20180807492908-ixbrl.htm
2018-08-09	四半期	当期第1四半期累計					SupplementalMaterialOfQuarterlyResults			無	CurrentAccumulatedQ1Instant	/disc/18790/081220180807492908_tse-qcedjpsm-18790-20180807492908-ixbrl.htm
2018-08-09	四半期	当期第1四半期累計					ConveningBriefingOfQuarterlyResults			無	CurrentAccumulatedQ1Instant	/disc/18790/081220180807492908_tse-qcedjpsm-18790-20180807492908-ixbrl.htm
2018-08-09	四半期	当期第1四半期累計					NoteToFractionProcessingMethod			（百万円未満切捨て）	CurrentAccumulatedQ1Instant	/disc/18790/081220180807492908_tse-qcedjpsm-18790-20180807492908-ixbrl.htm
2018-08-09	四半期	当期第1四半期累計	連結	実績		売上高	NetSales	17323000000	JPY	17,323	CurrentAccumulatedQ1Duration_ConsolidatedMember_ResultMember	/disc/18790/081220180807492908_tse-qcedjpsm-18790-20180807492908-ixbrl.htm
2018-08-09	四半期	当期第1四半期累計	連結	実績		売上高の増減率	ChangeInNetSales	0.040	Pure	4.0	CurrentAccumulatedQ1Duration_ConsolidatedMember_ResultMember	/disc/18790/081220180807492908_tse-qcedjpsm-18790-20180807492908-ixbrl.htm
2018-08-09	四半期	当期第1四半期累計	連結	実績		営業利益	OperatingIncome	2483000000	JPY	2,483	CurrentAccumulatedQ1Duration_ConsolidatedMember_ResultMember	/disc/18790/081220180807492908_tse-qcedjpsm-18790-20180807492908-ixbrl.htm
2018-08-09	四半期	当期第1四半期累計	連結	実績		営業利益の増減率	ChangeInOperatingIncome	0.156	Pure	15.6	CurrentAccumulatedQ1Duration_ConsolidatedMember_ResultMember	/disc/18790/081220180807492908_tse-qcedjpsm-18790-20180807492908-ixbrl.htm
2018-08-09	四半期	当期第1四半期累計	連結	実績		経常利益	OrdinaryIncome	2405000000	JPY	2,405	CurrentAccumulatedQ1Duration_ConsolidatedMember_ResultMember	/disc/18790/081220180807492908_tse-qcedjpsm-18790-20180807492908-ixbrl.htm
2018-08-09	四半期	当期第1四半期累計	連結	実績		経常利益の増減率	ChangeInOrdinaryIncome	0.140	Pure	14.0	CurrentAccumulatedQ1Duration_ConsolidatedMember_ResultMember	/disc/18790/081220180807492908_tse-qcedjpsm-18790-20180807492908-ixbrl.htm
2018-08-09	四半期	当期第1四半期累計	連結	実績		親会社株主に帰属する当期純利益	ProfitAttributableToOwnersOfParent	1652000000	JPY	1,652	CurrentAccumulatedQ1Duration_ConsolidatedMember_ResultMember	/disc/18790/081220180807492908_tse-qcedjpsm-18790-20180807492908-ixbrl.htm
2018-08-09	四半期	当期第1四半期累計	連結	実績		親会社株主に帰属する当期純利益の増減率	ChangeInProfitAttributableToOwnersOfParent	0.139	Pure	13.9	CurrentAccumulatedQ1Duration_ConsolidatedMember_ResultMember	/disc/18790/081220180807492908_tse-qcedjpsm-18790-20180807492908-ixbrl.htm
2018-08-09	四半期	前期第1四半期累計	連結	実績		売上高	NetSales	16663000000	JPY	16,663	PriorAccumulatedQ1Duration_ConsolidatedMember_ResultMember	/disc/18790/081220180807492908_tse-qcedjpsm-18790-20180807492908-ixbrl.htm
2018-08-09	四半期	前期第1四半期累計	連結	実績		売上高の増減率	ChangeInNetSales	0.066	Pure	6.6	PriorAccumulatedQ1Duration_ConsolidatedMember_ResultMember	/disc/18790/081220180807492908_tse-qcedjpsm-18790-20180807492908-ixbrl.htm
2018-08-09	四半期	前期第1四半期累計	連結	実績		営業利益	OperatingIncome	2147000000	JPY	2,147	PriorAccumulatedQ1Duration_ConsolidatedMember_ResultMember	/disc/18790/081220180807492908_tse-qcedjpsm-18790-20180807492908-ixbrl.htm
2018-08-09	四半期	前期第1四半期累計	連結	実績		営業利益の増減率	ChangeInOperatingIncome	-0.060	Pure	6.0	PriorAccumulatedQ1Duration_ConsolidatedMember_ResultMember	/disc/18790/081220180807492908_tse-qcedjpsm-18790-20180807492908-ixbrl.htm
2018-08-09	四半期	前期第1四半期累計	連結	実績		経常利益	OrdinaryIncome	2110000000	JPY	2,110	PriorAccumulatedQ1Duration_ConsolidatedMember_ResultMember	/disc/18790/081220180807492908_tse-qcedjpsm-18790-20180807492908-ixbrl.htm
2018-08-09	四半期	前期第1四半期累計	連結	実績		経常利益の増減率	ChangeInOrdinaryIncome	0.009	Pure	0.9	PriorAccumulatedQ1Duration_ConsolidatedMember_ResultMember	/disc/18790/081220180807492908_tse-qcedjpsm-18790-20180807492908-ixbrl.htm
2018-08-09	四半期	前期第1四半期累計	連結	実績		親会社株主に帰属する当期純利益	ProfitAttributableToOwnersOfParent	1450000000	JPY	1,450	PriorAccumulatedQ1Duration_ConsolidatedMember_ResultMember	/disc/18790/081220180807492908_tse-qcedjpsm-18790-20180807492908-ixbrl.htm
2018-08-09	四半期	前期第1四半期累計	連結	実績		親会社株主に帰属する当期純利益の増減率	ChangeInProfitAttributableToOwnersOfParent	-0.753	Pure	75.3	PriorAccumulatedQ1Duration_ConsolidatedMember_ResultMember	/disc/18790/081220180807492908_tse-qcedjpsm-18790-20180807492908-ixbrl.htm
2018-08-09	四半期	当期第1四半期累計	連結	実績		包括利益	ComprehensiveIncome	1649000000	JPY	1,649	CurrentAccumulatedQ1Duration_ConsolidatedMember_ResultMember	/disc/18790/081220180807492908_tse-qcedjpsm-18790-20180807492908-ixbrl.htm
2018-08-09	四半期	当期第1四半期累計	連結	実績		包括利益の増減率	ChangeInComprehensiveIncome	0.107	Pure	10.7	CurrentAccumulatedQ1Duration_ConsolidatedMember_ResultMember	/disc/18790/081220180807492908_tse-qcedjpsm-18790-20180807492908-ixbrl.htm
2018-08-09	四半期	前期第1四半期累計	連結	実績		包括利益	ComprehensiveIncome	1490000000	JPY	1,490	PriorAccumulatedQ1Duration_ConsolidatedMember_ResultMember	/disc/18790/081220180807492908_tse-qcedjpsm-18790-20180807492908-ixbrl.htm
2018-08-09	四半期	前期第1四半期累計	連結	実績		包括利益の増減率	ChangeInComprehensiveIncome	-0.733	Pure	73.3	PriorAccumulatedQ1Duration_ConsolidatedMember_ResultMember	/disc/18790/081220180807492908_tse-qcedjpsm-18790-20180807492908-ixbrl.htm
2018-08-09	四半期	当期第1四半期累計	連結	実績		1株当たり当期純利益	NetIncomePerShare	28.26	JPYPerShares	28.26	CurrentAccumulatedQ1Duration_ConsolidatedMember_ResultMember	/disc/18790/081220180807492908_tse-qcedjpsm-18790-20180807492908-ixbrl.htm
2018-08-09	四半期	前期第1四半期累計	連結	実績		1株当たり当期純利益	NetIncomePerShare	24.80	JPYPerShares	24.80	PriorAccumulatedQ1Duration_ConsolidatedMember_ResultMember	/disc/18790/081220180807492908_tse-qcedjpsm-18790-20180807492908-ixbrl.htm
2018-08-09	四半期	当期第1四半期累計	連結	実績		総資産	TotalAssets	95751000000	JPY	95,751	CurrentAccumulatedQ1Instant_ConsolidatedMember_ResultMember	/disc/18790/081220180807492908_tse-qcedjpsm-18790-20180807492908-ixbrl.htm
2018-08-09	四半期	当期第1四半期累計	連結	実績		純資産	NetAssets	56393000000	JPY	56,393	CurrentAccumulatedQ1Instant_ConsolidatedMember_ResultMember	/disc/18790/081220180807492908_tse-qcedjpsm-18790-20180807492908-ixbrl.htm
2018-08-09	四半期	当期第1四半期累計	連結	実績		自己資本比率	CapitalAdequacyRatio	0.589	Pure	58.9	CurrentAccumulatedQ1Instant_ConsolidatedMember_ResultMember	/disc/18790/081220180807492908_tse-qcedjpsm-18790-20180807492908-ixbrl.htm
2018-08-09	四半期	前期	連結	実績		総資産	TotalAssets	101421000000	JPY	101,421	PriorYearInstant_ConsolidatedMember_ResultMember	/disc/18790/081220180807492908_tse-qcedjpsm-18790-20180807492908-ixbrl.htm
2018-08-09	四半期	前期	連結	実績		純資産	NetAssets	55270000000	JPY	55,270	PriorYearInstant_ConsolidatedMember_ResultMember	/disc/18790/081220180807492908_tse-qcedjpsm-18790-20180807492908-ixbrl.htm
2018-08-09	四半期	前期	連結	実績		自己資本比率	CapitalAdequacyRatio	0.545	Pure	54.5	PriorYearInstant_ConsolidatedMember_ResultMember	/disc/18790/081220180807492908_tse-qcedjpsm-18790-20180807492908-ixbrl.htm
2018-08-09	四半期	当期第1四半期累計	連結	実績		自己資本	OwnersEquity	56393000000	JPY	56,393	CurrentAccumulatedQ1Instant_ConsolidatedMember_ResultMember	/disc/18790/081220180807492908_tse-qcedjpsm-18790-20180807492908-ixbrl.htm
2018-08-09	四半期	前期	連結	実績		自己資本	OwnersEquity	55270000000	JPY	55,270	PriorYearInstant_ConsolidatedMember_ResultMember	/disc/18790/081220180807492908_tse-qcedjpsm-18790-20180807492908-ixbrl.htm
2018-08-09	四半期	前期	単体	実績	第2四半期末	1株当たり配当金	DividendPerShare	9.00	JPYPerShares	9.00	PriorYearDuration_SecondQuarterMember_NonConsolidatedMember_ResultMember	/disc/18790/081220180807492908_tse-qcedjpsm-18790-20180807492908-ixbrl.htm
2018-08-09	四半期	前期	単体	実績	期末	1株当たり配当金	DividendPerShare	9.00	JPYPerShares	9.00	PriorYearDuration_YearEndMember_NonConsolidatedMember_ResultMember	/disc/18790/081220180807492908_tse-qcedjpsm-18790-20180807492908-ixbrl.htm
2018-08-09	四半期	前期	単体	実績	合計	1株当たり配当金	DividendPerShare	18.00	JPYPerShares	18.00	PriorYearDuration_AnnualMember_NonConsolidatedMember_ResultMember	/disc/18790/081220180807492908_tse-qcedjpsm-18790-20180807492908-ixbrl.htm
2018-08-09	四半期	当期	単体	予想	第2四半期末	1株当たり配当金	DividendPerShare	9.00	JPYPerShares	9.00	CurrentYearDuration_SecondQuarterMember_NonConsolidatedMember_ForecastMember	/disc/18790/081220180807492908_tse-qcedjpsm-18790-20180807492908-ixbrl.htm
2018-08-09	四半期	当期	単体	予想	期末	1株当たり配当金	DividendPerShare	9.00	JPYPerShares	9.00	CurrentYearDuration_YearEndMember_NonConsolidatedMember_ForecastMember	/disc/18790/081220180807492908_tse-qcedjpsm-18790-20180807492908-ixbrl.htm
2018-08-09	四半期	当期	単体	予想	合計	1株当たり配当金	DividendPerShare	18.00	JPYPerShares	18.00	CurrentYearDuration_AnnualMember_NonConsolidatedMember_ForecastMember	/disc/18790/081220180807492908_tse-qcedjpsm-18790-20180807492908-ixbrl.htm
2018-08-09	四半期	当期	単体	実績	合計	当四半期における配当予想の修正	CorrectionOfDividendForecastInThisQuarter			無	CurrentYearDuration_AnnualMember_NonConsolidatedMember_ResultMember	/disc/18790/081220180807492908_tse-qcedjpsm-18790-20180807492908-ixbrl.htm
2018-08-09	四半期	当期	連結	予想		業績予想の見出し	TitleForForecasts			3. 平成31年 3月期の連結業績予想（平成30年 4月 1日～平成31年 3月31日）	CurrentYearDuration_ConsolidatedMember_ForecastMember	/disc/18790/081220180807492908_tse-qcedjpsm-18790-20180807492908-ixbrl.htm
2018-08-09	四半期	当期	連結	予想		売上高	NetSales	103000000000	JPY	103,000	CurrentYearDuration_ConsolidatedMember_ForecastMember	/disc/18790/081220180807492908_tse-qcedjpsm-18790-20180807492908-ixbrl.htm
2018-08-09	四半期	当期	連結	予想		売上高の増減率	ChangeInNetSales	0.080	Pure	8.0	CurrentYearDuration_ConsolidatedMember_ForecastMember	/disc/18790/081220180807492908_tse-qcedjpsm-18790-20180807492908-ixbrl.htm
2018-08-09	四半期	当期	連結	予想		営業利益	OperatingIncome	14200000000	JPY	14,200	CurrentYearDuration_ConsolidatedMember_ForecastMember	/disc/18790/081220180807492908_tse-qcedjpsm-18790-20180807492908-ixbrl.htm
2018-08-09	四半期	当期	連結	予想		営業利益の増減率	ChangeInOperatingIncome	0.037	Pure	3.7	CurrentYearDuration_ConsolidatedMember_ForecastMember	/disc/18790/081220180807492908_tse-qcedjpsm-18790-20180807492908-ixbrl.htm
2018-08-09	四半期	当期	連結	予想		経常利益	OrdinaryIncome	14000000000	JPY	14,000	CurrentYearDuration_ConsolidatedMember_ForecastMember	/disc/18790/081220180807492908_tse-qcedjpsm-18790-20180807492908-ixbrl.htm
2018-08-09	四半期	当期	連結	予想		経常利益の増減率	ChangeInOrdinaryIncome	0.035	Pure	3.5	CurrentYearDuration_ConsolidatedMember_ForecastMember	/disc/18790/081220180807492908_tse-qcedjpsm-18790-20180807492908-ixbrl.htm
2018-08-09	四半期	当期	連結	予想		親会社株主に帰属する当期純利益	ProfitAttributableToOwnersOfParent	9300000000	JPY	9,300	CurrentYearDuration_ConsolidatedMember_ForecastMember	/disc/18790/081220180807492908_tse-qcedjpsm-18790-20180807492908-ixbrl.htm
2018-08-09	四半期	当期	連結	予想		親会社株主に帰属する当期純利益の増減率	ChangeInProfitAttributableToOwnersOfParent	0.041	Pure	4.1	CurrentYearDuration_ConsolidatedMember_ForecastMember	/disc/18790/081220180807492908_tse-qcedjpsm-18790-20180807492908-ixbrl.htm
2018-08-09	四半期	当期	連結	予想		1株当たり当期純利益	NetIncomePerShare	159.08	JPYPerShares	159.08	CurrentYearDuration_ConsolidatedMember_ForecastMember	/disc/18790/081220180807492908_tse-qcedjpsm-18790-20180807492908-ixbrl.htm
2018-08-09	四半期	当期	連結	予想		当四半期における業績予想の修正	CorrectionOfConsolidatedFinancialForecastInThisQuarter			無	CurrentYearDuration_ConsolidatedMember_ForecastMember	/disc/18790/081220180807492908_tse-qcedjpsm-18790-20180807492908-ixbrl.htm
2018-08-09	四半期	当期第1四半期累計	連結	実績			MaterialChangesInSubsidiariesDuringThisPeriodChangesInScopeOfConsolidationsResultingFromChangeIsSubsidiaries			無	CurrentAccumulatedQ1Duration_ConsolidatedMember_ResultMember	/disc/18790/081220180807492908_tse-qcedjpsm-18790-20180807492908-ixbrl.htm
2018-08-09	四半期	当期第1四半期累計	連結	実績			ApplyingOfSpecificAccountingOfTheConsolidatedQuarterlyFinancialStatements			無	CurrentAccumulatedQ1Duration_ConsolidatedMember_ResultMember	/disc/18790/081220180807492908_tse-qcedjpsm-18790-20180807492908-ixbrl.htm
2018-08-09	四半期	当期第1四半期累計	連結	実績		会計基準等の改正に伴う変更	ChangesBasedOnRevisionsOfAccountingStandard			無	CurrentAccumulatedQ1Duration_ConsolidatedMember_ResultMember	/disc/18790/081220180807492908_tse-qcedjpsm-18790-20180807492908-ixbrl.htm
2018-08-09	四半期	当期第1四半期累計	連結	実績		それ以外の会計方針の変更	ChangesOtherThanOnesBasedOnRevisionsOfAccountingStandard			無	CurrentAccumulatedQ1Duration_ConsolidatedMember_ResultMember	/disc/18790/081220180807492908_tse-qcedjpsm-18790-20180807492908-ixbrl.htm
2018-08-09	四半期	当期第1四半期累計	連結	実績		会計上の見積りの変更	ChangesInAccountingEstimates			無	CurrentAccumulatedQ1Duration_ConsolidatedMember_ResultMember	/disc/18790/081220180807492908_tse-qcedjpsm-18790-20180807492908-ixbrl.htm
2018-08-09	四半期	当期第1四半期累計	連結	実績		修正再表示	RetrospectiveRestatement			無	CurrentAccumulatedQ1Duration_ConsolidatedMember_ResultMember	/disc/18790/081220180807492908_tse-qcedjpsm-18790-20180807492908-ixbrl.htm
2018-08-09	四半期	当期第1四半期累計	単体	実績		期末発行済株式数(自己株式を含む)	NumberOfIssuedAndOutstandingSharesAtTheEndOfFiscalYearIncludingTreasuryStock	61360720	Shares	61,360,720	CurrentAccumulatedQ1Instant_NonConsolidatedMember_ResultMember	/disc/18790/081220180807492908_tse-qcedjpsm-18790-20180807492908-ixbrl.htm
2018-08-09	四半期	前期	単体	実績		期末発行済株式数(自己株式を含む)	NumberOfIssuedAndOutstandingSharesAtTheEndOfFiscalYearIncludingTreasuryStock	61360720	Shares	61,360,720	PriorYearInstant_NonConsolidatedMember_ResultMember	/disc/18790/081220180807492908_tse-qcedjpsm-18790-20180807492908-ixbrl.htm
2018-08-09	四半期	当期第1四半期累計	単体	実績		期末自己株式数	NumberOfTreasuryStockAtTheEndOfFiscalYear	2899604	Shares	2,899,604	CurrentAccumulatedQ1Instant_NonConsolidatedMember_ResultMember	/disc/18790/081220180807492908_tse-qcedjpsm-18790-20180807492908-ixbrl.htm
2018-08-09	四半期	前期	単体	実績		期末自己株式数	NumberOfTreasuryStockAtTheEndOfFiscalYear	2899370	Shares	2,899,370	PriorYearInstant_NonConsolidatedMember_ResultMember	/disc/18790/081220180807492908_tse-qcedjpsm-18790-20180807492908-ixbrl.htm
2018-08-09	四半期	当期第1四半期累計	単体	実績		期中平均株式数	AverageNumberOfShares	58461173	Shares	58,461,173	CurrentAccumulatedQ1Duration_NonConsolidatedMember_ResultMember	/disc/18790/081220180807492908_tse-qcedjpsm-18790-20180807492908-ixbrl.htm
2018-08-09	四半期	前期第1四半期累計	単体	実績		期中平均株式数	AverageNumberOfShares	58461907	Shares	58,461,907	PriorAccumulatedQ1Duration_NonConsolidatedMember_ResultMember	/disc/18790/081220180807492908_tse-qcedjpsm-18790-20180807492908-ixbrl.htm
2018-08-09	四半期	当期				将来情報の利用に関する注意	NotesForUsingForecastedInformationAndOthers			本資料に記載されている業績見通し等の将来に関する記述は、当社が現在入手している情報及び合理的であると判断する一定の前提に基づいており、その達成を当社として約束する趣旨のものではありません。また、実際の業績等は様々な要因により大きく異なる可能性があります。	CurrentYearDuration	/disc/18790/081220180807492908_tse-qcedjpsm-18790-20180807492908-ixbrl.htm
2018-08-09	四半期	当期				決算期末	FiscalYearEnd			2019-03-31	CurrentYearInstant	/disc/18790/081220180807492908_tse-qcedjpsm-18790-20180807492908-ixbrl.htm
2018-08-09	四半期	当期第1四半期累計				四半期	QuarterlyPeriod	1	Pure	1	CurrentAccumulatedQ1Instant	/disc/18790/081220180807492908_tse-qcedjpsm-18790-20180807492908-ixbrl.htm
2018-11-14	四半期	当期第2四半期累計				書類名	DocumentName			第2四半期決算短信〔日本基準〕（連結）	CurrentAccumulatedQ2Instant	/disc/18790/081220181112435349_tse-qcedjpsm-18790-20181112435349-ixbrl.htm
2018-11-14	四半期	当期第2四半期累計				提出日	FilingDate			平成30年11月14日	CurrentAccumulatedQ2Instant	/disc/18790/081220181112435349_tse-qcedjpsm-18790-20181112435349-ixbrl.htm
2018-11-14	四半期	当期第2四半期累計				会社名	CompanyName			新日本建設株式会社	CurrentAccumulatedQ2Instant	/disc/18790/081220181112435349_tse-qcedjpsm-18790-20181112435349-ixbrl.htm
2018-11-14	四半期	当期第2四半期累計					TokyoStockExchange			東	CurrentAccumulatedQ2Instant	/disc/18790/081220181112435349_tse-qcedjpsm-18790-20181112435349-ixbrl.htm
2018-11-14	四半期	当期第2四半期累計				証券コード	SecuritiesCode			18790	CurrentAccumulatedQ2Instant	/disc/18790/081220181112435349_tse-qcedjpsm-18790-20181112435349-ixbrl.htm
2018-11-14	四半期	当期第2四半期累計				URL	URL			http://www.shinnihon-c.co.jp/	CurrentAccumulatedQ2Instant	/disc/18790/081220181112435349_tse-qcedjpsm-18790-20181112435349-ixbrl.htm
2018-11-14	四半期	当期第2四半期累計				代表者の役職	TitleRepresentative			代表取締役社長	CurrentAccumulatedQ2Instant	/disc/18790/081220181112435349_tse-qcedjpsm-18790-20181112435349-ixbrl.htm
2018-11-14	四半期	当期第2四半期累計				代表者名	NameRepresentative			高見 克司	CurrentAccumulatedQ2Instant	/disc/18790/081220181112435349_tse-qcedjpsm-18790-20181112435349-ixbrl.htm
2018-11-14	四半期	当期第2四半期累計					TitleInquiries			取締役常務執行役員管理本部長	CurrentAccumulatedQ2Instant	/disc/18790/081220181112435349_tse-qcedjpsm-18790-20181112435349-ixbrl.htm
2018-11-14	四半期	当期第2四半期累計					NameInquiries			高橋 苗樹	CurrentAccumulatedQ2Instant	/disc/18790/081220181112435349_tse-qcedjpsm-18790-20181112435349-ixbrl.htm
2018-11-14	四半期	当期第2四半期累計					Tel			043-213-1111	CurrentAccumulatedQ2Instant	/disc/18790/081220181112435349_tse-qcedjpsm-18790-20181112435349-ixbrl.htm
2018-11-14	四半期	当期第2四半期累計					QuarterlyStatementFilingDateAsPlanned			平成30年11月14日	CurrentAccumulatedQ2Instant	/disc/18790/081220181112435349_tse-qcedjpsm-18790-20181112435349-ixbrl.htm
2018-11-14	四半期	当期第2四半期累計					DividendPayableDateAsPlanned			平成30年12月4日	CurrentAccumulatedQ2Instant	/disc/18790/081220181112435349_tse-qcedjpsm-18790-20181112435349-ixbrl.htm
2018-11-14	四半期	当期第2四半期累計					SupplementalMaterialOfQuarterlyResults			無	CurrentAccumulatedQ2Instant	/disc/18790/081220181112435349_tse-qcedjpsm-18790-20181112435349-ixbrl.htm
2018-11-14	四半期	当期第2四半期累計					ConveningBriefingOfQuarterlyResults			無	CurrentAccumulatedQ2Instant	/disc/18790/081220181112435349_tse-qcedjpsm-18790-20181112435349-ixbrl.htm
2018-11-14	四半期	当期第2四半期累計					NoteToFractionProcessingMethod			（百万円未満切捨て）	CurrentAccumulatedQ2Instant	/disc/18790/081220181112435349_tse-qcedjpsm-18790-20181112435349-ixbrl.htm
2018-11-14	四半期	当期第2四半期累計	連結	実績		売上高	NetSales	42203000000	JPY	42,203	CurrentAccumulatedQ2Duration_ConsolidatedMember_ResultMember	/disc/18790/081220181112435349_tse-qcedjpsm-18790-20181112435349-ixbrl.htm
2018-11-14	四半期	当期第2四半期累計	連結	実績		売上高の増減率	ChangeInNetSales	0.211	Pure	21.1	CurrentAccumulatedQ2Duration_ConsolidatedMember_ResultMember	/disc/18790/081220181112435349_tse-qcedjpsm-18790-20181112435349-ixbrl.htm
2018-11-14	四半期	当期第2四半期累計	連結	実績		営業利益	OperatingIncome	6017000000	JPY	6,017	CurrentAccumulatedQ2Duration_ConsolidatedMember_ResultMember	/disc/18790/081220181112435349_tse-qcedjpsm-18790-20181112435349-ixbrl.htm
2018-11-14	四半期	当期第2四半期累計	連結	実績		営業利益の増減率	ChangeInOperatingIncome	0.129	Pure	12.9	CurrentAccumulatedQ2Duration_ConsolidatedMember_ResultMember	/disc/18790/081220181112435349_tse-qcedjpsm-18790-20181112435349-ixbrl.htm
2018-11-14	四半期	当期第2四半期累計	連結	実績		経常利益	OrdinaryIncome	5890000000	JPY	5,890	CurrentAccumulatedQ2Duration_ConsolidatedMember_ResultMember	/disc/18790/081220181112435349_tse-qcedjpsm-18790-20181112435349-ixbrl.htm
2018-11-14	四半期	当期第2四半期累計	連結	実績		経常利益の増減率	ChangeInOrdinaryIncome	0.115	Pure	11.5	CurrentAccumulatedQ2Duration_ConsolidatedMember_ResultMember	/disc/18790/081220181112435349_tse-qcedjpsm-18790-20181112435349-ixbrl.htm
2018-11-14	四半期	当期第2四半期累計	連結	実績		親会社株主に帰属する当期純利益	ProfitAttributableToOwnersOfParent	4038000000	JPY	4,038	CurrentAccumulatedQ2Duration_ConsolidatedMember_ResultMember	/disc/18790/081220181112435349_tse-qcedjpsm-18790-20181112435349-ixbrl.htm
2018-11-14	四半期	当期第2四半期累計	連結	実績		親会社株主に帰属する当期純利益の増減率	ChangeInProfitAttributableToOwnersOfParent	0.117	Pure	11.7	CurrentAccumulatedQ2Duration_ConsolidatedMember_ResultMember	/disc/18790/081220181112435349_tse-qcedjpsm-18790-20181112435349-ixbrl.htm
2018-11-14	四半期	前期第2四半期累計	連結	実績		売上高	NetSales	34855000000	JPY	34,855	PriorAccumulatedQ2Duration_ConsolidatedMember_ResultMember	/disc/18790/081220181112435349_tse-qcedjpsm-18790-20181112435349-ixbrl.htm
2018-11-14	四半期	前期第2四半期累計	連結	実績		売上高の増減率	ChangeInNetSales	-0.032	Pure	3.2	PriorAccumulatedQ2Duration_ConsolidatedMember_ResultMember	/disc/18790/081220181112435349_tse-qcedjpsm-18790-20181112435349-ixbrl.htm
2018-11-14	四半期	前期第2四半期累計	連結	実績		営業利益	OperatingIncome	5327000000	JPY	5,327	PriorAccumulatedQ2Duration_ConsolidatedMember_ResultMember	/disc/18790/081220181112435349_tse-qcedjpsm-18790-20181112435349-ixbrl.htm
2018-11-14	四半期	前期第2四半期累計	連結	実績		営業利益の増減率	ChangeInOperatingIncome	0.006	Pure	0.6	PriorAccumulatedQ2Duration_ConsolidatedMember_ResultMember	/disc/18790/081220181112435349_tse-qcedjpsm-18790-20181112435349-ixbrl.htm
2018-11-14	四半期	前期第2四半期累計	連結	実績		経常利益	OrdinaryIncome	5284000000	JPY	5,284	PriorAccumulatedQ2Duration_ConsolidatedMember_ResultMember	/disc/18790/081220181112435349_tse-qcedjpsm-18790-20181112435349-ixbrl.htm
2018-11-14	四半期	前期第2四半期累計	連結	実績		経常利益の増減率	ChangeInOrdinaryIncome	0.053	Pure	5.3	PriorAccumulatedQ2Duration_ConsolidatedMember_ResultMember	/disc/18790/081220181112435349_tse-qcedjpsm-18790-20181112435349-ixbrl.htm
2018-11-14	四半期	前期第2四半期累計	連結	実績		親会社株主に帰属する当期純利益	ProfitAttributableToOwnersOfParent	3615000000	JPY	3,615	PriorAccumulatedQ2Duration_ConsolidatedMember_ResultMember	/disc/18790/081220181112435349_tse-qcedjpsm-18790-20181112435349-ixbrl.htm
2018-11-14	四半期	前期第2四半期累計	連結	実績		親会社株主に帰属する当期純利益の増減率	ChangeInProfitAttributableToOwnersOfParent	-0.541	Pure	54.1	PriorAccumulatedQ2Duration_ConsolidatedMember_ResultMember	/disc/18790/081220181112435349_tse-qcedjpsm-18790-20181112435349-ixbrl.htm
2018-11-14	四半期	当期第2四半期累計	連結	実績		包括利益	ComprehensiveIncome	4051000000	JPY	4,051	CurrentAccumulatedQ2Duration_ConsolidatedMember_ResultMember	/disc/18790/081220181112435349_tse-qcedjpsm-18790-20181112435349-ixbrl.htm
2018-11-14	四半期	当期第2四半期累計	連結	実績		包括利益の増減率	ChangeInComprehensiveIncome	0.109	Pure	10.9	CurrentAccumulatedQ2Duration_ConsolidatedMember_ResultMember	/disc/18790/081220181112435349_tse-qcedjpsm-18790-20181112435349-ixbrl.htm
2018-11-14	四半期	前期第2四半期累計	連結	実績		包括利益	ComprehensiveIncome	3652000000	JPY	3,652	PriorAccumulatedQ2Duration_ConsolidatedMember_ResultMember	/disc/18790/081220181112435349_tse-qcedjpsm-18790-20181112435349-ixbrl.htm
2018-11-14	四半期	前期第2四半期累計	連結	実績		包括利益の増減率	ChangeInComprehensiveIncome	-0.519	Pure	51.9	PriorAccumulatedQ2Duration_ConsolidatedMember_ResultMember	/disc/18790/081220181112435349_tse-qcedjpsm-18790-20181112435349-ixbrl.htm
2018-11-14	四半期	当期第2四半期累計	連結	実績		1株当たり当期純利益	NetIncomePerShare	69.08	JPYPerShares	69.08	CurrentAccumulatedQ2Duration_ConsolidatedMember_ResultMember	/disc/18790/081220181112435349_tse-qcedjpsm-18790-20181112435349-ixbrl.htm
2018-11-14	四半期	前期第2四半期累計	連結	実績		1株当たり当期純利益	NetIncomePerShare	61.85	JPYPerShares	61.85	PriorAccumulatedQ2Duration_ConsolidatedMember_ResultMember	/disc/18790/081220181112435349_tse-qcedjpsm-18790-20181112435349-ixbrl.htm
2018-11-14	四半期	当期第2四半期累計	連結	実績		総資産	TotalAssets	99166000000	JPY	99,166	CurrentAccumulatedQ2Instant_ConsolidatedMember_ResultMember	/disc/18790/081220181112435349_tse-qcedjpsm-18790-20181112435349-ixbrl.htm
2018-11-14	四半期	当期第2四半期累計	連結	実績		純資産	NetAssets	58795000000	JPY	58,795	CurrentAccumulatedQ2Instant_ConsolidatedMember_ResultMember	/disc/18790/081220181112435349_tse-qcedjpsm-18790-20181112435349-ixbrl.htm
2018-11-14	四半期	当期第2四半期累計	連結	実績		自己資本比率	CapitalAdequacyRatio	0.593	Pure	59.3	CurrentAccumulatedQ2Instant_ConsolidatedMember_ResultMember	/disc/18790/081220181112435349_tse-qcedjpsm-18790-20181112435349-ixbrl.htm
2018-11-14	四半期	前期	連結	実績		総資産	TotalAssets	101421000000	JPY	101,421	PriorYearInstant_ConsolidatedMember_ResultMember	/disc/18790/081220181112435349_tse-qcedjpsm-18790-20181112435349-ixbrl.htm
2018-11-14	四半期	前期	連結	実績		純資産	NetAssets	55270000000	JPY	55,270	PriorYearInstant_ConsolidatedMember_ResultMember	/disc/18790/081220181112435349_tse-qcedjpsm-18790-20181112435349-ixbrl.htm
2018-11-14	四半期	前期	連結	実績		自己資本比率	CapitalAdequacyRatio	0.545	Pure	54.5	PriorYearInstant_ConsolidatedMember_ResultMember	/disc/18790/081220181112435349_tse-qcedjpsm-18790-20181112435349-ixbrl.htm
2018-11-14	四半期	当期第2四半期累計	連結	実績		自己資本	OwnersEquity	58795000000	JPY	58,795	CurrentAccumulatedQ2Instant_ConsolidatedMember_ResultMember	/disc/18790/081220181112435349_tse-qcedjpsm-18790-20181112435349-ixbrl.htm
2018-11-14	四半期	前期	連結	実績		自己資本	OwnersEquity	55270000000	JPY	55,270	PriorYearInstant_ConsolidatedMember_ResultMember	/disc/18790/081220181112435349_tse-qcedjpsm-18790-20181112435349-ixbrl.htm
2018-11-14	四半期	前期	単体	実績	第2四半期末	1株当たり配当金	DividendPerShare	9.00	JPYPerShares	9.00	PriorYearDuration_SecondQuarterMember_NonConsolidatedMember_ResultMember	/disc/18790/081220181112435349_tse-qcedjpsm-18790-20181112435349-ixbrl.htm
2018-11-14	四半期	前期	単体	実績	期末	1株当たり配当金	DividendPerShare	9.00	JPYPerShares	9.00	PriorYearDuration_YearEndMember_NonConsolidatedMember_ResultMember	/disc/18790/081220181112435349_tse-qcedjpsm-18790-20181112435349-ixbrl.htm
2018-11-14	四半期	前期	単体	実績	合計	1株当たり配当金	DividendPerShare	18.00	JPYPerShares	18.00	PriorYearDuration_AnnualMember_NonConsolidatedMember_ResultMember	/disc/18790/081220181112435349_tse-qcedjpsm-18790-20181112435349-ixbrl.htm
2018-11-14	四半期	当期	単体	実績	第2四半期末	1株当たり配当金	DividendPerShare	9.00	JPYPerShares	9.00	CurrentYearDuration_SecondQuarterMember_NonConsolidatedMember_ResultMember	/disc/18790/081220181112435349_tse-qcedjpsm-18790-20181112435349-ixbrl.htm
2018-11-14	四半期	当期	単体	予想	期末	1株当たり配当金	DividendPerShare	9.00	JPYPerShares	9.00	CurrentYearDuration_YearEndMember_NonConsolidatedMember_ForecastMember	/disc/18790/081220181112435349_tse-qcedjpsm-18790-20181112435349-ixbrl.htm
2018-11-14	四半期	当期	単体	予想	合計	1株当たり配当金	DividendPerShare	18.00	JPYPerShares	18.00	CurrentYearDuration_AnnualMember_NonConsolidatedMember_ForecastMember	/disc/18790/081220181112435349_tse-qcedjpsm-18790-20181112435349-ixbrl.htm
2018-11-14	四半期	当期	単体	実績	合計	当四半期における配当予想の修正	CorrectionOfDividendForecastInThisQuarter			無	CurrentYearDuration_AnnualMember_NonConsolidatedMember_ResultMember	/disc/18790/081220181112435349_tse-qcedjpsm-18790-20181112435349-ixbrl.htm
2018-11-14	四半期	当期	連結	予想		業績予想の見出し	TitleForForecasts			3. 平成31年 3月期の連結業績予想（平成30年 4月 1日～平成31年 3月31日）	CurrentYearDuration_ConsolidatedMember_ForecastMember	/disc/18790/081220181112435349_tse-qcedjpsm-18790-20181112435349-ixbrl.htm
2018-11-14	四半期	当期	連結	予想		売上高	NetSales	103000000000	JPY	103,000	CurrentYearDuration_ConsolidatedMember_ForecastMember	/disc/18790/081220181112435349_tse-qcedjpsm-18790-20181112435349-ixbrl.htm
2018-11-14	四半期	当期	連結	予想		売上高の増減率	ChangeInNetSales	0.080	Pure	8.0	CurrentYearDuration_ConsolidatedMember_ForecastMember	/disc/18790/081220181112435349_tse-qcedjpsm-18790-20181112435349-ixbrl.htm
2018-11-14	四半期	当期	連結	予想		営業利益	OperatingIncome	14200000000	JPY	14,200	CurrentYearDuration_ConsolidatedMember_ForecastMember	/disc/18790/081220181112435349_tse-qcedjpsm-18790-20181112435349-ixbrl.htm
2018-11-14	四半期	当期	連結	予想		営業利益の増減率	ChangeInOperatingIncome	0.037	Pure	3.7	CurrentYearDuration_ConsolidatedMember_ForecastMember	/disc/18790/081220181112435349_tse-qcedjpsm-18790-20181112435349-ixbrl.htm
2018-11-14	四半期	当期	連結	予想		経常利益	OrdinaryIncome	14000000000	JPY	14,000	CurrentYearDuration_ConsolidatedMember_ForecastMember	/disc/18790/081220181112435349_tse-qcedjpsm-18790-20181112435349-ixbrl.htm
2018-11-14	四半期	当期	連結	予想		経常利益の増減率	ChangeInOrdinaryIncome	0.035	Pure	3.5	CurrentYearDuration_ConsolidatedMember_ForecastMember	/disc/18790/081220181112435349_tse-qcedjpsm-18790-20181112435349-ixbrl.htm
2018-11-14	四半期	当期	連結	予想		親会社株主に帰属する当期純利益	ProfitAttributableToOwnersOfParent	9300000000	JPY	9,300	CurrentYearDuration_ConsolidatedMember_ForecastMember	/disc/18790/081220181112435349_tse-qcedjpsm-18790-20181112435349-ixbrl.htm
2018-11-14	四半期	当期	連結	予想		親会社株主に帰属する当期純利益の増減率	ChangeInProfitAttributableToOwnersOfParent	0.041	Pure	4.1	CurrentYearDuration_ConsolidatedMember_ForecastMember	/disc/18790/081220181112435349_tse-qcedjpsm-18790-20181112435349-ixbrl.htm
2018-11-14	四半期	当期	連結	予想		1株当たり当期純利益	NetIncomePerShare	159.08	JPYPerShares	159.08	CurrentYearDuration_ConsolidatedMember_ForecastMember	/disc/18790/081220181112435349_tse-qcedjpsm-18790-20181112435349-ixbrl.htm
2018-11-14	四半期	当期	連結	予想		当四半期における業績予想の修正	CorrectionOfConsolidatedFinancialForecastInThisQuarter			無	CurrentYearDuration_ConsolidatedMember_ForecastMember	/disc/18790/081220181112435349_tse-qcedjpsm-18790-20181112435349-ixbrl.htm
2018-11-14	四半期	当期第2四半期累計	連結	実績			MaterialChangesInSubsidiariesDuringThisPeriodChangesInScopeOfConsolidationsResultingFromChangeIsSubsidiaries			無	CurrentAccumulatedQ2Duration_ConsolidatedMember_ResultMember	/disc/18790/081220181112435349_tse-qcedjpsm-18790-20181112435349-ixbrl.htm
2018-11-14	四半期	当期第2四半期累計	連結	実績			ApplyingOfSpecificAccountingOfTheConsolidatedQuarterlyFinancialStatements			無	CurrentAccumulatedQ2Duration_ConsolidatedMember_ResultMember	/disc/18790/081220181112435349_tse-qcedjpsm-18790-20181112435349-ixbrl.htm
2018-11-14	四半期	当期第2四半期累計	連結	実績		会計基準等の改正に伴う変更	ChangesBasedOnRevisionsOfAccountingStandard			無	CurrentAccumulatedQ2Duration_ConsolidatedMember_ResultMember	/disc/18790/081220181112435349_tse-qcedjpsm-18790-20181112435349-ixbrl.htm
2018-11-14	四半期	当期第2四半期累計	連結	実績		それ以外の会計方針の変更	ChangesOtherThanOnesBasedOnRevisionsOfAccountingStandard			無	CurrentAccumulatedQ2Duration_ConsolidatedMember_ResultMember	/disc/18790/081220181112435349_tse-qcedjpsm-18790-20181112435349-ixbrl.htm
2018-11-14	四半期	当期第2四半期累計	連結	実績		会計上の見積りの変更	ChangesInAccountingEstimates			無	CurrentAccumulatedQ2Duration_ConsolidatedMember_ResultMember	/disc/18790/081220181112435349_tse-qcedjpsm-18790-20181112435349-ixbrl.htm
2018-11-14	四半期	当期第2四半期累計	連結	実績		修正再表示	RetrospectiveRestatement			無	CurrentAccumulatedQ2Duration_ConsolidatedMember_ResultMember	/disc/18790/081220181112435349_tse-qcedjpsm-18790-20181112435349-ixbrl.htm
2018-11-14	四半期	当期第2四半期累計	単体	実績		期末発行済株式数(自己株式を含む)	NumberOfIssuedAndOutstandingSharesAtTheEndOfFiscalYearIncludingTreasuryStock	61360720	Shares	61,360,720	CurrentAccumulatedQ2Instant_NonConsolidatedMember_ResultMember	/disc/18790/081220181112435349_tse-qcedjpsm-18790-20181112435349-ixbrl.htm
2018-11-14	四半期	前期	単体	実績		期末発行済株式数(自己株式を含む)	NumberOfIssuedAndOutstandingSharesAtTheEndOfFiscalYearIncludingTreasuryStock	61360720	Shares	61,360,720	PriorYearInstant_NonConsolidatedMember_ResultMember	/disc/18790/081220181112435349_tse-qcedjpsm-18790-20181112435349-ixbrl.htm
2018-11-14	四半期	当期第2四半期累計	単体	実績		期末自己株式数	NumberOfTreasuryStockAtTheEndOfFiscalYear	2899642	Shares	2,899,642	CurrentAccumulatedQ2Instant_NonConsolidatedMember_ResultMember	/disc/18790/081220181112435349_tse-qcedjpsm-18790-20181112435349-ixbrl.htm
2018-11-14	四半期	前期	単体	実績		期末自己株式数	NumberOfTreasuryStockAtTheEndOfFiscalYear	2899370	Shares	2,899,370	PriorYearInstant_NonConsolidatedMember_ResultMember	/disc/18790/081220181112435349_tse-qcedjpsm-18790-20181112435349-ixbrl.htm
2018-11-14	四半期	当期第2四半期累計	単体	実績		期中平均株式数	AverageNumberOfShares	58461135	Shares	58,461,135	CurrentAccumulatedQ2Duration_NonConsolidatedMember_ResultMember	/disc/18790/081220181112435349_tse-qcedjpsm-18790-20181112435349-ixbrl.htm
2018-11-14	四半期	前期第2四半期累計	単体	実績		期中平均株式数	AverageNumberOfShares	58461824	Shares	58,461,824	PriorAccumulatedQ2Duration_NonConsolidatedMember_ResultMember	/disc/18790/081220181112435349_tse-qcedjpsm-18790-20181112435349-ixbrl.htm
2018-11-14	四半期	当期				将来情報の利用に関する注意	NotesForUsingForecastedInformationAndOthers			本資料に記載されている業績見通し等の将来に関する記述は、当社が現在入手している情報及び合理的であると判断する一定の前提に基づいており、その達成を当社として約束する趣旨のものではありません。また、実際の業績等は様々な要因により大きく異なる可能性があります。	CurrentYearDuration	/disc/18790/081220181112435349_tse-qcedjpsm-18790-20181112435349-ixbrl.htm
2018-11-14	四半期	当期				決算期末	FiscalYearEnd			2019-03-31	CurrentYearInstant	/disc/18790/081220181112435349_tse-qcedjpsm-18790-20181112435349-ixbrl.htm
2018-11-14	四半期	当期第2四半期累計				四半期	QuarterlyPeriod	2	Pure	2	CurrentAccumulatedQ2Instant	/disc/18790/081220181112435349_tse-qcedjpsm-18790-20181112435349-ixbrl.htm
2019-02-08	四半期	当期第3四半期累計				書類名	DocumentName			第3四半期決算短信〔日本基準〕（連結）	CurrentAccumulatedQ3Instant	/disc/18790/081220190205470213_tse-qcedjpsm-18790-20190205470213-ixbrl.htm
2019-02-08	四半期	当期第3四半期累計				提出日	FilingDate			平成31年2月8日	CurrentAccumulatedQ3Instant	/disc/18790/081220190205470213_tse-qcedjpsm-18790-20190205470213-ixbrl.htm
2019-02-08	四半期	当期第3四半期累計				会社名	CompanyName			新日本建設株式会社	CurrentAccumulatedQ3Instant	/disc/18790/081220190205470213_tse-qcedjpsm-18790-20190205470213-ixbrl.htm
2019-02-08	四半期	当期第3四半期累計					TokyoStockExchange			東	CurrentAccumulatedQ3Instant	/disc/18790/081220190205470213_tse-qcedjpsm-18790-20190205470213-ixbrl.htm
2019-02-08	四半期	当期第3四半期累計				証券コード	SecuritiesCode			18790	CurrentAccumulatedQ3Instant	/disc/18790/081220190205470213_tse-qcedjpsm-18790-20190205470213-ixbrl.htm
2019-02-08	四半期	当期第3四半期累計				URL	URL			http://www.shinnihon-c.co.jp/	CurrentAccumulatedQ3Instant	/disc/18790/081220190205470213_tse-qcedjpsm-18790-20190205470213-ixbrl.htm
2019-02-08	四半期	当期第3四半期累計				代表者の役職	TitleRepresentative			代表取締役社長	CurrentAccumulatedQ3Instant	/disc/18790/081220190205470213_tse-qcedjpsm-18790-20190205470213-ixbrl.htm
2019-02-08	四半期	当期第3四半期累計				代表者名	NameRepresentative			高見 克司	CurrentAccumulatedQ3Instant	/disc/18790/081220190205470213_tse-qcedjpsm-18790-20190205470213-ixbrl.htm
2019-02-08	四半期	当期第3四半期累計					TitleInquiries			取締役常務執行役員管理本部長	CurrentAccumulatedQ3Instant	/disc/18790/081220190205470213_tse-qcedjpsm-18790-20190205470213-ixbrl.htm
2019-02-08	四半期	当期第3四半期累計					NameInquiries			高橋 苗樹	CurrentAccumulatedQ3Instant	/disc/18790/081220190205470213_tse-qcedjpsm-18790-20190205470213-ixbrl.htm
2019-02-08	四半期	当期第3四半期累計					Tel			043-213-1111	CurrentAccumulatedQ3Instant	/disc/18790/081220190205470213_tse-qcedjpsm-18790-20190205470213-ixbrl.htm
2019-02-08	四半期	当期第3四半期累計					QuarterlyStatementFilingDateAsPlanned			平成31年2月8日	CurrentAccumulatedQ3Instant	/disc/18790/081220190205470213_tse-qcedjpsm-18790-20190205470213-ixbrl.htm
2019-02-08	四半期	当期第3四半期累計					SupplementalMaterialOfQuarterlyResults			無	CurrentAccumulatedQ3Instant	/disc/18790/081220190205470213_tse-qcedjpsm-18790-20190205470213-ixbrl.htm
2019-02-08	四半期	当期第3四半期累計					ConveningBriefingOfQuarterlyResults			無	CurrentAccumulatedQ3Instant	/disc/18790/081220190205470213_tse-qcedjpsm-18790-20190205470213-ixbrl.htm
2019-02-08	四半期	当期第3四半期累計					NoteToFractionProcessingMethod			（百万円未満切捨て）	CurrentAccumulatedQ3Instant	/disc/18790/081220190205470213_tse-qcedjpsm-18790-20190205470213-ixbrl.htm
2019-02-08	四半期	当期第3四半期累計	連結	実績		売上高	NetSales	65833000000	JPY	65,833	CurrentAccumulatedQ3Duration_ConsolidatedMember_ResultMember	/disc/18790/081220190205470213_tse-qcedjpsm-18790-20190205470213-ixbrl.htm
2019-02-08	四半期	当期第3四半期累計	連結	実績		売上高の増減率	ChangeInNetSales	0.058	Pure	5.8	CurrentAccumulatedQ3Duration_ConsolidatedMember_ResultMember	/disc/18790/081220190205470213_tse-qcedjpsm-18790-20190205470213-ixbrl.htm
2019-02-08	四半期	当期第3四半期累計	連結	実績		営業利益	OperatingIncome	9315000000	JPY	9,315	CurrentAccumulatedQ3Duration_ConsolidatedMember_ResultMember	/disc/18790/081220190205470213_tse-qcedjpsm-18790-20190205470213-ixbrl.htm
2019-02-08	四半期	当期第3四半期累計	連結	実績		営業利益の増減率	ChangeInOperatingIncome	-0.004	Pure	0.4	CurrentAccumulatedQ3Duration_ConsolidatedMember_ResultMember	/disc/18790/081220190205470213_tse-qcedjpsm-18790-20190205470213-ixbrl.htm
2019-02-08	四半期	当期第3四半期累計	連結	実績		経常利益	OrdinaryIncome	9192000000	JPY	9,192	CurrentAccumulatedQ3Duration_ConsolidatedMember_ResultMember	/disc/18790/081220190205470213_tse-qcedjpsm-18790-20190205470213-ixbrl.htm
2019-02-08	四半期	当期第3四半期累計	連結	実績		経常利益の増減率	ChangeInOrdinaryIncome	-0.010	Pure	1.0	CurrentAccumulatedQ3Duration_ConsolidatedMember_ResultMember	/disc/18790/081220190205470213_tse-qcedjpsm-18790-20190205470213-ixbrl.htm
2019-02-08	四半期	当期第3四半期累計	連結	実績		親会社株主に帰属する当期純利益	ProfitAttributableToOwnersOfParent	7608000000	JPY	7,608	CurrentAccumulatedQ3Duration_ConsolidatedMember_ResultMember	/disc/18790/081220190205470213_tse-qcedjpsm-18790-20190205470213-ixbrl.htm
2019-02-08	四半期	当期第3四半期累計	連結	実績		親会社株主に帰属する当期純利益の増減率	ChangeInProfitAttributableToOwnersOfParent	0.199	Pure	19.9	CurrentAccumulatedQ3Duration_ConsolidatedMember_ResultMember	/disc/18790/081220190205470213_tse-qcedjpsm-18790-20190205470213-ixbrl.htm
2019-02-08	四半期	前期第3四半期累計	連結	実績		売上高	NetSales	62235000000	JPY	62,235	PriorAccumulatedQ3Duration_ConsolidatedMember_ResultMember	/disc/18790/081220190205470213_tse-qcedjpsm-18790-20190205470213-ixbrl.htm
2019-02-08	四半期	前期第3四半期累計	連結	実績		売上高の増減率	ChangeInNetSales	0.153	Pure	15.3	PriorAccumulatedQ3Duration_ConsolidatedMember_ResultMember	/disc/18790/081220190205470213_tse-qcedjpsm-18790-20190205470213-ixbrl.htm
2019-02-08	四半期	前期第3四半期累計	連結	実績		営業利益	OperatingIncome	9354000000	JPY	9,354	PriorAccumulatedQ3Duration_ConsolidatedMember_ResultMember	/disc/18790/081220190205470213_tse-qcedjpsm-18790-20190205470213-ixbrl.htm
2019-02-08	四半期	前期第3四半期累計	連結	実績		営業利益の増減率	ChangeInOperatingIncome	0.158	Pure	15.8	PriorAccumulatedQ3Duration_ConsolidatedMember_ResultMember	/disc/18790/081220190205470213_tse-qcedjpsm-18790-20190205470213-ixbrl.htm
2019-02-08	四半期	前期第3四半期累計	連結	実績		経常利益	OrdinaryIncome	9286000000	JPY	9,286	PriorAccumulatedQ3Duration_ConsolidatedMember_ResultMember	/disc/18790/081220190205470213_tse-qcedjpsm-18790-20190205470213-ixbrl.htm
2019-02-08	四半期	前期第3四半期累計	連結	実績		経常利益の増減率	ChangeInOrdinaryIncome	0.180	Pure	18.0	PriorAccumulatedQ3Duration_ConsolidatedMember_ResultMember	/disc/18790/081220190205470213_tse-qcedjpsm-18790-20190205470213-ixbrl.htm
2019-02-08	四半期	前期第3四半期累計	連結	実績		親会社株主に帰属する当期純利益	ProfitAttributableToOwnersOfParent	6347000000	JPY	6,347	PriorAccumulatedQ3Duration_ConsolidatedMember_ResultMember	/disc/18790/081220190205470213_tse-qcedjpsm-18790-20190205470213-ixbrl.htm
2019-02-08	四半期	前期第3四半期累計	連結	実績		親会社株主に帰属する当期純利益の増減率	ChangeInProfitAttributableToOwnersOfParent	-0.355	Pure	35.5	PriorAccumulatedQ3Duration_ConsolidatedMember_ResultMember	/disc/18790/081220190205470213_tse-qcedjpsm-18790-20190205470213-ixbrl.htm
2019-02-08	四半期	当期第3四半期累計	連結	実績		包括利益	ComprehensiveIncome	7247000000	JPY	7,247	CurrentAccumulatedQ3Duration_ConsolidatedMember_ResultMember	/disc/18790/081220190205470213_tse-qcedjpsm-18790-20190205470213-ixbrl.htm
2019-02-08	四半期	当期第3四半期累計	連結	実績		包括利益の増減率	ChangeInComprehensiveIncome	0.124	Pure	12.4	CurrentAccumulatedQ3Duration_ConsolidatedMember_ResultMember	/disc/18790/081220190205470213_tse-qcedjpsm-18790-20190205470213-ixbrl.htm
2019-02-08	四半期	前期第3四半期累計	連結	実績		包括利益	ComprehensiveIncome	6448000000	JPY	6,448	PriorAccumulatedQ3Duration_ConsolidatedMember_ResultMember	/disc/18790/081220190205470213_tse-qcedjpsm-18790-20190205470213-ixbrl.htm
2019-02-08	四半期	前期第3四半期累計	連結	実績		包括利益の増減率	ChangeInComprehensiveIncome	-0.344	Pure	34.4	PriorAccumulatedQ3Duration_ConsolidatedMember_ResultMember	/disc/18790/081220190205470213_tse-qcedjpsm-18790-20190205470213-ixbrl.htm
2019-02-08	四半期	当期第3四半期累計	連結	実績		1株当たり当期純利益	NetIncomePerShare	130.15	JPYPerShares	130.15	CurrentAccumulatedQ3Duration_ConsolidatedMember_ResultMember	/disc/18790/081220190205470213_tse-qcedjpsm-18790-20190205470213-ixbrl.htm
2019-02-08	四半期	前期第3四半期累計	連結	実績		1株当たり当期純利益	NetIncomePerShare	108.58	JPYPerShares	108.58	PriorAccumulatedQ3Duration_ConsolidatedMember_ResultMember	/disc/18790/081220190205470213_tse-qcedjpsm-18790-20190205470213-ixbrl.htm
2019-02-08	四半期	当期第3四半期累計	連結	実績		総資産	TotalAssets	97855000000	JPY	97,855	CurrentAccumulatedQ3Instant_ConsolidatedMember_ResultMember	/disc/18790/081220190205470213_tse-qcedjpsm-18790-20190205470213-ixbrl.htm
2019-02-08	四半期	当期第3四半期累計	連結	実績		純資産	NetAssets	61465000000	JPY	61,465	CurrentAccumulatedQ3Instant_ConsolidatedMember_ResultMember	/disc/18790/081220190205470213_tse-qcedjpsm-18790-20190205470213-ixbrl.htm
2019-02-08	四半期	当期第3四半期累計	連結	実績		自己資本比率	CapitalAdequacyRatio	0.628	Pure	62.8	CurrentAccumulatedQ3Instant_ConsolidatedMember_ResultMember	/disc/18790/081220190205470213_tse-qcedjpsm-18790-20190205470213-ixbrl.htm
2019-02-08	四半期	前期	連結	実績		総資産	TotalAssets	101421000000	JPY	101,421	PriorYearInstant_ConsolidatedMember_ResultMember	/disc/18790/081220190205470213_tse-qcedjpsm-18790-20190205470213-ixbrl.htm
2019-02-08	四半期	前期	連結	実績		純資産	NetAssets	55270000000	JPY	55,270	PriorYearInstant_ConsolidatedMember_ResultMember	/disc/18790/081220190205470213_tse-qcedjpsm-18790-20190205470213-ixbrl.htm
2019-02-08	四半期	前期	連結	実績		自己資本比率	CapitalAdequacyRatio	0.545	Pure	54.5	PriorYearInstant_ConsolidatedMember_ResultMember	/disc/18790/081220190205470213_tse-qcedjpsm-18790-20190205470213-ixbrl.htm
2019-02-08	四半期	当期第3四半期累計	連結	実績		自己資本	OwnersEquity	61465000000	JPY	61,465	CurrentAccumulatedQ3Instant_ConsolidatedMember_ResultMember	/disc/18790/081220190205470213_tse-qcedjpsm-18790-20190205470213-ixbrl.htm
2019-02-08	四半期	前期	連結	実績		自己資本	OwnersEquity	55270000000	JPY	55,270	PriorYearInstant_ConsolidatedMember_ResultMember	/disc/18790/081220190205470213_tse-qcedjpsm-18790-20190205470213-ixbrl.htm
2019-02-08	四半期	前期	単体	実績	第2四半期末	1株当たり配当金	DividendPerShare	9.00	JPYPerShares	9.00	PriorYearDuration_SecondQuarterMember_NonConsolidatedMember_ResultMember	/disc/18790/081220190205470213_tse-qcedjpsm-18790-20190205470213-ixbrl.htm
2019-02-08	四半期	前期	単体	実績	期末	1株当たり配当金	DividendPerShare	9.00	JPYPerShares	9.00	PriorYearDuration_YearEndMember_NonConsolidatedMember_ResultMember	/disc/18790/081220190205470213_tse-qcedjpsm-18790-20190205470213-ixbrl.htm
2019-02-08	四半期	前期	単体	実績	合計	1株当たり配当金	DividendPerShare	18.00	JPYPerShares	18.00	PriorYearDuration_AnnualMember_NonConsolidatedMember_ResultMember	/disc/18790/081220190205470213_tse-qcedjpsm-18790-20190205470213-ixbrl.htm
2019-02-08	四半期	当期	単体	実績	第2四半期末	1株当たり配当金	DividendPerShare	9.00	JPYPerShares	9.00	CurrentYearDuration_SecondQuarterMember_NonConsolidatedMember_ResultMember	/disc/18790/081220190205470213_tse-qcedjpsm-18790-20190205470213-ixbrl.htm
2019-02-08	四半期	当期	単体	予想	期末	1株当たり配当金	DividendPerShare	9.00	JPYPerShares	9.00	CurrentYearDuration_YearEndMember_NonConsolidatedMember_ForecastMember	/disc/18790/081220190205470213_tse-qcedjpsm-18790-20190205470213-ixbrl.htm
2019-02-08	四半期	当期	単体	予想	合計	1株当たり配当金	DividendPerShare	18.00	JPYPerShares	18.00	CurrentYearDuration_AnnualMember_NonConsolidatedMember_ForecastMember	/disc/18790/081220190205470213_tse-qcedjpsm-18790-20190205470213-ixbrl.htm
2019-02-08	四半期	当期	単体	実績	合計	当四半期における配当予想の修正	CorrectionOfDividendForecastInThisQuarter			無	CurrentYearDuration_AnnualMember_NonConsolidatedMember_ResultMember	/disc/18790/081220190205470213_tse-qcedjpsm-18790-20190205470213-ixbrl.htm
2019-02-08	四半期	当期	連結	予想		業績予想の見出し	TitleForForecasts			3. 平成31年 3月期の連結業績予想（平成30年 4月 1日～平成31年 3月31日）	CurrentYearDuration_ConsolidatedMember_ForecastMember	/disc/18790/081220190205470213_tse-qcedjpsm-18790-20190205470213-ixbrl.htm
2019-02-08	四半期	当期	連結	予想		売上高	NetSales	103000000000	JPY	103,000	CurrentYearDuration_ConsolidatedMember_ForecastMember	/disc/18790/081220190205470213_tse-qcedjpsm-18790-20190205470213-ixbrl.htm
2019-02-08	四半期	当期	連結	予想		売上高の増減率	ChangeInNetSales	0.080	Pure	8.0	CurrentYearDuration_ConsolidatedMember_ForecastMember	/disc/18790/081220190205470213_tse-qcedjpsm-18790-20190205470213-ixbrl.htm
2019-02-08	四半期	当期	連結	予想		営業利益	OperatingIncome	14200000000	JPY	14,200	CurrentYearDuration_ConsolidatedMember_ForecastMember	/disc/18790/081220190205470213_tse-qcedjpsm-18790-20190205470213-ixbrl.htm
2019-02-08	四半期	当期	連結	予想		営業利益の増減率	ChangeInOperatingIncome	0.037	Pure	3.7	CurrentYearDuration_ConsolidatedMember_ForecastMember	/disc/18790/081220190205470213_tse-qcedjpsm-18790-20190205470213-ixbrl.htm
2019-02-08	四半期	当期	連結	予想		経常利益	OrdinaryIncome	14000000000	JPY	14,000	CurrentYearDuration_ConsolidatedMember_ForecastMember	/disc/18790/081220190205470213_tse-qcedjpsm-18790-20190205470213-ixbrl.htm
2019-02-08	四半期	当期	連結	予想		経常利益の増減率	ChangeInOrdinaryIncome	0.035	Pure	3.5	CurrentYearDuration_ConsolidatedMember_ForecastMember	/disc/18790/081220190205470213_tse-qcedjpsm-18790-20190205470213-ixbrl.htm
2019-02-08	四半期	当期	連結	予想		親会社株主に帰属する当期純利益	ProfitAttributableToOwnersOfParent	9300000000	JPY	9,300	CurrentYearDuration_ConsolidatedMember_ForecastMember	/disc/18790/081220190205470213_tse-qcedjpsm-18790-20190205470213-ixbrl.htm
2019-02-08	四半期	当期	連結	予想		親会社株主に帰属する当期純利益の増減率	ChangeInProfitAttributableToOwnersOfParent	0.041	Pure	4.1	CurrentYearDuration_ConsolidatedMember_ForecastMember	/disc/18790/081220190205470213_tse-qcedjpsm-18790-20190205470213-ixbrl.htm
2019-02-08	四半期	当期	連結	予想		1株当たり当期純利益	NetIncomePerShare	159.08	JPYPerShares	159.08	CurrentYearDuration_ConsolidatedMember_ForecastMember	/disc/18790/081220190205470213_tse-qcedjpsm-18790-20190205470213-ixbrl.htm
2019-02-08	四半期	当期	連結	予想		当四半期における業績予想の修正	CorrectionOfConsolidatedFinancialForecastInThisQuarter			無	CurrentYearDuration_ConsolidatedMember_ForecastMember	/disc/18790/081220190205470213_tse-qcedjpsm-18790-20190205470213-ixbrl.htm
2019-02-08	四半期	当期第3四半期累計	連結	実績			MaterialChangesInSubsidiariesDuringThisPeriodChangesInScopeOfConsolidationsResultingFromChangeIsSubsidiaries			有	CurrentAccumulatedQ3Duration_ConsolidatedMember_ResultMember	/disc/18790/081220190205470213_tse-qcedjpsm-18790-20190205470213-ixbrl.htm
2019-02-08	四半期	当期第3四半期累計	連結	実績		除外子会社数	NumberOfSubsidiariesExcludedFromConsolidation	1	NumberOfCompanies	1	CurrentAccumulatedQ3Duration_ConsolidatedMember_ResultMember	/disc/18790/081220190205470213_tse-qcedjpsm-18790-20190205470213-ixbrl.htm
2019-02-08	四半期	当期第3四半期累計	連結	実績		除外子会社の名称	NameOfSubsidiariesExcludedFromConsolidation			新日興進（瀋陽）房地産有限公司	CurrentAccumulatedQ3Duration_ConsolidatedMember_ResultMember	/disc/18790/081220190205470213_tse-qcedjpsm-18790-20190205470213-ixbrl.htm
2019-02-08	四半期	当期第3四半期累計	連結	実績			ApplyingOfSpecificAccountingOfTheConsolidatedQuarterlyFinancialStatements			無	CurrentAccumulatedQ3Duration_ConsolidatedMember_ResultMember	/disc/18790/081220190205470213_tse-qcedjpsm-18790-20190205470213-ixbrl.htm
2019-02-08	四半期	当期第3四半期累計	連結	実績		会計基準等の改正に伴う変更	ChangesBasedOnRevisionsOfAccountingStandard			無	CurrentAccumulatedQ3Duration_ConsolidatedMember_ResultMember	/disc/18790/081220190205470213_tse-qcedjpsm-18790-20190205470213-ixbrl.htm
2019-02-08	四半期	当期第3四半期累計	連結	実績		それ以外の会計方針の変更	ChangesOtherThanOnesBasedOnRevisionsOfAccountingStandard			無	CurrentAccumulatedQ3Duration_ConsolidatedMember_ResultMember	/disc/18790/081220190205470213_tse-qcedjpsm-18790-20190205470213-ixbrl.htm
2019-02-08	四半期	当期第3四半期累計	連結	実績		会計上の見積りの変更	ChangesInAccountingEstimates			無	CurrentAccumulatedQ3Duration_ConsolidatedMember_ResultMember	/disc/18790/081220190205470213_tse-qcedjpsm-18790-20190205470213-ixbrl.htm
2019-02-08	四半期	当期第3四半期累計	連結	実績		修正再表示	RetrospectiveRestatement			無	CurrentAccumulatedQ3Duration_ConsolidatedMember_ResultMember	/disc/18790/081220190205470213_tse-qcedjpsm-18790-20190205470213-ixbrl.htm
2019-02-08	四半期	当期第3四半期累計	単体	実績		期末発行済株式数(自己株式を含む)	NumberOfIssuedAndOutstandingSharesAtTheEndOfFiscalYearIncludingTreasuryStock	61360720	Shares	61,360,720	CurrentAccumulatedQ3Instant_NonConsolidatedMember_ResultMember	/disc/18790/081220190205470213_tse-qcedjpsm-18790-20190205470213-ixbrl.htm
2019-02-08	四半期	前期	単体	実績		期末発行済株式数(自己株式を含む)	NumberOfIssuedAndOutstandingSharesAtTheEndOfFiscalYearIncludingTreasuryStock	61360720	Shares	61,360,720	PriorYearInstant_NonConsolidatedMember_ResultMember	/disc/18790/081220190205470213_tse-qcedjpsm-18790-20190205470213-ixbrl.htm
2019-02-08	四半期	当期第3四半期累計	単体	実績		期末自己株式数	NumberOfTreasuryStockAtTheEndOfFiscalYear	2899702	Shares	2,899,702	CurrentAccumulatedQ3Instant_NonConsolidatedMember_ResultMember	/disc/18790/081220190205470213_tse-qcedjpsm-18790-20190205470213-ixbrl.htm
2019-02-08	四半期	前期	単体	実績		期末自己株式数	NumberOfTreasuryStockAtTheEndOfFiscalYear	2899370	Shares	2,899,370	PriorYearInstant_NonConsolidatedMember_ResultMember	/disc/18790/081220190205470213_tse-qcedjpsm-18790-20190205470213-ixbrl.htm
2019-02-08	四半期	当期第3四半期累計	単体	実績		期中平均株式数	AverageNumberOfShares	58461112	Shares	58,461,112	CurrentAccumulatedQ3Duration_NonConsolidatedMember_ResultMember	/disc/18790/081220190205470213_tse-qcedjpsm-18790-20190205470213-ixbrl.htm
2019-02-08	四半期	前期第3四半期累計	単体	実績		期中平均株式数	AverageNumberOfShares	58461746	Shares	58,461,746	PriorAccumulatedQ3Duration_NonConsolidatedMember_ResultMember	/disc/18790/081220190205470213_tse-qcedjpsm-18790-20190205470213-ixbrl.htm
2019-02-08	四半期	当期				将来情報の利用に関する注意	NotesForUsingForecastedInformationAndOthers			本資料に記載されている業績見通し等の将来に関する記述は、当社が現在入手している情報及び合理的であると判断する一定の前提に基づいており、その達成を当社として約束する趣旨のものではありません。また、実際の業績等は様々な要因により大きく異なる可能性があります。	CurrentYearDuration	/disc/18790/081220190205470213_tse-qcedjpsm-18790-20190205470213-ixbrl.htm
2019-02-08	四半期	当期				決算期末	FiscalYearEnd			2019-03-31	CurrentYearInstant	/disc/18790/081220190205470213_tse-qcedjpsm-18790-20190205470213-ixbrl.htm
2019-02-08	四半期	当期第3四半期累計				四半期	QuarterlyPeriod	3	Pure	3	CurrentAccumulatedQ3Instant	/disc/18790/081220190205470213_tse-qcedjpsm-18790-20190205470213-ixbrl.htm
2019-05-14	年次	当期				書類名	DocumentName			決算短信〔日本基準〕（連結）	CurrentYearInstant	/disc/18790/081220190511422345_tse-acedjpsm-18790-20190511422345-ixbrl.htm
2019-05-14	年次	当期				提出日	FilingDate			2019年5月14日	CurrentYearInstant	/disc/18790/081220190511422345_tse-acedjpsm-18790-20190511422345-ixbrl.htm
2019-05-14	年次	当期				会社名	CompanyName			新日本建設株式会社	CurrentYearInstant	/disc/18790/081220190511422345_tse-acedjpsm-18790-20190511422345-ixbrl.htm
2019-05-14	年次	当期					TokyoStockExchange			東	CurrentYearInstant	/disc/18790/081220190511422345_tse-acedjpsm-18790-20190511422345-ixbrl.htm
2019-05-14	年次	当期				証券コード	SecuritiesCode			18790	CurrentYearInstant	/disc/18790/081220190511422345_tse-acedjpsm-18790-20190511422345-ixbrl.htm
2019-05-14	年次	当期				URL	URL			http://www.shinnihon-c.co.jp/	CurrentYearInstant	/disc/18790/081220190511422345_tse-acedjpsm-18790-20190511422345-ixbrl.htm
2019-05-14	年次	当期				代表者の役職	TitleRepresentative			代表取締役社長	CurrentYearInstant	/disc/18790/081220190511422345_tse-acedjpsm-18790-20190511422345-ixbrl.htm
2019-05-14	年次	当期				代表者名	NameRepresentative			高見 克司	CurrentYearInstant	/disc/18790/081220190511422345_tse-acedjpsm-18790-20190511422345-ixbrl.htm
2019-05-14	年次	当期					TitleInquiries			取締役常務執行役員管理本部長	CurrentYearInstant	/disc/18790/081220190511422345_tse-acedjpsm-18790-20190511422345-ixbrl.htm
2019-05-14	年次	当期					NameInquiries			高橋 苗樹	CurrentYearInstant	/disc/18790/081220190511422345_tse-acedjpsm-18790-20190511422345-ixbrl.htm
2019-05-14	年次	当期					Tel			043-213-1111	CurrentYearInstant	/disc/18790/081220190511422345_tse-acedjpsm-18790-20190511422345-ixbrl.htm
2019-05-14	年次	当期					DateOfGeneralShareholdersMeetingAsPlanned			2019年6月27日	CurrentYearInstant	/disc/18790/081220190511422345_tse-acedjpsm-18790-20190511422345-ixbrl.htm
2019-05-14	年次	当期					DividendPayableDateAsPlanned			2019年6月28日	CurrentYearInstant	/disc/18790/081220190511422345_tse-acedjpsm-18790-20190511422345-ixbrl.htm
2019-05-14	年次	当期					AnnualSecuritiesReportFilingDateAsPlanned			2019年6月27日	CurrentYearInstant	/disc/18790/081220190511422345_tse-acedjpsm-18790-20190511422345-ixbrl.htm
2019-05-14	年次	当期					SupplementalMaterialOfAnnualResults			有	CurrentYearInstant	/disc/18790/081220190511422345_tse-acedjpsm-18790-20190511422345-ixbrl.htm
2019-05-14	年次	当期					ConveningBriefingOfAnnualResults			有	CurrentYearInstant	/disc/18790/081220190511422345_tse-acedjpsm-18790-20190511422345-ixbrl.htm
2019-05-14	年次	当期					TargetAudienceBriefingOfAnnualResults			（機関投資家・金融機関向け）	CurrentYearInstant	/disc/18790/081220190511422345_tse-acedjpsm-18790-20190511422345-ixbrl.htm
2019-05-14	年次	当期					NoteToFractionProcessingMethod			（百万円未満切捨て）	CurrentYearInstant	/disc/18790/081220190511422345_tse-acedjpsm-18790-20190511422345-ixbrl.htm
2019-05-14	年次	当期	連結	実績		売上高	NetSales	103250000000	JPY	103,250	CurrentYearDuration_ConsolidatedMember_ResultMember	/disc/18790/081220190511422345_tse-acedjpsm-18790-20190511422345-ixbrl.htm
2019-05-14	年次	当期	連結	実績		売上高の増減率	ChangeInNetSales	0.083	Pure	8.3	CurrentYearDuration_ConsolidatedMember_ResultMember	/disc/18790/081220190511422345_tse-acedjpsm-18790-20190511422345-ixbrl.htm
2019-05-14	年次	当期	連結	実績		営業利益	OperatingIncome	14665000000	JPY	14,665	CurrentYearDuration_ConsolidatedMember_ResultMember	/disc/18790/081220190511422345_tse-acedjpsm-18790-20190511422345-ixbrl.htm
2019-05-14	年次	当期	連結	実績		営業利益の増減率	ChangeInOperatingIncome	0.071	Pure	7.1	CurrentYearDuration_ConsolidatedMember_ResultMember	/disc/18790/081220190511422345_tse-acedjpsm-18790-20190511422345-ixbrl.htm
2019-05-14	年次	当期	連結	実績		経常利益	OrdinaryIncome	14542000000	JPY	14,542	CurrentYearDuration_ConsolidatedMember_ResultMember	/disc/18790/081220190511422345_tse-acedjpsm-18790-20190511422345-ixbrl.htm
2019-05-14	年次	当期	連結	実績		経常利益の増減率	ChangeInOrdinaryIncome	0.075	Pure	7.5	CurrentYearDuration_ConsolidatedMember_ResultMember	/disc/18790/081220190511422345_tse-acedjpsm-18790-20190511422345-ixbrl.htm
2019-05-14	年次	当期	連結	実績		親会社株主に帰属する当期純利益	ProfitAttributableToOwnersOfParent	10066000000	JPY	10,066	CurrentYearDuration_ConsolidatedMember_ResultMember	/disc/18790/081220190511422345_tse-acedjpsm-18790-20190511422345-ixbrl.htm
2019-05-14	年次	当期	連結	実績		親会社株主に帰属する当期純利益の増減率	ChangeInProfitAttributableToOwnersOfParent	0.127	Pure	12.7	CurrentYearDuration_ConsolidatedMember_ResultMember	/disc/18790/081220190511422345_tse-acedjpsm-18790-20190511422345-ixbrl.htm
2019-05-14	年次	前期	連結	実績		売上高	NetSales	95340000000	JPY	95,340	PriorYearDuration_ConsolidatedMember_ResultMember	/disc/18790/081220190511422345_tse-acedjpsm-18790-20190511422345-ixbrl.htm
2019-05-14	年次	前期	連結	実績		売上高の増減率	ChangeInNetSales	0.098	Pure	9.8	PriorYearDuration_ConsolidatedMember_ResultMember	/disc/18790/081220190511422345_tse-acedjpsm-18790-20190511422345-ixbrl.htm
2019-05-14	年次	前期	連結	実績		営業利益	OperatingIncome	13691000000	JPY	13,691	PriorYearDuration_ConsolidatedMember_ResultMember	/disc/18790/081220190511422345_tse-acedjpsm-18790-20190511422345-ixbrl.htm
2019-05-14	年次	前期	連結	実績		営業利益の増減率	ChangeInOperatingIncome	0.115	Pure	11.5	PriorYearDuration_ConsolidatedMember_ResultMember	/disc/18790/081220190511422345_tse-acedjpsm-18790-20190511422345-ixbrl.htm
2019-05-14	年次	前期	連結	実績		経常利益	OrdinaryIncome	13531000000	JPY	13,531	PriorYearDuration_ConsolidatedMember_ResultMember	/disc/18790/081220190511422345_tse-acedjpsm-18790-20190511422345-ixbrl.htm
2019-05-14	年次	前期	連結	実績		経常利益の増減率	ChangeInOrdinaryIncome	0.130	Pure	13.0	PriorYearDuration_ConsolidatedMember_ResultMember	/disc/18790/081220190511422345_tse-acedjpsm-18790-20190511422345-ixbrl.htm
2019-05-14	年次	前期	連結	実績		親会社株主に帰属する当期純利益	ProfitAttributableToOwnersOfParent	8930000000	JPY	8,930	PriorYearDuration_ConsolidatedMember_ResultMember	/disc/18790/081220190511422345_tse-acedjpsm-18790-20190511422345-ixbrl.htm
2019-05-14	年次	前期	連結	実績		親会社株主に帰属する当期純利益の増減率	ChangeInProfitAttributableToOwnersOfParent	-0.297	Pure	29.7	PriorYearDuration_ConsolidatedMember_ResultMember	/disc/18790/081220190511422345_tse-acedjpsm-18790-20190511422345-ixbrl.htm
2019-05-14	年次	当期	連結	実績		包括利益	ComprehensiveIncome	9660000000	JPY	9,660	CurrentYearDuration_ConsolidatedMember_ResultMember	/disc/18790/081220190511422345_tse-acedjpsm-18790-20190511422345-ixbrl.htm
2019-05-14	年次	当期	連結	実績		包括利益の増減率	ChangeInComprehensiveIncome	0.081	Pure	8.1	CurrentYearDuration_ConsolidatedMember_ResultMember	/disc/18790/081220190511422345_tse-acedjpsm-18790-20190511422345-ixbrl.htm
2019-05-14	年次	前期	連結	実績		包括利益	ComprehensiveIncome	8937000000	JPY	8,937	PriorYearDuration_ConsolidatedMember_ResultMember	/disc/18790/081220190511422345_tse-acedjpsm-18790-20190511422345-ixbrl.htm
2019-05-14	年次	前期	連結	実績		包括利益の増減率	ChangeInComprehensiveIncome	-0.264	Pure	26.4	PriorYearDuration_ConsolidatedMember_ResultMember	/disc/18790/081220190511422345_tse-acedjpsm-18790-20190511422345-ixbrl.htm
2019-05-14	年次	当期	連結	実績		1株当たり当期純利益	NetIncomePerShare	172.20	JPYPerShares	172.20	CurrentYearDuration_ConsolidatedMember_ResultMember	/disc/18790/081220190511422345_tse-acedjpsm-18790-20190511422345-ixbrl.htm
2019-05-14	年次	当期	連結	実績		自己資本当期純利益率(ROE)	NetIncomeToShareholdersEquityRatio	0.169	Pure	16.9	CurrentYearDuration_ConsolidatedMember_ResultMember	/disc/18790/081220190511422345_tse-acedjpsm-18790-20190511422345-ixbrl.htm
2019-05-14	年次	当期	連結	実績		総資産経常利益率(ROA)	OrdinaryIncomeToTotalAssetsRatio	0.140	Pure	14.0	CurrentYearDuration_ConsolidatedMember_ResultMember	/disc/18790/081220190511422345_tse-acedjpsm-18790-20190511422345-ixbrl.htm
2019-05-14	年次	当期	連結	実績		売上高営業利益率	OperatingIncomeToNetSalesRatio	0.142	Pure	14.2	CurrentYearDuration_ConsolidatedMember_ResultMember	/disc/18790/081220190511422345_tse-acedjpsm-18790-20190511422345-ixbrl.htm
2019-05-14	年次	前期	連結	実績		1株当たり当期純利益	NetIncomePerShare	152.76	JPYPerShares	152.76	PriorYearDuration_ConsolidatedMember_ResultMember	/disc/18790/081220190511422345_tse-acedjpsm-18790-20190511422345-ixbrl.htm
2019-05-14	年次	前期	連結	実績		自己資本当期純利益率(ROE)	NetIncomeToShareholdersEquityRatio	0.174	Pure	17.4	PriorYearDuration_ConsolidatedMember_ResultMember	/disc/18790/081220190511422345_tse-acedjpsm-18790-20190511422345-ixbrl.htm
2019-05-14	年次	前期	連結	実績		総資産経常利益率(ROA)	OrdinaryIncomeToTotalAssetsRatio	0.139	Pure	13.9	PriorYearDuration_ConsolidatedMember_ResultMember	/disc/18790/081220190511422345_tse-acedjpsm-18790-20190511422345-ixbrl.htm
2019-05-14	年次	前期	連結	実績		売上高営業利益率	OperatingIncomeToNetSalesRatio	0.144	Pure	14.4	PriorYearDuration_ConsolidatedMember_ResultMember	/disc/18790/081220190511422345_tse-acedjpsm-18790-20190511422345-ixbrl.htm
2019-05-14	年次	当期	連結	実績		総資産	TotalAssets	105665000000	JPY	105,665	CurrentYearInstant_ConsolidatedMember_ResultMember	/disc/18790/081220190511422345_tse-acedjpsm-18790-20190511422345-ixbrl.htm
2019-05-14	年次	当期	連結	実績		純資産	NetAssets	63879000000	JPY	63,879	CurrentYearInstant_ConsolidatedMember_ResultMember	/disc/18790/081220190511422345_tse-acedjpsm-18790-20190511422345-ixbrl.htm
2019-05-14	年次	当期	連結	実績		自己資本比率	CapitalAdequacyRatio	0.605	Pure	60.5	CurrentYearInstant_ConsolidatedMember_ResultMember	/disc/18790/081220190511422345_tse-acedjpsm-18790-20190511422345-ixbrl.htm
2019-05-14	年次	当期	連結	実績		1株当たり純資産	NetAssetsPerShare	1092.68	JPYPerShares	1,092.68	CurrentYearInstant_ConsolidatedMember_ResultMember	/disc/18790/081220190511422345_tse-acedjpsm-18790-20190511422345-ixbrl.htm
2019-05-14	年次	前期	連結	実績		総資産	TotalAssets	101421000000	JPY	101,421	PriorYearInstant_ConsolidatedMember_ResultMember	/disc/18790/081220190511422345_tse-acedjpsm-18790-20190511422345-ixbrl.htm
2019-05-14	年次	前期	連結	実績		純資産	NetAssets	55270000000	JPY	55,270	PriorYearInstant_ConsolidatedMember_ResultMember	/disc/18790/081220190511422345_tse-acedjpsm-18790-20190511422345-ixbrl.htm
2019-05-14	年次	前期	連結	実績		自己資本比率	CapitalAdequacyRatio	0.545	Pure	54.5	PriorYearInstant_ConsolidatedMember_ResultMember	/disc/18790/081220190511422345_tse-acedjpsm-18790-20190511422345-ixbrl.htm
2019-05-14	年次	前期	連結	実績		1株当たり純資産	NetAssetsPerShare	945.43	JPYPerShares	945.43	PriorYearInstant_ConsolidatedMember_ResultMember	/disc/18790/081220190511422345_tse-acedjpsm-18790-20190511422345-ixbrl.htm
2019-05-14	年次	当期	連結	実績		自己資本	OwnersEquity	63879000000	JPY	63,879	CurrentYearInstant_ConsolidatedMember_ResultMember	/disc/18790/081220190511422345_tse-acedjpsm-18790-20190511422345-ixbrl.htm
2019-05-14	年次	前期	連結	実績		自己資本	OwnersEquity	55270000000	JPY	55,270	PriorYearInstant_ConsolidatedMember_ResultMember	/disc/18790/081220190511422345_tse-acedjpsm-18790-20190511422345-ixbrl.htm
2019-05-14	年次	当期	連結	実績		営業キャッシュフロー	CashFlowsFromOperatingActivities	13668000000	JPY	13,668	CurrentYearDuration_ConsolidatedMember_ResultMember	/disc/18790/081220190511422345_tse-acedjpsm-18790-20190511422345-ixbrl.htm
2019-05-14	年次	当期	連結	実績		投資キャッシュフロー	CashFlowsFromInvestingActivities	297000000	JPY	297	CurrentYearDuration_ConsolidatedMember_ResultMember	/disc/18790/081220190511422345_tse-acedjpsm-18790-20190511422345-ixbrl.htm
2019-05-14	年次	当期	連結	実績		財務キャッシュフロー	CashFlowsFromFinancingActivities	-4926000000	JPY	4,926	CurrentYearDuration_ConsolidatedMember_ResultMember	/disc/18790/081220190511422345_tse-acedjpsm-18790-20190511422345-ixbrl.htm
2019-05-14	年次	当期	連結	実績		現金及び現金同等物の期末残高	CashAndEquivalentsEndOfPeriod	50848000000	JPY	50,848	CurrentYearInstant_ConsolidatedMember_ResultMember	/disc/18790/081220190511422345_tse-acedjpsm-18790-20190511422345-ixbrl.htm
2019-05-14	年次	前期	連結	実績		営業キャッシュフロー	CashFlowsFromOperatingActivities	10891000000	JPY	10,891	PriorYearDuration_ConsolidatedMember_ResultMember	/disc/18790/081220190511422345_tse-acedjpsm-18790-20190511422345-ixbrl.htm
2019-05-14	年次	前期	連結	実績		投資キャッシュフロー	CashFlowsFromInvestingActivities	-33000000	JPY	33	PriorYearDuration_ConsolidatedMember_ResultMember	/disc/18790/081220190511422345_tse-acedjpsm-18790-20190511422345-ixbrl.htm
2019-05-14	年次	前期	連結	実績		財務キャッシュフロー	CashFlowsFromFinancingActivities	-4096000000	JPY	4,096	PriorYearDuration_ConsolidatedMember_ResultMember	/disc/18790/081220190511422345_tse-acedjpsm-18790-20190511422345-ixbrl.htm
2019-05-14	年次	前期	連結	実績		現金及び現金同等物の期末残高	CashAndEquivalentsEndOfPeriod	41811000000	JPY	41,811	PriorYearInstant_ConsolidatedMember_ResultMember	/disc/18790/081220190511422345_tse-acedjpsm-18790-20190511422345-ixbrl.htm
2019-05-14	年次	前期	単体	実績	第2四半期末	1株当たり配当金	DividendPerShare	9.00	JPYPerShares	9.00	PriorYearDuration_SecondQuarterMember_NonConsolidatedMember_ResultMember	/disc/18790/081220190511422345_tse-acedjpsm-18790-20190511422345-ixbrl.htm
2019-05-14	年次	前期	単体	実績	期末	1株当たり配当金	DividendPerShare	9.00	JPYPerShares	9.00	PriorYearDuration_YearEndMember_NonConsolidatedMember_ResultMember	/disc/18790/081220190511422345_tse-acedjpsm-18790-20190511422345-ixbrl.htm
2019-05-14	年次	前期	単体	実績	合計	1株当たり配当金	DividendPerShare	18.00	JPYPerShares	18.00	PriorYearDuration_AnnualMember_NonConsolidatedMember_ResultMember	/disc/18790/081220190511422345_tse-acedjpsm-18790-20190511422345-ixbrl.htm
2019-05-14	年次	前期	単体	実績	合計	配当金総額	TotalDividendPaidAnnual	1052000000	JPY	1,052	PriorYearDuration_AnnualMember_NonConsolidatedMember_ResultMember	/disc/18790/081220190511422345_tse-acedjpsm-18790-20190511422345-ixbrl.htm
2019-05-14	年次	前期	連結	実績	合計	配当性向	PayoutRatio	0.118	Pure	11.8	PriorYearDuration_AnnualMember_ConsolidatedMember_ResultMember	/disc/18790/081220190511422345_tse-acedjpsm-18790-20190511422345-ixbrl.htm
2019-05-14	年次	前期	連結	実績	合計	純資産配当率	RatioOfTotalAmountOfDividendsToNetAssets	0.020	Pure	2.0	PriorYearDuration_AnnualMember_ConsolidatedMember_ResultMember	/disc/18790/081220190511422345_tse-acedjpsm-18790-20190511422345-ixbrl.htm
2019-05-14	年次	当期	単体	実績	第2四半期末	1株当たり配当金	DividendPerShare	9.00	JPYPerShares	9.00	CurrentYearDuration_SecondQuarterMember_NonConsolidatedMember_ResultMember	/disc/18790/081220190511422345_tse-acedjpsm-18790-20190511422345-ixbrl.htm
2019-05-14	年次	当期	単体	実績	期末	1株当たり配当金	DividendPerShare	10.00	JPYPerShares	10.00	CurrentYearDuration_YearEndMember_NonConsolidatedMember_ResultMember	/disc/18790/081220190511422345_tse-acedjpsm-18790-20190511422345-ixbrl.htm
2019-05-14	年次	当期	単体	実績	合計	1株当たり配当金	DividendPerShare	19.00	JPYPerShares	19.00	CurrentYearDuration_AnnualMember_NonConsolidatedMember_ResultMember	/disc/18790/081220190511422345_tse-acedjpsm-18790-20190511422345-ixbrl.htm
2019-05-14	年次	当期	単体	実績	合計	配当金総額	TotalDividendPaidAnnual	1110000000	JPY	1,110	CurrentYearDuration_AnnualMember_NonConsolidatedMember_ResultMember	/disc/18790/081220190511422345_tse-acedjpsm-18790-20190511422345-ixbrl.htm
2019-05-14	年次	当期	連結	実績	合計	配当性向	PayoutRatio	0.110	Pure	11.0	CurrentYearDuration_AnnualMember_ConsolidatedMember_ResultMember	/disc/18790/081220190511422345_tse-acedjpsm-18790-20190511422345-ixbrl.htm
2019-05-14	年次	当期	連結	実績	合計	純資産配当率	RatioOfTotalAmountOfDividendsToNetAssets	0.019	Pure	1.9	CurrentYearDuration_AnnualMember_ConsolidatedMember_ResultMember	/disc/18790/081220190511422345_tse-acedjpsm-18790-20190511422345-ixbrl.htm
2019-05-14	年次	来期	単体	予想	第2四半期末	1株当たり配当金	DividendPerShare	9.00	JPYPerShares	9.00	NextYearDuration_SecondQuarterMember_NonConsolidatedMember_ForecastMember	/disc/18790/081220190511422345_tse-acedjpsm-18790-20190511422345-ixbrl.htm
2019-05-14	年次	来期	単体	予想	期末	1株当たり配当金	DividendPerShare	10.00	JPYPerShares	10.00	NextYearDuration_YearEndMember_NonConsolidatedMember_ForecastMember	/disc/18790/081220190511422345_tse-acedjpsm-18790-20190511422345-ixbrl.htm
2019-05-14	年次	来期	単体	予想	合計	1株当たり配当金	DividendPerShare	19.00	JPYPerShares	19.00	NextYearDuration_AnnualMember_NonConsolidatedMember_ForecastMember	/disc/18790/081220190511422345_tse-acedjpsm-18790-20190511422345-ixbrl.htm
2019-05-14	年次	来期	連結	予想	合計	配当性向	PayoutRatio	0.110	Pure	11.0	NextYearDuration_AnnualMember_ConsolidatedMember_ForecastMember	/disc/18790/081220190511422345_tse-acedjpsm-18790-20190511422345-ixbrl.htm
2019-05-14	年次	来期	連結	予想		業績予想の見出し	TitleForForecasts			3. 2020年 3月期の連結業績予想（2019年 4月 1日～2020年 3月31日）	NextYearDuration_ConsolidatedMember_ForecastMember	/disc/18790/081220190511422345_tse-acedjpsm-18790-20190511422345-ixbrl.htm
2019-05-14	年次	来期	連結	予想		売上高	NetSales	110000000000	JPY	110,000	NextYearDuration_ConsolidatedMember_ForecastMember	/disc/18790/081220190511422345_tse-acedjpsm-18790-20190511422345-ixbrl.htm
2019-05-14	年次	来期	連結	予想		売上高の増減率	ChangeInNetSales	0.065	Pure	6.5	NextYearDuration_ConsolidatedMember_ForecastMember	/disc/18790/081220190511422345_tse-acedjpsm-18790-20190511422345-ixbrl.htm
2019-05-14	年次	来期	連結	予想		営業利益	OperatingIncome	14700000000	JPY	14,700	NextYearDuration_ConsolidatedMember_ForecastMember	/disc/18790/081220190511422345_tse-acedjpsm-18790-20190511422345-ixbrl.htm
2019-05-14	年次	来期	連結	予想		営業利益の増減率	ChangeInOperatingIncome	0.002	Pure	0.2	NextYearDuration_ConsolidatedMember_ForecastMember	/disc/18790/081220190511422345_tse-acedjpsm-18790-20190511422345-ixbrl.htm
2019-05-14	年次	来期	連結	予想		経常利益	OrdinaryIncome	14700000000	JPY	14,700	NextYearDuration_ConsolidatedMember_ForecastMember	/disc/18790/081220190511422345_tse-acedjpsm-18790-20190511422345-ixbrl.htm
2019-05-14	年次	来期	連結	予想		経常利益の増減率	ChangeInOrdinaryIncome	0.011	Pure	1.1	NextYearDuration_ConsolidatedMember_ForecastMember	/disc/18790/081220190511422345_tse-acedjpsm-18790-20190511422345-ixbrl.htm
2019-05-14	年次	来期	連結	予想		親会社株主に帰属する当期純利益	ProfitAttributableToOwnersOfParent	10100000000	JPY	10,100	NextYearDuration_ConsolidatedMember_ForecastMember	/disc/18790/081220190511422345_tse-acedjpsm-18790-20190511422345-ixbrl.htm
2019-05-14	年次	来期	連結	予想		親会社株主に帰属する当期純利益の増減率	ChangeInProfitAttributableToOwnersOfParent	0.003	Pure	0.3	NextYearDuration_ConsolidatedMember_ForecastMember	/disc/18790/081220190511422345_tse-acedjpsm-18790-20190511422345-ixbrl.htm
2019-05-14	年次	来期	連結	予想		1株当たり当期純利益	NetIncomePerShare	172.76	JPYPerShares	172.76	NextYearDuration_ConsolidatedMember_ForecastMember	/disc/18790/081220190511422345_tse-acedjpsm-18790-20190511422345-ixbrl.htm
2019-05-14	年次	当期	連結	実績			MaterialChangesInSubsidiariesDuringThisPeriodChangesInScopeOfConsolidationsResultingFromChangeIsSubsidiaries			有	CurrentYearDuration_ConsolidatedMember_ResultMember	/disc/18790/081220190511422345_tse-acedjpsm-18790-20190511422345-ixbrl.htm
2019-05-14	年次	当期	連結	実績		除外子会社数	NumberOfSubsidiariesExcludedFromConsolidation	1	NumberOfCompanies	1	CurrentYearDuration_ConsolidatedMember_ResultMember	/disc/18790/081220190511422345_tse-acedjpsm-18790-20190511422345-ixbrl.htm
2019-05-14	年次	当期	連結	実績		除外子会社の名称	NameOfSubsidiariesExcludedFromConsolidation			新日興進（瀋陽）房地産有限公司	CurrentYearDuration_ConsolidatedMember_ResultMember	/disc/18790/081220190511422345_tse-acedjpsm-18790-20190511422345-ixbrl.htm
2019-05-14	年次	当期	連結	実績		会計基準等の改正に伴う変更	ChangesBasedOnRevisionsOfAccountingStandard			無	CurrentYearDuration_ConsolidatedMember_ResultMember	/disc/18790/081220190511422345_tse-acedjpsm-18790-20190511422345-ixbrl.htm
2019-05-14	年次	当期	連結	実績		それ以外の会計方針の変更	ChangesOtherThanOnesBasedOnRevisionsOfAccountingStandard			無	CurrentYearDuration_ConsolidatedMember_ResultMember	/disc/18790/081220190511422345_tse-acedjpsm-18790-20190511422345-ixbrl.htm
2019-05-14	年次	当期	連結	実績		会計上の見積りの変更	ChangesInAccountingEstimates			無	CurrentYearDuration_ConsolidatedMember_ResultMember	/disc/18790/081220190511422345_tse-acedjpsm-18790-20190511422345-ixbrl.htm
2019-05-14	年次	当期	連結	実績		修正再表示	RetrospectiveRestatement			無	CurrentYearDuration_ConsolidatedMember_ResultMember	/disc/18790/081220190511422345_tse-acedjpsm-18790-20190511422345-ixbrl.htm
2019-05-14	年次	当期	単体	実績		期末発行済株式数(自己株式を含む)	NumberOfIssuedAndOutstandingSharesAtTheEndOfFiscalYearIncludingTreasuryStock	61360720	Shares	61,360,720	CurrentYearInstant_NonConsolidatedMember_ResultMember	/disc/18790/081220190511422345_tse-acedjpsm-18790-20190511422345-ixbrl.htm
2019-05-14	年次	前期	単体	実績		期末発行済株式数(自己株式を含む)	NumberOfIssuedAndOutstandingSharesAtTheEndOfFiscalYearIncludingTreasuryStock	61360720	Shares	61,360,720	PriorYearInstant_NonConsolidatedMember_ResultMember	/disc/18790/081220190511422345_tse-acedjpsm-18790-20190511422345-ixbrl.htm
2019-05-14	年次	当期	単体	実績		期末自己株式数	NumberOfTreasuryStockAtTheEndOfFiscalYear	2899762	Shares	2,899,762	CurrentYearInstant_NonConsolidatedMember_ResultMember	/disc/18790/081220190511422345_tse-acedjpsm-18790-20190511422345-ixbrl.htm
2019-05-14	年次	前期	単体	実績		期末自己株式数	NumberOfTreasuryStockAtTheEndOfFiscalYear	2899370	Shares	2,899,370	PriorYearInstant_NonConsolidatedMember_ResultMember	/disc/18790/081220190511422345_tse-acedjpsm-18790-20190511422345-ixbrl.htm
2019-05-14	年次	当期	単体	実績		期中平均株式数	AverageNumberOfShares	58461081	Shares	58,461,081	CurrentYearDuration_NonConsolidatedMember_ResultMember	/disc/18790/081220190511422345_tse-acedjpsm-18790-20190511422345-ixbrl.htm
2019-05-14	年次	前期	単体	実績		期中平均株式数	AverageNumberOfShares	58461657	Shares	58,461,657	PriorYearDuration_NonConsolidatedMember_ResultMember	/disc/18790/081220190511422345_tse-acedjpsm-18790-20190511422345-ixbrl.htm
2019-05-14	年次	当期	単体	実績		売上高	NetSales	88633000000	JPY	88,633	CurrentYearDuration_NonConsolidatedMember_ResultMember	/disc/18790/081220190511422345_tse-acedjpsm-18790-20190511422345-ixbrl.htm
2019-05-14	年次	当期	単体	実績		売上高の増減率	ChangeInNetSales	0.087	Pure	8.7	CurrentYearDuration_NonConsolidatedMember_ResultMember	/disc/18790/081220190511422345_tse-acedjpsm-18790-20190511422345-ixbrl.htm
2019-05-14	年次	当期	単体	実績		営業利益	OperatingIncome	13305000000	JPY	13,305	CurrentYearDuration_NonConsolidatedMember_ResultMember	/disc/18790/081220190511422345_tse-acedjpsm-18790-20190511422345-ixbrl.htm
2019-05-14	年次	当期	単体	実績		営業利益の増減率	ChangeInOperatingIncome	-0.019	Pure	1.9	CurrentYearDuration_NonConsolidatedMember_ResultMember	/disc/18790/081220190511422345_tse-acedjpsm-18790-20190511422345-ixbrl.htm
2019-05-14	年次	当期	単体	実績		経常利益	OrdinaryIncome	14064000000	JPY	14,064	CurrentYearDuration_NonConsolidatedMember_ResultMember	/disc/18790/081220190511422345_tse-acedjpsm-18790-20190511422345-ixbrl.htm
2019-05-14	年次	当期	単体	実績		経常利益の増減率	ChangeInOrdinaryIncome	0.005	Pure	0.5	CurrentYearDuration_NonConsolidatedMember_ResultMember	/disc/18790/081220190511422345_tse-acedjpsm-18790-20190511422345-ixbrl.htm
2019-05-14	年次	当期	単体	実績		当期純利益	NetIncome	9743000000	JPY	9,743	CurrentYearDuration_NonConsolidatedMember_ResultMember	/disc/18790/081220190511422345_tse-acedjpsm-18790-20190511422345-ixbrl.htm
2019-05-14	年次	当期	単体	実績		当期純利益の増減率	ChangeInNetIncome	0.094	Pure	9.4	CurrentYearDuration_NonConsolidatedMember_ResultMember	/disc/18790/081220190511422345_tse-acedjpsm-18790-20190511422345-ixbrl.htm
2019-05-14	年次	前期	単体	実績		売上高	NetSales	81532000000	JPY	81,532	PriorYearDuration_NonConsolidatedMember_ResultMember	/disc/18790/081220190511422345_tse-acedjpsm-18790-20190511422345-ixbrl.htm
2019-05-14	年次	前期	単体	実績		売上高の増減率	ChangeInNetSales	0.073	Pure	7.3	PriorYearDuration_NonConsolidatedMember_ResultMember	/disc/18790/081220190511422345_tse-acedjpsm-18790-20190511422345-ixbrl.htm
2019-05-14	年次	前期	単体	実績		営業利益	OperatingIncome	13564000000	JPY	13,564	PriorYearDuration_NonConsolidatedMember_ResultMember	/disc/18790/081220190511422345_tse-acedjpsm-18790-20190511422345-ixbrl.htm
2019-05-14	年次	前期	単体	実績		営業利益の増減率	ChangeInOperatingIncome	0.094	Pure	9.4	PriorYearDuration_NonConsolidatedMember_ResultMember	/disc/18790/081220190511422345_tse-acedjpsm-18790-20190511422345-ixbrl.htm
2019-05-14	年次	前期	単体	実績		経常利益	OrdinaryIncome	13988000000	JPY	13,988	PriorYearDuration_NonConsolidatedMember_ResultMember	/disc/18790/081220190511422345_tse-acedjpsm-18790-20190511422345-ixbrl.htm
2019-05-14	年次	前期	単体	実績		経常利益の増減率	ChangeInOrdinaryIncome	0.093	Pure	9.3	PriorYearDuration_NonConsolidatedMember_ResultMember	/disc/18790/081220190511422345_tse-acedjpsm-18790-20190511422345-ixbrl.htm
2019-05-14	年次	前期	単体	実績		当期純利益	NetIncome	8905000000	JPY	8,905	PriorYearDuration_NonConsolidatedMember_ResultMember	/disc/18790/081220190511422345_tse-acedjpsm-18790-20190511422345-ixbrl.htm
2019-05-14	年次	前期	単体	実績		当期純利益の増減率	ChangeInNetIncome	-0.251	Pure	25.1	PriorYearDuration_NonConsolidatedMember_ResultMember	/disc/18790/081220190511422345_tse-acedjpsm-18790-20190511422345-ixbrl.htm
2019-05-14	年次	当期	単体	実績		1株当たり当期純利益	NetIncomePerShare	166.67	JPYPerShares	166.67	CurrentYearDuration_NonConsolidatedMember_ResultMember	/disc/18790/081220190511422345_tse-acedjpsm-18790-20190511422345-ixbrl.htm
2019-05-14	年次	前期	単体	実績		1株当たり当期純利益	NetIncomePerShare	152.34	JPYPerShares	152.34	PriorYearDuration_NonConsolidatedMember_ResultMember	/disc/18790/081220190511422345_tse-acedjpsm-18790-20190511422345-ixbrl.htm
2019-05-14	年次	当期	単体	実績		総資産	TotalAssets	96247000000	JPY	96,247	CurrentYearInstant_NonConsolidatedMember_ResultMember	/disc/18790/081220190511422345_tse-acedjpsm-18790-20190511422345-ixbrl.htm
2019-05-14	年次	当期	単体	実績		純資産	NetAssets	60160000000	JPY	60,160	CurrentYearInstant_NonConsolidatedMember_ResultMember	/disc/18790/081220190511422345_tse-acedjpsm-18790-20190511422345-ixbrl.htm
2019-05-14	年次	当期	単体	実績		自己資本比率	CapitalAdequacyRatio	0.625	Pure	62.5	CurrentYearInstant_NonConsolidatedMember_ResultMember	/disc/18790/081220190511422345_tse-acedjpsm-18790-20190511422345-ixbrl.htm
2019-05-14	年次	当期	単体	実績		1株当たり純資産	NetAssetsPerShare	1029.07	JPYPerShares	1,029.07	CurrentYearInstant_NonConsolidatedMember_ResultMember	/disc/18790/081220190511422345_tse-acedjpsm-18790-20190511422345-ixbrl.htm
2019-05-14	年次	前期	単体	実績		総資産	TotalAssets	89318000000	JPY	89,318	PriorYearInstant_NonConsolidatedMember_ResultMember	/disc/18790/081220190511422345_tse-acedjpsm-18790-20190511422345-ixbrl.htm
2019-05-14	年次	前期	単体	実績		純資産	NetAssets	51619000000	JPY	51,619	PriorYearInstant_NonConsolidatedMember_ResultMember	/disc/18790/081220190511422345_tse-acedjpsm-18790-20190511422345-ixbrl.htm
2019-05-14	年次	前期	単体	実績		自己資本比率	CapitalAdequacyRatio	0.578	Pure	57.8	PriorYearInstant_NonConsolidatedMember_ResultMember	/disc/18790/081220190511422345_tse-acedjpsm-18790-20190511422345-ixbrl.htm
2019-05-14	年次	前期	単体	実績		1株当たり純資産	NetAssetsPerShare	882.97	JPYPerShares	882.97	PriorYearInstant_NonConsolidatedMember_ResultMember	/disc/18790/081220190511422345_tse-acedjpsm-18790-20190511422345-ixbrl.htm
2019-05-14	年次	当期	単体	実績		自己資本	OwnersEquity	60160000000	JPY	60,160	CurrentYearInstant_NonConsolidatedMember_ResultMember	/disc/18790/081220190511422345_tse-acedjpsm-18790-20190511422345-ixbrl.htm
2019-05-14	年次	前期	単体	実績		自己資本	OwnersEquity	51619000000	JPY	51,619	PriorYearInstant_NonConsolidatedMember_ResultMember	/disc/18790/081220190511422345_tse-acedjpsm-18790-20190511422345-ixbrl.htm
2019-05-14	年次	来期				将来情報の利用に関する注意	NotesForUsingForecastedInformationAndOthers			本資料に掲載されている業績予想等の将来に関する記述は、発表日現在で当社が入手可能な情報及び合理的であると判断する一定の前提に基づいて作成したものであります。実際の業績は今後様々な要因によって予想値と異なる場合があります。 なお、上記予想については、添付資料P.3「１．経営成績等の概況（4）今後の見通し」をご覧ください。	NextYearDuration	/disc/18790/081220190511422345_tse-acedjpsm-18790-20190511422345-ixbrl.htm
2019-05-14	年次	当期				決算期末	FiscalYearEnd			2019-03-31	CurrentYearInstant	/disc/18790/081220190511422345_tse-acedjpsm-18790-20190511422345-ixbrl.htm
2019-08-09	四半期	当期第1四半期累計				書類名	DocumentName			第1四半期決算短信〔日本基準〕（連結）	CurrentAccumulatedQ1Instant	/disc/18790/081220190807483792_tse-qcedjpsm-18790-20190807483792-ixbrl.htm
2019-08-09	四半期	当期第1四半期累計				提出日	FilingDate			2019年8月9日	CurrentAccumulatedQ1Instant	/disc/18790/081220190807483792_tse-qcedjpsm-18790-20190807483792-ixbrl.htm
2019-08-09	四半期	当期第1四半期累計				会社名	CompanyName			新日本建設株式会社	CurrentAccumulatedQ1Instant	/disc/18790/081220190807483792_tse-qcedjpsm-18790-20190807483792-ixbrl.htm
2019-08-09	四半期	当期第1四半期累計					TokyoStockExchange			東	CurrentAccumulatedQ1Instant	/disc/18790/081220190807483792_tse-qcedjpsm-18790-20190807483792-ixbrl.htm
2019-08-09	四半期	当期第1四半期累計				証券コード	SecuritiesCode			18790	CurrentAccumulatedQ1Instant	/disc/18790/081220190807483792_tse-qcedjpsm-18790-20190807483792-ixbrl.htm
2019-08-09	四半期	当期第1四半期累計				URL	URL			http://www.shinnihon-c.co.jp/	CurrentAccumulatedQ1Instant	/disc/18790/081220190807483792_tse-qcedjpsm-18790-20190807483792-ixbrl.htm
2019-08-09	四半期	当期第1四半期累計				代表者の役職	TitleRepresentative			代表取締役社長	CurrentAccumulatedQ1Instant	/disc/18790/081220190807483792_tse-qcedjpsm-18790-20190807483792-ixbrl.htm
2019-08-09	四半期	当期第1四半期累計				代表者名	NameRepresentative			高見 克司	CurrentAccumulatedQ1Instant	/disc/18790/081220190807483792_tse-qcedjpsm-18790-20190807483792-ixbrl.htm
2019-08-09	四半期	当期第1四半期累計					TitleInquiries			取締役常務執行役員管理本部長	CurrentAccumulatedQ1Instant	/disc/18790/081220190807483792_tse-qcedjpsm-18790-20190807483792-ixbrl.htm
2019-08-09	四半期	当期第1四半期累計					NameInquiries			高橋 苗樹	CurrentAccumulatedQ1Instant	/disc/18790/081220190807483792_tse-qcedjpsm-18790-20190807483792-ixbrl.htm
2019-08-09	四半期	当期第1四半期累計					Tel			043-213-1111	CurrentAccumulatedQ1Instant	/disc/18790/081220190807483792_tse-qcedjpsm-18790-20190807483792-ixbrl.htm
2019-08-09	四半期	当期第1四半期累計					QuarterlyStatementFilingDateAsPlanned			2019年8月9日	CurrentAccumulatedQ1Instant	/disc/18790/081220190807483792_tse-qcedjpsm-18790-20190807483792-ixbrl.htm
2019-08-09	四半期	当期第1四半期累計					SupplementalMaterialOfQuarterlyResults			無	CurrentAccumulatedQ1Instant	/disc/18790/081220190807483792_tse-qcedjpsm-18790-20190807483792-ixbrl.htm
2019-08-09	四半期	当期第1四半期累計					ConveningBriefingOfQuarterlyResults			無	CurrentAccumulatedQ1Instant	/disc/18790/081220190807483792_tse-qcedjpsm-18790-20190807483792-ixbrl.htm
2019-08-09	四半期	当期第1四半期累計					NoteToFractionProcessingMethod			（百万円未満切捨て）	CurrentAccumulatedQ1Instant	/disc/18790/081220190807483792_tse-qcedjpsm-18790-20190807483792-ixbrl.htm
2019-08-09	四半期	当期第1四半期累計	連結	実績		売上高	NetSales	16678000000	JPY	16,678	CurrentAccumulatedQ1Duration_ConsolidatedMember_ResultMember	/disc/18790/081220190807483792_tse-qcedjpsm-18790-20190807483792-ixbrl.htm
2019-08-09	四半期	当期第1四半期累計	連結	実績		売上高の増減率	ChangeInNetSales	-0.037	Pure	3.7	CurrentAccumulatedQ1Duration_ConsolidatedMember_ResultMember	/disc/18790/081220190807483792_tse-qcedjpsm-18790-20190807483792-ixbrl.htm
2019-08-09	四半期	当期第1四半期累計	連結	実績		営業利益	OperatingIncome	1660000000	JPY	1,660	CurrentAccumulatedQ1Duration_ConsolidatedMember_ResultMember	/disc/18790/081220190807483792_tse-qcedjpsm-18790-20190807483792-ixbrl.htm
2019-08-09	四半期	当期第1四半期累計	連結	実績		営業利益の増減率	ChangeInOperatingIncome	-0.331	Pure	33.1	CurrentAccumulatedQ1Duration_ConsolidatedMember_ResultMember	/disc/18790/081220190807483792_tse-qcedjpsm-18790-20190807483792-ixbrl.htm
2019-08-09	四半期	当期第1四半期累計	連結	実績		経常利益	OrdinaryIncome	1750000000	JPY	1,750	CurrentAccumulatedQ1Duration_ConsolidatedMember_ResultMember	/disc/18790/081220190807483792_tse-qcedjpsm-18790-20190807483792-ixbrl.htm
2019-08-09	四半期	当期第1四半期累計	連結	実績		経常利益の増減率	ChangeInOrdinaryIncome	-0.272	Pure	27.2	CurrentAccumulatedQ1Duration_ConsolidatedMember_ResultMember	/disc/18790/081220190807483792_tse-qcedjpsm-18790-20190807483792-ixbrl.htm
2019-08-09	四半期	当期第1四半期累計	連結	実績		親会社株主に帰属する当期純利益	ProfitAttributableToOwnersOfParent	1202000000	JPY	1,202	CurrentAccumulatedQ1Duration_ConsolidatedMember_ResultMember	/disc/18790/081220190807483792_tse-qcedjpsm-18790-20190807483792-ixbrl.htm
2019-08-09	四半期	当期第1四半期累計	連結	実績		親会社株主に帰属する当期純利益の増減率	ChangeInProfitAttributableToOwnersOfParent	-0.272	Pure	27.2	CurrentAccumulatedQ1Duration_ConsolidatedMember_ResultMember	/disc/18790/081220190807483792_tse-qcedjpsm-18790-20190807483792-ixbrl.htm
2019-08-09	四半期	前期第1四半期累計	連結	実績		売上高	NetSales	17323000000	JPY	17,323	PriorAccumulatedQ1Duration_ConsolidatedMember_ResultMember	/disc/18790/081220190807483792_tse-qcedjpsm-18790-20190807483792-ixbrl.htm
2019-08-09	四半期	前期第1四半期累計	連結	実績		売上高の増減率	ChangeInNetSales	0.040	Pure	4.0	PriorAccumulatedQ1Duration_ConsolidatedMember_ResultMember	/disc/18790/081220190807483792_tse-qcedjpsm-18790-20190807483792-ixbrl.htm
2019-08-09	四半期	前期第1四半期累計	連結	実績		営業利益	OperatingIncome	2483000000	JPY	2,483	PriorAccumulatedQ1Duration_ConsolidatedMember_ResultMember	/disc/18790/081220190807483792_tse-qcedjpsm-18790-20190807483792-ixbrl.htm
2019-08-09	四半期	前期第1四半期累計	連結	実績		営業利益の増減率	ChangeInOperatingIncome	0.156	Pure	15.6	PriorAccumulatedQ1Duration_ConsolidatedMember_ResultMember	/disc/18790/081220190807483792_tse-qcedjpsm-18790-20190807483792-ixbrl.htm
2019-08-09	四半期	前期第1四半期累計	連結	実績		経常利益	OrdinaryIncome	2405000000	JPY	2,405	PriorAccumulatedQ1Duration_ConsolidatedMember_ResultMember	/disc/18790/081220190807483792_tse-qcedjpsm-18790-20190807483792-ixbrl.htm
2019-08-09	四半期	前期第1四半期累計	連結	実績		経常利益の増減率	ChangeInOrdinaryIncome	0.140	Pure	14.0	PriorAccumulatedQ1Duration_ConsolidatedMember_ResultMember	/disc/18790/081220190807483792_tse-qcedjpsm-18790-20190807483792-ixbrl.htm
2019-08-09	四半期	前期第1四半期累計	連結	実績		親会社株主に帰属する当期純利益	ProfitAttributableToOwnersOfParent	1652000000	JPY	1,652	PriorAccumulatedQ1Duration_ConsolidatedMember_ResultMember	/disc/18790/081220190807483792_tse-qcedjpsm-18790-20190807483792-ixbrl.htm
2019-08-09	四半期	前期第1四半期累計	連結	実績		親会社株主に帰属する当期純利益の増減率	ChangeInProfitAttributableToOwnersOfParent	0.139	Pure	13.9	PriorAccumulatedQ1Duration_ConsolidatedMember_ResultMember	/disc/18790/081220190807483792_tse-qcedjpsm-18790-20190807483792-ixbrl.htm
2019-08-09	四半期	当期第1四半期累計	連結	実績		包括利益	ComprehensiveIncome	1176000000	JPY	1,176	CurrentAccumulatedQ1Duration_ConsolidatedMember_ResultMember	/disc/18790/081220190807483792_tse-qcedjpsm-18790-20190807483792-ixbrl.htm
2019-08-09	四半期	当期第1四半期累計	連結	実績		包括利益の増減率	ChangeInComprehensiveIncome	-0.287	Pure	28.7	CurrentAccumulatedQ1Duration_ConsolidatedMember_ResultMember	/disc/18790/081220190807483792_tse-qcedjpsm-18790-20190807483792-ixbrl.htm
2019-08-09	四半期	前期第1四半期累計	連結	実績		包括利益	ComprehensiveIncome	1649000000	JPY	1,649	PriorAccumulatedQ1Duration_ConsolidatedMember_ResultMember	/disc/18790/081220190807483792_tse-qcedjpsm-18790-20190807483792-ixbrl.htm
2019-08-09	四半期	前期第1四半期累計	連結	実績		包括利益の増減率	ChangeInComprehensiveIncome	0.107	Pure	10.7	PriorAccumulatedQ1Duration_ConsolidatedMember_ResultMember	/disc/18790/081220190807483792_tse-qcedjpsm-18790-20190807483792-ixbrl.htm
2019-08-09	四半期	当期第1四半期累計	連結	実績		1株当たり当期純利益	NetIncomePerShare	20.57	JPYPerShares	20.57	CurrentAccumulatedQ1Duration_ConsolidatedMember_ResultMember	/disc/18790/081220190807483792_tse-qcedjpsm-18790-20190807483792-ixbrl.htm
2019-08-09	四半期	前期第1四半期累計	連結	実績		1株当たり当期純利益	NetIncomePerShare	28.26	JPYPerShares	28.26	PriorAccumulatedQ1Duration_ConsolidatedMember_ResultMember	/disc/18790/081220190807483792_tse-qcedjpsm-18790-20190807483792-ixbrl.htm
2019-08-09	四半期	当期第1四半期累計	連結	実績		総資産	TotalAssets	102582000000	JPY	102,582	CurrentAccumulatedQ1Instant_ConsolidatedMember_ResultMember	/disc/18790/081220190807483792_tse-qcedjpsm-18790-20190807483792-ixbrl.htm
2019-08-09	四半期	当期第1四半期累計	連結	実績		純資産	NetAssets	64470000000	JPY	64,470	CurrentAccumulatedQ1Instant_ConsolidatedMember_ResultMember	/disc/18790/081220190807483792_tse-qcedjpsm-18790-20190807483792-ixbrl.htm
2019-08-09	四半期	当期第1四半期累計	連結	実績		自己資本比率	CapitalAdequacyRatio	0.628	Pure	62.8	CurrentAccumulatedQ1Instant_ConsolidatedMember_ResultMember	/disc/18790/081220190807483792_tse-qcedjpsm-18790-20190807483792-ixbrl.htm
2019-08-09	四半期	前期	連結	実績		総資産	TotalAssets	105665000000	JPY	105,665	PriorYearInstant_ConsolidatedMember_ResultMember	/disc/18790/081220190807483792_tse-qcedjpsm-18790-20190807483792-ixbrl.htm
2019-08-09	四半期	前期	連結	実績		純資産	NetAssets	63879000000	JPY	63,879	PriorYearInstant_ConsolidatedMember_ResultMember	/disc/18790/081220190807483792_tse-qcedjpsm-18790-20190807483792-ixbrl.htm
2019-08-09	四半期	前期	連結	実績		自己資本比率	CapitalAdequacyRatio	0.605	Pure	60.5	PriorYearInstant_ConsolidatedMember_ResultMember	/disc/18790/081220190807483792_tse-qcedjpsm-18790-20190807483792-ixbrl.htm
2019-08-09	四半期	当期第1四半期累計	連結	実績		自己資本	OwnersEquity	64470000000	JPY	64,470	CurrentAccumulatedQ1Instant_ConsolidatedMember_ResultMember	/disc/18790/081220190807483792_tse-qcedjpsm-18790-20190807483792-ixbrl.htm
2019-08-09	四半期	前期	連結	実績		自己資本	OwnersEquity	63879000000	JPY	63,879	PriorYearInstant_ConsolidatedMember_ResultMember	/disc/18790/081220190807483792_tse-qcedjpsm-18790-20190807483792-ixbrl.htm
2019-08-09	四半期	前期	単体	実績	第2四半期末	1株当たり配当金	DividendPerShare	9.00	JPYPerShares	9.00	PriorYearDuration_SecondQuarterMember_NonConsolidatedMember_ResultMember	/disc/18790/081220190807483792_tse-qcedjpsm-18790-20190807483792-ixbrl.htm
2019-08-09	四半期	前期	単体	実績	期末	1株当たり配当金	DividendPerShare	10.00	JPYPerShares	10.00	PriorYearDuration_YearEndMember_NonConsolidatedMember_ResultMember	/disc/18790/081220190807483792_tse-qcedjpsm-18790-20190807483792-ixbrl.htm
2019-08-09	四半期	前期	単体	実績	合計	1株当たり配当金	DividendPerShare	19.00	JPYPerShares	19.00	PriorYearDuration_AnnualMember_NonConsolidatedMember_ResultMember	/disc/18790/081220190807483792_tse-qcedjpsm-18790-20190807483792-ixbrl.htm
2019-08-09	四半期	当期	単体	予想	第2四半期末	1株当たり配当金	DividendPerShare	9.00	JPYPerShares	9.00	CurrentYearDuration_SecondQuarterMember_NonConsolidatedMember_ForecastMember	/disc/18790/081220190807483792_tse-qcedjpsm-18790-20190807483792-ixbrl.htm
2019-08-09	四半期	当期	単体	予想	期末	1株当たり配当金	DividendPerShare	10.00	JPYPerShares	10.00	CurrentYearDuration_YearEndMember_NonConsolidatedMember_ForecastMember	/disc/18790/081220190807483792_tse-qcedjpsm-18790-20190807483792-ixbrl.htm
2019-08-09	四半期	当期	単体	予想	合計	1株当たり配当金	DividendPerShare	19.00	JPYPerShares	19.00	CurrentYearDuration_AnnualMember_NonConsolidatedMember_ForecastMember	/disc/18790/081220190807483792_tse-qcedjpsm-18790-20190807483792-ixbrl.htm
2019-08-09	四半期	当期	単体	実績	合計	当四半期における配当予想の修正	CorrectionOfDividendForecastInThisQuarter			無	CurrentYearDuration_AnnualMember_NonConsolidatedMember_ResultMember	/disc/18790/081220190807483792_tse-qcedjpsm-18790-20190807483792-ixbrl.htm
2019-08-09	四半期	当期	連結	予想		業績予想の見出し	TitleForForecasts			3. 2020年 3月期の連結業績予想（2019年 4月 1日～2020年 3月31日）	CurrentYearDuration_ConsolidatedMember_ForecastMember	/disc/18790/081220190807483792_tse-qcedjpsm-18790-20190807483792-ixbrl.htm
2019-08-09	四半期	当期	連結	予想		売上高	NetSales	110000000000	JPY	110,000	CurrentYearDuration_ConsolidatedMember_ForecastMember	/disc/18790/081220190807483792_tse-qcedjpsm-18790-20190807483792-ixbrl.htm
2019-08-09	四半期	当期	連結	予想		売上高の増減率	ChangeInNetSales	0.065	Pure	6.5	CurrentYearDuration_ConsolidatedMember_ForecastMember	/disc/18790/081220190807483792_tse-qcedjpsm-18790-20190807483792-ixbrl.htm
2019-08-09	四半期	当期	連結	予想		営業利益	OperatingIncome	14700000000	JPY	14,700	CurrentYearDuration_ConsolidatedMember_ForecastMember	/disc/18790/081220190807483792_tse-qcedjpsm-18790-20190807483792-ixbrl.htm
2019-08-09	四半期	当期	連結	予想		営業利益の増減率	ChangeInOperatingIncome	0.002	Pure	0.2	CurrentYearDuration_ConsolidatedMember_ForecastMember	/disc/18790/081220190807483792_tse-qcedjpsm-18790-20190807483792-ixbrl.htm
2019-08-09	四半期	当期	連結	予想		経常利益	OrdinaryIncome	14700000000	JPY	14,700	CurrentYearDuration_ConsolidatedMember_ForecastMember	/disc/18790/081220190807483792_tse-qcedjpsm-18790-20190807483792-ixbrl.htm
2019-08-09	四半期	当期	連結	予想		経常利益の増減率	ChangeInOrdinaryIncome	0.011	Pure	1.1	CurrentYearDuration_ConsolidatedMember_ForecastMember	/disc/18790/081220190807483792_tse-qcedjpsm-18790-20190807483792-ixbrl.htm
2019-08-09	四半期	当期	連結	予想		親会社株主に帰属する当期純利益	ProfitAttributableToOwnersOfParent	10100000000	JPY	10,100	CurrentYearDuration_ConsolidatedMember_ForecastMember	/disc/18790/081220190807483792_tse-qcedjpsm-18790-20190807483792-ixbrl.htm
2019-08-09	四半期	当期	連結	予想		親会社株主に帰属する当期純利益の増減率	ChangeInProfitAttributableToOwnersOfParent	0.003	Pure	0.3	CurrentYearDuration_ConsolidatedMember_ForecastMember	/disc/18790/081220190807483792_tse-qcedjpsm-18790-20190807483792-ixbrl.htm
2019-08-09	四半期	当期	連結	予想		1株当たり当期純利益	NetIncomePerShare	172.76	JPYPerShares	172.76	CurrentYearDuration_ConsolidatedMember_ForecastMember	/disc/18790/081220190807483792_tse-qcedjpsm-18790-20190807483792-ixbrl.htm
2019-08-09	四半期	当期	連結	予想		当四半期における業績予想の修正	CorrectionOfConsolidatedFinancialForecastInThisQuarter			無	CurrentYearDuration_ConsolidatedMember_ForecastMember	/disc/18790/081220190807483792_tse-qcedjpsm-18790-20190807483792-ixbrl.htm
2019-08-09	四半期	当期第1四半期累計	連結	実績			MaterialChangesInSubsidiariesDuringThisPeriodChangesInScopeOfConsolidationsResultingFromChangeIsSubsidiaries			無	CurrentAccumulatedQ1Duration_ConsolidatedMember_ResultMember	/disc/18790/081220190807483792_tse-qcedjpsm-18790-20190807483792-ixbrl.htm
2019-08-09	四半期	当期第1四半期累計	連結	実績			ApplyingOfSpecificAccountingOfTheConsolidatedQuarterlyFinancialStatements			無	CurrentAccumulatedQ1Duration_ConsolidatedMember_ResultMember	/disc/18790/081220190807483792_tse-qcedjpsm-18790-20190807483792-ixbrl.htm
2019-08-09	四半期	当期第1四半期累計	連結	実績		会計基準等の改正に伴う変更	ChangesBasedOnRevisionsOfAccountingStandard			無	CurrentAccumulatedQ1Duration_ConsolidatedMember_ResultMember	/disc/18790/081220190807483792_tse-qcedjpsm-18790-20190807483792-ixbrl.htm
2019-08-09	四半期	当期第1四半期累計	連結	実績		それ以外の会計方針の変更	ChangesOtherThanOnesBasedOnRevisionsOfAccountingStandard			無	CurrentAccumulatedQ1Duration_ConsolidatedMember_ResultMember	/disc/18790/081220190807483792_tse-qcedjpsm-18790-20190807483792-ixbrl.htm
2019-08-09	四半期	当期第1四半期累計	連結	実績		会計上の見積りの変更	ChangesInAccountingEstimates			無	CurrentAccumulatedQ1Duration_ConsolidatedMember_ResultMember	/disc/18790/081220190807483792_tse-qcedjpsm-18790-20190807483792-ixbrl.htm
2019-08-09	四半期	当期第1四半期累計	連結	実績		修正再表示	RetrospectiveRestatement			無	CurrentAccumulatedQ1Duration_ConsolidatedMember_ResultMember	/disc/18790/081220190807483792_tse-qcedjpsm-18790-20190807483792-ixbrl.htm
2019-08-09	四半期	当期第1四半期累計	単体	実績		期末発行済株式数(自己株式を含む)	NumberOfIssuedAndOutstandingSharesAtTheEndOfFiscalYearIncludingTreasuryStock	61360720	Shares	61,360,720	CurrentAccumulatedQ1Instant_NonConsolidatedMember_ResultMember	/disc/18790/081220190807483792_tse-qcedjpsm-18790-20190807483792-ixbrl.htm
2019-08-09	四半期	前期	単体	実績		期末発行済株式数(自己株式を含む)	NumberOfIssuedAndOutstandingSharesAtTheEndOfFiscalYearIncludingTreasuryStock	61360720	Shares	61,360,720	PriorYearInstant_NonConsolidatedMember_ResultMember	/disc/18790/081220190807483792_tse-qcedjpsm-18790-20190807483792-ixbrl.htm
2019-08-09	四半期	当期第1四半期累計	単体	実績		期末自己株式数	NumberOfTreasuryStockAtTheEndOfFiscalYear	2899762	Shares	2,899,762	CurrentAccumulatedQ1Instant_NonConsolidatedMember_ResultMember	/disc/18790/081220190807483792_tse-qcedjpsm-18790-20190807483792-ixbrl.htm
2019-08-09	四半期	前期	単体	実績		期末自己株式数	NumberOfTreasuryStockAtTheEndOfFiscalYear	2899762	Shares	2,899,762	PriorYearInstant_NonConsolidatedMember_ResultMember	/disc/18790/081220190807483792_tse-qcedjpsm-18790-20190807483792-ixbrl.htm
2019-08-09	四半期	当期第1四半期累計	単体	実績		期中平均株式数	AverageNumberOfShares	58460958	Shares	58,460,958	CurrentAccumulatedQ1Duration_NonConsolidatedMember_ResultMember	/disc/18790/081220190807483792_tse-qcedjpsm-18790-20190807483792-ixbrl.htm
2019-08-09	四半期	前期第1四半期累計	単体	実績		期中平均株式数	AverageNumberOfShares	58461173	Shares	58,461,173	PriorAccumulatedQ1Duration_NonConsolidatedMember_ResultMember	/disc/18790/081220190807483792_tse-qcedjpsm-18790-20190807483792-ixbrl.htm
2019-08-09	四半期	当期				将来情報の利用に関する注意	NotesForUsingForecastedInformationAndOthers			本資料に記載されている業績見通し等の将来に関する記述は、当社が現在入手している情報及び合理的であると判断する一定の前提に基づいており、その達成を当社として約束する趣旨のものではありません。また、実際の業績等は様々な要因により大きく異なる可能性があります。	CurrentYearDuration	/disc/18790/081220190807483792_tse-qcedjpsm-18790-20190807483792-ixbrl.htm
2019-08-09	四半期	当期				決算期末	FiscalYearEnd			2020-03-31	CurrentYearInstant	/disc/18790/081220190807483792_tse-qcedjpsm-18790-20190807483792-ixbrl.htm
2019-08-09	四半期	当期第1四半期累計				四半期	QuarterlyPeriod	1	Pure	1	CurrentAccumulatedQ1Instant	/disc/18790/081220190807483792_tse-qcedjpsm-18790-20190807483792-ixbrl.htm
2019-11-14	四半期	当期第2四半期累計				書類名	DocumentName			第2四半期決算短信〔日本基準〕（連結）	CurrentAccumulatedQ2Instant	/disc/18790/081220191112425164_tse-qcedjpsm-18790-20191112425164-ixbrl.htm
2019-11-14	四半期	当期第2四半期累計				提出日	FilingDate			2019年11月14日	CurrentAccumulatedQ2Instant	/disc/18790/081220191112425164_tse-qcedjpsm-18790-20191112425164-ixbrl.htm
2019-11-14	四半期	当期第2四半期累計				会社名	CompanyName			新日本建設株式会社	CurrentAccumulatedQ2Instant	/disc/18790/081220191112425164_tse-qcedjpsm-18790-20191112425164-ixbrl.htm
2019-11-14	四半期	当期第2四半期累計					TokyoStockExchange			東	CurrentAccumulatedQ2Instant	/disc/18790/081220191112425164_tse-qcedjpsm-18790-20191112425164-ixbrl.htm
2019-11-14	四半期	当期第2四半期累計				証券コード	SecuritiesCode			18790	CurrentAccumulatedQ2Instant	/disc/18790/081220191112425164_tse-qcedjpsm-18790-20191112425164-ixbrl.htm
2019-11-14	四半期	当期第2四半期累計				URL	URL			http://www.shinnihon-c.co.jp/	CurrentAccumulatedQ2Instant	/disc/18790/081220191112425164_tse-qcedjpsm-18790-20191112425164-ixbrl.htm
2019-11-14	四半期	当期第2四半期累計				代表者の役職	TitleRepresentative			代表取締役社長	CurrentAccumulatedQ2Instant	/disc/18790/081220191112425164_tse-qcedjpsm-18790-20191112425164-ixbrl.htm
2019-11-14	四半期	当期第2四半期累計				代表者名	NameRepresentative			高見 克司	CurrentAccumulatedQ2Instant	/disc/18790/081220191112425164_tse-qcedjpsm-18790-20191112425164-ixbrl.htm
2019-11-14	四半期	当期第2四半期累計					TitleInquiries			取締役常務執行役員管理本部長	CurrentAccumulatedQ2Instant	/disc/18790/081220191112425164_tse-qcedjpsm-18790-20191112425164-ixbrl.htm
2019-11-14	四半期	当期第2四半期累計					NameInquiries			高橋 苗樹	CurrentAccumulatedQ2Instant	/disc/18790/081220191112425164_tse-qcedjpsm-18790-20191112425164-ixbrl.htm
2019-11-14	四半期	当期第2四半期累計					Tel			043-213-1111	CurrentAccumulatedQ2Instant	/disc/18790/081220191112425164_tse-qcedjpsm-18790-20191112425164-ixbrl.htm
2019-11-14	四半期	当期第2四半期累計					QuarterlyStatementFilingDateAsPlanned			2019年11月14日	CurrentAccumulatedQ2Instant	/disc/18790/081220191112425164_tse-qcedjpsm-18790-20191112425164-ixbrl.htm
2019-11-14	四半期	当期第2四半期累計					DividendPayableDateAsPlanned			2019年12月3日	CurrentAccumulatedQ2Instant	/disc/18790/081220191112425164_tse-qcedjpsm-18790-20191112425164-ixbrl.htm
2019-11-14	四半期	当期第2四半期累計					SupplementalMaterialOfQuarterlyResults			無	CurrentAccumulatedQ2Instant	/disc/18790/081220191112425164_tse-qcedjpsm-18790-20191112425164-ixbrl.htm
2019-11-14	四半期	当期第2四半期累計					ConveningBriefingOfQuarterlyResults			無	CurrentAccumulatedQ2Instant	/disc/18790/081220191112425164_tse-qcedjpsm-18790-20191112425164-ixbrl.htm
2019-11-14	四半期	当期第2四半期累計					NoteToFractionProcessingMethod			（百万円未満切捨て）	CurrentAccumulatedQ2Instant	/disc/18790/081220191112425164_tse-qcedjpsm-18790-20191112425164-ixbrl.htm
2019-11-14	四半期	当期第2四半期累計	連結	実績		売上高	NetSales	49164000000	JPY	49,164	CurrentAccumulatedQ2Duration_ConsolidatedMember_ResultMember	/disc/18790/081220191112425164_tse-qcedjpsm-18790-20191112425164-ixbrl.htm
2019-11-14	四半期	当期第2四半期累計	連結	実績		売上高の増減率	ChangeInNetSales	0.165	Pure	16.5	CurrentAccumulatedQ2Duration_ConsolidatedMember_ResultMember	/disc/18790/081220191112425164_tse-qcedjpsm-18790-20191112425164-ixbrl.htm
2019-11-14	四半期	当期第2四半期累計	連結	実績		営業利益	OperatingIncome	6121000000	JPY	6,121	CurrentAccumulatedQ2Duration_ConsolidatedMember_ResultMember	/disc/18790/081220191112425164_tse-qcedjpsm-18790-20191112425164-ixbrl.htm
2019-11-14	四半期	当期第2四半期累計	連結	実績		営業利益の増減率	ChangeInOperatingIncome	0.017	Pure	1.7	CurrentAccumulatedQ2Duration_ConsolidatedMember_ResultMember	/disc/18790/081220191112425164_tse-qcedjpsm-18790-20191112425164-ixbrl.htm
2019-11-14	四半期	当期第2四半期累計	連結	実績		経常利益	OrdinaryIncome	6213000000	JPY	6,213	CurrentAccumulatedQ2Duration_ConsolidatedMember_ResultMember	/disc/18790/081220191112425164_tse-qcedjpsm-18790-20191112425164-ixbrl.htm
2019-11-14	四半期	当期第2四半期累計	連結	実績		経常利益の増減率	ChangeInOrdinaryIncome	0.055	Pure	5.5	CurrentAccumulatedQ2Duration_ConsolidatedMember_ResultMember	/disc/18790/081220191112425164_tse-qcedjpsm-18790-20191112425164-ixbrl.htm
2019-11-14	四半期	当期第2四半期累計	連結	実績		親会社株主に帰属する当期純利益	ProfitAttributableToOwnersOfParent	4706000000	JPY	4,706	CurrentAccumulatedQ2Duration_ConsolidatedMember_ResultMember	/disc/18790/081220191112425164_tse-qcedjpsm-18790-20191112425164-ixbrl.htm
2019-11-14	四半期	当期第2四半期累計	連結	実績		親会社株主に帰属する当期純利益の増減率	ChangeInProfitAttributableToOwnersOfParent	0.165	Pure	16.5	CurrentAccumulatedQ2Duration_ConsolidatedMember_ResultMember	/disc/18790/081220191112425164_tse-qcedjpsm-18790-20191112425164-ixbrl.htm
2019-11-14	四半期	前期第2四半期累計	連結	実績		売上高	NetSales	42203000000	JPY	42,203	PriorAccumulatedQ2Duration_ConsolidatedMember_ResultMember	/disc/18790/081220191112425164_tse-qcedjpsm-18790-20191112425164-ixbrl.htm
2019-11-14	四半期	前期第2四半期累計	連結	実績		売上高の増減率	ChangeInNetSales	0.211	Pure	21.1	PriorAccumulatedQ2Duration_ConsolidatedMember_ResultMember	/disc/18790/081220191112425164_tse-qcedjpsm-18790-20191112425164-ixbrl.htm
2019-11-14	四半期	前期第2四半期累計	連結	実績		営業利益	OperatingIncome	6017000000	JPY	6,017	PriorAccumulatedQ2Duration_ConsolidatedMember_ResultMember	/disc/18790/081220191112425164_tse-qcedjpsm-18790-20191112425164-ixbrl.htm
2019-11-14	四半期	前期第2四半期累計	連結	実績		営業利益の増減率	ChangeInOperatingIncome	0.129	Pure	12.9	PriorAccumulatedQ2Duration_ConsolidatedMember_ResultMember	/disc/18790/081220191112425164_tse-qcedjpsm-18790-20191112425164-ixbrl.htm
2019-11-14	四半期	前期第2四半期累計	連結	実績		経常利益	OrdinaryIncome	5890000000	JPY	5,890	PriorAccumulatedQ2Duration_ConsolidatedMember_ResultMember	/disc/18790/081220191112425164_tse-qcedjpsm-18790-20191112425164-ixbrl.htm
2019-11-14	四半期	前期第2四半期累計	連結	実績		経常利益の増減率	ChangeInOrdinaryIncome	0.115	Pure	11.5	PriorAccumulatedQ2Duration_ConsolidatedMember_ResultMember	/disc/18790/081220191112425164_tse-qcedjpsm-18790-20191112425164-ixbrl.htm
2019-11-14	四半期	前期第2四半期累計	連結	実績		親会社株主に帰属する当期純利益	ProfitAttributableToOwnersOfParent	4038000000	JPY	4,038	PriorAccumulatedQ2Duration_ConsolidatedMember_ResultMember	/disc/18790/081220191112425164_tse-qcedjpsm-18790-20191112425164-ixbrl.htm
2019-11-14	四半期	前期第2四半期累計	連結	実績		親会社株主に帰属する当期純利益の増減率	ChangeInProfitAttributableToOwnersOfParent	0.117	Pure	11.7	PriorAccumulatedQ2Duration_ConsolidatedMember_ResultMember	/disc/18790/081220191112425164_tse-qcedjpsm-18790-20191112425164-ixbrl.htm
2019-11-14	四半期	当期第2四半期累計	連結	実績		包括利益	ComprehensiveIncome	4711000000	JPY	4,711	CurrentAccumulatedQ2Duration_ConsolidatedMember_ResultMember	/disc/18790/081220191112425164_tse-qcedjpsm-18790-20191112425164-ixbrl.htm
2019-11-14	四半期	当期第2四半期累計	連結	実績		包括利益の増減率	ChangeInComprehensiveIncome	0.163	Pure	16.3	CurrentAccumulatedQ2Duration_ConsolidatedMember_ResultMember	/disc/18790/081220191112425164_tse-qcedjpsm-18790-20191112425164-ixbrl.htm
2019-11-14	四半期	前期第2四半期累計	連結	実績		包括利益	ComprehensiveIncome	4051000000	JPY	4,051	PriorAccumulatedQ2Duration_ConsolidatedMember_ResultMember	/disc/18790/081220191112425164_tse-qcedjpsm-18790-20191112425164-ixbrl.htm
2019-11-14	四半期	前期第2四半期累計	連結	実績		包括利益の増減率	ChangeInComprehensiveIncome	0.109	Pure	10.9	PriorAccumulatedQ2Duration_ConsolidatedMember_ResultMember	/disc/18790/081220191112425164_tse-qcedjpsm-18790-20191112425164-ixbrl.htm
2019-11-14	四半期	当期第2四半期累計	連結	実績		1株当たり当期純利益	NetIncomePerShare	80.51	JPYPerShares	80.51	CurrentAccumulatedQ2Duration_ConsolidatedMember_ResultMember	/disc/18790/081220191112425164_tse-qcedjpsm-18790-20191112425164-ixbrl.htm
2019-11-14	四半期	前期第2四半期累計	連結	実績		1株当たり当期純利益	NetIncomePerShare	69.08	JPYPerShares	69.08	PriorAccumulatedQ2Duration_ConsolidatedMember_ResultMember	/disc/18790/081220191112425164_tse-qcedjpsm-18790-20191112425164-ixbrl.htm
2019-11-14	四半期	当期第2四半期累計	連結	実績		総資産	TotalAssets	107339000000	JPY	107,339	CurrentAccumulatedQ2Instant_ConsolidatedMember_ResultMember	/disc/18790/081220191112425164_tse-qcedjpsm-18790-20191112425164-ixbrl.htm
2019-11-14	四半期	当期第2四半期累計	連結	実績		純資産	NetAssets	68005000000	JPY	68,005	CurrentAccumulatedQ2Instant_ConsolidatedMember_ResultMember	/disc/18790/081220191112425164_tse-qcedjpsm-18790-20191112425164-ixbrl.htm
2019-11-14	四半期	当期第2四半期累計	連結	実績		自己資本比率	CapitalAdequacyRatio	0.634	Pure	63.4	CurrentAccumulatedQ2Instant_ConsolidatedMember_ResultMember	/disc/18790/081220191112425164_tse-qcedjpsm-18790-20191112425164-ixbrl.htm
2019-11-14	四半期	前期	連結	実績		総資産	TotalAssets	105665000000	JPY	105,665	PriorYearInstant_ConsolidatedMember_ResultMember	/disc/18790/081220191112425164_tse-qcedjpsm-18790-20191112425164-ixbrl.htm
2019-11-14	四半期	前期	連結	実績		純資産	NetAssets	63879000000	JPY	63,879	PriorYearInstant_ConsolidatedMember_ResultMember	/disc/18790/081220191112425164_tse-qcedjpsm-18790-20191112425164-ixbrl.htm
2019-11-14	四半期	前期	連結	実績		自己資本比率	CapitalAdequacyRatio	0.605	Pure	60.5	PriorYearInstant_ConsolidatedMember_ResultMember	/disc/18790/081220191112425164_tse-qcedjpsm-18790-20191112425164-ixbrl.htm
2019-11-14	四半期	当期第2四半期累計	連結	実績		自己資本	OwnersEquity	68005000000	JPY	68,005	CurrentAccumulatedQ2Instant_ConsolidatedMember_ResultMember	/disc/18790/081220191112425164_tse-qcedjpsm-18790-20191112425164-ixbrl.htm
2019-11-14	四半期	前期	連結	実績		自己資本	OwnersEquity	63879000000	JPY	63,879	PriorYearInstant_ConsolidatedMember_ResultMember	/disc/18790/081220191112425164_tse-qcedjpsm-18790-20191112425164-ixbrl.htm
2019-11-14	四半期	前期	単体	実績	第2四半期末	1株当たり配当金	DividendPerShare	9.00	JPYPerShares	9.00	PriorYearDuration_SecondQuarterMember_NonConsolidatedMember_ResultMember	/disc/18790/081220191112425164_tse-qcedjpsm-18790-20191112425164-ixbrl.htm
2019-11-14	四半期	前期	単体	実績	期末	1株当たり配当金	DividendPerShare	10.00	JPYPerShares	10.00	PriorYearDuration_YearEndMember_NonConsolidatedMember_ResultMember	/disc/18790/081220191112425164_tse-qcedjpsm-18790-20191112425164-ixbrl.htm
2019-11-14	四半期	前期	単体	実績	合計	1株当たり配当金	DividendPerShare	19.00	JPYPerShares	19.00	PriorYearDuration_AnnualMember_NonConsolidatedMember_ResultMember	/disc/18790/081220191112425164_tse-qcedjpsm-18790-20191112425164-ixbrl.htm
2019-11-14	四半期	当期	単体	実績	第2四半期末	1株当たり配当金	DividendPerShare	9.00	JPYPerShares	9.00	CurrentYearDuration_SecondQuarterMember_NonConsolidatedMember_ResultMember	/disc/18790/081220191112425164_tse-qcedjpsm-18790-20191112425164-ixbrl.htm
2019-11-14	四半期	当期	単体	予想	期末	1株当たり配当金	DividendPerShare	10.00	JPYPerShares	10.00	CurrentYearDuration_YearEndMember_NonConsolidatedMember_ForecastMember	/disc/18790/081220191112425164_tse-qcedjpsm-18790-20191112425164-ixbrl.htm
2019-11-14	四半期	当期	単体	予想	合計	1株当たり配当金	DividendPerShare	19.00	JPYPerShares	19.00	CurrentYearDuration_AnnualMember_NonConsolidatedMember_ForecastMember	/disc/18790/081220191112425164_tse-qcedjpsm-18790-20191112425164-ixbrl.htm
2019-11-14	四半期	当期	単体	実績	合計	当四半期における配当予想の修正	CorrectionOfDividendForecastInThisQuarter			無	CurrentYearDuration_AnnualMember_NonConsolidatedMember_ResultMember	/disc/18790/081220191112425164_tse-qcedjpsm-18790-20191112425164-ixbrl.htm
2019-11-14	四半期	当期	連結	予想		業績予想の見出し	TitleForForecasts			3. 2020年 3月期の連結業績予想（2019年 4月 1日～2020年 3月31日）	CurrentYearDuration_ConsolidatedMember_ForecastMember	/disc/18790/081220191112425164_tse-qcedjpsm-18790-20191112425164-ixbrl.htm
2019-11-14	四半期	当期	連結	予想		売上高	NetSales	110000000000	JPY	110,000	CurrentYearDuration_ConsolidatedMember_ForecastMember	/disc/18790/081220191112425164_tse-qcedjpsm-18790-20191112425164-ixbrl.htm
2019-11-14	四半期	当期	連結	予想		売上高の増減率	ChangeInNetSales	0.065	Pure	6.5	CurrentYearDuration_ConsolidatedMember_ForecastMember	/disc/18790/081220191112425164_tse-qcedjpsm-18790-20191112425164-ixbrl.htm
2019-11-14	四半期	当期	連結	予想		営業利益	OperatingIncome	14700000000	JPY	14,700	CurrentYearDuration_ConsolidatedMember_ForecastMember	/disc/18790/081220191112425164_tse-qcedjpsm-18790-20191112425164-ixbrl.htm
2019-11-14	四半期	当期	連結	予想		営業利益の増減率	ChangeInOperatingIncome	0.002	Pure	0.2	CurrentYearDuration_ConsolidatedMember_ForecastMember	/disc/18790/081220191112425164_tse-qcedjpsm-18790-20191112425164-ixbrl.htm
2019-11-14	四半期	当期	連結	予想		経常利益	OrdinaryIncome	14700000000	JPY	14,700	CurrentYearDuration_ConsolidatedMember_ForecastMember	/disc/18790/081220191112425164_tse-qcedjpsm-18790-20191112425164-ixbrl.htm
2019-11-14	四半期	当期	連結	予想		経常利益の増減率	ChangeInOrdinaryIncome	0.011	Pure	1.1	CurrentYearDuration_ConsolidatedMember_ForecastMember	/disc/18790/081220191112425164_tse-qcedjpsm-18790-20191112425164-ixbrl.htm
2019-11-14	四半期	当期	連結	予想		親会社株主に帰属する当期純利益	ProfitAttributableToOwnersOfParent	10100000000	JPY	10,100	CurrentYearDuration_ConsolidatedMember_ForecastMember	/disc/18790/081220191112425164_tse-qcedjpsm-18790-20191112425164-ixbrl.htm
2019-11-14	四半期	当期	連結	予想		親会社株主に帰属する当期純利益の増減率	ChangeInProfitAttributableToOwnersOfParent	0.003	Pure	0.3	CurrentYearDuration_ConsolidatedMember_ForecastMember	/disc/18790/081220191112425164_tse-qcedjpsm-18790-20191112425164-ixbrl.htm
2019-11-14	四半期	当期	連結	予想		1株当たり当期純利益	NetIncomePerShare	172.76	JPYPerShares	172.76	CurrentYearDuration_ConsolidatedMember_ForecastMember	/disc/18790/081220191112425164_tse-qcedjpsm-18790-20191112425164-ixbrl.htm
2019-11-14	四半期	当期	連結	予想		当四半期における業績予想の修正	CorrectionOfConsolidatedFinancialForecastInThisQuarter			無	CurrentYearDuration_ConsolidatedMember_ForecastMember	/disc/18790/081220191112425164_tse-qcedjpsm-18790-20191112425164-ixbrl.htm
2019-11-14	四半期	当期第2四半期累計	連結	実績			MaterialChangesInSubsidiariesDuringThisPeriodChangesInScopeOfConsolidationsResultingFromChangeIsSubsidiaries			無	CurrentAccumulatedQ2Duration_ConsolidatedMember_ResultMember	/disc/18790/081220191112425164_tse-qcedjpsm-18790-20191112425164-ixbrl.htm
2019-11-14	四半期	当期第2四半期累計	連結	実績			ApplyingOfSpecificAccountingOfTheConsolidatedQuarterlyFinancialStatements			無	CurrentAccumulatedQ2Duration_ConsolidatedMember_ResultMember	/disc/18790/081220191112425164_tse-qcedjpsm-18790-20191112425164-ixbrl.htm
2019-11-14	四半期	当期第2四半期累計	連結	実績		会計基準等の改正に伴う変更	ChangesBasedOnRevisionsOfAccountingStandard			無	CurrentAccumulatedQ2Duration_ConsolidatedMember_ResultMember	/disc/18790/081220191112425164_tse-qcedjpsm-18790-20191112425164-ixbrl.htm
2019-11-14	四半期	当期第2四半期累計	連結	実績		それ以外の会計方針の変更	ChangesOtherThanOnesBasedOnRevisionsOfAccountingStandard			無	CurrentAccumulatedQ2Duration_ConsolidatedMember_ResultMember	/disc/18790/081220191112425164_tse-qcedjpsm-18790-20191112425164-ixbrl.htm
2019-11-14	四半期	当期第2四半期累計	連結	実績		会計上の見積りの変更	ChangesInAccountingEstimates			無	CurrentAccumulatedQ2Duration_ConsolidatedMember_ResultMember	/disc/18790/081220191112425164_tse-qcedjpsm-18790-20191112425164-ixbrl.htm
2019-11-14	四半期	当期第2四半期累計	連結	実績		修正再表示	RetrospectiveRestatement			無	CurrentAccumulatedQ2Duration_ConsolidatedMember_ResultMember	/disc/18790/081220191112425164_tse-qcedjpsm-18790-20191112425164-ixbrl.htm
2019-11-14	四半期	当期第2四半期累計	単体	実績		期末発行済株式数(自己株式を含む)	NumberOfIssuedAndOutstandingSharesAtTheEndOfFiscalYearIncludingTreasuryStock	61360720	Shares	61,360,720	CurrentAccumulatedQ2Instant_NonConsolidatedMember_ResultMember	/disc/18790/081220191112425164_tse-qcedjpsm-18790-20191112425164-ixbrl.htm
2019-11-14	四半期	前期	単体	実績		期末発行済株式数(自己株式を含む)	NumberOfIssuedAndOutstandingSharesAtTheEndOfFiscalYearIncludingTreasuryStock	61360720	Shares	61,360,720	PriorYearInstant_NonConsolidatedMember_ResultMember	/disc/18790/081220191112425164_tse-qcedjpsm-18790-20191112425164-ixbrl.htm
2019-11-14	四半期	当期第2四半期累計	単体	実績		期末自己株式数	NumberOfTreasuryStockAtTheEndOfFiscalYear	2899818	Shares	2,899,818	CurrentAccumulatedQ2Instant_NonConsolidatedMember_ResultMember	/disc/18790/081220191112425164_tse-qcedjpsm-18790-20191112425164-ixbrl.htm
2019-11-14	四半期	前期	単体	実績		期末自己株式数	NumberOfTreasuryStockAtTheEndOfFiscalYear	2899762	Shares	2,899,762	PriorYearInstant_NonConsolidatedMember_ResultMember	/disc/18790/081220191112425164_tse-qcedjpsm-18790-20191112425164-ixbrl.htm
2019-11-14	四半期	当期第2四半期累計	単体	実績		期中平均株式数	AverageNumberOfShares	58460944	Shares	58,460,944	CurrentAccumulatedQ2Duration_NonConsolidatedMember_ResultMember	/disc/18790/081220191112425164_tse-qcedjpsm-18790-20191112425164-ixbrl.htm
2019-11-14	四半期	前期第2四半期累計	単体	実績		期中平均株式数	AverageNumberOfShares	58461135	Shares	58,461,135	PriorAccumulatedQ2Duration_NonConsolidatedMember_ResultMember	/disc/18790/081220191112425164_tse-qcedjpsm-18790-20191112425164-ixbrl.htm
2019-11-14	四半期	当期				将来情報の利用に関する注意	NotesForUsingForecastedInformationAndOthers			本資料に記載されている業績見通し等の将来に関する記述は、当社が現在入手している情報及び合理的であると判断する一定の前提に基づいており、その達成を当社として約束する趣旨のものではありません。また、実際の業績等は様々な要因により大きく異なる可能性があります。	CurrentYearDuration	/disc/18790/081220191112425164_tse-qcedjpsm-18790-20191112425164-ixbrl.htm
2019-11-14	四半期	当期				決算期末	FiscalYearEnd			2020-03-31	CurrentYearInstant	/disc/18790/081220191112425164_tse-qcedjpsm-18790-20191112425164-ixbrl.htm
2019-11-14	四半期	当期第2四半期累計				四半期	QuarterlyPeriod	2	Pure	2	CurrentAccumulatedQ2Instant	/disc/18790/081220191112425164_tse-qcedjpsm-18790-20191112425164-ixbrl.htm
2020-02-10	四半期	当期第3四半期累計				書類名	DocumentName			第3四半期決算短信〔日本基準〕（連結）	CurrentAccumulatedQ3Instant	/disc/18790/081220200206459200_tse-qcedjpsm-18790-20200206459200-ixbrl.htm
2020-02-10	四半期	当期第3四半期累計				提出日	FilingDate			2020年2月10日	CurrentAccumulatedQ3Instant	/disc/18790/081220200206459200_tse-qcedjpsm-18790-20200206459200-ixbrl.htm
2020-02-10	四半期	当期第3四半期累計				会社名	CompanyName			新日本建設株式会社	CurrentAccumulatedQ3Instant	/disc/18790/081220200206459200_tse-qcedjpsm-18790-20200206459200-ixbrl.htm
2020-02-10	四半期	当期第3四半期累計					TokyoStockExchange			東	CurrentAccumulatedQ3Instant	/disc/18790/081220200206459200_tse-qcedjpsm-18790-20200206459200-ixbrl.htm
2020-02-10	四半期	当期第3四半期累計				証券コード	SecuritiesCode			18790	CurrentAccumulatedQ3Instant	/disc/18790/081220200206459200_tse-qcedjpsm-18790-20200206459200-ixbrl.htm
2020-02-10	四半期	当期第3四半期累計				URL	URL			http://www.shinnihon-c.co.jp/	CurrentAccumulatedQ3Instant	/disc/18790/081220200206459200_tse-qcedjpsm-18790-20200206459200-ixbrl.htm
2020-02-10	四半期	当期第3四半期累計				代表者の役職	TitleRepresentative			代表取締役社長	CurrentAccumulatedQ3Instant	/disc/18790/081220200206459200_tse-qcedjpsm-18790-20200206459200-ixbrl.htm
2020-02-10	四半期	当期第3四半期累計				代表者名	NameRepresentative			高見 克司	CurrentAccumulatedQ3Instant	/disc/18790/081220200206459200_tse-qcedjpsm-18790-20200206459200-ixbrl.htm
2020-02-10	四半期	当期第3四半期累計					TitleInquiries			取締役常務執行役員管理本部長	CurrentAccumulatedQ3Instant	/disc/18790/081220200206459200_tse-qcedjpsm-18790-20200206459200-ixbrl.htm
2020-02-10	四半期	当期第3四半期累計					NameInquiries			高橋 苗樹	CurrentAccumulatedQ3Instant	/disc/18790/081220200206459200_tse-qcedjpsm-18790-20200206459200-ixbrl.htm
2020-02-10	四半期	当期第3四半期累計					Tel			043-213-1111	CurrentAccumulatedQ3Instant	/disc/18790/081220200206459200_tse-qcedjpsm-18790-20200206459200-ixbrl.htm
2020-02-10	四半期	当期第3四半期累計					QuarterlyStatementFilingDateAsPlanned			2020年2月10日	CurrentAccumulatedQ3Instant	/disc/18790/081220200206459200_tse-qcedjpsm-18790-20200206459200-ixbrl.htm
2020-02-10	四半期	当期第3四半期累計					SupplementalMaterialOfQuarterlyResults			無	CurrentAccumulatedQ3Instant	/disc/18790/081220200206459200_tse-qcedjpsm-18790-20200206459200-ixbrl.htm
2020-02-10	四半期	当期第3四半期累計					ConveningBriefingOfQuarterlyResults			無	CurrentAccumulatedQ3Instant	/disc/18790/081220200206459200_tse-qcedjpsm-18790-20200206459200-ixbrl.htm
2020-02-10	四半期	当期第3四半期累計					NoteToFractionProcessingMethod			（百万円未満切捨て）	CurrentAccumulatedQ3Instant	/disc/18790/081220200206459200_tse-qcedjpsm-18790-20200206459200-ixbrl.htm
2020-02-10	四半期	当期第3四半期累計	連結	実績		売上高	NetSales	74681000000	JPY	74,681	CurrentAccumulatedQ3Duration_ConsolidatedMember_ResultMember	/disc/18790/081220200206459200_tse-qcedjpsm-18790-20200206459200-ixbrl.htm
2020-02-10	四半期	当期第3四半期累計	連結	実績		売上高の増減率	ChangeInNetSales	0.134	Pure	13.4	CurrentAccumulatedQ3Duration_ConsolidatedMember_ResultMember	/disc/18790/081220200206459200_tse-qcedjpsm-18790-20200206459200-ixbrl.htm
2020-02-10	四半期	当期第3四半期累計	連結	実績		営業利益	OperatingIncome	9413000000	JPY	9,413	CurrentAccumulatedQ3Duration_ConsolidatedMember_ResultMember	/disc/18790/081220200206459200_tse-qcedjpsm-18790-20200206459200-ixbrl.htm
2020-02-10	四半期	当期第3四半期累計	連結	実績		営業利益の増減率	ChangeInOperatingIncome	0.010	Pure	1.0	CurrentAccumulatedQ3Duration_ConsolidatedMember_ResultMember	/disc/18790/081220200206459200_tse-qcedjpsm-18790-20200206459200-ixbrl.htm
2020-02-10	四半期	当期第3四半期累計	連結	実績		経常利益	OrdinaryIncome	9514000000	JPY	9,514	CurrentAccumulatedQ3Duration_ConsolidatedMember_ResultMember	/disc/18790/081220200206459200_tse-qcedjpsm-18790-20200206459200-ixbrl.htm
2020-02-10	四半期	当期第3四半期累計	連結	実績		経常利益の増減率	ChangeInOrdinaryIncome	0.035	Pure	3.5	CurrentAccumulatedQ3Duration_ConsolidatedMember_ResultMember	/disc/18790/081220200206459200_tse-qcedjpsm-18790-20200206459200-ixbrl.htm
2020-02-10	四半期	当期第3四半期累計	連結	実績		親会社株主に帰属する当期純利益	ProfitAttributableToOwnersOfParent	6949000000	JPY	6,949	CurrentAccumulatedQ3Duration_ConsolidatedMember_ResultMember	/disc/18790/081220200206459200_tse-qcedjpsm-18790-20200206459200-ixbrl.htm
2020-02-10	四半期	当期第3四半期累計	連結	実績		親会社株主に帰属する当期純利益の増減率	ChangeInProfitAttributableToOwnersOfParent	-0.087	Pure	8.7	CurrentAccumulatedQ3Duration_ConsolidatedMember_ResultMember	/disc/18790/081220200206459200_tse-qcedjpsm-18790-20200206459200-ixbrl.htm
2020-02-10	四半期	前期第3四半期累計	連結	実績		売上高	NetSales	65833000000	JPY	65,833	PriorAccumulatedQ3Duration_ConsolidatedMember_ResultMember	/disc/18790/081220200206459200_tse-qcedjpsm-18790-20200206459200-ixbrl.htm
2020-02-10	四半期	前期第3四半期累計	連結	実績		売上高の増減率	ChangeInNetSales	0.058	Pure	5.8	PriorAccumulatedQ3Duration_ConsolidatedMember_ResultMember	/disc/18790/081220200206459200_tse-qcedjpsm-18790-20200206459200-ixbrl.htm
2020-02-10	四半期	前期第3四半期累計	連結	実績		営業利益	OperatingIncome	9315000000	JPY	9,315	PriorAccumulatedQ3Duration_ConsolidatedMember_ResultMember	/disc/18790/081220200206459200_tse-qcedjpsm-18790-20200206459200-ixbrl.htm
2020-02-10	四半期	前期第3四半期累計	連結	実績		営業利益の増減率	ChangeInOperatingIncome	-0.004	Pure	0.4	PriorAccumulatedQ3Duration_ConsolidatedMember_ResultMember	/disc/18790/081220200206459200_tse-qcedjpsm-18790-20200206459200-ixbrl.htm
2020-02-10	四半期	前期第3四半期累計	連結	実績		経常利益	OrdinaryIncome	9192000000	JPY	9,192	PriorAccumulatedQ3Duration_ConsolidatedMember_ResultMember	/disc/18790/081220200206459200_tse-qcedjpsm-18790-20200206459200-ixbrl.htm
2020-02-10	四半期	前期第3四半期累計	連結	実績		経常利益の増減率	ChangeInOrdinaryIncome	-0.010	Pure	1.0	PriorAccumulatedQ3Duration_ConsolidatedMember_ResultMember	/disc/18790/081220200206459200_tse-qcedjpsm-18790-20200206459200-ixbrl.htm
2020-02-10	四半期	前期第3四半期累計	連結	実績		親会社株主に帰属する当期純利益	ProfitAttributableToOwnersOfParent	7608000000	JPY	7,608	PriorAccumulatedQ3Duration_ConsolidatedMember_ResultMember	/disc/18790/081220200206459200_tse-qcedjpsm-18790-20200206459200-ixbrl.htm
2020-02-10	四半期	前期第3四半期累計	連結	実績		親会社株主に帰属する当期純利益の増減率	ChangeInProfitAttributableToOwnersOfParent	0.199	Pure	19.9	PriorAccumulatedQ3Duration_ConsolidatedMember_ResultMember	/disc/18790/081220200206459200_tse-qcedjpsm-18790-20200206459200-ixbrl.htm
2020-02-10	四半期	当期第3四半期累計	連結	実績		包括利益	ComprehensiveIncome	7005000000	JPY	7,005	CurrentAccumulatedQ3Duration_ConsolidatedMember_ResultMember	/disc/18790/081220200206459200_tse-qcedjpsm-18790-20200206459200-ixbrl.htm
2020-02-10	四半期	当期第3四半期累計	連結	実績		包括利益の増減率	ChangeInComprehensiveIncome	-0.033	Pure	3.3	CurrentAccumulatedQ3Duration_ConsolidatedMember_ResultMember	/disc/18790/081220200206459200_tse-qcedjpsm-18790-20200206459200-ixbrl.htm
2020-02-10	四半期	前期第3四半期累計	連結	実績		包括利益	ComprehensiveIncome	7247000000	JPY	7,247	PriorAccumulatedQ3Duration_ConsolidatedMember_ResultMember	/disc/18790/081220200206459200_tse-qcedjpsm-18790-20200206459200-ixbrl.htm
2020-02-10	四半期	前期第3四半期累計	連結	実績		包括利益の増減率	ChangeInComprehensiveIncome	0.124	Pure	12.4	PriorAccumulatedQ3Duration_ConsolidatedMember_ResultMember	/disc/18790/081220200206459200_tse-qcedjpsm-18790-20200206459200-ixbrl.htm
2020-02-10	四半期	当期第3四半期累計	連結	実績		1株当たり当期純利益	NetIncomePerShare	118.87	JPYPerShares	118.87	CurrentAccumulatedQ3Duration_ConsolidatedMember_ResultMember	/disc/18790/081220200206459200_tse-qcedjpsm-18790-20200206459200-ixbrl.htm
2020-02-10	四半期	前期第3四半期累計	連結	実績		1株当たり当期純利益	NetIncomePerShare	130.15	JPYPerShares	130.15	PriorAccumulatedQ3Duration_ConsolidatedMember_ResultMember	/disc/18790/081220200206459200_tse-qcedjpsm-18790-20200206459200-ixbrl.htm
2020-02-10	四半期	当期第3四半期累計	連結	実績		総資産	TotalAssets	109623000000	JPY	109,623	CurrentAccumulatedQ3Instant_ConsolidatedMember_ResultMember	/disc/18790/081220200206459200_tse-qcedjpsm-18790-20200206459200-ixbrl.htm
2020-02-10	四半期	当期第3四半期累計	連結	実績		純資産	NetAssets	69773000000	JPY	69,773	CurrentAccumulatedQ3Instant_ConsolidatedMember_ResultMember	/disc/18790/081220200206459200_tse-qcedjpsm-18790-20200206459200-ixbrl.htm
2020-02-10	四半期	当期第3四半期累計	連結	実績		自己資本比率	CapitalAdequacyRatio	0.636	Pure	63.6	CurrentAccumulatedQ3Instant_ConsolidatedMember_ResultMember	/disc/18790/081220200206459200_tse-qcedjpsm-18790-20200206459200-ixbrl.htm
2020-02-10	四半期	前期	連結	実績		総資産	TotalAssets	105665000000	JPY	105,665	PriorYearInstant_ConsolidatedMember_ResultMember	/disc/18790/081220200206459200_tse-qcedjpsm-18790-20200206459200-ixbrl.htm
2020-02-10	四半期	前期	連結	実績		純資産	NetAssets	63879000000	JPY	63,879	PriorYearInstant_ConsolidatedMember_ResultMember	/disc/18790/081220200206459200_tse-qcedjpsm-18790-20200206459200-ixbrl.htm
2020-02-10	四半期	前期	連結	実績		自己資本比率	CapitalAdequacyRatio	0.605	Pure	60.5	PriorYearInstant_ConsolidatedMember_ResultMember	/disc/18790/081220200206459200_tse-qcedjpsm-18790-20200206459200-ixbrl.htm
2020-02-10	四半期	当期第3四半期累計	連結	実績		自己資本	OwnersEquity	69773000000	JPY	69,773	CurrentAccumulatedQ3Instant_ConsolidatedMember_ResultMember	/disc/18790/081220200206459200_tse-qcedjpsm-18790-20200206459200-ixbrl.htm
2020-02-10	四半期	前期	連結	実績		自己資本	OwnersEquity	63879000000	JPY	63,879	PriorYearInstant_ConsolidatedMember_ResultMember	/disc/18790/081220200206459200_tse-qcedjpsm-18790-20200206459200-ixbrl.htm
2020-02-10	四半期	前期	単体	実績	第2四半期末	1株当たり配当金	DividendPerShare	9.00	JPYPerShares	9.00	PriorYearDuration_SecondQuarterMember_NonConsolidatedMember_ResultMember	/disc/18790/081220200206459200_tse-qcedjpsm-18790-20200206459200-ixbrl.htm
2020-02-10	四半期	前期	単体	実績	期末	1株当たり配当金	DividendPerShare	10.00	JPYPerShares	10.00	PriorYearDuration_YearEndMember_NonConsolidatedMember_ResultMember	/disc/18790/081220200206459200_tse-qcedjpsm-18790-20200206459200-ixbrl.htm
2020-02-10	四半期	前期	単体	実績	合計	1株当たり配当金	DividendPerShare	19.00	JPYPerShares	19.00	PriorYearDuration_AnnualMember_NonConsolidatedMember_ResultMember	/disc/18790/081220200206459200_tse-qcedjpsm-18790-20200206459200-ixbrl.htm
2020-02-10	四半期	当期	単体	実績	第2四半期末	1株当たり配当金	DividendPerShare	9.00	JPYPerShares	9.00	CurrentYearDuration_SecondQuarterMember_NonConsolidatedMember_ResultMember	/disc/18790/081220200206459200_tse-qcedjpsm-18790-20200206459200-ixbrl.htm
2020-02-10	四半期	当期	単体	予想	期末	1株当たり配当金	DividendPerShare	10.00	JPYPerShares	10.00	CurrentYearDuration_YearEndMember_NonConsolidatedMember_ForecastMember	/disc/18790/081220200206459200_tse-qcedjpsm-18790-20200206459200-ixbrl.htm
2020-02-10	四半期	当期	単体	予想	合計	1株当たり配当金	DividendPerShare	19.00	JPYPerShares	19.00	CurrentYearDuration_AnnualMember_NonConsolidatedMember_ForecastMember	/disc/18790/081220200206459200_tse-qcedjpsm-18790-20200206459200-ixbrl.htm
2020-02-10	四半期	当期	単体	実績	合計	当四半期における配当予想の修正	CorrectionOfDividendForecastInThisQuarter			無	CurrentYearDuration_AnnualMember_NonConsolidatedMember_ResultMember	/disc/18790/081220200206459200_tse-qcedjpsm-18790-20200206459200-ixbrl.htm
2020-02-10	四半期	当期	連結	予想		業績予想の見出し	TitleForForecasts			3. 2020年 3月期の連結業績予想（2019年 4月 1日～2020年 3月31日）	CurrentYearDuration_ConsolidatedMember_ForecastMember	/disc/18790/081220200206459200_tse-qcedjpsm-18790-20200206459200-ixbrl.htm
2020-02-10	四半期	当期	連結	予想		売上高	NetSales	110000000000	JPY	110,000	CurrentYearDuration_ConsolidatedMember_ForecastMember	/disc/18790/081220200206459200_tse-qcedjpsm-18790-20200206459200-ixbrl.htm
2020-02-10	四半期	当期	連結	予想		売上高の増減率	ChangeInNetSales	0.065	Pure	6.5	CurrentYearDuration_ConsolidatedMember_ForecastMember	/disc/18790/081220200206459200_tse-qcedjpsm-18790-20200206459200-ixbrl.htm
2020-02-10	四半期	当期	連結	予想		営業利益	OperatingIncome	14700000000	JPY	14,700	CurrentYearDuration_ConsolidatedMember_ForecastMember	/disc/18790/081220200206459200_tse-qcedjpsm-18790-20200206459200-ixbrl.htm
2020-02-10	四半期	当期	連結	予想		営業利益の増減率	ChangeInOperatingIncome	0.002	Pure	0.2	CurrentYearDuration_ConsolidatedMember_ForecastMember	/disc/18790/081220200206459200_tse-qcedjpsm-18790-20200206459200-ixbrl.htm
2020-02-10	四半期	当期	連結	予想		経常利益	OrdinaryIncome	14700000000	JPY	14,700	CurrentYearDuration_ConsolidatedMember_ForecastMember	/disc/18790/081220200206459200_tse-qcedjpsm-18790-20200206459200-ixbrl.htm
2020-02-10	四半期	当期	連結	予想		経常利益の増減率	ChangeInOrdinaryIncome	0.011	Pure	1.1	CurrentYearDuration_ConsolidatedMember_ForecastMember	/disc/18790/081220200206459200_tse-qcedjpsm-18790-20200206459200-ixbrl.htm
2020-02-10	四半期	当期	連結	予想		親会社株主に帰属する当期純利益	ProfitAttributableToOwnersOfParent	10100000000	JPY	10,100	CurrentYearDuration_ConsolidatedMember_ForecastMember	/disc/18790/081220200206459200_tse-qcedjpsm-18790-20200206459200-ixbrl.htm
2020-02-10	四半期	当期	連結	予想		親会社株主に帰属する当期純利益の増減率	ChangeInProfitAttributableToOwnersOfParent	0.003	Pure	0.3	CurrentYearDuration_ConsolidatedMember_ForecastMember	/disc/18790/081220200206459200_tse-qcedjpsm-18790-20200206459200-ixbrl.htm
2020-02-10	四半期	当期	連結	予想		1株当たり当期純利益	NetIncomePerShare	172.76	JPYPerShares	172.76	CurrentYearDuration_ConsolidatedMember_ForecastMember	/disc/18790/081220200206459200_tse-qcedjpsm-18790-20200206459200-ixbrl.htm
2020-02-10	四半期	当期	連結	予想		当四半期における業績予想の修正	CorrectionOfConsolidatedFinancialForecastInThisQuarter			無	CurrentYearDuration_ConsolidatedMember_ForecastMember	/disc/18790/081220200206459200_tse-qcedjpsm-18790-20200206459200-ixbrl.htm
2020-02-10	四半期	当期第3四半期累計	連結	実績			MaterialChangesInSubsidiariesDuringThisPeriodChangesInScopeOfConsolidationsResultingFromChangeIsSubsidiaries			無	CurrentAccumulatedQ3Duration_ConsolidatedMember_ResultMember	/disc/18790/081220200206459200_tse-qcedjpsm-18790-20200206459200-ixbrl.htm
2020-02-10	四半期	当期第3四半期累計	連結	実績			ApplyingOfSpecificAccountingOfTheConsolidatedQuarterlyFinancialStatements			無	CurrentAccumulatedQ3Duration_ConsolidatedMember_ResultMember	/disc/18790/081220200206459200_tse-qcedjpsm-18790-20200206459200-ixbrl.htm
2020-02-10	四半期	当期第3四半期累計	連結	実績		会計基準等の改正に伴う変更	ChangesBasedOnRevisionsOfAccountingStandard			無	CurrentAccumulatedQ3Duration_ConsolidatedMember_ResultMember	/disc/18790/081220200206459200_tse-qcedjpsm-18790-20200206459200-ixbrl.htm
2020-02-10	四半期	当期第3四半期累計	連結	実績		それ以外の会計方針の変更	ChangesOtherThanOnesBasedOnRevisionsOfAccountingStandard			無	CurrentAccumulatedQ3Duration_ConsolidatedMember_ResultMember	/disc/18790/081220200206459200_tse-qcedjpsm-18790-20200206459200-ixbrl.htm
2020-02-10	四半期	当期第3四半期累計	連結	実績		会計上の見積りの変更	ChangesInAccountingEstimates			無	CurrentAccumulatedQ3Duration_ConsolidatedMember_ResultMember	/disc/18790/081220200206459200_tse-qcedjpsm-18790-20200206459200-ixbrl.htm
2020-02-10	四半期	当期第3四半期累計	連結	実績		修正再表示	RetrospectiveRestatement			無	CurrentAccumulatedQ3Duration_ConsolidatedMember_ResultMember	/disc/18790/081220200206459200_tse-qcedjpsm-18790-20200206459200-ixbrl.htm
2020-02-10	四半期	当期第3四半期累計	単体	実績		期末発行済株式数(自己株式を含む)	NumberOfIssuedAndOutstandingSharesAtTheEndOfFiscalYearIncludingTreasuryStock	61360720	Shares	61,360,720	CurrentAccumulatedQ3Instant_NonConsolidatedMember_ResultMember	/disc/18790/081220200206459200_tse-qcedjpsm-18790-20200206459200-ixbrl.htm
2020-02-10	四半期	前期	単体	実績		期末発行済株式数(自己株式を含む)	NumberOfIssuedAndOutstandingSharesAtTheEndOfFiscalYearIncludingTreasuryStock	61360720	Shares	61,360,720	PriorYearInstant_NonConsolidatedMember_ResultMember	/disc/18790/081220200206459200_tse-qcedjpsm-18790-20200206459200-ixbrl.htm
2020-02-10	四半期	当期第3四半期累計	単体	実績		期末自己株式数	NumberOfTreasuryStockAtTheEndOfFiscalYear	2899974	Shares	2,899,974	CurrentAccumulatedQ3Instant_NonConsolidatedMember_ResultMember	/disc/18790/081220200206459200_tse-qcedjpsm-18790-20200206459200-ixbrl.htm
2020-02-10	四半期	前期	単体	実績		期末自己株式数	NumberOfTreasuryStockAtTheEndOfFiscalYear	2899762	Shares	2,899,762	PriorYearInstant_NonConsolidatedMember_ResultMember	/disc/18790/081220200206459200_tse-qcedjpsm-18790-20200206459200-ixbrl.htm
2020-02-10	四半期	当期第3四半期累計	単体	実績		期中平均株式数	AverageNumberOfShares	58460915	Shares	58,460,915	CurrentAccumulatedQ3Duration_NonConsolidatedMember_ResultMember	/disc/18790/081220200206459200_tse-qcedjpsm-18790-20200206459200-ixbrl.htm
2020-02-10	四半期	前期第3四半期累計	単体	実績		期中平均株式数	AverageNumberOfShares	58461112	Shares	58,461,112	PriorAccumulatedQ3Duration_NonConsolidatedMember_ResultMember	/disc/18790/081220200206459200_tse-qcedjpsm-18790-20200206459200-ixbrl.htm
2020-02-10	四半期	当期				将来情報の利用に関する注意	NotesForUsingForecastedInformationAndOthers			本資料に記載されている業績見通し等の将来に関する記述は、当社が現在入手している情報及び合理的であると判断する一定の前提に基づいており、その達成を当社として約束する趣旨のものではありません。また、実際の業績等は様々な要因により大きく異なる可能性があります。	CurrentYearDuration	/disc/18790/081220200206459200_tse-qcedjpsm-18790-20200206459200-ixbrl.htm
2020-02-10	四半期	当期				決算期末	FiscalYearEnd			2020-03-31	CurrentYearInstant	/disc/18790/081220200206459200_tse-qcedjpsm-18790-20200206459200-ixbrl.htm
2020-02-10	四半期	当期第3四半期累計				四半期	QuarterlyPeriod	3	Pure	3	CurrentAccumulatedQ3Instant	/disc/18790/081220200206459200_tse-qcedjpsm-18790-20200206459200-ixbrl.htm
2020-05-14	年次	当期				書類名	DocumentName			決算短信〔日本基準〕（連結）	CurrentYearInstant	/disc/18790/081220200513412216_tse-acedjpsm-18790-20200513412216-ixbrl.htm
2020-05-14	年次	当期				提出日	FilingDate			2020年5月14日	CurrentYearInstant	/disc/18790/081220200513412216_tse-acedjpsm-18790-20200513412216-ixbrl.htm
2020-05-14	年次	当期				会社名	CompanyName			新日本建設株式会社	CurrentYearInstant	/disc/18790/081220200513412216_tse-acedjpsm-18790-20200513412216-ixbrl.htm
2020-05-14	年次	当期					TokyoStockExchange			東	CurrentYearInstant	/disc/18790/081220200513412216_tse-acedjpsm-18790-20200513412216-ixbrl.htm
2020-05-14	年次	当期				証券コード	SecuritiesCode			18790	CurrentYearInstant	/disc/18790/081220200513412216_tse-acedjpsm-18790-20200513412216-ixbrl.htm
2020-05-14	年次	当期				URL	URL			http://www.shinnihon-c.co.jp/	CurrentYearInstant	/disc/18790/081220200513412216_tse-acedjpsm-18790-20200513412216-ixbrl.htm
2020-05-14	年次	当期				代表者の役職	TitleRepresentative			代表取締役社長	CurrentYearInstant	/disc/18790/081220200513412216_tse-acedjpsm-18790-20200513412216-ixbrl.htm
2020-05-14	年次	当期				代表者名	NameRepresentative			高見 克司	CurrentYearInstant	/disc/18790/081220200513412216_tse-acedjpsm-18790-20200513412216-ixbrl.htm
2020-05-14	年次	当期					TitleInquiries			取締役常務執行役員管理本部長	CurrentYearInstant	/disc/18790/081220200513412216_tse-acedjpsm-18790-20200513412216-ixbrl.htm
2020-05-14	年次	当期					NameInquiries			高橋 苗樹	CurrentYearInstant	/disc/18790/081220200513412216_tse-acedjpsm-18790-20200513412216-ixbrl.htm
2020-05-14	年次	当期					Tel			043-213-1111	CurrentYearInstant	/disc/18790/081220200513412216_tse-acedjpsm-18790-20200513412216-ixbrl.htm
2020-05-14	年次	当期					DateOfGeneralShareholdersMeetingAsPlanned			2020年6月26日	CurrentYearInstant	/disc/18790/081220200513412216_tse-acedjpsm-18790-20200513412216-ixbrl.htm
2020-05-14	年次	当期					DividendPayableDateAsPlanned			2020年6月29日	CurrentYearInstant	/disc/18790/081220200513412216_tse-acedjpsm-18790-20200513412216-ixbrl.htm
2020-05-14	年次	当期					AnnualSecuritiesReportFilingDateAsPlanned			2020年6月26日	CurrentYearInstant	/disc/18790/081220200513412216_tse-acedjpsm-18790-20200513412216-ixbrl.htm
2020-05-14	年次	当期					SupplementalMaterialOfAnnualResults			有	CurrentYearInstant	/disc/18790/081220200513412216_tse-acedjpsm-18790-20200513412216-ixbrl.htm
2020-05-14	年次	当期					ConveningBriefingOfAnnualResults			無	CurrentYearInstant	/disc/18790/081220200513412216_tse-acedjpsm-18790-20200513412216-ixbrl.htm
2020-05-14	年次	当期					NoteToFractionProcessingMethod			（百万円未満切捨て）	CurrentYearInstant	/disc/18790/081220200513412216_tse-acedjpsm-18790-20200513412216-ixbrl.htm
2020-05-14	年次	当期	連結	実績		売上高	NetSales	112542000000	JPY	112,542	CurrentYearDuration_ConsolidatedMember_ResultMember	/disc/18790/081220200513412216_tse-acedjpsm-18790-20200513412216-ixbrl.htm
2020-05-14	年次	当期	連結	実績		売上高の増減率	ChangeInNetSales	0.090	Pure	9.0	CurrentYearDuration_ConsolidatedMember_ResultMember	/disc/18790/081220200513412216_tse-acedjpsm-18790-20200513412216-ixbrl.htm
2020-05-14	年次	当期	連結	実績		営業利益	OperatingIncome	14501000000	JPY	14,501	CurrentYearDuration_ConsolidatedMember_ResultMember	/disc/18790/081220200513412216_tse-acedjpsm-18790-20200513412216-ixbrl.htm
2020-05-14	年次	当期	連結	実績		営業利益の増減率	ChangeInOperatingIncome	-0.011	Pure	1.1	CurrentYearDuration_ConsolidatedMember_ResultMember	/disc/18790/081220200513412216_tse-acedjpsm-18790-20200513412216-ixbrl.htm
2020-05-14	年次	当期	連結	実績		経常利益	OrdinaryIncome	14601000000	JPY	14,601	CurrentYearDuration_ConsolidatedMember_ResultMember	/disc/18790/081220200513412216_tse-acedjpsm-18790-20200513412216-ixbrl.htm
2020-05-14	年次	当期	連結	実績		経常利益の増減率	ChangeInOrdinaryIncome	0.004	Pure	0.4	CurrentYearDuration_ConsolidatedMember_ResultMember	/disc/18790/081220200513412216_tse-acedjpsm-18790-20200513412216-ixbrl.htm
2020-05-14	年次	当期	連結	実績		親会社株主に帰属する当期純利益	ProfitAttributableToOwnersOfParent	10539000000	JPY	10,539	CurrentYearDuration_ConsolidatedMember_ResultMember	/disc/18790/081220200513412216_tse-acedjpsm-18790-20200513412216-ixbrl.htm
2020-05-14	年次	当期	連結	実績		親会社株主に帰属する当期純利益の増減率	ChangeInProfitAttributableToOwnersOfParent	0.047	Pure	4.7	CurrentYearDuration_ConsolidatedMember_ResultMember	/disc/18790/081220200513412216_tse-acedjpsm-18790-20200513412216-ixbrl.htm
2020-05-14	年次	前期	連結	実績		売上高	NetSales	103250000000	JPY	103,250	PriorYearDuration_ConsolidatedMember_ResultMember	/disc/18790/081220200513412216_tse-acedjpsm-18790-20200513412216-ixbrl.htm
2020-05-14	年次	前期	連結	実績		売上高の増減率	ChangeInNetSales	0.083	Pure	8.3	PriorYearDuration_ConsolidatedMember_ResultMember	/disc/18790/081220200513412216_tse-acedjpsm-18790-20200513412216-ixbrl.htm
2020-05-14	年次	前期	連結	実績		営業利益	OperatingIncome	14665000000	JPY	14,665	PriorYearDuration_ConsolidatedMember_ResultMember	/disc/18790/081220200513412216_tse-acedjpsm-18790-20200513412216-ixbrl.htm
2020-05-14	年次	前期	連結	実績		営業利益の増減率	ChangeInOperatingIncome	0.071	Pure	7.1	PriorYearDuration_ConsolidatedMember_ResultMember	/disc/18790/081220200513412216_tse-acedjpsm-18790-20200513412216-ixbrl.htm
2020-05-14	年次	前期	連結	実績		経常利益	OrdinaryIncome	14542000000	JPY	14,542	PriorYearDuration_ConsolidatedMember_ResultMember	/disc/18790/081220200513412216_tse-acedjpsm-18790-20200513412216-ixbrl.htm
2020-05-14	年次	前期	連結	実績		経常利益の増減率	ChangeInOrdinaryIncome	0.075	Pure	7.5	PriorYearDuration_ConsolidatedMember_ResultMember	/disc/18790/081220200513412216_tse-acedjpsm-18790-20200513412216-ixbrl.htm
2020-05-14	年次	前期	連結	実績		親会社株主に帰属する当期純利益	ProfitAttributableToOwnersOfParent	10066000000	JPY	10,066	PriorYearDuration_ConsolidatedMember_ResultMember	/disc/18790/081220200513412216_tse-acedjpsm-18790-20200513412216-ixbrl.htm
2020-05-14	年次	前期	連結	実績		親会社株主に帰属する当期純利益の増減率	ChangeInProfitAttributableToOwnersOfParent	0.127	Pure	12.7	PriorYearDuration_ConsolidatedMember_ResultMember	/disc/18790/081220200513412216_tse-acedjpsm-18790-20200513412216-ixbrl.htm
2020-05-14	年次	当期	連結	実績		包括利益	ComprehensiveIncome	10506000000	JPY	10,506	CurrentYearDuration_ConsolidatedMember_ResultMember	/disc/18790/081220200513412216_tse-acedjpsm-18790-20200513412216-ixbrl.htm
2020-05-14	年次	当期	連結	実績		包括利益の増減率	ChangeInComprehensiveIncome	0.087	Pure	8.7	CurrentYearDuration_ConsolidatedMember_ResultMember	/disc/18790/081220200513412216_tse-acedjpsm-18790-20200513412216-ixbrl.htm
2020-05-14	年次	前期	連結	実績		包括利益	ComprehensiveIncome	9660000000	JPY	9,660	PriorYearDuration_ConsolidatedMember_ResultMember	/disc/18790/081220200513412216_tse-acedjpsm-18790-20200513412216-ixbrl.htm
2020-05-14	年次	前期	連結	実績		包括利益の増減率	ChangeInComprehensiveIncome	0.081	Pure	8.1	PriorYearDuration_ConsolidatedMember_ResultMember	/disc/18790/081220200513412216_tse-acedjpsm-18790-20200513412216-ixbrl.htm
2020-05-14	年次	当期	連結	実績		1株当たり当期純利益	NetIncomePerShare	180.29	JPYPerShares	180.29	CurrentYearDuration_ConsolidatedMember_ResultMember	/disc/18790/081220200513412216_tse-acedjpsm-18790-20200513412216-ixbrl.htm
2020-05-14	年次	当期	連結	実績		自己資本当期純利益率(ROE)	NetIncomeToShareholdersEquityRatio	0.154	Pure	15.4	CurrentYearDuration_ConsolidatedMember_ResultMember	/disc/18790/081220200513412216_tse-acedjpsm-18790-20200513412216-ixbrl.htm
2020-05-14	年次	当期	連結	実績		総資産経常利益率(ROA)	OrdinaryIncomeToTotalAssetsRatio	0.131	Pure	13.1	CurrentYearDuration_ConsolidatedMember_ResultMember	/disc/18790/081220200513412216_tse-acedjpsm-18790-20200513412216-ixbrl.htm
2020-05-14	年次	当期	連結	実績		売上高営業利益率	OperatingIncomeToNetSalesRatio	0.129	Pure	12.9	CurrentYearDuration_ConsolidatedMember_ResultMember	/disc/18790/081220200513412216_tse-acedjpsm-18790-20200513412216-ixbrl.htm
2020-05-14	年次	前期	連結	実績		1株当たり当期純利益	NetIncomePerShare	172.20	JPYPerShares	172.20	PriorYearDuration_ConsolidatedMember_ResultMember	/disc/18790/081220200513412216_tse-acedjpsm-18790-20200513412216-ixbrl.htm
2020-05-14	年次	前期	連結	実績		自己資本当期純利益率(ROE)	NetIncomeToShareholdersEquityRatio	0.169	Pure	16.9	PriorYearDuration_ConsolidatedMember_ResultMember	/disc/18790/081220200513412216_tse-acedjpsm-18790-20200513412216-ixbrl.htm
2020-05-14	年次	前期	連結	実績		総資産経常利益率(ROA)	OrdinaryIncomeToTotalAssetsRatio	0.140	Pure	14.0	PriorYearDuration_ConsolidatedMember_ResultMember	/disc/18790/081220200513412216_tse-acedjpsm-18790-20200513412216-ixbrl.htm
2020-05-14	年次	前期	連結	実績		売上高営業利益率	OperatingIncomeToNetSalesRatio	0.142	Pure	14.2	PriorYearDuration_ConsolidatedMember_ResultMember	/disc/18790/081220200513412216_tse-acedjpsm-18790-20200513412216-ixbrl.htm
2020-05-14	年次	当期	連結	実績		総資産	TotalAssets	117031000000	JPY	117,031	CurrentYearInstant_ConsolidatedMember_ResultMember	/disc/18790/081220200513412216_tse-acedjpsm-18790-20200513412216-ixbrl.htm
2020-05-14	年次	当期	連結	実績		純資産	NetAssets	73274000000	JPY	73,274	CurrentYearInstant_ConsolidatedMember_ResultMember	/disc/18790/081220200513412216_tse-acedjpsm-18790-20200513412216-ixbrl.htm
2020-05-14	年次	当期	連結	実績		自己資本比率	CapitalAdequacyRatio	0.626	Pure	62.6	CurrentYearInstant_ConsolidatedMember_ResultMember	/disc/18790/081220200513412216_tse-acedjpsm-18790-20200513412216-ixbrl.htm
2020-05-14	年次	当期	連結	実績		1株当たり純資産	NetAssetsPerShare	1253.39	JPYPerShares	1,253.39	CurrentYearInstant_ConsolidatedMember_ResultMember	/disc/18790/081220200513412216_tse-acedjpsm-18790-20200513412216-ixbrl.htm
2020-05-14	年次	前期	連結	実績		総資産	TotalAssets	105665000000	JPY	105,665	PriorYearInstant_ConsolidatedMember_ResultMember	/disc/18790/081220200513412216_tse-acedjpsm-18790-20200513412216-ixbrl.htm
2020-05-14	年次	前期	連結	実績		純資産	NetAssets	63879000000	JPY	63,879	PriorYearInstant_ConsolidatedMember_ResultMember	/disc/18790/081220200513412216_tse-acedjpsm-18790-20200513412216-ixbrl.htm
2020-05-14	年次	前期	連結	実績		自己資本比率	CapitalAdequacyRatio	0.605	Pure	60.5	PriorYearInstant_ConsolidatedMember_ResultMember	/disc/18790/081220200513412216_tse-acedjpsm-18790-20200513412216-ixbrl.htm
2020-05-14	年次	前期	連結	実績		1株当たり純資産	NetAssetsPerShare	1092.68	JPYPerShares	1,092.68	PriorYearInstant_ConsolidatedMember_ResultMember	/disc/18790/081220200513412216_tse-acedjpsm-18790-20200513412216-ixbrl.htm
2020-05-14	年次	当期	連結	実績		自己資本	OwnersEquity	73274000000	JPY	73,274	CurrentYearInstant_ConsolidatedMember_ResultMember	/disc/18790/081220200513412216_tse-acedjpsm-18790-20200513412216-ixbrl.htm
2020-05-14	年次	前期	連結	実績		自己資本	OwnersEquity	63879000000	JPY	63,879	PriorYearInstant_ConsolidatedMember_ResultMember	/disc/18790/081220200513412216_tse-acedjpsm-18790-20200513412216-ixbrl.htm
2020-05-14	年次	当期	連結	実績		営業キャッシュフロー	CashFlowsFromOperatingActivities	7200000000	JPY	7,200	CurrentYearDuration_ConsolidatedMember_ResultMember	/disc/18790/081220200513412216_tse-acedjpsm-18790-20200513412216-ixbrl.htm
2020-05-14	年次	当期	連結	実績		投資キャッシュフロー	CashFlowsFromInvestingActivities	282000000	JPY	282	CurrentYearDuration_ConsolidatedMember_ResultMember	/disc/18790/081220200513412216_tse-acedjpsm-18790-20200513412216-ixbrl.htm
2020-05-14	年次	当期	連結	実績		財務キャッシュフロー	CashFlowsFromFinancingActivities	-1135000000	JPY	1,135	CurrentYearDuration_ConsolidatedMember_ResultMember	/disc/18790/081220200513412216_tse-acedjpsm-18790-20200513412216-ixbrl.htm
2020-05-14	年次	当期	連結	実績		現金及び現金同等物の期末残高	CashAndEquivalentsEndOfPeriod	57196000000	JPY	57,196	CurrentYearInstant_ConsolidatedMember_ResultMember	/disc/18790/081220200513412216_tse-acedjpsm-18790-20200513412216-ixbrl.htm
2020-05-14	年次	前期	連結	実績		営業キャッシュフロー	CashFlowsFromOperatingActivities	13668000000	JPY	13,668	PriorYearDuration_ConsolidatedMember_ResultMember	/disc/18790/081220200513412216_tse-acedjpsm-18790-20200513412216-ixbrl.htm
2020-05-14	年次	前期	連結	実績		投資キャッシュフロー	CashFlowsFromInvestingActivities	297000000	JPY	297	PriorYearDuration_ConsolidatedMember_ResultMember	/disc/18790/081220200513412216_tse-acedjpsm-18790-20200513412216-ixbrl.htm
2020-05-14	年次	前期	連結	実績		財務キャッシュフロー	CashFlowsFromFinancingActivities	-4926000000	JPY	4,926	PriorYearDuration_ConsolidatedMember_ResultMember	/disc/18790/081220200513412216_tse-acedjpsm-18790-20200513412216-ixbrl.htm
2020-05-14	年次	前期	連結	実績		現金及び現金同等物の期末残高	CashAndEquivalentsEndOfPeriod	50848000000	JPY	50,848	PriorYearInstant_ConsolidatedMember_ResultMember	/disc/18790/081220200513412216_tse-acedjpsm-18790-20200513412216-ixbrl.htm
2020-05-14	年次	前期	単体	実績	第2四半期末	1株当たり配当金	DividendPerShare	9.00	JPYPerShares	9.00	PriorYearDuration_SecondQuarterMember_NonConsolidatedMember_ResultMember	/disc/18790/081220200513412216_tse-acedjpsm-18790-20200513412216-ixbrl.htm
2020-05-14	年次	前期	単体	実績	期末	1株当たり配当金	DividendPerShare	10.00	JPYPerShares	10.00	PriorYearDuration_YearEndMember_NonConsolidatedMember_ResultMember	/disc/18790/081220200513412216_tse-acedjpsm-18790-20200513412216-ixbrl.htm
2020-05-14	年次	前期	単体	実績	合計	1株当たり配当金	DividendPerShare	19.00	JPYPerShares	19.00	PriorYearDuration_AnnualMember_NonConsolidatedMember_ResultMember	/disc/18790/081220200513412216_tse-acedjpsm-18790-20200513412216-ixbrl.htm
2020-05-14	年次	前期	単体	実績	合計	配当金総額	TotalDividendPaidAnnual	1110000000	JPY	1,110	PriorYearDuration_AnnualMember_NonConsolidatedMember_ResultMember	/disc/18790/081220200513412216_tse-acedjpsm-18790-20200513412216-ixbrl.htm
2020-05-14	年次	前期	連結	実績	合計	配当性向	PayoutRatio	0.110	Pure	11.0	PriorYearDuration_AnnualMember_ConsolidatedMember_ResultMember	/disc/18790/081220200513412216_tse-acedjpsm-18790-20200513412216-ixbrl.htm
2020-05-14	年次	前期	連結	実績	合計	純資産配当率	RatioOfTotalAmountOfDividendsToNetAssets	0.019	Pure	1.9	PriorYearDuration_AnnualMember_ConsolidatedMember_ResultMember	/disc/18790/081220200513412216_tse-acedjpsm-18790-20200513412216-ixbrl.htm
2020-05-14	年次	当期	単体	実績	第2四半期末	1株当たり配当金	DividendPerShare	9.00	JPYPerShares	9.00	CurrentYearDuration_SecondQuarterMember_NonConsolidatedMember_ResultMember	/disc/18790/081220200513412216_tse-acedjpsm-18790-20200513412216-ixbrl.htm
2020-05-14	年次	当期	単体	実績	期末	1株当たり配当金	DividendPerShare	10.00	JPYPerShares	10.00	CurrentYearDuration_YearEndMember_NonConsolidatedMember_ResultMember	/disc/18790/081220200513412216_tse-acedjpsm-18790-20200513412216-ixbrl.htm
2020-05-14	年次	当期	単体	実績	合計	1株当たり配当金	DividendPerShare	19.00	JPYPerShares	19.00	CurrentYearDuration_AnnualMember_NonConsolidatedMember_ResultMember	/disc/18790/081220200513412216_tse-acedjpsm-18790-20200513412216-ixbrl.htm
2020-05-14	年次	当期	単体	実績	合計	配当金総額	TotalDividendPaidAnnual	1110000000	JPY	1,110	CurrentYearDuration_AnnualMember_NonConsolidatedMember_ResultMember	/disc/18790/081220200513412216_tse-acedjpsm-18790-20200513412216-ixbrl.htm
2020-05-14	年次	当期	連結	実績	合計	配当性向	PayoutRatio	0.105	Pure	10.5	CurrentYearDuration_AnnualMember_ConsolidatedMember_ResultMember	/disc/18790/081220200513412216_tse-acedjpsm-18790-20200513412216-ixbrl.htm
2020-05-14	年次	当期	連結	実績	合計	純資産配当率	RatioOfTotalAmountOfDividendsToNetAssets	0.016	Pure	1.6	CurrentYearDuration_AnnualMember_ConsolidatedMember_ResultMember	/disc/18790/081220200513412216_tse-acedjpsm-18790-20200513412216-ixbrl.htm
2020-05-14	年次	来期	単体	予想	第2四半期末	1株当たり配当金	DividendPerShare	9.00	JPYPerShares	9.00	NextYearDuration_SecondQuarterMember_NonConsolidatedMember_ForecastMember	/disc/18790/081220200513412216_tse-acedjpsm-18790-20200513412216-ixbrl.htm
2020-05-14	年次	来期	単体	予想	期末	1株当たり配当金	DividendPerShare	10.00	JPYPerShares	10.00	NextYearDuration_YearEndMember_NonConsolidatedMember_ForecastMember	/disc/18790/081220200513412216_tse-acedjpsm-18790-20200513412216-ixbrl.htm
2020-05-14	年次	来期	単体	予想	合計	1株当たり配当金	DividendPerShare	19.00	JPYPerShares	19.00	NextYearDuration_AnnualMember_NonConsolidatedMember_ForecastMember	/disc/18790/081220200513412216_tse-acedjpsm-18790-20200513412216-ixbrl.htm
2020-05-14	年次	来期	連結	予想		業績予想の見出し	TitleForForecasts			3. 2021年 3月期の連結業績予想（2020年 4月 1日～2021年 3月31日）	NextYearDuration_ConsolidatedMember_ForecastMember	/disc/18790/081220200513412216_tse-acedjpsm-18790-20200513412216-ixbrl.htm
2020-05-14	年次	来期	連結	予想			PreambleToForecasts			2021年３月期の連結業績予想につきましては、新型コロナウイルス感染拡大による業績への影響を、現時点において合理的に算定することができないことから、未定としております。今後、業績予想の開示が可能となった段階で、速やかに公表いたします。	NextYearDuration_ConsolidatedMember_ForecastMember	/disc/18790/081220200513412216_tse-acedjpsm-18790-20200513412216-ixbrl.htm
2020-05-14	年次	当期	連結	実績			MaterialChangesInSubsidiariesDuringThisPeriodChangesInScopeOfConsolidationsResultingFromChangeIsSubsidiaries			無	CurrentYearDuration_ConsolidatedMember_ResultMember	/disc/18790/081220200513412216_tse-acedjpsm-18790-20200513412216-ixbrl.htm
2020-05-14	年次	当期	連結	実績		会計基準等の改正に伴う変更	ChangesBasedOnRevisionsOfAccountingStandard			無	CurrentYearDuration_ConsolidatedMember_ResultMember	/disc/18790/081220200513412216_tse-acedjpsm-18790-20200513412216-ixbrl.htm
2020-05-14	年次	当期	連結	実績		それ以外の会計方針の変更	ChangesOtherThanOnesBasedOnRevisionsOfAccountingStandard			無	CurrentYearDuration_ConsolidatedMember_ResultMember	/disc/18790/081220200513412216_tse-acedjpsm-18790-20200513412216-ixbrl.htm
2020-05-14	年次	当期	連結	実績		会計上の見積りの変更	ChangesInAccountingEstimates			無	CurrentYearDuration_ConsolidatedMember_ResultMember	/disc/18790/081220200513412216_tse-acedjpsm-18790-20200513412216-ixbrl.htm
2020-05-14	年次	当期	連結	実績		修正再表示	RetrospectiveRestatement			無	CurrentYearDuration_ConsolidatedMember_ResultMember	/disc/18790/081220200513412216_tse-acedjpsm-18790-20200513412216-ixbrl.htm
2020-05-14	年次	当期	単体	実績		期末発行済株式数(自己株式を含む)	NumberOfIssuedAndOutstandingSharesAtTheEndOfFiscalYearIncludingTreasuryStock	61360720	Shares	61,360,720	CurrentYearInstant_NonConsolidatedMember_ResultMember	/disc/18790/081220200513412216_tse-acedjpsm-18790-20200513412216-ixbrl.htm
2020-05-14	年次	前期	単体	実績		期末発行済株式数(自己株式を含む)	NumberOfIssuedAndOutstandingSharesAtTheEndOfFiscalYearIncludingTreasuryStock	61360720	Shares	61,360,720	PriorYearInstant_NonConsolidatedMember_ResultMember	/disc/18790/081220200513412216_tse-acedjpsm-18790-20200513412216-ixbrl.htm
2020-05-14	年次	当期	単体	実績		期末自己株式数	NumberOfTreasuryStockAtTheEndOfFiscalYear	2900030	Shares	2,900,030	CurrentYearInstant_NonConsolidatedMember_ResultMember	/disc/18790/081220200513412216_tse-acedjpsm-18790-20200513412216-ixbrl.htm
2020-05-14	年次	前期	単体	実績		期末自己株式数	NumberOfTreasuryStockAtTheEndOfFiscalYear	2899762	Shares	2,899,762	PriorYearInstant_NonConsolidatedMember_ResultMember	/disc/18790/081220200513412216_tse-acedjpsm-18790-20200513412216-ixbrl.htm
2020-05-14	年次	当期	単体	実績		期中平均株式数	AverageNumberOfShares	58460866	Shares	58,460,866	CurrentYearDuration_NonConsolidatedMember_ResultMember	/disc/18790/081220200513412216_tse-acedjpsm-18790-20200513412216-ixbrl.htm
2020-05-14	年次	前期	単体	実績		期中平均株式数	AverageNumberOfShares	58461081	Shares	58,461,081	PriorYearDuration_NonConsolidatedMember_ResultMember	/disc/18790/081220200513412216_tse-acedjpsm-18790-20200513412216-ixbrl.htm
2020-05-14	年次	当期	単体	実績		売上高	NetSales	99841000000	JPY	99,841	CurrentYearDuration_NonConsolidatedMember_ResultMember	/disc/18790/081220200513412216_tse-acedjpsm-18790-20200513412216-ixbrl.htm
2020-05-14	年次	当期	単体	実績		売上高の増減率	ChangeInNetSales	0.126	Pure	12.6	CurrentYearDuration_NonConsolidatedMember_ResultMember	/disc/18790/081220200513412216_tse-acedjpsm-18790-20200513412216-ixbrl.htm
2020-05-14	年次	当期	単体	実績		営業利益	OperatingIncome	13505000000	JPY	13,505	CurrentYearDuration_NonConsolidatedMember_ResultMember	/disc/18790/081220200513412216_tse-acedjpsm-18790-20200513412216-ixbrl.htm
2020-05-14	年次	当期	単体	実績		営業利益の増減率	ChangeInOperatingIncome	0.015	Pure	1.5	CurrentYearDuration_NonConsolidatedMember_ResultMember	/disc/18790/081220200513412216_tse-acedjpsm-18790-20200513412216-ixbrl.htm
2020-05-14	年次	当期	単体	実績		経常利益	OrdinaryIncome	14023000000	JPY	14,023	CurrentYearDuration_NonConsolidatedMember_ResultMember	/disc/18790/081220200513412216_tse-acedjpsm-18790-20200513412216-ixbrl.htm
2020-05-14	年次	当期	単体	実績		経常利益の増減率	ChangeInOrdinaryIncome	-0.003	Pure	0.3	CurrentYearDuration_NonConsolidatedMember_ResultMember	/disc/18790/081220200513412216_tse-acedjpsm-18790-20200513412216-ixbrl.htm
2020-05-14	年次	当期	単体	実績		当期純利益	NetIncome	10297000000	JPY	10,297	CurrentYearDuration_NonConsolidatedMember_ResultMember	/disc/18790/081220200513412216_tse-acedjpsm-18790-20200513412216-ixbrl.htm
2020-05-14	年次	当期	単体	実績		当期純利益の増減率	ChangeInNetIncome	0.057	Pure	5.7	CurrentYearDuration_NonConsolidatedMember_ResultMember	/disc/18790/081220200513412216_tse-acedjpsm-18790-20200513412216-ixbrl.htm
2020-05-14	年次	前期	単体	実績		売上高	NetSales	88633000000	JPY	88,633	PriorYearDuration_NonConsolidatedMember_ResultMember	/disc/18790/081220200513412216_tse-acedjpsm-18790-20200513412216-ixbrl.htm
2020-05-14	年次	前期	単体	実績		売上高の増減率	ChangeInNetSales	0.087	Pure	8.7	PriorYearDuration_NonConsolidatedMember_ResultMember	/disc/18790/081220200513412216_tse-acedjpsm-18790-20200513412216-ixbrl.htm
2020-05-14	年次	前期	単体	実績		営業利益	OperatingIncome	13305000000	JPY	13,305	PriorYearDuration_NonConsolidatedMember_ResultMember	/disc/18790/081220200513412216_tse-acedjpsm-18790-20200513412216-ixbrl.htm
2020-05-14	年次	前期	単体	実績		営業利益の増減率	ChangeInOperatingIncome	-0.019	Pure	1.9	PriorYearDuration_NonConsolidatedMember_ResultMember	/disc/18790/081220200513412216_tse-acedjpsm-18790-20200513412216-ixbrl.htm
2020-05-14	年次	前期	単体	実績		経常利益	OrdinaryIncome	14064000000	JPY	14,064	PriorYearDuration_NonConsolidatedMember_ResultMember	/disc/18790/081220200513412216_tse-acedjpsm-18790-20200513412216-ixbrl.htm
2020-05-14	年次	前期	単体	実績		経常利益の増減率	ChangeInOrdinaryIncome	0.005	Pure	0.5	PriorYearDuration_NonConsolidatedMember_ResultMember	/disc/18790/081220200513412216_tse-acedjpsm-18790-20200513412216-ixbrl.htm
2020-05-14	年次	前期	単体	実績		当期純利益	NetIncome	9743000000	JPY	9,743	PriorYearDuration_NonConsolidatedMember_ResultMember	/disc/18790/081220200513412216_tse-acedjpsm-18790-20200513412216-ixbrl.htm
2020-05-14	年次	前期	単体	実績		当期純利益の増減率	ChangeInNetIncome	0.094	Pure	9.4	PriorYearDuration_NonConsolidatedMember_ResultMember	/disc/18790/081220200513412216_tse-acedjpsm-18790-20200513412216-ixbrl.htm
2020-05-14	年次	当期	単体	実績		1株当たり当期純利益	NetIncomePerShare	176.14	JPYPerShares	176.14	CurrentYearDuration_NonConsolidatedMember_ResultMember	/disc/18790/081220200513412216_tse-acedjpsm-18790-20200513412216-ixbrl.htm
2020-05-14	年次	前期	単体	実績		1株当たり当期純利益	NetIncomePerShare	166.67	JPYPerShares	166.67	PriorYearDuration_NonConsolidatedMember_ResultMember	/disc/18790/081220200513412216_tse-acedjpsm-18790-20200513412216-ixbrl.htm
2020-05-14	年次	当期	単体	実績		総資産	TotalAssets	108895000000	JPY	108,895	CurrentYearInstant_NonConsolidatedMember_ResultMember	/disc/18790/081220200513412216_tse-acedjpsm-18790-20200513412216-ixbrl.htm
2020-05-14	年次	当期	単体	実績		純資産	NetAssets	69273000000	JPY	69,273	CurrentYearInstant_NonConsolidatedMember_ResultMember	/disc/18790/081220200513412216_tse-acedjpsm-18790-20200513412216-ixbrl.htm
2020-05-14	年次	当期	単体	実績		自己資本比率	CapitalAdequacyRatio	0.636	Pure	63.6	CurrentYearInstant_NonConsolidatedMember_ResultMember	/disc/18790/081220200513412216_tse-acedjpsm-18790-20200513412216-ixbrl.htm
2020-05-14	年次	当期	単体	実績		1株当たり純資産	NetAssetsPerShare	1184.96	JPYPerShares	1,184.96	CurrentYearInstant_NonConsolidatedMember_ResultMember	/disc/18790/081220200513412216_tse-acedjpsm-18790-20200513412216-ixbrl.htm
2020-05-14	年次	前期	単体	実績		総資産	TotalAssets	96247000000	JPY	96,247	PriorYearInstant_NonConsolidatedMember_ResultMember	/disc/18790/081220200513412216_tse-acedjpsm-18790-20200513412216-ixbrl.htm
2020-05-14	年次	前期	単体	実績		純資産	NetAssets	60160000000	JPY	60,160	PriorYearInstant_NonConsolidatedMember_ResultMember	/disc/18790/081220200513412216_tse-acedjpsm-18790-20200513412216-ixbrl.htm
2020-05-14	年次	前期	単体	実績		自己資本比率	CapitalAdequacyRatio	0.625	Pure	62.5	PriorYearInstant_NonConsolidatedMember_ResultMember	/disc/18790/081220200513412216_tse-acedjpsm-18790-20200513412216-ixbrl.htm
2020-05-14	年次	前期	単体	実績		1株当たり純資産	NetAssetsPerShare	1029.07	JPYPerShares	1,029.07	PriorYearInstant_NonConsolidatedMember_ResultMember	/disc/18790/081220200513412216_tse-acedjpsm-18790-20200513412216-ixbrl.htm
2020-05-14	年次	当期	単体	実績		自己資本	OwnersEquity	69273000000	JPY	69,273	CurrentYearInstant_NonConsolidatedMember_ResultMember	/disc/18790/081220200513412216_tse-acedjpsm-18790-20200513412216-ixbrl.htm
2020-05-14	年次	前期	単体	実績		自己資本	OwnersEquity	60160000000	JPY	60,160	PriorYearInstant_NonConsolidatedMember_ResultMember	/disc/18790/081220200513412216_tse-acedjpsm-18790-20200513412216-ixbrl.htm
2020-05-14	年次	来期				将来情報の利用に関する注意	NotesForUsingForecastedInformationAndOthers			本資料に掲載されている業績予想等の将来に関する記述は、発表日現在で当社が入手可能な情報及び合理的であると判断する一定の前提に基づいて作成したものであります。実際の業績は今後様々な要因によって予想値と異なる場合があります。 なお、上記予想については、添付資料P.3「１．経営成績等の概況（4）今後の見通し」をご覧ください。	NextYearDuration	/disc/18790/081220200513412216_tse-acedjpsm-18790-20200513412216-ixbrl.htm
2020-05-14	年次	当期				決算期末	FiscalYearEnd			2020-03-31	CurrentYearInstant	/disc/18790/081220200513412216_tse-acedjpsm-18790-20200513412216-ixbrl.htm
2020-08-07	四半期	当期第1四半期累計				書類名	DocumentName			第1四半期決算短信〔日本基準〕（連結）	CurrentAccumulatedQ1Instant	/disc/18790/081220200805475385_tse-qcedjpsm-18790-20200805475385-ixbrl.htm
2020-08-07	四半期	当期第1四半期累計				提出日	FilingDate			2020年8月7日	CurrentAccumulatedQ1Instant	/disc/18790/081220200805475385_tse-qcedjpsm-18790-20200805475385-ixbrl.htm
2020-08-07	四半期	当期第1四半期累計				会社名	CompanyName			新日本建設株式会社	CurrentAccumulatedQ1Instant	/disc/18790/081220200805475385_tse-qcedjpsm-18790-20200805475385-ixbrl.htm
2020-08-07	四半期	当期第1四半期累計					TokyoStockExchange			東	CurrentAccumulatedQ1Instant	/disc/18790/081220200805475385_tse-qcedjpsm-18790-20200805475385-ixbrl.htm
2020-08-07	四半期	当期第1四半期累計				証券コード	SecuritiesCode			18790	CurrentAccumulatedQ1Instant	/disc/18790/081220200805475385_tse-qcedjpsm-18790-20200805475385-ixbrl.htm
2020-08-07	四半期	当期第1四半期累計				URL	URL			http://www.shinnihon-c.co.jp/	CurrentAccumulatedQ1Instant	/disc/18790/081220200805475385_tse-qcedjpsm-18790-20200805475385-ixbrl.htm
2020-08-07	四半期	当期第1四半期累計				代表者の役職	TitleRepresentative			代表取締役社長	CurrentAccumulatedQ1Instant	/disc/18790/081220200805475385_tse-qcedjpsm-18790-20200805475385-ixbrl.htm
2020-08-07	四半期	当期第1四半期累計				代表者名	NameRepresentative			高見 克司	CurrentAccumulatedQ1Instant	/disc/18790/081220200805475385_tse-qcedjpsm-18790-20200805475385-ixbrl.htm
2020-08-07	四半期	当期第1四半期累計					TitleInquiries			取締役常務執行役員管理本部長	CurrentAccumulatedQ1Instant	/disc/18790/081220200805475385_tse-qcedjpsm-18790-20200805475385-ixbrl.htm
2020-08-07	四半期	当期第1四半期累計					NameInquiries			高橋 苗樹	CurrentAccumulatedQ1Instant	/disc/18790/081220200805475385_tse-qcedjpsm-18790-20200805475385-ixbrl.htm
2020-08-07	四半期	当期第1四半期累計					Tel			043-213-1111	CurrentAccumulatedQ1Instant	/disc/18790/081220200805475385_tse-qcedjpsm-18790-20200805475385-ixbrl.htm
2020-08-07	四半期	当期第1四半期累計					QuarterlyStatementFilingDateAsPlanned			2020年8月7日	CurrentAccumulatedQ1Instant	/disc/18790/081220200805475385_tse-qcedjpsm-18790-20200805475385-ixbrl.htm
2020-08-07	四半期	当期第1四半期累計					SupplementalMaterialOfQuarterlyResults			無	CurrentAccumulatedQ1Instant	/disc/18790/081220200805475385_tse-qcedjpsm-18790-20200805475385-ixbrl.htm
2020-08-07	四半期	当期第1四半期累計					ConveningBriefingOfQuarterlyResults			無	CurrentAccumulatedQ1Instant	/disc/18790/081220200805475385_tse-qcedjpsm-18790-20200805475385-ixbrl.htm
2020-08-07	四半期	当期第1四半期累計					NoteToFractionProcessingMethod			（百万円未満切捨て）	CurrentAccumulatedQ1Instant	/disc/18790/081220200805475385_tse-qcedjpsm-18790-20200805475385-ixbrl.htm
2020-08-07	四半期	当期第1四半期累計	連結	実績		売上高	NetSales	18315000000	JPY	18,315	CurrentAccumulatedQ1Duration_ConsolidatedMember_ResultMember	/disc/18790/081220200805475385_tse-qcedjpsm-18790-20200805475385-ixbrl.htm
2020-08-07	四半期	当期第1四半期累計	連結	実績		売上高の増減率	ChangeInNetSales	0.098	Pure	9.8	CurrentAccumulatedQ1Duration_ConsolidatedMember_ResultMember	/disc/18790/081220200805475385_tse-qcedjpsm-18790-20200805475385-ixbrl.htm
2020-08-07	四半期	当期第1四半期累計	連結	実績		営業利益	OperatingIncome	1862000000	JPY	1,862	CurrentAccumulatedQ1Duration_ConsolidatedMember_ResultMember	/disc/18790/081220200805475385_tse-qcedjpsm-18790-20200805475385-ixbrl.htm
2020-08-07	四半期	当期第1四半期累計	連結	実績		営業利益の増減率	ChangeInOperatingIncome	0.122	Pure	12.2	CurrentAccumulatedQ1Duration_ConsolidatedMember_ResultMember	/disc/18790/081220200805475385_tse-qcedjpsm-18790-20200805475385-ixbrl.htm
2020-08-07	四半期	当期第1四半期累計	連結	実績		経常利益	OrdinaryIncome	1871000000	JPY	1,871	CurrentAccumulatedQ1Duration_ConsolidatedMember_ResultMember	/disc/18790/081220200805475385_tse-qcedjpsm-18790-20200805475385-ixbrl.htm
2020-08-07	四半期	当期第1四半期累計	連結	実績		経常利益の増減率	ChangeInOrdinaryIncome	0.069	Pure	6.9	CurrentAccumulatedQ1Duration_ConsolidatedMember_ResultMember	/disc/18790/081220200805475385_tse-qcedjpsm-18790-20200805475385-ixbrl.htm
2020-08-07	四半期	当期第1四半期累計	連結	実績		親会社株主に帰属する当期純利益	ProfitAttributableToOwnersOfParent	1291000000	JPY	1,291	CurrentAccumulatedQ1Duration_ConsolidatedMember_ResultMember	/disc/18790/081220200805475385_tse-qcedjpsm-18790-20200805475385-ixbrl.htm
2020-08-07	四半期	当期第1四半期累計	連結	実績		親会社株主に帰属する当期純利益の増減率	ChangeInProfitAttributableToOwnersOfParent	0.074	Pure	7.4	CurrentAccumulatedQ1Duration_ConsolidatedMember_ResultMember	/disc/18790/081220200805475385_tse-qcedjpsm-18790-20200805475385-ixbrl.htm
2020-08-07	四半期	前期第1四半期累計	連結	実績		売上高	NetSales	16678000000	JPY	16,678	PriorAccumulatedQ1Duration_ConsolidatedMember_ResultMember	/disc/18790/081220200805475385_tse-qcedjpsm-18790-20200805475385-ixbrl.htm
2020-08-07	四半期	前期第1四半期累計	連結	実績		売上高の増減率	ChangeInNetSales	-0.037	Pure	3.7	PriorAccumulatedQ1Duration_ConsolidatedMember_ResultMember	/disc/18790/081220200805475385_tse-qcedjpsm-18790-20200805475385-ixbrl.htm
2020-08-07	四半期	前期第1四半期累計	連結	実績		営業利益	OperatingIncome	1660000000	JPY	1,660	PriorAccumulatedQ1Duration_ConsolidatedMember_ResultMember	/disc/18790/081220200805475385_tse-qcedjpsm-18790-20200805475385-ixbrl.htm
2020-08-07	四半期	前期第1四半期累計	連結	実績		営業利益の増減率	ChangeInOperatingIncome	-0.331	Pure	33.1	PriorAccumulatedQ1Duration_ConsolidatedMember_ResultMember	/disc/18790/081220200805475385_tse-qcedjpsm-18790-20200805475385-ixbrl.htm
2020-08-07	四半期	前期第1四半期累計	連結	実績		経常利益	OrdinaryIncome	1750000000	JPY	1,750	PriorAccumulatedQ1Duration_ConsolidatedMember_ResultMember	/disc/18790/081220200805475385_tse-qcedjpsm-18790-20200805475385-ixbrl.htm
2020-08-07	四半期	前期第1四半期累計	連結	実績		経常利益の増減率	ChangeInOrdinaryIncome	-0.272	Pure	27.2	PriorAccumulatedQ1Duration_ConsolidatedMember_ResultMember	/disc/18790/081220200805475385_tse-qcedjpsm-18790-20200805475385-ixbrl.htm
2020-08-07	四半期	前期第1四半期累計	連結	実績		親会社株主に帰属する当期純利益	ProfitAttributableToOwnersOfParent	1202000000	JPY	1,202	PriorAccumulatedQ1Duration_ConsolidatedMember_ResultMember	/disc/18790/081220200805475385_tse-qcedjpsm-18790-20200805475385-ixbrl.htm
2020-08-07	四半期	前期第1四半期累計	連結	実績		親会社株主に帰属する当期純利益の増減率	ChangeInProfitAttributableToOwnersOfParent	-0.272	Pure	27.2	PriorAccumulatedQ1Duration_ConsolidatedMember_ResultMember	/disc/18790/081220200805475385_tse-qcedjpsm-18790-20200805475385-ixbrl.htm
2020-08-07	四半期	当期第1四半期累計	連結	実績		包括利益	ComprehensiveIncome	1307000000	JPY	1,307	CurrentAccumulatedQ1Duration_ConsolidatedMember_ResultMember	/disc/18790/081220200805475385_tse-qcedjpsm-18790-20200805475385-ixbrl.htm
2020-08-07	四半期	当期第1四半期累計	連結	実績		包括利益の増減率	ChangeInComprehensiveIncome	0.112	Pure	11.2	CurrentAccumulatedQ1Duration_ConsolidatedMember_ResultMember	/disc/18790/081220200805475385_tse-qcedjpsm-18790-20200805475385-ixbrl.htm
2020-08-07	四半期	前期第1四半期累計	連結	実績		包括利益	ComprehensiveIncome	1176000000	JPY	1,176	PriorAccumulatedQ1Duration_ConsolidatedMember_ResultMember	/disc/18790/081220200805475385_tse-qcedjpsm-18790-20200805475385-ixbrl.htm
2020-08-07	四半期	前期第1四半期累計	連結	実績		包括利益の増減率	ChangeInComprehensiveIncome	-0.287	Pure	28.7	PriorAccumulatedQ1Duration_ConsolidatedMember_ResultMember	/disc/18790/081220200805475385_tse-qcedjpsm-18790-20200805475385-ixbrl.htm
2020-08-07	四半期	当期第1四半期累計	連結	実績		1株当たり当期純利益	NetIncomePerShare	22.09	JPYPerShares	22.09	CurrentAccumulatedQ1Duration_ConsolidatedMember_ResultMember	/disc/18790/081220200805475385_tse-qcedjpsm-18790-20200805475385-ixbrl.htm
2020-08-07	四半期	前期第1四半期累計	連結	実績		1株当たり当期純利益	NetIncomePerShare	20.57	JPYPerShares	20.57	PriorAccumulatedQ1Duration_ConsolidatedMember_ResultMember	/disc/18790/081220200805475385_tse-qcedjpsm-18790-20200805475385-ixbrl.htm
2020-08-07	四半期	当期第1四半期累計	連結	実績		総資産	TotalAssets	114278000000	JPY	114,278	CurrentAccumulatedQ1Instant_ConsolidatedMember_ResultMember	/disc/18790/081220200805475385_tse-qcedjpsm-18790-20200805475385-ixbrl.htm
2020-08-07	四半期	当期第1四半期累計	連結	実績		純資産	NetAssets	73996000000	JPY	73,996	CurrentAccumulatedQ1Instant_ConsolidatedMember_ResultMember	/disc/18790/081220200805475385_tse-qcedjpsm-18790-20200805475385-ixbrl.htm
2020-08-07	四半期	当期第1四半期累計	連結	実績		自己資本比率	CapitalAdequacyRatio	0.648	Pure	64.8	CurrentAccumulatedQ1Instant_ConsolidatedMember_ResultMember	/disc/18790/081220200805475385_tse-qcedjpsm-18790-20200805475385-ixbrl.htm
2020-08-07	四半期	前期	連結	実績		総資産	TotalAssets	117031000000	JPY	117,031	PriorYearInstant_ConsolidatedMember_ResultMember	/disc/18790/081220200805475385_tse-qcedjpsm-18790-20200805475385-ixbrl.htm
2020-08-07	四半期	前期	連結	実績		純資産	NetAssets	73274000000	JPY	73,274	PriorYearInstant_ConsolidatedMember_ResultMember	/disc/18790/081220200805475385_tse-qcedjpsm-18790-20200805475385-ixbrl.htm
2020-08-07	四半期	前期	連結	実績		自己資本比率	CapitalAdequacyRatio	0.626	Pure	62.6	PriorYearInstant_ConsolidatedMember_ResultMember	/disc/18790/081220200805475385_tse-qcedjpsm-18790-20200805475385-ixbrl.htm
2020-08-07	四半期	当期第1四半期累計	連結	実績		自己資本	OwnersEquity	73996000000	JPY	73,996	CurrentAccumulatedQ1Instant_ConsolidatedMember_ResultMember	/disc/18790/081220200805475385_tse-qcedjpsm-18790-20200805475385-ixbrl.htm
2020-08-07	四半期	前期	連結	実績		自己資本	OwnersEquity	73274000000	JPY	73,274	PriorYearInstant_ConsolidatedMember_ResultMember	/disc/18790/081220200805475385_tse-qcedjpsm-18790-20200805475385-ixbrl.htm
2020-08-07	四半期	前期	単体	実績	第2四半期末	1株当たり配当金	DividendPerShare	9.00	JPYPerShares	9.00	PriorYearDuration_SecondQuarterMember_NonConsolidatedMember_ResultMember	/disc/18790/081220200805475385_tse-qcedjpsm-18790-20200805475385-ixbrl.htm
2020-08-07	四半期	前期	単体	実績	期末	1株当たり配当金	DividendPerShare	10.00	JPYPerShares	10.00	PriorYearDuration_YearEndMember_NonConsolidatedMember_ResultMember	/disc/18790/081220200805475385_tse-qcedjpsm-18790-20200805475385-ixbrl.htm
2020-08-07	四半期	前期	単体	実績	合計	1株当たり配当金	DividendPerShare	19.00	JPYPerShares	19.00	PriorYearDuration_AnnualMember_NonConsolidatedMember_ResultMember	/disc/18790/081220200805475385_tse-qcedjpsm-18790-20200805475385-ixbrl.htm
2020-08-07	四半期	当期	単体	予想	第2四半期末	1株当たり配当金	DividendPerShare	9.00	JPYPerShares	9.00	CurrentYearDuration_SecondQuarterMember_NonConsolidatedMember_ForecastMember	/disc/18790/081220200805475385_tse-qcedjpsm-18790-20200805475385-ixbrl.htm
2020-08-07	四半期	当期	単体	予想	期末	1株当たり配当金	DividendPerShare	10.00	JPYPerShares	10.00	CurrentYearDuration_YearEndMember_NonConsolidatedMember_ForecastMember	/disc/18790/081220200805475385_tse-qcedjpsm-18790-20200805475385-ixbrl.htm
2020-08-07	四半期	当期	単体	予想	合計	1株当たり配当金	DividendPerShare	19.00	JPYPerShares	19.00	CurrentYearDuration_AnnualMember_NonConsolidatedMember_ForecastMember	/disc/18790/081220200805475385_tse-qcedjpsm-18790-20200805475385-ixbrl.htm
2020-08-07	四半期	当期	単体	実績	合計	当四半期における配当予想の修正	CorrectionOfDividendForecastInThisQuarter			無	CurrentYearDuration_AnnualMember_NonConsolidatedMember_ResultMember	/disc/18790/081220200805475385_tse-qcedjpsm-18790-20200805475385-ixbrl.htm
2020-08-07	四半期	当期	連結	予想		業績予想の見出し	TitleForForecasts			3. 2021年 3月期の連結業績予想（2020年 4月 1日～2021年 3月31日）	CurrentYearDuration_ConsolidatedMember_ForecastMember	/disc/18790/081220200805475385_tse-qcedjpsm-18790-20200805475385-ixbrl.htm
2020-08-07	四半期	当期	連結	予想			PreambleToForecasts			2021年３月期の連結業績予想につきましては、新型コロナウイルス感染拡大による業績への影響を、現時点において合理的に算定することができないことから、未定としております。今後、業績予想の開示が可能となった段階で、速やかに公表いたします。	CurrentYearDuration_ConsolidatedMember_ForecastMember	/disc/18790/081220200805475385_tse-qcedjpsm-18790-20200805475385-ixbrl.htm
2020-08-07	四半期	当期第1四半期累計	連結	実績			MaterialChangesInSubsidiariesDuringThisPeriodChangesInScopeOfConsolidationsResultingFromChangeIsSubsidiaries			無	CurrentAccumulatedQ1Duration_ConsolidatedMember_ResultMember	/disc/18790/081220200805475385_tse-qcedjpsm-18790-20200805475385-ixbrl.htm
2020-08-07	四半期	当期第1四半期累計	連結	実績			ApplyingOfSpecificAccountingOfTheConsolidatedQuarterlyFinancialStatements			無	CurrentAccumulatedQ1Duration_ConsolidatedMember_ResultMember	/disc/18790/081220200805475385_tse-qcedjpsm-18790-20200805475385-ixbrl.htm
2020-08-07	四半期	当期第1四半期累計	連結	実績		会計基準等の改正に伴う変更	ChangesBasedOnRevisionsOfAccountingStandard			無	CurrentAccumulatedQ1Duration_ConsolidatedMember_ResultMember	/disc/18790/081220200805475385_tse-qcedjpsm-18790-20200805475385-ixbrl.htm
2020-08-07	四半期	当期第1四半期累計	連結	実績		それ以外の会計方針の変更	ChangesOtherThanOnesBasedOnRevisionsOfAccountingStandard			無	CurrentAccumulatedQ1Duration_ConsolidatedMember_ResultMember	/disc/18790/081220200805475385_tse-qcedjpsm-18790-20200805475385-ixbrl.htm
2020-08-07	四半期	当期第1四半期累計	連結	実績		会計上の見積りの変更	ChangesInAccountingEstimates			無	CurrentAccumulatedQ1Duration_ConsolidatedMember_ResultMember	/disc/18790/081220200805475385_tse-qcedjpsm-18790-20200805475385-ixbrl.htm
2020-08-07	四半期	当期第1四半期累計	連結	実績		修正再表示	RetrospectiveRestatement			無	CurrentAccumulatedQ1Duration_ConsolidatedMember_ResultMember	/disc/18790/081220200805475385_tse-qcedjpsm-18790-20200805475385-ixbrl.htm
2020-08-07	四半期	当期第1四半期累計	単体	実績		期末発行済株式数(自己株式を含む)	NumberOfIssuedAndOutstandingSharesAtTheEndOfFiscalYearIncludingTreasuryStock	61360720	Shares	61,360,720	CurrentAccumulatedQ1Instant_NonConsolidatedMember_ResultMember	/disc/18790/081220200805475385_tse-qcedjpsm-18790-20200805475385-ixbrl.htm
2020-08-07	四半期	前期	単体	実績		期末発行済株式数(自己株式を含む)	NumberOfIssuedAndOutstandingSharesAtTheEndOfFiscalYearIncludingTreasuryStock	61360720	Shares	61,360,720	PriorYearInstant_NonConsolidatedMember_ResultMember	/disc/18790/081220200805475385_tse-qcedjpsm-18790-20200805475385-ixbrl.htm
2020-08-07	四半期	当期第1四半期累計	単体	実績		期末自己株式数	NumberOfTreasuryStockAtTheEndOfFiscalYear	2900030	Shares	2,900,030	CurrentAccumulatedQ1Instant_NonConsolidatedMember_ResultMember	/disc/18790/081220200805475385_tse-qcedjpsm-18790-20200805475385-ixbrl.htm
2020-08-07	四半期	前期	単体	実績		期末自己株式数	NumberOfTreasuryStockAtTheEndOfFiscalYear	2900030	Shares	2,900,030	PriorYearInstant_NonConsolidatedMember_ResultMember	/disc/18790/081220200805475385_tse-qcedjpsm-18790-20200805475385-ixbrl.htm
2020-08-07	四半期	当期第1四半期累計	単体	実績		期中平均株式数	AverageNumberOfShares	58460690	Shares	58,460,690	CurrentAccumulatedQ1Duration_NonConsolidatedMember_ResultMember	/disc/18790/081220200805475385_tse-qcedjpsm-18790-20200805475385-ixbrl.htm
2020-08-07	四半期	前期第1四半期累計	単体	実績		期中平均株式数	AverageNumberOfShares	58460958	Shares	58,460,958	PriorAccumulatedQ1Duration_NonConsolidatedMember_ResultMember	/disc/18790/081220200805475385_tse-qcedjpsm-18790-20200805475385-ixbrl.htm
2020-08-07	四半期	当期				将来情報の利用に関する注意	NotesForUsingForecastedInformationAndOthers			本資料に記載されている業績見通し等の将来に関する記述は、当社が現在入手している情報及び合理的であると判断する一定の前提に基づいており、その達成を当社として約束する趣旨のものではありません。また、実際の業績等は様々な要因により大きく異なる可能性があります。	CurrentYearDuration	/disc/18790/081220200805475385_tse-qcedjpsm-18790-20200805475385-ixbrl.htm
2020-08-07	四半期	当期				決算期末	FiscalYearEnd			2021-03-31	CurrentYearInstant	/disc/18790/081220200805475385_tse-qcedjpsm-18790-20200805475385-ixbrl.htm
2020-08-07	四半期	当期第1四半期累計				四半期	QuarterlyPeriod	1	Pure	1	CurrentAccumulatedQ1Instant	/disc/18790/081220200805475385_tse-qcedjpsm-18790-20200805475385-ixbrl.htm
2020-11-13	四半期	当期第2四半期累計				書類名	DocumentName			第2四半期決算短信〔日本基準〕（連結）	CurrentAccumulatedQ2Instant	/disc/18790/081220201112422733_tse-qcedjpsm-18790-20201112422733-ixbrl.htm
2020-11-13	四半期	当期第2四半期累計				提出日	FilingDate			2020年11月13日	CurrentAccumulatedQ2Instant	/disc/18790/081220201112422733_tse-qcedjpsm-18790-20201112422733-ixbrl.htm
2020-11-13	四半期	当期第2四半期累計				会社名	CompanyName			新日本建設株式会社	CurrentAccumulatedQ2Instant	/disc/18790/081220201112422733_tse-qcedjpsm-18790-20201112422733-ixbrl.htm
2020-11-13	四半期	当期第2四半期累計					TokyoStockExchange			東	CurrentAccumulatedQ2Instant	/disc/18790/081220201112422733_tse-qcedjpsm-18790-20201112422733-ixbrl.htm
2020-11-13	四半期	当期第2四半期累計				証券コード	SecuritiesCode			18790	CurrentAccumulatedQ2Instant	/disc/18790/081220201112422733_tse-qcedjpsm-18790-20201112422733-ixbrl.htm
2020-11-13	四半期	当期第2四半期累計				URL	URL			http://www.shinnihon-c.co.jp/	CurrentAccumulatedQ2Instant	/disc/18790/081220201112422733_tse-qcedjpsm-18790-20201112422733-ixbrl.htm
2020-11-13	四半期	当期第2四半期累計				代表者の役職	TitleRepresentative			代表取締役社長	CurrentAccumulatedQ2Instant	/disc/18790/081220201112422733_tse-qcedjpsm-18790-20201112422733-ixbrl.htm
2020-11-13	四半期	当期第2四半期累計				代表者名	NameRepresentative			高見 克司	CurrentAccumulatedQ2Instant	/disc/18790/081220201112422733_tse-qcedjpsm-18790-20201112422733-ixbrl.htm
2020-11-13	四半期	当期第2四半期累計					TitleInquiries			取締役常務執行役員管理本部長	CurrentAccumulatedQ2Instant	/disc/18790/081220201112422733_tse-qcedjpsm-18790-20201112422733-ixbrl.htm
2020-11-13	四半期	当期第2四半期累計					NameInquiries			高橋 苗樹	CurrentAccumulatedQ2Instant	/disc/18790/081220201112422733_tse-qcedjpsm-18790-20201112422733-ixbrl.htm
2020-11-13	四半期	当期第2四半期累計					Tel			043-213-1111	CurrentAccumulatedQ2Instant	/disc/18790/081220201112422733_tse-qcedjpsm-18790-20201112422733-ixbrl.htm
2020-11-13	四半期	当期第2四半期累計					QuarterlyStatementFilingDateAsPlanned			2020年11月13日	CurrentAccumulatedQ2Instant	/disc/18790/081220201112422733_tse-qcedjpsm-18790-20201112422733-ixbrl.htm
2020-11-13	四半期	当期第2四半期累計					DividendPayableDateAsPlanned			2020年12月2日	CurrentAccumulatedQ2Instant	/disc/18790/081220201112422733_tse-qcedjpsm-18790-20201112422733-ixbrl.htm
2020-11-13	四半期	当期第2四半期累計					SupplementalMaterialOfQuarterlyResults			無	CurrentAccumulatedQ2Instant	/disc/18790/081220201112422733_tse-qcedjpsm-18790-20201112422733-ixbrl.htm
2020-11-13	四半期	当期第2四半期累計					ConveningBriefingOfQuarterlyResults			無	CurrentAccumulatedQ2Instant	/disc/18790/081220201112422733_tse-qcedjpsm-18790-20201112422733-ixbrl.htm
2020-11-13	四半期	当期第2四半期累計					NoteToFractionProcessingMethod			（百万円未満切捨て）	CurrentAccumulatedQ2Instant	/disc/18790/081220201112422733_tse-qcedjpsm-18790-20201112422733-ixbrl.htm
2020-11-13	四半期	当期第2四半期累計	連結	実績		売上高	NetSales	38838000000	JPY	38,838	CurrentAccumulatedQ2Duration_ConsolidatedMember_ResultMember	/disc/18790/081220201112422733_tse-qcedjpsm-18790-20201112422733-ixbrl.htm
2020-11-13	四半期	当期第2四半期累計	連結	実績		売上高の増減率	ChangeInNetSales	-0.210	Pure	21.0	CurrentAccumulatedQ2Duration_ConsolidatedMember_ResultMember	/disc/18790/081220201112422733_tse-qcedjpsm-18790-20201112422733-ixbrl.htm
2020-11-13	四半期	当期第2四半期累計	連結	実績		営業利益	OperatingIncome	4441000000	JPY	4,441	CurrentAccumulatedQ2Duration_ConsolidatedMember_ResultMember	/disc/18790/081220201112422733_tse-qcedjpsm-18790-20201112422733-ixbrl.htm
2020-11-13	四半期	当期第2四半期累計	連結	実績		営業利益の増減率	ChangeInOperatingIncome	-0.274	Pure	27.4	CurrentAccumulatedQ2Duration_ConsolidatedMember_ResultMember	/disc/18790/081220201112422733_tse-qcedjpsm-18790-20201112422733-ixbrl.htm
2020-11-13	四半期	当期第2四半期累計	連結	実績		経常利益	OrdinaryIncome	4453000000	JPY	4,453	CurrentAccumulatedQ2Duration_ConsolidatedMember_ResultMember	/disc/18790/081220201112422733_tse-qcedjpsm-18790-20201112422733-ixbrl.htm
2020-11-13	四半期	当期第2四半期累計	連結	実績		経常利益の増減率	ChangeInOrdinaryIncome	-0.283	Pure	28.3	CurrentAccumulatedQ2Duration_ConsolidatedMember_ResultMember	/disc/18790/081220201112422733_tse-qcedjpsm-18790-20201112422733-ixbrl.htm
2020-11-13	四半期	当期第2四半期累計	連結	実績		親会社株主に帰属する当期純利益	ProfitAttributableToOwnersOfParent	3068000000	JPY	3,068	CurrentAccumulatedQ2Duration_ConsolidatedMember_ResultMember	/disc/18790/081220201112422733_tse-qcedjpsm-18790-20201112422733-ixbrl.htm
2020-11-13	四半期	当期第2四半期累計	連結	実績		親会社株主に帰属する当期純利益の増減率	ChangeInProfitAttributableToOwnersOfParent	-0.348	Pure	34.8	CurrentAccumulatedQ2Duration_ConsolidatedMember_ResultMember	/disc/18790/081220201112422733_tse-qcedjpsm-18790-20201112422733-ixbrl.htm
2020-11-13	四半期	前期第2四半期累計	連結	実績		売上高	NetSales	49164000000	JPY	49,164	PriorAccumulatedQ2Duration_ConsolidatedMember_ResultMember	/disc/18790/081220201112422733_tse-qcedjpsm-18790-20201112422733-ixbrl.htm
2020-11-13	四半期	前期第2四半期累計	連結	実績		売上高の増減率	ChangeInNetSales	0.165	Pure	16.5	PriorAccumulatedQ2Duration_ConsolidatedMember_ResultMember	/disc/18790/081220201112422733_tse-qcedjpsm-18790-20201112422733-ixbrl.htm
2020-11-13	四半期	前期第2四半期累計	連結	実績		営業利益	OperatingIncome	6121000000	JPY	6,121	PriorAccumulatedQ2Duration_ConsolidatedMember_ResultMember	/disc/18790/081220201112422733_tse-qcedjpsm-18790-20201112422733-ixbrl.htm
2020-11-13	四半期	前期第2四半期累計	連結	実績		営業利益の増減率	ChangeInOperatingIncome	0.017	Pure	1.7	PriorAccumulatedQ2Duration_ConsolidatedMember_ResultMember	/disc/18790/081220201112422733_tse-qcedjpsm-18790-20201112422733-ixbrl.htm
2020-11-13	四半期	前期第2四半期累計	連結	実績		経常利益	OrdinaryIncome	6213000000	JPY	6,213	PriorAccumulatedQ2Duration_ConsolidatedMember_ResultMember	/disc/18790/081220201112422733_tse-qcedjpsm-18790-20201112422733-ixbrl.htm
2020-11-13	四半期	前期第2四半期累計	連結	実績		経常利益の増減率	ChangeInOrdinaryIncome	0.055	Pure	5.5	PriorAccumulatedQ2Duration_ConsolidatedMember_ResultMember	/disc/18790/081220201112422733_tse-qcedjpsm-18790-20201112422733-ixbrl.htm
2020-11-13	四半期	前期第2四半期累計	連結	実績		親会社株主に帰属する当期純利益	ProfitAttributableToOwnersOfParent	4706000000	JPY	4,706	PriorAccumulatedQ2Duration_ConsolidatedMember_ResultMember	/disc/18790/081220201112422733_tse-qcedjpsm-18790-20201112422733-ixbrl.htm
2020-11-13	四半期	前期第2四半期累計	連結	実績		親会社株主に帰属する当期純利益の増減率	ChangeInProfitAttributableToOwnersOfParent	0.165	Pure	16.5	PriorAccumulatedQ2Duration_ConsolidatedMember_ResultMember	/disc/18790/081220201112422733_tse-qcedjpsm-18790-20201112422733-ixbrl.htm
2020-11-13	四半期	当期第2四半期累計	連結	実績		包括利益	ComprehensiveIncome	3118000000	JPY	3,118	CurrentAccumulatedQ2Duration_ConsolidatedMember_ResultMember	/disc/18790/081220201112422733_tse-qcedjpsm-18790-20201112422733-ixbrl.htm
2020-11-13	四半期	当期第2四半期累計	連結	実績		包括利益の増減率	ChangeInComprehensiveIncome	-0.338	Pure	33.8	CurrentAccumulatedQ2Duration_ConsolidatedMember_ResultMember	/disc/18790/081220201112422733_tse-qcedjpsm-18790-20201112422733-ixbrl.htm
2020-11-13	四半期	前期第2四半期累計	連結	実績		包括利益	ComprehensiveIncome	4711000000	JPY	4,711	PriorAccumulatedQ2Duration_ConsolidatedMember_ResultMember	/disc/18790/081220201112422733_tse-qcedjpsm-18790-20201112422733-ixbrl.htm
2020-11-13	四半期	前期第2四半期累計	連結	実績		包括利益の増減率	ChangeInComprehensiveIncome	0.163	Pure	16.3	PriorAccumulatedQ2Duration_ConsolidatedMember_ResultMember	/disc/18790/081220201112422733_tse-qcedjpsm-18790-20201112422733-ixbrl.htm
2020-11-13	四半期	当期第2四半期累計	連結	実績		1株当たり当期純利益	NetIncomePerShare	52.50	JPYPerShares	52.50	CurrentAccumulatedQ2Duration_ConsolidatedMember_ResultMember	/disc/18790/081220201112422733_tse-qcedjpsm-18790-20201112422733-ixbrl.htm
2020-11-13	四半期	前期第2四半期累計	連結	実績		1株当たり当期純利益	NetIncomePerShare	80.51	JPYPerShares	80.51	PriorAccumulatedQ2Duration_ConsolidatedMember_ResultMember	/disc/18790/081220201112422733_tse-qcedjpsm-18790-20201112422733-ixbrl.htm
2020-11-13	四半期	当期第2四半期累計	連結	実績		総資産	TotalAssets	117904000000	JPY	117,904	CurrentAccumulatedQ2Instant_ConsolidatedMember_ResultMember	/disc/18790/081220201112422733_tse-qcedjpsm-18790-20201112422733-ixbrl.htm
2020-11-13	四半期	当期第2四半期累計	連結	実績		純資産	NetAssets	75808000000	JPY	75,808	CurrentAccumulatedQ2Instant_ConsolidatedMember_ResultMember	/disc/18790/081220201112422733_tse-qcedjpsm-18790-20201112422733-ixbrl.htm
2020-11-13	四半期	当期第2四半期累計	連結	実績		自己資本比率	CapitalAdequacyRatio	0.643	Pure	64.3	CurrentAccumulatedQ2Instant_ConsolidatedMember_ResultMember	/disc/18790/081220201112422733_tse-qcedjpsm-18790-20201112422733-ixbrl.htm
2020-11-13	四半期	前期	連結	実績		総資産	TotalAssets	117031000000	JPY	117,031	PriorYearInstant_ConsolidatedMember_ResultMember	/disc/18790/081220201112422733_tse-qcedjpsm-18790-20201112422733-ixbrl.htm
2020-11-13	四半期	前期	連結	実績		純資産	NetAssets	73274000000	JPY	73,274	PriorYearInstant_ConsolidatedMember_ResultMember	/disc/18790/081220201112422733_tse-qcedjpsm-18790-20201112422733-ixbrl.htm
2020-11-13	四半期	前期	連結	実績		自己資本比率	CapitalAdequacyRatio	0.626	Pure	62.6	PriorYearInstant_ConsolidatedMember_ResultMember	/disc/18790/081220201112422733_tse-qcedjpsm-18790-20201112422733-ixbrl.htm
2020-11-13	四半期	当期第2四半期累計	連結	実績		自己資本	OwnersEquity	75808000000	JPY	75,808	CurrentAccumulatedQ2Instant_ConsolidatedMember_ResultMember	/disc/18790/081220201112422733_tse-qcedjpsm-18790-20201112422733-ixbrl.htm
2020-11-13	四半期	前期	連結	実績		自己資本	OwnersEquity	73274000000	JPY	73,274	PriorYearInstant_ConsolidatedMember_ResultMember	/disc/18790/081220201112422733_tse-qcedjpsm-18790-20201112422733-ixbrl.htm
2020-11-13	四半期	前期	単体	実績	第2四半期末	1株当たり配当金	DividendPerShare	9.00	JPYPerShares	9.00	PriorYearDuration_SecondQuarterMember_NonConsolidatedMember_ResultMember	/disc/18790/081220201112422733_tse-qcedjpsm-18790-20201112422733-ixbrl.htm
2020-11-13	四半期	前期	単体	実績	期末	1株当たり配当金	DividendPerShare	10.00	JPYPerShares	10.00	PriorYearDuration_YearEndMember_NonConsolidatedMember_ResultMember	/disc/18790/081220201112422733_tse-qcedjpsm-18790-20201112422733-ixbrl.htm
2020-11-13	四半期	前期	単体	実績	合計	1株当たり配当金	DividendPerShare	19.00	JPYPerShares	19.00	PriorYearDuration_AnnualMember_NonConsolidatedMember_ResultMember	/disc/18790/081220201112422733_tse-qcedjpsm-18790-20201112422733-ixbrl.htm
2020-11-13	四半期	当期	単体	実績	第2四半期末	1株当たり配当金	DividendPerShare	9.00	JPYPerShares	9.00	CurrentYearDuration_SecondQuarterMember_NonConsolidatedMember_ResultMember	/disc/18790/081220201112422733_tse-qcedjpsm-18790-20201112422733-ixbrl.htm
2020-11-13	四半期	当期	単体	予想	期末	1株当たり配当金	DividendPerShare	10.00	JPYPerShares	10.00	CurrentYearDuration_YearEndMember_NonConsolidatedMember_ForecastMember	/disc/18790/081220201112422733_tse-qcedjpsm-18790-20201112422733-ixbrl.htm
2020-11-13	四半期	当期	単体	予想	合計	1株当たり配当金	DividendPerShare	19.00	JPYPerShares	19.00	CurrentYearDuration_AnnualMember_NonConsolidatedMember_ForecastMember	/disc/18790/081220201112422733_tse-qcedjpsm-18790-20201112422733-ixbrl.htm
2020-11-13	四半期	当期	単体	実績	合計	当四半期における配当予想の修正	CorrectionOfDividendForecastInThisQuarter			無	CurrentYearDuration_AnnualMember_NonConsolidatedMember_ResultMember	/disc/18790/081220201112422733_tse-qcedjpsm-18790-20201112422733-ixbrl.htm
2020-11-13	四半期	当期	連結	予想		業績予想の見出し	TitleForForecasts			3. 2021年 3月期の連結業績予想（2020年 4月 1日～2021年 3月31日）	CurrentYearDuration_ConsolidatedMember_ForecastMember	/disc/18790/081220201112422733_tse-qcedjpsm-18790-20201112422733-ixbrl.htm
2020-11-13	四半期	当期	連結	予想		売上高	NetSales	103000000000	JPY	103,000	CurrentYearDuration_ConsolidatedMember_ForecastMember	/disc/18790/081220201112422733_tse-qcedjpsm-18790-20201112422733-ixbrl.htm
2020-11-13	四半期	当期	連結	予想		売上高の増減率	ChangeInNetSales	-0.085	Pure	8.5	CurrentYearDuration_ConsolidatedMember_ForecastMember	/disc/18790/081220201112422733_tse-qcedjpsm-18790-20201112422733-ixbrl.htm
2020-11-13	四半期	当期	連結	予想		営業利益	OperatingIncome	13800000000	JPY	13,800	CurrentYearDuration_ConsolidatedMember_ForecastMember	/disc/18790/081220201112422733_tse-qcedjpsm-18790-20201112422733-ixbrl.htm
2020-11-13	四半期	当期	連結	予想		営業利益の増減率	ChangeInOperatingIncome	-0.048	Pure	4.8	CurrentYearDuration_ConsolidatedMember_ForecastMember	/disc/18790/081220201112422733_tse-qcedjpsm-18790-20201112422733-ixbrl.htm
2020-11-13	四半期	当期	連結	予想		経常利益	OrdinaryIncome	13800000000	JPY	13,800	CurrentYearDuration_ConsolidatedMember_ForecastMember	/disc/18790/081220201112422733_tse-qcedjpsm-18790-20201112422733-ixbrl.htm
2020-11-13	四半期	当期	連結	予想		経常利益の増減率	ChangeInOrdinaryIncome	-0.055	Pure	5.5	CurrentYearDuration_ConsolidatedMember_ForecastMember	/disc/18790/081220201112422733_tse-qcedjpsm-18790-20201112422733-ixbrl.htm
2020-11-13	四半期	当期	連結	予想		親会社株主に帰属する当期純利益	ProfitAttributableToOwnersOfParent	9500000000	JPY	9,500	CurrentYearDuration_ConsolidatedMember_ForecastMember	/disc/18790/081220201112422733_tse-qcedjpsm-18790-20201112422733-ixbrl.htm
2020-11-13	四半期	当期	連結	予想		親会社株主に帰属する当期純利益の増減率	ChangeInProfitAttributableToOwnersOfParent	-0.099	Pure	9.9	CurrentYearDuration_ConsolidatedMember_ForecastMember	/disc/18790/081220201112422733_tse-qcedjpsm-18790-20201112422733-ixbrl.htm
2020-11-13	四半期	当期	連結	予想		1株当たり当期純利益	NetIncomePerShare	162.50	JPYPerShares	162.50	CurrentYearDuration_ConsolidatedMember_ForecastMember	/disc/18790/081220201112422733_tse-qcedjpsm-18790-20201112422733-ixbrl.htm
2020-11-13	四半期	当期	連結	予想		当四半期における業績予想の修正	CorrectionOfConsolidatedFinancialForecastInThisQuarter			有	CurrentYearDuration_ConsolidatedMember_ForecastMember	/disc/18790/081220201112422733_tse-qcedjpsm-18790-20201112422733-ixbrl.htm
2020-11-13	四半期	当期第2四半期累計	連結	実績			MaterialChangesInSubsidiariesDuringThisPeriodChangesInScopeOfConsolidationsResultingFromChangeIsSubsidiaries			無	CurrentAccumulatedQ2Duration_ConsolidatedMember_ResultMember	/disc/18790/081220201112422733_tse-qcedjpsm-18790-20201112422733-ixbrl.htm
2020-11-13	四半期	当期第2四半期累計	連結	実績			ApplyingOfSpecificAccountingOfTheConsolidatedQuarterlyFinancialStatements			無	CurrentAccumulatedQ2Duration_ConsolidatedMember_ResultMember	/disc/18790/081220201112422733_tse-qcedjpsm-18790-20201112422733-ixbrl.htm
2020-11-13	四半期	当期第2四半期累計	連結	実績		会計基準等の改正に伴う変更	ChangesBasedOnRevisionsOfAccountingStandard			無	CurrentAccumulatedQ2Duration_ConsolidatedMember_ResultMember	/disc/18790/081220201112422733_tse-qcedjpsm-18790-20201112422733-ixbrl.htm
2020-11-13	四半期	当期第2四半期累計	連結	実績		それ以外の会計方針の変更	ChangesOtherThanOnesBasedOnRevisionsOfAccountingStandard			無	CurrentAccumulatedQ2Duration_ConsolidatedMember_ResultMember	/disc/18790/081220201112422733_tse-qcedjpsm-18790-20201112422733-ixbrl.htm
2020-11-13	四半期	当期第2四半期累計	連結	実績		会計上の見積りの変更	ChangesInAccountingEstimates			無	CurrentAccumulatedQ2Duration_ConsolidatedMember_ResultMember	/disc/18790/081220201112422733_tse-qcedjpsm-18790-20201112422733-ixbrl.htm
2020-11-13	四半期	当期第2四半期累計	連結	実績		修正再表示	RetrospectiveRestatement			無	CurrentAccumulatedQ2Duration_ConsolidatedMember_ResultMember	/disc/18790/081220201112422733_tse-qcedjpsm-18790-20201112422733-ixbrl.htm
2020-11-13	四半期	当期第2四半期累計	単体	実績		期末発行済株式数(自己株式を含む)	NumberOfIssuedAndOutstandingSharesAtTheEndOfFiscalYearIncludingTreasuryStock	61360720	Shares	61,360,720	CurrentAccumulatedQ2Instant_NonConsolidatedMember_ResultMember	/disc/18790/081220201112422733_tse-qcedjpsm-18790-20201112422733-ixbrl.htm
2020-11-13	四半期	前期	単体	実績		期末発行済株式数(自己株式を含む)	NumberOfIssuedAndOutstandingSharesAtTheEndOfFiscalYearIncludingTreasuryStock	61360720	Shares	61,360,720	PriorYearInstant_NonConsolidatedMember_ResultMember	/disc/18790/081220201112422733_tse-qcedjpsm-18790-20201112422733-ixbrl.htm
2020-11-13	四半期	当期第2四半期累計	単体	実績		期末自己株式数	NumberOfTreasuryStockAtTheEndOfFiscalYear	2900106	Shares	2,900,106	CurrentAccumulatedQ2Instant_NonConsolidatedMember_ResultMember	/disc/18790/081220201112422733_tse-qcedjpsm-18790-20201112422733-ixbrl.htm
2020-11-13	四半期	前期	単体	実績		期末自己株式数	NumberOfTreasuryStockAtTheEndOfFiscalYear	2900030	Shares	2,900,030	PriorYearInstant_NonConsolidatedMember_ResultMember	/disc/18790/081220201112422733_tse-qcedjpsm-18790-20201112422733-ixbrl.htm
2020-11-13	四半期	当期第2四半期累計	単体	実績		期中平均株式数	AverageNumberOfShares	58460684	Shares	58,460,684	CurrentAccumulatedQ2Duration_NonConsolidatedMember_ResultMember	/disc/18790/081220201112422733_tse-qcedjpsm-18790-20201112422733-ixbrl.htm
2020-11-13	四半期	前期第2四半期累計	単体	実績		期中平均株式数	AverageNumberOfShares	58460944	Shares	58,460,944	PriorAccumulatedQ2Duration_NonConsolidatedMember_ResultMember	/disc/18790/081220201112422733_tse-qcedjpsm-18790-20201112422733-ixbrl.htm
2020-11-13	四半期	当期				将来情報の利用に関する注意	NotesForUsingForecastedInformationAndOthers			本資料に記載されている業績見通し等の将来に関する記述は、当社が現在入手している情報及び合理的であると判断する一定の前提に基づいており、その達成を当社として約束する趣旨のものではありません。また、実際の業績等は様々な要因により大きく異なる可能性があります。	CurrentYearDuration	/disc/18790/081220201112422733_tse-qcedjpsm-18790-20201112422733-ixbrl.htm
2020-11-13	四半期	当期				決算期末	FiscalYearEnd			2021-03-31	CurrentYearInstant	/disc/18790/081220201112422733_tse-qcedjpsm-18790-20201112422733-ixbrl.htm
2020-11-13	四半期	当期第2四半期累計				四半期	QuarterlyPeriod	2	Pure	2	CurrentAccumulatedQ2Instant	/disc/18790/081220201112422733_tse-qcedjpsm-18790-20201112422733-ixbrl.htm
2021-02-12	四半期	当期第3四半期累計				書類名	DocumentName			第3四半期決算短信〔日本基準〕（連結）	CurrentAccumulatedQ3Instant	/disc/18790/081220210212462155_tse-qcedjpsm-18790-20210212462155-ixbrl.htm
2021-02-12	四半期	当期第3四半期累計				提出日	FilingDate			2021年2月12日	CurrentAccumulatedQ3Instant	/disc/18790/081220210212462155_tse-qcedjpsm-18790-20210212462155-ixbrl.htm
2021-02-12	四半期	当期第3四半期累計				会社名	CompanyName			新日本建設株式会社	CurrentAccumulatedQ3Instant	/disc/18790/081220210212462155_tse-qcedjpsm-18790-20210212462155-ixbrl.htm
2021-02-12	四半期	当期第3四半期累計					TokyoStockExchange			東	CurrentAccumulatedQ3Instant	/disc/18790/081220210212462155_tse-qcedjpsm-18790-20210212462155-ixbrl.htm
2021-02-12	四半期	当期第3四半期累計				証券コード	SecuritiesCode			18790	CurrentAccumulatedQ3Instant	/disc/18790/081220210212462155_tse-qcedjpsm-18790-20210212462155-ixbrl.htm
2021-02-12	四半期	当期第3四半期累計				URL	URL			http://www.shinnihon-c.co.jp/	CurrentAccumulatedQ3Instant	/disc/18790/081220210212462155_tse-qcedjpsm-18790-20210212462155-ixbrl.htm
2021-02-12	四半期	当期第3四半期累計				代表者の役職	TitleRepresentative			代表取締役社長	CurrentAccumulatedQ3Instant	/disc/18790/081220210212462155_tse-qcedjpsm-18790-20210212462155-ixbrl.htm
2021-02-12	四半期	当期第3四半期累計				代表者名	NameRepresentative			高見 克司	CurrentAccumulatedQ3Instant	/disc/18790/081220210212462155_tse-qcedjpsm-18790-20210212462155-ixbrl.htm
2021-02-12	四半期	当期第3四半期累計					TitleInquiries			取締役常務執行役員管理本部長	CurrentAccumulatedQ3Instant	/disc/18790/081220210212462155_tse-qcedjpsm-18790-20210212462155-ixbrl.htm
2021-02-12	四半期	当期第3四半期累計					NameInquiries			高橋 苗樹	CurrentAccumulatedQ3Instant	/disc/18790/081220210212462155_tse-qcedjpsm-18790-20210212462155-ixbrl.htm
2021-02-12	四半期	当期第3四半期累計					Tel			043-213-1111	CurrentAccumulatedQ3Instant	/disc/18790/081220210212462155_tse-qcedjpsm-18790-20210212462155-ixbrl.htm
2021-02-12	四半期	当期第3四半期累計					QuarterlyStatementFilingDateAsPlanned			2021年2月12日	CurrentAccumulatedQ3Instant	/disc/18790/081220210212462155_tse-qcedjpsm-18790-20210212462155-ixbrl.htm
2021-02-12	四半期	当期第3四半期累計					SupplementalMaterialOfQuarterlyResults			無	CurrentAccumulatedQ3Instant	/disc/18790/081220210212462155_tse-qcedjpsm-18790-20210212462155-ixbrl.htm
2021-02-12	四半期	当期第3四半期累計					ConveningBriefingOfQuarterlyResults			無	CurrentAccumulatedQ3Instant	/disc/18790/081220210212462155_tse-qcedjpsm-18790-20210212462155-ixbrl.htm
2021-02-12	四半期	当期第3四半期累計					NoteToFractionProcessingMethod			（百万円未満切捨て）	CurrentAccumulatedQ3Instant	/disc/18790/081220210212462155_tse-qcedjpsm-18790-20210212462155-ixbrl.htm
2021-02-12	四半期	当期第3四半期累計	連結	実績		売上高	NetSales	60692000000	JPY	60,692	CurrentAccumulatedQ3Duration_ConsolidatedMember_ResultMember	/disc/18790/081220210212462155_tse-qcedjpsm-18790-20210212462155-ixbrl.htm
2021-02-12	四半期	当期第3四半期累計	連結	実績		売上高の増減率	ChangeInNetSales	-0.187	Pure	18.7	CurrentAccumulatedQ3Duration_ConsolidatedMember_ResultMember	/disc/18790/081220210212462155_tse-qcedjpsm-18790-20210212462155-ixbrl.htm
2021-02-12	四半期	当期第3四半期累計	連結	実績		営業利益	OperatingIncome	7448000000	JPY	7,448	CurrentAccumulatedQ3Duration_ConsolidatedMember_ResultMember	/disc/18790/081220210212462155_tse-qcedjpsm-18790-20210212462155-ixbrl.htm
2021-02-12	四半期	当期第3四半期累計	連結	実績		営業利益の増減率	ChangeInOperatingIncome	-0.209	Pure	20.9	CurrentAccumulatedQ3Duration_ConsolidatedMember_ResultMember	/disc/18790/081220210212462155_tse-qcedjpsm-18790-20210212462155-ixbrl.htm
2021-02-12	四半期	当期第3四半期累計	連結	実績		経常利益	OrdinaryIncome	7473000000	JPY	7,473	CurrentAccumulatedQ3Duration_ConsolidatedMember_ResultMember	/disc/18790/081220210212462155_tse-qcedjpsm-18790-20210212462155-ixbrl.htm
2021-02-12	四半期	当期第3四半期累計	連結	実績		経常利益の増減率	ChangeInOrdinaryIncome	-0.214	Pure	21.4	CurrentAccumulatedQ3Duration_ConsolidatedMember_ResultMember	/disc/18790/081220210212462155_tse-qcedjpsm-18790-20210212462155-ixbrl.htm
2021-02-12	四半期	当期第3四半期累計	連結	実績		親会社株主に帰属する当期純利益	ProfitAttributableToOwnersOfParent	5151000000	JPY	5,151	CurrentAccumulatedQ3Duration_ConsolidatedMember_ResultMember	/disc/18790/081220210212462155_tse-qcedjpsm-18790-20210212462155-ixbrl.htm
2021-02-12	四半期	当期第3四半期累計	連結	実績		親会社株主に帰属する当期純利益の増減率	ChangeInProfitAttributableToOwnersOfParent	-0.259	Pure	25.9	CurrentAccumulatedQ3Duration_ConsolidatedMember_ResultMember	/disc/18790/081220210212462155_tse-qcedjpsm-18790-20210212462155-ixbrl.htm
2021-02-12	四半期	前期第3四半期累計	連結	実績		売上高	NetSales	74681000000	JPY	74,681	PriorAccumulatedQ3Duration_ConsolidatedMember_ResultMember	/disc/18790/081220210212462155_tse-qcedjpsm-18790-20210212462155-ixbrl.htm
2021-02-12	四半期	前期第3四半期累計	連結	実績		売上高の増減率	ChangeInNetSales	0.134	Pure	13.4	PriorAccumulatedQ3Duration_ConsolidatedMember_ResultMember	/disc/18790/081220210212462155_tse-qcedjpsm-18790-20210212462155-ixbrl.htm
2021-02-12	四半期	前期第3四半期累計	連結	実績		営業利益	OperatingIncome	9413000000	JPY	9,413	PriorAccumulatedQ3Duration_ConsolidatedMember_ResultMember	/disc/18790/081220210212462155_tse-qcedjpsm-18790-20210212462155-ixbrl.htm
2021-02-12	四半期	前期第3四半期累計	連結	実績		営業利益の増減率	ChangeInOperatingIncome	0.010	Pure	1.0	PriorAccumulatedQ3Duration_ConsolidatedMember_ResultMember	/disc/18790/081220210212462155_tse-qcedjpsm-18790-20210212462155-ixbrl.htm
2021-02-12	四半期	前期第3四半期累計	連結	実績		経常利益	OrdinaryIncome	9514000000	JPY	9,514	PriorAccumulatedQ3Duration_ConsolidatedMember_ResultMember	/disc/18790/081220210212462155_tse-qcedjpsm-18790-20210212462155-ixbrl.htm
2021-02-12	四半期	前期第3四半期累計	連結	実績		経常利益の増減率	ChangeInOrdinaryIncome	0.035	Pure	3.5	PriorAccumulatedQ3Duration_ConsolidatedMember_ResultMember	/disc/18790/081220210212462155_tse-qcedjpsm-18790-20210212462155-ixbrl.htm
2021-02-12	四半期	前期第3四半期累計	連結	実績		親会社株主に帰属する当期純利益	ProfitAttributableToOwnersOfParent	6949000000	JPY	6,949	PriorAccumulatedQ3Duration_ConsolidatedMember_ResultMember	/disc/18790/081220210212462155_tse-qcedjpsm-18790-20210212462155-ixbrl.htm
2021-02-12	四半期	前期第3四半期累計	連結	実績		親会社株主に帰属する当期純利益の増減率	ChangeInProfitAttributableToOwnersOfParent	-0.087	Pure	8.7	PriorAccumulatedQ3Duration_ConsolidatedMember_ResultMember	/disc/18790/081220210212462155_tse-qcedjpsm-18790-20210212462155-ixbrl.htm
2021-02-12	四半期	当期第3四半期累計	連結	実績		包括利益	ComprehensiveIncome	5193000000	JPY	5,193	CurrentAccumulatedQ3Duration_ConsolidatedMember_ResultMember	/disc/18790/081220210212462155_tse-qcedjpsm-18790-20210212462155-ixbrl.htm
2021-02-12	四半期	当期第3四半期累計	連結	実績		包括利益の増減率	ChangeInComprehensiveIncome	-0.259	Pure	25.9	CurrentAccumulatedQ3Duration_ConsolidatedMember_ResultMember	/disc/18790/081220210212462155_tse-qcedjpsm-18790-20210212462155-ixbrl.htm
2021-02-12	四半期	前期第3四半期累計	連結	実績		包括利益	ComprehensiveIncome	7005000000	JPY	7,005	PriorAccumulatedQ3Duration_ConsolidatedMember_ResultMember	/disc/18790/081220210212462155_tse-qcedjpsm-18790-20210212462155-ixbrl.htm
2021-02-12	四半期	前期第3四半期累計	連結	実績		包括利益の増減率	ChangeInComprehensiveIncome	-0.033	Pure	3.3	PriorAccumulatedQ3Duration_ConsolidatedMember_ResultMember	/disc/18790/081220210212462155_tse-qcedjpsm-18790-20210212462155-ixbrl.htm
2021-02-12	四半期	当期第3四半期累計	連結	実績		1株当たり当期純利益	NetIncomePerShare	88.12	JPYPerShares	88.12	CurrentAccumulatedQ3Duration_ConsolidatedMember_ResultMember	/disc/18790/081220210212462155_tse-qcedjpsm-18790-20210212462155-ixbrl.htm
2021-02-12	四半期	前期第3四半期累計	連結	実績		1株当たり当期純利益	NetIncomePerShare	118.87	JPYPerShares	118.87	PriorAccumulatedQ3Duration_ConsolidatedMember_ResultMember	/disc/18790/081220210212462155_tse-qcedjpsm-18790-20210212462155-ixbrl.htm
2021-02-12	四半期	当期第3四半期累計	連結	実績		総資産	TotalAssets	118055000000	JPY	118,055	CurrentAccumulatedQ3Instant_ConsolidatedMember_ResultMember	/disc/18790/081220210212462155_tse-qcedjpsm-18790-20210212462155-ixbrl.htm
2021-02-12	四半期	当期第3四半期累計	連結	実績		純資産	NetAssets	77356000000	JPY	77,356	CurrentAccumulatedQ3Instant_ConsolidatedMember_ResultMember	/disc/18790/081220210212462155_tse-qcedjpsm-18790-20210212462155-ixbrl.htm
2021-02-12	四半期	当期第3四半期累計	連結	実績		自己資本比率	CapitalAdequacyRatio	0.655	Pure	65.5	CurrentAccumulatedQ3Instant_ConsolidatedMember_ResultMember	/disc/18790/081220210212462155_tse-qcedjpsm-18790-20210212462155-ixbrl.htm
2021-02-12	四半期	前期	連結	実績		総資産	TotalAssets	117031000000	JPY	117,031	PriorYearInstant_ConsolidatedMember_ResultMember	/disc/18790/081220210212462155_tse-qcedjpsm-18790-20210212462155-ixbrl.htm
2021-02-12	四半期	前期	連結	実績		純資産	NetAssets	73274000000	JPY	73,274	PriorYearInstant_ConsolidatedMember_ResultMember	/disc/18790/081220210212462155_tse-qcedjpsm-18790-20210212462155-ixbrl.htm
2021-02-12	四半期	前期	連結	実績		自己資本比率	CapitalAdequacyRatio	0.626	Pure	62.6	PriorYearInstant_ConsolidatedMember_ResultMember	/disc/18790/081220210212462155_tse-qcedjpsm-18790-20210212462155-ixbrl.htm
2021-02-12	四半期	当期第3四半期累計	連結	実績		自己資本	OwnersEquity	77356000000	JPY	77,356	CurrentAccumulatedQ3Instant_ConsolidatedMember_ResultMember	/disc/18790/081220210212462155_tse-qcedjpsm-18790-20210212462155-ixbrl.htm
2021-02-12	四半期	前期	連結	実績		自己資本	OwnersEquity	73274000000	JPY	73,274	PriorYearInstant_ConsolidatedMember_ResultMember	/disc/18790/081220210212462155_tse-qcedjpsm-18790-20210212462155-ixbrl.htm
2021-02-12	四半期	前期	単体	実績	第2四半期末	1株当たり配当金	DividendPerShare	9.00	JPYPerShares	9.00	PriorYearDuration_SecondQuarterMember_NonConsolidatedMember_ResultMember	/disc/18790/081220210212462155_tse-qcedjpsm-18790-20210212462155-ixbrl.htm
2021-02-12	四半期	前期	単体	実績	期末	1株当たり配当金	DividendPerShare	10.00	JPYPerShares	10.00	PriorYearDuration_YearEndMember_NonConsolidatedMember_ResultMember	/disc/18790/081220210212462155_tse-qcedjpsm-18790-20210212462155-ixbrl.htm
2021-02-12	四半期	前期	単体	実績	合計	1株当たり配当金	DividendPerShare	19.00	JPYPerShares	19.00	PriorYearDuration_AnnualMember_NonConsolidatedMember_ResultMember	/disc/18790/081220210212462155_tse-qcedjpsm-18790-20210212462155-ixbrl.htm
2021-02-12	四半期	当期	単体	実績	第2四半期末	1株当たり配当金	DividendPerShare	9.00	JPYPerShares	9.00	CurrentYearDuration_SecondQuarterMember_NonConsolidatedMember_ResultMember	/disc/18790/081220210212462155_tse-qcedjpsm-18790-20210212462155-ixbrl.htm
2021-02-12	四半期	当期	単体	予想	期末	1株当たり配当金	DividendPerShare	10.00	JPYPerShares	10.00	CurrentYearDuration_YearEndMember_NonConsolidatedMember_ForecastMember	/disc/18790/081220210212462155_tse-qcedjpsm-18790-20210212462155-ixbrl.htm
2021-02-12	四半期	当期	単体	予想	合計	1株当たり配当金	DividendPerShare	19.00	JPYPerShares	19.00	CurrentYearDuration_AnnualMember_NonConsolidatedMember_ForecastMember	/disc/18790/081220210212462155_tse-qcedjpsm-18790-20210212462155-ixbrl.htm
2021-02-12	四半期	当期	単体	実績	合計	当四半期における配当予想の修正	CorrectionOfDividendForecastInThisQuarter			無	CurrentYearDuration_AnnualMember_NonConsolidatedMember_ResultMember	/disc/18790/081220210212462155_tse-qcedjpsm-18790-20210212462155-ixbrl.htm
2021-02-12	四半期	当期	連結	予想		業績予想の見出し	TitleForForecasts			3. 2021年 3月期の連結業績予想（2020年 4月 1日～2021年 3月31日）	CurrentYearDuration_ConsolidatedMember_ForecastMember	/disc/18790/081220210212462155_tse-qcedjpsm-18790-20210212462155-ixbrl.htm
2021-02-12	四半期	当期	連結	予想		売上高	NetSales	103000000000	JPY	103,000	CurrentYearDuration_ConsolidatedMember_ForecastMember	/disc/18790/081220210212462155_tse-qcedjpsm-18790-20210212462155-ixbrl.htm
2021-02-12	四半期	当期	連結	予想		売上高の増減率	ChangeInNetSales	-0.085	Pure	8.5	CurrentYearDuration_ConsolidatedMember_ForecastMember	/disc/18790/081220210212462155_tse-qcedjpsm-18790-20210212462155-ixbrl.htm
2021-02-12	四半期	当期	連結	予想		営業利益	OperatingIncome	13800000000	JPY	13,800	CurrentYearDuration_ConsolidatedMember_ForecastMember	/disc/18790/081220210212462155_tse-qcedjpsm-18790-20210212462155-ixbrl.htm
2021-02-12	四半期	当期	連結	予想		営業利益の増減率	ChangeInOperatingIncome	-0.048	Pure	4.8	CurrentYearDuration_ConsolidatedMember_ForecastMember	/disc/18790/081220210212462155_tse-qcedjpsm-18790-20210212462155-ixbrl.htm
2021-02-12	四半期	当期	連結	予想		経常利益	OrdinaryIncome	13800000000	JPY	13,800	CurrentYearDuration_ConsolidatedMember_ForecastMember	/disc/18790/081220210212462155_tse-qcedjpsm-18790-20210212462155-ixbrl.htm
2021-02-12	四半期	当期	連結	予想		経常利益の増減率	ChangeInOrdinaryIncome	-0.055	Pure	5.5	CurrentYearDuration_ConsolidatedMember_ForecastMember	/disc/18790/081220210212462155_tse-qcedjpsm-18790-20210212462155-ixbrl.htm
2021-02-12	四半期	当期	連結	予想		親会社株主に帰属する当期純利益	ProfitAttributableToOwnersOfParent	9500000000	JPY	9,500	CurrentYearDuration_ConsolidatedMember_ForecastMember	/disc/18790/081220210212462155_tse-qcedjpsm-18790-20210212462155-ixbrl.htm
2021-02-12	四半期	当期	連結	予想		親会社株主に帰属する当期純利益の増減率	ChangeInProfitAttributableToOwnersOfParent	-0.099	Pure	9.9	CurrentYearDuration_ConsolidatedMember_ForecastMember	/disc/18790/081220210212462155_tse-qcedjpsm-18790-20210212462155-ixbrl.htm
2021-02-12	四半期	当期	連結	予想		1株当たり当期純利益	NetIncomePerShare	162.50	JPYPerShares	162.50	CurrentYearDuration_ConsolidatedMember_ForecastMember	/disc/18790/081220210212462155_tse-qcedjpsm-18790-20210212462155-ixbrl.htm
2021-02-12	四半期	当期	連結	予想		当四半期における業績予想の修正	CorrectionOfConsolidatedFinancialForecastInThisQuarter			無	CurrentYearDuration_ConsolidatedMember_ForecastMember	/disc/18790/081220210212462155_tse-qcedjpsm-18790-20210212462155-ixbrl.htm
2021-02-12	四半期	当期第3四半期累計	連結	実績			MaterialChangesInSubsidiariesDuringThisPeriodChangesInScopeOfConsolidationsResultingFromChangeIsSubsidiaries			無	CurrentAccumulatedQ3Duration_ConsolidatedMember_ResultMember	/disc/18790/081220210212462155_tse-qcedjpsm-18790-20210212462155-ixbrl.htm
2021-02-12	四半期	当期第3四半期累計	連結	実績			ApplyingOfSpecificAccountingOfTheConsolidatedQuarterlyFinancialStatements			無	CurrentAccumulatedQ3Duration_ConsolidatedMember_ResultMember	/disc/18790/081220210212462155_tse-qcedjpsm-18790-20210212462155-ixbrl.htm
2021-02-12	四半期	当期第3四半期累計	連結	実績		会計基準等の改正に伴う変更	ChangesBasedOnRevisionsOfAccountingStandard			無	CurrentAccumulatedQ3Duration_ConsolidatedMember_ResultMember	/disc/18790/081220210212462155_tse-qcedjpsm-18790-20210212462155-ixbrl.htm
2021-02-12	四半期	当期第3四半期累計	連結	実績		それ以外の会計方針の変更	ChangesOtherThanOnesBasedOnRevisionsOfAccountingStandard			無	CurrentAccumulatedQ3Duration_ConsolidatedMember_ResultMember	/disc/18790/081220210212462155_tse-qcedjpsm-18790-20210212462155-ixbrl.htm
2021-02-12	四半期	当期第3四半期累計	連結	実績		会計上の見積りの変更	ChangesInAccountingEstimates			無	CurrentAccumulatedQ3Duration_ConsolidatedMember_ResultMember	/disc/18790/081220210212462155_tse-qcedjpsm-18790-20210212462155-ixbrl.htm
2021-02-12	四半期	当期第3四半期累計	連結	実績		修正再表示	RetrospectiveRestatement			無	CurrentAccumulatedQ3Duration_ConsolidatedMember_ResultMember	/disc/18790/081220210212462155_tse-qcedjpsm-18790-20210212462155-ixbrl.htm
2021-02-12	四半期	当期第3四半期累計	単体	実績		期末発行済株式数(自己株式を含む)	NumberOfIssuedAndOutstandingSharesAtTheEndOfFiscalYearIncludingTreasuryStock	61360720	Shares	61,360,720	CurrentAccumulatedQ3Instant_NonConsolidatedMember_ResultMember	/disc/18790/081220210212462155_tse-qcedjpsm-18790-20210212462155-ixbrl.htm
2021-02-12	四半期	前期	単体	実績		期末発行済株式数(自己株式を含む)	NumberOfIssuedAndOutstandingSharesAtTheEndOfFiscalYearIncludingTreasuryStock	61360720	Shares	61,360,720	PriorYearInstant_NonConsolidatedMember_ResultMember	/disc/18790/081220210212462155_tse-qcedjpsm-18790-20210212462155-ixbrl.htm
2021-02-12	四半期	当期第3四半期累計	単体	実績		期末自己株式数	NumberOfTreasuryStockAtTheEndOfFiscalYear	2900218	Shares	2,900,218	CurrentAccumulatedQ3Instant_NonConsolidatedMember_ResultMember	/disc/18790/081220210212462155_tse-qcedjpsm-18790-20210212462155-ixbrl.htm
2021-02-12	四半期	前期	単体	実績		期末自己株式数	NumberOfTreasuryStockAtTheEndOfFiscalYear	2900030	Shares	2,900,030	PriorYearInstant_NonConsolidatedMember_ResultMember	/disc/18790/081220210212462155_tse-qcedjpsm-18790-20210212462155-ixbrl.htm
2021-02-12	四半期	当期第3四半期累計	単体	実績		期中平均株式数	AverageNumberOfShares	58460654	Shares	58,460,654	CurrentAccumulatedQ3Duration_NonConsolidatedMember_ResultMember	/disc/18790/081220210212462155_tse-qcedjpsm-18790-20210212462155-ixbrl.htm
2021-02-12	四半期	前期第3四半期累計	単体	実績		期中平均株式数	AverageNumberOfShares	58460915	Shares	58,460,915	PriorAccumulatedQ3Duration_NonConsolidatedMember_ResultMember	/disc/18790/081220210212462155_tse-qcedjpsm-18790-20210212462155-ixbrl.htm
2021-02-12	四半期	当期				将来情報の利用に関する注意	NotesForUsingForecastedInformationAndOthers			本資料に記載されている業績見通し等の将来に関する記述は、当社が現在入手している情報及び合理的であると判断する一定の前提に基づいており、その達成を当社として約束する趣旨のものではありません。また、実際の業績等は様々な要因により大きく異なる可能性があります。	CurrentYearDuration	/disc/18790/081220210212462155_tse-qcedjpsm-18790-20210212462155-ixbrl.htm
2021-02-12	四半期	当期				決算期末	FiscalYearEnd			2021-03-31	CurrentYearInstant	/disc/18790/081220210212462155_tse-qcedjpsm-18790-20210212462155-ixbrl.htm
2021-02-12	四半期	当期第3四半期累計				四半期	QuarterlyPeriod	3	Pure	3	CurrentAccumulatedQ3Instant	/disc/18790/081220210212462155_tse-qcedjpsm-18790-20210212462155-ixbrl.htm
2021-05-14	年次	当期				書類名	DocumentName			決算短信〔日本基準〕（連結）	CurrentYearInstant	/disc/18790/081220210512412794_tse-acedjpsm-18790-20210512412794-ixbrl.htm
2021-05-14	年次	当期				提出日	FilingDate			2021年5月14日	CurrentYearInstant	/disc/18790/081220210512412794_tse-acedjpsm-18790-20210512412794-ixbrl.htm
2021-05-14	年次	当期				会社名	CompanyName			新日本建設株式会社	CurrentYearInstant	/disc/18790/081220210512412794_tse-acedjpsm-18790-20210512412794-ixbrl.htm
2021-05-14	年次	当期					TokyoStockExchange			東	CurrentYearInstant	/disc/18790/081220210512412794_tse-acedjpsm-18790-20210512412794-ixbrl.htm
2021-05-14	年次	当期				証券コード	SecuritiesCode			18790	CurrentYearInstant	/disc/18790/081220210512412794_tse-acedjpsm-18790-20210512412794-ixbrl.htm
2021-05-14	年次	当期				URL	URL			http://www.shinnihon-c.co.jp/	CurrentYearInstant	/disc/18790/081220210512412794_tse-acedjpsm-18790-20210512412794-ixbrl.htm
2021-05-14	年次	当期				代表者の役職	TitleRepresentative			代表取締役社長	CurrentYearInstant	/disc/18790/081220210512412794_tse-acedjpsm-18790-20210512412794-ixbrl.htm
2021-05-14	年次	当期				代表者名	NameRepresentative			高見 克司	CurrentYearInstant	/disc/18790/081220210512412794_tse-acedjpsm-18790-20210512412794-ixbrl.htm
2021-05-14	年次	当期					TitleInquiries			取締役常務執行役員管理本部長	CurrentYearInstant	/disc/18790/081220210512412794_tse-acedjpsm-18790-20210512412794-ixbrl.htm
2021-05-14	年次	当期					NameInquiries			高橋 苗樹	CurrentYearInstant	/disc/18790/081220210512412794_tse-acedjpsm-18790-20210512412794-ixbrl.htm
2021-05-14	年次	当期					Tel			043-213-1111	CurrentYearInstant	/disc/18790/081220210512412794_tse-acedjpsm-18790-20210512412794-ixbrl.htm
2021-05-14	年次	当期					DateOfGeneralShareholdersMeetingAsPlanned			2021年6月29日	CurrentYearInstant	/disc/18790/081220210512412794_tse-acedjpsm-18790-20210512412794-ixbrl.htm
2021-05-14	年次	当期					DividendPayableDateAsPlanned			2021年6月30日	CurrentYearInstant	/disc/18790/081220210512412794_tse-acedjpsm-18790-20210512412794-ixbrl.htm
2021-05-14	年次	当期					AnnualSecuritiesReportFilingDateAsPlanned			2021年6月29日	CurrentYearInstant	/disc/18790/081220210512412794_tse-acedjpsm-18790-20210512412794-ixbrl.htm
2021-05-14	年次	当期					SupplementalMaterialOfAnnualResults			有	CurrentYearInstant	/disc/18790/081220210512412794_tse-acedjpsm-18790-20210512412794-ixbrl.htm
2021-05-14	年次	当期					ConveningBriefingOfAnnualResults			無	CurrentYearInstant	/disc/18790/081220210512412794_tse-acedjpsm-18790-20210512412794-ixbrl.htm
2021-05-14	年次	当期					NoteToFractionProcessingMethod			（百万円未満切捨て）	CurrentYearInstant	/disc/18790/081220210512412794_tse-acedjpsm-18790-20210512412794-ixbrl.htm
2021-05-14	年次	当期	連結	実績		売上高	NetSales	101785000000	JPY	101,785	CurrentYearDuration_ConsolidatedMember_ResultMember	/disc/18790/081220210512412794_tse-acedjpsm-18790-20210512412794-ixbrl.htm
2021-05-14	年次	当期	連結	実績		売上高の増減率	ChangeInNetSales	-0.096	Pure	9.6	CurrentYearDuration_ConsolidatedMember_ResultMember	/disc/18790/081220210512412794_tse-acedjpsm-18790-20210512412794-ixbrl.htm
2021-05-14	年次	当期	連結	実績		営業利益	OperatingIncome	13904000000	JPY	13,904	CurrentYearDuration_ConsolidatedMember_ResultMember	/disc/18790/081220210512412794_tse-acedjpsm-18790-20210512412794-ixbrl.htm
2021-05-14	年次	当期	連結	実績		営業利益の増減率	ChangeInOperatingIncome	-0.041	Pure	4.1	CurrentYearDuration_ConsolidatedMember_ResultMember	/disc/18790/081220210512412794_tse-acedjpsm-18790-20210512412794-ixbrl.htm
2021-05-14	年次	当期	連結	実績		経常利益	OrdinaryIncome	13932000000	JPY	13,932	CurrentYearDuration_ConsolidatedMember_ResultMember	/disc/18790/081220210512412794_tse-acedjpsm-18790-20210512412794-ixbrl.htm
2021-05-14	年次	当期	連結	実績		経常利益の増減率	ChangeInOrdinaryIncome	-0.046	Pure	4.6	CurrentYearDuration_ConsolidatedMember_ResultMember	/disc/18790/081220210512412794_tse-acedjpsm-18790-20210512412794-ixbrl.htm
2021-05-14	年次	当期	連結	実績		親会社株主に帰属する当期純利益	ProfitAttributableToOwnersOfParent	9630000000	JPY	9,630	CurrentYearDuration_ConsolidatedMember_ResultMember	/disc/18790/081220210512412794_tse-acedjpsm-18790-20210512412794-ixbrl.htm
2021-05-14	年次	当期	連結	実績		親会社株主に帰属する当期純利益の増減率	ChangeInProfitAttributableToOwnersOfParent	-0.086	Pure	8.6	CurrentYearDuration_ConsolidatedMember_ResultMember	/disc/18790/081220210512412794_tse-acedjpsm-18790-20210512412794-ixbrl.htm
2021-05-14	年次	前期	連結	実績		売上高	NetSales	112542000000	JPY	112,542	PriorYearDuration_ConsolidatedMember_ResultMember	/disc/18790/081220210512412794_tse-acedjpsm-18790-20210512412794-ixbrl.htm
2021-05-14	年次	前期	連結	実績		売上高の増減率	ChangeInNetSales	0.090	Pure	9.0	PriorYearDuration_ConsolidatedMember_ResultMember	/disc/18790/081220210512412794_tse-acedjpsm-18790-20210512412794-ixbrl.htm
2021-05-14	年次	前期	連結	実績		営業利益	OperatingIncome	14501000000	JPY	14,501	PriorYearDuration_ConsolidatedMember_ResultMember	/disc/18790/081220210512412794_tse-acedjpsm-18790-20210512412794-ixbrl.htm
2021-05-14	年次	前期	連結	実績		営業利益の増減率	ChangeInOperatingIncome	-0.011	Pure	1.1	PriorYearDuration_ConsolidatedMember_ResultMember	/disc/18790/081220210512412794_tse-acedjpsm-18790-20210512412794-ixbrl.htm
2021-05-14	年次	前期	連結	実績		経常利益	OrdinaryIncome	14601000000	JPY	14,601	PriorYearDuration_ConsolidatedMember_ResultMember	/disc/18790/081220210512412794_tse-acedjpsm-18790-20210512412794-ixbrl.htm
2021-05-14	年次	前期	連結	実績		経常利益の増減率	ChangeInOrdinaryIncome	0.004	Pure	0.4	PriorYearDuration_ConsolidatedMember_ResultMember	/disc/18790/081220210512412794_tse-acedjpsm-18790-20210512412794-ixbrl.htm
2021-05-14	年次	前期	連結	実績		親会社株主に帰属する当期純利益	ProfitAttributableToOwnersOfParent	10539000000	JPY	10,539	PriorYearDuration_ConsolidatedMember_ResultMember	/disc/18790/081220210512412794_tse-acedjpsm-18790-20210512412794-ixbrl.htm
2021-05-14	年次	前期	連結	実績		親会社株主に帰属する当期純利益の増減率	ChangeInProfitAttributableToOwnersOfParent	0.047	Pure	4.7	PriorYearDuration_ConsolidatedMember_ResultMember	/disc/18790/081220210512412794_tse-acedjpsm-18790-20210512412794-ixbrl.htm
2021-05-14	年次	当期	連結	実績		包括利益	ComprehensiveIncome	9738000000	JPY	9,738	CurrentYearDuration_ConsolidatedMember_ResultMember	/disc/18790/081220210512412794_tse-acedjpsm-18790-20210512412794-ixbrl.htm
2021-05-14	年次	当期	連結	実績		包括利益の増減率	ChangeInComprehensiveIncome	-0.073	Pure	7.3	CurrentYearDuration_ConsolidatedMember_ResultMember	/disc/18790/081220210512412794_tse-acedjpsm-18790-20210512412794-ixbrl.htm
2021-05-14	年次	前期	連結	実績		包括利益	ComprehensiveIncome	10506000000	JPY	10,506	PriorYearDuration_ConsolidatedMember_ResultMember	/disc/18790/081220210512412794_tse-acedjpsm-18790-20210512412794-ixbrl.htm
2021-05-14	年次	前期	連結	実績		包括利益の増減率	ChangeInComprehensiveIncome	0.087	Pure	8.7	PriorYearDuration_ConsolidatedMember_ResultMember	/disc/18790/081220210512412794_tse-acedjpsm-18790-20210512412794-ixbrl.htm
2021-05-14	年次	当期	連結	実績		1株当たり当期純利益	NetIncomePerShare	164.73	JPYPerShares	164.73	CurrentYearDuration_ConsolidatedMember_ResultMember	/disc/18790/081220210512412794_tse-acedjpsm-18790-20210512412794-ixbrl.htm
2021-05-14	年次	当期	連結	実績		自己資本当期純利益率(ROE)	NetIncomeToShareholdersEquityRatio	0.124	Pure	12.4	CurrentYearDuration_ConsolidatedMember_ResultMember	/disc/18790/081220210512412794_tse-acedjpsm-18790-20210512412794-ixbrl.htm
2021-05-14	年次	当期	連結	実績		総資産経常利益率(ROA)	OrdinaryIncomeToTotalAssetsRatio	0.114	Pure	11.4	CurrentYearDuration_ConsolidatedMember_ResultMember	/disc/18790/081220210512412794_tse-acedjpsm-18790-20210512412794-ixbrl.htm
2021-05-14	年次	当期	連結	実績		売上高営業利益率	OperatingIncomeToNetSalesRatio	0.137	Pure	13.7	CurrentYearDuration_ConsolidatedMember_ResultMember	/disc/18790/081220210512412794_tse-acedjpsm-18790-20210512412794-ixbrl.htm
2021-05-14	年次	前期	連結	実績		1株当たり当期純利益	NetIncomePerShare	180.29	JPYPerShares	180.29	PriorYearDuration_ConsolidatedMember_ResultMember	/disc/18790/081220210512412794_tse-acedjpsm-18790-20210512412794-ixbrl.htm
2021-05-14	年次	前期	連結	実績		自己資本当期純利益率(ROE)	NetIncomeToShareholdersEquityRatio	0.154	Pure	15.4	PriorYearDuration_ConsolidatedMember_ResultMember	/disc/18790/081220210512412794_tse-acedjpsm-18790-20210512412794-ixbrl.htm
2021-05-14	年次	前期	連結	実績		総資産経常利益率(ROA)	OrdinaryIncomeToTotalAssetsRatio	0.131	Pure	13.1	PriorYearDuration_ConsolidatedMember_ResultMember	/disc/18790/081220210512412794_tse-acedjpsm-18790-20210512412794-ixbrl.htm
2021-05-14	年次	前期	連結	実績		売上高営業利益率	OperatingIncomeToNetSalesRatio	0.129	Pure	12.9	PriorYearDuration_ConsolidatedMember_ResultMember	/disc/18790/081220210512412794_tse-acedjpsm-18790-20210512412794-ixbrl.htm
2021-05-14	年次	当期	連結	実績		総資産	TotalAssets	126552000000	JPY	126,552	CurrentYearInstant_ConsolidatedMember_ResultMember	/disc/18790/081220210512412794_tse-acedjpsm-18790-20210512412794-ixbrl.htm
2021-05-14	年次	当期	連結	実績		純資産	NetAssets	81901000000	JPY	81,901	CurrentYearInstant_ConsolidatedMember_ResultMember	/disc/18790/081220210512412794_tse-acedjpsm-18790-20210512412794-ixbrl.htm
2021-05-14	年次	当期	連結	実績		自己資本比率	CapitalAdequacyRatio	0.647	Pure	64.7	CurrentYearInstant_ConsolidatedMember_ResultMember	/disc/18790/081220210512412794_tse-acedjpsm-18790-20210512412794-ixbrl.htm
2021-05-14	年次	当期	連結	実績		1株当たり純資産	NetAssetsPerShare	1400.97	JPYPerShares	1,400.97	CurrentYearInstant_ConsolidatedMember_ResultMember	/disc/18790/081220210512412794_tse-acedjpsm-18790-20210512412794-ixbrl.htm
2021-05-14	年次	前期	連結	実績		総資産	TotalAssets	117031000000	JPY	117,031	PriorYearInstant_ConsolidatedMember_ResultMember	/disc/18790/081220210512412794_tse-acedjpsm-18790-20210512412794-ixbrl.htm
2021-05-14	年次	前期	連結	実績		純資産	NetAssets	73274000000	JPY	73,274	PriorYearInstant_ConsolidatedMember_ResultMember	/disc/18790/081220210512412794_tse-acedjpsm-18790-20210512412794-ixbrl.htm
2021-05-14	年次	前期	連結	実績		自己資本比率	CapitalAdequacyRatio	0.626	Pure	62.6	PriorYearInstant_ConsolidatedMember_ResultMember	/disc/18790/081220210512412794_tse-acedjpsm-18790-20210512412794-ixbrl.htm
2021-05-14	年次	前期	連結	実績		1株当たり純資産	NetAssetsPerShare	1253.39	JPYPerShares	1,253.39	PriorYearInstant_ConsolidatedMember_ResultMember	/disc/18790/081220210512412794_tse-acedjpsm-18790-20210512412794-ixbrl.htm
2021-05-14	年次	当期	連結	実績		自己資本	OwnersEquity	81901000000	JPY	81,901	CurrentYearInstant_ConsolidatedMember_ResultMember	/disc/18790/081220210512412794_tse-acedjpsm-18790-20210512412794-ixbrl.htm
2021-05-14	年次	前期	連結	実績		自己資本	OwnersEquity	73274000000	JPY	73,274	PriorYearInstant_ConsolidatedMember_ResultMember	/disc/18790/081220210512412794_tse-acedjpsm-18790-20210512412794-ixbrl.htm
2021-05-14	年次	当期	連結	実績		営業キャッシュフロー	CashFlowsFromOperatingActivities	7005000000	JPY	7,005	CurrentYearDuration_ConsolidatedMember_ResultMember	/disc/18790/081220210512412794_tse-acedjpsm-18790-20210512412794-ixbrl.htm
2021-05-14	年次	当期	連結	実績		投資キャッシュフロー	CashFlowsFromInvestingActivities	-403000000	JPY	403	CurrentYearDuration_ConsolidatedMember_ResultMember	/disc/18790/081220210512412794_tse-acedjpsm-18790-20210512412794-ixbrl.htm
2021-05-14	年次	当期	連結	実績		財務キャッシュフロー	CashFlowsFromFinancingActivities	-1139000000	JPY	1,139	CurrentYearDuration_ConsolidatedMember_ResultMember	/disc/18790/081220210512412794_tse-acedjpsm-18790-20210512412794-ixbrl.htm
2021-05-14	年次	当期	連結	実績		現金及び現金同等物の期末残高	CashAndEquivalentsEndOfPeriod	62658000000	JPY	62,658	CurrentYearInstant_ConsolidatedMember_ResultMember	/disc/18790/081220210512412794_tse-acedjpsm-18790-20210512412794-ixbrl.htm
2021-05-14	年次	前期	連結	実績		営業キャッシュフロー	CashFlowsFromOperatingActivities	7200000000	JPY	7,200	PriorYearDuration_ConsolidatedMember_ResultMember	/disc/18790/081220210512412794_tse-acedjpsm-18790-20210512412794-ixbrl.htm
2021-05-14	年次	前期	連結	実績		投資キャッシュフロー	CashFlowsFromInvestingActivities	282000000	JPY	282	PriorYearDuration_ConsolidatedMember_ResultMember	/disc/18790/081220210512412794_tse-acedjpsm-18790-20210512412794-ixbrl.htm
2021-05-14	年次	前期	連結	実績		財務キャッシュフロー	CashFlowsFromFinancingActivities	-1135000000	JPY	1,135	PriorYearDuration_ConsolidatedMember_ResultMember	/disc/18790/081220210512412794_tse-acedjpsm-18790-20210512412794-ixbrl.htm
2021-05-14	年次	前期	連結	実績		現金及び現金同等物の期末残高	CashAndEquivalentsEndOfPeriod	57196000000	JPY	57,196	PriorYearInstant_ConsolidatedMember_ResultMember	/disc/18790/081220210512412794_tse-acedjpsm-18790-20210512412794-ixbrl.htm
2021-05-14	年次	前期	単体	実績	第2四半期末	1株当たり配当金	DividendPerShare	9.00	JPYPerShares	9.00	PriorYearDuration_SecondQuarterMember_NonConsolidatedMember_ResultMember	/disc/18790/081220210512412794_tse-acedjpsm-18790-20210512412794-ixbrl.htm
2021-05-14	年次	前期	単体	実績	期末	1株当たり配当金	DividendPerShare	10.00	JPYPerShares	10.00	PriorYearDuration_YearEndMember_NonConsolidatedMember_ResultMember	/disc/18790/081220210512412794_tse-acedjpsm-18790-20210512412794-ixbrl.htm
2021-05-14	年次	前期	単体	実績	合計	1株当たり配当金	DividendPerShare	19.00	JPYPerShares	19.00	PriorYearDuration_AnnualMember_NonConsolidatedMember_ResultMember	/disc/18790/081220210512412794_tse-acedjpsm-18790-20210512412794-ixbrl.htm
2021-05-14	年次	前期	単体	実績	合計	配当金総額	TotalDividendPaidAnnual	1110000000	JPY	1,110	PriorYearDuration_AnnualMember_NonConsolidatedMember_ResultMember	/disc/18790/081220210512412794_tse-acedjpsm-18790-20210512412794-ixbrl.htm
2021-05-14	年次	前期	連結	実績	合計	配当性向	PayoutRatio	0.105	Pure	10.5	PriorYearDuration_AnnualMember_ConsolidatedMember_ResultMember	/disc/18790/081220210512412794_tse-acedjpsm-18790-20210512412794-ixbrl.htm
2021-05-14	年次	前期	連結	実績	合計	純資産配当率	RatioOfTotalAmountOfDividendsToNetAssets	0.016	Pure	1.6	PriorYearDuration_AnnualMember_ConsolidatedMember_ResultMember	/disc/18790/081220210512412794_tse-acedjpsm-18790-20210512412794-ixbrl.htm
2021-05-14	年次	当期	単体	実績	第2四半期末	1株当たり配当金	DividendPerShare	9.00	JPYPerShares	9.00	CurrentYearDuration_SecondQuarterMember_NonConsolidatedMember_ResultMember	/disc/18790/081220210512412794_tse-acedjpsm-18790-20210512412794-ixbrl.htm
2021-05-14	年次	当期	単体	実績	期末	1株当たり配当金	DividendPerShare	10.00	JPYPerShares	10.00	CurrentYearDuration_YearEndMember_NonConsolidatedMember_ResultMember	/disc/18790/081220210512412794_tse-acedjpsm-18790-20210512412794-ixbrl.htm
2021-05-14	年次	当期	単体	実績	合計	1株当たり配当金	DividendPerShare	19.00	JPYPerShares	19.00	CurrentYearDuration_AnnualMember_NonConsolidatedMember_ResultMember	/disc/18790/081220210512412794_tse-acedjpsm-18790-20210512412794-ixbrl.htm
2021-05-14	年次	当期	単体	実績	合計	配当金総額	TotalDividendPaidAnnual	1110000000	JPY	1,110	CurrentYearDuration_AnnualMember_NonConsolidatedMember_ResultMember	/disc/18790/081220210512412794_tse-acedjpsm-18790-20210512412794-ixbrl.htm
2021-05-14	年次	当期	連結	実績	合計	配当性向	PayoutRatio	0.115	Pure	11.5	CurrentYearDuration_AnnualMember_ConsolidatedMember_ResultMember	/disc/18790/081220210512412794_tse-acedjpsm-18790-20210512412794-ixbrl.htm
2021-05-14	年次	当期	連結	実績	合計	純資産配当率	RatioOfTotalAmountOfDividendsToNetAssets	0.014	Pure	1.4	CurrentYearDuration_AnnualMember_ConsolidatedMember_ResultMember	/disc/18790/081220210512412794_tse-acedjpsm-18790-20210512412794-ixbrl.htm
2021-05-14	年次	来期	単体	予想	第2四半期末	1株当たり配当金	DividendPerShare	9.00	JPYPerShares	9.00	NextYearDuration_SecondQuarterMember_NonConsolidatedMember_ForecastMember	/disc/18790/081220210512412794_tse-acedjpsm-18790-20210512412794-ixbrl.htm
2021-05-14	年次	来期	単体	予想	期末	1株当たり配当金	DividendPerShare	10.00	JPYPerShares	10.00	NextYearDuration_YearEndMember_NonConsolidatedMember_ForecastMember	/disc/18790/081220210512412794_tse-acedjpsm-18790-20210512412794-ixbrl.htm
2021-05-14	年次	来期	単体	予想	合計	1株当たり配当金	DividendPerShare	19.00	JPYPerShares	19.00	NextYearDuration_AnnualMember_NonConsolidatedMember_ForecastMember	/disc/18790/081220210512412794_tse-acedjpsm-18790-20210512412794-ixbrl.htm
2021-05-14	年次	来期	連結	予想	合計	配当性向	PayoutRatio	0.111	Pure	11.1	NextYearDuration_AnnualMember_ConsolidatedMember_ForecastMember	/disc/18790/081220210512412794_tse-acedjpsm-18790-20210512412794-ixbrl.htm
2021-05-14	年次	来期	連結	予想		業績予想の見出し	TitleForForecasts			3. 2022年 3月期の連結業績予想（2021年 4月 1日～2022年 3月31日）	NextYearDuration_ConsolidatedMember_ForecastMember	/disc/18790/081220210512412794_tse-acedjpsm-18790-20210512412794-ixbrl.htm
2021-05-14	年次	来期	連結	予想		売上高	NetSales	110000000000	JPY	110,000	NextYearDuration_ConsolidatedMember_ForecastMember	/disc/18790/081220210512412794_tse-acedjpsm-18790-20210512412794-ixbrl.htm
2021-05-14	年次	来期	連結	予想		売上高の増減率	ChangeInNetSales	0.081	Pure	8.1	NextYearDuration_ConsolidatedMember_ForecastMember	/disc/18790/081220210512412794_tse-acedjpsm-18790-20210512412794-ixbrl.htm
2021-05-14	年次	来期	連結	予想		営業利益	OperatingIncome	14300000000	JPY	14,300	NextYearDuration_ConsolidatedMember_ForecastMember	/disc/18790/081220210512412794_tse-acedjpsm-18790-20210512412794-ixbrl.htm
2021-05-14	年次	来期	連結	予想		営業利益の増減率	ChangeInOperatingIncome	0.028	Pure	2.8	NextYearDuration_ConsolidatedMember_ForecastMember	/disc/18790/081220210512412794_tse-acedjpsm-18790-20210512412794-ixbrl.htm
2021-05-14	年次	来期	連結	予想		経常利益	OrdinaryIncome	14300000000	JPY	14,300	NextYearDuration_ConsolidatedMember_ForecastMember	/disc/18790/081220210512412794_tse-acedjpsm-18790-20210512412794-ixbrl.htm
2021-05-14	年次	来期	連結	予想		経常利益の増減率	ChangeInOrdinaryIncome	0.026	Pure	2.6	NextYearDuration_ConsolidatedMember_ForecastMember	/disc/18790/081220210512412794_tse-acedjpsm-18790-20210512412794-ixbrl.htm
2021-05-14	年次	来期	連結	予想		当期純利益	NetIncome	10000000000	JPY	10,000	NextYearDuration_ConsolidatedMember_ForecastMember	/disc/18790/081220210512412794_tse-acedjpsm-18790-20210512412794-ixbrl.htm
2021-05-14	年次	来期	連結	予想		当期純利益の増減率	ChangeInNetIncome	0.038	Pure	3.8	NextYearDuration_ConsolidatedMember_ForecastMember	/disc/18790/081220210512412794_tse-acedjpsm-18790-20210512412794-ixbrl.htm
2021-05-14	年次	来期	連結	予想		1株当たり当期純利益	NetIncomePerShare	171.06	JPYPerShares	171.06	NextYearDuration_ConsolidatedMember_ForecastMember	/disc/18790/081220210512412794_tse-acedjpsm-18790-20210512412794-ixbrl.htm
2021-05-14	年次	当期	連結	実績			MaterialChangesInSubsidiariesDuringThisPeriodChangesInScopeOfConsolidationsResultingFromChangeIsSubsidiaries			無	CurrentYearDuration_ConsolidatedMember_ResultMember	/disc/18790/081220210512412794_tse-acedjpsm-18790-20210512412794-ixbrl.htm
2021-05-14	年次	当期	連結	実績		会計基準等の改正に伴う変更	ChangesBasedOnRevisionsOfAccountingStandard			無	CurrentYearDuration_ConsolidatedMember_ResultMember	/disc/18790/081220210512412794_tse-acedjpsm-18790-20210512412794-ixbrl.htm
2021-05-14	年次	当期	連結	実績		それ以外の会計方針の変更	ChangesOtherThanOnesBasedOnRevisionsOfAccountingStandard			無	CurrentYearDuration_ConsolidatedMember_ResultMember	/disc/18790/081220210512412794_tse-acedjpsm-18790-20210512412794-ixbrl.htm
2021-05-14	年次	当期	連結	実績		会計上の見積りの変更	ChangesInAccountingEstimates			無	CurrentYearDuration_ConsolidatedMember_ResultMember	/disc/18790/081220210512412794_tse-acedjpsm-18790-20210512412794-ixbrl.htm
2021-05-14	年次	当期	連結	実績		修正再表示	RetrospectiveRestatement			無	CurrentYearDuration_ConsolidatedMember_ResultMember	/disc/18790/081220210512412794_tse-acedjpsm-18790-20210512412794-ixbrl.htm
2021-05-14	年次	当期	単体	実績		期末発行済株式数(自己株式を含む)	NumberOfIssuedAndOutstandingSharesAtTheEndOfFiscalYearIncludingTreasuryStock	61360720	Shares	61,360,720	CurrentYearInstant_NonConsolidatedMember_ResultMember	/disc/18790/081220210512412794_tse-acedjpsm-18790-20210512412794-ixbrl.htm
2021-05-14	年次	前期	単体	実績		期末発行済株式数(自己株式を含む)	NumberOfIssuedAndOutstandingSharesAtTheEndOfFiscalYearIncludingTreasuryStock	61360720	Shares	61,360,720	PriorYearInstant_NonConsolidatedMember_ResultMember	/disc/18790/081220210512412794_tse-acedjpsm-18790-20210512412794-ixbrl.htm
2021-05-14	年次	当期	単体	実績		期末自己株式数	NumberOfTreasuryStockAtTheEndOfFiscalYear	2900430	Shares	2,900,430	CurrentYearInstant_NonConsolidatedMember_ResultMember	/disc/18790/081220210512412794_tse-acedjpsm-18790-20210512412794-ixbrl.htm
2021-05-14	年次	前期	単体	実績		期末自己株式数	NumberOfTreasuryStockAtTheEndOfFiscalYear	2900030	Shares	2,900,030	PriorYearInstant_NonConsolidatedMember_ResultMember	/disc/18790/081220210512412794_tse-acedjpsm-18790-20210512412794-ixbrl.htm
2021-05-14	年次	当期	単体	実績		期中平均株式数	AverageNumberOfShares	58460579	Shares	58,460,579	CurrentYearDuration_NonConsolidatedMember_ResultMember	/disc/18790/081220210512412794_tse-acedjpsm-18790-20210512412794-ixbrl.htm
2021-05-14	年次	前期	単体	実績		期中平均株式数	AverageNumberOfShares	58460866	Shares	58,460,866	PriorYearDuration_NonConsolidatedMember_ResultMember	/disc/18790/081220210512412794_tse-acedjpsm-18790-20210512412794-ixbrl.htm
2021-05-14	年次	当期	単体	実績		売上高	NetSales	89391000000	JPY	89,391	CurrentYearDuration_NonConsolidatedMember_ResultMember	/disc/18790/081220210512412794_tse-acedjpsm-18790-20210512412794-ixbrl.htm
2021-05-14	年次	当期	単体	実績		売上高の増減率	ChangeInNetSales	-0.105	Pure	10.5	CurrentYearDuration_NonConsolidatedMember_ResultMember	/disc/18790/081220210512412794_tse-acedjpsm-18790-20210512412794-ixbrl.htm
2021-05-14	年次	当期	単体	実績		営業利益	OperatingIncome	12804000000	JPY	12,804	CurrentYearDuration_NonConsolidatedMember_ResultMember	/disc/18790/081220210512412794_tse-acedjpsm-18790-20210512412794-ixbrl.htm
2021-05-14	年次	当期	単体	実績		営業利益の増減率	ChangeInOperatingIncome	-0.052	Pure	5.2	CurrentYearDuration_NonConsolidatedMember_ResultMember	/disc/18790/081220210512412794_tse-acedjpsm-18790-20210512412794-ixbrl.htm
2021-05-14	年次	当期	単体	実績		経常利益	OrdinaryIncome	13251000000	JPY	13,251	CurrentYearDuration_NonConsolidatedMember_ResultMember	/disc/18790/081220210512412794_tse-acedjpsm-18790-20210512412794-ixbrl.htm
2021-05-14	年次	当期	単体	実績		経常利益の増減率	ChangeInOrdinaryIncome	-0.055	Pure	5.5	CurrentYearDuration_NonConsolidatedMember_ResultMember	/disc/18790/081220210512412794_tse-acedjpsm-18790-20210512412794-ixbrl.htm
2021-05-14	年次	当期	単体	実績		当期純利益	NetIncome	9316000000	JPY	9,316	CurrentYearDuration_NonConsolidatedMember_ResultMember	/disc/18790/081220210512412794_tse-acedjpsm-18790-20210512412794-ixbrl.htm
2021-05-14	年次	当期	単体	実績		当期純利益の増減率	ChangeInNetIncome	-0.095	Pure	9.5	CurrentYearDuration_NonConsolidatedMember_ResultMember	/disc/18790/081220210512412794_tse-acedjpsm-18790-20210512412794-ixbrl.htm
2021-05-14	年次	前期	単体	実績		売上高	NetSales	99841000000	JPY	99,841	PriorYearDuration_NonConsolidatedMember_ResultMember	/disc/18790/081220210512412794_tse-acedjpsm-18790-20210512412794-ixbrl.htm
2021-05-14	年次	前期	単体	実績		売上高の増減率	ChangeInNetSales	0.126	Pure	12.6	PriorYearDuration_NonConsolidatedMember_ResultMember	/disc/18790/081220210512412794_tse-acedjpsm-18790-20210512412794-ixbrl.htm
2021-05-14	年次	前期	単体	実績		営業利益	OperatingIncome	13505000000	JPY	13,505	PriorYearDuration_NonConsolidatedMember_ResultMember	/disc/18790/081220210512412794_tse-acedjpsm-18790-20210512412794-ixbrl.htm
2021-05-14	年次	前期	単体	実績		営業利益の増減率	ChangeInOperatingIncome	0.015	Pure	1.5	PriorYearDuration_NonConsolidatedMember_ResultMember	/disc/18790/081220210512412794_tse-acedjpsm-18790-20210512412794-ixbrl.htm
2021-05-14	年次	前期	単体	実績		経常利益	OrdinaryIncome	14023000000	JPY	14,023	PriorYearDuration_NonConsolidatedMember_ResultMember	/disc/18790/081220210512412794_tse-acedjpsm-18790-20210512412794-ixbrl.htm
2021-05-14	年次	前期	単体	実績		経常利益の増減率	ChangeInOrdinaryIncome	-0.003	Pure	0.3	PriorYearDuration_NonConsolidatedMember_ResultMember	/disc/18790/081220210512412794_tse-acedjpsm-18790-20210512412794-ixbrl.htm
2021-05-14	年次	前期	単体	実績		当期純利益	NetIncome	10297000000	JPY	10,297	PriorYearDuration_NonConsolidatedMember_ResultMember	/disc/18790/081220210512412794_tse-acedjpsm-18790-20210512412794-ixbrl.htm
2021-05-14	年次	前期	単体	実績		当期純利益の増減率	ChangeInNetIncome	0.057	Pure	5.7	PriorYearDuration_NonConsolidatedMember_ResultMember	/disc/18790/081220210512412794_tse-acedjpsm-18790-20210512412794-ixbrl.htm
2021-05-14	年次	当期	単体	実績		1株当たり当期純利益	NetIncomePerShare	159.37	JPYPerShares	159.37	CurrentYearDuration_NonConsolidatedMember_ResultMember	/disc/18790/081220210512412794_tse-acedjpsm-18790-20210512412794-ixbrl.htm
2021-05-14	年次	前期	単体	実績		1株当たり当期純利益	NetIncomePerShare	176.14	JPYPerShares	176.14	PriorYearDuration_NonConsolidatedMember_ResultMember	/disc/18790/081220210512412794_tse-acedjpsm-18790-20210512412794-ixbrl.htm
2021-05-14	年次	当期	単体	実績		総資産	TotalAssets	116991000000	JPY	116,991	CurrentYearInstant_NonConsolidatedMember_ResultMember	/disc/18790/081220210512412794_tse-acedjpsm-18790-20210512412794-ixbrl.htm
2021-05-14	年次	当期	単体	実績		純資産	NetAssets	77599000000	JPY	77,599	CurrentYearInstant_NonConsolidatedMember_ResultMember	/disc/18790/081220210512412794_tse-acedjpsm-18790-20210512412794-ixbrl.htm
2021-05-14	年次	当期	単体	実績		自己資本比率	CapitalAdequacyRatio	0.663	Pure	66.3	CurrentYearInstant_NonConsolidatedMember_ResultMember	/disc/18790/081220210512412794_tse-acedjpsm-18790-20210512412794-ixbrl.htm
2021-05-14	年次	当期	単体	実績		1株当たり純資産	NetAssetsPerShare	1327.39	JPYPerShares	1,327.39	CurrentYearInstant_NonConsolidatedMember_ResultMember	/disc/18790/081220210512412794_tse-acedjpsm-18790-20210512412794-ixbrl.htm
2021-05-14	年次	前期	単体	実績		総資産	TotalAssets	108895000000	JPY	108,895	PriorYearInstant_NonConsolidatedMember_ResultMember	/disc/18790/081220210512412794_tse-acedjpsm-18790-20210512412794-ixbrl.htm
2021-05-14	年次	前期	単体	実績		純資産	NetAssets	69273000000	JPY	69,273	PriorYearInstant_NonConsolidatedMember_ResultMember	/disc/18790/081220210512412794_tse-acedjpsm-18790-20210512412794-ixbrl.htm
2021-05-14	年次	前期	単体	実績		自己資本比率	CapitalAdequacyRatio	0.636	Pure	63.6	PriorYearInstant_NonConsolidatedMember_ResultMember	/disc/18790/081220210512412794_tse-acedjpsm-18790-20210512412794-ixbrl.htm
2021-05-14	年次	前期	単体	実績		1株当たり純資産	NetAssetsPerShare	1184.96	JPYPerShares	1,184.96	PriorYearInstant_NonConsolidatedMember_ResultMember	/disc/18790/081220210512412794_tse-acedjpsm-18790-20210512412794-ixbrl.htm
2021-05-14	年次	当期	単体	実績		自己資本	OwnersEquity	77599000000	JPY	77,599	CurrentYearInstant_NonConsolidatedMember_ResultMember	/disc/18790/081220210512412794_tse-acedjpsm-18790-20210512412794-ixbrl.htm
2021-05-14	年次	前期	単体	実績		自己資本	OwnersEquity	69273000000	JPY	69,273	PriorYearInstant_NonConsolidatedMember_ResultMember	/disc/18790/081220210512412794_tse-acedjpsm-18790-20210512412794-ixbrl.htm
2021-05-14	年次	来期				将来情報の利用に関する注意	NotesForUsingForecastedInformationAndOthers			本資料に掲載されている業績予想等の将来に関する記述は、発表日現在で当社が入手可能な情報及び合理的であると判断する一定の前提に基づいて作成したものであります。実際の業績は今後様々な要因によって予想値と異なる場合があります。なお、上記予想については、添付資料P.3「１．経営成績等の概況（4）今後の見通し」をご覧ください。	NextYearDuration	/disc/18790/081220210512412794_tse-acedjpsm-18790-20210512412794-ixbrl.htm
2021-05-14	年次	当期				決算期末	FiscalYearEnd			2021-03-31	CurrentYearInstant	/disc/18790/081220210512412794_tse-acedjpsm-18790-20210512412794-ixbrl.htm
2021-08-06	四半期	当期第1四半期累計				書類名	DocumentName			第1四半期決算短信〔日本基準〕（連結）	CurrentAccumulatedQ1Instant	/disc/18790/081220210805479102_tse-qcedjpsm-18790-20210805479102-ixbrl.htm
2021-08-06	四半期	当期第1四半期累計				提出日	FilingDate			2021年8月6日	CurrentAccumulatedQ1Instant	/disc/18790/081220210805479102_tse-qcedjpsm-18790-20210805479102-ixbrl.htm
2021-08-06	四半期	当期第1四半期累計				会社名	CompanyName			新日本建設株式会社	CurrentAccumulatedQ1Instant	/disc/18790/081220210805479102_tse-qcedjpsm-18790-20210805479102-ixbrl.htm
2021-08-06	四半期	当期第1四半期累計					TokyoStockExchange			東	CurrentAccumulatedQ1Instant	/disc/18790/081220210805479102_tse-qcedjpsm-18790-20210805479102-ixbrl.htm
2021-08-06	四半期	当期第1四半期累計				証券コード	SecuritiesCode			18790	CurrentAccumulatedQ1Instant	/disc/18790/081220210805479102_tse-qcedjpsm-18790-20210805479102-ixbrl.htm
2021-08-06	四半期	当期第1四半期累計				URL	URL			http://www.shinnihon-c.co.jp/	CurrentAccumulatedQ1Instant	/disc/18790/081220210805479102_tse-qcedjpsm-18790-20210805479102-ixbrl.htm
2021-08-06	四半期	当期第1四半期累計				代表者の役職	TitleRepresentative			代表取締役社長	CurrentAccumulatedQ1Instant	/disc/18790/081220210805479102_tse-qcedjpsm-18790-20210805479102-ixbrl.htm
2021-08-06	四半期	当期第1四半期累計				代表者名	NameRepresentative			高見 克司	CurrentAccumulatedQ1Instant	/disc/18790/081220210805479102_tse-qcedjpsm-18790-20210805479102-ixbrl.htm
2021-08-06	四半期	当期第1四半期累計					TitleInquiries			取締役常務執行役員管理本部長	CurrentAccumulatedQ1Instant	/disc/18790/081220210805479102_tse-qcedjpsm-18790-20210805479102-ixbrl.htm
2021-08-06	四半期	当期第1四半期累計					NameInquiries			高橋 苗樹	CurrentAccumulatedQ1Instant	/disc/18790/081220210805479102_tse-qcedjpsm-18790-20210805479102-ixbrl.htm
2021-08-06	四半期	当期第1四半期累計					Tel			043-213-1111	CurrentAccumulatedQ1Instant	/disc/18790/081220210805479102_tse-qcedjpsm-18790-20210805479102-ixbrl.htm
2021-08-06	四半期	当期第1四半期累計					QuarterlyStatementFilingDateAsPlanned			2021年8月6日	CurrentAccumulatedQ1Instant	/disc/18790/081220210805479102_tse-qcedjpsm-18790-20210805479102-ixbrl.htm
2021-08-06	四半期	当期第1四半期累計					SupplementalMaterialOfQuarterlyResults			無	CurrentAccumulatedQ1Instant	/disc/18790/081220210805479102_tse-qcedjpsm-18790-20210805479102-ixbrl.htm
2021-08-06	四半期	当期第1四半期累計					ConveningBriefingOfQuarterlyResults			無	CurrentAccumulatedQ1Instant	/disc/18790/081220210805479102_tse-qcedjpsm-18790-20210805479102-ixbrl.htm
2021-08-06	四半期	当期第1四半期累計					NoteToFractionProcessingMethod			（百万円未満切捨て）	CurrentAccumulatedQ1Instant	/disc/18790/081220210805479102_tse-qcedjpsm-18790-20210805479102-ixbrl.htm
2021-08-06	四半期	当期第1四半期累計	連結	実績		売上高	NetSales	16300000000	JPY	16,300	CurrentAccumulatedQ1Duration_ConsolidatedMember_ResultMember	/disc/18790/081220210805479102_tse-qcedjpsm-18790-20210805479102-ixbrl.htm
2021-08-06	四半期	当期第1四半期累計	連結	実績		売上高の増減率	ChangeInNetSales	-0.110	Pure	11.0	CurrentAccumulatedQ1Duration_ConsolidatedMember_ResultMember	/disc/18790/081220210805479102_tse-qcedjpsm-18790-20210805479102-ixbrl.htm
2021-08-06	四半期	当期第1四半期累計	連結	実績		営業利益	OperatingIncome	1644000000	JPY	1,644	CurrentAccumulatedQ1Duration_ConsolidatedMember_ResultMember	/disc/18790/081220210805479102_tse-qcedjpsm-18790-20210805479102-ixbrl.htm
2021-08-06	四半期	当期第1四半期累計	連結	実績		営業利益の増減率	ChangeInOperatingIncome	-0.117	Pure	11.7	CurrentAccumulatedQ1Duration_ConsolidatedMember_ResultMember	/disc/18790/081220210805479102_tse-qcedjpsm-18790-20210805479102-ixbrl.htm
2021-08-06	四半期	当期第1四半期累計	連結	実績		経常利益	OrdinaryIncome	1659000000	JPY	1,659	CurrentAccumulatedQ1Duration_ConsolidatedMember_ResultMember	/disc/18790/081220210805479102_tse-qcedjpsm-18790-20210805479102-ixbrl.htm
2021-08-06	四半期	当期第1四半期累計	連結	実績		経常利益の増減率	ChangeInOrdinaryIncome	-0.113	Pure	11.3	CurrentAccumulatedQ1Duration_ConsolidatedMember_ResultMember	/disc/18790/081220210805479102_tse-qcedjpsm-18790-20210805479102-ixbrl.htm
2021-08-06	四半期	当期第1四半期累計	連結	実績		親会社株主に帰属する当期純利益	ProfitAttributableToOwnersOfParent	1143000000	JPY	1,143	CurrentAccumulatedQ1Duration_ConsolidatedMember_ResultMember	/disc/18790/081220210805479102_tse-qcedjpsm-18790-20210805479102-ixbrl.htm
2021-08-06	四半期	当期第1四半期累計	連結	実績		親会社株主に帰属する当期純利益の増減率	ChangeInProfitAttributableToOwnersOfParent	-0.114	Pure	11.4	CurrentAccumulatedQ1Duration_ConsolidatedMember_ResultMember	/disc/18790/081220210805479102_tse-qcedjpsm-18790-20210805479102-ixbrl.htm
2021-08-06	四半期	前期第1四半期累計	連結	実績		売上高	NetSales	18315000000	JPY	18,315	PriorAccumulatedQ1Duration_ConsolidatedMember_ResultMember	/disc/18790/081220210805479102_tse-qcedjpsm-18790-20210805479102-ixbrl.htm
2021-08-06	四半期	前期第1四半期累計	連結	実績		売上高の増減率	ChangeInNetSales	0.098	Pure	9.8	PriorAccumulatedQ1Duration_ConsolidatedMember_ResultMember	/disc/18790/081220210805479102_tse-qcedjpsm-18790-20210805479102-ixbrl.htm
2021-08-06	四半期	前期第1四半期累計	連結	実績		営業利益	OperatingIncome	1862000000	JPY	1,862	PriorAccumulatedQ1Duration_ConsolidatedMember_ResultMember	/disc/18790/081220210805479102_tse-qcedjpsm-18790-20210805479102-ixbrl.htm
2021-08-06	四半期	前期第1四半期累計	連結	実績		営業利益の増減率	ChangeInOperatingIncome	0.122	Pure	12.2	PriorAccumulatedQ1Duration_ConsolidatedMember_ResultMember	/disc/18790/081220210805479102_tse-qcedjpsm-18790-20210805479102-ixbrl.htm
2021-08-06	四半期	前期第1四半期累計	連結	実績		経常利益	OrdinaryIncome	1871000000	JPY	1,871	PriorAccumulatedQ1Duration_ConsolidatedMember_ResultMember	/disc/18790/081220210805479102_tse-qcedjpsm-18790-20210805479102-ixbrl.htm
2021-08-06	四半期	前期第1四半期累計	連結	実績		経常利益の増減率	ChangeInOrdinaryIncome	0.069	Pure	6.9	PriorAccumulatedQ1Duration_ConsolidatedMember_ResultMember	/disc/18790/081220210805479102_tse-qcedjpsm-18790-20210805479102-ixbrl.htm
2021-08-06	四半期	前期第1四半期累計	連結	実績		親会社株主に帰属する当期純利益	ProfitAttributableToOwnersOfParent	1291000000	JPY	1,291	PriorAccumulatedQ1Duration_ConsolidatedMember_ResultMember	/disc/18790/081220210805479102_tse-qcedjpsm-18790-20210805479102-ixbrl.htm
2021-08-06	四半期	前期第1四半期累計	連結	実績		親会社株主に帰属する当期純利益の増減率	ChangeInProfitAttributableToOwnersOfParent	0.074	Pure	7.4	PriorAccumulatedQ1Duration_ConsolidatedMember_ResultMember	/disc/18790/081220210805479102_tse-qcedjpsm-18790-20210805479102-ixbrl.htm
2021-08-06	四半期	当期第1四半期累計	連結	実績		包括利益	ComprehensiveIncome	1113000000	JPY	1,113	CurrentAccumulatedQ1Duration_ConsolidatedMember_ResultMember	/disc/18790/081220210805479102_tse-qcedjpsm-18790-20210805479102-ixbrl.htm
2021-08-06	四半期	当期第1四半期累計	連結	実績		包括利益の増減率	ChangeInComprehensiveIncome	-0.148	Pure	14.8	CurrentAccumulatedQ1Duration_ConsolidatedMember_ResultMember	/disc/18790/081220210805479102_tse-qcedjpsm-18790-20210805479102-ixbrl.htm
2021-08-06	四半期	前期第1四半期累計	連結	実績		包括利益	ComprehensiveIncome	1307000000	JPY	1,307	PriorAccumulatedQ1Duration_ConsolidatedMember_ResultMember	/disc/18790/081220210805479102_tse-qcedjpsm-18790-20210805479102-ixbrl.htm
2021-08-06	四半期	前期第1四半期累計	連結	実績		包括利益の増減率	ChangeInComprehensiveIncome	0.112	Pure	11.2	PriorAccumulatedQ1Duration_ConsolidatedMember_ResultMember	/disc/18790/081220210805479102_tse-qcedjpsm-18790-20210805479102-ixbrl.htm
2021-08-06	四半期	当期第1四半期累計	連結	実績		1株当たり当期純利益	NetIncomePerShare	19.56	JPYPerShares	19.56	CurrentAccumulatedQ1Duration_ConsolidatedMember_ResultMember	/disc/18790/081220210805479102_tse-qcedjpsm-18790-20210805479102-ixbrl.htm
2021-08-06	四半期	前期第1四半期累計	連結	実績		1株当たり当期純利益	NetIncomePerShare	22.09	JPYPerShares	22.09	PriorAccumulatedQ1Duration_ConsolidatedMember_ResultMember	/disc/18790/081220210805479102_tse-qcedjpsm-18790-20210805479102-ixbrl.htm
2021-08-06	四半期	当期第1四半期累計	連結	実績		総資産	TotalAssets	120073000000	JPY	120,073	CurrentAccumulatedQ1Instant_ConsolidatedMember_ResultMember	/disc/18790/081220210805479102_tse-qcedjpsm-18790-20210805479102-ixbrl.htm
2021-08-06	四半期	当期第1四半期累計	連結	実績		純資産	NetAssets	82430000000	JPY	82,430	CurrentAccumulatedQ1Instant_ConsolidatedMember_ResultMember	/disc/18790/081220210805479102_tse-qcedjpsm-18790-20210805479102-ixbrl.htm
2021-08-06	四半期	当期第1四半期累計	連結	実績		自己資本比率	CapitalAdequacyRatio	0.687	Pure	68.7	CurrentAccumulatedQ1Instant_ConsolidatedMember_ResultMember	/disc/18790/081220210805479102_tse-qcedjpsm-18790-20210805479102-ixbrl.htm
2021-08-06	四半期	前期	連結	実績		総資産	TotalAssets	126552000000	JPY	126,552	PriorYearInstant_ConsolidatedMember_ResultMember	/disc/18790/081220210805479102_tse-qcedjpsm-18790-20210805479102-ixbrl.htm
2021-08-06	四半期	前期	連結	実績		純資産	NetAssets	81901000000	JPY	81,901	PriorYearInstant_ConsolidatedMember_ResultMember	/disc/18790/081220210805479102_tse-qcedjpsm-18790-20210805479102-ixbrl.htm
2021-08-06	四半期	前期	連結	実績		自己資本比率	CapitalAdequacyRatio	0.647	Pure	64.7	PriorYearInstant_ConsolidatedMember_ResultMember	/disc/18790/081220210805479102_tse-qcedjpsm-18790-20210805479102-ixbrl.htm
2021-08-06	四半期	当期第1四半期累計	連結	実績		自己資本	OwnersEquity	82430000000	JPY	82,430	CurrentAccumulatedQ1Instant_ConsolidatedMember_ResultMember	/disc/18790/081220210805479102_tse-qcedjpsm-18790-20210805479102-ixbrl.htm
2021-08-06	四半期	前期	連結	実績		自己資本	OwnersEquity	81901000000	JPY	81,901	PriorYearInstant_ConsolidatedMember_ResultMember	/disc/18790/081220210805479102_tse-qcedjpsm-18790-20210805479102-ixbrl.htm
2021-08-06	四半期	前期	単体	実績	第2四半期末	1株当たり配当金	DividendPerShare	9.00	JPYPerShares	9.00	PriorYearDuration_SecondQuarterMember_NonConsolidatedMember_ResultMember	/disc/18790/081220210805479102_tse-qcedjpsm-18790-20210805479102-ixbrl.htm
2021-08-06	四半期	前期	単体	実績	期末	1株当たり配当金	DividendPerShare	10.00	JPYPerShares	10.00	PriorYearDuration_YearEndMember_NonConsolidatedMember_ResultMember	/disc/18790/081220210805479102_tse-qcedjpsm-18790-20210805479102-ixbrl.htm
2021-08-06	四半期	前期	単体	実績	合計	1株当たり配当金	DividendPerShare	19.00	JPYPerShares	19.00	PriorYearDuration_AnnualMember_NonConsolidatedMember_ResultMember	/disc/18790/081220210805479102_tse-qcedjpsm-18790-20210805479102-ixbrl.htm
2021-08-06	四半期	当期	単体	予想	第2四半期末	1株当たり配当金	DividendPerShare	9.00	JPYPerShares	9.00	CurrentYearDuration_SecondQuarterMember_NonConsolidatedMember_ForecastMember	/disc/18790/081220210805479102_tse-qcedjpsm-18790-20210805479102-ixbrl.htm
2021-08-06	四半期	当期	単体	予想	期末	1株当たり配当金	DividendPerShare	10.00	JPYPerShares	10.00	CurrentYearDuration_YearEndMember_NonConsolidatedMember_ForecastMember	/disc/18790/081220210805479102_tse-qcedjpsm-18790-20210805479102-ixbrl.htm
2021-08-06	四半期	当期	単体	予想	合計	1株当たり配当金	DividendPerShare	19.00	JPYPerShares	19.00	CurrentYearDuration_AnnualMember_NonConsolidatedMember_ForecastMember	/disc/18790/081220210805479102_tse-qcedjpsm-18790-20210805479102-ixbrl.htm
2021-08-06	四半期	当期	単体	実績	合計	当四半期における配当予想の修正	CorrectionOfDividendForecastInThisQuarter			無	CurrentYearDuration_AnnualMember_NonConsolidatedMember_ResultMember	/disc/18790/081220210805479102_tse-qcedjpsm-18790-20210805479102-ixbrl.htm
2021-08-06	四半期	当期	連結	予想		業績予想の見出し	TitleForForecasts			3. 2022年 3月期の連結業績予想（2021年 4月 1日～2022年 3月31日）	CurrentYearDuration_ConsolidatedMember_ForecastMember	/disc/18790/081220210805479102_tse-qcedjpsm-18790-20210805479102-ixbrl.htm
2021-08-06	四半期	当期	連結	予想		売上高	NetSales	110000000000	JPY	110,000	CurrentYearDuration_ConsolidatedMember_ForecastMember	/disc/18790/081220210805479102_tse-qcedjpsm-18790-20210805479102-ixbrl.htm
2021-08-06	四半期	当期	連結	予想		売上高の増減率	ChangeInNetSales	0.081	Pure	8.1	CurrentYearDuration_ConsolidatedMember_ForecastMember	/disc/18790/081220210805479102_tse-qcedjpsm-18790-20210805479102-ixbrl.htm
2021-08-06	四半期	当期	連結	予想		営業利益	OperatingIncome	14300000000	JPY	14,300	CurrentYearDuration_ConsolidatedMember_ForecastMember	/disc/18790/081220210805479102_tse-qcedjpsm-18790-20210805479102-ixbrl.htm
2021-08-06	四半期	当期	連結	予想		営業利益の増減率	ChangeInOperatingIncome	0.028	Pure	2.8	CurrentYearDuration_ConsolidatedMember_ForecastMember	/disc/18790/081220210805479102_tse-qcedjpsm-18790-20210805479102-ixbrl.htm
2021-08-06	四半期	当期	連結	予想		経常利益	OrdinaryIncome	14300000000	JPY	14,300	CurrentYearDuration_ConsolidatedMember_ForecastMember	/disc/18790/081220210805479102_tse-qcedjpsm-18790-20210805479102-ixbrl.htm
2021-08-06	四半期	当期	連結	予想		経常利益の増減率	ChangeInOrdinaryIncome	0.026	Pure	2.6	CurrentYearDuration_ConsolidatedMember_ForecastMember	/disc/18790/081220210805479102_tse-qcedjpsm-18790-20210805479102-ixbrl.htm
2021-08-06	四半期	当期	連結	予想		親会社株主に帰属する当期純利益	ProfitAttributableToOwnersOfParent	10000000000	JPY	10,000	CurrentYearDuration_ConsolidatedMember_ForecastMember	/disc/18790/081220210805479102_tse-qcedjpsm-18790-20210805479102-ixbrl.htm
2021-08-06	四半期	当期	連結	予想		親会社株主に帰属する当期純利益の増減率	ChangeInProfitAttributableToOwnersOfParent	0.038	Pure	3.8	CurrentYearDuration_ConsolidatedMember_ForecastMember	/disc/18790/081220210805479102_tse-qcedjpsm-18790-20210805479102-ixbrl.htm
2021-08-06	四半期	当期	連結	予想		1株当たり当期純利益	NetIncomePerShare	171.06	JPYPerShares	171.06	CurrentYearDuration_ConsolidatedMember_ForecastMember	/disc/18790/081220210805479102_tse-qcedjpsm-18790-20210805479102-ixbrl.htm
2021-08-06	四半期	当期	連結	予想		当四半期における業績予想の修正	CorrectionOfConsolidatedFinancialForecastInThisQuarter			無	CurrentYearDuration_ConsolidatedMember_ForecastMember	/disc/18790/081220210805479102_tse-qcedjpsm-18790-20210805479102-ixbrl.htm
2021-08-06	四半期	当期第1四半期累計	連結	実績			MaterialChangesInSubsidiariesDuringThisPeriodChangesInScopeOfConsolidationsResultingFromChangeIsSubsidiaries			無	CurrentAccumulatedQ1Duration_ConsolidatedMember_ResultMember	/disc/18790/081220210805479102_tse-qcedjpsm-18790-20210805479102-ixbrl.htm
2021-08-06	四半期	当期第1四半期累計	連結	実績			ApplyingOfSpecificAccountingOfTheConsolidatedQuarterlyFinancialStatements			無	CurrentAccumulatedQ1Duration_ConsolidatedMember_ResultMember	/disc/18790/081220210805479102_tse-qcedjpsm-18790-20210805479102-ixbrl.htm
2021-08-06	四半期	当期第1四半期累計	連結	実績		会計基準等の改正に伴う変更	ChangesBasedOnRevisionsOfAccountingStandard			有	CurrentAccumulatedQ1Duration_ConsolidatedMember_ResultMember	/disc/18790/081220210805479102_tse-qcedjpsm-18790-20210805479102-ixbrl.htm
2021-08-06	四半期	当期第1四半期累計	連結	実績		それ以外の会計方針の変更	ChangesOtherThanOnesBasedOnRevisionsOfAccountingStandard			無	CurrentAccumulatedQ1Duration_ConsolidatedMember_ResultMember	/disc/18790/081220210805479102_tse-qcedjpsm-18790-20210805479102-ixbrl.htm
2021-08-06	四半期	当期第1四半期累計	連結	実績		会計上の見積りの変更	ChangesInAccountingEstimates			無	CurrentAccumulatedQ1Duration_ConsolidatedMember_ResultMember	/disc/18790/081220210805479102_tse-qcedjpsm-18790-20210805479102-ixbrl.htm
2021-08-06	四半期	当期第1四半期累計	連結	実績		修正再表示	RetrospectiveRestatement			無	CurrentAccumulatedQ1Duration_ConsolidatedMember_ResultMember	/disc/18790/081220210805479102_tse-qcedjpsm-18790-20210805479102-ixbrl.htm
2021-08-06	四半期	当期第1四半期累計	連結	実績			NoteToChangesInAccountingPoliciesAccountingEstimatesAndRetrospectiveRestatementQuarterlyConsolidated			（注）詳細は、添付資料７ページ「四半期連結財務諸表に関する注記事項（会計方針の変更）」をご覧ください。	CurrentAccumulatedQ1Duration_ConsolidatedMember_ResultMember	/disc/18790/081220210805479102_tse-qcedjpsm-18790-20210805479102-ixbrl.htm
2021-08-06	四半期	当期第1四半期累計	単体	実績		期末発行済株式数(自己株式を含む)	NumberOfIssuedAndOutstandingSharesAtTheEndOfFiscalYearIncludingTreasuryStock	61360720	Shares	61,360,720	CurrentAccumulatedQ1Instant_NonConsolidatedMember_ResultMember	/disc/18790/081220210805479102_tse-qcedjpsm-18790-20210805479102-ixbrl.htm
2021-08-06	四半期	前期	単体	実績		期末発行済株式数(自己株式を含む)	NumberOfIssuedAndOutstandingSharesAtTheEndOfFiscalYearIncludingTreasuryStock	61360720	Shares	61,360,720	PriorYearInstant_NonConsolidatedMember_ResultMember	/disc/18790/081220210805479102_tse-qcedjpsm-18790-20210805479102-ixbrl.htm
2021-08-06	四半期	当期第1四半期累計	単体	実績		期末自己株式数	NumberOfTreasuryStockAtTheEndOfFiscalYear	2900430	Shares	2,900,430	CurrentAccumulatedQ1Instant_NonConsolidatedMember_ResultMember	/disc/18790/081220210805479102_tse-qcedjpsm-18790-20210805479102-ixbrl.htm
2021-08-06	四半期	前期	単体	実績		期末自己株式数	NumberOfTreasuryStockAtTheEndOfFiscalYear	2900430	Shares	2,900,430	PriorYearInstant_NonConsolidatedMember_ResultMember	/disc/18790/081220210805479102_tse-qcedjpsm-18790-20210805479102-ixbrl.htm
2021-08-06	四半期	当期第1四半期累計	単体	実績		期中平均株式数	AverageNumberOfShares	58460290	Shares	58,460,290	CurrentAccumulatedQ1Duration_NonConsolidatedMember_ResultMember	/disc/18790/081220210805479102_tse-qcedjpsm-18790-20210805479102-ixbrl.htm
2021-08-06	四半期	前期第1四半期累計	単体	実績		期中平均株式数	AverageNumberOfShares	58460690	Shares	58,460,690	PriorAccumulatedQ1Duration_NonConsolidatedMember_ResultMember	/disc/18790/081220210805479102_tse-qcedjpsm-18790-20210805479102-ixbrl.htm
2021-08-06	四半期	当期				将来情報の利用に関する注意	NotesForUsingForecastedInformationAndOthers			本資料に記載されている業績見通し等の将来に関する記述は、当社が現在入手している情報及び合理的であると判断する一定の前提に基づいており、その達成を当社として約束する趣旨のものではありません。また、実際の業績等は様々な要因により大きく異なる可能性があります。	CurrentYearDuration	/disc/18790/081220210805479102_tse-qcedjpsm-18790-20210805479102-ixbrl.htm
2021-08-06	四半期	当期				決算期末	FiscalYearEnd			2022-03-31	CurrentYearInstant	/disc/18790/081220210805479102_tse-qcedjpsm-18790-20210805479102-ixbrl.htm
2021-08-06	四半期	当期第1四半期累計				四半期	QuarterlyPeriod	1	Pure	1	CurrentAccumulatedQ1Instant	/disc/18790/081220210805479102_tse-qcedjpsm-18790-20210805479102-ixbrl.htm
2021-11-12	四半期	当期第2四半期累計				書類名	DocumentName			第2四半期決算短信〔日本基準〕（連結）	CurrentAccumulatedQ2Instant	/disc/18790/081220211110429714_tse-qcedjpsm-18790-20211110429714-ixbrl.htm
2021-11-12	四半期	当期第2四半期累計				提出日	FilingDate			2021年11月12日	CurrentAccumulatedQ2Instant	/disc/18790/081220211110429714_tse-qcedjpsm-18790-20211110429714-ixbrl.htm
2021-11-12	四半期	当期第2四半期累計				会社名	CompanyName			新日本建設株式会社	CurrentAccumulatedQ2Instant	/disc/18790/081220211110429714_tse-qcedjpsm-18790-20211110429714-ixbrl.htm
2021-11-12	四半期	当期第2四半期累計					TokyoStockExchange			東	CurrentAccumulatedQ2Instant	/disc/18790/081220211110429714_tse-qcedjpsm-18790-20211110429714-ixbrl.htm
2021-11-12	四半期	当期第2四半期累計				証券コード	SecuritiesCode			18790	CurrentAccumulatedQ2Instant	/disc/18790/081220211110429714_tse-qcedjpsm-18790-20211110429714-ixbrl.htm
2021-11-12	四半期	当期第2四半期累計				URL	URL			http://www.shinnihon-c.co.jp/	CurrentAccumulatedQ2Instant	/disc/18790/081220211110429714_tse-qcedjpsm-18790-20211110429714-ixbrl.htm
2021-11-12	四半期	当期第2四半期累計				代表者の役職	TitleRepresentative			代表取締役社長	CurrentAccumulatedQ2Instant	/disc/18790/081220211110429714_tse-qcedjpsm-18790-20211110429714-ixbrl.htm
2021-11-12	四半期	当期第2四半期累計				代表者名	NameRepresentative			高見 克司	CurrentAccumulatedQ2Instant	/disc/18790/081220211110429714_tse-qcedjpsm-18790-20211110429714-ixbrl.htm
2021-11-12	四半期	当期第2四半期累計					TitleInquiries			取締役常務執行役員管理本部長	CurrentAccumulatedQ2Instant	/disc/18790/081220211110429714_tse-qcedjpsm-18790-20211110429714-ixbrl.htm
2021-11-12	四半期	当期第2四半期累計					NameInquiries			高橋 苗樹	CurrentAccumulatedQ2Instant	/disc/18790/081220211110429714_tse-qcedjpsm-18790-20211110429714-ixbrl.htm
2021-11-12	四半期	当期第2四半期累計					Tel			043-213-1111	CurrentAccumulatedQ2Instant	/disc/18790/081220211110429714_tse-qcedjpsm-18790-20211110429714-ixbrl.htm
2021-11-12	四半期	当期第2四半期累計					QuarterlyStatementFilingDateAsPlanned			2021年11月12日	CurrentAccumulatedQ2Instant	/disc/18790/081220211110429714_tse-qcedjpsm-18790-20211110429714-ixbrl.htm
2021-11-12	四半期	当期第2四半期累計					DividendPayableDateAsPlanned			2021年12月2日	CurrentAccumulatedQ2Instant	/disc/18790/081220211110429714_tse-qcedjpsm-18790-20211110429714-ixbrl.htm
2021-11-12	四半期	当期第2四半期累計					SupplementalMaterialOfQuarterlyResults			無	CurrentAccumulatedQ2Instant	/disc/18790/081220211110429714_tse-qcedjpsm-18790-20211110429714-ixbrl.htm
2021-11-12	四半期	当期第2四半期累計					ConveningBriefingOfQuarterlyResults			無	CurrentAccumulatedQ2Instant	/disc/18790/081220211110429714_tse-qcedjpsm-18790-20211110429714-ixbrl.htm
2021-11-12	四半期	当期第2四半期累計					NoteToFractionProcessingMethod			（百万円未満切捨て）	CurrentAccumulatedQ2Instant	/disc/18790/081220211110429714_tse-qcedjpsm-18790-20211110429714-ixbrl.htm
2021-11-12	四半期	当期第2四半期累計	連結	実績		売上高	NetSales	41158000000	JPY	41,158	CurrentAccumulatedQ2Duration_ConsolidatedMember_ResultMember	/disc/18790/081220211110429714_tse-qcedjpsm-18790-20211110429714-ixbrl.htm
2021-11-12	四半期	当期第2四半期累計	連結	実績		売上高の増減率	ChangeInNetSales	0.060	Pure	6.0	CurrentAccumulatedQ2Duration_ConsolidatedMember_ResultMember	/disc/18790/081220211110429714_tse-qcedjpsm-18790-20211110429714-ixbrl.htm
2021-11-12	四半期	当期第2四半期累計	連結	実績		営業利益	OperatingIncome	5049000000	JPY	5,049	CurrentAccumulatedQ2Duration_ConsolidatedMember_ResultMember	/disc/18790/081220211110429714_tse-qcedjpsm-18790-20211110429714-ixbrl.htm
2021-11-12	四半期	当期第2四半期累計	連結	実績		営業利益の増減率	ChangeInOperatingIncome	0.137	Pure	13.7	CurrentAccumulatedQ2Duration_ConsolidatedMember_ResultMember	/disc/18790/081220211110429714_tse-qcedjpsm-18790-20211110429714-ixbrl.htm
2021-11-12	四半期	当期第2四半期累計	連結	実績		経常利益	OrdinaryIncome	5067000000	JPY	5,067	CurrentAccumulatedQ2Duration_ConsolidatedMember_ResultMember	/disc/18790/081220211110429714_tse-qcedjpsm-18790-20211110429714-ixbrl.htm
2021-11-12	四半期	当期第2四半期累計	連結	実績		経常利益の増減率	ChangeInOrdinaryIncome	0.138	Pure	13.8	CurrentAccumulatedQ2Duration_ConsolidatedMember_ResultMember	/disc/18790/081220211110429714_tse-qcedjpsm-18790-20211110429714-ixbrl.htm
2021-11-12	四半期	当期第2四半期累計	連結	実績		親会社株主に帰属する当期純利益	ProfitAttributableToOwnersOfParent	3494000000	JPY	3,494	CurrentAccumulatedQ2Duration_ConsolidatedMember_ResultMember	/disc/18790/081220211110429714_tse-qcedjpsm-18790-20211110429714-ixbrl.htm
2021-11-12	四半期	当期第2四半期累計	連結	実績		親会社株主に帰属する当期純利益の増減率	ChangeInProfitAttributableToOwnersOfParent	0.139	Pure	13.9	CurrentAccumulatedQ2Duration_ConsolidatedMember_ResultMember	/disc/18790/081220211110429714_tse-qcedjpsm-18790-20211110429714-ixbrl.htm
2021-11-12	四半期	前期第2四半期累計	連結	実績		売上高	NetSales	38838000000	JPY	38,838	PriorAccumulatedQ2Duration_ConsolidatedMember_ResultMember	/disc/18790/081220211110429714_tse-qcedjpsm-18790-20211110429714-ixbrl.htm
2021-11-12	四半期	前期第2四半期累計	連結	実績		売上高の増減率	ChangeInNetSales	-0.210	Pure	21.0	PriorAccumulatedQ2Duration_ConsolidatedMember_ResultMember	/disc/18790/081220211110429714_tse-qcedjpsm-18790-20211110429714-ixbrl.htm
2021-11-12	四半期	前期第2四半期累計	連結	実績		営業利益	OperatingIncome	4441000000	JPY	4,441	PriorAccumulatedQ2Duration_ConsolidatedMember_ResultMember	/disc/18790/081220211110429714_tse-qcedjpsm-18790-20211110429714-ixbrl.htm
2021-11-12	四半期	前期第2四半期累計	連結	実績		営業利益の増減率	ChangeInOperatingIncome	-0.274	Pure	27.4	PriorAccumulatedQ2Duration_ConsolidatedMember_ResultMember	/disc/18790/081220211110429714_tse-qcedjpsm-18790-20211110429714-ixbrl.htm
2021-11-12	四半期	前期第2四半期累計	連結	実績		経常利益	OrdinaryIncome	4453000000	JPY	4,453	PriorAccumulatedQ2Duration_ConsolidatedMember_ResultMember	/disc/18790/081220211110429714_tse-qcedjpsm-18790-20211110429714-ixbrl.htm
2021-11-12	四半期	前期第2四半期累計	連結	実績		経常利益の増減率	ChangeInOrdinaryIncome	-0.283	Pure	28.3	PriorAccumulatedQ2Duration_ConsolidatedMember_ResultMember	/disc/18790/081220211110429714_tse-qcedjpsm-18790-20211110429714-ixbrl.htm
2021-11-12	四半期	前期第2四半期累計	連結	実績		親会社株主に帰属する当期純利益	ProfitAttributableToOwnersOfParent	3068000000	JPY	3,068	PriorAccumulatedQ2Duration_ConsolidatedMember_ResultMember	/disc/18790/081220211110429714_tse-qcedjpsm-18790-20211110429714-ixbrl.htm
2021-11-12	四半期	前期第2四半期累計	連結	実績		親会社株主に帰属する当期純利益の増減率	ChangeInProfitAttributableToOwnersOfParent	-0.348	Pure	34.8	PriorAccumulatedQ2Duration_ConsolidatedMember_ResultMember	/disc/18790/081220211110429714_tse-qcedjpsm-18790-20211110429714-ixbrl.htm
2021-11-12	四半期	当期第2四半期累計	連結	実績		包括利益	ComprehensiveIncome	3505000000	JPY	3,505	CurrentAccumulatedQ2Duration_ConsolidatedMember_ResultMember	/disc/18790/081220211110429714_tse-qcedjpsm-18790-20211110429714-ixbrl.htm
2021-11-12	四半期	当期第2四半期累計	連結	実績		包括利益の増減率	ChangeInComprehensiveIncome	0.124	Pure	12.4	CurrentAccumulatedQ2Duration_ConsolidatedMember_ResultMember	/disc/18790/081220211110429714_tse-qcedjpsm-18790-20211110429714-ixbrl.htm
2021-11-12	四半期	前期第2四半期累計	連結	実績		包括利益	ComprehensiveIncome	3118000000	JPY	3,118	PriorAccumulatedQ2Duration_ConsolidatedMember_ResultMember	/disc/18790/081220211110429714_tse-qcedjpsm-18790-20211110429714-ixbrl.htm
2021-11-12	四半期	前期第2四半期累計	連結	実績		包括利益の増減率	ChangeInComprehensiveIncome	-0.338	Pure	33.8	PriorAccumulatedQ2Duration_ConsolidatedMember_ResultMember	/disc/18790/081220211110429714_tse-qcedjpsm-18790-20211110429714-ixbrl.htm
2021-11-12	四半期	当期第2四半期累計	連結	実績		1株当たり当期純利益	NetIncomePerShare	59.78	JPYPerShares	59.78	CurrentAccumulatedQ2Duration_ConsolidatedMember_ResultMember	/disc/18790/081220211110429714_tse-qcedjpsm-18790-20211110429714-ixbrl.htm
2021-11-12	四半期	前期第2四半期累計	連結	実績		1株当たり当期純利益	NetIncomePerShare	52.50	JPYPerShares	52.50	PriorAccumulatedQ2Duration_ConsolidatedMember_ResultMember	/disc/18790/081220211110429714_tse-qcedjpsm-18790-20211110429714-ixbrl.htm
2021-11-12	四半期	当期第2四半期累計	連結	実績		総資産	TotalAssets	124235000000	JPY	124,235	CurrentAccumulatedQ2Instant_ConsolidatedMember_ResultMember	/disc/18790/081220211110429714_tse-qcedjpsm-18790-20211110429714-ixbrl.htm
2021-11-12	四半期	当期第2四半期累計	連結	実績		純資産	NetAssets	84822000000	JPY	84,822	CurrentAccumulatedQ2Instant_ConsolidatedMember_ResultMember	/disc/18790/081220211110429714_tse-qcedjpsm-18790-20211110429714-ixbrl.htm
2021-11-12	四半期	当期第2四半期累計	連結	実績		自己資本比率	CapitalAdequacyRatio	0.683	Pure	68.3	CurrentAccumulatedQ2Instant_ConsolidatedMember_ResultMember	/disc/18790/081220211110429714_tse-qcedjpsm-18790-20211110429714-ixbrl.htm
2021-11-12	四半期	前期	連結	実績		総資産	TotalAssets	126552000000	JPY	126,552	PriorYearInstant_ConsolidatedMember_ResultMember	/disc/18790/081220211110429714_tse-qcedjpsm-18790-20211110429714-ixbrl.htm
2021-11-12	四半期	前期	連結	実績		純資産	NetAssets	81901000000	JPY	81,901	PriorYearInstant_ConsolidatedMember_ResultMember	/disc/18790/081220211110429714_tse-qcedjpsm-18790-20211110429714-ixbrl.htm
2021-11-12	四半期	前期	連結	実績		自己資本比率	CapitalAdequacyRatio	0.647	Pure	64.7	PriorYearInstant_ConsolidatedMember_ResultMember	/disc/18790/081220211110429714_tse-qcedjpsm-18790-20211110429714-ixbrl.htm
2021-11-12	四半期	当期第2四半期累計	連結	実績		自己資本	OwnersEquity	84822000000	JPY	84,822	CurrentAccumulatedQ2Instant_ConsolidatedMember_ResultMember	/disc/18790/081220211110429714_tse-qcedjpsm-18790-20211110429714-ixbrl.htm
2021-11-12	四半期	前期	連結	実績		自己資本	OwnersEquity	81901000000	JPY	81,901	PriorYearInstant_ConsolidatedMember_ResultMember	/disc/18790/081220211110429714_tse-qcedjpsm-18790-20211110429714-ixbrl.htm
2021-11-12	四半期	前期	単体	実績	第2四半期末	1株当たり配当金	DividendPerShare	9.00	JPYPerShares	9.00	PriorYearDuration_SecondQuarterMember_NonConsolidatedMember_ResultMember	/disc/18790/081220211110429714_tse-qcedjpsm-18790-20211110429714-ixbrl.htm
2021-11-12	四半期	前期	単体	実績	期末	1株当たり配当金	DividendPerShare	10.00	JPYPerShares	10.00	PriorYearDuration_YearEndMember_NonConsolidatedMember_ResultMember	/disc/18790/081220211110429714_tse-qcedjpsm-18790-20211110429714-ixbrl.htm
2021-11-12	四半期	前期	単体	実績	合計	1株当たり配当金	DividendPerShare	19.00	JPYPerShares	19.00	PriorYearDuration_AnnualMember_NonConsolidatedMember_ResultMember	/disc/18790/081220211110429714_tse-qcedjpsm-18790-20211110429714-ixbrl.htm
2021-11-12	四半期	当期	単体	実績	第2四半期末	1株当たり配当金	DividendPerShare	9.00	JPYPerShares	9.00	CurrentYearDuration_SecondQuarterMember_NonConsolidatedMember_ResultMember	/disc/18790/081220211110429714_tse-qcedjpsm-18790-20211110429714-ixbrl.htm
2021-11-12	四半期	当期	単体	予想	期末	1株当たり配当金	DividendPerShare	10.00	JPYPerShares	10.00	CurrentYearDuration_YearEndMember_NonConsolidatedMember_ForecastMember	/disc/18790/081220211110429714_tse-qcedjpsm-18790-20211110429714-ixbrl.htm
2021-11-12	四半期	当期	単体	予想	合計	1株当たり配当金	DividendPerShare	19.00	JPYPerShares	19.00	CurrentYearDuration_AnnualMember_NonConsolidatedMember_ForecastMember	/disc/18790/081220211110429714_tse-qcedjpsm-18790-20211110429714-ixbrl.htm
2021-11-12	四半期	当期	単体	実績	合計	当四半期における配当予想の修正	CorrectionOfDividendForecastInThisQuarter			無	CurrentYearDuration_AnnualMember_NonConsolidatedMember_ResultMember	/disc/18790/081220211110429714_tse-qcedjpsm-18790-20211110429714-ixbrl.htm
2021-11-12	四半期	当期	連結	予想		業績予想の見出し	TitleForForecasts			3. 2022年 3月期の連結業績予想（2021年 4月 1日～2022年 3月31日）	CurrentYearDuration_ConsolidatedMember_ForecastMember	/disc/18790/081220211110429714_tse-qcedjpsm-18790-20211110429714-ixbrl.htm
2021-11-12	四半期	当期	連結	予想		売上高	NetSales	110000000000	JPY	110,000	CurrentYearDuration_ConsolidatedMember_ForecastMember	/disc/18790/081220211110429714_tse-qcedjpsm-18790-20211110429714-ixbrl.htm
2021-11-12	四半期	当期	連結	予想		売上高の増減率	ChangeInNetSales	0.081	Pure	8.1	CurrentYearDuration_ConsolidatedMember_ForecastMember	/disc/18790/081220211110429714_tse-qcedjpsm-18790-20211110429714-ixbrl.htm
2021-11-12	四半期	当期	連結	予想		営業利益	OperatingIncome	14300000000	JPY	14,300	CurrentYearDuration_ConsolidatedMember_ForecastMember	/disc/18790/081220211110429714_tse-qcedjpsm-18790-20211110429714-ixbrl.htm
2021-11-12	四半期	当期	連結	予想		営業利益の増減率	ChangeInOperatingIncome	0.028	Pure	2.8	CurrentYearDuration_ConsolidatedMember_ForecastMember	/disc/18790/081220211110429714_tse-qcedjpsm-18790-20211110429714-ixbrl.htm
2021-11-12	四半期	当期	連結	予想		経常利益	OrdinaryIncome	14300000000	JPY	14,300	CurrentYearDuration_ConsolidatedMember_ForecastMember	/disc/18790/081220211110429714_tse-qcedjpsm-18790-20211110429714-ixbrl.htm
2021-11-12	四半期	当期	連結	予想		経常利益の増減率	ChangeInOrdinaryIncome	0.026	Pure	2.6	CurrentYearDuration_ConsolidatedMember_ForecastMember	/disc/18790/081220211110429714_tse-qcedjpsm-18790-20211110429714-ixbrl.htm
2021-11-12	四半期	当期	連結	予想		親会社株主に帰属する当期純利益	ProfitAttributableToOwnersOfParent	10000000000	JPY	10,000	CurrentYearDuration_ConsolidatedMember_ForecastMember	/disc/18790/081220211110429714_tse-qcedjpsm-18790-20211110429714-ixbrl.htm
2021-11-12	四半期	当期	連結	予想		親会社株主に帰属する当期純利益の増減率	ChangeInProfitAttributableToOwnersOfParent	0.038	Pure	3.8	CurrentYearDuration_ConsolidatedMember_ForecastMember	/disc/18790/081220211110429714_tse-qcedjpsm-18790-20211110429714-ixbrl.htm
2021-11-12	四半期	当期	連結	予想		1株当たり当期純利益	NetIncomePerShare	171.06	JPYPerShares	171.06	CurrentYearDuration_ConsolidatedMember_ForecastMember	/disc/18790/081220211110429714_tse-qcedjpsm-18790-20211110429714-ixbrl.htm
2021-11-12	四半期	当期	連結	予想		当四半期における業績予想の修正	CorrectionOfConsolidatedFinancialForecastInThisQuarter			無	CurrentYearDuration_ConsolidatedMember_ForecastMember	/disc/18790/081220211110429714_tse-qcedjpsm-18790-20211110429714-ixbrl.htm
2021-11-12	四半期	当期第2四半期累計	連結	実績			MaterialChangesInSubsidiariesDuringThisPeriodChangesInScopeOfConsolidationsResultingFromChangeIsSubsidiaries			無	CurrentAccumulatedQ2Duration_ConsolidatedMember_ResultMember	/disc/18790/081220211110429714_tse-qcedjpsm-18790-20211110429714-ixbrl.htm
2021-11-12	四半期	当期第2四半期累計	連結	実績			ApplyingOfSpecificAccountingOfTheConsolidatedQuarterlyFinancialStatements			無	CurrentAccumulatedQ2Duration_ConsolidatedMember_ResultMember	/disc/18790/081220211110429714_tse-qcedjpsm-18790-20211110429714-ixbrl.htm
2021-11-12	四半期	当期第2四半期累計	連結	実績		会計基準等の改正に伴う変更	ChangesBasedOnRevisionsOfAccountingStandard			有	CurrentAccumulatedQ2Duration_ConsolidatedMember_ResultMember	/disc/18790/081220211110429714_tse-qcedjpsm-18790-20211110429714-ixbrl.htm
2021-11-12	四半期	当期第2四半期累計	連結	実績		それ以外の会計方針の変更	ChangesOtherThanOnesBasedOnRevisionsOfAccountingStandard			無	CurrentAccumulatedQ2Duration_ConsolidatedMember_ResultMember	/disc/18790/081220211110429714_tse-qcedjpsm-18790-20211110429714-ixbrl.htm
2021-11-12	四半期	当期第2四半期累計	連結	実績		会計上の見積りの変更	ChangesInAccountingEstimates			無	CurrentAccumulatedQ2Duration_ConsolidatedMember_ResultMember	/disc/18790/081220211110429714_tse-qcedjpsm-18790-20211110429714-ixbrl.htm
2021-11-12	四半期	当期第2四半期累計	連結	実績		修正再表示	RetrospectiveRestatement			無	CurrentAccumulatedQ2Duration_ConsolidatedMember_ResultMember	/disc/18790/081220211110429714_tse-qcedjpsm-18790-20211110429714-ixbrl.htm
2021-11-12	四半期	当期第2四半期累計	連結	実績			NoteToChangesInAccountingPoliciesAccountingEstimatesAndRetrospectiveRestatementQuarterlyConsolidated			（注）詳細は、添付資料７ページ「四半期連結財務諸表に関する注記事項（会計方針の変更）」をご覧ください。	CurrentAccumulatedQ2Duration_ConsolidatedMember_ResultMember	/disc/18790/081220211110429714_tse-qcedjpsm-18790-20211110429714-ixbrl.htm
2021-11-12	四半期	当期第2四半期累計	単体	実績		期末発行済株式数(自己株式を含む)	NumberOfIssuedAndOutstandingSharesAtTheEndOfFiscalYearIncludingTreasuryStock	61360720	Shares	61,360,720	CurrentAccumulatedQ2Instant_NonConsolidatedMember_ResultMember	/disc/18790/081220211110429714_tse-qcedjpsm-18790-20211110429714-ixbrl.htm
2021-11-12	四半期	前期	単体	実績		期末発行済株式数(自己株式を含む)	NumberOfIssuedAndOutstandingSharesAtTheEndOfFiscalYearIncludingTreasuryStock	61360720	Shares	61,360,720	PriorYearInstant_NonConsolidatedMember_ResultMember	/disc/18790/081220211110429714_tse-qcedjpsm-18790-20211110429714-ixbrl.htm
2021-11-12	四半期	当期第2四半期累計	単体	実績		期末自己株式数	NumberOfTreasuryStockAtTheEndOfFiscalYear	2900806	Shares	2,900,806	CurrentAccumulatedQ2Instant_NonConsolidatedMember_ResultMember	/disc/18790/081220211110429714_tse-qcedjpsm-18790-20211110429714-ixbrl.htm
2021-11-12	四半期	前期	単体	実績		期末自己株式数	NumberOfTreasuryStockAtTheEndOfFiscalYear	2900430	Shares	2,900,430	PriorYearInstant_NonConsolidatedMember_ResultMember	/disc/18790/081220211110429714_tse-qcedjpsm-18790-20211110429714-ixbrl.htm
2021-11-12	四半期	当期第2四半期累計	単体	実績		期中平均株式数	AverageNumberOfShares	58460259	Shares	58,460,259	CurrentAccumulatedQ2Duration_NonConsolidatedMember_ResultMember	/disc/18790/081220211110429714_tse-qcedjpsm-18790-20211110429714-ixbrl.htm
2021-11-12	四半期	前期第2四半期累計	単体	実績		期中平均株式数	AverageNumberOfShares	58460684	Shares	58,460,684	PriorAccumulatedQ2Duration_NonConsolidatedMember_ResultMember	/disc/18790/081220211110429714_tse-qcedjpsm-18790-20211110429714-ixbrl.htm
2021-11-12	四半期	当期				将来情報の利用に関する注意	NotesForUsingForecastedInformationAndOthers			本資料に記載されている業績見通し等の将来に関する記述は、当社が現在入手している情報及び合理的であると判断する一定の前提に基づいており、その達成を当社として約束する趣旨のものではありません。また、実際の業績等は様々な要因により大きく異なる可能性があります。	CurrentYearDuration	/disc/18790/081220211110429714_tse-qcedjpsm-18790-20211110429714-ixbrl.htm
2021-11-12	四半期	当期				決算期末	FiscalYearEnd			2022-03-31	CurrentYearInstant	/disc/18790/081220211110429714_tse-qcedjpsm-18790-20211110429714-ixbrl.htm
2021-11-12	四半期	当期第2四半期累計				四半期	QuarterlyPeriod	2	Pure	2	CurrentAccumulatedQ2Instant	/disc/18790/081220211110429714_tse-qcedjpsm-18790-20211110429714-ixbrl.htm
2022-02-14	四半期	当期第3四半期累計				書類名	DocumentName			第3四半期決算短信〔日本基準〕（連結）	CurrentAccumulatedQ3Instant	/disc/18790/081220220208583246_tse-qcedjpsm-18790-20220208583246-ixbrl.htm
2022-02-14	四半期	当期第3四半期累計				提出日	FilingDate			2022年2月14日	CurrentAccumulatedQ3Instant	/disc/18790/081220220208583246_tse-qcedjpsm-18790-20220208583246-ixbrl.htm
2022-02-14	四半期	当期第3四半期累計				会社名	CompanyName			新日本建設株式会社	CurrentAccumulatedQ3Instant	/disc/18790/081220220208583246_tse-qcedjpsm-18790-20220208583246-ixbrl.htm
2022-02-14	四半期	当期第3四半期累計					TokyoStockExchange			東	CurrentAccumulatedQ3Instant	/disc/18790/081220220208583246_tse-qcedjpsm-18790-20220208583246-ixbrl.htm
2022-02-14	四半期	当期第3四半期累計				証券コード	SecuritiesCode			18790	CurrentAccumulatedQ3Instant	/disc/18790/081220220208583246_tse-qcedjpsm-18790-20220208583246-ixbrl.htm
2022-02-14	四半期	当期第3四半期累計				URL	URL			http://www.shinnihon-c.co.jp/	CurrentAccumulatedQ3Instant	/disc/18790/081220220208583246_tse-qcedjpsm-18790-20220208583246-ixbrl.htm
2022-02-14	四半期	当期第3四半期累計				代表者の役職	TitleRepresentative			代表取締役社長	CurrentAccumulatedQ3Instant	/disc/18790/081220220208583246_tse-qcedjpsm-18790-20220208583246-ixbrl.htm
2022-02-14	四半期	当期第3四半期累計				代表者名	NameRepresentative			高見 克司	CurrentAccumulatedQ3Instant	/disc/18790/081220220208583246_tse-qcedjpsm-18790-20220208583246-ixbrl.htm
2022-02-14	四半期	当期第3四半期累計					TitleInquiries			取締役常務執行役員管理本部長	CurrentAccumulatedQ3Instant	/disc/18790/081220220208583246_tse-qcedjpsm-18790-20220208583246-ixbrl.htm
2022-02-14	四半期	当期第3四半期累計					NameInquiries			高橋 苗樹	CurrentAccumulatedQ3Instant	/disc/18790/081220220208583246_tse-qcedjpsm-18790-20220208583246-ixbrl.htm
2022-02-14	四半期	当期第3四半期累計					Tel			043-213-1111	CurrentAccumulatedQ3Instant	/disc/18790/081220220208583246_tse-qcedjpsm-18790-20220208583246-ixbrl.htm
2022-02-14	四半期	当期第3四半期累計					QuarterlyStatementFilingDateAsPlanned			2022年2月14日	CurrentAccumulatedQ3Instant	/disc/18790/081220220208583246_tse-qcedjpsm-18790-20220208583246-ixbrl.htm
2022-02-14	四半期	当期第3四半期累計					SupplementalMaterialOfQuarterlyResults			無	CurrentAccumulatedQ3Instant	/disc/18790/081220220208583246_tse-qcedjpsm-18790-20220208583246-ixbrl.htm
2022-02-14	四半期	当期第3四半期累計					ConveningBriefingOfQuarterlyResults			無	CurrentAccumulatedQ3Instant	/disc/18790/081220220208583246_tse-qcedjpsm-18790-20220208583246-ixbrl.htm
2022-02-14	四半期	当期第3四半期累計					NoteToFractionProcessingMethod			（百万円未満切捨て）	CurrentAccumulatedQ3Instant	/disc/18790/081220220208583246_tse-qcedjpsm-18790-20220208583246-ixbrl.htm
2022-02-14	四半期	当期第3四半期累計	連結	実績		売上高	NetSales	69702000000	JPY	69,702	CurrentAccumulatedQ3Duration_ConsolidatedMember_ResultMember	/disc/18790/081220220208583246_tse-qcedjpsm-18790-20220208583246-ixbrl.htm
2022-02-14	四半期	当期第3四半期累計	連結	実績		売上高の増減率	ChangeInNetSales	0.148	Pure	14.8	CurrentAccumulatedQ3Duration_ConsolidatedMember_ResultMember	/disc/18790/081220220208583246_tse-qcedjpsm-18790-20220208583246-ixbrl.htm
2022-02-14	四半期	当期第3四半期累計	連結	実績		営業利益	OperatingIncome	9406000000	JPY	9,406	CurrentAccumulatedQ3Duration_ConsolidatedMember_ResultMember	/disc/18790/081220220208583246_tse-qcedjpsm-18790-20220208583246-ixbrl.htm
2022-02-14	四半期	当期第3四半期累計	連結	実績		営業利益の増減率	ChangeInOperatingIncome	0.263	Pure	26.3	CurrentAccumulatedQ3Duration_ConsolidatedMember_ResultMember	/disc/18790/081220220208583246_tse-qcedjpsm-18790-20220208583246-ixbrl.htm
2022-02-14	四半期	当期第3四半期累計	連結	実績		経常利益	OrdinaryIncome	9440000000	JPY	9,440	CurrentAccumulatedQ3Duration_ConsolidatedMember_ResultMember	/disc/18790/081220220208583246_tse-qcedjpsm-18790-20220208583246-ixbrl.htm
2022-02-14	四半期	当期第3四半期累計	連結	実績		経常利益の増減率	ChangeInOrdinaryIncome	0.263	Pure	26.3	CurrentAccumulatedQ3Duration_ConsolidatedMember_ResultMember	/disc/18790/081220220208583246_tse-qcedjpsm-18790-20220208583246-ixbrl.htm
2022-02-14	四半期	当期第3四半期累計	連結	実績		親会社株主に帰属する当期純利益	ProfitAttributableToOwnersOfParent	6527000000	JPY	6,527	CurrentAccumulatedQ3Duration_ConsolidatedMember_ResultMember	/disc/18790/081220220208583246_tse-qcedjpsm-18790-20220208583246-ixbrl.htm
2022-02-14	四半期	当期第3四半期累計	連結	実績		親会社株主に帰属する当期純利益の増減率	ChangeInProfitAttributableToOwnersOfParent	0.267	Pure	26.7	CurrentAccumulatedQ3Duration_ConsolidatedMember_ResultMember	/disc/18790/081220220208583246_tse-qcedjpsm-18790-20220208583246-ixbrl.htm
2022-02-14	四半期	前期第3四半期累計	連結	実績		売上高	NetSales	60692000000	JPY	60,692	PriorAccumulatedQ3Duration_ConsolidatedMember_ResultMember	/disc/18790/081220220208583246_tse-qcedjpsm-18790-20220208583246-ixbrl.htm
2022-02-14	四半期	前期第3四半期累計	連結	実績		売上高の増減率	ChangeInNetSales	-0.187	Pure	18.7	PriorAccumulatedQ3Duration_ConsolidatedMember_ResultMember	/disc/18790/081220220208583246_tse-qcedjpsm-18790-20220208583246-ixbrl.htm
2022-02-14	四半期	前期第3四半期累計	連結	実績		営業利益	OperatingIncome	7448000000	JPY	7,448	PriorAccumulatedQ3Duration_ConsolidatedMember_ResultMember	/disc/18790/081220220208583246_tse-qcedjpsm-18790-20220208583246-ixbrl.htm
2022-02-14	四半期	前期第3四半期累計	連結	実績		営業利益の増減率	ChangeInOperatingIncome	-0.209	Pure	20.9	PriorAccumulatedQ3Duration_ConsolidatedMember_ResultMember	/disc/18790/081220220208583246_tse-qcedjpsm-18790-20220208583246-ixbrl.htm
2022-02-14	四半期	前期第3四半期累計	連結	実績		経常利益	OrdinaryIncome	7473000000	JPY	7,473	PriorAccumulatedQ3Duration_ConsolidatedMember_ResultMember	/disc/18790/081220220208583246_tse-qcedjpsm-18790-20220208583246-ixbrl.htm
2022-02-14	四半期	前期第3四半期累計	連結	実績		経常利益の増減率	ChangeInOrdinaryIncome	-0.214	Pure	21.4	PriorAccumulatedQ3Duration_ConsolidatedMember_ResultMember	/disc/18790/081220220208583246_tse-qcedjpsm-18790-20220208583246-ixbrl.htm
2022-02-14	四半期	前期第3四半期累計	連結	実績		親会社株主に帰属する当期純利益	ProfitAttributableToOwnersOfParent	5151000000	JPY	5,151	PriorAccumulatedQ3Duration_ConsolidatedMember_ResultMember	/disc/18790/081220220208583246_tse-qcedjpsm-18790-20220208583246-ixbrl.htm
2022-02-14	四半期	前期第3四半期累計	連結	実績		親会社株主に帰属する当期純利益の増減率	ChangeInProfitAttributableToOwnersOfParent	-0.259	Pure	25.9	PriorAccumulatedQ3Duration_ConsolidatedMember_ResultMember	/disc/18790/081220220208583246_tse-qcedjpsm-18790-20220208583246-ixbrl.htm
2022-02-14	四半期	当期第3四半期累計	連結	実績		包括利益	ComprehensiveIncome	6511000000	JPY	6,511	CurrentAccumulatedQ3Duration_ConsolidatedMember_ResultMember	/disc/18790/081220220208583246_tse-qcedjpsm-18790-20220208583246-ixbrl.htm
2022-02-14	四半期	当期第3四半期累計	連結	実績		包括利益の増減率	ChangeInComprehensiveIncome	0.254	Pure	25.4	CurrentAccumulatedQ3Duration_ConsolidatedMember_ResultMember	/disc/18790/081220220208583246_tse-qcedjpsm-18790-20220208583246-ixbrl.htm
2022-02-14	四半期	前期第3四半期累計	連結	実績		包括利益	ComprehensiveIncome	5193000000	JPY	5,193	PriorAccumulatedQ3Duration_ConsolidatedMember_ResultMember	/disc/18790/081220220208583246_tse-qcedjpsm-18790-20220208583246-ixbrl.htm
2022-02-14	四半期	前期第3四半期累計	連結	実績		包括利益の増減率	ChangeInComprehensiveIncome	-0.259	Pure	25.9	PriorAccumulatedQ3Duration_ConsolidatedMember_ResultMember	/disc/18790/081220220208583246_tse-qcedjpsm-18790-20220208583246-ixbrl.htm
2022-02-14	四半期	当期第3四半期累計	連結	実績		1株当たり当期純利益	NetIncomePerShare	111.65	JPYPerShares	111.65	CurrentAccumulatedQ3Duration_ConsolidatedMember_ResultMember	/disc/18790/081220220208583246_tse-qcedjpsm-18790-20220208583246-ixbrl.htm
2022-02-14	四半期	前期第3四半期累計	連結	実績		1株当たり当期純利益	NetIncomePerShare	88.12	JPYPerShares	88.12	PriorAccumulatedQ3Duration_ConsolidatedMember_ResultMember	/disc/18790/081220220208583246_tse-qcedjpsm-18790-20220208583246-ixbrl.htm
2022-02-14	四半期	当期第3四半期累計	連結	実績		総資産	TotalAssets	131702000000	JPY	131,702	CurrentAccumulatedQ3Instant_ConsolidatedMember_ResultMember	/disc/18790/081220220208583246_tse-qcedjpsm-18790-20220208583246-ixbrl.htm
2022-02-14	四半期	当期第3四半期累計	連結	実績		純資産	NetAssets	87301000000	JPY	87,301	CurrentAccumulatedQ3Instant_ConsolidatedMember_ResultMember	/disc/18790/081220220208583246_tse-qcedjpsm-18790-20220208583246-ixbrl.htm
2022-02-14	四半期	当期第3四半期累計	連結	実績		自己資本比率	CapitalAdequacyRatio	0.663	Pure	66.3	CurrentAccumulatedQ3Instant_ConsolidatedMember_ResultMember	/disc/18790/081220220208583246_tse-qcedjpsm-18790-20220208583246-ixbrl.htm
2022-02-14	四半期	前期	連結	実績		総資産	TotalAssets	126552000000	JPY	126,552	PriorYearInstant_ConsolidatedMember_ResultMember	/disc/18790/081220220208583246_tse-qcedjpsm-18790-20220208583246-ixbrl.htm
2022-02-14	四半期	前期	連結	実績		純資産	NetAssets	81901000000	JPY	81,901	PriorYearInstant_ConsolidatedMember_ResultMember	/disc/18790/081220220208583246_tse-qcedjpsm-18790-20220208583246-ixbrl.htm
2022-02-14	四半期	前期	連結	実績		自己資本比率	CapitalAdequacyRatio	0.647	Pure	64.7	PriorYearInstant_ConsolidatedMember_ResultMember	/disc/18790/081220220208583246_tse-qcedjpsm-18790-20220208583246-ixbrl.htm
2022-02-14	四半期	当期第3四半期累計	連結	実績		自己資本	OwnersEquity	87301000000	JPY	87,301	CurrentAccumulatedQ3Instant_ConsolidatedMember_ResultMember	/disc/18790/081220220208583246_tse-qcedjpsm-18790-20220208583246-ixbrl.htm
2022-02-14	四半期	前期	連結	実績		自己資本	OwnersEquity	81901000000	JPY	81,901	PriorYearInstant_ConsolidatedMember_ResultMember	/disc/18790/081220220208583246_tse-qcedjpsm-18790-20220208583246-ixbrl.htm
2022-02-14	四半期	前期	単体	実績	第2四半期末	1株当たり配当金	DividendPerShare	9.00	JPYPerShares	9.00	PriorYearDuration_SecondQuarterMember_NonConsolidatedMember_ResultMember	/disc/18790/081220220208583246_tse-qcedjpsm-18790-20220208583246-ixbrl.htm
2022-02-14	四半期	前期	単体	実績	期末	1株当たり配当金	DividendPerShare	10.00	JPYPerShares	10.00	PriorYearDuration_YearEndMember_NonConsolidatedMember_ResultMember	/disc/18790/081220220208583246_tse-qcedjpsm-18790-20220208583246-ixbrl.htm
2022-02-14	四半期	前期	単体	実績	合計	1株当たり配当金	DividendPerShare	19.00	JPYPerShares	19.00	PriorYearDuration_AnnualMember_NonConsolidatedMember_ResultMember	/disc/18790/081220220208583246_tse-qcedjpsm-18790-20220208583246-ixbrl.htm
2022-02-14	四半期	当期	単体	実績	第2四半期末	1株当たり配当金	DividendPerShare	9.00	JPYPerShares	9.00	CurrentYearDuration_SecondQuarterMember_NonConsolidatedMember_ResultMember	/disc/18790/081220220208583246_tse-qcedjpsm-18790-20220208583246-ixbrl.htm
2022-02-14	四半期	当期	単体	予想	期末	1株当たり配当金	DividendPerShare	10.00	JPYPerShares	10.00	CurrentYearDuration_YearEndMember_NonConsolidatedMember_ForecastMember	/disc/18790/081220220208583246_tse-qcedjpsm-18790-20220208583246-ixbrl.htm
2022-02-14	四半期	当期	単体	予想	合計	1株当たり配当金	DividendPerShare	19.00	JPYPerShares	19.00	CurrentYearDuration_AnnualMember_NonConsolidatedMember_ForecastMember	/disc/18790/081220220208583246_tse-qcedjpsm-18790-20220208583246-ixbrl.htm
2022-02-14	四半期	当期	単体	実績	合計	当四半期における配当予想の修正	CorrectionOfDividendForecastInThisQuarter			無	CurrentYearDuration_AnnualMember_NonConsolidatedMember_ResultMember	/disc/18790/081220220208583246_tse-qcedjpsm-18790-20220208583246-ixbrl.htm
2022-02-14	四半期	当期	連結	予想		業績予想の見出し	TitleForForecasts			3. 2022年 3月期の連結業績予想（2021年 4月 1日～2022年 3月31日）	CurrentYearDuration_ConsolidatedMember_ForecastMember	/disc/18790/081220220208583246_tse-qcedjpsm-18790-20220208583246-ixbrl.htm
2022-02-14	四半期	当期	連結	予想		売上高	NetSales	110000000000	JPY	110,000	CurrentYearDuration_ConsolidatedMember_ForecastMember	/disc/18790/081220220208583246_tse-qcedjpsm-18790-20220208583246-ixbrl.htm
2022-02-14	四半期	当期	連結	予想		売上高の増減率	ChangeInNetSales	0.081	Pure	8.1	CurrentYearDuration_ConsolidatedMember_ForecastMember	/disc/18790/081220220208583246_tse-qcedjpsm-18790-20220208583246-ixbrl.htm
2022-02-14	四半期	当期	連結	予想		営業利益	OperatingIncome	14300000000	JPY	14,300	CurrentYearDuration_ConsolidatedMember_ForecastMember	/disc/18790/081220220208583246_tse-qcedjpsm-18790-20220208583246-ixbrl.htm
2022-02-14	四半期	当期	連結	予想		営業利益の増減率	ChangeInOperatingIncome	0.028	Pure	2.8	CurrentYearDuration_ConsolidatedMember_ForecastMember	/disc/18790/081220220208583246_tse-qcedjpsm-18790-20220208583246-ixbrl.htm
2022-02-14	四半期	当期	連結	予想		経常利益	OrdinaryIncome	14300000000	JPY	14,300	CurrentYearDuration_ConsolidatedMember_ForecastMember	/disc/18790/081220220208583246_tse-qcedjpsm-18790-20220208583246-ixbrl.htm
2022-02-14	四半期	当期	連結	予想		経常利益の増減率	ChangeInOrdinaryIncome	0.026	Pure	2.6	CurrentYearDuration_ConsolidatedMember_ForecastMember	/disc/18790/081220220208583246_tse-qcedjpsm-18790-20220208583246-ixbrl.htm
2022-02-14	四半期	当期	連結	予想		親会社株主に帰属する当期純利益	ProfitAttributableToOwnersOfParent	10000000000	JPY	10,000	CurrentYearDuration_ConsolidatedMember_ForecastMember	/disc/18790/081220220208583246_tse-qcedjpsm-18790-20220208583246-ixbrl.htm
2022-02-14	四半期	当期	連結	予想		親会社株主に帰属する当期純利益の増減率	ChangeInProfitAttributableToOwnersOfParent	0.038	Pure	3.8	CurrentYearDuration_ConsolidatedMember_ForecastMember	/disc/18790/081220220208583246_tse-qcedjpsm-18790-20220208583246-ixbrl.htm
2022-02-14	四半期	当期	連結	予想		1株当たり当期純利益	NetIncomePerShare	171.06	JPYPerShares	171.06	CurrentYearDuration_ConsolidatedMember_ForecastMember	/disc/18790/081220220208583246_tse-qcedjpsm-18790-20220208583246-ixbrl.htm
2022-02-14	四半期	当期	連結	予想		当四半期における業績予想の修正	CorrectionOfConsolidatedFinancialForecastInThisQuarter			無	CurrentYearDuration_ConsolidatedMember_ForecastMember	/disc/18790/081220220208583246_tse-qcedjpsm-18790-20220208583246-ixbrl.htm
2022-02-14	四半期	当期第3四半期累計	連結	実績			MaterialChangesInSubsidiariesDuringThisPeriodChangesInScopeOfConsolidationsResultingFromChangeIsSubsidiaries			無	CurrentAccumulatedQ3Duration_ConsolidatedMember_ResultMember	/disc/18790/081220220208583246_tse-qcedjpsm-18790-20220208583246-ixbrl.htm
2022-02-14	四半期	当期第3四半期累計	連結	実績			ApplyingOfSpecificAccountingOfTheConsolidatedQuarterlyFinancialStatements			無	CurrentAccumulatedQ3Duration_ConsolidatedMember_ResultMember	/disc/18790/081220220208583246_tse-qcedjpsm-18790-20220208583246-ixbrl.htm
2022-02-14	四半期	当期第3四半期累計	連結	実績		会計基準等の改正に伴う変更	ChangesBasedOnRevisionsOfAccountingStandard			有	CurrentAccumulatedQ3Duration_ConsolidatedMember_ResultMember	/disc/18790/081220220208583246_tse-qcedjpsm-18790-20220208583246-ixbrl.htm
2022-02-14	四半期	当期第3四半期累計	連結	実績		それ以外の会計方針の変更	ChangesOtherThanOnesBasedOnRevisionsOfAccountingStandard			無	CurrentAccumulatedQ3Duration_ConsolidatedMember_ResultMember	/disc/18790/081220220208583246_tse-qcedjpsm-18790-20220208583246-ixbrl.htm
2022-02-14	四半期	当期第3四半期累計	連結	実績		会計上の見積りの変更	ChangesInAccountingEstimates			無	CurrentAccumulatedQ3Duration_ConsolidatedMember_ResultMember	/disc/18790/081220220208583246_tse-qcedjpsm-18790-20220208583246-ixbrl.htm
2022-02-14	四半期	当期第3四半期累計	連結	実績		修正再表示	RetrospectiveRestatement			無	CurrentAccumulatedQ3Duration_ConsolidatedMember_ResultMember	/disc/18790/081220220208583246_tse-qcedjpsm-18790-20220208583246-ixbrl.htm
2022-02-14	四半期	当期第3四半期累計	連結	実績			NoteToChangesInAccountingPoliciesAccountingEstimatesAndRetrospectiveRestatementQuarterlyConsolidated			（注）詳細は、添付資料７ページ「四半期連結財務諸表に関する注記事項（会計方針の変更）」をご覧ください。	CurrentAccumulatedQ3Duration_ConsolidatedMember_ResultMember	/disc/18790/081220220208583246_tse-qcedjpsm-18790-20220208583246-ixbrl.htm
2022-02-14	四半期	当期第3四半期累計	単体	実績		期末発行済株式数(自己株式を含む)	NumberOfIssuedAndOutstandingSharesAtTheEndOfFiscalYearIncludingTreasuryStock	61360720	Shares	61,360,720	CurrentAccumulatedQ3Instant_NonConsolidatedMember_ResultMember	/disc/18790/081220220208583246_tse-qcedjpsm-18790-20220208583246-ixbrl.htm
2022-02-14	四半期	前期	単体	実績		期末発行済株式数(自己株式を含む)	NumberOfIssuedAndOutstandingSharesAtTheEndOfFiscalYearIncludingTreasuryStock	61360720	Shares	61,360,720	PriorYearInstant_NonConsolidatedMember_ResultMember	/disc/18790/081220220208583246_tse-qcedjpsm-18790-20220208583246-ixbrl.htm
2022-02-14	四半期	当期第3四半期累計	単体	実績		期末自己株式数	NumberOfTreasuryStockAtTheEndOfFiscalYear	2900836	Shares	2,900,836	CurrentAccumulatedQ3Instant_NonConsolidatedMember_ResultMember	/disc/18790/081220220208583246_tse-qcedjpsm-18790-20220208583246-ixbrl.htm
2022-02-14	四半期	前期	単体	実績		期末自己株式数	NumberOfTreasuryStockAtTheEndOfFiscalYear	2900430	Shares	2,900,430	PriorYearInstant_NonConsolidatedMember_ResultMember	/disc/18790/081220220208583246_tse-qcedjpsm-18790-20220208583246-ixbrl.htm
2022-02-14	四半期	当期第3四半期累計	単体	実績		期中平均株式数	AverageNumberOfShares	58460142	Shares	58,460,142	CurrentAccumulatedQ3Duration_NonConsolidatedMember_ResultMember	/disc/18790/081220220208583246_tse-qcedjpsm-18790-20220208583246-ixbrl.htm
2022-02-14	四半期	前期第3四半期累計	単体	実績		期中平均株式数	AverageNumberOfShares	58460654	Shares	58,460,654	PriorAccumulatedQ3Duration_NonConsolidatedMember_ResultMember	/disc/18790/081220220208583246_tse-qcedjpsm-18790-20220208583246-ixbrl.htm
2022-02-14	四半期	当期				将来情報の利用に関する注意	NotesForUsingForecastedInformationAndOthers			本資料に記載されている業績見通し等の将来に関する記述は、当社が現在入手している情報及び合理的であると判断する一定の前提に基づいており、その達成を当社として約束する趣旨のものではありません。また、実際の業績等は様々な要因により大きく異なる可能性があります。	CurrentYearDuration	/disc/18790/081220220208583246_tse-qcedjpsm-18790-20220208583246-ixbrl.htm
2022-02-14	四半期	当期				決算期末	FiscalYearEnd			2022-03-31	CurrentYearInstant	/disc/18790/081220220208583246_tse-qcedjpsm-18790-20220208583246-ixbrl.htm
2022-02-14	四半期	当期第3四半期累計				四半期	QuarterlyPeriod	3	Pure	3	CurrentAccumulatedQ3Instant	/disc/18790/081220220208583246_tse-qcedjpsm-18790-20220208583246-ixbrl.htm
2022-05-11	年次	当期				書類名	DocumentName			決算短信〔日本基準〕（連結）	CurrentYearInstant	/disc/18790/081220220509535991_tse-acedjpsm-18790-20220509535991-ixbrl.htm
2022-05-11	年次	当期				提出日	FilingDate			2022年5月11日	CurrentYearInstant	/disc/18790/081220220509535991_tse-acedjpsm-18790-20220509535991-ixbrl.htm
2022-05-11	年次	当期				会社名	CompanyName			新日本建設株式会社	CurrentYearInstant	/disc/18790/081220220509535991_tse-acedjpsm-18790-20220509535991-ixbrl.htm
2022-05-11	年次	当期					TokyoStockExchange			東	CurrentYearInstant	/disc/18790/081220220509535991_tse-acedjpsm-18790-20220509535991-ixbrl.htm
2022-05-11	年次	当期				証券コード	SecuritiesCode			18790	CurrentYearInstant	/disc/18790/081220220509535991_tse-acedjpsm-18790-20220509535991-ixbrl.htm
2022-05-11	年次	当期				URL	URL			http://www.shinnihon-c.co.jp/	CurrentYearInstant	/disc/18790/081220220509535991_tse-acedjpsm-18790-20220509535991-ixbrl.htm
2022-05-11	年次	当期				代表者の役職	TitleRepresentative			代表取締役社長	CurrentYearInstant	/disc/18790/081220220509535991_tse-acedjpsm-18790-20220509535991-ixbrl.htm
2022-05-11	年次	当期				代表者名	NameRepresentative			高見 克司	CurrentYearInstant	/disc/18790/081220220509535991_tse-acedjpsm-18790-20220509535991-ixbrl.htm
2022-05-11	年次	当期					TitleInquiries			取締役常務執行役員管理本部長	CurrentYearInstant	/disc/18790/081220220509535991_tse-acedjpsm-18790-20220509535991-ixbrl.htm
2022-05-11	年次	当期					NameInquiries			高橋 苗樹	CurrentYearInstant	/disc/18790/081220220509535991_tse-acedjpsm-18790-20220509535991-ixbrl.htm
2022-05-11	年次	当期					Tel			043-213-1111	CurrentYearInstant	/disc/18790/081220220509535991_tse-acedjpsm-18790-20220509535991-ixbrl.htm
2022-05-11	年次	当期					DateOfGeneralShareholdersMeetingAsPlanned			2022年6月29日	CurrentYearInstant	/disc/18790/081220220509535991_tse-acedjpsm-18790-20220509535991-ixbrl.htm
2022-05-11	年次	当期					DividendPayableDateAsPlanned			2022年6月30日	CurrentYearInstant	/disc/18790/081220220509535991_tse-acedjpsm-18790-20220509535991-ixbrl.htm
2022-05-11	年次	当期					AnnualSecuritiesReportFilingDateAsPlanned			2022年6月29日	CurrentYearInstant	/disc/18790/081220220509535991_tse-acedjpsm-18790-20220509535991-ixbrl.htm
2022-05-11	年次	当期					SupplementalMaterialOfAnnualResults			有	CurrentYearInstant	/disc/18790/081220220509535991_tse-acedjpsm-18790-20220509535991-ixbrl.htm
2022-05-11	年次	当期					ConveningBriefingOfAnnualResults			無	CurrentYearInstant	/disc/18790/081220220509535991_tse-acedjpsm-18790-20220509535991-ixbrl.htm
2022-05-11	年次	当期					NoteToFractionProcessingMethod			（百万円未満切捨て）	CurrentYearInstant	/disc/18790/081220220509535991_tse-acedjpsm-18790-20220509535991-ixbrl.htm
2022-05-11	年次	当期	連結	実績		売上高	NetSales	107092000000	JPY	107,092	CurrentYearDuration_ConsolidatedMember_ResultMember	/disc/18790/081220220509535991_tse-acedjpsm-18790-20220509535991-ixbrl.htm
2022-05-11	年次	当期	連結	実績		売上高の増減率	ChangeInNetSales	0.052	Pure	5.2	CurrentYearDuration_ConsolidatedMember_ResultMember	/disc/18790/081220220509535991_tse-acedjpsm-18790-20220509535991-ixbrl.htm
2022-05-11	年次	当期	連結	実績		営業利益	OperatingIncome	15549000000	JPY	15,549	CurrentYearDuration_ConsolidatedMember_ResultMember	/disc/18790/081220220509535991_tse-acedjpsm-18790-20220509535991-ixbrl.htm
2022-05-11	年次	当期	連結	実績		営業利益の増減率	ChangeInOperatingIncome	0.118	Pure	11.8	CurrentYearDuration_ConsolidatedMember_ResultMember	/disc/18790/081220220509535991_tse-acedjpsm-18790-20220509535991-ixbrl.htm
2022-05-11	年次	当期	連結	実績		経常利益	OrdinaryIncome	15583000000	JPY	15,583	CurrentYearDuration_ConsolidatedMember_ResultMember	/disc/18790/081220220509535991_tse-acedjpsm-18790-20220509535991-ixbrl.htm
2022-05-11	年次	当期	連結	実績		経常利益の増減率	ChangeInOrdinaryIncome	0.118	Pure	11.8	CurrentYearDuration_ConsolidatedMember_ResultMember	/disc/18790/081220220509535991_tse-acedjpsm-18790-20220509535991-ixbrl.htm
2022-05-11	年次	当期	連結	実績		親会社株主に帰属する当期純利益	ProfitAttributableToOwnersOfParent	10796000000	JPY	10,796	CurrentYearDuration_ConsolidatedMember_ResultMember	/disc/18790/081220220509535991_tse-acedjpsm-18790-20220509535991-ixbrl.htm
2022-05-11	年次	当期	連結	実績		親会社株主に帰属する当期純利益の増減率	ChangeInProfitAttributableToOwnersOfParent	0.121	Pure	12.1	CurrentYearDuration_ConsolidatedMember_ResultMember	/disc/18790/081220220509535991_tse-acedjpsm-18790-20220509535991-ixbrl.htm
2022-05-11	年次	前期	連結	実績		売上高	NetSales	101785000000	JPY	101,785	PriorYearDuration_ConsolidatedMember_ResultMember	/disc/18790/081220220509535991_tse-acedjpsm-18790-20220509535991-ixbrl.htm
2022-05-11	年次	前期	連結	実績		売上高の増減率	ChangeInNetSales	-0.096	Pure	9.6	PriorYearDuration_ConsolidatedMember_ResultMember	/disc/18790/081220220509535991_tse-acedjpsm-18790-20220509535991-ixbrl.htm
2022-05-11	年次	前期	連結	実績		営業利益	OperatingIncome	13904000000	JPY	13,904	PriorYearDuration_ConsolidatedMember_ResultMember	/disc/18790/081220220509535991_tse-acedjpsm-18790-20220509535991-ixbrl.htm
2022-05-11	年次	前期	連結	実績		営業利益の増減率	ChangeInOperatingIncome	-0.041	Pure	4.1	PriorYearDuration_ConsolidatedMember_ResultMember	/disc/18790/081220220509535991_tse-acedjpsm-18790-20220509535991-ixbrl.htm
2022-05-11	年次	前期	連結	実績		経常利益	OrdinaryIncome	13932000000	JPY	13,932	PriorYearDuration_ConsolidatedMember_ResultMember	/disc/18790/081220220509535991_tse-acedjpsm-18790-20220509535991-ixbrl.htm
2022-05-11	年次	前期	連結	実績		経常利益の増減率	ChangeInOrdinaryIncome	-0.046	Pure	4.6	PriorYearDuration_ConsolidatedMember_ResultMember	/disc/18790/081220220509535991_tse-acedjpsm-18790-20220509535991-ixbrl.htm
2022-05-11	年次	前期	連結	実績		親会社株主に帰属する当期純利益	ProfitAttributableToOwnersOfParent	9630000000	JPY	9,630	PriorYearDuration_ConsolidatedMember_ResultMember	/disc/18790/081220220509535991_tse-acedjpsm-18790-20220509535991-ixbrl.htm
2022-05-11	年次	前期	連結	実績		親会社株主に帰属する当期純利益の増減率	ChangeInProfitAttributableToOwnersOfParent	-0.086	Pure	8.6	PriorYearDuration_ConsolidatedMember_ResultMember	/disc/18790/081220220509535991_tse-acedjpsm-18790-20220509535991-ixbrl.htm
2022-05-11	年次	当期	連結	実績		包括利益	ComprehensiveIncome	10823000000	JPY	10,823	CurrentYearDuration_ConsolidatedMember_ResultMember	/disc/18790/081220220509535991_tse-acedjpsm-18790-20220509535991-ixbrl.htm
2022-05-11	年次	当期	連結	実績		包括利益の増減率	ChangeInComprehensiveIncome	0.111	Pure	11.1	CurrentYearDuration_ConsolidatedMember_ResultMember	/disc/18790/081220220509535991_tse-acedjpsm-18790-20220509535991-ixbrl.htm
2022-05-11	年次	前期	連結	実績		包括利益	ComprehensiveIncome	9738000000	JPY	9,738	PriorYearDuration_ConsolidatedMember_ResultMember	/disc/18790/081220220509535991_tse-acedjpsm-18790-20220509535991-ixbrl.htm
2022-05-11	年次	前期	連結	実績		包括利益の増減率	ChangeInComprehensiveIncome	-0.073	Pure	7.3	PriorYearDuration_ConsolidatedMember_ResultMember	/disc/18790/081220220509535991_tse-acedjpsm-18790-20220509535991-ixbrl.htm
2022-05-11	年次	当期	連結	実績		1株当たり当期純利益	NetIncomePerShare	184.68	JPYPerShares	184.68	CurrentYearDuration_ConsolidatedMember_ResultMember	/disc/18790/081220220509535991_tse-acedjpsm-18790-20220509535991-ixbrl.htm
2022-05-11	年次	当期	連結	実績		自己資本当期純利益率(ROE)	NetIncomeToShareholdersEquityRatio	0.124	Pure	12.4	CurrentYearDuration_ConsolidatedMember_ResultMember	/disc/18790/081220220509535991_tse-acedjpsm-18790-20220509535991-ixbrl.htm
2022-05-11	年次	当期	連結	実績		総資産経常利益率(ROA)	OrdinaryIncomeToTotalAssetsRatio	0.117	Pure	11.7	CurrentYearDuration_ConsolidatedMember_ResultMember	/disc/18790/081220220509535991_tse-acedjpsm-18790-20220509535991-ixbrl.htm
2022-05-11	年次	当期	連結	実績		売上高営業利益率	OperatingIncomeToNetSalesRatio	0.145	Pure	14.5	CurrentYearDuration_ConsolidatedMember_ResultMember	/disc/18790/081220220509535991_tse-acedjpsm-18790-20220509535991-ixbrl.htm
2022-05-11	年次	前期	連結	実績		1株当たり当期純利益	NetIncomePerShare	164.73	JPYPerShares	164.73	PriorYearDuration_ConsolidatedMember_ResultMember	/disc/18790/081220220509535991_tse-acedjpsm-18790-20220509535991-ixbrl.htm
2022-05-11	年次	前期	連結	実績		自己資本当期純利益率(ROE)	NetIncomeToShareholdersEquityRatio	0.124	Pure	12.4	PriorYearDuration_ConsolidatedMember_ResultMember	/disc/18790/081220220509535991_tse-acedjpsm-18790-20220509535991-ixbrl.htm
2022-05-11	年次	前期	連結	実績		総資産経常利益率(ROA)	OrdinaryIncomeToTotalAssetsRatio	0.114	Pure	11.4	PriorYearDuration_ConsolidatedMember_ResultMember	/disc/18790/081220220509535991_tse-acedjpsm-18790-20220509535991-ixbrl.htm
2022-05-11	年次	前期	連結	実績		売上高営業利益率	OperatingIncomeToNetSalesRatio	0.137	Pure	13.7	PriorYearDuration_ConsolidatedMember_ResultMember	/disc/18790/081220220509535991_tse-acedjpsm-18790-20220509535991-ixbrl.htm
2022-05-11	年次	当期	連結	実績		総資産	TotalAssets	140177000000	JPY	140,177	CurrentYearInstant_ConsolidatedMember_ResultMember	/disc/18790/081220220509535991_tse-acedjpsm-18790-20220509535991-ixbrl.htm
2022-05-11	年次	当期	連結	実績		純資産	NetAssets	91613000000	JPY	91,613	CurrentYearInstant_ConsolidatedMember_ResultMember	/disc/18790/081220220509535991_tse-acedjpsm-18790-20220509535991-ixbrl.htm
2022-05-11	年次	当期	連結	実績		自己資本比率	CapitalAdequacyRatio	0.654	Pure	65.4	CurrentYearInstant_ConsolidatedMember_ResultMember	/disc/18790/081220220509535991_tse-acedjpsm-18790-20220509535991-ixbrl.htm
2022-05-11	年次	当期	連結	実績		1株当たり純資産	NetAssetsPerShare	1567.12	JPYPerShares	1,567.12	CurrentYearInstant_ConsolidatedMember_ResultMember	/disc/18790/081220220509535991_tse-acedjpsm-18790-20220509535991-ixbrl.htm
2022-05-11	年次	前期	連結	実績		総資産	TotalAssets	126552000000	JPY	126,552	PriorYearInstant_ConsolidatedMember_ResultMember	/disc/18790/081220220509535991_tse-acedjpsm-18790-20220509535991-ixbrl.htm
2022-05-11	年次	前期	連結	実績		純資産	NetAssets	81901000000	JPY	81,901	PriorYearInstant_ConsolidatedMember_ResultMember	/disc/18790/081220220509535991_tse-acedjpsm-18790-20220509535991-ixbrl.htm
2022-05-11	年次	前期	連結	実績		自己資本比率	CapitalAdequacyRatio	0.647	Pure	64.7	PriorYearInstant_ConsolidatedMember_ResultMember	/disc/18790/081220220509535991_tse-acedjpsm-18790-20220509535991-ixbrl.htm
2022-05-11	年次	前期	連結	実績		1株当たり純資産	NetAssetsPerShare	1400.97	JPYPerShares	1,400.97	PriorYearInstant_ConsolidatedMember_ResultMember	/disc/18790/081220220509535991_tse-acedjpsm-18790-20220509535991-ixbrl.htm
2022-05-11	年次	当期	連結	実績		自己資本	OwnersEquity	91613000000	JPY	91,613	CurrentYearInstant_ConsolidatedMember_ResultMember	/disc/18790/081220220509535991_tse-acedjpsm-18790-20220509535991-ixbrl.htm
2022-05-11	年次	前期	連結	実績		自己資本	OwnersEquity	81901000000	JPY	81,901	PriorYearInstant_ConsolidatedMember_ResultMember	/disc/18790/081220220509535991_tse-acedjpsm-18790-20220509535991-ixbrl.htm
2022-05-11	年次	当期	連結	実績		営業キャッシュフロー	CashFlowsFromOperatingActivities	3766000000	JPY	3,766	CurrentYearDuration_ConsolidatedMember_ResultMember	/disc/18790/081220220509535991_tse-acedjpsm-18790-20220509535991-ixbrl.htm
2022-05-11	年次	当期	連結	実績		投資キャッシュフロー	CashFlowsFromInvestingActivities	-123000000	JPY	123	CurrentYearDuration_ConsolidatedMember_ResultMember	/disc/18790/081220220509535991_tse-acedjpsm-18790-20220509535991-ixbrl.htm
2022-05-11	年次	当期	連結	実績		財務キャッシュフロー	CashFlowsFromFinancingActivities	-1129000000	JPY	1,129	CurrentYearDuration_ConsolidatedMember_ResultMember	/disc/18790/081220220509535991_tse-acedjpsm-18790-20220509535991-ixbrl.htm
2022-05-11	年次	当期	連結	実績		現金及び現金同等物の期末残高	CashAndEquivalentsEndOfPeriod	65171000000	JPY	65,171	CurrentYearInstant_ConsolidatedMember_ResultMember	/disc/18790/081220220509535991_tse-acedjpsm-18790-20220509535991-ixbrl.htm
2022-05-11	年次	前期	連結	実績		営業キャッシュフロー	CashFlowsFromOperatingActivities	7005000000	JPY	7,005	PriorYearDuration_ConsolidatedMember_ResultMember	/disc/18790/081220220509535991_tse-acedjpsm-18790-20220509535991-ixbrl.htm
2022-05-11	年次	前期	連結	実績		投資キャッシュフロー	CashFlowsFromInvestingActivities	-403000000	JPY	403	PriorYearDuration_ConsolidatedMember_ResultMember	/disc/18790/081220220509535991_tse-acedjpsm-18790-20220509535991-ixbrl.htm
2022-05-11	年次	前期	連結	実績		財務キャッシュフロー	CashFlowsFromFinancingActivities	-1139000000	JPY	1,139	PriorYearDuration_ConsolidatedMember_ResultMember	/disc/18790/081220220509535991_tse-acedjpsm-18790-20220509535991-ixbrl.htm
2022-05-11	年次	前期	連結	実績		現金及び現金同等物の期末残高	CashAndEquivalentsEndOfPeriod	62658000000	JPY	62,658	PriorYearInstant_ConsolidatedMember_ResultMember	/disc/18790/081220220509535991_tse-acedjpsm-18790-20220509535991-ixbrl.htm
2022-05-11	年次	前期	単体	実績	第2四半期末	1株当たり配当金	DividendPerShare	9.00	JPYPerShares	9.00	PriorYearDuration_SecondQuarterMember_NonConsolidatedMember_ResultMember	/disc/18790/081220220509535991_tse-acedjpsm-18790-20220509535991-ixbrl.htm
2022-05-11	年次	前期	単体	実績	期末	1株当たり配当金	DividendPerShare	10.00	JPYPerShares	10.00	PriorYearDuration_YearEndMember_NonConsolidatedMember_ResultMember	/disc/18790/081220220509535991_tse-acedjpsm-18790-20220509535991-ixbrl.htm
2022-05-11	年次	前期	単体	実績	合計	1株当たり配当金	DividendPerShare	19.00	JPYPerShares	19.00	PriorYearDuration_AnnualMember_NonConsolidatedMember_ResultMember	/disc/18790/081220220509535991_tse-acedjpsm-18790-20220509535991-ixbrl.htm
2022-05-11	年次	前期	単体	実績	合計	配当金総額	TotalDividendPaidAnnual	1110000000	JPY	1,110	PriorYearDuration_AnnualMember_NonConsolidatedMember_ResultMember	/disc/18790/081220220509535991_tse-acedjpsm-18790-20220509535991-ixbrl.htm
2022-05-11	年次	前期	連結	実績	合計	配当性向	PayoutRatio	0.115	Pure	11.5	PriorYearDuration_AnnualMember_ConsolidatedMember_ResultMember	/disc/18790/081220220509535991_tse-acedjpsm-18790-20220509535991-ixbrl.htm
2022-05-11	年次	前期	連結	実績	合計	純資産配当率	RatioOfTotalAmountOfDividendsToNetAssets	0.014	Pure	1.4	PriorYearDuration_AnnualMember_ConsolidatedMember_ResultMember	/disc/18790/081220220509535991_tse-acedjpsm-18790-20220509535991-ixbrl.htm
2022-05-11	年次	当期	単体	実績	第2四半期末	1株当たり配当金	DividendPerShare	9.00	JPYPerShares	9.00	CurrentYearDuration_SecondQuarterMember_NonConsolidatedMember_ResultMember	/disc/18790/081220220509535991_tse-acedjpsm-18790-20220509535991-ixbrl.htm
2022-05-11	年次	当期	単体	実績	期末	1株当たり配当金	DividendPerShare	12.00	JPYPerShares	12.00	CurrentYearDuration_YearEndMember_NonConsolidatedMember_ResultMember	/disc/18790/081220220509535991_tse-acedjpsm-18790-20220509535991-ixbrl.htm
2022-05-11	年次	当期	単体	実績	合計	1株当たり配当金	DividendPerShare	21.00	JPYPerShares	21.00	CurrentYearDuration_AnnualMember_NonConsolidatedMember_ResultMember	/disc/18790/081220220509535991_tse-acedjpsm-18790-20220509535991-ixbrl.htm
2022-05-11	年次	当期	単体	実績	合計	配当金総額	TotalDividendPaidAnnual	1227000000	JPY	1,227	CurrentYearDuration_AnnualMember_NonConsolidatedMember_ResultMember	/disc/18790/081220220509535991_tse-acedjpsm-18790-20220509535991-ixbrl.htm
2022-05-11	年次	当期	連結	実績	合計	配当性向	PayoutRatio	0.114	Pure	11.4	CurrentYearDuration_AnnualMember_ConsolidatedMember_ResultMember	/disc/18790/081220220509535991_tse-acedjpsm-18790-20220509535991-ixbrl.htm
2022-05-11	年次	当期	連結	実績	合計	純資産配当率	RatioOfTotalAmountOfDividendsToNetAssets	0.014	Pure	1.4	CurrentYearDuration_AnnualMember_ConsolidatedMember_ResultMember	/disc/18790/081220220509535991_tse-acedjpsm-18790-20220509535991-ixbrl.htm
2022-05-11	年次	来期	単体	予想	第2四半期末	1株当たり配当金	DividendPerShare	10.00	JPYPerShares	10.00	NextYearDuration_SecondQuarterMember_NonConsolidatedMember_ForecastMember	/disc/18790/081220220509535991_tse-acedjpsm-18790-20220509535991-ixbrl.htm
2022-05-11	年次	来期	単体	予想	期末	1株当たり配当金	DividendPerShare	12.00	JPYPerShares	12.00	NextYearDuration_YearEndMember_NonConsolidatedMember_ForecastMember	/disc/18790/081220220509535991_tse-acedjpsm-18790-20220509535991-ixbrl.htm
2022-05-11	年次	来期	単体	予想	合計	1株当たり配当金	DividendPerShare	22.00	JPYPerShares	22.00	NextYearDuration_AnnualMember_NonConsolidatedMember_ForecastMember	/disc/18790/081220220509535991_tse-acedjpsm-18790-20220509535991-ixbrl.htm
2022-05-11	年次	来期	連結	予想	合計	配当性向	PayoutRatio	0.116	Pure	11.6	NextYearDuration_AnnualMember_ConsolidatedMember_ForecastMember	/disc/18790/081220220509535991_tse-acedjpsm-18790-20220509535991-ixbrl.htm
2022-05-11	年次	来期	連結	予想		業績予想の見出し	TitleForForecasts			3. 2023年 3月期の連結業績予想（2022年 4月 1日～2023年 3月31日）	NextYearDuration_ConsolidatedMember_ForecastMember	/disc/18790/081220220509535991_tse-acedjpsm-18790-20220509535991-ixbrl.htm
2022-05-11	年次	来期	連結	予想		売上高	NetSales	120000000000	JPY	120,000	NextYearDuration_ConsolidatedMember_ForecastMember	/disc/18790/081220220509535991_tse-acedjpsm-18790-20220509535991-ixbrl.htm
2022-05-11	年次	来期	連結	予想		売上高の増減率	ChangeInNetSales	0.121	Pure	12.1	NextYearDuration_ConsolidatedMember_ForecastMember	/disc/18790/081220220509535991_tse-acedjpsm-18790-20220509535991-ixbrl.htm
2022-05-11	年次	来期	連結	予想		営業利益	OperatingIncome	16200000000	JPY	16,200	NextYearDuration_ConsolidatedMember_ForecastMember	/disc/18790/081220220509535991_tse-acedjpsm-18790-20220509535991-ixbrl.htm
2022-05-11	年次	来期	連結	予想		営業利益の増減率	ChangeInOperatingIncome	0.042	Pure	4.2	NextYearDuration_ConsolidatedMember_ForecastMember	/disc/18790/081220220509535991_tse-acedjpsm-18790-20220509535991-ixbrl.htm
2022-05-11	年次	来期	連結	予想		経常利益	OrdinaryIncome	16200000000	JPY	16,200	NextYearDuration_ConsolidatedMember_ForecastMember	/disc/18790/081220220509535991_tse-acedjpsm-18790-20220509535991-ixbrl.htm
2022-05-11	年次	来期	連結	予想		経常利益の増減率	ChangeInOrdinaryIncome	0.040	Pure	4.0	NextYearDuration_ConsolidatedMember_ForecastMember	/disc/18790/081220220509535991_tse-acedjpsm-18790-20220509535991-ixbrl.htm
2022-05-11	年次	来期	連結	予想		親会社株主に帰属する当期純利益	ProfitAttributableToOwnersOfParent	11100000000	JPY	11,100	NextYearDuration_ConsolidatedMember_ForecastMember	/disc/18790/081220220509535991_tse-acedjpsm-18790-20220509535991-ixbrl.htm
2022-05-11	年次	来期	連結	予想		親会社株主に帰属する当期純利益の増減率	ChangeInProfitAttributableToOwnersOfParent	0.028	Pure	2.8	NextYearDuration_ConsolidatedMember_ForecastMember	/disc/18790/081220220509535991_tse-acedjpsm-18790-20220509535991-ixbrl.htm
2022-05-11	年次	来期	連結	予想		1株当たり当期純利益	NetIncomePerShare	189.87	JPYPerShares	189.87	NextYearDuration_ConsolidatedMember_ForecastMember	/disc/18790/081220220509535991_tse-acedjpsm-18790-20220509535991-ixbrl.htm
2022-05-11	年次	当期	連結	実績			MaterialChangesInSubsidiariesDuringThisPeriodChangesInScopeOfConsolidationsResultingFromChangeIsSubsidiaries			無	CurrentYearDuration_ConsolidatedMember_ResultMember	/disc/18790/081220220509535991_tse-acedjpsm-18790-20220509535991-ixbrl.htm
2022-05-11	年次	当期	連結	実績		会計基準等の改正に伴う変更	ChangesBasedOnRevisionsOfAccountingStandard			有	CurrentYearDuration_ConsolidatedMember_ResultMember	/disc/18790/081220220509535991_tse-acedjpsm-18790-20220509535991-ixbrl.htm
2022-05-11	年次	当期	連結	実績		それ以外の会計方針の変更	ChangesOtherThanOnesBasedOnRevisionsOfAccountingStandard			無	CurrentYearDuration_ConsolidatedMember_ResultMember	/disc/18790/081220220509535991_tse-acedjpsm-18790-20220509535991-ixbrl.htm
2022-05-11	年次	当期	連結	実績		会計上の見積りの変更	ChangesInAccountingEstimates			無	CurrentYearDuration_ConsolidatedMember_ResultMember	/disc/18790/081220220509535991_tse-acedjpsm-18790-20220509535991-ixbrl.htm
2022-05-11	年次	当期	連結	実績		修正再表示	RetrospectiveRestatement			無	CurrentYearDuration_ConsolidatedMember_ResultMember	/disc/18790/081220220509535991_tse-acedjpsm-18790-20220509535991-ixbrl.htm
2022-05-11	年次	当期	連結	実績			NoteToChangesInAccountingPoliciesAndAccountingEstimatesRetrospectiveRestatement			（注）詳細は、添付資料11ページ「３．連結財務諸表及び主な注記（会計方針の変更）」をご覧ください。	CurrentYearDuration_ConsolidatedMember_ResultMember	/disc/18790/081220220509535991_tse-acedjpsm-18790-20220509535991-ixbrl.htm
2022-05-11	年次	当期	単体	実績		期末発行済株式数(自己株式を含む)	NumberOfIssuedAndOutstandingSharesAtTheEndOfFiscalYearIncludingTreasuryStock	61360720	Shares	61,360,720	CurrentYearInstant_NonConsolidatedMember_ResultMember	/disc/18790/081220220509535991_tse-acedjpsm-18790-20220509535991-ixbrl.htm
2022-05-11	年次	前期	単体	実績		期末発行済株式数(自己株式を含む)	NumberOfIssuedAndOutstandingSharesAtTheEndOfFiscalYearIncludingTreasuryStock	61360720	Shares	61,360,720	PriorYearInstant_NonConsolidatedMember_ResultMember	/disc/18790/081220220509535991_tse-acedjpsm-18790-20220509535991-ixbrl.htm
2022-05-11	年次	当期	単体	実績		期末自己株式数	NumberOfTreasuryStockAtTheEndOfFiscalYear	2900836	Shares	2,900,836	CurrentYearInstant_NonConsolidatedMember_ResultMember	/disc/18790/081220220509535991_tse-acedjpsm-18790-20220509535991-ixbrl.htm
2022-05-11	年次	前期	単体	実績		期末自己株式数	NumberOfTreasuryStockAtTheEndOfFiscalYear	2900430	Shares	2,900,430	PriorYearInstant_NonConsolidatedMember_ResultMember	/disc/18790/081220220509535991_tse-acedjpsm-18790-20220509535991-ixbrl.htm
2022-05-11	年次	当期	単体	実績		期中平均株式数	AverageNumberOfShares	58460078	Shares	58,460,078	CurrentYearDuration_NonConsolidatedMember_ResultMember	/disc/18790/081220220509535991_tse-acedjpsm-18790-20220509535991-ixbrl.htm
2022-05-11	年次	前期	単体	実績		期中平均株式数	AverageNumberOfShares	58460579	Shares	58,460,579	PriorYearDuration_NonConsolidatedMember_ResultMember	/disc/18790/081220220509535991_tse-acedjpsm-18790-20220509535991-ixbrl.htm
2022-05-11	年次	当期	単体	実績		売上高	NetSales	95477000000	JPY	95,477	CurrentYearDuration_NonConsolidatedMember_ResultMember	/disc/18790/081220220509535991_tse-acedjpsm-18790-20220509535991-ixbrl.htm
2022-05-11	年次	当期	単体	実績		売上高の増減率	ChangeInNetSales	0.068	Pure	6.8	CurrentYearDuration_NonConsolidatedMember_ResultMember	/disc/18790/081220220509535991_tse-acedjpsm-18790-20220509535991-ixbrl.htm
2022-05-11	年次	当期	単体	実績		営業利益	OperatingIncome	14870000000	JPY	14,870	CurrentYearDuration_NonConsolidatedMember_ResultMember	/disc/18790/081220220509535991_tse-acedjpsm-18790-20220509535991-ixbrl.htm
2022-05-11	年次	当期	単体	実績		営業利益の増減率	ChangeInOperatingIncome	0.161	Pure	16.1	CurrentYearDuration_NonConsolidatedMember_ResultMember	/disc/18790/081220220509535991_tse-acedjpsm-18790-20220509535991-ixbrl.htm
2022-05-11	年次	当期	単体	実績		経常利益	OrdinaryIncome	15320000000	JPY	15,320	CurrentYearDuration_NonConsolidatedMember_ResultMember	/disc/18790/081220220509535991_tse-acedjpsm-18790-20220509535991-ixbrl.htm
2022-05-11	年次	当期	単体	実績		経常利益の増減率	ChangeInOrdinaryIncome	0.156	Pure	15.6	CurrentYearDuration_NonConsolidatedMember_ResultMember	/disc/18790/081220220509535991_tse-acedjpsm-18790-20220509535991-ixbrl.htm
2022-05-11	年次	当期	単体	実績		当期純利益	NetIncome	10758000000	JPY	10,758	CurrentYearDuration_NonConsolidatedMember_ResultMember	/disc/18790/081220220509535991_tse-acedjpsm-18790-20220509535991-ixbrl.htm
2022-05-11	年次	当期	単体	実績		当期純利益の増減率	ChangeInNetIncome	0.155	Pure	15.5	CurrentYearDuration_NonConsolidatedMember_ResultMember	/disc/18790/081220220509535991_tse-acedjpsm-18790-20220509535991-ixbrl.htm
2022-05-11	年次	前期	単体	実績		売上高	NetSales	89391000000	JPY	89,391	PriorYearDuration_NonConsolidatedMember_ResultMember	/disc/18790/081220220509535991_tse-acedjpsm-18790-20220509535991-ixbrl.htm
2022-05-11	年次	前期	単体	実績		売上高の増減率	ChangeInNetSales	-0.105	Pure	10.5	PriorYearDuration_NonConsolidatedMember_ResultMember	/disc/18790/081220220509535991_tse-acedjpsm-18790-20220509535991-ixbrl.htm
2022-05-11	年次	前期	単体	実績		営業利益	OperatingIncome	12804000000	JPY	12,804	PriorYearDuration_NonConsolidatedMember_ResultMember	/disc/18790/081220220509535991_tse-acedjpsm-18790-20220509535991-ixbrl.htm
2022-05-11	年次	前期	単体	実績		営業利益の増減率	ChangeInOperatingIncome	-0.052	Pure	5.2	PriorYearDuration_NonConsolidatedMember_ResultMember	/disc/18790/081220220509535991_tse-acedjpsm-18790-20220509535991-ixbrl.htm
2022-05-11	年次	前期	単体	実績		経常利益	OrdinaryIncome	13251000000	JPY	13,251	PriorYearDuration_NonConsolidatedMember_ResultMember	/disc/18790/081220220509535991_tse-acedjpsm-18790-20220509535991-ixbrl.htm
2022-05-11	年次	前期	単体	実績		経常利益の増減率	ChangeInOrdinaryIncome	-0.055	Pure	5.5	PriorYearDuration_NonConsolidatedMember_ResultMember	/disc/18790/081220220509535991_tse-acedjpsm-18790-20220509535991-ixbrl.htm
2022-05-11	年次	前期	単体	実績		当期純利益	NetIncome	9316000000	JPY	9,316	PriorYearDuration_NonConsolidatedMember_ResultMember	/disc/18790/081220220509535991_tse-acedjpsm-18790-20220509535991-ixbrl.htm
2022-05-11	年次	前期	単体	実績		当期純利益の増減率	ChangeInNetIncome	-0.095	Pure	9.5	PriorYearDuration_NonConsolidatedMember_ResultMember	/disc/18790/081220220509535991_tse-acedjpsm-18790-20220509535991-ixbrl.htm
2022-05-11	年次	当期	単体	実績		1株当たり当期純利益	NetIncomePerShare	184.04	JPYPerShares	184.04	CurrentYearDuration_NonConsolidatedMember_ResultMember	/disc/18790/081220220509535991_tse-acedjpsm-18790-20220509535991-ixbrl.htm
2022-05-11	年次	前期	単体	実績		1株当たり当期純利益	NetIncomePerShare	159.37	JPYPerShares	159.37	PriorYearDuration_NonConsolidatedMember_ResultMember	/disc/18790/081220220509535991_tse-acedjpsm-18790-20220509535991-ixbrl.htm
2022-05-11	年次	当期	単体	実績		総資産	TotalAssets	131752000000	JPY	131,752	CurrentYearInstant_NonConsolidatedMember_ResultMember	/disc/18790/081220220509535991_tse-acedjpsm-18790-20220509535991-ixbrl.htm
2022-05-11	年次	当期	単体	実績		純資産	NetAssets	87258000000	JPY	87,258	CurrentYearInstant_NonConsolidatedMember_ResultMember	/disc/18790/081220220509535991_tse-acedjpsm-18790-20220509535991-ixbrl.htm
2022-05-11	年次	当期	単体	実績		自己資本比率	CapitalAdequacyRatio	0.662	Pure	66.2	CurrentYearInstant_NonConsolidatedMember_ResultMember	/disc/18790/081220220509535991_tse-acedjpsm-18790-20220509535991-ixbrl.htm
2022-05-11	年次	当期	単体	実績		1株当たり純資産	NetAssetsPerShare	1492.62	JPYPerShares	1,492.62	CurrentYearInstant_NonConsolidatedMember_ResultMember	/disc/18790/081220220509535991_tse-acedjpsm-18790-20220509535991-ixbrl.htm
2022-05-11	年次	前期	単体	実績		総資産	TotalAssets	116991000000	JPY	116,991	PriorYearInstant_NonConsolidatedMember_ResultMember	/disc/18790/081220220509535991_tse-acedjpsm-18790-20220509535991-ixbrl.htm
2022-05-11	年次	前期	単体	実績		純資産	NetAssets	77599000000	JPY	77,599	PriorYearInstant_NonConsolidatedMember_ResultMember	/disc/18790/081220220509535991_tse-acedjpsm-18790-20220509535991-ixbrl.htm
2022-05-11	年次	前期	単体	実績		自己資本比率	CapitalAdequacyRatio	0.663	Pure	66.3	PriorYearInstant_NonConsolidatedMember_ResultMember	/disc/18790/081220220509535991_tse-acedjpsm-18790-20220509535991-ixbrl.htm
2022-05-11	年次	前期	単体	実績		1株当たり純資産	NetAssetsPerShare	1327.39	JPYPerShares	1,327.39	PriorYearInstant_NonConsolidatedMember_ResultMember	/disc/18790/081220220509535991_tse-acedjpsm-18790-20220509535991-ixbrl.htm
2022-05-11	年次	当期	単体	実績		自己資本	OwnersEquity	87258000000	JPY	87,258	CurrentYearInstant_NonConsolidatedMember_ResultMember	/disc/18790/081220220509535991_tse-acedjpsm-18790-20220509535991-ixbrl.htm
2022-05-11	年次	前期	単体	実績		自己資本	OwnersEquity	77599000000	JPY	77,599	PriorYearInstant_NonConsolidatedMember_ResultMember	/disc/18790/081220220509535991_tse-acedjpsm-18790-20220509535991-ixbrl.htm
2022-05-11	年次	来期				将来情報の利用に関する注意	NotesForUsingForecastedInformationAndOthers			本資料に掲載されている業績予想等の将来に関する記述は、発表日現在で当社が入手可能な情報及び合理的であると判断する一定の前提に基づいて作成したものであります。実際の業績は今後様々な要因によって予想値と異なる場合があります。なお、上記予想については、添付資料P.3「１．経営成績等の概況（4）今後の見通し」をご覧ください。	NextYearDuration	/disc/18790/081220220509535991_tse-acedjpsm-18790-20220509535991-ixbrl.htm
2022-05-11	年次	当期				決算期末	FiscalYearEnd			2022-03-31	CurrentYearInstant	/disc/18790/081220220509535991_tse-acedjpsm-18790-20220509535991-ixbrl.htm
2022-08-10	四半期	当期第1四半期累計				書類名	DocumentName			第1四半期決算短信〔日本基準〕（連結）	CurrentAccumulatedQ1Instant	/disc/18790/081220220804512478_tse-qcedjpsm-18790-20220804512478-ixbrl.htm
2022-08-10	四半期	当期第1四半期累計				提出日	FilingDate			2022年8月10日	CurrentAccumulatedQ1Instant	/disc/18790/081220220804512478_tse-qcedjpsm-18790-20220804512478-ixbrl.htm
2022-08-10	四半期	当期第1四半期累計				会社名	CompanyName			新日本建設株式会社	CurrentAccumulatedQ1Instant	/disc/18790/081220220804512478_tse-qcedjpsm-18790-20220804512478-ixbrl.htm
2022-08-10	四半期	当期第1四半期累計					TokyoStockExchange			東	CurrentAccumulatedQ1Instant	/disc/18790/081220220804512478_tse-qcedjpsm-18790-20220804512478-ixbrl.htm
2022-08-10	四半期	当期第1四半期累計				証券コード	SecuritiesCode			18790	CurrentAccumulatedQ1Instant	/disc/18790/081220220804512478_tse-qcedjpsm-18790-20220804512478-ixbrl.htm
2022-08-10	四半期	当期第1四半期累計				URL	URL			http://www.shinnihon-c.co.jp/	CurrentAccumulatedQ1Instant	/disc/18790/081220220804512478_tse-qcedjpsm-18790-20220804512478-ixbrl.htm
2022-08-10	四半期	当期第1四半期累計				代表者の役職	TitleRepresentative			代表取締役社長	CurrentAccumulatedQ1Instant	/disc/18790/081220220804512478_tse-qcedjpsm-18790-20220804512478-ixbrl.htm
2022-08-10	四半期	当期第1四半期累計				代表者名	NameRepresentative			高見 克司	CurrentAccumulatedQ1Instant	/disc/18790/081220220804512478_tse-qcedjpsm-18790-20220804512478-ixbrl.htm
2022-08-10	四半期	当期第1四半期累計					TitleInquiries			取締役常務執行役員管理本部長	CurrentAccumulatedQ1Instant	/disc/18790/081220220804512478_tse-qcedjpsm-18790-20220804512478-ixbrl.htm
2022-08-10	四半期	当期第1四半期累計					NameInquiries			高橋 苗樹	CurrentAccumulatedQ1Instant	/disc/18790/081220220804512478_tse-qcedjpsm-18790-20220804512478-ixbrl.htm
2022-08-10	四半期	当期第1四半期累計					Tel			043-213-1111	CurrentAccumulatedQ1Instant	/disc/18790/081220220804512478_tse-qcedjpsm-18790-20220804512478-ixbrl.htm
2022-08-10	四半期	当期第1四半期累計					QuarterlyStatementFilingDateAsPlanned			2022年8月10日	CurrentAccumulatedQ1Instant	/disc/18790/081220220804512478_tse-qcedjpsm-18790-20220804512478-ixbrl.htm
2022-08-10	四半期	当期第1四半期累計					SupplementalMaterialOfQuarterlyResults			無	CurrentAccumulatedQ1Instant	/disc/18790/081220220804512478_tse-qcedjpsm-18790-20220804512478-ixbrl.htm
2022-08-10	四半期	当期第1四半期累計					ConveningBriefingOfQuarterlyResults			無	CurrentAccumulatedQ1Instant	/disc/18790/081220220804512478_tse-qcedjpsm-18790-20220804512478-ixbrl.htm
2022-08-10	四半期	当期第1四半期累計					NoteToFractionProcessingMethod			（百万円未満切捨て）	CurrentAccumulatedQ1Instant	/disc/18790/081220220804512478_tse-qcedjpsm-18790-20220804512478-ixbrl.htm
2022-08-10	四半期	当期第1四半期累計	連結	実績		売上高	NetSales	16971000000	JPY	16,971	CurrentAccumulatedQ1Duration_ConsolidatedMember_ResultMember	/disc/18790/081220220804512478_tse-qcedjpsm-18790-20220804512478-ixbrl.htm
2022-08-10	四半期	当期第1四半期累計	連結	実績		売上高の増減率	ChangeInNetSales	0.041	Pure	4.1	CurrentAccumulatedQ1Duration_ConsolidatedMember_ResultMember	/disc/18790/081220220804512478_tse-qcedjpsm-18790-20220804512478-ixbrl.htm
2022-08-10	四半期	当期第1四半期累計	連結	実績		営業利益	OperatingIncome	1968000000	JPY	1,968	CurrentAccumulatedQ1Duration_ConsolidatedMember_ResultMember	/disc/18790/081220220804512478_tse-qcedjpsm-18790-20220804512478-ixbrl.htm
2022-08-10	四半期	当期第1四半期累計	連結	実績		営業利益の増減率	ChangeInOperatingIncome	0.197	Pure	19.7	CurrentAccumulatedQ1Duration_ConsolidatedMember_ResultMember	/disc/18790/081220220804512478_tse-qcedjpsm-18790-20220804512478-ixbrl.htm
2022-08-10	四半期	当期第1四半期累計	連結	実績		経常利益	OrdinaryIncome	1987000000	JPY	1,987	CurrentAccumulatedQ1Duration_ConsolidatedMember_ResultMember	/disc/18790/081220220804512478_tse-qcedjpsm-18790-20220804512478-ixbrl.htm
2022-08-10	四半期	当期第1四半期累計	連結	実績		経常利益の増減率	ChangeInOrdinaryIncome	0.198	Pure	19.8	CurrentAccumulatedQ1Duration_ConsolidatedMember_ResultMember	/disc/18790/081220220804512478_tse-qcedjpsm-18790-20220804512478-ixbrl.htm
2022-08-10	四半期	当期第1四半期累計	連結	実績		親会社株主に帰属する当期純利益	ProfitAttributableToOwnersOfParent	1377000000	JPY	1,377	CurrentAccumulatedQ1Duration_ConsolidatedMember_ResultMember	/disc/18790/081220220804512478_tse-qcedjpsm-18790-20220804512478-ixbrl.htm
2022-08-10	四半期	当期第1四半期累計	連結	実績		親会社株主に帰属する当期純利益の増減率	ChangeInProfitAttributableToOwnersOfParent	0.204	Pure	20.4	CurrentAccumulatedQ1Duration_ConsolidatedMember_ResultMember	/disc/18790/081220220804512478_tse-qcedjpsm-18790-20220804512478-ixbrl.htm
2022-08-10	四半期	前期第1四半期累計	連結	実績		売上高	NetSales	16300000000	JPY	16,300	PriorAccumulatedQ1Duration_ConsolidatedMember_ResultMember	/disc/18790/081220220804512478_tse-qcedjpsm-18790-20220804512478-ixbrl.htm
2022-08-10	四半期	前期第1四半期累計	連結	実績		売上高の増減率	ChangeInNetSales	-0.110	Pure	11.0	PriorAccumulatedQ1Duration_ConsolidatedMember_ResultMember	/disc/18790/081220220804512478_tse-qcedjpsm-18790-20220804512478-ixbrl.htm
2022-08-10	四半期	前期第1四半期累計	連結	実績		営業利益	OperatingIncome	1644000000	JPY	1,644	PriorAccumulatedQ1Duration_ConsolidatedMember_ResultMember	/disc/18790/081220220804512478_tse-qcedjpsm-18790-20220804512478-ixbrl.htm
2022-08-10	四半期	前期第1四半期累計	連結	実績		営業利益の増減率	ChangeInOperatingIncome	-0.117	Pure	11.7	PriorAccumulatedQ1Duration_ConsolidatedMember_ResultMember	/disc/18790/081220220804512478_tse-qcedjpsm-18790-20220804512478-ixbrl.htm
2022-08-10	四半期	前期第1四半期累計	連結	実績		経常利益	OrdinaryIncome	1659000000	JPY	1,659	PriorAccumulatedQ1Duration_ConsolidatedMember_ResultMember	/disc/18790/081220220804512478_tse-qcedjpsm-18790-20220804512478-ixbrl.htm
2022-08-10	四半期	前期第1四半期累計	連結	実績		経常利益の増減率	ChangeInOrdinaryIncome	-0.113	Pure	11.3	PriorAccumulatedQ1Duration_ConsolidatedMember_ResultMember	/disc/18790/081220220804512478_tse-qcedjpsm-18790-20220804512478-ixbrl.htm
2022-08-10	四半期	前期第1四半期累計	連結	実績		親会社株主に帰属する当期純利益	ProfitAttributableToOwnersOfParent	1143000000	JPY	1,143	PriorAccumulatedQ1Duration_ConsolidatedMember_ResultMember	/disc/18790/081220220804512478_tse-qcedjpsm-18790-20220804512478-ixbrl.htm
2022-08-10	四半期	前期第1四半期累計	連結	実績		親会社株主に帰属する当期純利益の増減率	ChangeInProfitAttributableToOwnersOfParent	-0.114	Pure	11.4	PriorAccumulatedQ1Duration_ConsolidatedMember_ResultMember	/disc/18790/081220220804512478_tse-qcedjpsm-18790-20220804512478-ixbrl.htm
2022-08-10	四半期	当期第1四半期累計	連結	実績		包括利益	ComprehensiveIncome	1378000000	JPY	1,378	CurrentAccumulatedQ1Duration_ConsolidatedMember_ResultMember	/disc/18790/081220220804512478_tse-qcedjpsm-18790-20220804512478-ixbrl.htm
2022-08-10	四半期	当期第1四半期累計	連結	実績		包括利益の増減率	ChangeInComprehensiveIncome	0.237	Pure	23.7	CurrentAccumulatedQ1Duration_ConsolidatedMember_ResultMember	/disc/18790/081220220804512478_tse-qcedjpsm-18790-20220804512478-ixbrl.htm
2022-08-10	四半期	前期第1四半期累計	連結	実績		包括利益	ComprehensiveIncome	1113000000	JPY	1,113	PriorAccumulatedQ1Duration_ConsolidatedMember_ResultMember	/disc/18790/081220220804512478_tse-qcedjpsm-18790-20220804512478-ixbrl.htm
2022-08-10	四半期	前期第1四半期累計	連結	実績		包括利益の増減率	ChangeInComprehensiveIncome	-0.148	Pure	14.8	PriorAccumulatedQ1Duration_ConsolidatedMember_ResultMember	/disc/18790/081220220804512478_tse-qcedjpsm-18790-20220804512478-ixbrl.htm
2022-08-10	四半期	当期第1四半期累計	連結	実績		1株当たり当期純利益	NetIncomePerShare	23.56	JPYPerShares	23.56	CurrentAccumulatedQ1Duration_ConsolidatedMember_ResultMember	/disc/18790/081220220804512478_tse-qcedjpsm-18790-20220804512478-ixbrl.htm
2022-08-10	四半期	前期第1四半期累計	連結	実績		1株当たり当期純利益	NetIncomePerShare	19.56	JPYPerShares	19.56	PriorAccumulatedQ1Duration_ConsolidatedMember_ResultMember	/disc/18790/081220220804512478_tse-qcedjpsm-18790-20220804512478-ixbrl.htm
2022-08-10	四半期	当期第1四半期累計	連結	実績		総資産	TotalAssets	133253000000	JPY	133,253	CurrentAccumulatedQ1Instant_ConsolidatedMember_ResultMember	/disc/18790/081220220804512478_tse-qcedjpsm-18790-20220804512478-ixbrl.htm
2022-08-10	四半期	当期第1四半期累計	連結	実績		純資産	NetAssets	92290000000	JPY	92,290	CurrentAccumulatedQ1Instant_ConsolidatedMember_ResultMember	/disc/18790/081220220804512478_tse-qcedjpsm-18790-20220804512478-ixbrl.htm
2022-08-10	四半期	当期第1四半期累計	連結	実績		自己資本比率	CapitalAdequacyRatio	0.693	Pure	69.3	CurrentAccumulatedQ1Instant_ConsolidatedMember_ResultMember	/disc/18790/081220220804512478_tse-qcedjpsm-18790-20220804512478-ixbrl.htm
2022-08-10	四半期	前期	連結	実績		総資産	TotalAssets	140177000000	JPY	140,177	PriorYearInstant_ConsolidatedMember_ResultMember	/disc/18790/081220220804512478_tse-qcedjpsm-18790-20220804512478-ixbrl.htm
2022-08-10	四半期	前期	連結	実績		純資産	NetAssets	91613000000	JPY	91,613	PriorYearInstant_ConsolidatedMember_ResultMember	/disc/18790/081220220804512478_tse-qcedjpsm-18790-20220804512478-ixbrl.htm
2022-08-10	四半期	前期	連結	実績		自己資本比率	CapitalAdequacyRatio	0.654	Pure	65.4	PriorYearInstant_ConsolidatedMember_ResultMember	/disc/18790/081220220804512478_tse-qcedjpsm-18790-20220804512478-ixbrl.htm
2022-08-10	四半期	当期第1四半期累計	連結	実績		自己資本	OwnersEquity	92290000000	JPY	92,290	CurrentAccumulatedQ1Instant_ConsolidatedMember_ResultMember	/disc/18790/081220220804512478_tse-qcedjpsm-18790-20220804512478-ixbrl.htm
2022-08-10	四半期	前期	連結	実績		自己資本	OwnersEquity	91613000000	JPY	91,613	PriorYearInstant_ConsolidatedMember_ResultMember	/disc/18790/081220220804512478_tse-qcedjpsm-18790-20220804512478-ixbrl.htm
2022-08-10	四半期	前期	単体	実績	第2四半期末	1株当たり配当金	DividendPerShare	9.00	JPYPerShares	9.00	PriorYearDuration_SecondQuarterMember_NonConsolidatedMember_ResultMember	/disc/18790/081220220804512478_tse-qcedjpsm-18790-20220804512478-ixbrl.htm
2022-08-10	四半期	前期	単体	実績	期末	1株当たり配当金	DividendPerShare	12.00	JPYPerShares	12.00	PriorYearDuration_YearEndMember_NonConsolidatedMember_ResultMember	/disc/18790/081220220804512478_tse-qcedjpsm-18790-20220804512478-ixbrl.htm
2022-08-10	四半期	前期	単体	実績	合計	1株当たり配当金	DividendPerShare	21.00	JPYPerShares	21.00	PriorYearDuration_AnnualMember_NonConsolidatedMember_ResultMember	/disc/18790/081220220804512478_tse-qcedjpsm-18790-20220804512478-ixbrl.htm
2022-08-10	四半期	当期	単体	予想	第2四半期末	1株当たり配当金	DividendPerShare	10.00	JPYPerShares	10.00	CurrentYearDuration_SecondQuarterMember_NonConsolidatedMember_ForecastMember	/disc/18790/081220220804512478_tse-qcedjpsm-18790-20220804512478-ixbrl.htm
2022-08-10	四半期	当期	単体	予想	期末	1株当たり配当金	DividendPerShare	12.00	JPYPerShares	12.00	CurrentYearDuration_YearEndMember_NonConsolidatedMember_ForecastMember	/disc/18790/081220220804512478_tse-qcedjpsm-18790-20220804512478-ixbrl.htm
2022-08-10	四半期	当期	単体	予想	合計	1株当たり配当金	DividendPerShare	22.00	JPYPerShares	22.00	CurrentYearDuration_AnnualMember_NonConsolidatedMember_ForecastMember	/disc/18790/081220220804512478_tse-qcedjpsm-18790-20220804512478-ixbrl.htm
2022-08-10	四半期	当期	単体	実績	合計	当四半期における配当予想の修正	CorrectionOfDividendForecastInThisQuarter			無	CurrentYearDuration_AnnualMember_NonConsolidatedMember_ResultMember	/disc/18790/081220220804512478_tse-qcedjpsm-18790-20220804512478-ixbrl.htm
2022-08-10	四半期	当期	連結	予想		業績予想の見出し	TitleForForecasts			3. 2023年 3月期の連結業績予想（2022年 4月 1日～2023年 3月31日）	CurrentYearDuration_ConsolidatedMember_ForecastMember	/disc/18790/081220220804512478_tse-qcedjpsm-18790-20220804512478-ixbrl.htm
2022-08-10	四半期	当期	連結	予想		売上高	NetSales	120000000000	JPY	120,000	CurrentYearDuration_ConsolidatedMember_ForecastMember	/disc/18790/081220220804512478_tse-qcedjpsm-18790-20220804512478-ixbrl.htm
2022-08-10	四半期	当期	連結	予想		売上高の増減率	ChangeInNetSales	0.121	Pure	12.1	CurrentYearDuration_ConsolidatedMember_ForecastMember	/disc/18790/081220220804512478_tse-qcedjpsm-18790-20220804512478-ixbrl.htm
2022-08-10	四半期	当期	連結	予想		営業利益	OperatingIncome	16200000000	JPY	16,200	CurrentYearDuration_ConsolidatedMember_ForecastMember	/disc/18790/081220220804512478_tse-qcedjpsm-18790-20220804512478-ixbrl.htm
2022-08-10	四半期	当期	連結	予想		営業利益の増減率	ChangeInOperatingIncome	0.042	Pure	4.2	CurrentYearDuration_ConsolidatedMember_ForecastMember	/disc/18790/081220220804512478_tse-qcedjpsm-18790-20220804512478-ixbrl.htm
2022-08-10	四半期	当期	連結	予想		経常利益	OrdinaryIncome	16200000000	JPY	16,200	CurrentYearDuration_ConsolidatedMember_ForecastMember	/disc/18790/081220220804512478_tse-qcedjpsm-18790-20220804512478-ixbrl.htm
2022-08-10	四半期	当期	連結	予想		経常利益の増減率	ChangeInOrdinaryIncome	0.040	Pure	4.0	CurrentYearDuration_ConsolidatedMember_ForecastMember	/disc/18790/081220220804512478_tse-qcedjpsm-18790-20220804512478-ixbrl.htm
2022-08-10	四半期	当期	連結	予想		親会社株主に帰属する当期純利益	ProfitAttributableToOwnersOfParent	11100000000	JPY	11,100	CurrentYearDuration_ConsolidatedMember_ForecastMember	/disc/18790/081220220804512478_tse-qcedjpsm-18790-20220804512478-ixbrl.htm
2022-08-10	四半期	当期	連結	予想		親会社株主に帰属する当期純利益の増減率	ChangeInProfitAttributableToOwnersOfParent	0.028	Pure	2.8	CurrentYearDuration_ConsolidatedMember_ForecastMember	/disc/18790/081220220804512478_tse-qcedjpsm-18790-20220804512478-ixbrl.htm
2022-08-10	四半期	当期	連結	予想		1株当たり当期純利益	NetIncomePerShare	189.87	JPYPerShares	189.87	CurrentYearDuration_ConsolidatedMember_ForecastMember	/disc/18790/081220220804512478_tse-qcedjpsm-18790-20220804512478-ixbrl.htm
2022-08-10	四半期	当期	連結	予想		当四半期における業績予想の修正	CorrectionOfConsolidatedFinancialForecastInThisQuarter			無	CurrentYearDuration_ConsolidatedMember_ForecastMember	/disc/18790/081220220804512478_tse-qcedjpsm-18790-20220804512478-ixbrl.htm
2022-08-10	四半期	当期第1四半期累計	連結	実績			MaterialChangesInSubsidiariesDuringThisPeriodChangesInScopeOfConsolidationsResultingFromChangeIsSubsidiaries			無	CurrentAccumulatedQ1Duration_ConsolidatedMember_ResultMember	/disc/18790/081220220804512478_tse-qcedjpsm-18790-20220804512478-ixbrl.htm
2022-08-10	四半期	当期第1四半期累計	連結	実績			ApplyingOfSpecificAccountingOfTheConsolidatedQuarterlyFinancialStatements			無	CurrentAccumulatedQ1Duration_ConsolidatedMember_ResultMember	/disc/18790/081220220804512478_tse-qcedjpsm-18790-20220804512478-ixbrl.htm
2022-08-10	四半期	当期第1四半期累計	連結	実績		会計基準等の改正に伴う変更	ChangesBasedOnRevisionsOfAccountingStandard			無	CurrentAccumulatedQ1Duration_ConsolidatedMember_ResultMember	/disc/18790/081220220804512478_tse-qcedjpsm-18790-20220804512478-ixbrl.htm
2022-08-10	四半期	当期第1四半期累計	連結	実績		それ以外の会計方針の変更	ChangesOtherThanOnesBasedOnRevisionsOfAccountingStandard			無	CurrentAccumulatedQ1Duration_ConsolidatedMember_ResultMember	/disc/18790/081220220804512478_tse-qcedjpsm-18790-20220804512478-ixbrl.htm
2022-08-10	四半期	当期第1四半期累計	連結	実績		会計上の見積りの変更	ChangesInAccountingEstimates			無	CurrentAccumulatedQ1Duration_ConsolidatedMember_ResultMember	/disc/18790/081220220804512478_tse-qcedjpsm-18790-20220804512478-ixbrl.htm
2022-08-10	四半期	当期第1四半期累計	連結	実績		修正再表示	RetrospectiveRestatement			無	CurrentAccumulatedQ1Duration_ConsolidatedMember_ResultMember	/disc/18790/081220220804512478_tse-qcedjpsm-18790-20220804512478-ixbrl.htm
2022-08-10	四半期	当期第1四半期累計	単体	実績		期末発行済株式数(自己株式を含む)	NumberOfIssuedAndOutstandingSharesAtTheEndOfFiscalYearIncludingTreasuryStock	61360720	Shares	61,360,720	CurrentAccumulatedQ1Instant_NonConsolidatedMember_ResultMember	/disc/18790/081220220804512478_tse-qcedjpsm-18790-20220804512478-ixbrl.htm
2022-08-10	四半期	前期	単体	実績		期末発行済株式数(自己株式を含む)	NumberOfIssuedAndOutstandingSharesAtTheEndOfFiscalYearIncludingTreasuryStock	61360720	Shares	61,360,720	PriorYearInstant_NonConsolidatedMember_ResultMember	/disc/18790/081220220804512478_tse-qcedjpsm-18790-20220804512478-ixbrl.htm
2022-08-10	四半期	当期第1四半期累計	単体	実績		期末自己株式数	NumberOfTreasuryStockAtTheEndOfFiscalYear	2900895	Shares	2,900,895	CurrentAccumulatedQ1Instant_NonConsolidatedMember_ResultMember	/disc/18790/081220220804512478_tse-qcedjpsm-18790-20220804512478-ixbrl.htm
2022-08-10	四半期	前期	単体	実績		期末自己株式数	NumberOfTreasuryStockAtTheEndOfFiscalYear	2900836	Shares	2,900,836	PriorYearInstant_NonConsolidatedMember_ResultMember	/disc/18790/081220220804512478_tse-qcedjpsm-18790-20220804512478-ixbrl.htm
2022-08-10	四半期	当期第1四半期累計	単体	実績		期中平均株式数	AverageNumberOfShares	58459854	Shares	58,459,854	CurrentAccumulatedQ1Duration_NonConsolidatedMember_ResultMember	/disc/18790/081220220804512478_tse-qcedjpsm-18790-20220804512478-ixbrl.htm
2022-08-10	四半期	前期第1四半期累計	単体	実績		期中平均株式数	AverageNumberOfShares	58460290	Shares	58,460,290	PriorAccumulatedQ1Duration_NonConsolidatedMember_ResultMember	/disc/18790/081220220804512478_tse-qcedjpsm-18790-20220804512478-ixbrl.htm
2022-08-10	四半期	当期				将来情報の利用に関する注意	NotesForUsingForecastedInformationAndOthers			本資料に記載されている業績見通し等の将来に関する記述は、当社が現在入手している情報及び合理的であると判断する一定の前提に基づいており、その達成を当社として約束する趣旨のものではありません。また、実際の業績等は様々な要因により大きく異なる可能性があります。	CurrentYearDuration	/disc/18790/081220220804512478_tse-qcedjpsm-18790-20220804512478-ixbrl.htm
2022-08-10	四半期	当期				決算期末	FiscalYearEnd			2023-03-31	CurrentYearInstant	/disc/18790/081220220804512478_tse-qcedjpsm-18790-20220804512478-ixbrl.htm
2022-08-10	四半期	当期第1四半期累計				四半期	QuarterlyPeriod	1	Pure	1	CurrentAccumulatedQ1Instant	/disc/18790/081220220804512478_tse-qcedjpsm-18790-20220804512478-ixbrl.htm
2022-11-11	四半期	当期第2四半期累計				書類名	DocumentName			第2四半期決算短信〔日本基準〕（連結）	CurrentAccumulatedQ2Instant	/disc/18790/081220221107557823_tse-qcedjpsm-18790-20221107557823-ixbrl.htm
2022-11-11	四半期	当期第2四半期累計				提出日	FilingDate			2022年11月11日	CurrentAccumulatedQ2Instant	/disc/18790/081220221107557823_tse-qcedjpsm-18790-20221107557823-ixbrl.htm
2022-11-11	四半期	当期第2四半期累計				会社名	CompanyName			新日本建設株式会社	CurrentAccumulatedQ2Instant	/disc/18790/081220221107557823_tse-qcedjpsm-18790-20221107557823-ixbrl.htm
2022-11-11	四半期	当期第2四半期累計					TokyoStockExchange			東	CurrentAccumulatedQ2Instant	/disc/18790/081220221107557823_tse-qcedjpsm-18790-20221107557823-ixbrl.htm
2022-11-11	四半期	当期第2四半期累計				証券コード	SecuritiesCode			18790	CurrentAccumulatedQ2Instant	/disc/18790/081220221107557823_tse-qcedjpsm-18790-20221107557823-ixbrl.htm
2022-11-11	四半期	当期第2四半期累計				URL	URL			https://www.shinnihon-c.co.jp/	CurrentAccumulatedQ2Instant	/disc/18790/081220221107557823_tse-qcedjpsm-18790-20221107557823-ixbrl.htm
2022-11-11	四半期	当期第2四半期累計				代表者の役職	TitleRepresentative			代表取締役社長	CurrentAccumulatedQ2Instant	/disc/18790/081220221107557823_tse-qcedjpsm-18790-20221107557823-ixbrl.htm
2022-11-11	四半期	当期第2四半期累計				代表者名	NameRepresentative			高見 克司	CurrentAccumulatedQ2Instant	/disc/18790/081220221107557823_tse-qcedjpsm-18790-20221107557823-ixbrl.htm
2022-11-11	四半期	当期第2四半期累計					TitleInquiries			取締役常務執行役員管理本部長	CurrentAccumulatedQ2Instant	/disc/18790/081220221107557823_tse-qcedjpsm-18790-20221107557823-ixbrl.htm
2022-11-11	四半期	当期第2四半期累計					NameInquiries			高橋 苗樹	CurrentAccumulatedQ2Instant	/disc/18790/081220221107557823_tse-qcedjpsm-18790-20221107557823-ixbrl.htm
2022-11-11	四半期	当期第2四半期累計					Tel			043-213-1111	CurrentAccumulatedQ2Instant	/disc/18790/081220221107557823_tse-qcedjpsm-18790-20221107557823-ixbrl.htm
2022-11-11	四半期	当期第2四半期累計					QuarterlyStatementFilingDateAsPlanned			2022年11月11日	CurrentAccumulatedQ2Instant	/disc/18790/081220221107557823_tse-qcedjpsm-18790-20221107557823-ixbrl.htm
2022-11-11	四半期	当期第2四半期累計					DividendPayableDateAsPlanned			2022年12月2日	CurrentAccumulatedQ2Instant	/disc/18790/081220221107557823_tse-qcedjpsm-18790-20221107557823-ixbrl.htm
2022-11-11	四半期	当期第2四半期累計					SupplementalMaterialOfQuarterlyResults			無	CurrentAccumulatedQ2Instant	/disc/18790/081220221107557823_tse-qcedjpsm-18790-20221107557823-ixbrl.htm
2022-11-11	四半期	当期第2四半期累計					ConveningBriefingOfQuarterlyResults			無	CurrentAccumulatedQ2Instant	/disc/18790/081220221107557823_tse-qcedjpsm-18790-20221107557823-ixbrl.htm
2022-11-11	四半期	当期第2四半期累計					NoteToFractionProcessingMethod			（百万円未満切捨て）	CurrentAccumulatedQ2Instant	/disc/18790/081220221107557823_tse-qcedjpsm-18790-20221107557823-ixbrl.htm
2022-11-11	四半期	当期第2四半期累計	連結	実績		売上高	NetSales	45008000000	JPY	45,008	CurrentAccumulatedQ2Duration_ConsolidatedMember_ResultMember	/disc/18790/081220221107557823_tse-qcedjpsm-18790-20221107557823-ixbrl.htm
2022-11-11	四半期	当期第2四半期累計	連結	実績		売上高の増減率	ChangeInNetSales	0.094	Pure	9.4	CurrentAccumulatedQ2Duration_ConsolidatedMember_ResultMember	/disc/18790/081220221107557823_tse-qcedjpsm-18790-20221107557823-ixbrl.htm
2022-11-11	四半期	当期第2四半期累計	連結	実績		営業利益	OperatingIncome	6148000000	JPY	6,148	CurrentAccumulatedQ2Duration_ConsolidatedMember_ResultMember	/disc/18790/081220221107557823_tse-qcedjpsm-18790-20221107557823-ixbrl.htm
2022-11-11	四半期	当期第2四半期累計	連結	実績		営業利益の増減率	ChangeInOperatingIncome	0.218	Pure	21.8	CurrentAccumulatedQ2Duration_ConsolidatedMember_ResultMember	/disc/18790/081220221107557823_tse-qcedjpsm-18790-20221107557823-ixbrl.htm
2022-11-11	四半期	当期第2四半期累計	連結	実績		経常利益	OrdinaryIncome	6169000000	JPY	6,169	CurrentAccumulatedQ2Duration_ConsolidatedMember_ResultMember	/disc/18790/081220221107557823_tse-qcedjpsm-18790-20221107557823-ixbrl.htm
2022-11-11	四半期	当期第2四半期累計	連結	実績		経常利益の増減率	ChangeInOrdinaryIncome	0.217	Pure	21.7	CurrentAccumulatedQ2Duration_ConsolidatedMember_ResultMember	/disc/18790/081220221107557823_tse-qcedjpsm-18790-20221107557823-ixbrl.htm
2022-11-11	四半期	当期第2四半期累計	連結	実績		親会社株主に帰属する当期純利益	ProfitAttributableToOwnersOfParent	4270000000	JPY	4,270	CurrentAccumulatedQ2Duration_ConsolidatedMember_ResultMember	/disc/18790/081220221107557823_tse-qcedjpsm-18790-20221107557823-ixbrl.htm
2022-11-11	四半期	当期第2四半期累計	連結	実績		親会社株主に帰属する当期純利益の増減率	ChangeInProfitAttributableToOwnersOfParent	0.222	Pure	22.2	CurrentAccumulatedQ2Duration_ConsolidatedMember_ResultMember	/disc/18790/081220221107557823_tse-qcedjpsm-18790-20221107557823-ixbrl.htm
2022-11-11	四半期	前期第2四半期累計	連結	実績		売上高	NetSales	41158000000	JPY	41,158	PriorAccumulatedQ2Duration_ConsolidatedMember_ResultMember	/disc/18790/081220221107557823_tse-qcedjpsm-18790-20221107557823-ixbrl.htm
2022-11-11	四半期	前期第2四半期累計	連結	実績		売上高の増減率	ChangeInNetSales	0.060	Pure	6.0	PriorAccumulatedQ2Duration_ConsolidatedMember_ResultMember	/disc/18790/081220221107557823_tse-qcedjpsm-18790-20221107557823-ixbrl.htm
2022-11-11	四半期	前期第2四半期累計	連結	実績		営業利益	OperatingIncome	5049000000	JPY	5,049	PriorAccumulatedQ2Duration_ConsolidatedMember_ResultMember	/disc/18790/081220221107557823_tse-qcedjpsm-18790-20221107557823-ixbrl.htm
2022-11-11	四半期	前期第2四半期累計	連結	実績		営業利益の増減率	ChangeInOperatingIncome	0.137	Pure	13.7	PriorAccumulatedQ2Duration_ConsolidatedMember_ResultMember	/disc/18790/081220221107557823_tse-qcedjpsm-18790-20221107557823-ixbrl.htm
2022-11-11	四半期	前期第2四半期累計	連結	実績		経常利益	OrdinaryIncome	5067000000	JPY	5,067	PriorAccumulatedQ2Duration_ConsolidatedMember_ResultMember	/disc/18790/081220221107557823_tse-qcedjpsm-18790-20221107557823-ixbrl.htm
2022-11-11	四半期	前期第2四半期累計	連結	実績		経常利益の増減率	ChangeInOrdinaryIncome	0.138	Pure	13.8	PriorAccumulatedQ2Duration_ConsolidatedMember_ResultMember	/disc/18790/081220221107557823_tse-qcedjpsm-18790-20221107557823-ixbrl.htm
2022-11-11	四半期	前期第2四半期累計	連結	実績		親会社株主に帰属する当期純利益	ProfitAttributableToOwnersOfParent	3494000000	JPY	3,494	PriorAccumulatedQ2Duration_ConsolidatedMember_ResultMember	/disc/18790/081220221107557823_tse-qcedjpsm-18790-20221107557823-ixbrl.htm
2022-11-11	四半期	前期第2四半期累計	連結	実績		親会社株主に帰属する当期純利益の増減率	ChangeInProfitAttributableToOwnersOfParent	0.139	Pure	13.9	PriorAccumulatedQ2Duration_ConsolidatedMember_ResultMember	/disc/18790/081220221107557823_tse-qcedjpsm-18790-20221107557823-ixbrl.htm
2022-11-11	四半期	当期第2四半期累計	連結	実績		包括利益	ComprehensiveIncome	4291000000	JPY	4,291	CurrentAccumulatedQ2Duration_ConsolidatedMember_ResultMember	/disc/18790/081220221107557823_tse-qcedjpsm-18790-20221107557823-ixbrl.htm
2022-11-11	四半期	当期第2四半期累計	連結	実績		包括利益の増減率	ChangeInComprehensiveIncome	0.224	Pure	22.4	CurrentAccumulatedQ2Duration_ConsolidatedMember_ResultMember	/disc/18790/081220221107557823_tse-qcedjpsm-18790-20221107557823-ixbrl.htm
2022-11-11	四半期	前期第2四半期累計	連結	実績		包括利益	ComprehensiveIncome	3505000000	JPY	3,505	PriorAccumulatedQ2Duration_ConsolidatedMember_ResultMember	/disc/18790/081220221107557823_tse-qcedjpsm-18790-20221107557823-ixbrl.htm
2022-11-11	四半期	前期第2四半期累計	連結	実績		包括利益の増減率	ChangeInComprehensiveIncome	0.124	Pure	12.4	PriorAccumulatedQ2Duration_ConsolidatedMember_ResultMember	/disc/18790/081220221107557823_tse-qcedjpsm-18790-20221107557823-ixbrl.htm
2022-11-11	四半期	当期第2四半期累計	連結	実績		1株当たり当期純利益	NetIncomePerShare	73.06	JPYPerShares	73.06	CurrentAccumulatedQ2Duration_ConsolidatedMember_ResultMember	/disc/18790/081220221107557823_tse-qcedjpsm-18790-20221107557823-ixbrl.htm
2022-11-11	四半期	前期第2四半期累計	連結	実績		1株当たり当期純利益	NetIncomePerShare	59.78	JPYPerShares	59.78	PriorAccumulatedQ2Duration_ConsolidatedMember_ResultMember	/disc/18790/081220221107557823_tse-qcedjpsm-18790-20221107557823-ixbrl.htm
2022-11-11	四半期	当期第2四半期累計	連結	実績		総資産	TotalAssets	140245000000	JPY	140,245	CurrentAccumulatedQ2Instant_ConsolidatedMember_ResultMember	/disc/18790/081220221107557823_tse-qcedjpsm-18790-20221107557823-ixbrl.htm
2022-11-11	四半期	当期第2四半期累計	連結	実績		純資産	NetAssets	95203000000	JPY	95,203	CurrentAccumulatedQ2Instant_ConsolidatedMember_ResultMember	/disc/18790/081220221107557823_tse-qcedjpsm-18790-20221107557823-ixbrl.htm
2022-11-11	四半期	当期第2四半期累計	連結	実績		自己資本比率	CapitalAdequacyRatio	0.679	Pure	67.9	CurrentAccumulatedQ2Instant_ConsolidatedMember_ResultMember	/disc/18790/081220221107557823_tse-qcedjpsm-18790-20221107557823-ixbrl.htm
2022-11-11	四半期	前期	連結	実績		総資産	TotalAssets	140177000000	JPY	140,177	PriorYearInstant_ConsolidatedMember_ResultMember	/disc/18790/081220221107557823_tse-qcedjpsm-18790-20221107557823-ixbrl.htm
2022-11-11	四半期	前期	連結	実績		純資産	NetAssets	91613000000	JPY	91,613	PriorYearInstant_ConsolidatedMember_ResultMember	/disc/18790/081220221107557823_tse-qcedjpsm-18790-20221107557823-ixbrl.htm
2022-11-11	四半期	前期	連結	実績		自己資本比率	CapitalAdequacyRatio	0.654	Pure	65.4	PriorYearInstant_ConsolidatedMember_ResultMember	/disc/18790/081220221107557823_tse-qcedjpsm-18790-20221107557823-ixbrl.htm
2022-11-11	四半期	当期第2四半期累計	連結	実績		自己資本	OwnersEquity	95203000000	JPY	95,203	CurrentAccumulatedQ2Instant_ConsolidatedMember_ResultMember	/disc/18790/081220221107557823_tse-qcedjpsm-18790-20221107557823-ixbrl.htm
2022-11-11	四半期	前期	連結	実績		自己資本	OwnersEquity	91613000000	JPY	91,613	PriorYearInstant_ConsolidatedMember_ResultMember	/disc/18790/081220221107557823_tse-qcedjpsm-18790-20221107557823-ixbrl.htm
2022-11-11	四半期	前期	単体	実績	第2四半期末	1株当たり配当金	DividendPerShare	9.00	JPYPerShares	9.00	PriorYearDuration_SecondQuarterMember_NonConsolidatedMember_ResultMember	/disc/18790/081220221107557823_tse-qcedjpsm-18790-20221107557823-ixbrl.htm
2022-11-11	四半期	前期	単体	実績	期末	1株当たり配当金	DividendPerShare	12.00	JPYPerShares	12.00	PriorYearDuration_YearEndMember_NonConsolidatedMember_ResultMember	/disc/18790/081220221107557823_tse-qcedjpsm-18790-20221107557823-ixbrl.htm
2022-11-11	四半期	前期	単体	実績	合計	1株当たり配当金	DividendPerShare	21.00	JPYPerShares	21.00	PriorYearDuration_AnnualMember_NonConsolidatedMember_ResultMember	/disc/18790/081220221107557823_tse-qcedjpsm-18790-20221107557823-ixbrl.htm
2022-11-11	四半期	当期	単体	実績	第2四半期末	1株当たり配当金	DividendPerShare	10.00	JPYPerShares	10.00	CurrentYearDuration_SecondQuarterMember_NonConsolidatedMember_ResultMember	/disc/18790/081220221107557823_tse-qcedjpsm-18790-20221107557823-ixbrl.htm
2022-11-11	四半期	当期	単体	予想	期末	1株当たり配当金	DividendPerShare	12.00	JPYPerShares	12.00	CurrentYearDuration_YearEndMember_NonConsolidatedMember_ForecastMember	/disc/18790/081220221107557823_tse-qcedjpsm-18790-20221107557823-ixbrl.htm
2022-11-11	四半期	当期	単体	予想	合計	1株当たり配当金	DividendPerShare	22.00	JPYPerShares	22.00	CurrentYearDuration_AnnualMember_NonConsolidatedMember_ForecastMember	/disc/18790/081220221107557823_tse-qcedjpsm-18790-20221107557823-ixbrl.htm
2022-11-11	四半期	当期	単体	実績	合計	当四半期における配当予想の修正	CorrectionOfDividendForecastInThisQuarter			無	CurrentYearDuration_AnnualMember_NonConsolidatedMember_ResultMember	/disc/18790/081220221107557823_tse-qcedjpsm-18790-20221107557823-ixbrl.htm
2022-11-11	四半期	当期	連結	予想		業績予想の見出し	TitleForForecasts			3. 2023年 3月期の連結業績予想（2022年 4月 1日～2023年 3月31日）	CurrentYearDuration_ConsolidatedMember_ForecastMember	/disc/18790/081220221107557823_tse-qcedjpsm-18790-20221107557823-ixbrl.htm
2022-11-11	四半期	当期	連結	予想		売上高	NetSales	120000000000	JPY	120,000	CurrentYearDuration_ConsolidatedMember_ForecastMember	/disc/18790/081220221107557823_tse-qcedjpsm-18790-20221107557823-ixbrl.htm
2022-11-11	四半期	当期	連結	予想		売上高の増減率	ChangeInNetSales	0.121	Pure	12.1	CurrentYearDuration_ConsolidatedMember_ForecastMember	/disc/18790/081220221107557823_tse-qcedjpsm-18790-20221107557823-ixbrl.htm
2022-11-11	四半期	当期	連結	予想		営業利益	OperatingIncome	16200000000	JPY	16,200	CurrentYearDuration_ConsolidatedMember_ForecastMember	/disc/18790/081220221107557823_tse-qcedjpsm-18790-20221107557823-ixbrl.htm
2022-11-11	四半期	当期	連結	予想		営業利益の増減率	ChangeInOperatingIncome	0.042	Pure	4.2	CurrentYearDuration_ConsolidatedMember_ForecastMember	/disc/18790/081220221107557823_tse-qcedjpsm-18790-20221107557823-ixbrl.htm
2022-11-11	四半期	当期	連結	予想		経常利益	OrdinaryIncome	16200000000	JPY	16,200	CurrentYearDuration_ConsolidatedMember_ForecastMember	/disc/18790/081220221107557823_tse-qcedjpsm-18790-20221107557823-ixbrl.htm
2022-11-11	四半期	当期	連結	予想		経常利益の増減率	ChangeInOrdinaryIncome	0.040	Pure	4.0	CurrentYearDuration_ConsolidatedMember_ForecastMember	/disc/18790/081220221107557823_tse-qcedjpsm-18790-20221107557823-ixbrl.htm
2022-11-11	四半期	当期	連結	予想		親会社株主に帰属する当期純利益	ProfitAttributableToOwnersOfParent	11100000000	JPY	11,100	CurrentYearDuration_ConsolidatedMember_ForecastMember	/disc/18790/081220221107557823_tse-qcedjpsm-18790-20221107557823-ixbrl.htm
2022-11-11	四半期	当期	連結	予想		親会社株主に帰属する当期純利益の増減率	ChangeInProfitAttributableToOwnersOfParent	0.028	Pure	2.8	CurrentYearDuration_ConsolidatedMember_ForecastMember	/disc/18790/081220221107557823_tse-qcedjpsm-18790-20221107557823-ixbrl.htm
2022-11-11	四半期	当期	連結	予想		1株当たり当期純利益	NetIncomePerShare	189.87	JPYPerShares	189.87	CurrentYearDuration_ConsolidatedMember_ForecastMember	/disc/18790/081220221107557823_tse-qcedjpsm-18790-20221107557823-ixbrl.htm
2022-11-11	四半期	当期	連結	予想		当四半期における業績予想の修正	CorrectionOfConsolidatedFinancialForecastInThisQuarter			無	CurrentYearDuration_ConsolidatedMember_ForecastMember	/disc/18790/081220221107557823_tse-qcedjpsm-18790-20221107557823-ixbrl.htm
2022-11-11	四半期	当期第2四半期累計	連結	実績			MaterialChangesInSubsidiariesDuringThisPeriodChangesInScopeOfConsolidationsResultingFromChangeIsSubsidiaries			無	CurrentAccumulatedQ2Duration_ConsolidatedMember_ResultMember	/disc/18790/081220221107557823_tse-qcedjpsm-18790-20221107557823-ixbrl.htm
2022-11-11	四半期	当期第2四半期累計	連結	実績			ApplyingOfSpecificAccountingOfTheConsolidatedQuarterlyFinancialStatements			無	CurrentAccumulatedQ2Duration_ConsolidatedMember_ResultMember	/disc/18790/081220221107557823_tse-qcedjpsm-18790-20221107557823-ixbrl.htm
2022-11-11	四半期	当期第2四半期累計	連結	実績		会計基準等の改正に伴う変更	ChangesBasedOnRevisionsOfAccountingStandard			無	CurrentAccumulatedQ2Duration_ConsolidatedMember_ResultMember	/disc/18790/081220221107557823_tse-qcedjpsm-18790-20221107557823-ixbrl.htm
2022-11-11	四半期	当期第2四半期累計	連結	実績		それ以外の会計方針の変更	ChangesOtherThanOnesBasedOnRevisionsOfAccountingStandard			無	CurrentAccumulatedQ2Duration_ConsolidatedMember_ResultMember	/disc/18790/081220221107557823_tse-qcedjpsm-18790-20221107557823-ixbrl.htm
2022-11-11	四半期	当期第2四半期累計	連結	実績		会計上の見積りの変更	ChangesInAccountingEstimates			無	CurrentAccumulatedQ2Duration_ConsolidatedMember_ResultMember	/disc/18790/081220221107557823_tse-qcedjpsm-18790-20221107557823-ixbrl.htm
2022-11-11	四半期	当期第2四半期累計	連結	実績		修正再表示	RetrospectiveRestatement			無	CurrentAccumulatedQ2Duration_ConsolidatedMember_ResultMember	/disc/18790/081220221107557823_tse-qcedjpsm-18790-20221107557823-ixbrl.htm
2022-11-11	四半期	当期第2四半期累計	単体	実績		期末発行済株式数(自己株式を含む)	NumberOfIssuedAndOutstandingSharesAtTheEndOfFiscalYearIncludingTreasuryStock	61360720	Shares	61,360,720	CurrentAccumulatedQ2Instant_NonConsolidatedMember_ResultMember	/disc/18790/081220221107557823_tse-qcedjpsm-18790-20221107557823-ixbrl.htm
2022-11-11	四半期	前期	単体	実績		期末発行済株式数(自己株式を含む)	NumberOfIssuedAndOutstandingSharesAtTheEndOfFiscalYearIncludingTreasuryStock	61360720	Shares	61,360,720	PriorYearInstant_NonConsolidatedMember_ResultMember	/disc/18790/081220221107557823_tse-qcedjpsm-18790-20221107557823-ixbrl.htm
2022-11-11	四半期	当期第2四半期累計	単体	実績		期末自己株式数	NumberOfTreasuryStockAtTheEndOfFiscalYear	2900895	Shares	2,900,895	CurrentAccumulatedQ2Instant_NonConsolidatedMember_ResultMember	/disc/18790/081220221107557823_tse-qcedjpsm-18790-20221107557823-ixbrl.htm
2022-11-11	四半期	前期	単体	実績		期末自己株式数	NumberOfTreasuryStockAtTheEndOfFiscalYear	2900836	Shares	2,900,836	PriorYearInstant_NonConsolidatedMember_ResultMember	/disc/18790/081220221107557823_tse-qcedjpsm-18790-20221107557823-ixbrl.htm
2022-11-11	四半期	当期第2四半期累計	単体	実績		期中平均株式数	AverageNumberOfShares	58459840	Shares	58,459,840	CurrentAccumulatedQ2Duration_NonConsolidatedMember_ResultMember	/disc/18790/081220221107557823_tse-qcedjpsm-18790-20221107557823-ixbrl.htm
2022-11-11	四半期	前期第2四半期累計	単体	実績		期中平均株式数	AverageNumberOfShares	58460259	Shares	58,460,259	PriorAccumulatedQ2Duration_NonConsolidatedMember_ResultMember	/disc/18790/081220221107557823_tse-qcedjpsm-18790-20221107557823-ixbrl.htm
2022-11-11	四半期	当期				将来情報の利用に関する注意	NotesForUsingForecastedInformationAndOthers			本資料に記載されている業績見通し等の将来に関する記述は、当社が現在入手している情報及び合理的であると判断する一定の前提に基づいており、その達成を当社として約束する趣旨のものではありません。また、実際の業績等は様々な要因により大きく異なる可能性があります。	CurrentYearDuration	/disc/18790/081220221107557823_tse-qcedjpsm-18790-20221107557823-ixbrl.htm
2022-11-11	四半期	当期				決算期末	FiscalYearEnd			2023-03-31	CurrentYearInstant	/disc/18790/081220221107557823_tse-qcedjpsm-18790-20221107557823-ixbrl.htm
2022-11-11	四半期	当期第2四半期累計				四半期	QuarterlyPeriod	2	Pure	2	CurrentAccumulatedQ2Instant	/disc/18790/081220221107557823_tse-qcedjpsm-18790-20221107557823-ixbrl.htm
2023-02-10	四半期	当期第3四半期累計				書類名	DocumentName			第3四半期決算短信〔日本基準〕（連結）	CurrentAccumulatedQ3Instant	/disc/18790/081220230209504192_tse-qcedjpsm-18790-20230209504192-ixbrl.htm
2023-02-10	四半期	当期第3四半期累計				提出日	FilingDate			2023年2月10日	CurrentAccumulatedQ3Instant	/disc/18790/081220230209504192_tse-qcedjpsm-18790-20230209504192-ixbrl.htm
2023-02-10	四半期	当期第3四半期累計				会社名	CompanyName			新日本建設株式会社	CurrentAccumulatedQ3Instant	/disc/18790/081220230209504192_tse-qcedjpsm-18790-20230209504192-ixbrl.htm
2023-02-10	四半期	当期第3四半期累計					TokyoStockExchange			東	CurrentAccumulatedQ3Instant	/disc/18790/081220230209504192_tse-qcedjpsm-18790-20230209504192-ixbrl.htm
2023-02-10	四半期	当期第3四半期累計				証券コード	SecuritiesCode			18790	CurrentAccumulatedQ3Instant	/disc/18790/081220230209504192_tse-qcedjpsm-18790-20230209504192-ixbrl.htm
2023-02-10	四半期	当期第3四半期累計				URL	URL			https://www.shinnihon-c.co.jp/	CurrentAccumulatedQ3Instant	/disc/18790/081220230209504192_tse-qcedjpsm-18790-20230209504192-ixbrl.htm
2023-02-10	四半期	当期第3四半期累計				代表者の役職	TitleRepresentative			代表取締役社長	CurrentAccumulatedQ3Instant	/disc/18790/081220230209504192_tse-qcedjpsm-18790-20230209504192-ixbrl.htm
2023-02-10	四半期	当期第3四半期累計				代表者名	NameRepresentative			高見 克司	CurrentAccumulatedQ3Instant	/disc/18790/081220230209504192_tse-qcedjpsm-18790-20230209504192-ixbrl.htm
2023-02-10	四半期	当期第3四半期累計					TitleInquiries			取締役常務執行役員管理本部長	CurrentAccumulatedQ3Instant	/disc/18790/081220230209504192_tse-qcedjpsm-18790-20230209504192-ixbrl.htm
2023-02-10	四半期	当期第3四半期累計					NameInquiries			高橋 苗樹	CurrentAccumulatedQ3Instant	/disc/18790/081220230209504192_tse-qcedjpsm-18790-20230209504192-ixbrl.htm
2023-02-10	四半期	当期第3四半期累計					Tel			043-213-1111	CurrentAccumulatedQ3Instant	/disc/18790/081220230209504192_tse-qcedjpsm-18790-20230209504192-ixbrl.htm
2023-02-10	四半期	当期第3四半期累計					QuarterlyStatementFilingDateAsPlanned			2023年2月10日	CurrentAccumulatedQ3Instant	/disc/18790/081220230209504192_tse-qcedjpsm-18790-20230209504192-ixbrl.htm
2023-02-10	四半期	当期第3四半期累計					SupplementalMaterialOfQuarterlyResults			無	CurrentAccumulatedQ3Instant	/disc/18790/081220230209504192_tse-qcedjpsm-18790-20230209504192-ixbrl.htm
2023-02-10	四半期	当期第3四半期累計					ConveningBriefingOfQuarterlyResults			無	CurrentAccumulatedQ3Instant	/disc/18790/081220230209504192_tse-qcedjpsm-18790-20230209504192-ixbrl.htm
2023-02-10	四半期	当期第3四半期累計					NoteToFractionProcessingMethod			（百万円未満切捨て）	CurrentAccumulatedQ3Instant	/disc/18790/081220230209504192_tse-qcedjpsm-18790-20230209504192-ixbrl.htm
2023-02-10	四半期	当期第3四半期累計	連結	実績		売上高	NetSales	70289000000	JPY	70,289	CurrentAccumulatedQ3Duration_ConsolidatedMember_ResultMember	/disc/18790/081220230209504192_tse-qcedjpsm-18790-20230209504192-ixbrl.htm
2023-02-10	四半期	当期第3四半期累計	連結	実績		売上高の増減率	ChangeInNetSales	0.008	Pure	0.8	CurrentAccumulatedQ3Duration_ConsolidatedMember_ResultMember	/disc/18790/081220230209504192_tse-qcedjpsm-18790-20230209504192-ixbrl.htm
2023-02-10	四半期	当期第3四半期累計	連結	実績		営業利益	OperatingIncome	9785000000	JPY	9,785	CurrentAccumulatedQ3Duration_ConsolidatedMember_ResultMember	/disc/18790/081220230209504192_tse-qcedjpsm-18790-20230209504192-ixbrl.htm
2023-02-10	四半期	当期第3四半期累計	連結	実績		営業利益の増減率	ChangeInOperatingIncome	0.040	Pure	4.0	CurrentAccumulatedQ3Duration_ConsolidatedMember_ResultMember	/disc/18790/081220230209504192_tse-qcedjpsm-18790-20230209504192-ixbrl.htm
2023-02-10	四半期	当期第3四半期累計	連結	実績		経常利益	OrdinaryIncome	9822000000	JPY	9,822	CurrentAccumulatedQ3Duration_ConsolidatedMember_ResultMember	/disc/18790/081220230209504192_tse-qcedjpsm-18790-20230209504192-ixbrl.htm
2023-02-10	四半期	当期第3四半期累計	連結	実績		経常利益の増減率	ChangeInOrdinaryIncome	0.040	Pure	4.0	CurrentAccumulatedQ3Duration_ConsolidatedMember_ResultMember	/disc/18790/081220230209504192_tse-qcedjpsm-18790-20230209504192-ixbrl.htm
2023-02-10	四半期	当期第3四半期累計	連結	実績		親会社株主に帰属する当期純利益	ProfitAttributableToOwnersOfParent	6797000000	JPY	6,797	CurrentAccumulatedQ3Duration_ConsolidatedMember_ResultMember	/disc/18790/081220230209504192_tse-qcedjpsm-18790-20230209504192-ixbrl.htm
2023-02-10	四半期	当期第3四半期累計	連結	実績		親会社株主に帰属する当期純利益の増減率	ChangeInProfitAttributableToOwnersOfParent	0.041	Pure	4.1	CurrentAccumulatedQ3Duration_ConsolidatedMember_ResultMember	/disc/18790/081220230209504192_tse-qcedjpsm-18790-20230209504192-ixbrl.htm
2023-02-10	四半期	前期第3四半期累計	連結	実績		売上高	NetSales	69702000000	JPY	69,702	PriorAccumulatedQ3Duration_ConsolidatedMember_ResultMember	/disc/18790/081220230209504192_tse-qcedjpsm-18790-20230209504192-ixbrl.htm
2023-02-10	四半期	前期第3四半期累計	連結	実績		売上高の増減率	ChangeInNetSales	0.148	Pure	14.8	PriorAccumulatedQ3Duration_ConsolidatedMember_ResultMember	/disc/18790/081220230209504192_tse-qcedjpsm-18790-20230209504192-ixbrl.htm
2023-02-10	四半期	前期第3四半期累計	連結	実績		営業利益	OperatingIncome	9406000000	JPY	9,406	PriorAccumulatedQ3Duration_ConsolidatedMember_ResultMember	/disc/18790/081220230209504192_tse-qcedjpsm-18790-20230209504192-ixbrl.htm
2023-02-10	四半期	前期第3四半期累計	連結	実績		営業利益の増減率	ChangeInOperatingIncome	0.263	Pure	26.3	PriorAccumulatedQ3Duration_ConsolidatedMember_ResultMember	/disc/18790/081220230209504192_tse-qcedjpsm-18790-20230209504192-ixbrl.htm
2023-02-10	四半期	前期第3四半期累計	連結	実績		経常利益	OrdinaryIncome	9440000000	JPY	9,440	PriorAccumulatedQ3Duration_ConsolidatedMember_ResultMember	/disc/18790/081220230209504192_tse-qcedjpsm-18790-20230209504192-ixbrl.htm
2023-02-10	四半期	前期第3四半期累計	連結	実績		経常利益の増減率	ChangeInOrdinaryIncome	0.263	Pure	26.3	PriorAccumulatedQ3Duration_ConsolidatedMember_ResultMember	/disc/18790/081220230209504192_tse-qcedjpsm-18790-20230209504192-ixbrl.htm
2023-02-10	四半期	前期第3四半期累計	連結	実績		親会社株主に帰属する当期純利益	ProfitAttributableToOwnersOfParent	6527000000	JPY	6,527	PriorAccumulatedQ3Duration_ConsolidatedMember_ResultMember	/disc/18790/081220230209504192_tse-qcedjpsm-18790-20230209504192-ixbrl.htm
2023-02-10	四半期	前期第3四半期累計	連結	実績		親会社株主に帰属する当期純利益の増減率	ChangeInProfitAttributableToOwnersOfParent	0.267	Pure	26.7	PriorAccumulatedQ3Duration_ConsolidatedMember_ResultMember	/disc/18790/081220230209504192_tse-qcedjpsm-18790-20230209504192-ixbrl.htm
2023-02-10	四半期	当期第3四半期累計	連結	実績		包括利益	ComprehensiveIncome	6928000000	JPY	6,928	CurrentAccumulatedQ3Duration_ConsolidatedMember_ResultMember	/disc/18790/081220230209504192_tse-qcedjpsm-18790-20230209504192-ixbrl.htm
2023-02-10	四半期	当期第3四半期累計	連結	実績		包括利益の増減率	ChangeInComprehensiveIncome	0.064	Pure	6.4	CurrentAccumulatedQ3Duration_ConsolidatedMember_ResultMember	/disc/18790/081220230209504192_tse-qcedjpsm-18790-20230209504192-ixbrl.htm
2023-02-10	四半期	前期第3四半期累計	連結	実績		包括利益	ComprehensiveIncome	6511000000	JPY	6,511	PriorAccumulatedQ3Duration_ConsolidatedMember_ResultMember	/disc/18790/081220230209504192_tse-qcedjpsm-18790-20230209504192-ixbrl.htm
2023-02-10	四半期	前期第3四半期累計	連結	実績		包括利益の増減率	ChangeInComprehensiveIncome	0.254	Pure	25.4	PriorAccumulatedQ3Duration_ConsolidatedMember_ResultMember	/disc/18790/081220230209504192_tse-qcedjpsm-18790-20230209504192-ixbrl.htm
2023-02-10	四半期	当期第3四半期累計	連結	実績		1株当たり当期純利益	NetIncomePerShare	116.28	JPYPerShares	116.28	CurrentAccumulatedQ3Duration_ConsolidatedMember_ResultMember	/disc/18790/081220230209504192_tse-qcedjpsm-18790-20230209504192-ixbrl.htm
2023-02-10	四半期	前期第3四半期累計	連結	実績		1株当たり当期純利益	NetIncomePerShare	111.65	JPYPerShares	111.65	PriorAccumulatedQ3Duration_ConsolidatedMember_ResultMember	/disc/18790/081220230209504192_tse-qcedjpsm-18790-20230209504192-ixbrl.htm
2023-02-10	四半期	当期第3四半期累計	連結	実績		総資産	TotalAssets	144670000000	JPY	144,670	CurrentAccumulatedQ3Instant_ConsolidatedMember_ResultMember	/disc/18790/081220230209504192_tse-qcedjpsm-18790-20230209504192-ixbrl.htm
2023-02-10	四半期	当期第3四半期累計	連結	実績		純資産	NetAssets	97256000000	JPY	97,256	CurrentAccumulatedQ3Instant_ConsolidatedMember_ResultMember	/disc/18790/081220230209504192_tse-qcedjpsm-18790-20230209504192-ixbrl.htm
2023-02-10	四半期	当期第3四半期累計	連結	実績		自己資本比率	CapitalAdequacyRatio	0.672	Pure	67.2	CurrentAccumulatedQ3Instant_ConsolidatedMember_ResultMember	/disc/18790/081220230209504192_tse-qcedjpsm-18790-20230209504192-ixbrl.htm
2023-02-10	四半期	前期	連結	実績		総資産	TotalAssets	140177000000	JPY	140,177	PriorYearInstant_ConsolidatedMember_ResultMember	/disc/18790/081220230209504192_tse-qcedjpsm-18790-20230209504192-ixbrl.htm
2023-02-10	四半期	前期	連結	実績		純資産	NetAssets	91613000000	JPY	91,613	PriorYearInstant_ConsolidatedMember_ResultMember	/disc/18790/081220230209504192_tse-qcedjpsm-18790-20230209504192-ixbrl.htm
2023-02-10	四半期	前期	連結	実績		自己資本比率	CapitalAdequacyRatio	0.654	Pure	65.4	PriorYearInstant_ConsolidatedMember_ResultMember	/disc/18790/081220230209504192_tse-qcedjpsm-18790-20230209504192-ixbrl.htm
2023-02-10	四半期	当期第3四半期累計	連結	実績		自己資本	OwnersEquity	97256000000	JPY	97,256	CurrentAccumulatedQ3Instant_ConsolidatedMember_ResultMember	/disc/18790/081220230209504192_tse-qcedjpsm-18790-20230209504192-ixbrl.htm
2023-02-10	四半期	前期	連結	実績		自己資本	OwnersEquity	91613000000	JPY	91,613	PriorYearInstant_ConsolidatedMember_ResultMember	/disc/18790/081220230209504192_tse-qcedjpsm-18790-20230209504192-ixbrl.htm
2023-02-10	四半期	前期	単体	実績	第2四半期末	1株当たり配当金	DividendPerShare	9.00	JPYPerShares	9.00	PriorYearDuration_SecondQuarterMember_NonConsolidatedMember_ResultMember	/disc/18790/081220230209504192_tse-qcedjpsm-18790-20230209504192-ixbrl.htm
2023-02-10	四半期	前期	単体	実績	期末	1株当たり配当金	DividendPerShare	12.00	JPYPerShares	12.00	PriorYearDuration_YearEndMember_NonConsolidatedMember_ResultMember	/disc/18790/081220230209504192_tse-qcedjpsm-18790-20230209504192-ixbrl.htm
2023-02-10	四半期	前期	単体	実績	合計	1株当たり配当金	DividendPerShare	21.00	JPYPerShares	21.00	PriorYearDuration_AnnualMember_NonConsolidatedMember_ResultMember	/disc/18790/081220230209504192_tse-qcedjpsm-18790-20230209504192-ixbrl.htm
2023-02-10	四半期	当期	単体	実績	第2四半期末	1株当たり配当金	DividendPerShare	10.00	JPYPerShares	10.00	CurrentYearDuration_SecondQuarterMember_NonConsolidatedMember_ResultMember	/disc/18790/081220230209504192_tse-qcedjpsm-18790-20230209504192-ixbrl.htm
2023-02-10	四半期	当期	単体	予想	期末	1株当たり配当金	DividendPerShare	12.00	JPYPerShares	12.00	CurrentYearDuration_YearEndMember_NonConsolidatedMember_ForecastMember	/disc/18790/081220230209504192_tse-qcedjpsm-18790-20230209504192-ixbrl.htm
2023-02-10	四半期	当期	単体	予想	合計	1株当たり配当金	DividendPerShare	22.00	JPYPerShares	22.00	CurrentYearDuration_AnnualMember_NonConsolidatedMember_ForecastMember	/disc/18790/081220230209504192_tse-qcedjpsm-18790-20230209504192-ixbrl.htm
2023-02-10	四半期	当期	単体	実績	合計	当四半期における配当予想の修正	CorrectionOfDividendForecastInThisQuarter			無	CurrentYearDuration_AnnualMember_NonConsolidatedMember_ResultMember	/disc/18790/081220230209504192_tse-qcedjpsm-18790-20230209504192-ixbrl.htm
2023-02-10	四半期	当期	連結	予想		業績予想の見出し	TitleForForecasts			3. 2023年 3月期の連結業績予想（2022年 4月 1日～2023年 3月31日）	CurrentYearDuration_ConsolidatedMember_ForecastMember	/disc/18790/081220230209504192_tse-qcedjpsm-18790-20230209504192-ixbrl.htm
2023-02-10	四半期	当期	連結	予想		売上高	NetSales	120000000000	JPY	120,000	CurrentYearDuration_ConsolidatedMember_ForecastMember	/disc/18790/081220230209504192_tse-qcedjpsm-18790-20230209504192-ixbrl.htm
2023-02-10	四半期	当期	連結	予想		売上高の増減率	ChangeInNetSales	0.121	Pure	12.1	CurrentYearDuration_ConsolidatedMember_ForecastMember	/disc/18790/081220230209504192_tse-qcedjpsm-18790-20230209504192-ixbrl.htm
2023-02-10	四半期	当期	連結	予想		営業利益	OperatingIncome	16200000000	JPY	16,200	CurrentYearDuration_ConsolidatedMember_ForecastMember	/disc/18790/081220230209504192_tse-qcedjpsm-18790-20230209504192-ixbrl.htm
2023-02-10	四半期	当期	連結	予想		営業利益の増減率	ChangeInOperatingIncome	0.042	Pure	4.2	CurrentYearDuration_ConsolidatedMember_ForecastMember	/disc/18790/081220230209504192_tse-qcedjpsm-18790-20230209504192-ixbrl.htm
2023-02-10	四半期	当期	連結	予想		経常利益	OrdinaryIncome	16200000000	JPY	16,200	CurrentYearDuration_ConsolidatedMember_ForecastMember	/disc/18790/081220230209504192_tse-qcedjpsm-18790-20230209504192-ixbrl.htm
2023-02-10	四半期	当期	連結	予想		経常利益の増減率	ChangeInOrdinaryIncome	0.040	Pure	4.0	CurrentYearDuration_ConsolidatedMember_ForecastMember	/disc/18790/081220230209504192_tse-qcedjpsm-18790-20230209504192-ixbrl.htm
2023-02-10	四半期	当期	連結	予想		親会社株主に帰属する当期純利益	ProfitAttributableToOwnersOfParent	11100000000	JPY	11,100	CurrentYearDuration_ConsolidatedMember_ForecastMember	/disc/18790/081220230209504192_tse-qcedjpsm-18790-20230209504192-ixbrl.htm
2023-02-10	四半期	当期	連結	予想		親会社株主に帰属する当期純利益の増減率	ChangeInProfitAttributableToOwnersOfParent	0.028	Pure	2.8	CurrentYearDuration_ConsolidatedMember_ForecastMember	/disc/18790/081220230209504192_tse-qcedjpsm-18790-20230209504192-ixbrl.htm
2023-02-10	四半期	当期	連結	予想		1株当たり当期純利益	NetIncomePerShare	189.87	JPYPerShares	189.87	CurrentYearDuration_ConsolidatedMember_ForecastMember	/disc/18790/081220230209504192_tse-qcedjpsm-18790-20230209504192-ixbrl.htm
2023-02-10	四半期	当期	連結	予想		当四半期における業績予想の修正	CorrectionOfConsolidatedFinancialForecastInThisQuarter			無	CurrentYearDuration_ConsolidatedMember_ForecastMember	/disc/18790/081220230209504192_tse-qcedjpsm-18790-20230209504192-ixbrl.htm
2023-02-10	四半期	当期第3四半期累計	連結	実績			MaterialChangesInSubsidiariesDuringThisPeriodChangesInScopeOfConsolidationsResultingFromChangeIsSubsidiaries			無	CurrentAccumulatedQ3Duration_ConsolidatedMember_ResultMember	/disc/18790/081220230209504192_tse-qcedjpsm-18790-20230209504192-ixbrl.htm
2023-02-10	四半期	当期第3四半期累計	連結	実績			ApplyingOfSpecificAccountingOfTheConsolidatedQuarterlyFinancialStatements			無	CurrentAccumulatedQ3Duration_ConsolidatedMember_ResultMember	/disc/18790/081220230209504192_tse-qcedjpsm-18790-20230209504192-ixbrl.htm
2023-02-10	四半期	当期第3四半期累計	連結	実績		会計基準等の改正に伴う変更	ChangesBasedOnRevisionsOfAccountingStandard			無	CurrentAccumulatedQ3Duration_ConsolidatedMember_ResultMember	/disc/18790/081220230209504192_tse-qcedjpsm-18790-20230209504192-ixbrl.htm
2023-02-10	四半期	当期第3四半期累計	連結	実績		それ以外の会計方針の変更	ChangesOtherThanOnesBasedOnRevisionsOfAccountingStandard			無	CurrentAccumulatedQ3Duration_ConsolidatedMember_ResultMember	/disc/18790/081220230209504192_tse-qcedjpsm-18790-20230209504192-ixbrl.htm
2023-02-10	四半期	当期第3四半期累計	連結	実績		会計上の見積りの変更	ChangesInAccountingEstimates			無	CurrentAccumulatedQ3Duration_ConsolidatedMember_ResultMember	/disc/18790/081220230209504192_tse-qcedjpsm-18790-20230209504192-ixbrl.htm
2023-02-10	四半期	当期第3四半期累計	連結	実績		修正再表示	RetrospectiveRestatement			無	CurrentAccumulatedQ3Duration_ConsolidatedMember_ResultMember	/disc/18790/081220230209504192_tse-qcedjpsm-18790-20230209504192-ixbrl.htm
2023-02-10	四半期	当期第3四半期累計	単体	実績		期末発行済株式数(自己株式を含む)	NumberOfIssuedAndOutstandingSharesAtTheEndOfFiscalYearIncludingTreasuryStock	61360720	Shares	61,360,720	CurrentAccumulatedQ3Instant_NonConsolidatedMember_ResultMember	/disc/18790/081220230209504192_tse-qcedjpsm-18790-20230209504192-ixbrl.htm
2023-02-10	四半期	前期	単体	実績		期末発行済株式数(自己株式を含む)	NumberOfIssuedAndOutstandingSharesAtTheEndOfFiscalYearIncludingTreasuryStock	61360720	Shares	61,360,720	PriorYearInstant_NonConsolidatedMember_ResultMember	/disc/18790/081220230209504192_tse-qcedjpsm-18790-20230209504192-ixbrl.htm
2023-02-10	四半期	当期第3四半期累計	単体	実績		期末自己株式数	NumberOfTreasuryStockAtTheEndOfFiscalYear	2900987	Shares	2,900,987	CurrentAccumulatedQ3Instant_NonConsolidatedMember_ResultMember	/disc/18790/081220230209504192_tse-qcedjpsm-18790-20230209504192-ixbrl.htm
2023-02-10	四半期	前期	単体	実績		期末自己株式数	NumberOfTreasuryStockAtTheEndOfFiscalYear	2900836	Shares	2,900,836	PriorYearInstant_NonConsolidatedMember_ResultMember	/disc/18790/081220230209504192_tse-qcedjpsm-18790-20230209504192-ixbrl.htm
2023-02-10	四半期	当期第3四半期累計	単体	実績		期中平均株式数	AverageNumberOfShares	58459821	Shares	58,459,821	CurrentAccumulatedQ3Duration_NonConsolidatedMember_ResultMember	/disc/18790/081220230209504192_tse-qcedjpsm-18790-20230209504192-ixbrl.htm
2023-02-10	四半期	前期第3四半期累計	単体	実績		期中平均株式数	AverageNumberOfShares	58460142	Shares	58,460,142	PriorAccumulatedQ3Duration_NonConsolidatedMember_ResultMember	/disc/18790/081220230209504192_tse-qcedjpsm-18790-20230209504192-ixbrl.htm
2023-02-10	四半期	当期				将来情報の利用に関する注意	NotesForUsingForecastedInformationAndOthers			本資料に記載されている業績見通し等の将来に関する記述は、当社が現在入手している情報及び合理的であると判断する一定の前提に基づいており、その達成を当社として約束する趣旨のものではありません。また、実際の業績等は様々な要因により大きく異なる可能性があります。	CurrentYearDuration	/disc/18790/081220230209504192_tse-qcedjpsm-18790-20230209504192-ixbrl.htm
2023-02-10	四半期	当期				決算期末	FiscalYearEnd			2023-03-31	CurrentYearInstant	/disc/18790/081220230209504192_tse-qcedjpsm-18790-20230209504192-ixbrl.htm
2023-02-10	四半期	当期第3四半期累計				四半期	QuarterlyPeriod	3	Pure	3	CurrentAccumulatedQ3Instant	/disc/18790/081220230209504192_tse-qcedjpsm-18790-20230209504192-ixbrl.htm
2023-05-11	年次	当期				書類名	DocumentName			決算短信〔日本基準〕（連結）	CurrentYearInstant	/disc/18790/081220230509561811_tse-acedjpsm-18790-20230509561811-ixbrl.htm
2023-05-11	年次	当期				提出日	FilingDate			2023年5月11日	CurrentYearInstant	/disc/18790/081220230509561811_tse-acedjpsm-18790-20230509561811-ixbrl.htm
2023-05-11	年次	当期				会社名	CompanyName			新日本建設株式会社	CurrentYearInstant	/disc/18790/081220230509561811_tse-acedjpsm-18790-20230509561811-ixbrl.htm
2023-05-11	年次	当期					TokyoStockExchange			東	CurrentYearInstant	/disc/18790/081220230509561811_tse-acedjpsm-18790-20230509561811-ixbrl.htm
2023-05-11	年次	当期				証券コード	SecuritiesCode			18790	CurrentYearInstant	/disc/18790/081220230509561811_tse-acedjpsm-18790-20230509561811-ixbrl.htm
2023-05-11	年次	当期				URL	URL			https://www.shinnihon-c.co.jp/	CurrentYearInstant	/disc/18790/081220230509561811_tse-acedjpsm-18790-20230509561811-ixbrl.htm
2023-05-11	年次	当期				代表者の役職	TitleRepresentative			代表取締役社長	CurrentYearInstant	/disc/18790/081220230509561811_tse-acedjpsm-18790-20230509561811-ixbrl.htm
2023-05-11	年次	当期				代表者名	NameRepresentative			高見 克司	CurrentYearInstant	/disc/18790/081220230509561811_tse-acedjpsm-18790-20230509561811-ixbrl.htm
2023-05-11	年次	当期					TitleInquiries			取締役常務執行役員管理本部長	CurrentYearInstant	/disc/18790/081220230509561811_tse-acedjpsm-18790-20230509561811-ixbrl.htm
2023-05-11	年次	当期					NameInquiries			高橋 苗樹	CurrentYearInstant	/disc/18790/081220230509561811_tse-acedjpsm-18790-20230509561811-ixbrl.htm
2023-05-11	年次	当期					Tel			043-213-1111	CurrentYearInstant	/disc/18790/081220230509561811_tse-acedjpsm-18790-20230509561811-ixbrl.htm
2023-05-11	年次	当期					DateOfGeneralShareholdersMeetingAsPlanned			2023年6月29日	CurrentYearInstant	/disc/18790/081220230509561811_tse-acedjpsm-18790-20230509561811-ixbrl.htm
2023-05-11	年次	当期					DividendPayableDateAsPlanned			2023年6月30日	CurrentYearInstant	/disc/18790/081220230509561811_tse-acedjpsm-18790-20230509561811-ixbrl.htm
2023-05-11	年次	当期					AnnualSecuritiesReportFilingDateAsPlanned			2023年6月29日	CurrentYearInstant	/disc/18790/081220230509561811_tse-acedjpsm-18790-20230509561811-ixbrl.htm
2023-05-11	年次	当期					SupplementalMaterialOfAnnualResults			有	CurrentYearInstant	/disc/18790/081220230509561811_tse-acedjpsm-18790-20230509561811-ixbrl.htm
2023-05-11	年次	当期					ConveningBriefingOfAnnualResults			有	CurrentYearInstant	/disc/18790/081220230509561811_tse-acedjpsm-18790-20230509561811-ixbrl.htm
2023-05-11	年次	当期					TargetAudienceBriefingOfAnnualResults			（機関投資家・金融機関向け）	CurrentYearInstant	/disc/18790/081220230509561811_tse-acedjpsm-18790-20230509561811-ixbrl.htm
2023-05-11	年次	当期					NoteToFractionProcessingMethod			（百万円未満切捨て）	CurrentYearInstant	/disc/18790/081220230509561811_tse-acedjpsm-18790-20230509561811-ixbrl.htm
2023-05-11	年次	当期	連結	実績		売上高	NetSales	113725000000	JPY	113,725	CurrentYearDuration_ConsolidatedMember_ResultMember	/disc/18790/081220230509561811_tse-acedjpsm-18790-20230509561811-ixbrl.htm
2023-05-11	年次	当期	連結	実績		売上高の増減率	ChangeInNetSales	0.062	Pure	6.2	CurrentYearDuration_ConsolidatedMember_ResultMember	/disc/18790/081220230509561811_tse-acedjpsm-18790-20230509561811-ixbrl.htm
2023-05-11	年次	当期	連結	実績		営業利益	OperatingIncome	17186000000	JPY	17,186	CurrentYearDuration_ConsolidatedMember_ResultMember	/disc/18790/081220230509561811_tse-acedjpsm-18790-20230509561811-ixbrl.htm
2023-05-11	年次	当期	連結	実績		営業利益の増減率	ChangeInOperatingIncome	0.105	Pure	10.5	CurrentYearDuration_ConsolidatedMember_ResultMember	/disc/18790/081220230509561811_tse-acedjpsm-18790-20230509561811-ixbrl.htm
2023-05-11	年次	当期	連結	実績		経常利益	OrdinaryIncome	17225000000	JPY	17,225	CurrentYearDuration_ConsolidatedMember_ResultMember	/disc/18790/081220230509561811_tse-acedjpsm-18790-20230509561811-ixbrl.htm
2023-05-11	年次	当期	連結	実績		経常利益の増減率	ChangeInOrdinaryIncome	0.105	Pure	10.5	CurrentYearDuration_ConsolidatedMember_ResultMember	/disc/18790/081220230509561811_tse-acedjpsm-18790-20230509561811-ixbrl.htm
2023-05-11	年次	当期	連結	実績		親会社株主に帰属する当期純利益	ProfitAttributableToOwnersOfParent	12013000000	JPY	12,013	CurrentYearDuration_ConsolidatedMember_ResultMember	/disc/18790/081220230509561811_tse-acedjpsm-18790-20230509561811-ixbrl.htm
2023-05-11	年次	当期	連結	実績		親会社株主に帰属する当期純利益の増減率	ChangeInProfitAttributableToOwnersOfParent	0.113	Pure	11.3	CurrentYearDuration_ConsolidatedMember_ResultMember	/disc/18790/081220230509561811_tse-acedjpsm-18790-20230509561811-ixbrl.htm
2023-05-11	年次	前期	連結	実績		売上高	NetSales	107092000000	JPY	107,092	PriorYearDuration_ConsolidatedMember_ResultMember	/disc/18790/081220230509561811_tse-acedjpsm-18790-20230509561811-ixbrl.htm
2023-05-11	年次	前期	連結	実績		売上高の増減率	ChangeInNetSales	0.052	Pure	5.2	PriorYearDuration_ConsolidatedMember_ResultMember	/disc/18790/081220230509561811_tse-acedjpsm-18790-20230509561811-ixbrl.htm
2023-05-11	年次	前期	連結	実績		営業利益	OperatingIncome	15549000000	JPY	15,549	PriorYearDuration_ConsolidatedMember_ResultMember	/disc/18790/081220230509561811_tse-acedjpsm-18790-20230509561811-ixbrl.htm
2023-05-11	年次	前期	連結	実績		営業利益の増減率	ChangeInOperatingIncome	0.118	Pure	11.8	PriorYearDuration_ConsolidatedMember_ResultMember	/disc/18790/081220230509561811_tse-acedjpsm-18790-20230509561811-ixbrl.htm
2023-05-11	年次	前期	連結	実績		経常利益	OrdinaryIncome	15583000000	JPY	15,583	PriorYearDuration_ConsolidatedMember_ResultMember	/disc/18790/081220230509561811_tse-acedjpsm-18790-20230509561811-ixbrl.htm
2023-05-11	年次	前期	連結	実績		経常利益の増減率	ChangeInOrdinaryIncome	0.118	Pure	11.8	PriorYearDuration_ConsolidatedMember_ResultMember	/disc/18790/081220230509561811_tse-acedjpsm-18790-20230509561811-ixbrl.htm
2023-05-11	年次	前期	連結	実績		親会社株主に帰属する当期純利益	ProfitAttributableToOwnersOfParent	10796000000	JPY	10,796	PriorYearDuration_ConsolidatedMember_ResultMember	/disc/18790/081220230509561811_tse-acedjpsm-18790-20230509561811-ixbrl.htm
2023-05-11	年次	前期	連結	実績		親会社株主に帰属する当期純利益の増減率	ChangeInProfitAttributableToOwnersOfParent	0.121	Pure	12.1	PriorYearDuration_ConsolidatedMember_ResultMember	/disc/18790/081220230509561811_tse-acedjpsm-18790-20230509561811-ixbrl.htm
2023-05-11	年次	当期	連結	実績		包括利益	ComprehensiveIncome	12075000000	JPY	12,075	CurrentYearDuration_ConsolidatedMember_ResultMember	/disc/18790/081220230509561811_tse-acedjpsm-18790-20230509561811-ixbrl.htm
2023-05-11	年次	当期	連結	実績		包括利益の増減率	ChangeInComprehensiveIncome	0.116	Pure	11.6	CurrentYearDuration_ConsolidatedMember_ResultMember	/disc/18790/081220230509561811_tse-acedjpsm-18790-20230509561811-ixbrl.htm
2023-05-11	年次	前期	連結	実績		包括利益	ComprehensiveIncome	10823000000	JPY	10,823	PriorYearDuration_ConsolidatedMember_ResultMember	/disc/18790/081220230509561811_tse-acedjpsm-18790-20230509561811-ixbrl.htm
2023-05-11	年次	前期	連結	実績		包括利益の増減率	ChangeInComprehensiveIncome	0.111	Pure	11.1	PriorYearDuration_ConsolidatedMember_ResultMember	/disc/18790/081220230509561811_tse-acedjpsm-18790-20230509561811-ixbrl.htm
2023-05-11	年次	当期	連結	実績		1株当たり当期純利益	NetIncomePerShare	205.49	JPYPerShares	205.49	CurrentYearDuration_ConsolidatedMember_ResultMember	/disc/18790/081220230509561811_tse-acedjpsm-18790-20230509561811-ixbrl.htm
2023-05-11	年次	当期	連結	実績		自己資本当期純利益率(ROE)	NetIncomeToShareholdersEquityRatio	0.124	Pure	12.4	CurrentYearDuration_ConsolidatedMember_ResultMember	/disc/18790/081220230509561811_tse-acedjpsm-18790-20230509561811-ixbrl.htm
2023-05-11	年次	当期	連結	実績		総資産経常利益率(ROA)	OrdinaryIncomeToTotalAssetsRatio	0.116	Pure	11.6	CurrentYearDuration_ConsolidatedMember_ResultMember	/disc/18790/081220230509561811_tse-acedjpsm-18790-20230509561811-ixbrl.htm
2023-05-11	年次	当期	連結	実績		売上高営業利益率	OperatingIncomeToNetSalesRatio	0.151	Pure	15.1	CurrentYearDuration_ConsolidatedMember_ResultMember	/disc/18790/081220230509561811_tse-acedjpsm-18790-20230509561811-ixbrl.htm
2023-05-11	年次	前期	連結	実績		1株当たり当期純利益	NetIncomePerShare	184.68	JPYPerShares	184.68	PriorYearDuration_ConsolidatedMember_ResultMember	/disc/18790/081220230509561811_tse-acedjpsm-18790-20230509561811-ixbrl.htm
2023-05-11	年次	前期	連結	実績		自己資本当期純利益率(ROE)	NetIncomeToShareholdersEquityRatio	0.124	Pure	12.4	PriorYearDuration_ConsolidatedMember_ResultMember	/disc/18790/081220230509561811_tse-acedjpsm-18790-20230509561811-ixbrl.htm
2023-05-11	年次	前期	連結	実績		総資産経常利益率(ROA)	OrdinaryIncomeToTotalAssetsRatio	0.117	Pure	11.7	PriorYearDuration_ConsolidatedMember_ResultMember	/disc/18790/081220230509561811_tse-acedjpsm-18790-20230509561811-ixbrl.htm
2023-05-11	年次	前期	連結	実績		売上高営業利益率	OperatingIncomeToNetSalesRatio	0.145	Pure	14.5	PriorYearDuration_ConsolidatedMember_ResultMember	/disc/18790/081220230509561811_tse-acedjpsm-18790-20230509561811-ixbrl.htm
2023-05-11	年次	当期	連結	実績		総資産	TotalAssets	156025000000	JPY	156,025	CurrentYearInstant_ConsolidatedMember_ResultMember	/disc/18790/081220230509561811_tse-acedjpsm-18790-20230509561811-ixbrl.htm
2023-05-11	年次	当期	連結	実績		純資産	NetAssets	102428000000	JPY	102,428	CurrentYearInstant_ConsolidatedMember_ResultMember	/disc/18790/081220230509561811_tse-acedjpsm-18790-20230509561811-ixbrl.htm
2023-05-11	年次	当期	連結	実績		自己資本比率	CapitalAdequacyRatio	0.656	Pure	65.6	CurrentYearInstant_ConsolidatedMember_ResultMember	/disc/18790/081220230509561811_tse-acedjpsm-18790-20230509561811-ixbrl.htm
2023-05-11	年次	当期	連結	実績		1株当たり純資産	NetAssetsPerShare	1751.22	JPYPerShares	1,751.22	CurrentYearInstant_ConsolidatedMember_ResultMember	/disc/18790/081220230509561811_tse-acedjpsm-18790-20230509561811-ixbrl.htm
2023-05-11	年次	前期	連結	実績		総資産	TotalAssets	140177000000	JPY	140,177	PriorYearInstant_ConsolidatedMember_ResultMember	/disc/18790/081220230509561811_tse-acedjpsm-18790-20230509561811-ixbrl.htm
2023-05-11	年次	前期	連結	実績		純資産	NetAssets	91613000000	JPY	91,613	PriorYearInstant_ConsolidatedMember_ResultMember	/disc/18790/081220230509561811_tse-acedjpsm-18790-20230509561811-ixbrl.htm
2023-05-11	年次	前期	連結	実績		自己資本比率	CapitalAdequacyRatio	0.654	Pure	65.4	PriorYearInstant_ConsolidatedMember_ResultMember	/disc/18790/081220230509561811_tse-acedjpsm-18790-20230509561811-ixbrl.htm
2023-05-11	年次	前期	連結	実績		1株当たり純資産	NetAssetsPerShare	1567.12	JPYPerShares	1,567.12	PriorYearInstant_ConsolidatedMember_ResultMember	/disc/18790/081220230509561811_tse-acedjpsm-18790-20230509561811-ixbrl.htm
2023-05-11	年次	当期	連結	実績		自己資本	OwnersEquity	102428000000	JPY	102,428	CurrentYearInstant_ConsolidatedMember_ResultMember	/disc/18790/081220230509561811_tse-acedjpsm-18790-20230509561811-ixbrl.htm
2023-05-11	年次	前期	連結	実績		自己資本	OwnersEquity	91613000000	JPY	91,613	PriorYearInstant_ConsolidatedMember_ResultMember	/disc/18790/081220230509561811_tse-acedjpsm-18790-20230509561811-ixbrl.htm
2023-05-11	年次	当期	連結	実績		営業キャッシュフロー	CashFlowsFromOperatingActivities	10585000000	JPY	10,585	CurrentYearDuration_ConsolidatedMember_ResultMember	/disc/18790/081220230509561811_tse-acedjpsm-18790-20230509561811-ixbrl.htm
2023-05-11	年次	当期	連結	実績		投資キャッシュフロー	CashFlowsFromInvestingActivities	123000000	JPY	123	CurrentYearDuration_ConsolidatedMember_ResultMember	/disc/18790/081220230509561811_tse-acedjpsm-18790-20230509561811-ixbrl.htm
2023-05-11	年次	当期	連結	実績		財務キャッシュフロー	CashFlowsFromFinancingActivities	-1278000000	JPY	1,278	CurrentYearDuration_ConsolidatedMember_ResultMember	/disc/18790/081220230509561811_tse-acedjpsm-18790-20230509561811-ixbrl.htm
2023-05-11	年次	当期	連結	実績		現金及び現金同等物の期末残高	CashAndEquivalentsEndOfPeriod	74601000000	JPY	74,601	CurrentYearInstant_ConsolidatedMember_ResultMember	/disc/18790/081220230509561811_tse-acedjpsm-18790-20230509561811-ixbrl.htm
2023-05-11	年次	前期	連結	実績		営業キャッシュフロー	CashFlowsFromOperatingActivities	3766000000	JPY	3,766	PriorYearDuration_ConsolidatedMember_ResultMember	/disc/18790/081220230509561811_tse-acedjpsm-18790-20230509561811-ixbrl.htm
2023-05-11	年次	前期	連結	実績		投資キャッシュフロー	CashFlowsFromInvestingActivities	-123000000	JPY	123	PriorYearDuration_ConsolidatedMember_ResultMember	/disc/18790/081220230509561811_tse-acedjpsm-18790-20230509561811-ixbrl.htm
2023-05-11	年次	前期	連結	実績		財務キャッシュフロー	CashFlowsFromFinancingActivities	-1129000000	JPY	1,129	PriorYearDuration_ConsolidatedMember_ResultMember	/disc/18790/081220230509561811_tse-acedjpsm-18790-20230509561811-ixbrl.htm
2023-05-11	年次	前期	連結	実績		現金及び現金同等物の期末残高	CashAndEquivalentsEndOfPeriod	65171000000	JPY	65,171	PriorYearInstant_ConsolidatedMember_ResultMember	/disc/18790/081220230509561811_tse-acedjpsm-18790-20230509561811-ixbrl.htm
2023-05-11	年次	前期	単体	実績	第2四半期末	1株当たり配当金	DividendPerShare	9.00	JPYPerShares	9.00	PriorYearDuration_SecondQuarterMember_NonConsolidatedMember_ResultMember	/disc/18790/081220230509561811_tse-acedjpsm-18790-20230509561811-ixbrl.htm
2023-05-11	年次	前期	単体	実績	期末	1株当たり配当金	DividendPerShare	12.00	JPYPerShares	12.00	PriorYearDuration_YearEndMember_NonConsolidatedMember_ResultMember	/disc/18790/081220230509561811_tse-acedjpsm-18790-20230509561811-ixbrl.htm
2023-05-11	年次	前期	単体	実績	合計	1株当たり配当金	DividendPerShare	21.00	JPYPerShares	21.00	PriorYearDuration_AnnualMember_NonConsolidatedMember_ResultMember	/disc/18790/081220230509561811_tse-acedjpsm-18790-20230509561811-ixbrl.htm
2023-05-11	年次	前期	単体	実績	合計	配当金総額	TotalDividendPaidAnnual	1227000000	JPY	1,227	PriorYearDuration_AnnualMember_NonConsolidatedMember_ResultMember	/disc/18790/081220230509561811_tse-acedjpsm-18790-20230509561811-ixbrl.htm
2023-05-11	年次	前期	連結	実績	合計	配当性向	PayoutRatio	0.114	Pure	11.4	PriorYearDuration_AnnualMember_ConsolidatedMember_ResultMember	/disc/18790/081220230509561811_tse-acedjpsm-18790-20230509561811-ixbrl.htm
2023-05-11	年次	前期	連結	実績	合計	純資産配当率	RatioOfTotalAmountOfDividendsToNetAssets	0.014	Pure	1.4	PriorYearDuration_AnnualMember_ConsolidatedMember_ResultMember	/disc/18790/081220230509561811_tse-acedjpsm-18790-20230509561811-ixbrl.htm
2023-05-11	年次	当期	単体	実績	第2四半期末	1株当たり配当金	DividendPerShare	10.00	JPYPerShares	10.00	CurrentYearDuration_SecondQuarterMember_NonConsolidatedMember_ResultMember	/disc/18790/081220230509561811_tse-acedjpsm-18790-20230509561811-ixbrl.htm
2023-05-11	年次	当期	単体	実績	期末	1株当たり配当金	DividendPerShare	17.00	JPYPerShares	17.00	CurrentYearDuration_YearEndMember_NonConsolidatedMember_ResultMember	/disc/18790/081220230509561811_tse-acedjpsm-18790-20230509561811-ixbrl.htm
2023-05-11	年次	当期	単体	実績	合計	1株当たり配当金	DividendPerShare	27.00	JPYPerShares	27.00	CurrentYearDuration_AnnualMember_NonConsolidatedMember_ResultMember	/disc/18790/081220230509561811_tse-acedjpsm-18790-20230509561811-ixbrl.htm
2023-05-11	年次	当期	単体	実績	合計	配当金総額	TotalDividendPaidAnnual	1578000000	JPY	1,578	CurrentYearDuration_AnnualMember_NonConsolidatedMember_ResultMember	/disc/18790/081220230509561811_tse-acedjpsm-18790-20230509561811-ixbrl.htm
2023-05-11	年次	当期	連結	実績	合計	配当性向	PayoutRatio	0.131	Pure	13.1	CurrentYearDuration_AnnualMember_ConsolidatedMember_ResultMember	/disc/18790/081220230509561811_tse-acedjpsm-18790-20230509561811-ixbrl.htm
2023-05-11	年次	当期	連結	実績	合計	純資産配当率	RatioOfTotalAmountOfDividendsToNetAssets	0.016	Pure	1.6	CurrentYearDuration_AnnualMember_ConsolidatedMember_ResultMember	/disc/18790/081220230509561811_tse-acedjpsm-18790-20230509561811-ixbrl.htm
2023-05-11	年次	来期	単体	予想	第2四半期末	1株当たり配当金	DividendPerShare	15.00	JPYPerShares	15.00	NextYearDuration_SecondQuarterMember_NonConsolidatedMember_ForecastMember	/disc/18790/081220230509561811_tse-acedjpsm-18790-20230509561811-ixbrl.htm
2023-05-11	年次	来期	単体	予想	期末	1株当たり配当金	DividendPerShare	19.00	JPYPerShares	19.00	NextYearDuration_YearEndMember_NonConsolidatedMember_ForecastMember	/disc/18790/081220230509561811_tse-acedjpsm-18790-20230509561811-ixbrl.htm
2023-05-11	年次	来期	単体	予想	合計	1株当たり配当金	DividendPerShare	34.00	JPYPerShares	34.00	NextYearDuration_AnnualMember_NonConsolidatedMember_ForecastMember	/disc/18790/081220230509561811_tse-acedjpsm-18790-20230509561811-ixbrl.htm
2023-05-11	年次	来期	連結	予想	合計	配当性向	PayoutRatio	0.163	Pure	16.3	NextYearDuration_AnnualMember_ConsolidatedMember_ForecastMember	/disc/18790/081220230509561811_tse-acedjpsm-18790-20230509561811-ixbrl.htm
2023-05-11	年次	来期	連結	予想		業績予想の見出し	TitleForForecasts			3. 2024年 3月期の連結業績予想（2023年 4月 1日～2024年 3月31日）	NextYearDuration_ConsolidatedMember_ForecastMember	/disc/18790/081220230509561811_tse-acedjpsm-18790-20230509561811-ixbrl.htm
2023-05-11	年次	来期	連結	予想		売上高	NetSales	133000000000	JPY	133,000	NextYearDuration_ConsolidatedMember_ForecastMember	/disc/18790/081220230509561811_tse-acedjpsm-18790-20230509561811-ixbrl.htm
2023-05-11	年次	来期	連結	予想		売上高の増減率	ChangeInNetSales	0.169	Pure	16.9	NextYearDuration_ConsolidatedMember_ForecastMember	/disc/18790/081220230509561811_tse-acedjpsm-18790-20230509561811-ixbrl.htm
2023-05-11	年次	来期	連結	予想		営業利益	OperatingIncome	17300000000	JPY	17,300	NextYearDuration_ConsolidatedMember_ForecastMember	/disc/18790/081220230509561811_tse-acedjpsm-18790-20230509561811-ixbrl.htm
2023-05-11	年次	来期	連結	予想		営業利益の増減率	ChangeInOperatingIncome	0.007	Pure	0.7	NextYearDuration_ConsolidatedMember_ForecastMember	/disc/18790/081220230509561811_tse-acedjpsm-18790-20230509561811-ixbrl.htm
2023-05-11	年次	来期	連結	予想		経常利益	OrdinaryIncome	17300000000	JPY	17,300	NextYearDuration_ConsolidatedMember_ForecastMember	/disc/18790/081220230509561811_tse-acedjpsm-18790-20230509561811-ixbrl.htm
2023-05-11	年次	来期	連結	予想		経常利益の増減率	ChangeInOrdinaryIncome	0.004	Pure	0.4	NextYearDuration_ConsolidatedMember_ForecastMember	/disc/18790/081220230509561811_tse-acedjpsm-18790-20230509561811-ixbrl.htm
2023-05-11	年次	来期	連結	予想		親会社株主に帰属する当期純利益	ProfitAttributableToOwnersOfParent	12200000000	JPY	12,200	NextYearDuration_ConsolidatedMember_ForecastMember	/disc/18790/081220230509561811_tse-acedjpsm-18790-20230509561811-ixbrl.htm
2023-05-11	年次	来期	連結	予想		親会社株主に帰属する当期純利益の増減率	ChangeInProfitAttributableToOwnersOfParent	0.016	Pure	1.6	NextYearDuration_ConsolidatedMember_ForecastMember	/disc/18790/081220230509561811_tse-acedjpsm-18790-20230509561811-ixbrl.htm
2023-05-11	年次	来期	連結	予想		1株当たり当期純利益	NetIncomePerShare	208.58	JPYPerShares	208.58	NextYearDuration_ConsolidatedMember_ForecastMember	/disc/18790/081220230509561811_tse-acedjpsm-18790-20230509561811-ixbrl.htm
2023-05-11	年次	当期	連結	実績			MaterialChangesInSubsidiariesDuringThisPeriodChangesInScopeOfConsolidationsResultingFromChangeIsSubsidiaries			無	CurrentYearDuration_ConsolidatedMember_ResultMember	/disc/18790/081220230509561811_tse-acedjpsm-18790-20230509561811-ixbrl.htm
2023-05-11	年次	当期	連結	実績		会計基準等の改正に伴う変更	ChangesBasedOnRevisionsOfAccountingStandard			無	CurrentYearDuration_ConsolidatedMember_ResultMember	/disc/18790/081220230509561811_tse-acedjpsm-18790-20230509561811-ixbrl.htm
2023-05-11	年次	当期	連結	実績		それ以外の会計方針の変更	ChangesOtherThanOnesBasedOnRevisionsOfAccountingStandard			無	CurrentYearDuration_ConsolidatedMember_ResultMember	/disc/18790/081220230509561811_tse-acedjpsm-18790-20230509561811-ixbrl.htm
2023-05-11	年次	当期	連結	実績		会計上の見積りの変更	ChangesInAccountingEstimates			無	CurrentYearDuration_ConsolidatedMember_ResultMember	/disc/18790/081220230509561811_tse-acedjpsm-18790-20230509561811-ixbrl.htm
2023-05-11	年次	当期	連結	実績		修正再表示	RetrospectiveRestatement			無	CurrentYearDuration_ConsolidatedMember_ResultMember	/disc/18790/081220230509561811_tse-acedjpsm-18790-20230509561811-ixbrl.htm
2023-05-11	年次	当期	単体	実績		期末発行済株式数(自己株式を含む)	NumberOfIssuedAndOutstandingSharesAtTheEndOfFiscalYearIncludingTreasuryStock	61360720	Shares	61,360,720	CurrentYearInstant_NonConsolidatedMember_ResultMember	/disc/18790/081220230509561811_tse-acedjpsm-18790-20230509561811-ixbrl.htm
2023-05-11	年次	前期	単体	実績		期末発行済株式数(自己株式を含む)	NumberOfIssuedAndOutstandingSharesAtTheEndOfFiscalYearIncludingTreasuryStock	61360720	Shares	61,360,720	PriorYearInstant_NonConsolidatedMember_ResultMember	/disc/18790/081220230509561811_tse-acedjpsm-18790-20230509561811-ixbrl.htm
2023-05-11	年次	当期	単体	実績		期末自己株式数	NumberOfTreasuryStockAtTheEndOfFiscalYear	2870803	Shares	2,870,803	CurrentYearInstant_NonConsolidatedMember_ResultMember	/disc/18790/081220230509561811_tse-acedjpsm-18790-20230509561811-ixbrl.htm
2023-05-11	年次	前期	単体	実績		期末自己株式数	NumberOfTreasuryStockAtTheEndOfFiscalYear	2900836	Shares	2,900,836	PriorYearInstant_NonConsolidatedMember_ResultMember	/disc/18790/081220230509561811_tse-acedjpsm-18790-20230509561811-ixbrl.htm
2023-05-11	年次	当期	単体	実績		期中平均株式数	AverageNumberOfShares	58461070	Shares	58,461,070	CurrentYearDuration_NonConsolidatedMember_ResultMember	/disc/18790/081220230509561811_tse-acedjpsm-18790-20230509561811-ixbrl.htm
2023-05-11	年次	前期	単体	実績		期中平均株式数	AverageNumberOfShares	58460078	Shares	58,460,078	PriorYearDuration_NonConsolidatedMember_ResultMember	/disc/18790/081220230509561811_tse-acedjpsm-18790-20230509561811-ixbrl.htm
2023-05-11	年次	当期	単体	実績		売上高	NetSales	102810000000	JPY	102,810	CurrentYearDuration_NonConsolidatedMember_ResultMember	/disc/18790/081220230509561811_tse-acedjpsm-18790-20230509561811-ixbrl.htm
2023-05-11	年次	当期	単体	実績		売上高の増減率	ChangeInNetSales	0.077	Pure	7.7	CurrentYearDuration_NonConsolidatedMember_ResultMember	/disc/18790/081220230509561811_tse-acedjpsm-18790-20230509561811-ixbrl.htm
2023-05-11	年次	当期	単体	実績		営業利益	OperatingIncome	16325000000	JPY	16,325	CurrentYearDuration_NonConsolidatedMember_ResultMember	/disc/18790/081220230509561811_tse-acedjpsm-18790-20230509561811-ixbrl.htm
2023-05-11	年次	当期	単体	実績		営業利益の増減率	ChangeInOperatingIncome	0.098	Pure	9.8	CurrentYearDuration_NonConsolidatedMember_ResultMember	/disc/18790/081220230509561811_tse-acedjpsm-18790-20230509561811-ixbrl.htm
2023-05-11	年次	当期	単体	実績		経常利益	OrdinaryIncome	16777000000	JPY	16,777	CurrentYearDuration_NonConsolidatedMember_ResultMember	/disc/18790/081220230509561811_tse-acedjpsm-18790-20230509561811-ixbrl.htm
2023-05-11	年次	当期	単体	実績		経常利益の増減率	ChangeInOrdinaryIncome	0.095	Pure	9.5	CurrentYearDuration_NonConsolidatedMember_ResultMember	/disc/18790/081220230509561811_tse-acedjpsm-18790-20230509561811-ixbrl.htm
2023-05-11	年次	当期	単体	実績		当期純利益	NetIncome	11857000000	JPY	11,857	CurrentYearDuration_NonConsolidatedMember_ResultMember	/disc/18790/081220230509561811_tse-acedjpsm-18790-20230509561811-ixbrl.htm
2023-05-11	年次	当期	単体	実績		当期純利益の増減率	ChangeInNetIncome	0.102	Pure	10.2	CurrentYearDuration_NonConsolidatedMember_ResultMember	/disc/18790/081220230509561811_tse-acedjpsm-18790-20230509561811-ixbrl.htm
2023-05-11	年次	前期	単体	実績		売上高	NetSales	95477000000	JPY	95,477	PriorYearDuration_NonConsolidatedMember_ResultMember	/disc/18790/081220230509561811_tse-acedjpsm-18790-20230509561811-ixbrl.htm
2023-05-11	年次	前期	単体	実績		売上高の増減率	ChangeInNetSales	0.068	Pure	6.8	PriorYearDuration_NonConsolidatedMember_ResultMember	/disc/18790/081220230509561811_tse-acedjpsm-18790-20230509561811-ixbrl.htm
2023-05-11	年次	前期	単体	実績		営業利益	OperatingIncome	14870000000	JPY	14,870	PriorYearDuration_NonConsolidatedMember_ResultMember	/disc/18790/081220230509561811_tse-acedjpsm-18790-20230509561811-ixbrl.htm
2023-05-11	年次	前期	単体	実績		営業利益の増減率	ChangeInOperatingIncome	0.161	Pure	16.1	PriorYearDuration_NonConsolidatedMember_ResultMember	/disc/18790/081220230509561811_tse-acedjpsm-18790-20230509561811-ixbrl.htm
2023-05-11	年次	前期	単体	実績		経常利益	OrdinaryIncome	15320000000	JPY	15,320	PriorYearDuration_NonConsolidatedMember_ResultMember	/disc/18790/081220230509561811_tse-acedjpsm-18790-20230509561811-ixbrl.htm
2023-05-11	年次	前期	単体	実績		経常利益の増減率	ChangeInOrdinaryIncome	0.156	Pure	15.6	PriorYearDuration_NonConsolidatedMember_ResultMember	/disc/18790/081220230509561811_tse-acedjpsm-18790-20230509561811-ixbrl.htm
2023-05-11	年次	前期	単体	実績		当期純利益	NetIncome	10758000000	JPY	10,758	PriorYearDuration_NonConsolidatedMember_ResultMember	/disc/18790/081220230509561811_tse-acedjpsm-18790-20230509561811-ixbrl.htm
2023-05-11	年次	前期	単体	実績		当期純利益の増減率	ChangeInNetIncome	0.155	Pure	15.5	PriorYearDuration_NonConsolidatedMember_ResultMember	/disc/18790/081220230509561811_tse-acedjpsm-18790-20230509561811-ixbrl.htm
2023-05-11	年次	当期	単体	実績		1株当たり当期純利益	NetIncomePerShare	202.82	JPYPerShares	202.82	CurrentYearDuration_NonConsolidatedMember_ResultMember	/disc/18790/081220230509561811_tse-acedjpsm-18790-20230509561811-ixbrl.htm
2023-05-11	年次	前期	単体	実績		1株当たり当期純利益	NetIncomePerShare	184.04	JPYPerShares	184.04	PriorYearDuration_NonConsolidatedMember_ResultMember	/disc/18790/081220230509561811_tse-acedjpsm-18790-20230509561811-ixbrl.htm
2023-05-11	年次	当期	単体	実績		総資産	TotalAssets	147449000000	JPY	147,449	CurrentYearInstant_NonConsolidatedMember_ResultMember	/disc/18790/081220230509561811_tse-acedjpsm-18790-20230509561811-ixbrl.htm
2023-05-11	年次	当期	単体	実績		純資産	NetAssets	97938000000	JPY	97,938	CurrentYearInstant_NonConsolidatedMember_ResultMember	/disc/18790/081220230509561811_tse-acedjpsm-18790-20230509561811-ixbrl.htm
2023-05-11	年次	当期	単体	実績		自己資本比率	CapitalAdequacyRatio	0.664	Pure	66.4	CurrentYearInstant_NonConsolidatedMember_ResultMember	/disc/18790/081220230509561811_tse-acedjpsm-18790-20230509561811-ixbrl.htm
2023-05-11	年次	当期	単体	実績		1株当たり純資産	NetAssetsPerShare	1674.45	JPYPerShares	1,674.45	CurrentYearInstant_NonConsolidatedMember_ResultMember	/disc/18790/081220230509561811_tse-acedjpsm-18790-20230509561811-ixbrl.htm
2023-05-11	年次	前期	単体	実績		総資産	TotalAssets	131752000000	JPY	131,752	PriorYearInstant_NonConsolidatedMember_ResultMember	/disc/18790/081220230509561811_tse-acedjpsm-18790-20230509561811-ixbrl.htm
2023-05-11	年次	前期	単体	実績		純資産	NetAssets	87258000000	JPY	87,258	PriorYearInstant_NonConsolidatedMember_ResultMember	/disc/18790/081220230509561811_tse-acedjpsm-18790-20230509561811-ixbrl.htm
2023-05-11	年次	前期	単体	実績		自己資本比率	CapitalAdequacyRatio	0.662	Pure	66.2	PriorYearInstant_NonConsolidatedMember_ResultMember	/disc/18790/081220230509561811_tse-acedjpsm-18790-20230509561811-ixbrl.htm
2023-05-11	年次	前期	単体	実績		1株当たり純資産	NetAssetsPerShare	1492.62	JPYPerShares	1,492.62	PriorYearInstant_NonConsolidatedMember_ResultMember	/disc/18790/081220230509561811_tse-acedjpsm-18790-20230509561811-ixbrl.htm
2023-05-11	年次	当期	単体	実績		自己資本	OwnersEquity	97938000000	JPY	97,938	CurrentYearInstant_NonConsolidatedMember_ResultMember	/disc/18790/081220230509561811_tse-acedjpsm-18790-20230509561811-ixbrl.htm
2023-05-11	年次	前期	単体	実績		自己資本	OwnersEquity	87258000000	JPY	87,258	PriorYearInstant_NonConsolidatedMember_ResultMember	/disc/18790/081220230509561811_tse-acedjpsm-18790-20230509561811-ixbrl.htm
2023-05-11	年次	来期				将来情報の利用に関する注意	NotesForUsingForecastedInformationAndOthers			本資料に掲載されている業績予想等の将来に関する記述は、発表日現在で当社が入手可能な情報及び合理的であると判断する一定の前提に基づいて作成したものであります。実際の業績は今後様々な要因によって予想値と異なる場合があります。 なお、上記予想については、添付資料P.3「１．経営成績等の概況（4）今後の見通し」をご覧ください。	NextYearDuration	/disc/18790/081220230509561811_tse-acedjpsm-18790-20230509561811-ixbrl.htm
2023-05-11	年次	当期				決算期末	FiscalYearEnd			2023-03-31	CurrentYearInstant	/disc/18790/081220230509561811_tse-acedjpsm-18790-20230509561811-ixbrl.htm
2023-08-10	四半期	当期第1四半期累計				書類名	DocumentName			第1四半期決算短信〔日本基準〕（連結）	CurrentAccumulatedQ1Instant	/disc/18790/081220230808536362_tse-qcedjpsm-18790-20230808536362-ixbrl.htm
2023-08-10	四半期	当期第1四半期累計				提出日	FilingDate			2023年8月10日	CurrentAccumulatedQ1Instant	/disc/18790/081220230808536362_tse-qcedjpsm-18790-20230808536362-ixbrl.htm
2023-08-10	四半期	当期第1四半期累計				会社名	CompanyName			新日本建設株式会社	CurrentAccumulatedQ1Instant	/disc/18790/081220230808536362_tse-qcedjpsm-18790-20230808536362-ixbrl.htm
2023-08-10	四半期	当期第1四半期累計					TokyoStockExchange			東	CurrentAccumulatedQ1Instant	/disc/18790/081220230808536362_tse-qcedjpsm-18790-20230808536362-ixbrl.htm
2023-08-10	四半期	当期第1四半期累計				証券コード	SecuritiesCode			18790	CurrentAccumulatedQ1Instant	/disc/18790/081220230808536362_tse-qcedjpsm-18790-20230808536362-ixbrl.htm
2023-08-10	四半期	当期第1四半期累計				URL	URL			https://www.shinnihon-c.co.jp/	CurrentAccumulatedQ1Instant	/disc/18790/081220230808536362_tse-qcedjpsm-18790-20230808536362-ixbrl.htm
2023-08-10	四半期	当期第1四半期累計				代表者の役職	TitleRepresentative			代表取締役社長	CurrentAccumulatedQ1Instant	/disc/18790/081220230808536362_tse-qcedjpsm-18790-20230808536362-ixbrl.htm
2023-08-10	四半期	当期第1四半期累計				代表者名	NameRepresentative			高見 克司	CurrentAccumulatedQ1Instant	/disc/18790/081220230808536362_tse-qcedjpsm-18790-20230808536362-ixbrl.htm
2023-08-10	四半期	当期第1四半期累計					TitleInquiries			取締役専務執行役員管理本部長	CurrentAccumulatedQ1Instant	/disc/18790/081220230808536362_tse-qcedjpsm-18790-20230808536362-ixbrl.htm
2023-08-10	四半期	当期第1四半期累計					NameInquiries			高橋 苗樹	CurrentAccumulatedQ1Instant	/disc/18790/081220230808536362_tse-qcedjpsm-18790-20230808536362-ixbrl.htm
2023-08-10	四半期	当期第1四半期累計					Tel			043-213-1111	CurrentAccumulatedQ1Instant	/disc/18790/081220230808536362_tse-qcedjpsm-18790-20230808536362-ixbrl.htm
2023-08-10	四半期	当期第1四半期累計					QuarterlyStatementFilingDateAsPlanned			2023年8月10日	CurrentAccumulatedQ1Instant	/disc/18790/081220230808536362_tse-qcedjpsm-18790-20230808536362-ixbrl.htm
2023-08-10	四半期	当期第1四半期累計					SupplementalMaterialOfQuarterlyResults			無	CurrentAccumulatedQ1Instant	/disc/18790/081220230808536362_tse-qcedjpsm-18790-20230808536362-ixbrl.htm
2023-08-10	四半期	当期第1四半期累計					ConveningBriefingOfQuarterlyResults			無	CurrentAccumulatedQ1Instant	/disc/18790/081220230808536362_tse-qcedjpsm-18790-20230808536362-ixbrl.htm
2023-08-10	四半期	当期第1四半期累計					NoteToFractionProcessingMethod			（百万円未満切捨て）	CurrentAccumulatedQ1Instant	/disc/18790/081220230808536362_tse-qcedjpsm-18790-20230808536362-ixbrl.htm
2023-08-10	四半期	当期第1四半期累計	連結	実績		売上高	NetSales	20424000000	JPY	20,424	CurrentAccumulatedQ1Duration_ConsolidatedMember_ResultMember	/disc/18790/081220230808536362_tse-qcedjpsm-18790-20230808536362-ixbrl.htm
2023-08-10	四半期	当期第1四半期累計	連結	実績		売上高の増減率	ChangeInNetSales	0.203	Pure	20.3	CurrentAccumulatedQ1Duration_ConsolidatedMember_ResultMember	/disc/18790/081220230808536362_tse-qcedjpsm-18790-20230808536362-ixbrl.htm
2023-08-10	四半期	当期第1四半期累計	連結	実績		営業利益	OperatingIncome	2188000000	JPY	2,188	CurrentAccumulatedQ1Duration_ConsolidatedMember_ResultMember	/disc/18790/081220230808536362_tse-qcedjpsm-18790-20230808536362-ixbrl.htm
2023-08-10	四半期	当期第1四半期累計	連結	実績		営業利益の増減率	ChangeInOperatingIncome	0.111	Pure	11.1	CurrentAccumulatedQ1Duration_ConsolidatedMember_ResultMember	/disc/18790/081220230808536362_tse-qcedjpsm-18790-20230808536362-ixbrl.htm
2023-08-10	四半期	当期第1四半期累計	連結	実績		経常利益	OrdinaryIncome	2263000000	JPY	2,263	CurrentAccumulatedQ1Duration_ConsolidatedMember_ResultMember	/disc/18790/081220230808536362_tse-qcedjpsm-18790-20230808536362-ixbrl.htm
2023-08-10	四半期	当期第1四半期累計	連結	実績		経常利益の増減率	ChangeInOrdinaryIncome	0.138	Pure	13.8	CurrentAccumulatedQ1Duration_ConsolidatedMember_ResultMember	/disc/18790/081220230808536362_tse-qcedjpsm-18790-20230808536362-ixbrl.htm
2023-08-10	四半期	当期第1四半期累計	連結	実績		親会社株主に帰属する当期純利益	ProfitAttributableToOwnersOfParent	1548000000	JPY	1,548	CurrentAccumulatedQ1Duration_ConsolidatedMember_ResultMember	/disc/18790/081220230808536362_tse-qcedjpsm-18790-20230808536362-ixbrl.htm
2023-08-10	四半期	当期第1四半期累計	連結	実績		親会社株主に帰属する当期純利益の増減率	ChangeInProfitAttributableToOwnersOfParent	0.124	Pure	12.4	CurrentAccumulatedQ1Duration_ConsolidatedMember_ResultMember	/disc/18790/081220230808536362_tse-qcedjpsm-18790-20230808536362-ixbrl.htm
2023-08-10	四半期	前期第1四半期累計	連結	実績		売上高	NetSales	16971000000	JPY	16,971	PriorAccumulatedQ1Duration_ConsolidatedMember_ResultMember	/disc/18790/081220230808536362_tse-qcedjpsm-18790-20230808536362-ixbrl.htm
2023-08-10	四半期	前期第1四半期累計	連結	実績		売上高の増減率	ChangeInNetSales	0.041	Pure	4.1	PriorAccumulatedQ1Duration_ConsolidatedMember_ResultMember	/disc/18790/081220230808536362_tse-qcedjpsm-18790-20230808536362-ixbrl.htm
2023-08-10	四半期	前期第1四半期累計	連結	実績		営業利益	OperatingIncome	1968000000	JPY	1,968	PriorAccumulatedQ1Duration_ConsolidatedMember_ResultMember	/disc/18790/081220230808536362_tse-qcedjpsm-18790-20230808536362-ixbrl.htm
2023-08-10	四半期	前期第1四半期累計	連結	実績		営業利益の増減率	ChangeInOperatingIncome	0.197	Pure	19.7	PriorAccumulatedQ1Duration_ConsolidatedMember_ResultMember	/disc/18790/081220230808536362_tse-qcedjpsm-18790-20230808536362-ixbrl.htm
2023-08-10	四半期	前期第1四半期累計	連結	実績		経常利益	OrdinaryIncome	1987000000	JPY	1,987	PriorAccumulatedQ1Duration_ConsolidatedMember_ResultMember	/disc/18790/081220230808536362_tse-qcedjpsm-18790-20230808536362-ixbrl.htm
2023-08-10	四半期	前期第1四半期累計	連結	実績		経常利益の増減率	ChangeInOrdinaryIncome	0.198	Pure	19.8	PriorAccumulatedQ1Duration_ConsolidatedMember_ResultMember	/disc/18790/081220230808536362_tse-qcedjpsm-18790-20230808536362-ixbrl.htm
2023-08-10	四半期	前期第1四半期累計	連結	実績		親会社株主に帰属する当期純利益	ProfitAttributableToOwnersOfParent	1377000000	JPY	1,377	PriorAccumulatedQ1Duration_ConsolidatedMember_ResultMember	/disc/18790/081220230808536362_tse-qcedjpsm-18790-20230808536362-ixbrl.htm
2023-08-10	四半期	前期第1四半期累計	連結	実績		親会社株主に帰属する当期純利益の増減率	ChangeInProfitAttributableToOwnersOfParent	0.204	Pure	20.4	PriorAccumulatedQ1Duration_ConsolidatedMember_ResultMember	/disc/18790/081220230808536362_tse-qcedjpsm-18790-20230808536362-ixbrl.htm
2023-08-10	四半期	当期第1四半期累計	連結	実績		包括利益	ComprehensiveIncome	1573000000	JPY	1,573	CurrentAccumulatedQ1Duration_ConsolidatedMember_ResultMember	/disc/18790/081220230808536362_tse-qcedjpsm-18790-20230808536362-ixbrl.htm
2023-08-10	四半期	当期第1四半期累計	連結	実績		包括利益の増減率	ChangeInComprehensiveIncome	0.142	Pure	14.2	CurrentAccumulatedQ1Duration_ConsolidatedMember_ResultMember	/disc/18790/081220230808536362_tse-qcedjpsm-18790-20230808536362-ixbrl.htm
2023-08-10	四半期	前期第1四半期累計	連結	実績		包括利益	ComprehensiveIncome	1378000000	JPY	1,378	PriorAccumulatedQ1Duration_ConsolidatedMember_ResultMember	/disc/18790/081220230808536362_tse-qcedjpsm-18790-20230808536362-ixbrl.htm
2023-08-10	四半期	前期第1四半期累計	連結	実績		包括利益の増減率	ChangeInComprehensiveIncome	0.237	Pure	23.7	PriorAccumulatedQ1Duration_ConsolidatedMember_ResultMember	/disc/18790/081220230808536362_tse-qcedjpsm-18790-20230808536362-ixbrl.htm
2023-08-10	四半期	当期第1四半期累計	連結	実績		1株当たり当期純利益	NetIncomePerShare	26.48	JPYPerShares	26.48	CurrentAccumulatedQ1Duration_ConsolidatedMember_ResultMember	/disc/18790/081220230808536362_tse-qcedjpsm-18790-20230808536362-ixbrl.htm
2023-08-10	四半期	前期第1四半期累計	連結	実績		1株当たり当期純利益	NetIncomePerShare	23.56	JPYPerShares	23.56	PriorAccumulatedQ1Duration_ConsolidatedMember_ResultMember	/disc/18790/081220230808536362_tse-qcedjpsm-18790-20230808536362-ixbrl.htm
2023-08-10	四半期	当期第1四半期累計	連結	実績		総資産	TotalAssets	149269000000	JPY	149,269	CurrentAccumulatedQ1Instant_ConsolidatedMember_ResultMember	/disc/18790/081220230808536362_tse-qcedjpsm-18790-20230808536362-ixbrl.htm
2023-08-10	四半期	当期第1四半期累計	連結	実績		純資産	NetAssets	103007000000	JPY	103,007	CurrentAccumulatedQ1Instant_ConsolidatedMember_ResultMember	/disc/18790/081220230808536362_tse-qcedjpsm-18790-20230808536362-ixbrl.htm
2023-08-10	四半期	当期第1四半期累計	連結	実績		自己資本比率	CapitalAdequacyRatio	0.690	Pure	69.0	CurrentAccumulatedQ1Instant_ConsolidatedMember_ResultMember	/disc/18790/081220230808536362_tse-qcedjpsm-18790-20230808536362-ixbrl.htm
2023-08-10	四半期	前期	連結	実績		総資産	TotalAssets	156025000000	JPY	156,025	PriorYearInstant_ConsolidatedMember_ResultMember	/disc/18790/081220230808536362_tse-qcedjpsm-18790-20230808536362-ixbrl.htm
2023-08-10	四半期	前期	連結	実績		純資産	NetAssets	102428000000	JPY	102,428	PriorYearInstant_ConsolidatedMember_ResultMember	/disc/18790/081220230808536362_tse-qcedjpsm-18790-20230808536362-ixbrl.htm
2023-08-10	四半期	前期	連結	実績		自己資本比率	CapitalAdequacyRatio	0.656	Pure	65.6	PriorYearInstant_ConsolidatedMember_ResultMember	/disc/18790/081220230808536362_tse-qcedjpsm-18790-20230808536362-ixbrl.htm
2023-08-10	四半期	当期第1四半期累計	連結	実績		自己資本	OwnersEquity	103007000000	JPY	103,007	CurrentAccumulatedQ1Instant_ConsolidatedMember_ResultMember	/disc/18790/081220230808536362_tse-qcedjpsm-18790-20230808536362-ixbrl.htm
2023-08-10	四半期	前期	連結	実績		自己資本	OwnersEquity	102428000000	JPY	102,428	PriorYearInstant_ConsolidatedMember_ResultMember	/disc/18790/081220230808536362_tse-qcedjpsm-18790-20230808536362-ixbrl.htm
2023-08-10	四半期	前期	単体	実績	第2四半期末	1株当たり配当金	DividendPerShare	10.00	JPYPerShares	10.00	PriorYearDuration_SecondQuarterMember_NonConsolidatedMember_ResultMember	/disc/18790/081220230808536362_tse-qcedjpsm-18790-20230808536362-ixbrl.htm
2023-08-10	四半期	前期	単体	実績	期末	1株当たり配当金	DividendPerShare	17.00	JPYPerShares	17.00	PriorYearDuration_YearEndMember_NonConsolidatedMember_ResultMember	/disc/18790/081220230808536362_tse-qcedjpsm-18790-20230808536362-ixbrl.htm
2023-08-10	四半期	前期	単体	実績	合計	1株当たり配当金	DividendPerShare	27.00	JPYPerShares	27.00	PriorYearDuration_AnnualMember_NonConsolidatedMember_ResultMember	/disc/18790/081220230808536362_tse-qcedjpsm-18790-20230808536362-ixbrl.htm
2023-08-10	四半期	当期	単体	予想	第2四半期末	1株当たり配当金	DividendPerShare	15.00	JPYPerShares	15.00	CurrentYearDuration_SecondQuarterMember_NonConsolidatedMember_ForecastMember	/disc/18790/081220230808536362_tse-qcedjpsm-18790-20230808536362-ixbrl.htm
2023-08-10	四半期	当期	単体	予想	期末	1株当たり配当金	DividendPerShare	19.00	JPYPerShares	19.00	CurrentYearDuration_YearEndMember_NonConsolidatedMember_ForecastMember	/disc/18790/081220230808536362_tse-qcedjpsm-18790-20230808536362-ixbrl.htm
2023-08-10	四半期	当期	単体	予想	合計	1株当たり配当金	DividendPerShare	34.00	JPYPerShares	34.00	CurrentYearDuration_AnnualMember_NonConsolidatedMember_ForecastMember	/disc/18790/081220230808536362_tse-qcedjpsm-18790-20230808536362-ixbrl.htm
2023-08-10	四半期	当期	単体	実績	合計	当四半期における配当予想の修正	CorrectionOfDividendForecastInThisQuarter			無	CurrentYearDuration_AnnualMember_NonConsolidatedMember_ResultMember	/disc/18790/081220230808536362_tse-qcedjpsm-18790-20230808536362-ixbrl.htm
2023-08-10	四半期	当期	連結	予想		業績予想の見出し	TitleForForecasts			3. 2024年 3月期の連結業績予想（2023年 4月 1日～2024年 3月31日）	CurrentYearDuration_ConsolidatedMember_ForecastMember	/disc/18790/081220230808536362_tse-qcedjpsm-18790-20230808536362-ixbrl.htm
2023-08-10	四半期	当期	連結	予想		売上高	NetSales	133000000000	JPY	133,000	CurrentYearDuration_ConsolidatedMember_ForecastMember	/disc/18790/081220230808536362_tse-qcedjpsm-18790-20230808536362-ixbrl.htm
2023-08-10	四半期	当期	連結	予想		売上高の増減率	ChangeInNetSales	0.169	Pure	16.9	CurrentYearDuration_ConsolidatedMember_ForecastMember	/disc/18790/081220230808536362_tse-qcedjpsm-18790-20230808536362-ixbrl.htm
2023-08-10	四半期	当期	連結	予想		営業利益	OperatingIncome	17300000000	JPY	17,300	CurrentYearDuration_ConsolidatedMember_ForecastMember	/disc/18790/081220230808536362_tse-qcedjpsm-18790-20230808536362-ixbrl.htm
2023-08-10	四半期	当期	連結	予想		営業利益の増減率	ChangeInOperatingIncome	0.007	Pure	0.7	CurrentYearDuration_ConsolidatedMember_ForecastMember	/disc/18790/081220230808536362_tse-qcedjpsm-18790-20230808536362-ixbrl.htm
2023-08-10	四半期	当期	連結	予想		経常利益	OrdinaryIncome	17300000000	JPY	17,300	CurrentYearDuration_ConsolidatedMember_ForecastMember	/disc/18790/081220230808536362_tse-qcedjpsm-18790-20230808536362-ixbrl.htm
2023-08-10	四半期	当期	連結	予想		経常利益の増減率	ChangeInOrdinaryIncome	0.004	Pure	0.4	CurrentYearDuration_ConsolidatedMember_ForecastMember	/disc/18790/081220230808536362_tse-qcedjpsm-18790-20230808536362-ixbrl.htm
2023-08-10	四半期	当期	連結	予想		親会社株主に帰属する当期純利益	ProfitAttributableToOwnersOfParent	12200000000	JPY	12,200	CurrentYearDuration_ConsolidatedMember_ForecastMember	/disc/18790/081220230808536362_tse-qcedjpsm-18790-20230808536362-ixbrl.htm
2023-08-10	四半期	当期	連結	予想		親会社株主に帰属する当期純利益の増減率	ChangeInProfitAttributableToOwnersOfParent	0.016	Pure	1.6	CurrentYearDuration_ConsolidatedMember_ForecastMember	/disc/18790/081220230808536362_tse-qcedjpsm-18790-20230808536362-ixbrl.htm
2023-08-10	四半期	当期	連結	予想		1株当たり当期純利益	NetIncomePerShare	208.58	JPYPerShares	208.58	CurrentYearDuration_ConsolidatedMember_ForecastMember	/disc/18790/081220230808536362_tse-qcedjpsm-18790-20230808536362-ixbrl.htm
2023-08-10	四半期	当期	連結	予想		当四半期における業績予想の修正	CorrectionOfConsolidatedFinancialForecastInThisQuarter			無	CurrentYearDuration_ConsolidatedMember_ForecastMember	/disc/18790/081220230808536362_tse-qcedjpsm-18790-20230808536362-ixbrl.htm
2023-08-10	四半期	当期第1四半期累計	連結	実績			MaterialChangesInSubsidiariesDuringThisPeriodChangesInScopeOfConsolidationsResultingFromChangeIsSubsidiaries			無	CurrentAccumulatedQ1Duration_ConsolidatedMember_ResultMember	/disc/18790/081220230808536362_tse-qcedjpsm-18790-20230808536362-ixbrl.htm
2023-08-10	四半期	当期第1四半期累計	連結	実績			ApplyingOfSpecificAccountingOfTheConsolidatedQuarterlyFinancialStatements			無	CurrentAccumulatedQ1Duration_ConsolidatedMember_ResultMember	/disc/18790/081220230808536362_tse-qcedjpsm-18790-20230808536362-ixbrl.htm
2023-08-10	四半期	当期第1四半期累計	連結	実績		会計基準等の改正に伴う変更	ChangesBasedOnRevisionsOfAccountingStandard			無	CurrentAccumulatedQ1Duration_ConsolidatedMember_ResultMember	/disc/18790/081220230808536362_tse-qcedjpsm-18790-20230808536362-ixbrl.htm
2023-08-10	四半期	当期第1四半期累計	連結	実績		それ以外の会計方針の変更	ChangesOtherThanOnesBasedOnRevisionsOfAccountingStandard			無	CurrentAccumulatedQ1Duration_ConsolidatedMember_ResultMember	/disc/18790/081220230808536362_tse-qcedjpsm-18790-20230808536362-ixbrl.htm
2023-08-10	四半期	当期第1四半期累計	連結	実績		会計上の見積りの変更	ChangesInAccountingEstimates			無	CurrentAccumulatedQ1Duration_ConsolidatedMember_ResultMember	/disc/18790/081220230808536362_tse-qcedjpsm-18790-20230808536362-ixbrl.htm
2023-08-10	四半期	当期第1四半期累計	連結	実績		修正再表示	RetrospectiveRestatement			無	CurrentAccumulatedQ1Duration_ConsolidatedMember_ResultMember	/disc/18790/081220230808536362_tse-qcedjpsm-18790-20230808536362-ixbrl.htm
2023-08-10	四半期	当期第1四半期累計	単体	実績		期末発行済株式数(自己株式を含む)	NumberOfIssuedAndOutstandingSharesAtTheEndOfFiscalYearIncludingTreasuryStock	61360720	Shares	61,360,720	CurrentAccumulatedQ1Instant_NonConsolidatedMember_ResultMember	/disc/18790/081220230808536362_tse-qcedjpsm-18790-20230808536362-ixbrl.htm
2023-08-10	四半期	前期	単体	実績		期末発行済株式数(自己株式を含む)	NumberOfIssuedAndOutstandingSharesAtTheEndOfFiscalYearIncludingTreasuryStock	61360720	Shares	61,360,720	PriorYearInstant_NonConsolidatedMember_ResultMember	/disc/18790/081220230808536362_tse-qcedjpsm-18790-20230808536362-ixbrl.htm
2023-08-10	四半期	当期第1四半期累計	単体	実績		期末自己株式数	NumberOfTreasuryStockAtTheEndOfFiscalYear	2870883	Shares	2,870,883	CurrentAccumulatedQ1Instant_NonConsolidatedMember_ResultMember	/disc/18790/081220230808536362_tse-qcedjpsm-18790-20230808536362-ixbrl.htm
2023-08-10	四半期	前期	単体	実績		期末自己株式数	NumberOfTreasuryStockAtTheEndOfFiscalYear	2870803	Shares	2,870,803	PriorYearInstant_NonConsolidatedMember_ResultMember	/disc/18790/081220230808536362_tse-qcedjpsm-18790-20230808536362-ixbrl.htm
2023-08-10	四半期	当期第1四半期累計	単体	実績		期中平均株式数	AverageNumberOfShares	58489877	Shares	58,489,877	CurrentAccumulatedQ1Duration_NonConsolidatedMember_ResultMember	/disc/18790/081220230808536362_tse-qcedjpsm-18790-20230808536362-ixbrl.htm
2023-08-10	四半期	前期第1四半期累計	単体	実績		期中平均株式数	AverageNumberOfShares	58459854	Shares	58,459,854	PriorAccumulatedQ1Duration_NonConsolidatedMember_ResultMember	/disc/18790/081220230808536362_tse-qcedjpsm-18790-20230808536362-ixbrl.htm
2023-08-10	四半期	当期				将来情報の利用に関する注意	NotesForUsingForecastedInformationAndOthers			本資料に記載されている業績見通し等の将来に関する記述は、当社が現在入手している情報及び合理的であると判断する一定の前提に基づいており、その達成を当社として約束する趣旨のものではありません。また、実際の業績等は様々な要因により大きく異なる可能性があります。	CurrentYearDuration	/disc/18790/081220230808536362_tse-qcedjpsm-18790-20230808536362-ixbrl.htm
2023-08-10	四半期	当期				決算期末	FiscalYearEnd			2024-03-31	CurrentYearInstant	/disc/18790/081220230808536362_tse-qcedjpsm-18790-20230808536362-ixbrl.htm
2023-08-10	四半期	当期第1四半期累計				四半期	QuarterlyPeriod	1	Pure	1	CurrentAccumulatedQ1Instant	/disc/18790/081220230808536362_tse-qcedjpsm-18790-20230808536362-ixbrl.htm
2023-11-10	四半期	当期第2四半期累計				書類名	DocumentName			第2四半期決算短信〔日本基準〕（連結）	CurrentAccumulatedQ2Instant	/disc/18790/081220231106579795_tse-qcedjpsm-18790-20231106579795-ixbrl.htm
2023-11-10	四半期	当期第2四半期累計				提出日	FilingDate			2023年11月10日	CurrentAccumulatedQ2Instant	/disc/18790/081220231106579795_tse-qcedjpsm-18790-20231106579795-ixbrl.htm
2023-11-10	四半期	当期第2四半期累計				会社名	CompanyName			新日本建設株式会社	CurrentAccumulatedQ2Instant	/disc/18790/081220231106579795_tse-qcedjpsm-18790-20231106579795-ixbrl.htm
2023-11-10	四半期	当期第2四半期累計					TokyoStockExchange			東	CurrentAccumulatedQ2Instant	/disc/18790/081220231106579795_tse-qcedjpsm-18790-20231106579795-ixbrl.htm
2023-11-10	四半期	当期第2四半期累計				証券コード	SecuritiesCode			18790	CurrentAccumulatedQ2Instant	/disc/18790/081220231106579795_tse-qcedjpsm-18790-20231106579795-ixbrl.htm
2023-11-10	四半期	当期第2四半期累計				URL	URL			https://www.shinnihon-c.co.jp/	CurrentAccumulatedQ2Instant	/disc/18790/081220231106579795_tse-qcedjpsm-18790-20231106579795-ixbrl.htm
2023-11-10	四半期	当期第2四半期累計				代表者の役職	TitleRepresentative			代表取締役社長	CurrentAccumulatedQ2Instant	/disc/18790/081220231106579795_tse-qcedjpsm-18790-20231106579795-ixbrl.htm
2023-11-10	四半期	当期第2四半期累計				代表者名	NameRepresentative			高見 克司	CurrentAccumulatedQ2Instant	/disc/18790/081220231106579795_tse-qcedjpsm-18790-20231106579795-ixbrl.htm
2023-11-10	四半期	当期第2四半期累計					TitleInquiries			取締役専務執行役員管理本部長	CurrentAccumulatedQ2Instant	/disc/18790/081220231106579795_tse-qcedjpsm-18790-20231106579795-ixbrl.htm
2023-11-10	四半期	当期第2四半期累計					NameInquiries			高橋 苗樹	CurrentAccumulatedQ2Instant	/disc/18790/081220231106579795_tse-qcedjpsm-18790-20231106579795-ixbrl.htm
2023-11-10	四半期	当期第2四半期累計					Tel			043-213-1111	CurrentAccumulatedQ2Instant	/disc/18790/081220231106579795_tse-qcedjpsm-18790-20231106579795-ixbrl.htm
2023-11-10	四半期	当期第2四半期累計					QuarterlyStatementFilingDateAsPlanned			2023年11月10日	CurrentAccumulatedQ2Instant	/disc/18790/081220231106579795_tse-qcedjpsm-18790-20231106579795-ixbrl.htm
2023-11-10	四半期	当期第2四半期累計					DividendPayableDateAsPlanned			2023年12月4日	CurrentAccumulatedQ2Instant	/disc/18790/081220231106579795_tse-qcedjpsm-18790-20231106579795-ixbrl.htm
2023-11-10	四半期	当期第2四半期累計					SupplementalMaterialOfQuarterlyResults			無	CurrentAccumulatedQ2Instant	/disc/18790/081220231106579795_tse-qcedjpsm-18790-20231106579795-ixbrl.htm
2023-11-10	四半期	当期第2四半期累計					ConveningBriefingOfQuarterlyResults			無	CurrentAccumulatedQ2Instant	/disc/18790/081220231106579795_tse-qcedjpsm-18790-20231106579795-ixbrl.htm
2023-11-10	四半期	当期第2四半期累計					NoteToFractionProcessingMethod			（百万円未満切捨て）	CurrentAccumulatedQ2Instant	/disc/18790/081220231106579795_tse-qcedjpsm-18790-20231106579795-ixbrl.htm
2023-11-10	四半期	当期第2四半期累計	連結	実績		売上高	NetSales	49548000000	JPY	49,548	CurrentAccumulatedQ2Duration_ConsolidatedMember_ResultMember	/disc/18790/081220231106579795_tse-qcedjpsm-18790-20231106579795-ixbrl.htm
2023-11-10	四半期	当期第2四半期累計	連結	実績		売上高の増減率	ChangeInNetSales	0.101	Pure	10.1	CurrentAccumulatedQ2Duration_ConsolidatedMember_ResultMember	/disc/18790/081220231106579795_tse-qcedjpsm-18790-20231106579795-ixbrl.htm
2023-11-10	四半期	当期第2四半期累計	連結	実績		営業利益	OperatingIncome	6582000000	JPY	6,582	CurrentAccumulatedQ2Duration_ConsolidatedMember_ResultMember	/disc/18790/081220231106579795_tse-qcedjpsm-18790-20231106579795-ixbrl.htm
2023-11-10	四半期	当期第2四半期累計	連結	実績		営業利益の増減率	ChangeInOperatingIncome	0.071	Pure	7.1	CurrentAccumulatedQ2Duration_ConsolidatedMember_ResultMember	/disc/18790/081220231106579795_tse-qcedjpsm-18790-20231106579795-ixbrl.htm
2023-11-10	四半期	当期第2四半期累計	連結	実績		経常利益	OrdinaryIncome	6659000000	JPY	6,659	CurrentAccumulatedQ2Duration_ConsolidatedMember_ResultMember	/disc/18790/081220231106579795_tse-qcedjpsm-18790-20231106579795-ixbrl.htm
2023-11-10	四半期	当期第2四半期累計	連結	実績		経常利益の増減率	ChangeInOrdinaryIncome	0.079	Pure	7.9	CurrentAccumulatedQ2Duration_ConsolidatedMember_ResultMember	/disc/18790/081220231106579795_tse-qcedjpsm-18790-20231106579795-ixbrl.htm
2023-11-10	四半期	当期第2四半期累計	連結	実績		親会社株主に帰属する当期純利益	ProfitAttributableToOwnersOfParent	4591000000	JPY	4,591	CurrentAccumulatedQ2Duration_ConsolidatedMember_ResultMember	/disc/18790/081220231106579795_tse-qcedjpsm-18790-20231106579795-ixbrl.htm
2023-11-10	四半期	当期第2四半期累計	連結	実績		親会社株主に帰属する当期純利益の増減率	ChangeInProfitAttributableToOwnersOfParent	0.075	Pure	7.5	CurrentAccumulatedQ2Duration_ConsolidatedMember_ResultMember	/disc/18790/081220231106579795_tse-qcedjpsm-18790-20231106579795-ixbrl.htm
2023-11-10	四半期	前期第2四半期累計	連結	実績		売上高	NetSales	45008000000	JPY	45,008	PriorAccumulatedQ2Duration_ConsolidatedMember_ResultMember	/disc/18790/081220231106579795_tse-qcedjpsm-18790-20231106579795-ixbrl.htm
2023-11-10	四半期	前期第2四半期累計	連結	実績		売上高の増減率	ChangeInNetSales	0.094	Pure	9.4	PriorAccumulatedQ2Duration_ConsolidatedMember_ResultMember	/disc/18790/081220231106579795_tse-qcedjpsm-18790-20231106579795-ixbrl.htm
2023-11-10	四半期	前期第2四半期累計	連結	実績		営業利益	OperatingIncome	6148000000	JPY	6,148	PriorAccumulatedQ2Duration_ConsolidatedMember_ResultMember	/disc/18790/081220231106579795_tse-qcedjpsm-18790-20231106579795-ixbrl.htm
2023-11-10	四半期	前期第2四半期累計	連結	実績		営業利益の増減率	ChangeInOperatingIncome	0.218	Pure	21.8	PriorAccumulatedQ2Duration_ConsolidatedMember_ResultMember	/disc/18790/081220231106579795_tse-qcedjpsm-18790-20231106579795-ixbrl.htm
2023-11-10	四半期	前期第2四半期累計	連結	実績		経常利益	OrdinaryIncome	6169000000	JPY	6,169	PriorAccumulatedQ2Duration_ConsolidatedMember_ResultMember	/disc/18790/081220231106579795_tse-qcedjpsm-18790-20231106579795-ixbrl.htm
2023-11-10	四半期	前期第2四半期累計	連結	実績		経常利益の増減率	ChangeInOrdinaryIncome	0.217	Pure	21.7	PriorAccumulatedQ2Duration_ConsolidatedMember_ResultMember	/disc/18790/081220231106579795_tse-qcedjpsm-18790-20231106579795-ixbrl.htm
2023-11-10	四半期	前期第2四半期累計	連結	実績		親会社株主に帰属する当期純利益	ProfitAttributableToOwnersOfParent	4270000000	JPY	4,270	PriorAccumulatedQ2Duration_ConsolidatedMember_ResultMember	/disc/18790/081220231106579795_tse-qcedjpsm-18790-20231106579795-ixbrl.htm
2023-11-10	四半期	前期第2四半期累計	連結	実績		親会社株主に帰属する当期純利益の増減率	ChangeInProfitAttributableToOwnersOfParent	0.222	Pure	22.2	PriorAccumulatedQ2Duration_ConsolidatedMember_ResultMember	/disc/18790/081220231106579795_tse-qcedjpsm-18790-20231106579795-ixbrl.htm
2023-11-10	四半期	当期第2四半期累計	連結	実績		包括利益	ComprehensiveIncome	4752000000	JPY	4,752	CurrentAccumulatedQ2Duration_ConsolidatedMember_ResultMember	/disc/18790/081220231106579795_tse-qcedjpsm-18790-20231106579795-ixbrl.htm
2023-11-10	四半期	当期第2四半期累計	連結	実績		包括利益の増減率	ChangeInComprehensiveIncome	0.107	Pure	10.7	CurrentAccumulatedQ2Duration_ConsolidatedMember_ResultMember	/disc/18790/081220231106579795_tse-qcedjpsm-18790-20231106579795-ixbrl.htm
2023-11-10	四半期	前期第2四半期累計	連結	実績		包括利益	ComprehensiveIncome	4291000000	JPY	4,291	PriorAccumulatedQ2Duration_ConsolidatedMember_ResultMember	/disc/18790/081220231106579795_tse-qcedjpsm-18790-20231106579795-ixbrl.htm
2023-11-10	四半期	前期第2四半期累計	連結	実績		包括利益の増減率	ChangeInComprehensiveIncome	0.224	Pure	22.4	PriorAccumulatedQ2Duration_ConsolidatedMember_ResultMember	/disc/18790/081220231106579795_tse-qcedjpsm-18790-20231106579795-ixbrl.htm
2023-11-10	四半期	当期第2四半期累計	連結	実績		1株当たり当期純利益	NetIncomePerShare	78.51	JPYPerShares	78.51	CurrentAccumulatedQ2Duration_ConsolidatedMember_ResultMember	/disc/18790/081220231106579795_tse-qcedjpsm-18790-20231106579795-ixbrl.htm
2023-11-10	四半期	前期第2四半期累計	連結	実績		1株当たり当期純利益	NetIncomePerShare	73.06	JPYPerShares	73.06	PriorAccumulatedQ2Duration_ConsolidatedMember_ResultMember	/disc/18790/081220231106579795_tse-qcedjpsm-18790-20231106579795-ixbrl.htm
2023-11-10	四半期	当期第2四半期累計	連結	実績		総資産	TotalAssets	156292000000	JPY	156,292	CurrentAccumulatedQ2Instant_ConsolidatedMember_ResultMember	/disc/18790/081220231106579795_tse-qcedjpsm-18790-20231106579795-ixbrl.htm
2023-11-10	四半期	当期第2四半期累計	連結	実績		純資産	NetAssets	106186000000	JPY	106,186	CurrentAccumulatedQ2Instant_ConsolidatedMember_ResultMember	/disc/18790/081220231106579795_tse-qcedjpsm-18790-20231106579795-ixbrl.htm
2023-11-10	四半期	当期第2四半期累計	連結	実績		自己資本比率	CapitalAdequacyRatio	0.679	Pure	67.9	CurrentAccumulatedQ2Instant_ConsolidatedMember_ResultMember	/disc/18790/081220231106579795_tse-qcedjpsm-18790-20231106579795-ixbrl.htm
2023-11-10	四半期	前期	連結	実績		総資産	TotalAssets	156025000000	JPY	156,025	PriorYearInstant_ConsolidatedMember_ResultMember	/disc/18790/081220231106579795_tse-qcedjpsm-18790-20231106579795-ixbrl.htm
2023-11-10	四半期	前期	連結	実績		純資産	NetAssets	102428000000	JPY	102,428	PriorYearInstant_ConsolidatedMember_ResultMember	/disc/18790/081220231106579795_tse-qcedjpsm-18790-20231106579795-ixbrl.htm
2023-11-10	四半期	前期	連結	実績		自己資本比率	CapitalAdequacyRatio	0.656	Pure	65.6	PriorYearInstant_ConsolidatedMember_ResultMember	/disc/18790/081220231106579795_tse-qcedjpsm-18790-20231106579795-ixbrl.htm
2023-11-10	四半期	当期第2四半期累計	連結	実績		自己資本	OwnersEquity	106186000000	JPY	106,186	CurrentAccumulatedQ2Instant_ConsolidatedMember_ResultMember	/disc/18790/081220231106579795_tse-qcedjpsm-18790-20231106579795-ixbrl.htm
2023-11-10	四半期	前期	連結	実績		自己資本	OwnersEquity	102428000000	JPY	102,428	PriorYearInstant_ConsolidatedMember_ResultMember	/disc/18790/081220231106579795_tse-qcedjpsm-18790-20231106579795-ixbrl.htm
2023-11-10	四半期	前期	単体	実績	第2四半期末	1株当たり配当金	DividendPerShare	10.00	JPYPerShares	10.00	PriorYearDuration_SecondQuarterMember_NonConsolidatedMember_ResultMember	/disc/18790/081220231106579795_tse-qcedjpsm-18790-20231106579795-ixbrl.htm
2023-11-10	四半期	前期	単体	実績	期末	1株当たり配当金	DividendPerShare	17.00	JPYPerShares	17.00	PriorYearDuration_YearEndMember_NonConsolidatedMember_ResultMember	/disc/18790/081220231106579795_tse-qcedjpsm-18790-20231106579795-ixbrl.htm
2023-11-10	四半期	前期	単体	実績	合計	1株当たり配当金	DividendPerShare	27.00	JPYPerShares	27.00	PriorYearDuration_AnnualMember_NonConsolidatedMember_ResultMember	/disc/18790/081220231106579795_tse-qcedjpsm-18790-20231106579795-ixbrl.htm
2023-11-10	四半期	当期	単体	実績	第2四半期末	1株当たり配当金	DividendPerShare	15.00	JPYPerShares	15.00	CurrentYearDuration_SecondQuarterMember_NonConsolidatedMember_ResultMember	/disc/18790/081220231106579795_tse-qcedjpsm-18790-20231106579795-ixbrl.htm
2023-11-10	四半期	当期	単体	予想	期末	1株当たり配当金	DividendPerShare	19.00	JPYPerShares	19.00	CurrentYearDuration_YearEndMember_NonConsolidatedMember_ForecastMember	/disc/18790/081220231106579795_tse-qcedjpsm-18790-20231106579795-ixbrl.htm
2023-11-10	四半期	当期	単体	予想	合計	1株当たり配当金	DividendPerShare	34.00	JPYPerShares	34.00	CurrentYearDuration_AnnualMember_NonConsolidatedMember_ForecastMember	/disc/18790/081220231106579795_tse-qcedjpsm-18790-20231106579795-ixbrl.htm
2023-11-10	四半期	当期	単体	実績	合計	当四半期における配当予想の修正	CorrectionOfDividendForecastInThisQuarter			無	CurrentYearDuration_AnnualMember_NonConsolidatedMember_ResultMember	/disc/18790/081220231106579795_tse-qcedjpsm-18790-20231106579795-ixbrl.htm
2023-11-10	四半期	当期	連結	予想		業績予想の見出し	TitleForForecasts			3. 2024年 3月期の連結業績予想（2023年 4月 1日～2024年 3月31日）	CurrentYearDuration_ConsolidatedMember_ForecastMember	/disc/18790/081220231106579795_tse-qcedjpsm-18790-20231106579795-ixbrl.htm
2023-11-10	四半期	当期	連結	予想		売上高	NetSales	133000000000	JPY	133,000	CurrentYearDuration_ConsolidatedMember_ForecastMember	/disc/18790/081220231106579795_tse-qcedjpsm-18790-20231106579795-ixbrl.htm
2023-11-10	四半期	当期	連結	予想		売上高の増減率	ChangeInNetSales	0.169	Pure	16.9	CurrentYearDuration_ConsolidatedMember_ForecastMember	/disc/18790/081220231106579795_tse-qcedjpsm-18790-20231106579795-ixbrl.htm
2023-11-10	四半期	当期	連結	予想		営業利益	OperatingIncome	17300000000	JPY	17,300	CurrentYearDuration_ConsolidatedMember_ForecastMember	/disc/18790/081220231106579795_tse-qcedjpsm-18790-20231106579795-ixbrl.htm
2023-11-10	四半期	当期	連結	予想		営業利益の増減率	ChangeInOperatingIncome	0.007	Pure	0.7	CurrentYearDuration_ConsolidatedMember_ForecastMember	/disc/18790/081220231106579795_tse-qcedjpsm-18790-20231106579795-ixbrl.htm
2023-11-10	四半期	当期	連結	予想		経常利益	OrdinaryIncome	17300000000	JPY	17,300	CurrentYearDuration_ConsolidatedMember_ForecastMember	/disc/18790/081220231106579795_tse-qcedjpsm-18790-20231106579795-ixbrl.htm
2023-11-10	四半期	当期	連結	予想		経常利益の増減率	ChangeInOrdinaryIncome	0.004	Pure	0.4	CurrentYearDuration_ConsolidatedMember_ForecastMember	/disc/18790/081220231106579795_tse-qcedjpsm-18790-20231106579795-ixbrl.htm
2023-11-10	四半期	当期	連結	予想		親会社株主に帰属する当期純利益	ProfitAttributableToOwnersOfParent	12200000000	JPY	12,200	CurrentYearDuration_ConsolidatedMember_ForecastMember	/disc/18790/081220231106579795_tse-qcedjpsm-18790-20231106579795-ixbrl.htm
2023-11-10	四半期	当期	連結	予想		親会社株主に帰属する当期純利益の増減率	ChangeInProfitAttributableToOwnersOfParent	0.016	Pure	1.6	CurrentYearDuration_ConsolidatedMember_ForecastMember	/disc/18790/081220231106579795_tse-qcedjpsm-18790-20231106579795-ixbrl.htm
2023-11-10	四半期	当期	連結	予想		1株当たり当期純利益	NetIncomePerShare	208.58	JPYPerShares	208.58	CurrentYearDuration_ConsolidatedMember_ForecastMember	/disc/18790/081220231106579795_tse-qcedjpsm-18790-20231106579795-ixbrl.htm
2023-11-10	四半期	当期	連結	予想		当四半期における業績予想の修正	CorrectionOfConsolidatedFinancialForecastInThisQuarter			無	CurrentYearDuration_ConsolidatedMember_ForecastMember	/disc/18790/081220231106579795_tse-qcedjpsm-18790-20231106579795-ixbrl.htm
2023-11-10	四半期	当期第2四半期累計	連結	実績			MaterialChangesInSubsidiariesDuringThisPeriodChangesInScopeOfConsolidationsResultingFromChangeIsSubsidiaries			無	CurrentAccumulatedQ2Duration_ConsolidatedMember_ResultMember	/disc/18790/081220231106579795_tse-qcedjpsm-18790-20231106579795-ixbrl.htm
2023-11-10	四半期	当期第2四半期累計	連結	実績			ApplyingOfSpecificAccountingOfTheConsolidatedQuarterlyFinancialStatements			無	CurrentAccumulatedQ2Duration_ConsolidatedMember_ResultMember	/disc/18790/081220231106579795_tse-qcedjpsm-18790-20231106579795-ixbrl.htm
2023-11-10	四半期	当期第2四半期累計	連結	実績		会計基準等の改正に伴う変更	ChangesBasedOnRevisionsOfAccountingStandard			無	CurrentAccumulatedQ2Duration_ConsolidatedMember_ResultMember	/disc/18790/081220231106579795_tse-qcedjpsm-18790-20231106579795-ixbrl.htm
2023-11-10	四半期	当期第2四半期累計	連結	実績		それ以外の会計方針の変更	ChangesOtherThanOnesBasedOnRevisionsOfAccountingStandard			無	CurrentAccumulatedQ2Duration_ConsolidatedMember_ResultMember	/disc/18790/081220231106579795_tse-qcedjpsm-18790-20231106579795-ixbrl.htm
2023-11-10	四半期	当期第2四半期累計	連結	実績		会計上の見積りの変更	ChangesInAccountingEstimates			無	CurrentAccumulatedQ2Duration_ConsolidatedMember_ResultMember	/disc/18790/081220231106579795_tse-qcedjpsm-18790-20231106579795-ixbrl.htm
2023-11-10	四半期	当期第2四半期累計	連結	実績		修正再表示	RetrospectiveRestatement			無	CurrentAccumulatedQ2Duration_ConsolidatedMember_ResultMember	/disc/18790/081220231106579795_tse-qcedjpsm-18790-20231106579795-ixbrl.htm
2023-11-10	四半期	当期第2四半期累計	単体	実績		期末発行済株式数(自己株式を含む)	NumberOfIssuedAndOutstandingSharesAtTheEndOfFiscalYearIncludingTreasuryStock	61360720	Shares	61,360,720	CurrentAccumulatedQ2Instant_NonConsolidatedMember_ResultMember	/disc/18790/081220231106579795_tse-qcedjpsm-18790-20231106579795-ixbrl.htm
2023-11-10	四半期	前期	単体	実績		期末発行済株式数(自己株式を含む)	NumberOfIssuedAndOutstandingSharesAtTheEndOfFiscalYearIncludingTreasuryStock	61360720	Shares	61,360,720	PriorYearInstant_NonConsolidatedMember_ResultMember	/disc/18790/081220231106579795_tse-qcedjpsm-18790-20231106579795-ixbrl.htm
2023-11-10	四半期	当期第2四半期累計	単体	実績		期末自己株式数	NumberOfTreasuryStockAtTheEndOfFiscalYear	2870895	Shares	2,870,895	CurrentAccumulatedQ2Instant_NonConsolidatedMember_ResultMember	/disc/18790/081220231106579795_tse-qcedjpsm-18790-20231106579795-ixbrl.htm
2023-11-10	四半期	前期	単体	実績		期末自己株式数	NumberOfTreasuryStockAtTheEndOfFiscalYear	2870803	Shares	2,870,803	PriorYearInstant_NonConsolidatedMember_ResultMember	/disc/18790/081220231106579795_tse-qcedjpsm-18790-20231106579795-ixbrl.htm
2023-11-10	四半期	当期第2四半期累計	単体	実績		期中平均株式数	AverageNumberOfShares	58489854	Shares	58,489,854	CurrentAccumulatedQ2Duration_NonConsolidatedMember_ResultMember	/disc/18790/081220231106579795_tse-qcedjpsm-18790-20231106579795-ixbrl.htm
2023-11-10	四半期	前期第2四半期累計	単体	実績		期中平均株式数	AverageNumberOfShares	58459840	Shares	58,459,840	PriorAccumulatedQ2Duration_NonConsolidatedMember_ResultMember	/disc/18790/081220231106579795_tse-qcedjpsm-18790-20231106579795-ixbrl.htm
2023-11-10	四半期	当期				将来情報の利用に関する注意	NotesForUsingForecastedInformationAndOthers			本資料に記載されている業績見通し等の将来に関する記述は、当社が現在入手している情報及び合理的であると判断する一定の前提に基づいており、その達成を当社として約束する趣旨のものではありません。また、実際の業績等は様々な要因により大きく異なる可能性があります。	CurrentYearDuration	/disc/18790/081220231106579795_tse-qcedjpsm-18790-20231106579795-ixbrl.htm
2023-11-10	四半期	当期				決算期末	FiscalYearEnd			2024-03-31	CurrentYearInstant	/disc/18790/081220231106579795_tse-qcedjpsm-18790-20231106579795-ixbrl.htm
2023-11-10	四半期	当期第2四半期累計				四半期	QuarterlyPeriod	2	Pure	2	CurrentAccumulatedQ2Instant	/disc/18790/081220231106579795_tse-qcedjpsm-18790-20231106579795-ixbrl.htm
2024-02-13	四半期	当期第3四半期累計				書類名	DocumentName			第3四半期決算短信〔日本基準〕（連結）	CurrentAccumulatedQ3Instant	/disc/18790/081220240208529327_tse-qcedjpsm-18790-20240208529327-ixbrl.htm
2024-02-13	四半期	当期第3四半期累計				提出日	FilingDate			2024年2月13日	CurrentAccumulatedQ3Instant	/disc/18790/081220240208529327_tse-qcedjpsm-18790-20240208529327-ixbrl.htm
2024-02-13	四半期	当期第3四半期累計				会社名	CompanyName			新日本建設株式会社	CurrentAccumulatedQ3Instant	/disc/18790/081220240208529327_tse-qcedjpsm-18790-20240208529327-ixbrl.htm
2024-02-13	四半期	当期第3四半期累計					TokyoStockExchange			東	CurrentAccumulatedQ3Instant	/disc/18790/081220240208529327_tse-qcedjpsm-18790-20240208529327-ixbrl.htm
2024-02-13	四半期	当期第3四半期累計				証券コード	SecuritiesCode			18790	CurrentAccumulatedQ3Instant	/disc/18790/081220240208529327_tse-qcedjpsm-18790-20240208529327-ixbrl.htm
2024-02-13	四半期	当期第3四半期累計				URL	URL			https://www.shinnihon-c.co.jp/	CurrentAccumulatedQ3Instant	/disc/18790/081220240208529327_tse-qcedjpsm-18790-20240208529327-ixbrl.htm
2024-02-13	四半期	当期第3四半期累計				代表者の役職	TitleRepresentative			代表取締役社長	CurrentAccumulatedQ3Instant	/disc/18790/081220240208529327_tse-qcedjpsm-18790-20240208529327-ixbrl.htm
2024-02-13	四半期	当期第3四半期累計				代表者名	NameRepresentative			高見 克司	CurrentAccumulatedQ3Instant	/disc/18790/081220240208529327_tse-qcedjpsm-18790-20240208529327-ixbrl.htm
2024-02-13	四半期	当期第3四半期累計					TitleInquiries			取締役専務執行役員管理本部長	CurrentAccumulatedQ3Instant	/disc/18790/081220240208529327_tse-qcedjpsm-18790-20240208529327-ixbrl.htm
2024-02-13	四半期	当期第3四半期累計					NameInquiries			高橋 苗樹	CurrentAccumulatedQ3Instant	/disc/18790/081220240208529327_tse-qcedjpsm-18790-20240208529327-ixbrl.htm
2024-02-13	四半期	当期第3四半期累計					Tel			043-213-1111	CurrentAccumulatedQ3Instant	/disc/18790/081220240208529327_tse-qcedjpsm-18790-20240208529327-ixbrl.htm
2024-02-13	四半期	当期第3四半期累計					QuarterlyStatementFilingDateAsPlanned			2024年2月13日	CurrentAccumulatedQ3Instant	/disc/18790/081220240208529327_tse-qcedjpsm-18790-20240208529327-ixbrl.htm
2024-02-13	四半期	当期第3四半期累計					SupplementalMaterialOfQuarterlyResults			無	CurrentAccumulatedQ3Instant	/disc/18790/081220240208529327_tse-qcedjpsm-18790-20240208529327-ixbrl.htm
2024-02-13	四半期	当期第3四半期累計					ConveningBriefingOfQuarterlyResults			無	CurrentAccumulatedQ3Instant	/disc/18790/081220240208529327_tse-qcedjpsm-18790-20240208529327-ixbrl.htm
2024-02-13	四半期	当期第3四半期累計					NoteToFractionProcessingMethod			（百万円未満切捨て）	CurrentAccumulatedQ3Instant	/disc/18790/081220240208529327_tse-qcedjpsm-18790-20240208529327-ixbrl.htm
2024-02-13	四半期	当期第3四半期累計	連結	実績		売上高	NetSales	80529000000	JPY	80,529	CurrentAccumulatedQ3Duration_ConsolidatedMember_ResultMember	/disc/18790/081220240208529327_tse-qcedjpsm-18790-20240208529327-ixbrl.htm
2024-02-13	四半期	当期第3四半期累計	連結	実績		売上高の増減率	ChangeInNetSales	0.146	Pure	14.6	CurrentAccumulatedQ3Duration_ConsolidatedMember_ResultMember	/disc/18790/081220240208529327_tse-qcedjpsm-18790-20240208529327-ixbrl.htm
2024-02-13	四半期	当期第3四半期累計	連結	実績		営業利益	OperatingIncome	10037000000	JPY	10,037	CurrentAccumulatedQ3Duration_ConsolidatedMember_ResultMember	/disc/18790/081220240208529327_tse-qcedjpsm-18790-20240208529327-ixbrl.htm
2024-02-13	四半期	当期第3四半期累計	連結	実績		営業利益の増減率	ChangeInOperatingIncome	0.026	Pure	2.6	CurrentAccumulatedQ3Duration_ConsolidatedMember_ResultMember	/disc/18790/081220240208529327_tse-qcedjpsm-18790-20240208529327-ixbrl.htm
2024-02-13	四半期	当期第3四半期累計	連結	実績		経常利益	OrdinaryIncome	10127000000	JPY	10,127	CurrentAccumulatedQ3Duration_ConsolidatedMember_ResultMember	/disc/18790/081220240208529327_tse-qcedjpsm-18790-20240208529327-ixbrl.htm
2024-02-13	四半期	当期第3四半期累計	連結	実績		経常利益の増減率	ChangeInOrdinaryIncome	0.031	Pure	3.1	CurrentAccumulatedQ3Duration_ConsolidatedMember_ResultMember	/disc/18790/081220240208529327_tse-qcedjpsm-18790-20240208529327-ixbrl.htm
2024-02-13	四半期	当期第3四半期累計	連結	実績		親会社株主に帰属する当期純利益	ProfitAttributableToOwnersOfParent	6990000000	JPY	6,990	CurrentAccumulatedQ3Duration_ConsolidatedMember_ResultMember	/disc/18790/081220240208529327_tse-qcedjpsm-18790-20240208529327-ixbrl.htm
2024-02-13	四半期	当期第3四半期累計	連結	実績		親会社株主に帰属する当期純利益の増減率	ChangeInProfitAttributableToOwnersOfParent	0.028	Pure	2.8	CurrentAccumulatedQ3Duration_ConsolidatedMember_ResultMember	/disc/18790/081220240208529327_tse-qcedjpsm-18790-20240208529327-ixbrl.htm
2024-02-13	四半期	前期第3四半期累計	連結	実績		売上高	NetSales	70289000000	JPY	70,289	PriorAccumulatedQ3Duration_ConsolidatedMember_ResultMember	/disc/18790/081220240208529327_tse-qcedjpsm-18790-20240208529327-ixbrl.htm
2024-02-13	四半期	前期第3四半期累計	連結	実績		売上高の増減率	ChangeInNetSales	0.008	Pure	0.8	PriorAccumulatedQ3Duration_ConsolidatedMember_ResultMember	/disc/18790/081220240208529327_tse-qcedjpsm-18790-20240208529327-ixbrl.htm
2024-02-13	四半期	前期第3四半期累計	連結	実績		営業利益	OperatingIncome	9785000000	JPY	9,785	PriorAccumulatedQ3Duration_ConsolidatedMember_ResultMember	/disc/18790/081220240208529327_tse-qcedjpsm-18790-20240208529327-ixbrl.htm
2024-02-13	四半期	前期第3四半期累計	連結	実績		営業利益の増減率	ChangeInOperatingIncome	0.040	Pure	4.0	PriorAccumulatedQ3Duration_ConsolidatedMember_ResultMember	/disc/18790/081220240208529327_tse-qcedjpsm-18790-20240208529327-ixbrl.htm
2024-02-13	四半期	前期第3四半期累計	連結	実績		経常利益	OrdinaryIncome	9822000000	JPY	9,822	PriorAccumulatedQ3Duration_ConsolidatedMember_ResultMember	/disc/18790/081220240208529327_tse-qcedjpsm-18790-20240208529327-ixbrl.htm
2024-02-13	四半期	前期第3四半期累計	連結	実績		経常利益の増減率	ChangeInOrdinaryIncome	0.040	Pure	4.0	PriorAccumulatedQ3Duration_ConsolidatedMember_ResultMember	/disc/18790/081220240208529327_tse-qcedjpsm-18790-20240208529327-ixbrl.htm
2024-02-13	四半期	前期第3四半期累計	連結	実績		親会社株主に帰属する当期純利益	ProfitAttributableToOwnersOfParent	6797000000	JPY	6,797	PriorAccumulatedQ3Duration_ConsolidatedMember_ResultMember	/disc/18790/081220240208529327_tse-qcedjpsm-18790-20240208529327-ixbrl.htm
2024-02-13	四半期	前期第3四半期累計	連結	実績		親会社株主に帰属する当期純利益の増減率	ChangeInProfitAttributableToOwnersOfParent	0.041	Pure	4.1	PriorAccumulatedQ3Duration_ConsolidatedMember_ResultMember	/disc/18790/081220240208529327_tse-qcedjpsm-18790-20240208529327-ixbrl.htm
2024-02-13	四半期	当期第3四半期累計	連結	実績		包括利益	ComprehensiveIncome	7119000000	JPY	7,119	CurrentAccumulatedQ3Duration_ConsolidatedMember_ResultMember	/disc/18790/081220240208529327_tse-qcedjpsm-18790-20240208529327-ixbrl.htm
2024-02-13	四半期	当期第3四半期累計	連結	実績		包括利益の増減率	ChangeInComprehensiveIncome	0.028	Pure	2.8	CurrentAccumulatedQ3Duration_ConsolidatedMember_ResultMember	/disc/18790/081220240208529327_tse-qcedjpsm-18790-20240208529327-ixbrl.htm
2024-02-13	四半期	前期第3四半期累計	連結	実績		包括利益	ComprehensiveIncome	6928000000	JPY	6,928	PriorAccumulatedQ3Duration_ConsolidatedMember_ResultMember	/disc/18790/081220240208529327_tse-qcedjpsm-18790-20240208529327-ixbrl.htm
2024-02-13	四半期	前期第3四半期累計	連結	実績		包括利益の増減率	ChangeInComprehensiveIncome	0.064	Pure	6.4	PriorAccumulatedQ3Duration_ConsolidatedMember_ResultMember	/disc/18790/081220240208529327_tse-qcedjpsm-18790-20240208529327-ixbrl.htm
2024-02-13	四半期	当期第3四半期累計	連結	実績		1株当たり当期純利益	NetIncomePerShare	119.52	JPYPerShares	119.52	CurrentAccumulatedQ3Duration_ConsolidatedMember_ResultMember	/disc/18790/081220240208529327_tse-qcedjpsm-18790-20240208529327-ixbrl.htm
2024-02-13	四半期	前期第3四半期累計	連結	実績		1株当たり当期純利益	NetIncomePerShare	116.28	JPYPerShares	116.28	PriorAccumulatedQ3Duration_ConsolidatedMember_ResultMember	/disc/18790/081220240208529327_tse-qcedjpsm-18790-20240208529327-ixbrl.htm
2024-02-13	四半期	当期第3四半期累計	連結	実績		総資産	TotalAssets	160741000000	JPY	160,741	CurrentAccumulatedQ3Instant_ConsolidatedMember_ResultMember	/disc/18790/081220240208529327_tse-qcedjpsm-18790-20240208529327-ixbrl.htm
2024-02-13	四半期	当期第3四半期累計	連結	実績		純資産	NetAssets	107676000000	JPY	107,676	CurrentAccumulatedQ3Instant_ConsolidatedMember_ResultMember	/disc/18790/081220240208529327_tse-qcedjpsm-18790-20240208529327-ixbrl.htm
2024-02-13	四半期	当期第3四半期累計	連結	実績		自己資本比率	CapitalAdequacyRatio	0.670	Pure	67.0	CurrentAccumulatedQ3Instant_ConsolidatedMember_ResultMember	/disc/18790/081220240208529327_tse-qcedjpsm-18790-20240208529327-ixbrl.htm
2024-02-13	四半期	前期	連結	実績		総資産	TotalAssets	156025000000	JPY	156,025	PriorYearInstant_ConsolidatedMember_ResultMember	/disc/18790/081220240208529327_tse-qcedjpsm-18790-20240208529327-ixbrl.htm
2024-02-13	四半期	前期	連結	実績		純資産	NetAssets	102428000000	JPY	102,428	PriorYearInstant_ConsolidatedMember_ResultMember	/disc/18790/081220240208529327_tse-qcedjpsm-18790-20240208529327-ixbrl.htm
2024-02-13	四半期	前期	連結	実績		自己資本比率	CapitalAdequacyRatio	0.656	Pure	65.6	PriorYearInstant_ConsolidatedMember_ResultMember	/disc/18790/081220240208529327_tse-qcedjpsm-18790-20240208529327-ixbrl.htm
2024-02-13	四半期	当期第3四半期累計	連結	実績		自己資本	OwnersEquity	107676000000	JPY	107,676	CurrentAccumulatedQ3Instant_ConsolidatedMember_ResultMember	/disc/18790/081220240208529327_tse-qcedjpsm-18790-20240208529327-ixbrl.htm
2024-02-13	四半期	前期	連結	実績		自己資本	OwnersEquity	102428000000	JPY	102,428	PriorYearInstant_ConsolidatedMember_ResultMember	/disc/18790/081220240208529327_tse-qcedjpsm-18790-20240208529327-ixbrl.htm
2024-02-13	四半期	前期	単体	実績	第2四半期末	1株当たり配当金	DividendPerShare	10.00	JPYPerShares	10.00	PriorYearDuration_SecondQuarterMember_NonConsolidatedMember_ResultMember	/disc/18790/081220240208529327_tse-qcedjpsm-18790-20240208529327-ixbrl.htm
2024-02-13	四半期	前期	単体	実績	期末	1株当たり配当金	DividendPerShare	17.00	JPYPerShares	17.00	PriorYearDuration_YearEndMember_NonConsolidatedMember_ResultMember	/disc/18790/081220240208529327_tse-qcedjpsm-18790-20240208529327-ixbrl.htm
2024-02-13	四半期	前期	単体	実績	合計	1株当たり配当金	DividendPerShare	27.00	JPYPerShares	27.00	PriorYearDuration_AnnualMember_NonConsolidatedMember_ResultMember	/disc/18790/081220240208529327_tse-qcedjpsm-18790-20240208529327-ixbrl.htm
2024-02-13	四半期	当期	単体	実績	第2四半期末	1株当たり配当金	DividendPerShare	15.00	JPYPerShares	15.00	CurrentYearDuration_SecondQuarterMember_NonConsolidatedMember_ResultMember	/disc/18790/081220240208529327_tse-qcedjpsm-18790-20240208529327-ixbrl.htm
2024-02-13	四半期	当期	単体	予想	期末	1株当たり配当金	DividendPerShare	19.00	JPYPerShares	19.00	CurrentYearDuration_YearEndMember_NonConsolidatedMember_ForecastMember	/disc/18790/081220240208529327_tse-qcedjpsm-18790-20240208529327-ixbrl.htm
2024-02-13	四半期	当期	単体	予想	合計	1株当たり配当金	DividendPerShare	34.00	JPYPerShares	34.00	CurrentYearDuration_AnnualMember_NonConsolidatedMember_ForecastMember	/disc/18790/081220240208529327_tse-qcedjpsm-18790-20240208529327-ixbrl.htm
2024-02-13	四半期	当期	単体	実績	合計	当四半期における配当予想の修正	CorrectionOfDividendForecastInThisQuarter			無	CurrentYearDuration_AnnualMember_NonConsolidatedMember_ResultMember	/disc/18790/081220240208529327_tse-qcedjpsm-18790-20240208529327-ixbrl.htm
2024-02-13	四半期	当期	連結	予想		業績予想の見出し	TitleForForecasts			3. 2024年 3月期の連結業績予想（2023年 4月 1日～2024年 3月31日）	CurrentYearDuration_ConsolidatedMember_ForecastMember	/disc/18790/081220240208529327_tse-qcedjpsm-18790-20240208529327-ixbrl.htm
2024-02-13	四半期	当期	連結	予想		売上高	NetSales	133000000000	JPY	133,000	CurrentYearDuration_ConsolidatedMember_ForecastMember	/disc/18790/081220240208529327_tse-qcedjpsm-18790-20240208529327-ixbrl.htm
2024-02-13	四半期	当期	連結	予想		売上高の増減率	ChangeInNetSales	0.169	Pure	16.9	CurrentYearDuration_ConsolidatedMember_ForecastMember	/disc/18790/081220240208529327_tse-qcedjpsm-18790-20240208529327-ixbrl.htm
2024-02-13	四半期	当期	連結	予想		営業利益	OperatingIncome	17300000000	JPY	17,300	CurrentYearDuration_ConsolidatedMember_ForecastMember	/disc/18790/081220240208529327_tse-qcedjpsm-18790-20240208529327-ixbrl.htm
2024-02-13	四半期	当期	連結	予想		営業利益の増減率	ChangeInOperatingIncome	0.007	Pure	0.7	CurrentYearDuration_ConsolidatedMember_ForecastMember	/disc/18790/081220240208529327_tse-qcedjpsm-18790-20240208529327-ixbrl.htm
2024-02-13	四半期	当期	連結	予想		経常利益	OrdinaryIncome	17300000000	JPY	17,300	CurrentYearDuration_ConsolidatedMember_ForecastMember	/disc/18790/081220240208529327_tse-qcedjpsm-18790-20240208529327-ixbrl.htm
2024-02-13	四半期	当期	連結	予想		経常利益の増減率	ChangeInOrdinaryIncome	0.004	Pure	0.4	CurrentYearDuration_ConsolidatedMember_ForecastMember	/disc/18790/081220240208529327_tse-qcedjpsm-18790-20240208529327-ixbrl.htm
2024-02-13	四半期	当期	連結	予想		親会社株主に帰属する当期純利益	ProfitAttributableToOwnersOfParent	12200000000	JPY	12,200	CurrentYearDuration_ConsolidatedMember_ForecastMember	/disc/18790/081220240208529327_tse-qcedjpsm-18790-20240208529327-ixbrl.htm
2024-02-13	四半期	当期	連結	予想		親会社株主に帰属する当期純利益の増減率	ChangeInProfitAttributableToOwnersOfParent	0.016	Pure	1.6	CurrentYearDuration_ConsolidatedMember_ForecastMember	/disc/18790/081220240208529327_tse-qcedjpsm-18790-20240208529327-ixbrl.htm
2024-02-13	四半期	当期	連結	予想		1株当たり当期純利益	NetIncomePerShare	208.58	JPYPerShares	208.58	CurrentYearDuration_ConsolidatedMember_ForecastMember	/disc/18790/081220240208529327_tse-qcedjpsm-18790-20240208529327-ixbrl.htm
2024-02-13	四半期	当期	連結	予想		当四半期における業績予想の修正	CorrectionOfConsolidatedFinancialForecastInThisQuarter			無	CurrentYearDuration_ConsolidatedMember_ForecastMember	/disc/18790/081220240208529327_tse-qcedjpsm-18790-20240208529327-ixbrl.htm
2024-02-13	四半期	当期第3四半期累計	連結	実績			MaterialChangesInSubsidiariesDuringThisPeriodChangesInScopeOfConsolidationsResultingFromChangeIsSubsidiaries			無	CurrentAccumulatedQ3Duration_ConsolidatedMember_ResultMember	/disc/18790/081220240208529327_tse-qcedjpsm-18790-20240208529327-ixbrl.htm
2024-02-13	四半期	当期第3四半期累計	連結	実績			ApplyingOfSpecificAccountingOfTheConsolidatedQuarterlyFinancialStatements			無	CurrentAccumulatedQ3Duration_ConsolidatedMember_ResultMember	/disc/18790/081220240208529327_tse-qcedjpsm-18790-20240208529327-ixbrl.htm
2024-02-13	四半期	当期第3四半期累計	連結	実績		会計基準等の改正に伴う変更	ChangesBasedOnRevisionsOfAccountingStandard			無	CurrentAccumulatedQ3Duration_ConsolidatedMember_ResultMember	/disc/18790/081220240208529327_tse-qcedjpsm-18790-20240208529327-ixbrl.htm
2024-02-13	四半期	当期第3四半期累計	連結	実績		それ以外の会計方針の変更	ChangesOtherThanOnesBasedOnRevisionsOfAccountingStandard			無	CurrentAccumulatedQ3Duration_ConsolidatedMember_ResultMember	/disc/18790/081220240208529327_tse-qcedjpsm-18790-20240208529327-ixbrl.htm
2024-02-13	四半期	当期第3四半期累計	連結	実績		会計上の見積りの変更	ChangesInAccountingEstimates			無	CurrentAccumulatedQ3Duration_ConsolidatedMember_ResultMember	/disc/18790/081220240208529327_tse-qcedjpsm-18790-20240208529327-ixbrl.htm
2024-02-13	四半期	当期第3四半期累計	連結	実績		修正再表示	RetrospectiveRestatement			無	CurrentAccumulatedQ3Duration_ConsolidatedMember_ResultMember	/disc/18790/081220240208529327_tse-qcedjpsm-18790-20240208529327-ixbrl.htm
2024-02-13	四半期	当期第3四半期累計	単体	実績		期末発行済株式数(自己株式を含む)	NumberOfIssuedAndOutstandingSharesAtTheEndOfFiscalYearIncludingTreasuryStock	61360720	Shares	61,360,720	CurrentAccumulatedQ3Instant_NonConsolidatedMember_ResultMember	/disc/18790/081220240208529327_tse-qcedjpsm-18790-20240208529327-ixbrl.htm
2024-02-13	四半期	前期	単体	実績		期末発行済株式数(自己株式を含む)	NumberOfIssuedAndOutstandingSharesAtTheEndOfFiscalYearIncludingTreasuryStock	61360720	Shares	61,360,720	PriorYearInstant_NonConsolidatedMember_ResultMember	/disc/18790/081220240208529327_tse-qcedjpsm-18790-20240208529327-ixbrl.htm
2024-02-13	四半期	当期第3四半期累計	単体	実績		期末自己株式数	NumberOfTreasuryStockAtTheEndOfFiscalYear	2870895	Shares	2,870,895	CurrentAccumulatedQ3Instant_NonConsolidatedMember_ResultMember	/disc/18790/081220240208529327_tse-qcedjpsm-18790-20240208529327-ixbrl.htm
2024-02-13	四半期	前期	単体	実績		期末自己株式数	NumberOfTreasuryStockAtTheEndOfFiscalYear	2870803	Shares	2,870,803	PriorYearInstant_NonConsolidatedMember_ResultMember	/disc/18790/081220240208529327_tse-qcedjpsm-18790-20240208529327-ixbrl.htm
2024-02-13	四半期	当期第3四半期累計	単体	実績		期中平均株式数	AverageNumberOfShares	58489844	Shares	58,489,844	CurrentAccumulatedQ3Duration_NonConsolidatedMember_ResultMember	/disc/18790/081220240208529327_tse-qcedjpsm-18790-20240208529327-ixbrl.htm
2024-02-13	四半期	前期第3四半期累計	単体	実績		期中平均株式数	AverageNumberOfShares	58459821	Shares	58,459,821	PriorAccumulatedQ3Duration_NonConsolidatedMember_ResultMember	/disc/18790/081220240208529327_tse-qcedjpsm-18790-20240208529327-ixbrl.htm
2024-02-13	四半期	当期				将来情報の利用に関する注意	NotesForUsingForecastedInformationAndOthers			本資料に記載されている業績見通し等の将来に関する記述は、当社が現在入手している情報及び合理的であると判断する一定の前提に基づいており、その達成を当社として約束する趣旨のものではありません。また、実際の業績等は様々な要因により大きく異なる可能性があります。	CurrentYearDuration	/disc/18790/081220240208529327_tse-qcedjpsm-18790-20240208529327-ixbrl.htm
2024-02-13	四半期	当期				決算期末	FiscalYearEnd			2024-03-31	CurrentYearInstant	/disc/18790/081220240208529327_tse-qcedjpsm-18790-20240208529327-ixbrl.htm
2024-02-13	四半期	当期第3四半期累計				四半期	QuarterlyPeriod	3	Pure	3	CurrentAccumulatedQ3Instant	/disc/18790/081220240208529327_tse-qcedjpsm-18790-20240208529327-ixbrl.htm
2024-05-13	年次	当期				書類名	DocumentName			決算短信〔日本基準〕（連結）	CurrentYearInstant	/disc/18790/081220240510589928_tse-acedjpsm-18790-20240510589928-ixbrl.htm
2024-05-13	年次	当期				提出日	FilingDate			2024年5月13日	CurrentYearInstant	/disc/18790/081220240510589928_tse-acedjpsm-18790-20240510589928-ixbrl.htm
2024-05-13	年次	当期				会社名	CompanyName			新日本建設株式会社	CurrentYearInstant	/disc/18790/081220240510589928_tse-acedjpsm-18790-20240510589928-ixbrl.htm
2024-05-13	年次	当期					TokyoStockExchange			東	CurrentYearInstant	/disc/18790/081220240510589928_tse-acedjpsm-18790-20240510589928-ixbrl.htm
2024-05-13	年次	当期				証券コード	SecuritiesCode			18790	CurrentYearInstant	/disc/18790/081220240510589928_tse-acedjpsm-18790-20240510589928-ixbrl.htm
2024-05-13	年次	当期				URL	URL			https://www.shinnihon-c.co.jp/	CurrentYearInstant	/disc/18790/081220240510589928_tse-acedjpsm-18790-20240510589928-ixbrl.htm
2024-05-13	年次	当期				代表者の役職	TitleRepresentative			代表取締役社長	CurrentYearInstant	/disc/18790/081220240510589928_tse-acedjpsm-18790-20240510589928-ixbrl.htm
2024-05-13	年次	当期				代表者名	NameRepresentative			高見 克司	CurrentYearInstant	/disc/18790/081220240510589928_tse-acedjpsm-18790-20240510589928-ixbrl.htm
2024-05-13	年次	当期					TitleInquiries			取締役専務執行役員管理本部長	CurrentYearInstant	/disc/18790/081220240510589928_tse-acedjpsm-18790-20240510589928-ixbrl.htm
2024-05-13	年次	当期					NameInquiries			高橋 苗樹	CurrentYearInstant	/disc/18790/081220240510589928_tse-acedjpsm-18790-20240510589928-ixbrl.htm
2024-05-13	年次	当期					Tel			043-213-1111	CurrentYearInstant	/disc/18790/081220240510589928_tse-acedjpsm-18790-20240510589928-ixbrl.htm
2024-05-13	年次	当期					DateOfGeneralShareholdersMeetingAsPlanned			2024年6月27日	CurrentYearInstant	/disc/18790/081220240510589928_tse-acedjpsm-18790-20240510589928-ixbrl.htm
2024-05-13	年次	当期					DividendPayableDateAsPlanned			2024年6月28日	CurrentYearInstant	/disc/18790/081220240510589928_tse-acedjpsm-18790-20240510589928-ixbrl.htm
2024-05-13	年次	当期					AnnualSecuritiesReportFilingDateAsPlanned			2024年6月27日	CurrentYearInstant	/disc/18790/081220240510589928_tse-acedjpsm-18790-20240510589928-ixbrl.htm
2024-05-13	年次	当期					SupplementalMaterialOfAnnualResults			有	CurrentYearInstant	/disc/18790/081220240510589928_tse-acedjpsm-18790-20240510589928-ixbrl.htm
2024-05-13	年次	当期					ConveningBriefingOfAnnualResults			有	CurrentYearInstant	/disc/18790/081220240510589928_tse-acedjpsm-18790-20240510589928-ixbrl.htm
2024-05-13	年次	当期					TargetAudienceBriefingOfAnnualResults			（機関投資家・金融機関向け）	CurrentYearInstant	/disc/18790/081220240510589928_tse-acedjpsm-18790-20240510589928-ixbrl.htm
2024-05-13	年次	当期					NoteToFractionProcessingMethod			（百万円未満切捨て）	CurrentYearInstant	/disc/18790/081220240510589928_tse-acedjpsm-18790-20240510589928-ixbrl.htm
2024-05-13	年次	当期	連結	実績		売上高	NetSales	133517000000	JPY	133,517	CurrentYearDuration_ConsolidatedMember_ResultMember	/disc/18790/081220240510589928_tse-acedjpsm-18790-20240510589928-ixbrl.htm
2024-05-13	年次	当期	連結	実績		売上高の増減率	ChangeInNetSales	0.174	Pure	17.4	CurrentYearDuration_ConsolidatedMember_ResultMember	/disc/18790/081220240510589928_tse-acedjpsm-18790-20240510589928-ixbrl.htm
2024-05-13	年次	当期	連結	実績		営業利益	OperatingIncome	17577000000	JPY	17,577	CurrentYearDuration_ConsolidatedMember_ResultMember	/disc/18790/081220240510589928_tse-acedjpsm-18790-20240510589928-ixbrl.htm
2024-05-13	年次	当期	連結	実績		営業利益の増減率	ChangeInOperatingIncome	0.023	Pure	2.3	CurrentYearDuration_ConsolidatedMember_ResultMember	/disc/18790/081220240510589928_tse-acedjpsm-18790-20240510589928-ixbrl.htm
2024-05-13	年次	当期	連結	実績		経常利益	OrdinaryIncome	17671000000	JPY	17,671	CurrentYearDuration_ConsolidatedMember_ResultMember	/disc/18790/081220240510589928_tse-acedjpsm-18790-20240510589928-ixbrl.htm
2024-05-13	年次	当期	連結	実績		経常利益の増減率	ChangeInOrdinaryIncome	0.026	Pure	2.6	CurrentYearDuration_ConsolidatedMember_ResultMember	/disc/18790/081220240510589928_tse-acedjpsm-18790-20240510589928-ixbrl.htm
2024-05-13	年次	当期	連結	実績		親会社株主に帰属する当期純利益	ProfitAttributableToOwnersOfParent	12286000000	JPY	12,286	CurrentYearDuration_ConsolidatedMember_ResultMember	/disc/18790/081220240510589928_tse-acedjpsm-18790-20240510589928-ixbrl.htm
2024-05-13	年次	当期	連結	実績		親会社株主に帰属する当期純利益の増減率	ChangeInProfitAttributableToOwnersOfParent	0.023	Pure	2.3	CurrentYearDuration_ConsolidatedMember_ResultMember	/disc/18790/081220240510589928_tse-acedjpsm-18790-20240510589928-ixbrl.htm
2024-05-13	年次	前期	連結	実績		売上高	NetSales	113725000000	JPY	113,725	PriorYearDuration_ConsolidatedMember_ResultMember	/disc/18790/081220240510589928_tse-acedjpsm-18790-20240510589928-ixbrl.htm
2024-05-13	年次	前期	連結	実績		売上高の増減率	ChangeInNetSales	0.062	Pure	6.2	PriorYearDuration_ConsolidatedMember_ResultMember	/disc/18790/081220240510589928_tse-acedjpsm-18790-20240510589928-ixbrl.htm
2024-05-13	年次	前期	連結	実績		営業利益	OperatingIncome	17186000000	JPY	17,186	PriorYearDuration_ConsolidatedMember_ResultMember	/disc/18790/081220240510589928_tse-acedjpsm-18790-20240510589928-ixbrl.htm
2024-05-13	年次	前期	連結	実績		営業利益の増減率	ChangeInOperatingIncome	0.105	Pure	10.5	PriorYearDuration_ConsolidatedMember_ResultMember	/disc/18790/081220240510589928_tse-acedjpsm-18790-20240510589928-ixbrl.htm
2024-05-13	年次	前期	連結	実績		経常利益	OrdinaryIncome	17225000000	JPY	17,225	PriorYearDuration_ConsolidatedMember_ResultMember	/disc/18790/081220240510589928_tse-acedjpsm-18790-20240510589928-ixbrl.htm
2024-05-13	年次	前期	連結	実績		経常利益の増減率	ChangeInOrdinaryIncome	0.105	Pure	10.5	PriorYearDuration_ConsolidatedMember_ResultMember	/disc/18790/081220240510589928_tse-acedjpsm-18790-20240510589928-ixbrl.htm
2024-05-13	年次	前期	連結	実績		親会社株主に帰属する当期純利益	ProfitAttributableToOwnersOfParent	12013000000	JPY	12,013	PriorYearDuration_ConsolidatedMember_ResultMember	/disc/18790/081220240510589928_tse-acedjpsm-18790-20240510589928-ixbrl.htm
2024-05-13	年次	前期	連結	実績		親会社株主に帰属する当期純利益の増減率	ChangeInProfitAttributableToOwnersOfParent	0.113	Pure	11.3	PriorYearDuration_ConsolidatedMember_ResultMember	/disc/18790/081220240510589928_tse-acedjpsm-18790-20240510589928-ixbrl.htm
2024-05-13	年次	当期	連結	実績		包括利益	ComprehensiveIncome	12539000000	JPY	12,539	CurrentYearDuration_ConsolidatedMember_ResultMember	/disc/18790/081220240510589928_tse-acedjpsm-18790-20240510589928-ixbrl.htm
2024-05-13	年次	当期	連結	実績		包括利益の増減率	ChangeInComprehensiveIncome	0.038	Pure	3.8	CurrentYearDuration_ConsolidatedMember_ResultMember	/disc/18790/081220240510589928_tse-acedjpsm-18790-20240510589928-ixbrl.htm
2024-05-13	年次	前期	連結	実績		包括利益	ComprehensiveIncome	12075000000	JPY	12,075	PriorYearDuration_ConsolidatedMember_ResultMember	/disc/18790/081220240510589928_tse-acedjpsm-18790-20240510589928-ixbrl.htm
2024-05-13	年次	前期	連結	実績		包括利益の増減率	ChangeInComprehensiveIncome	0.116	Pure	11.6	PriorYearDuration_ConsolidatedMember_ResultMember	/disc/18790/081220240510589928_tse-acedjpsm-18790-20240510589928-ixbrl.htm
2024-05-13	年次	当期	連結	実績		1株当たり当期純利益	NetIncomePerShare	210.06	JPYPerShares	210.06	CurrentYearDuration_ConsolidatedMember_ResultMember	/disc/18790/081220240510589928_tse-acedjpsm-18790-20240510589928-ixbrl.htm
2024-05-13	年次	当期	連結	実績		自己資本当期純利益率(ROE)	NetIncomeToShareholdersEquityRatio	0.114	Pure	11.4	CurrentYearDuration_ConsolidatedMember_ResultMember	/disc/18790/081220240510589928_tse-acedjpsm-18790-20240510589928-ixbrl.htm
2024-05-13	年次	当期	連結	実績		総資産経常利益率(ROA)	OrdinaryIncomeToTotalAssetsRatio	0.109	Pure	10.9	CurrentYearDuration_ConsolidatedMember_ResultMember	/disc/18790/081220240510589928_tse-acedjpsm-18790-20240510589928-ixbrl.htm
2024-05-13	年次	当期	連結	実績		売上高営業利益率	OperatingIncomeToNetSalesRatio	0.132	Pure	13.2	CurrentYearDuration_ConsolidatedMember_ResultMember	/disc/18790/081220240510589928_tse-acedjpsm-18790-20240510589928-ixbrl.htm
2024-05-13	年次	前期	連結	実績		1株当たり当期純利益	NetIncomePerShare	205.49	JPYPerShares	205.49	PriorYearDuration_ConsolidatedMember_ResultMember	/disc/18790/081220240510589928_tse-acedjpsm-18790-20240510589928-ixbrl.htm
2024-05-13	年次	前期	連結	実績		自己資本当期純利益率(ROE)	NetIncomeToShareholdersEquityRatio	0.124	Pure	12.4	PriorYearDuration_ConsolidatedMember_ResultMember	/disc/18790/081220240510589928_tse-acedjpsm-18790-20240510589928-ixbrl.htm
2024-05-13	年次	前期	連結	実績		総資産経常利益率(ROA)	OrdinaryIncomeToTotalAssetsRatio	0.116	Pure	11.6	PriorYearDuration_ConsolidatedMember_ResultMember	/disc/18790/081220240510589928_tse-acedjpsm-18790-20240510589928-ixbrl.htm
2024-05-13	年次	前期	連結	実績		売上高営業利益率	OperatingIncomeToNetSalesRatio	0.151	Pure	15.1	PriorYearDuration_ConsolidatedMember_ResultMember	/disc/18790/081220240510589928_tse-acedjpsm-18790-20240510589928-ixbrl.htm
2024-05-13	年次	当期	連結	実績		総資産	TotalAssets	168154000000	JPY	168,154	CurrentYearInstant_ConsolidatedMember_ResultMember	/disc/18790/081220240510589928_tse-acedjpsm-18790-20240510589928-ixbrl.htm
2024-05-13	年次	当期	連結	実績		純資産	NetAssets	113095000000	JPY	113,095	CurrentYearInstant_ConsolidatedMember_ResultMember	/disc/18790/081220240510589928_tse-acedjpsm-18790-20240510589928-ixbrl.htm
2024-05-13	年次	当期	連結	実績		自己資本比率	CapitalAdequacyRatio	0.673	Pure	67.3	CurrentYearInstant_ConsolidatedMember_ResultMember	/disc/18790/081220240510589928_tse-acedjpsm-18790-20240510589928-ixbrl.htm
2024-05-13	年次	当期	連結	実績		1株当たり純資産	NetAssetsPerShare	1933.60	JPYPerShares	1,933.60	CurrentYearInstant_ConsolidatedMember_ResultMember	/disc/18790/081220240510589928_tse-acedjpsm-18790-20240510589928-ixbrl.htm
2024-05-13	年次	前期	連結	実績		総資産	TotalAssets	156025000000	JPY	156,025	PriorYearInstant_ConsolidatedMember_ResultMember	/disc/18790/081220240510589928_tse-acedjpsm-18790-20240510589928-ixbrl.htm
2024-05-13	年次	前期	連結	実績		純資産	NetAssets	102428000000	JPY	102,428	PriorYearInstant_ConsolidatedMember_ResultMember	/disc/18790/081220240510589928_tse-acedjpsm-18790-20240510589928-ixbrl.htm
2024-05-13	年次	前期	連結	実績		自己資本比率	CapitalAdequacyRatio	0.656	Pure	65.6	PriorYearInstant_ConsolidatedMember_ResultMember	/disc/18790/081220240510589928_tse-acedjpsm-18790-20240510589928-ixbrl.htm
2024-05-13	年次	前期	連結	実績		1株当たり純資産	NetAssetsPerShare	1751.22	JPYPerShares	1,751.22	PriorYearInstant_ConsolidatedMember_ResultMember	/disc/18790/081220240510589928_tse-acedjpsm-18790-20240510589928-ixbrl.htm
2024-05-13	年次	当期	連結	実績		自己資本	OwnersEquity	113095000000	JPY	113,095	CurrentYearInstant_ConsolidatedMember_ResultMember	/disc/18790/081220240510589928_tse-acedjpsm-18790-20240510589928-ixbrl.htm
2024-05-13	年次	前期	連結	実績		自己資本	OwnersEquity	102428000000	JPY	102,428	PriorYearInstant_ConsolidatedMember_ResultMember	/disc/18790/081220240510589928_tse-acedjpsm-18790-20240510589928-ixbrl.htm
2024-05-13	年次	当期	連結	実績		営業キャッシュフロー	CashFlowsFromOperatingActivities	11699000000	JPY	11,699	CurrentYearDuration_ConsolidatedMember_ResultMember	/disc/18790/081220240510589928_tse-acedjpsm-18790-20240510589928-ixbrl.htm
2024-05-13	年次	当期	連結	実績		投資キャッシュフロー	CashFlowsFromInvestingActivities	-247000000	JPY	247	CurrentYearDuration_ConsolidatedMember_ResultMember	/disc/18790/081220240510589928_tse-acedjpsm-18790-20240510589928-ixbrl.htm
2024-05-13	年次	当期	連結	実績		財務キャッシュフロー	CashFlowsFromFinancingActivities	-1880000000	JPY	1,880	CurrentYearDuration_ConsolidatedMember_ResultMember	/disc/18790/081220240510589928_tse-acedjpsm-18790-20240510589928-ixbrl.htm
2024-05-13	年次	当期	連結	実績		現金及び現金同等物の期末残高	CashAndEquivalentsEndOfPeriod	84173000000	JPY	84,173	CurrentYearInstant_ConsolidatedMember_ResultMember	/disc/18790/081220240510589928_tse-acedjpsm-18790-20240510589928-ixbrl.htm
2024-05-13	年次	前期	連結	実績		営業キャッシュフロー	CashFlowsFromOperatingActivities	10585000000	JPY	10,585	PriorYearDuration_ConsolidatedMember_ResultMember	/disc/18790/081220240510589928_tse-acedjpsm-18790-20240510589928-ixbrl.htm
2024-05-13	年次	前期	連結	実績		投資キャッシュフロー	CashFlowsFromInvestingActivities	123000000	JPY	123	PriorYearDuration_ConsolidatedMember_ResultMember	/disc/18790/081220240510589928_tse-acedjpsm-18790-20240510589928-ixbrl.htm
2024-05-13	年次	前期	連結	実績		財務キャッシュフロー	CashFlowsFromFinancingActivities	-1278000000	JPY	1,278	PriorYearDuration_ConsolidatedMember_ResultMember	/disc/18790/081220240510589928_tse-acedjpsm-18790-20240510589928-ixbrl.htm
2024-05-13	年次	前期	連結	実績		現金及び現金同等物の期末残高	CashAndEquivalentsEndOfPeriod	74601000000	JPY	74,601	PriorYearInstant_ConsolidatedMember_ResultMember	/disc/18790/081220240510589928_tse-acedjpsm-18790-20240510589928-ixbrl.htm
2024-05-13	年次	前期	単体	実績	第2四半期末	1株当たり配当金	DividendPerShare	10.00	JPYPerShares	10.00	PriorYearDuration_SecondQuarterMember_NonConsolidatedMember_ResultMember	/disc/18790/081220240510589928_tse-acedjpsm-18790-20240510589928-ixbrl.htm
2024-05-13	年次	前期	単体	実績	期末	1株当たり配当金	DividendPerShare	17.00	JPYPerShares	17.00	PriorYearDuration_YearEndMember_NonConsolidatedMember_ResultMember	/disc/18790/081220240510589928_tse-acedjpsm-18790-20240510589928-ixbrl.htm
2024-05-13	年次	前期	単体	実績	合計	1株当たり配当金	DividendPerShare	27.00	JPYPerShares	27.00	PriorYearDuration_AnnualMember_NonConsolidatedMember_ResultMember	/disc/18790/081220240510589928_tse-acedjpsm-18790-20240510589928-ixbrl.htm
2024-05-13	年次	前期	単体	実績	合計	配当金総額	TotalDividendPaidAnnual	1578000000	JPY	1,578	PriorYearDuration_AnnualMember_NonConsolidatedMember_ResultMember	/disc/18790/081220240510589928_tse-acedjpsm-18790-20240510589928-ixbrl.htm
2024-05-13	年次	前期	連結	実績	合計	配当性向	PayoutRatio	0.131	Pure	13.1	PriorYearDuration_AnnualMember_ConsolidatedMember_ResultMember	/disc/18790/081220240510589928_tse-acedjpsm-18790-20240510589928-ixbrl.htm
2024-05-13	年次	前期	連結	実績	合計	純資産配当率	RatioOfTotalAmountOfDividendsToNetAssets	0.016	Pure	1.6	PriorYearDuration_AnnualMember_ConsolidatedMember_ResultMember	/disc/18790/081220240510589928_tse-acedjpsm-18790-20240510589928-ixbrl.htm
2024-05-13	年次	当期	単体	実績	第2四半期末	1株当たり配当金	DividendPerShare	15.00	JPYPerShares	15.00	CurrentYearDuration_SecondQuarterMember_NonConsolidatedMember_ResultMember	/disc/18790/081220240510589928_tse-acedjpsm-18790-20240510589928-ixbrl.htm
2024-05-13	年次	当期	単体	実績	期末	1株当たり配当金	DividendPerShare	38.00	JPYPerShares	38.00	CurrentYearDuration_YearEndMember_NonConsolidatedMember_ResultMember	/disc/18790/081220240510589928_tse-acedjpsm-18790-20240510589928-ixbrl.htm
2024-05-13	年次	当期	単体	実績	合計	1株当たり配当金	DividendPerShare	53.00	JPYPerShares	53.00	CurrentYearDuration_AnnualMember_NonConsolidatedMember_ResultMember	/disc/18790/081220240510589928_tse-acedjpsm-18790-20240510589928-ixbrl.htm
2024-05-13	年次	当期	単体	実績	合計	配当金総額	TotalDividendPaidAnnual	3099000000	JPY	3,099	CurrentYearDuration_AnnualMember_NonConsolidatedMember_ResultMember	/disc/18790/081220240510589928_tse-acedjpsm-18790-20240510589928-ixbrl.htm
2024-05-13	年次	当期	連結	実績	合計	配当性向	PayoutRatio	0.252	Pure	25.2	CurrentYearDuration_AnnualMember_ConsolidatedMember_ResultMember	/disc/18790/081220240510589928_tse-acedjpsm-18790-20240510589928-ixbrl.htm
2024-05-13	年次	当期	連結	実績	合計	純資産配当率	RatioOfTotalAmountOfDividendsToNetAssets	0.029	Pure	2.9	CurrentYearDuration_AnnualMember_ConsolidatedMember_ResultMember	/disc/18790/081220240510589928_tse-acedjpsm-18790-20240510589928-ixbrl.htm
2024-05-13	年次	来期	単体	予想	第2四半期末	1株当たり配当金	DividendPerShare	26.00	JPYPerShares	26.00	NextYearDuration_SecondQuarterMember_NonConsolidatedMember_ForecastMember	/disc/18790/081220240510589928_tse-acedjpsm-18790-20240510589928-ixbrl.htm
2024-05-13	年次	来期	単体	予想	期末	1株当たり配当金	DividendPerShare	27.00	JPYPerShares	27.00	NextYearDuration_YearEndMember_NonConsolidatedMember_ForecastMember	/disc/18790/081220240510589928_tse-acedjpsm-18790-20240510589928-ixbrl.htm
2024-05-13	年次	来期	単体	予想	合計	1株当たり配当金	DividendPerShare	53.00	JPYPerShares	53.00	NextYearDuration_AnnualMember_NonConsolidatedMember_ForecastMember	/disc/18790/081220240510589928_tse-acedjpsm-18790-20240510589928-ixbrl.htm
2024-05-13	年次	来期	連結	予想	合計	配当性向	PayoutRatio	0.252	Pure	25.2	NextYearDuration_AnnualMember_ConsolidatedMember_ForecastMember	/disc/18790/081220240510589928_tse-acedjpsm-18790-20240510589928-ixbrl.htm
2024-05-13	年次	来期	連結	予想		業績予想の見出し	TitleForForecasts			3. 2025年 3月期の連結業績予想（2024年 4月 1日～2025年 3月31日）	NextYearDuration_ConsolidatedMember_ForecastMember	/disc/18790/081220240510589928_tse-acedjpsm-18790-20240510589928-ixbrl.htm
2024-05-13	年次	来期	連結	予想		売上高	NetSales	135000000000	JPY	135,000	NextYearDuration_ConsolidatedMember_ForecastMember	/disc/18790/081220240510589928_tse-acedjpsm-18790-20240510589928-ixbrl.htm
2024-05-13	年次	来期	連結	予想		売上高の増減率	ChangeInNetSales	0.011	Pure	1.1	NextYearDuration_ConsolidatedMember_ForecastMember	/disc/18790/081220240510589928_tse-acedjpsm-18790-20240510589928-ixbrl.htm
2024-05-13	年次	来期	連結	予想		営業利益	OperatingIncome	17700000000	JPY	17,700	NextYearDuration_ConsolidatedMember_ForecastMember	/disc/18790/081220240510589928_tse-acedjpsm-18790-20240510589928-ixbrl.htm
2024-05-13	年次	来期	連結	予想		営業利益の増減率	ChangeInOperatingIncome	0.007	Pure	0.7	NextYearDuration_ConsolidatedMember_ForecastMember	/disc/18790/081220240510589928_tse-acedjpsm-18790-20240510589928-ixbrl.htm
2024-05-13	年次	来期	連結	予想		経常利益	OrdinaryIncome	17700000000	JPY	17,700	NextYearDuration_ConsolidatedMember_ForecastMember	/disc/18790/081220240510589928_tse-acedjpsm-18790-20240510589928-ixbrl.htm
2024-05-13	年次	来期	連結	予想		経常利益の増減率	ChangeInOrdinaryIncome	0.002	Pure	0.2	NextYearDuration_ConsolidatedMember_ForecastMember	/disc/18790/081220240510589928_tse-acedjpsm-18790-20240510589928-ixbrl.htm
2024-05-13	年次	来期	連結	予想		親会社株主に帰属する当期純利益	ProfitAttributableToOwnersOfParent	12300000000	JPY	12,300	NextYearDuration_ConsolidatedMember_ForecastMember	/disc/18790/081220240510589928_tse-acedjpsm-18790-20240510589928-ixbrl.htm
2024-05-13	年次	来期	連結	予想		親会社株主に帰属する当期純利益の増減率	ChangeInProfitAttributableToOwnersOfParent	0.001	Pure	0.1	NextYearDuration_ConsolidatedMember_ForecastMember	/disc/18790/081220240510589928_tse-acedjpsm-18790-20240510589928-ixbrl.htm
2024-05-13	年次	来期	連結	予想		1株当たり当期純利益	NetIncomePerShare	210.29	JPYPerShares	210.29	NextYearDuration_ConsolidatedMember_ForecastMember	/disc/18790/081220240510589928_tse-acedjpsm-18790-20240510589928-ixbrl.htm
2024-05-13	年次	当期	連結	実績			MaterialChangesInSubsidiariesDuringThisPeriodChangesInScopeOfConsolidationsResultingFromChangeIsSubsidiaries			無	CurrentYearDuration_ConsolidatedMember_ResultMember	/disc/18790/081220240510589928_tse-acedjpsm-18790-20240510589928-ixbrl.htm
2024-05-13	年次	当期	連結	実績		会計基準等の改正に伴う変更	ChangesBasedOnRevisionsOfAccountingStandard			無	CurrentYearDuration_ConsolidatedMember_ResultMember	/disc/18790/081220240510589928_tse-acedjpsm-18790-20240510589928-ixbrl.htm
2024-05-13	年次	当期	連結	実績		それ以外の会計方針の変更	ChangesOtherThanOnesBasedOnRevisionsOfAccountingStandard			無	CurrentYearDuration_ConsolidatedMember_ResultMember	/disc/18790/081220240510589928_tse-acedjpsm-18790-20240510589928-ixbrl.htm
2024-05-13	年次	当期	連結	実績		会計上の見積りの変更	ChangesInAccountingEstimates			無	CurrentYearDuration_ConsolidatedMember_ResultMember	/disc/18790/081220240510589928_tse-acedjpsm-18790-20240510589928-ixbrl.htm
2024-05-13	年次	当期	連結	実績		修正再表示	RetrospectiveRestatement			無	CurrentYearDuration_ConsolidatedMember_ResultMember	/disc/18790/081220240510589928_tse-acedjpsm-18790-20240510589928-ixbrl.htm
2024-05-13	年次	当期	単体	実績		期末発行済株式数(自己株式を含む)	NumberOfIssuedAndOutstandingSharesAtTheEndOfFiscalYearIncludingTreasuryStock	61360720	Shares	61,360,720	CurrentYearInstant_NonConsolidatedMember_ResultMember	/disc/18790/081220240510589928_tse-acedjpsm-18790-20240510589928-ixbrl.htm
2024-05-13	年次	前期	単体	実績		期末発行済株式数(自己株式を含む)	NumberOfIssuedAndOutstandingSharesAtTheEndOfFiscalYearIncludingTreasuryStock	61360720	Shares	61,360,720	PriorYearInstant_NonConsolidatedMember_ResultMember	/disc/18790/081220240510589928_tse-acedjpsm-18790-20240510589928-ixbrl.htm
2024-05-13	年次	当期	単体	実績		期末自己株式数	NumberOfTreasuryStockAtTheEndOfFiscalYear	2870971	Shares	2,870,971	CurrentYearInstant_NonConsolidatedMember_ResultMember	/disc/18790/081220240510589928_tse-acedjpsm-18790-20240510589928-ixbrl.htm
2024-05-13	年次	前期	単体	実績		期末自己株式数	NumberOfTreasuryStockAtTheEndOfFiscalYear	2870803	Shares	2,870,803	PriorYearInstant_NonConsolidatedMember_ResultMember	/disc/18790/081220240510589928_tse-acedjpsm-18790-20240510589928-ixbrl.htm
2024-05-13	年次	当期	単体	実績		期中平均株式数	AverageNumberOfShares	58489836	Shares	58,489,836	CurrentYearDuration_NonConsolidatedMember_ResultMember	/disc/18790/081220240510589928_tse-acedjpsm-18790-20240510589928-ixbrl.htm
2024-05-13	年次	前期	単体	実績		期中平均株式数	AverageNumberOfShares	58461070	Shares	58,461,070	PriorYearDuration_NonConsolidatedMember_ResultMember	/disc/18790/081220240510589928_tse-acedjpsm-18790-20240510589928-ixbrl.htm
2024-05-13	年次	当期	単体	実績		売上高	NetSales	122718000000	JPY	122,718	CurrentYearDuration_NonConsolidatedMember_ResultMember	/disc/18790/081220240510589928_tse-acedjpsm-18790-20240510589928-ixbrl.htm
2024-05-13	年次	当期	単体	実績		売上高の増減率	ChangeInNetSales	0.194	Pure	19.4	CurrentYearDuration_NonConsolidatedMember_ResultMember	/disc/18790/081220240510589928_tse-acedjpsm-18790-20240510589928-ixbrl.htm
2024-05-13	年次	当期	単体	実績		営業利益	OperatingIncome	16360000000	JPY	16,360	CurrentYearDuration_NonConsolidatedMember_ResultMember	/disc/18790/081220240510589928_tse-acedjpsm-18790-20240510589928-ixbrl.htm
2024-05-13	年次	当期	単体	実績		営業利益の増減率	ChangeInOperatingIncome	0.002	Pure	0.2	CurrentYearDuration_NonConsolidatedMember_ResultMember	/disc/18790/081220240510589928_tse-acedjpsm-18790-20240510589928-ixbrl.htm
2024-05-13	年次	当期	単体	実績		経常利益	OrdinaryIncome	16865000000	JPY	16,865	CurrentYearDuration_NonConsolidatedMember_ResultMember	/disc/18790/081220240510589928_tse-acedjpsm-18790-20240510589928-ixbrl.htm
2024-05-13	年次	当期	単体	実績		経常利益の増減率	ChangeInOrdinaryIncome	0.005	Pure	0.5	CurrentYearDuration_NonConsolidatedMember_ResultMember	/disc/18790/081220240510589928_tse-acedjpsm-18790-20240510589928-ixbrl.htm
2024-05-13	年次	当期	単体	実績		当期純利益	NetIncome	11892000000	JPY	11,892	CurrentYearDuration_NonConsolidatedMember_ResultMember	/disc/18790/081220240510589928_tse-acedjpsm-18790-20240510589928-ixbrl.htm
2024-05-13	年次	当期	単体	実績		当期純利益の増減率	ChangeInNetIncome	0.003	Pure	0.3	CurrentYearDuration_NonConsolidatedMember_ResultMember	/disc/18790/081220240510589928_tse-acedjpsm-18790-20240510589928-ixbrl.htm
2024-05-13	年次	前期	単体	実績		売上高	NetSales	102810000000	JPY	102,810	PriorYearDuration_NonConsolidatedMember_ResultMember	/disc/18790/081220240510589928_tse-acedjpsm-18790-20240510589928-ixbrl.htm
2024-05-13	年次	前期	単体	実績		売上高の増減率	ChangeInNetSales	0.077	Pure	7.7	PriorYearDuration_NonConsolidatedMember_ResultMember	/disc/18790/081220240510589928_tse-acedjpsm-18790-20240510589928-ixbrl.htm
2024-05-13	年次	前期	単体	実績		営業利益	OperatingIncome	16325000000	JPY	16,325	PriorYearDuration_NonConsolidatedMember_ResultMember	/disc/18790/081220240510589928_tse-acedjpsm-18790-20240510589928-ixbrl.htm
2024-05-13	年次	前期	単体	実績		営業利益の増減率	ChangeInOperatingIncome	0.098	Pure	9.8	PriorYearDuration_NonConsolidatedMember_ResultMember	/disc/18790/081220240510589928_tse-acedjpsm-18790-20240510589928-ixbrl.htm
2024-05-13	年次	前期	単体	実績		経常利益	OrdinaryIncome	16777000000	JPY	16,777	PriorYearDuration_NonConsolidatedMember_ResultMember	/disc/18790/081220240510589928_tse-acedjpsm-18790-20240510589928-ixbrl.htm
2024-05-13	年次	前期	単体	実績		経常利益の増減率	ChangeInOrdinaryIncome	0.095	Pure	9.5	PriorYearDuration_NonConsolidatedMember_ResultMember	/disc/18790/081220240510589928_tse-acedjpsm-18790-20240510589928-ixbrl.htm
2024-05-13	年次	前期	単体	実績		当期純利益	NetIncome	11857000000	JPY	11,857	PriorYearDuration_NonConsolidatedMember_ResultMember	/disc/18790/081220240510589928_tse-acedjpsm-18790-20240510589928-ixbrl.htm
2024-05-13	年次	前期	単体	実績		当期純利益の増減率	ChangeInNetIncome	0.102	Pure	10.2	PriorYearDuration_NonConsolidatedMember_ResultMember	/disc/18790/081220240510589928_tse-acedjpsm-18790-20240510589928-ixbrl.htm
2024-05-13	年次	当期	単体	実績		1株当たり当期純利益	NetIncomePerShare	203.33	JPYPerShares	203.33	CurrentYearDuration_NonConsolidatedMember_ResultMember	/disc/18790/081220240510589928_tse-acedjpsm-18790-20240510589928-ixbrl.htm
2024-05-13	年次	前期	単体	実績		1株当たり当期純利益	NetIncomePerShare	202.82	JPYPerShares	202.82	PriorYearDuration_NonConsolidatedMember_ResultMember	/disc/18790/081220240510589928_tse-acedjpsm-18790-20240510589928-ixbrl.htm
2024-05-13	年次	当期	単体	実績		総資産	TotalAssets	159084000000	JPY	159,084	CurrentYearInstant_NonConsolidatedMember_ResultMember	/disc/18790/081220240510589928_tse-acedjpsm-18790-20240510589928-ixbrl.htm
2024-05-13	年次	当期	単体	実績		純資産	NetAssets	108213000000	JPY	108,213	CurrentYearInstant_NonConsolidatedMember_ResultMember	/disc/18790/081220240510589928_tse-acedjpsm-18790-20240510589928-ixbrl.htm
2024-05-13	年次	当期	単体	実績		自己資本比率	CapitalAdequacyRatio	0.680	Pure	68.0	CurrentYearInstant_NonConsolidatedMember_ResultMember	/disc/18790/081220240510589928_tse-acedjpsm-18790-20240510589928-ixbrl.htm
2024-05-13	年次	当期	単体	実績		1株当たり純資産	NetAssetsPerShare	1850.13	JPYPerShares	1,850.13	CurrentYearInstant_NonConsolidatedMember_ResultMember	/disc/18790/081220240510589928_tse-acedjpsm-18790-20240510589928-ixbrl.htm
2024-05-13	年次	前期	単体	実績		総資産	TotalAssets	147449000000	JPY	147,449	PriorYearInstant_NonConsolidatedMember_ResultMember	/disc/18790/081220240510589928_tse-acedjpsm-18790-20240510589928-ixbrl.htm
2024-05-13	年次	前期	単体	実績		純資産	NetAssets	97938000000	JPY	97,938	PriorYearInstant_NonConsolidatedMember_ResultMember	/disc/18790/081220240510589928_tse-acedjpsm-18790-20240510589928-ixbrl.htm
2024-05-13	年次	前期	単体	実績		自己資本比率	CapitalAdequacyRatio	0.664	Pure	66.4	PriorYearInstant_NonConsolidatedMember_ResultMember	/disc/18790/081220240510589928_tse-acedjpsm-18790-20240510589928-ixbrl.htm
2024-05-13	年次	前期	単体	実績		1株当たり純資産	NetAssetsPerShare	1674.45	JPYPerShares	1,674.45	PriorYearInstant_NonConsolidatedMember_ResultMember	/disc/18790/081220240510589928_tse-acedjpsm-18790-20240510589928-ixbrl.htm
2024-05-13	年次	当期	単体	実績		自己資本	OwnersEquity	108213000000	JPY	108,213	CurrentYearInstant_NonConsolidatedMember_ResultMember	/disc/18790/081220240510589928_tse-acedjpsm-18790-20240510589928-ixbrl.htm
2024-05-13	年次	前期	単体	実績		自己資本	OwnersEquity	97938000000	JPY	97,938	PriorYearInstant_NonConsolidatedMember_ResultMember	/disc/18790/081220240510589928_tse-acedjpsm-18790-20240510589928-ixbrl.htm
2024-05-13	年次	来期				将来情報の利用に関する注意	NotesForUsingForecastedInformationAndOthers			本資料に掲載されている業績予想等の将来に関する記述は、発表日現在で当社が入手可能な情報及び合理的であると判断する一定の前提に基づいて作成したものであります。実際の業績は今後様々な要因によって予想値と異なる場合があります。なお、上記予想については、添付資料P.3「１．経営成績等の概況（4）今後の見通し」をご覧ください。	NextYearDuration	/disc/18790/081220240510589928_tse-acedjpsm-18790-20240510589928-ixbrl.htm
2024-05-13	年次	当期				決算期末	FiscalYearEnd			2024-03-31	CurrentYearInstant	/disc/18790/081220240510589928_tse-acedjpsm-18790-20240510589928-ixbrl.htm
2024-08-09	四半期	当期第1四半期累計				書類名	DocumentName			第1四半期決算短信〔日本基準〕（連結）	CurrentAccumulatedQ1Instant	/disc/18790/081220240805563101_tse-qcedjpsm-18790-20240805563101-ixbrl.htm
2024-08-09	四半期	当期第1四半期累計				提出日	FilingDate			2024年8月9日	CurrentAccumulatedQ1Instant	/disc/18790/081220240805563101_tse-qcedjpsm-18790-20240805563101-ixbrl.htm
2024-08-09	四半期	当期第1四半期累計				会社名	CompanyName			新日本建設株式会社	CurrentAccumulatedQ1Instant	/disc/18790/081220240805563101_tse-qcedjpsm-18790-20240805563101-ixbrl.htm
2024-08-09	四半期	当期第1四半期累計					TokyoStockExchange			東	CurrentAccumulatedQ1Instant	/disc/18790/081220240805563101_tse-qcedjpsm-18790-20240805563101-ixbrl.htm
2024-08-09	四半期	当期第1四半期累計				証券コード	SecuritiesCode			18790	CurrentAccumulatedQ1Instant	/disc/18790/081220240805563101_tse-qcedjpsm-18790-20240805563101-ixbrl.htm
2024-08-09	四半期	当期第1四半期累計				URL	URL			https://www.shinnihon-c.co.jp/	CurrentAccumulatedQ1Instant	/disc/18790/081220240805563101_tse-qcedjpsm-18790-20240805563101-ixbrl.htm
2024-08-09	四半期	当期第1四半期累計				代表者の役職	TitleRepresentative			代表取締役社長	CurrentAccumulatedQ1Instant	/disc/18790/081220240805563101_tse-qcedjpsm-18790-20240805563101-ixbrl.htm
2024-08-09	四半期	当期第1四半期累計				代表者名	NameRepresentative			高見 克司	CurrentAccumulatedQ1Instant	/disc/18790/081220240805563101_tse-qcedjpsm-18790-20240805563101-ixbrl.htm
2024-08-09	四半期	当期第1四半期累計					TitleInquiries			取締役専務執行役員管理本部長	CurrentAccumulatedQ1Instant	/disc/18790/081220240805563101_tse-qcedjpsm-18790-20240805563101-ixbrl.htm
2024-08-09	四半期	当期第1四半期累計					NameInquiries			高橋 苗樹	CurrentAccumulatedQ1Instant	/disc/18790/081220240805563101_tse-qcedjpsm-18790-20240805563101-ixbrl.htm
2024-08-09	四半期	当期第1四半期累計					Tel			043-213-1111	CurrentAccumulatedQ1Instant	/disc/18790/081220240805563101_tse-qcedjpsm-18790-20240805563101-ixbrl.htm
2024-08-09	四半期	当期第1四半期累計					SupplementalMaterialOfResults			無	CurrentAccumulatedQ1Instant	/disc/18790/081220240805563101_tse-qcedjpsm-18790-20240805563101-ixbrl.htm
2024-08-09	四半期	当期第1四半期累計					ConveningBriefingOfResults			無	CurrentAccumulatedQ1Instant	/disc/18790/081220240805563101_tse-qcedjpsm-18790-20240805563101-ixbrl.htm
2024-08-09	四半期	当期第1四半期累計					NoteToFractionProcessingMethod			（百万円未満切捨て）	CurrentAccumulatedQ1Instant	/disc/18790/081220240805563101_tse-qcedjpsm-18790-20240805563101-ixbrl.htm
2024-08-09	四半期	当期第1四半期累計	連結	実績		売上高	NetSales	21347000000	JPY	21,347	CurrentAccumulatedQ1Duration_ConsolidatedMember_ResultMember	/disc/18790/081220240805563101_tse-qcedjpsm-18790-20240805563101-ixbrl.htm
2024-08-09	四半期	当期第1四半期累計	連結	実績		売上高の増減率	ChangeInNetSales	0.045	Pure	4.5	CurrentAccumulatedQ1Duration_ConsolidatedMember_ResultMember	/disc/18790/081220240805563101_tse-qcedjpsm-18790-20240805563101-ixbrl.htm
2024-08-09	四半期	当期第1四半期累計	連結	実績		営業利益	OperatingIncome	1900000000	JPY	1,900	CurrentAccumulatedQ1Duration_ConsolidatedMember_ResultMember	/disc/18790/081220240805563101_tse-qcedjpsm-18790-20240805563101-ixbrl.htm
2024-08-09	四半期	当期第1四半期累計	連結	実績		営業利益の増減率	ChangeInOperatingIncome	-0.132	Pure	13.2	CurrentAccumulatedQ1Duration_ConsolidatedMember_ResultMember	/disc/18790/081220240805563101_tse-qcedjpsm-18790-20240805563101-ixbrl.htm
2024-08-09	四半期	当期第1四半期累計	連結	実績		経常利益	OrdinaryIncome	1915000000	JPY	1,915	CurrentAccumulatedQ1Duration_ConsolidatedMember_ResultMember	/disc/18790/081220240805563101_tse-qcedjpsm-18790-20240805563101-ixbrl.htm
2024-08-09	四半期	当期第1四半期累計	連結	実績		経常利益の増減率	ChangeInOrdinaryIncome	-0.154	Pure	15.4	CurrentAccumulatedQ1Duration_ConsolidatedMember_ResultMember	/disc/18790/081220240805563101_tse-qcedjpsm-18790-20240805563101-ixbrl.htm
2024-08-09	四半期	当期第1四半期累計	連結	実績		親会社株主に帰属する当期純利益	ProfitAttributableToOwnersOfParent	1315000000	JPY	1,315	CurrentAccumulatedQ1Duration_ConsolidatedMember_ResultMember	/disc/18790/081220240805563101_tse-qcedjpsm-18790-20240805563101-ixbrl.htm
2024-08-09	四半期	当期第1四半期累計	連結	実績		親会社株主に帰属する当期純利益の増減率	ChangeInProfitAttributableToOwnersOfParent	-0.151	Pure	15.1	CurrentAccumulatedQ1Duration_ConsolidatedMember_ResultMember	/disc/18790/081220240805563101_tse-qcedjpsm-18790-20240805563101-ixbrl.htm
2024-08-09	四半期	前期第1四半期累計	連結	実績		売上高	NetSales	20424000000	JPY	20,424	PriorAccumulatedQ1Duration_ConsolidatedMember_ResultMember	/disc/18790/081220240805563101_tse-qcedjpsm-18790-20240805563101-ixbrl.htm
2024-08-09	四半期	前期第1四半期累計	連結	実績		売上高の増減率	ChangeInNetSales	0.203	Pure	20.3	PriorAccumulatedQ1Duration_ConsolidatedMember_ResultMember	/disc/18790/081220240805563101_tse-qcedjpsm-18790-20240805563101-ixbrl.htm
2024-08-09	四半期	前期第1四半期累計	連結	実績		営業利益	OperatingIncome	2188000000	JPY	2,188	PriorAccumulatedQ1Duration_ConsolidatedMember_ResultMember	/disc/18790/081220240805563101_tse-qcedjpsm-18790-20240805563101-ixbrl.htm
2024-08-09	四半期	前期第1四半期累計	連結	実績		営業利益の増減率	ChangeInOperatingIncome	0.111	Pure	11.1	PriorAccumulatedQ1Duration_ConsolidatedMember_ResultMember	/disc/18790/081220240805563101_tse-qcedjpsm-18790-20240805563101-ixbrl.htm
2024-08-09	四半期	前期第1四半期累計	連結	実績		経常利益	OrdinaryIncome	2263000000	JPY	2,263	PriorAccumulatedQ1Duration_ConsolidatedMember_ResultMember	/disc/18790/081220240805563101_tse-qcedjpsm-18790-20240805563101-ixbrl.htm
2024-08-09	四半期	前期第1四半期累計	連結	実績		経常利益の増減率	ChangeInOrdinaryIncome	0.138	Pure	13.8	PriorAccumulatedQ1Duration_ConsolidatedMember_ResultMember	/disc/18790/081220240805563101_tse-qcedjpsm-18790-20240805563101-ixbrl.htm
2024-08-09	四半期	前期第1四半期累計	連結	実績		親会社株主に帰属する当期純利益	ProfitAttributableToOwnersOfParent	1548000000	JPY	1,548	PriorAccumulatedQ1Duration_ConsolidatedMember_ResultMember	/disc/18790/081220240805563101_tse-qcedjpsm-18790-20240805563101-ixbrl.htm
2024-08-09	四半期	前期第1四半期累計	連結	実績		親会社株主に帰属する当期純利益の増減率	ChangeInProfitAttributableToOwnersOfParent	0.124	Pure	12.4	PriorAccumulatedQ1Duration_ConsolidatedMember_ResultMember	/disc/18790/081220240805563101_tse-qcedjpsm-18790-20240805563101-ixbrl.htm
2024-08-09	四半期	当期第1四半期累計	連結	実績		包括利益	ComprehensiveIncome	1410000000	JPY	1,410	CurrentAccumulatedQ1Duration_ConsolidatedMember_ResultMember	/disc/18790/081220240805563101_tse-qcedjpsm-18790-20240805563101-ixbrl.htm
2024-08-09	四半期	当期第1四半期累計	連結	実績		包括利益の増減率	ChangeInComprehensiveIncome	-0.104	Pure	10.4	CurrentAccumulatedQ1Duration_ConsolidatedMember_ResultMember	/disc/18790/081220240805563101_tse-qcedjpsm-18790-20240805563101-ixbrl.htm
2024-08-09	四半期	前期第1四半期累計	連結	実績		包括利益	ComprehensiveIncome	1573000000	JPY	1,573	PriorAccumulatedQ1Duration_ConsolidatedMember_ResultMember	/disc/18790/081220240805563101_tse-qcedjpsm-18790-20240805563101-ixbrl.htm
2024-08-09	四半期	前期第1四半期累計	連結	実績		包括利益の増減率	ChangeInComprehensiveIncome	0.142	Pure	14.2	PriorAccumulatedQ1Duration_ConsolidatedMember_ResultMember	/disc/18790/081220240805563101_tse-qcedjpsm-18790-20240805563101-ixbrl.htm
2024-08-09	四半期	当期第1四半期累計	連結	実績		1株当たり当期純利益	NetIncomePerShare	22.48	JPYPerShares	22.48	CurrentAccumulatedQ1Duration_ConsolidatedMember_ResultMember	/disc/18790/081220240805563101_tse-qcedjpsm-18790-20240805563101-ixbrl.htm
2024-08-09	四半期	前期第1四半期累計	連結	実績		1株当たり当期純利益	NetIncomePerShare	26.48	JPYPerShares	26.48	PriorAccumulatedQ1Duration_ConsolidatedMember_ResultMember	/disc/18790/081220240805563101_tse-qcedjpsm-18790-20240805563101-ixbrl.htm
2024-08-09	四半期	当期第1四半期累計	連結	実績		総資産	TotalAssets	157897000000	JPY	157,897	CurrentAccumulatedQ1Instant_ConsolidatedMember_ResultMember	/disc/18790/081220240805563101_tse-qcedjpsm-18790-20240805563101-ixbrl.htm
2024-08-09	四半期	当期第1四半期累計	連結	実績		純資産	NetAssets	112283000000	JPY	112,283	CurrentAccumulatedQ1Instant_ConsolidatedMember_ResultMember	/disc/18790/081220240805563101_tse-qcedjpsm-18790-20240805563101-ixbrl.htm
2024-08-09	四半期	当期第1四半期累計	連結	実績		自己資本比率	CapitalAdequacyRatio	0.711	Pure	71.1	CurrentAccumulatedQ1Instant_ConsolidatedMember_ResultMember	/disc/18790/081220240805563101_tse-qcedjpsm-18790-20240805563101-ixbrl.htm
2024-08-09	四半期	前期	連結	実績		総資産	TotalAssets	168154000000	JPY	168,154	PriorYearInstant_ConsolidatedMember_ResultMember	/disc/18790/081220240805563101_tse-qcedjpsm-18790-20240805563101-ixbrl.htm
2024-08-09	四半期	前期	連結	実績		純資産	NetAssets	113095000000	JPY	113,095	PriorYearInstant_ConsolidatedMember_ResultMember	/disc/18790/081220240805563101_tse-qcedjpsm-18790-20240805563101-ixbrl.htm
2024-08-09	四半期	前期	連結	実績		自己資本比率	CapitalAdequacyRatio	0.673	Pure	67.3	PriorYearInstant_ConsolidatedMember_ResultMember	/disc/18790/081220240805563101_tse-qcedjpsm-18790-20240805563101-ixbrl.htm
2024-08-09	四半期	当期第1四半期累計	連結	実績		自己資本	OwnersEquity	112283000000	JPY	112,283	CurrentAccumulatedQ1Instant_ConsolidatedMember_ResultMember	/disc/18790/081220240805563101_tse-qcedjpsm-18790-20240805563101-ixbrl.htm
2024-08-09	四半期	前期	連結	実績		自己資本	OwnersEquity	113095000000	JPY	113,095	PriorYearInstant_ConsolidatedMember_ResultMember	/disc/18790/081220240805563101_tse-qcedjpsm-18790-20240805563101-ixbrl.htm
2024-08-09	四半期	前期	単体	実績	第2四半期末	1株当たり配当金	DividendPerShare	15.00	JPYPerShares	15.00	PriorYearDuration_SecondQuarterMember_NonConsolidatedMember_ResultMember	/disc/18790/081220240805563101_tse-qcedjpsm-18790-20240805563101-ixbrl.htm
2024-08-09	四半期	前期	単体	実績	期末	1株当たり配当金	DividendPerShare	38.00	JPYPerShares	38.00	PriorYearDuration_YearEndMember_NonConsolidatedMember_ResultMember	/disc/18790/081220240805563101_tse-qcedjpsm-18790-20240805563101-ixbrl.htm
2024-08-09	四半期	前期	単体	実績	合計	1株当たり配当金	DividendPerShare	53.00	JPYPerShares	53.00	PriorYearDuration_AnnualMember_NonConsolidatedMember_ResultMember	/disc/18790/081220240805563101_tse-qcedjpsm-18790-20240805563101-ixbrl.htm
2024-08-09	四半期	当期	単体	予想	第2四半期末	1株当たり配当金	DividendPerShare	26.00	JPYPerShares	26.00	CurrentYearDuration_SecondQuarterMember_NonConsolidatedMember_ForecastMember	/disc/18790/081220240805563101_tse-qcedjpsm-18790-20240805563101-ixbrl.htm
2024-08-09	四半期	当期	単体	予想	期末	1株当たり配当金	DividendPerShare	27.00	JPYPerShares	27.00	CurrentYearDuration_YearEndMember_NonConsolidatedMember_ForecastMember	/disc/18790/081220240805563101_tse-qcedjpsm-18790-20240805563101-ixbrl.htm
2024-08-09	四半期	当期	単体	予想	合計	1株当たり配当金	DividendPerShare	53.00	JPYPerShares	53.00	CurrentYearDuration_AnnualMember_NonConsolidatedMember_ForecastMember	/disc/18790/081220240805563101_tse-qcedjpsm-18790-20240805563101-ixbrl.htm
2024-08-09	四半期	当期	単体	実績	合計	当四半期における配当予想の修正	CorrectionOfDividendForecastInThisQuarter			無	CurrentYearDuration_AnnualMember_NonConsolidatedMember_ResultMember	/disc/18790/081220240805563101_tse-qcedjpsm-18790-20240805563101-ixbrl.htm
2024-08-09	四半期	当期	連結	予想		業績予想の見出し	TitleForForecasts			3. 2025年 3月期の連結業績予想（2024年 4月 1日～2025年 3月31日）	CurrentYearDuration_ConsolidatedMember_ForecastMember	/disc/18790/081220240805563101_tse-qcedjpsm-18790-20240805563101-ixbrl.htm
2024-08-09	四半期	当期	連結	予想		売上高	NetSales	135000000000	JPY	135,000	CurrentYearDuration_ConsolidatedMember_ForecastMember	/disc/18790/081220240805563101_tse-qcedjpsm-18790-20240805563101-ixbrl.htm
2024-08-09	四半期	当期	連結	予想		売上高の増減率	ChangeInNetSales	0.011	Pure	1.1	CurrentYearDuration_ConsolidatedMember_ForecastMember	/disc/18790/081220240805563101_tse-qcedjpsm-18790-20240805563101-ixbrl.htm
2024-08-09	四半期	当期	連結	予想		営業利益	OperatingIncome	17700000000	JPY	17,700	CurrentYearDuration_ConsolidatedMember_ForecastMember	/disc/18790/081220240805563101_tse-qcedjpsm-18790-20240805563101-ixbrl.htm
2024-08-09	四半期	当期	連結	予想		営業利益の増減率	ChangeInOperatingIncome	0.007	Pure	0.7	CurrentYearDuration_ConsolidatedMember_ForecastMember	/disc/18790/081220240805563101_tse-qcedjpsm-18790-20240805563101-ixbrl.htm
2024-08-09	四半期	当期	連結	予想		経常利益	OrdinaryIncome	17700000000	JPY	17,700	CurrentYearDuration_ConsolidatedMember_ForecastMember	/disc/18790/081220240805563101_tse-qcedjpsm-18790-20240805563101-ixbrl.htm
2024-08-09	四半期	当期	連結	予想		経常利益の増減率	ChangeInOrdinaryIncome	0.002	Pure	0.2	CurrentYearDuration_ConsolidatedMember_ForecastMember	/disc/18790/081220240805563101_tse-qcedjpsm-18790-20240805563101-ixbrl.htm
2024-08-09	四半期	当期	連結	予想		親会社株主に帰属する当期純利益	ProfitAttributableToOwnersOfParent	12300000000	JPY	12,300	CurrentYearDuration_ConsolidatedMember_ForecastMember	/disc/18790/081220240805563101_tse-qcedjpsm-18790-20240805563101-ixbrl.htm
2024-08-09	四半期	当期	連結	予想		親会社株主に帰属する当期純利益の増減率	ChangeInProfitAttributableToOwnersOfParent	0.001	Pure	0.1	CurrentYearDuration_ConsolidatedMember_ForecastMember	/disc/18790/081220240805563101_tse-qcedjpsm-18790-20240805563101-ixbrl.htm
2024-08-09	四半期	当期	連結	予想		1株当たり当期純利益	NetIncomePerShare	210.29	JPYPerShares	210.29	CurrentYearDuration_ConsolidatedMember_ForecastMember	/disc/18790/081220240805563101_tse-qcedjpsm-18790-20240805563101-ixbrl.htm
2024-08-09	四半期	当期	連結	予想		当四半期における業績予想の修正	CorrectionOfConsolidatedFinancialForecastInThisQuarter			無	CurrentYearDuration_ConsolidatedMember_ForecastMember	/disc/18790/081220240805563101_tse-qcedjpsm-18790-20240805563101-ixbrl.htm
2024-08-09	四半期	当期第1四半期累計	連結	実績		期中の連結範囲の重要な変更	SignificantChangesInTheScopeOfConsolidationDuringThePeriod			無	CurrentAccumulatedQ1Duration_ConsolidatedMember_ResultMember	/disc/18790/081220240805563101_tse-qcedjpsm-18790-20240805563101-ixbrl.htm
2024-08-09	四半期	当期第1四半期累計	連結	実績			ApplyingOfSpecificAccountingOfTheConsolidatedQuarterlyFinancialStatements			無	CurrentAccumulatedQ1Duration_ConsolidatedMember_ResultMember	/disc/18790/081220240805563101_tse-qcedjpsm-18790-20240805563101-ixbrl.htm
2024-08-09	四半期	当期第1四半期累計	連結	実績		会計基準等の改正に伴う変更	ChangesBasedOnRevisionsOfAccountingStandard			無	CurrentAccumulatedQ1Duration_ConsolidatedMember_ResultMember	/disc/18790/081220240805563101_tse-qcedjpsm-18790-20240805563101-ixbrl.htm
2024-08-09	四半期	当期第1四半期累計	連結	実績		それ以外の会計方針の変更	ChangesOtherThanOnesBasedOnRevisionsOfAccountingStandard			無	CurrentAccumulatedQ1Duration_ConsolidatedMember_ResultMember	/disc/18790/081220240805563101_tse-qcedjpsm-18790-20240805563101-ixbrl.htm
2024-08-09	四半期	当期第1四半期累計	連結	実績		会計上の見積りの変更	ChangesInAccountingEstimates			無	CurrentAccumulatedQ1Duration_ConsolidatedMember_ResultMember	/disc/18790/081220240805563101_tse-qcedjpsm-18790-20240805563101-ixbrl.htm
2024-08-09	四半期	当期第1四半期累計	連結	実績		修正再表示	RetrospectiveRestatement			無	CurrentAccumulatedQ1Duration_ConsolidatedMember_ResultMember	/disc/18790/081220240805563101_tse-qcedjpsm-18790-20240805563101-ixbrl.htm
2024-08-09	四半期	当期第1四半期累計	単体	実績		期末発行済株式数(自己株式を含む)	NumberOfIssuedAndOutstandingSharesAtTheEndOfFiscalYearIncludingTreasuryStock	61360720	Shares	61,360,720	CurrentAccumulatedQ1Instant_NonConsolidatedMember_ResultMember	/disc/18790/081220240805563101_tse-qcedjpsm-18790-20240805563101-ixbrl.htm
2024-08-09	四半期	前期	単体	実績		期末発行済株式数(自己株式を含む)	NumberOfIssuedAndOutstandingSharesAtTheEndOfFiscalYearIncludingTreasuryStock	61360720	Shares	61,360,720	PriorYearInstant_NonConsolidatedMember_ResultMember	/disc/18790/081220240805563101_tse-qcedjpsm-18790-20240805563101-ixbrl.htm
2024-08-09	四半期	当期第1四半期累計	単体	実績		期末自己株式数	NumberOfTreasuryStockAtTheEndOfFiscalYear	2870971	Shares	2,870,971	CurrentAccumulatedQ1Instant_NonConsolidatedMember_ResultMember	/disc/18790/081220240805563101_tse-qcedjpsm-18790-20240805563101-ixbrl.htm
2024-08-09	四半期	前期	単体	実績		期末自己株式数	NumberOfTreasuryStockAtTheEndOfFiscalYear	2870971	Shares	2,870,971	PriorYearInstant_NonConsolidatedMember_ResultMember	/disc/18790/081220240805563101_tse-qcedjpsm-18790-20240805563101-ixbrl.htm
2024-08-09	四半期	当期第1四半期累計	単体	実績		期中平均株式数	AverageNumberOfShares	58489749	Shares	58,489,749	CurrentAccumulatedQ1Duration_NonConsolidatedMember_ResultMember	/disc/18790/081220240805563101_tse-qcedjpsm-18790-20240805563101-ixbrl.htm
2024-08-09	四半期	前期第1四半期累計	単体	実績		期中平均株式数	AverageNumberOfShares	58489877	Shares	58,489,877	PriorAccumulatedQ1Duration_NonConsolidatedMember_ResultMember	/disc/18790/081220240805563101_tse-qcedjpsm-18790-20240805563101-ixbrl.htm
2024-08-09	四半期	当期第1四半期累計					ReviewOfAttachedConsolidatedQuarterlyFinancialStatementsByACertifiedPublicAccountantOrAnAuditFirm			無	CurrentAccumulatedQ1Duration	/disc/18790/081220240805563101_tse-qcedjpsm-18790-20240805563101-ixbrl.htm
2024-08-09	四半期	当期				将来情報の利用に関する注意	NotesForUsingForecastedInformationAndOthers			本資料に記載されている業績見通し等の将来に関する記述は、当社が現在入手している情報及び合理的であると判断する一定の前提に基づいており、その達成を当社として約束する趣旨のものではありません。また、実際の業績等は様々な要因により大きく異なる可能性があります。	CurrentYearDuration	/disc/18790/081220240805563101_tse-qcedjpsm-18790-20240805563101-ixbrl.htm
2024-08-09	四半期	当期				決算期末	FiscalYearEnd			2025-03-31	CurrentYearInstant	/disc/18790/081220240805563101_tse-qcedjpsm-18790-20240805563101-ixbrl.htm
2024-08-09	四半期	当期第1四半期累計				四半期	QuarterlyPeriod	1	Pure	1	CurrentAccumulatedQ1Instant	/disc/18790/081220240805563101_tse-qcedjpsm-18790-20240805563101-ixbrl.htm
2024-11-13	半期	当期第2四半期累計				書類名	DocumentName			第2四半期（中間期）決算短信〔日本基準〕（連結）	CurrentAccumulatedQ2Instant	/disc/18790/081220241108516725_tse-scedjpsy-18790-20241108516725-ixbrl.htm
2024-11-13	半期	当期第2四半期累計				提出日	FilingDate			2024年11月13日	CurrentAccumulatedQ2Instant	/disc/18790/081220241108516725_tse-scedjpsy-18790-20241108516725-ixbrl.htm
2024-11-13	半期	当期第2四半期累計				会社名	CompanyName			新日本建設株式会社	CurrentAccumulatedQ2Instant	/disc/18790/081220241108516725_tse-scedjpsy-18790-20241108516725-ixbrl.htm
2024-11-13	半期	当期第2四半期累計					TokyoStockExchange			東	CurrentAccumulatedQ2Instant	/disc/18790/081220241108516725_tse-scedjpsy-18790-20241108516725-ixbrl.htm
2024-11-13	半期	当期第2四半期累計				証券コード	SecuritiesCode			18790	CurrentAccumulatedQ2Instant	/disc/18790/081220241108516725_tse-scedjpsy-18790-20241108516725-ixbrl.htm
2024-11-13	半期	当期第2四半期累計				URL	URL			https://www.shinnihon-c.co.jp/	CurrentAccumulatedQ2Instant	/disc/18790/081220241108516725_tse-scedjpsy-18790-20241108516725-ixbrl.htm
2024-11-13	半期	当期第2四半期累計				代表者の役職	TitleRepresentative			代表取締役社長	CurrentAccumulatedQ2Instant	/disc/18790/081220241108516725_tse-scedjpsy-18790-20241108516725-ixbrl.htm
2024-11-13	半期	当期第2四半期累計				代表者名	NameRepresentative			高見 克司	CurrentAccumulatedQ2Instant	/disc/18790/081220241108516725_tse-scedjpsy-18790-20241108516725-ixbrl.htm
2024-11-13	半期	当期第2四半期累計					TitleInquiries			取締役専務執行役員管理本部長	CurrentAccumulatedQ2Instant	/disc/18790/081220241108516725_tse-scedjpsy-18790-20241108516725-ixbrl.htm
2024-11-13	半期	当期第2四半期累計					NameInquiries			高橋 苗樹	CurrentAccumulatedQ2Instant	/disc/18790/081220241108516725_tse-scedjpsy-18790-20241108516725-ixbrl.htm
2024-11-13	半期	当期第2四半期累計					Tel			043-213-1111	CurrentAccumulatedQ2Instant	/disc/18790/081220241108516725_tse-scedjpsy-18790-20241108516725-ixbrl.htm
2024-11-13	半期	当期第2四半期累計					SemiAnnualStatementFilingDateAsPlanned			2024年11月13日	CurrentAccumulatedQ2Instant	/disc/18790/081220241108516725_tse-scedjpsy-18790-20241108516725-ixbrl.htm
2024-11-13	半期	当期第2四半期累計					DividendPayableDateAsPlanned			2024年12月3日	CurrentAccumulatedQ2Instant	/disc/18790/081220241108516725_tse-scedjpsy-18790-20241108516725-ixbrl.htm
2024-11-13	半期	当期第2四半期累計					SupplementalMaterialOfResults			無	CurrentAccumulatedQ2Instant	/disc/18790/081220241108516725_tse-scedjpsy-18790-20241108516725-ixbrl.htm
2024-11-13	半期	当期第2四半期累計					ConveningBriefingOfResults			無	CurrentAccumulatedQ2Instant	/disc/18790/081220241108516725_tse-scedjpsy-18790-20241108516725-ixbrl.htm
2024-11-13	半期	当期第2四半期累計					NoteToFractionProcessingMethod			（百万円未満切捨て）	CurrentAccumulatedQ2Instant	/disc/18790/081220241108516725_tse-scedjpsy-18790-20241108516725-ixbrl.htm
2024-11-13	半期	当期第2四半期累計	連結	実績		売上高	NetSales	54619000000	JPY	54,619	CurrentAccumulatedQ2Duration_ConsolidatedMember_ResultMember	/disc/18790/081220241108516725_tse-scedjpsy-18790-20241108516725-ixbrl.htm
2024-11-13	半期	当期第2四半期累計	連結	実績		売上高の増減率	ChangeInNetSales	0.102	Pure	10.2	CurrentAccumulatedQ2Duration_ConsolidatedMember_ResultMember	/disc/18790/081220241108516725_tse-scedjpsy-18790-20241108516725-ixbrl.htm
2024-11-13	半期	当期第2四半期累計	連結	実績		営業利益	OperatingIncome	6295000000	JPY	6,295	CurrentAccumulatedQ2Duration_ConsolidatedMember_ResultMember	/disc/18790/081220241108516725_tse-scedjpsy-18790-20241108516725-ixbrl.htm
2024-11-13	半期	当期第2四半期累計	連結	実績		営業利益の増減率	ChangeInOperatingIncome	-0.044	Pure	4.4	CurrentAccumulatedQ2Duration_ConsolidatedMember_ResultMember	/disc/18790/081220241108516725_tse-scedjpsy-18790-20241108516725-ixbrl.htm
2024-11-13	半期	当期第2四半期累計	連結	実績		経常利益	OrdinaryIncome	6314000000	JPY	6,314	CurrentAccumulatedQ2Duration_ConsolidatedMember_ResultMember	/disc/18790/081220241108516725_tse-scedjpsy-18790-20241108516725-ixbrl.htm
2024-11-13	半期	当期第2四半期累計	連結	実績		経常利益の増減率	ChangeInOrdinaryIncome	-0.052	Pure	5.2	CurrentAccumulatedQ2Duration_ConsolidatedMember_ResultMember	/disc/18790/081220241108516725_tse-scedjpsy-18790-20241108516725-ixbrl.htm
2024-11-13	半期	当期第2四半期累計	連結	実績		親会社株主に帰属する当期純利益	ProfitAttributableToOwnersOfParent	4353000000	JPY	4,353	CurrentAccumulatedQ2Duration_ConsolidatedMember_ResultMember	/disc/18790/081220241108516725_tse-scedjpsy-18790-20241108516725-ixbrl.htm
2024-11-13	半期	当期第2四半期累計	連結	実績		親会社株主に帰属する当期純利益の増減率	ChangeInProfitAttributableToOwnersOfParent	-0.052	Pure	5.2	CurrentAccumulatedQ2Duration_ConsolidatedMember_ResultMember	/disc/18790/081220241108516725_tse-scedjpsy-18790-20241108516725-ixbrl.htm
2024-11-13	半期	前期第2四半期累計	連結	実績		売上高	NetSales	49548000000	JPY	49,548	PriorAccumulatedQ2Duration_ConsolidatedMember_ResultMember	/disc/18790/081220241108516725_tse-scedjpsy-18790-20241108516725-ixbrl.htm
2024-11-13	半期	前期第2四半期累計	連結	実績		売上高の増減率	ChangeInNetSales	0.101	Pure	10.1	PriorAccumulatedQ2Duration_ConsolidatedMember_ResultMember	/disc/18790/081220241108516725_tse-scedjpsy-18790-20241108516725-ixbrl.htm
2024-11-13	半期	前期第2四半期累計	連結	実績		営業利益	OperatingIncome	6582000000	JPY	6,582	PriorAccumulatedQ2Duration_ConsolidatedMember_ResultMember	/disc/18790/081220241108516725_tse-scedjpsy-18790-20241108516725-ixbrl.htm
2024-11-13	半期	前期第2四半期累計	連結	実績		営業利益の増減率	ChangeInOperatingIncome	0.071	Pure	7.1	PriorAccumulatedQ2Duration_ConsolidatedMember_ResultMember	/disc/18790/081220241108516725_tse-scedjpsy-18790-20241108516725-ixbrl.htm
2024-11-13	半期	前期第2四半期累計	連結	実績		経常利益	OrdinaryIncome	6659000000	JPY	6,659	PriorAccumulatedQ2Duration_ConsolidatedMember_ResultMember	/disc/18790/081220241108516725_tse-scedjpsy-18790-20241108516725-ixbrl.htm
2024-11-13	半期	前期第2四半期累計	連結	実績		経常利益の増減率	ChangeInOrdinaryIncome	0.079	Pure	7.9	PriorAccumulatedQ2Duration_ConsolidatedMember_ResultMember	/disc/18790/081220241108516725_tse-scedjpsy-18790-20241108516725-ixbrl.htm
2024-11-13	半期	前期第2四半期累計	連結	実績		親会社株主に帰属する当期純利益	ProfitAttributableToOwnersOfParent	4591000000	JPY	4,591	PriorAccumulatedQ2Duration_ConsolidatedMember_ResultMember	/disc/18790/081220241108516725_tse-scedjpsy-18790-20241108516725-ixbrl.htm
2024-11-13	半期	前期第2四半期累計	連結	実績		親会社株主に帰属する当期純利益の増減率	ChangeInProfitAttributableToOwnersOfParent	0.075	Pure	7.5	PriorAccumulatedQ2Duration_ConsolidatedMember_ResultMember	/disc/18790/081220241108516725_tse-scedjpsy-18790-20241108516725-ixbrl.htm
2024-11-13	半期	当期第2四半期累計	連結	実績		包括利益	ComprehensiveIncome	4297000000	JPY	4,297	CurrentAccumulatedQ2Duration_ConsolidatedMember_ResultMember	/disc/18790/081220241108516725_tse-scedjpsy-18790-20241108516725-ixbrl.htm
2024-11-13	半期	当期第2四半期累計	連結	実績		包括利益の増減率	ChangeInComprehensiveIncome	-0.096	Pure	9.6	CurrentAccumulatedQ2Duration_ConsolidatedMember_ResultMember	/disc/18790/081220241108516725_tse-scedjpsy-18790-20241108516725-ixbrl.htm
2024-11-13	半期	前期第2四半期累計	連結	実績		包括利益	ComprehensiveIncome	4752000000	JPY	4,752	PriorAccumulatedQ2Duration_ConsolidatedMember_ResultMember	/disc/18790/081220241108516725_tse-scedjpsy-18790-20241108516725-ixbrl.htm
2024-11-13	半期	前期第2四半期累計	連結	実績		包括利益の増減率	ChangeInComprehensiveIncome	0.107	Pure	10.7	PriorAccumulatedQ2Duration_ConsolidatedMember_ResultMember	/disc/18790/081220241108516725_tse-scedjpsy-18790-20241108516725-ixbrl.htm
2024-11-13	半期	当期第2四半期累計	連結	実績		1株当たり当期純利益	NetIncomePerShare	74.44	JPYPerShares	74.44	CurrentAccumulatedQ2Duration_ConsolidatedMember_ResultMember	/disc/18790/081220241108516725_tse-scedjpsy-18790-20241108516725-ixbrl.htm
2024-11-13	半期	前期第2四半期累計	連結	実績		1株当たり当期純利益	NetIncomePerShare	78.51	JPYPerShares	78.51	PriorAccumulatedQ2Duration_ConsolidatedMember_ResultMember	/disc/18790/081220241108516725_tse-scedjpsy-18790-20241108516725-ixbrl.htm
2024-11-13	半期	当期第2四半期累計	連結	実績		総資産	TotalAssets	163291000000	JPY	163,291	CurrentAccumulatedQ2Instant_ConsolidatedMember_ResultMember	/disc/18790/081220241108516725_tse-scedjpsy-18790-20241108516725-ixbrl.htm
2024-11-13	半期	当期第2四半期累計	連結	実績		純資産	NetAssets	115170000000	JPY	115,170	CurrentAccumulatedQ2Instant_ConsolidatedMember_ResultMember	/disc/18790/081220241108516725_tse-scedjpsy-18790-20241108516725-ixbrl.htm
2024-11-13	半期	当期第2四半期累計	連結	実績		自己資本比率	CapitalAdequacyRatio	0.705	Pure	70.5	CurrentAccumulatedQ2Instant_ConsolidatedMember_ResultMember	/disc/18790/081220241108516725_tse-scedjpsy-18790-20241108516725-ixbrl.htm
2024-11-13	半期	前期	連結	実績		総資産	TotalAssets	168154000000	JPY	168,154	PriorYearInstant_ConsolidatedMember_ResultMember	/disc/18790/081220241108516725_tse-scedjpsy-18790-20241108516725-ixbrl.htm
2024-11-13	半期	前期	連結	実績		純資産	NetAssets	113095000000	JPY	113,095	PriorYearInstant_ConsolidatedMember_ResultMember	/disc/18790/081220241108516725_tse-scedjpsy-18790-20241108516725-ixbrl.htm
2024-11-13	半期	前期	連結	実績		自己資本比率	CapitalAdequacyRatio	0.673	Pure	67.3	PriorYearInstant_ConsolidatedMember_ResultMember	/disc/18790/081220241108516725_tse-scedjpsy-18790-20241108516725-ixbrl.htm
2024-11-13	半期	当期第2四半期累計	連結	実績		自己資本	OwnersEquity	115170000000	JPY	115,170	CurrentAccumulatedQ2Instant_ConsolidatedMember_ResultMember	/disc/18790/081220241108516725_tse-scedjpsy-18790-20241108516725-ixbrl.htm
2024-11-13	半期	前期	連結	実績		自己資本	OwnersEquity	113095000000	JPY	113,095	PriorYearInstant_ConsolidatedMember_ResultMember	/disc/18790/081220241108516725_tse-scedjpsy-18790-20241108516725-ixbrl.htm
2024-11-13	半期	前期	単体	実績	第2四半期末	1株当たり配当金	DividendPerShare	15.00	JPYPerShares	15.00	PriorYearDuration_SecondQuarterMember_NonConsolidatedMember_ResultMember	/disc/18790/081220241108516725_tse-scedjpsy-18790-20241108516725-ixbrl.htm
2024-11-13	半期	前期	単体	実績	期末	1株当たり配当金	DividendPerShare	38.00	JPYPerShares	38.00	PriorYearDuration_YearEndMember_NonConsolidatedMember_ResultMember	/disc/18790/081220241108516725_tse-scedjpsy-18790-20241108516725-ixbrl.htm
2024-11-13	半期	前期	単体	実績	合計	1株当たり配当金	DividendPerShare	53.00	JPYPerShares	53.00	PriorYearDuration_AnnualMember_NonConsolidatedMember_ResultMember	/disc/18790/081220241108516725_tse-scedjpsy-18790-20241108516725-ixbrl.htm
2024-11-13	半期	当期	単体	実績	第2四半期末	1株当たり配当金	DividendPerShare	26.00	JPYPerShares	26.00	CurrentYearDuration_SecondQuarterMember_NonConsolidatedMember_ResultMember	/disc/18790/081220241108516725_tse-scedjpsy-18790-20241108516725-ixbrl.htm
2024-11-13	半期	当期	単体	予想	期末	1株当たり配当金	DividendPerShare	27.00	JPYPerShares	27.00	CurrentYearDuration_YearEndMember_NonConsolidatedMember_ForecastMember	/disc/18790/081220241108516725_tse-scedjpsy-18790-20241108516725-ixbrl.htm
2024-11-13	半期	当期	単体	予想	合計	1株当たり配当金	DividendPerShare	53.00	JPYPerShares	53.00	CurrentYearDuration_AnnualMember_NonConsolidatedMember_ForecastMember	/disc/18790/081220241108516725_tse-scedjpsy-18790-20241108516725-ixbrl.htm
2024-11-13	半期	当期	単体	実績	合計	当四半期における配当予想の修正	CorrectionOfDividendForecastInThisQuarter			無	CurrentYearDuration_AnnualMember_NonConsolidatedMember_ResultMember	/disc/18790/081220241108516725_tse-scedjpsy-18790-20241108516725-ixbrl.htm
2024-11-13	半期	当期	連結	予想		業績予想の見出し	TitleForForecasts			3. 2025年 3月期の連結業績予想（2024年 4月 1日～2025年 3月31日）	CurrentYearDuration_ConsolidatedMember_ForecastMember	/disc/18790/081220241108516725_tse-scedjpsy-18790-20241108516725-ixbrl.htm
2024-11-13	半期	当期	連結	予想		売上高	NetSales	135000000000	JPY	135,000	CurrentYearDuration_ConsolidatedMember_ForecastMember	/disc/18790/081220241108516725_tse-scedjpsy-18790-20241108516725-ixbrl.htm
2024-11-13	半期	当期	連結	予想		売上高の増減率	ChangeInNetSales	0.011	Pure	1.1	CurrentYearDuration_ConsolidatedMember_ForecastMember	/disc/18790/081220241108516725_tse-scedjpsy-18790-20241108516725-ixbrl.htm
2024-11-13	半期	当期	連結	予想		営業利益	OperatingIncome	17700000000	JPY	17,700	CurrentYearDuration_ConsolidatedMember_ForecastMember	/disc/18790/081220241108516725_tse-scedjpsy-18790-20241108516725-ixbrl.htm
2024-11-13	半期	当期	連結	予想		営業利益の増減率	ChangeInOperatingIncome	0.007	Pure	0.7	CurrentYearDuration_ConsolidatedMember_ForecastMember	/disc/18790/081220241108516725_tse-scedjpsy-18790-20241108516725-ixbrl.htm
2024-11-13	半期	当期	連結	予想		経常利益	OrdinaryIncome	17700000000	JPY	17,700	CurrentYearDuration_ConsolidatedMember_ForecastMember	/disc/18790/081220241108516725_tse-scedjpsy-18790-20241108516725-ixbrl.htm
2024-11-13	半期	当期	連結	予想		経常利益の増減率	ChangeInOrdinaryIncome	0.002	Pure	0.2	CurrentYearDuration_ConsolidatedMember_ForecastMember	/disc/18790/081220241108516725_tse-scedjpsy-18790-20241108516725-ixbrl.htm
2024-11-13	半期	当期	連結	予想		親会社株主に帰属する当期純利益	ProfitAttributableToOwnersOfParent	12300000000	JPY	12,300	CurrentYearDuration_ConsolidatedMember_ForecastMember	/disc/18790/081220241108516725_tse-scedjpsy-18790-20241108516725-ixbrl.htm
2024-11-13	半期	当期	連結	予想		親会社株主に帰属する当期純利益の増減率	ChangeInProfitAttributableToOwnersOfParent	0.001	Pure	0.1	CurrentYearDuration_ConsolidatedMember_ForecastMember	/disc/18790/081220241108516725_tse-scedjpsy-18790-20241108516725-ixbrl.htm
2024-11-13	半期	当期	連結	予想		1株当たり当期純利益	NetIncomePerShare	210.29	JPYPerShares	210.29	CurrentYearDuration_ConsolidatedMember_ForecastMember	/disc/18790/081220241108516725_tse-scedjpsy-18790-20241108516725-ixbrl.htm
2024-11-13	半期	当期	連結	予想		当四半期における業績予想の修正	CorrectionOfConsolidatedFinancialForecastInThisQuarter			無	CurrentYearDuration_ConsolidatedMember_ForecastMember	/disc/18790/081220241108516725_tse-scedjpsy-18790-20241108516725-ixbrl.htm
2024-11-13	半期	当期第2四半期累計	連結	実績		期中の連結範囲の重要な変更	SignificantChangesInTheScopeOfConsolidationDuringThePeriod			無	CurrentAccumulatedQ2Duration_ConsolidatedMember_ResultMember	/disc/18790/081220241108516725_tse-scedjpsy-18790-20241108516725-ixbrl.htm
2024-11-13	半期	当期第2四半期累計	連結	実績			ApplyingOfSpecificAccountingOfTheConsolidatedSemiAnnualFinancialStatements			無	CurrentAccumulatedQ2Duration_ConsolidatedMember_ResultMember	/disc/18790/081220241108516725_tse-scedjpsy-18790-20241108516725-ixbrl.htm
2024-11-13	半期	当期第2四半期累計	連結	実績		会計基準等の改正に伴う変更	ChangesBasedOnRevisionsOfAccountingStandard			無	CurrentAccumulatedQ2Duration_ConsolidatedMember_ResultMember	/disc/18790/081220241108516725_tse-scedjpsy-18790-20241108516725-ixbrl.htm
2024-11-13	半期	当期第2四半期累計	連結	実績		それ以外の会計方針の変更	ChangesOtherThanOnesBasedOnRevisionsOfAccountingStandard			無	CurrentAccumulatedQ2Duration_ConsolidatedMember_ResultMember	/disc/18790/081220241108516725_tse-scedjpsy-18790-20241108516725-ixbrl.htm
2024-11-13	半期	当期第2四半期累計	連結	実績		会計上の見積りの変更	ChangesInAccountingEstimates			無	CurrentAccumulatedQ2Duration_ConsolidatedMember_ResultMember	/disc/18790/081220241108516725_tse-scedjpsy-18790-20241108516725-ixbrl.htm
2024-11-13	半期	当期第2四半期累計	連結	実績		修正再表示	RetrospectiveRestatement			無	CurrentAccumulatedQ2Duration_ConsolidatedMember_ResultMember	/disc/18790/081220241108516725_tse-scedjpsy-18790-20241108516725-ixbrl.htm
2024-11-13	半期	当期第2四半期累計	単体	実績		期末発行済株式数(自己株式を含む)	NumberOfIssuedAndOutstandingSharesAtTheEndOfFiscalYearIncludingTreasuryStock	61360720	Shares	61,360,720	CurrentAccumulatedQ2Instant_NonConsolidatedMember_ResultMember	/disc/18790/081220241108516725_tse-scedjpsy-18790-20241108516725-ixbrl.htm
2024-11-13	半期	前期	単体	実績		期末発行済株式数(自己株式を含む)	NumberOfIssuedAndOutstandingSharesAtTheEndOfFiscalYearIncludingTreasuryStock	61360720	Shares	61,360,720	PriorYearInstant_NonConsolidatedMember_ResultMember	/disc/18790/081220241108516725_tse-scedjpsy-18790-20241108516725-ixbrl.htm
2024-11-13	半期	当期第2四半期累計	単体	実績		期末自己株式数	NumberOfTreasuryStockAtTheEndOfFiscalYear	2871001	Shares	2,871,001	CurrentAccumulatedQ2Instant_NonConsolidatedMember_ResultMember	/disc/18790/081220241108516725_tse-scedjpsy-18790-20241108516725-ixbrl.htm
2024-11-13	半期	前期	単体	実績		期末自己株式数	NumberOfTreasuryStockAtTheEndOfFiscalYear	2870971	Shares	2,870,971	PriorYearInstant_NonConsolidatedMember_ResultMember	/disc/18790/081220241108516725_tse-scedjpsy-18790-20241108516725-ixbrl.htm
2024-11-13	半期	当期第2四半期累計	単体	実績		期中平均株式数	AverageNumberOfShares	58489736	Shares	58,489,736	CurrentAccumulatedQ2Duration_NonConsolidatedMember_ResultMember	/disc/18790/081220241108516725_tse-scedjpsy-18790-20241108516725-ixbrl.htm
2024-11-13	半期	前期第2四半期累計	単体	実績		期中平均株式数	AverageNumberOfShares	58489854	Shares	58,489,854	PriorAccumulatedQ2Duration_NonConsolidatedMember_ResultMember	/disc/18790/081220241108516725_tse-scedjpsy-18790-20241108516725-ixbrl.htm
2024-11-13	半期	当期				将来情報の利用に関する注意	NotesForUsingForecastedInformationAndOthers			本資料に記載されている業績見通し等の将来に関する記述は、当社が現在入手している情報及び合理的であると判断する一定の前提に基づいており、その達成を当社として約束する趣旨のものではありません。また、実際の業績等は様々な要因により大きく異なる可能性があります。	CurrentYearDuration	/disc/18790/081220241108516725_tse-scedjpsy-18790-20241108516725-ixbrl.htm
2024-11-13	半期	当期				決算期末	FiscalYearEnd			2025-03-31	CurrentYearInstant	/disc/18790/081220241108516725_tse-scedjpsy-18790-20241108516725-ixbrl.htm
2024-11-13	半期	当期第2四半期累計				四半期	QuarterlyPeriod	2	Pure	2	CurrentAccumulatedQ2Instant	/disc/18790/081220241108516725_tse-scedjpsy-18790-20241108516725-ixbrl.htm
2025-02-14	四半期	当期第3四半期累計				書類名	DocumentName			第3四半期決算短信〔日本基準〕（連結）	CurrentAccumulatedQ3Instant	/disc/18790/081220250210568546_tse-qcedjpsm-18790-20250210568546-ixbrl.htm
2025-02-14	四半期	当期第3四半期累計				提出日	FilingDate			2025年2月14日	CurrentAccumulatedQ3Instant	/disc/18790/081220250210568546_tse-qcedjpsm-18790-20250210568546-ixbrl.htm
2025-02-14	四半期	当期第3四半期累計				会社名	CompanyName			新日本建設株式会社	CurrentAccumulatedQ3Instant	/disc/18790/081220250210568546_tse-qcedjpsm-18790-20250210568546-ixbrl.htm
2025-02-14	四半期	当期第3四半期累計					TokyoStockExchange			東	CurrentAccumulatedQ3Instant	/disc/18790/081220250210568546_tse-qcedjpsm-18790-20250210568546-ixbrl.htm
2025-02-14	四半期	当期第3四半期累計				証券コード	SecuritiesCode			18790	CurrentAccumulatedQ3Instant	/disc/18790/081220250210568546_tse-qcedjpsm-18790-20250210568546-ixbrl.htm
2025-02-14	四半期	当期第3四半期累計				URL	URL			https://www.shinnihon-c.co.jp/	CurrentAccumulatedQ3Instant	/disc/18790/081220250210568546_tse-qcedjpsm-18790-20250210568546-ixbrl.htm
2025-02-14	四半期	当期第3四半期累計				代表者の役職	TitleRepresentative			代表取締役社長	CurrentAccumulatedQ3Instant	/disc/18790/081220250210568546_tse-qcedjpsm-18790-20250210568546-ixbrl.htm
2025-02-14	四半期	当期第3四半期累計				代表者名	NameRepresentative			高見 克司	CurrentAccumulatedQ3Instant	/disc/18790/081220250210568546_tse-qcedjpsm-18790-20250210568546-ixbrl.htm
2025-02-14	四半期	当期第3四半期累計					TitleInquiries			取締役専務執行役員管理本部長	CurrentAccumulatedQ3Instant	/disc/18790/081220250210568546_tse-qcedjpsm-18790-20250210568546-ixbrl.htm
2025-02-14	四半期	当期第3四半期累計					NameInquiries			高橋 苗樹	CurrentAccumulatedQ3Instant	/disc/18790/081220250210568546_tse-qcedjpsm-18790-20250210568546-ixbrl.htm
2025-02-14	四半期	当期第3四半期累計					Tel			043-213-1111	CurrentAccumulatedQ3Instant	/disc/18790/081220250210568546_tse-qcedjpsm-18790-20250210568546-ixbrl.htm
2025-02-14	四半期	当期第3四半期累計					SupplementalMaterialOfResults			無	CurrentAccumulatedQ3Instant	/disc/18790/081220250210568546_tse-qcedjpsm-18790-20250210568546-ixbrl.htm
2025-02-14	四半期	当期第3四半期累計					ConveningBriefingOfResults			無	CurrentAccumulatedQ3Instant	/disc/18790/081220250210568546_tse-qcedjpsm-18790-20250210568546-ixbrl.htm
2025-02-14	四半期	当期第3四半期累計					NoteToFractionProcessingMethod			（百万円未満切捨て）	CurrentAccumulatedQ3Instant	/disc/18790/081220250210568546_tse-qcedjpsm-18790-20250210568546-ixbrl.htm
2025-02-14	四半期	当期第3四半期累計	連結	実績		売上高	NetSales	83911000000	JPY	83,911	CurrentAccumulatedQ3Duration_ConsolidatedMember_ResultMember	/disc/18790/081220250210568546_tse-qcedjpsm-18790-20250210568546-ixbrl.htm
2025-02-14	四半期	当期第3四半期累計	連結	実績		売上高の増減率	ChangeInNetSales	0.042	Pure	4.2	CurrentAccumulatedQ3Duration_ConsolidatedMember_ResultMember	/disc/18790/081220250210568546_tse-qcedjpsm-18790-20250210568546-ixbrl.htm
2025-02-14	四半期	当期第3四半期累計	連結	実績		営業利益	OperatingIncome	9857000000	JPY	9,857	CurrentAccumulatedQ3Duration_ConsolidatedMember_ResultMember	/disc/18790/081220250210568546_tse-qcedjpsm-18790-20250210568546-ixbrl.htm
2025-02-14	四半期	当期第3四半期累計	連結	実績		営業利益の増減率	ChangeInOperatingIncome	-0.018	Pure	1.8	CurrentAccumulatedQ3Duration_ConsolidatedMember_ResultMember	/disc/18790/081220250210568546_tse-qcedjpsm-18790-20250210568546-ixbrl.htm
2025-02-14	四半期	当期第3四半期累計	連結	実績		経常利益	OrdinaryIncome	9892000000	JPY	9,892	CurrentAccumulatedQ3Duration_ConsolidatedMember_ResultMember	/disc/18790/081220250210568546_tse-qcedjpsm-18790-20250210568546-ixbrl.htm
2025-02-14	四半期	当期第3四半期累計	連結	実績		経常利益の増減率	ChangeInOrdinaryIncome	-0.023	Pure	2.3	CurrentAccumulatedQ3Duration_ConsolidatedMember_ResultMember	/disc/18790/081220250210568546_tse-qcedjpsm-18790-20250210568546-ixbrl.htm
2025-02-14	四半期	当期第3四半期累計	連結	実績		親会社株主に帰属する当期純利益	ProfitAttributableToOwnersOfParent	6821000000	JPY	6,821	CurrentAccumulatedQ3Duration_ConsolidatedMember_ResultMember	/disc/18790/081220250210568546_tse-qcedjpsm-18790-20250210568546-ixbrl.htm
2025-02-14	四半期	当期第3四半期累計	連結	実績		親会社株主に帰属する当期純利益の増減率	ChangeInProfitAttributableToOwnersOfParent	-0.024	Pure	2.4	CurrentAccumulatedQ3Duration_ConsolidatedMember_ResultMember	/disc/18790/081220250210568546_tse-qcedjpsm-18790-20250210568546-ixbrl.htm
2025-02-14	四半期	前期第3四半期累計	連結	実績		売上高	NetSales	80529000000	JPY	80,529	PriorAccumulatedQ3Duration_ConsolidatedMember_ResultMember	/disc/18790/081220250210568546_tse-qcedjpsm-18790-20250210568546-ixbrl.htm
2025-02-14	四半期	前期第3四半期累計	連結	実績		売上高の増減率	ChangeInNetSales	0.146	Pure	14.6	PriorAccumulatedQ3Duration_ConsolidatedMember_ResultMember	/disc/18790/081220250210568546_tse-qcedjpsm-18790-20250210568546-ixbrl.htm
2025-02-14	四半期	前期第3四半期累計	連結	実績		営業利益	OperatingIncome	10037000000	JPY	10,037	PriorAccumulatedQ3Duration_ConsolidatedMember_ResultMember	/disc/18790/081220250210568546_tse-qcedjpsm-18790-20250210568546-ixbrl.htm
2025-02-14	四半期	前期第3四半期累計	連結	実績		営業利益の増減率	ChangeInOperatingIncome	0.026	Pure	2.6	PriorAccumulatedQ3Duration_ConsolidatedMember_ResultMember	/disc/18790/081220250210568546_tse-qcedjpsm-18790-20250210568546-ixbrl.htm
2025-02-14	四半期	前期第3四半期累計	連結	実績		経常利益	OrdinaryIncome	10127000000	JPY	10,127	PriorAccumulatedQ3Duration_ConsolidatedMember_ResultMember	/disc/18790/081220250210568546_tse-qcedjpsm-18790-20250210568546-ixbrl.htm
2025-02-14	四半期	前期第3四半期累計	連結	実績		経常利益の増減率	ChangeInOrdinaryIncome	0.031	Pure	3.1	PriorAccumulatedQ3Duration_ConsolidatedMember_ResultMember	/disc/18790/081220250210568546_tse-qcedjpsm-18790-20250210568546-ixbrl.htm
2025-02-14	四半期	前期第3四半期累計	連結	実績		親会社株主に帰属する当期純利益	ProfitAttributableToOwnersOfParent	6990000000	JPY	6,990	PriorAccumulatedQ3Duration_ConsolidatedMember_ResultMember	/disc/18790/081220250210568546_tse-qcedjpsm-18790-20250210568546-ixbrl.htm
2025-02-14	四半期	前期第3四半期累計	連結	実績		親会社株主に帰属する当期純利益の増減率	ChangeInProfitAttributableToOwnersOfParent	0.028	Pure	2.8	PriorAccumulatedQ3Duration_ConsolidatedMember_ResultMember	/disc/18790/081220250210568546_tse-qcedjpsm-18790-20250210568546-ixbrl.htm
2025-02-14	四半期	当期第3四半期累計	連結	実績		包括利益	ComprehensiveIncome	6838000000	JPY	6,838	CurrentAccumulatedQ3Duration_ConsolidatedMember_ResultMember	/disc/18790/081220250210568546_tse-qcedjpsm-18790-20250210568546-ixbrl.htm
2025-02-14	四半期	当期第3四半期累計	連結	実績		包括利益の増減率	ChangeInComprehensiveIncome	-0.039	Pure	3.9	CurrentAccumulatedQ3Duration_ConsolidatedMember_ResultMember	/disc/18790/081220250210568546_tse-qcedjpsm-18790-20250210568546-ixbrl.htm
2025-02-14	四半期	前期第3四半期累計	連結	実績		包括利益	ComprehensiveIncome	7119000000	JPY	7,119	PriorAccumulatedQ3Duration_ConsolidatedMember_ResultMember	/disc/18790/081220250210568546_tse-qcedjpsm-18790-20250210568546-ixbrl.htm
2025-02-14	四半期	前期第3四半期累計	連結	実績		包括利益の増減率	ChangeInComprehensiveIncome	0.028	Pure	2.8	PriorAccumulatedQ3Duration_ConsolidatedMember_ResultMember	/disc/18790/081220250210568546_tse-qcedjpsm-18790-20250210568546-ixbrl.htm
2025-02-14	四半期	当期第3四半期累計	連結	実績		1株当たり当期純利益	NetIncomePerShare	116.63	JPYPerShares	116.63	CurrentAccumulatedQ3Duration_ConsolidatedMember_ResultMember	/disc/18790/081220250210568546_tse-qcedjpsm-18790-20250210568546-ixbrl.htm
2025-02-14	四半期	前期第3四半期累計	連結	実績		1株当たり当期純利益	NetIncomePerShare	119.52	JPYPerShares	119.52	PriorAccumulatedQ3Duration_ConsolidatedMember_ResultMember	/disc/18790/081220250210568546_tse-qcedjpsm-18790-20250210568546-ixbrl.htm
2025-02-14	四半期	当期第3四半期累計	連結	実績		総資産	TotalAssets	168036000000	JPY	168,036	CurrentAccumulatedQ3Instant_ConsolidatedMember_ResultMember	/disc/18790/081220250210568546_tse-qcedjpsm-18790-20250210568546-ixbrl.htm
2025-02-14	四半期	当期第3四半期累計	連結	実績		純資産	NetAssets	116190000000	JPY	116,190	CurrentAccumulatedQ3Instant_ConsolidatedMember_ResultMember	/disc/18790/081220250210568546_tse-qcedjpsm-18790-20250210568546-ixbrl.htm
2025-02-14	四半期	当期第3四半期累計	連結	実績		自己資本比率	CapitalAdequacyRatio	0.691	Pure	69.1	CurrentAccumulatedQ3Instant_ConsolidatedMember_ResultMember	/disc/18790/081220250210568546_tse-qcedjpsm-18790-20250210568546-ixbrl.htm
2025-02-14	四半期	前期	連結	実績		総資産	TotalAssets	168154000000	JPY	168,154	PriorYearInstant_ConsolidatedMember_ResultMember	/disc/18790/081220250210568546_tse-qcedjpsm-18790-20250210568546-ixbrl.htm
2025-02-14	四半期	前期	連結	実績		純資産	NetAssets	113095000000	JPY	113,095	PriorYearInstant_ConsolidatedMember_ResultMember	/disc/18790/081220250210568546_tse-qcedjpsm-18790-20250210568546-ixbrl.htm
2025-02-14	四半期	前期	連結	実績		自己資本比率	CapitalAdequacyRatio	0.673	Pure	67.3	PriorYearInstant_ConsolidatedMember_ResultMember	/disc/18790/081220250210568546_tse-qcedjpsm-18790-20250210568546-ixbrl.htm
2025-02-14	四半期	当期第3四半期累計	連結	実績		自己資本	OwnersEquity	116190000000	JPY	116,190	CurrentAccumulatedQ3Instant_ConsolidatedMember_ResultMember	/disc/18790/081220250210568546_tse-qcedjpsm-18790-20250210568546-ixbrl.htm
2025-02-14	四半期	前期	連結	実績		自己資本	OwnersEquity	113095000000	JPY	113,095	PriorYearInstant_ConsolidatedMember_ResultMember	/disc/18790/081220250210568546_tse-qcedjpsm-18790-20250210568546-ixbrl.htm
2025-02-14	四半期	前期	単体	実績	第2四半期末	1株当たり配当金	DividendPerShare	15.00	JPYPerShares	15.00	PriorYearDuration_SecondQuarterMember_NonConsolidatedMember_ResultMember	/disc/18790/081220250210568546_tse-qcedjpsm-18790-20250210568546-ixbrl.htm
2025-02-14	四半期	前期	単体	実績	期末	1株当たり配当金	DividendPerShare	38.00	JPYPerShares	38.00	PriorYearDuration_YearEndMember_NonConsolidatedMember_ResultMember	/disc/18790/081220250210568546_tse-qcedjpsm-18790-20250210568546-ixbrl.htm
2025-02-14	四半期	前期	単体	実績	合計	1株当たり配当金	DividendPerShare	53.00	JPYPerShares	53.00	PriorYearDuration_AnnualMember_NonConsolidatedMember_ResultMember	/disc/18790/081220250210568546_tse-qcedjpsm-18790-20250210568546-ixbrl.htm
2025-02-14	四半期	当期	単体	実績	第2四半期末	1株当たり配当金	DividendPerShare	26.00	JPYPerShares	26.00	CurrentYearDuration_SecondQuarterMember_NonConsolidatedMember_ResultMember	/disc/18790/081220250210568546_tse-qcedjpsm-18790-20250210568546-ixbrl.htm
2025-02-14	四半期	当期	単体	予想	期末	1株当たり配当金	DividendPerShare	30.00	JPYPerShares	30.00	CurrentYearDuration_YearEndMember_NonConsolidatedMember_ForecastMember	/disc/18790/081220250210568546_tse-qcedjpsm-18790-20250210568546-ixbrl.htm
2025-02-14	四半期	当期	単体	予想	合計	1株当たり配当金	DividendPerShare	56.00	JPYPerShares	56.00	CurrentYearDuration_AnnualMember_NonConsolidatedMember_ForecastMember	/disc/18790/081220250210568546_tse-qcedjpsm-18790-20250210568546-ixbrl.htm
2025-02-14	四半期	当期	単体	実績	合計	当四半期における配当予想の修正	CorrectionOfDividendForecastInThisQuarter			有	CurrentYearDuration_AnnualMember_NonConsolidatedMember_ResultMember	/disc/18790/081220250210568546_tse-qcedjpsm-18790-20250210568546-ixbrl.htm
2025-02-14	四半期	当期第3四半期累計	単体	実績	合計	配当の注記	NoteToDividends			詳細につきましては、本日(2025年2月14日)公表の「配当予想の修正（設立60周年記念配当）に関するお知らせ」をご参照ください。2025年３月期(予想)期末配当金の内訳 普通配当27円00銭 記念配当3円00銭	CurrentAccumulatedQ3Duration_AnnualMember_NonConsolidatedMember_ResultMember	/disc/18790/081220250210568546_tse-qcedjpsm-18790-20250210568546-ixbrl.htm
2025-02-14	四半期	当期	連結	予想		業績予想の見出し	TitleForForecasts			3. 2025年 3月期の連結業績予想（2024年 4月 1日～2025年 3月31日）	CurrentYearDuration_ConsolidatedMember_ForecastMember	/disc/18790/081220250210568546_tse-qcedjpsm-18790-20250210568546-ixbrl.htm
2025-02-14	四半期	当期	連結	予想		売上高	NetSales	135000000000	JPY	135,000	CurrentYearDuration_ConsolidatedMember_ForecastMember	/disc/18790/081220250210568546_tse-qcedjpsm-18790-20250210568546-ixbrl.htm
2025-02-14	四半期	当期	連結	予想		売上高の増減率	ChangeInNetSales	0.011	Pure	1.1	CurrentYearDuration_ConsolidatedMember_ForecastMember	/disc/18790/081220250210568546_tse-qcedjpsm-18790-20250210568546-ixbrl.htm
2025-02-14	四半期	当期	連結	予想		営業利益	OperatingIncome	17700000000	JPY	17,700	CurrentYearDuration_ConsolidatedMember_ForecastMember	/disc/18790/081220250210568546_tse-qcedjpsm-18790-20250210568546-ixbrl.htm
2025-02-14	四半期	当期	連結	予想		営業利益の増減率	ChangeInOperatingIncome	0.007	Pure	0.7	CurrentYearDuration_ConsolidatedMember_ForecastMember	/disc/18790/081220250210568546_tse-qcedjpsm-18790-20250210568546-ixbrl.htm
2025-02-14	四半期	当期	連結	予想		経常利益	OrdinaryIncome	17700000000	JPY	17,700	CurrentYearDuration_ConsolidatedMember_ForecastMember	/disc/18790/081220250210568546_tse-qcedjpsm-18790-20250210568546-ixbrl.htm
2025-02-14	四半期	当期	連結	予想		経常利益の増減率	ChangeInOrdinaryIncome	0.002	Pure	0.2	CurrentYearDuration_ConsolidatedMember_ForecastMember	/disc/18790/081220250210568546_tse-qcedjpsm-18790-20250210568546-ixbrl.htm
2025-02-14	四半期	当期	連結	予想		親会社株主に帰属する当期純利益	ProfitAttributableToOwnersOfParent	12300000000	JPY	12,300	CurrentYearDuration_ConsolidatedMember_ForecastMember	/disc/18790/081220250210568546_tse-qcedjpsm-18790-20250210568546-ixbrl.htm
2025-02-14	四半期	当期	連結	予想		親会社株主に帰属する当期純利益の増減率	ChangeInProfitAttributableToOwnersOfParent	0.001	Pure	0.1	CurrentYearDuration_ConsolidatedMember_ForecastMember	/disc/18790/081220250210568546_tse-qcedjpsm-18790-20250210568546-ixbrl.htm
2025-02-14	四半期	当期	連結	予想		1株当たり当期純利益	NetIncomePerShare	210.29	JPYPerShares	210.29	CurrentYearDuration_ConsolidatedMember_ForecastMember	/disc/18790/081220250210568546_tse-qcedjpsm-18790-20250210568546-ixbrl.htm
2025-02-14	四半期	当期	連結	予想		当四半期における業績予想の修正	CorrectionOfConsolidatedFinancialForecastInThisQuarter			無	CurrentYearDuration_ConsolidatedMember_ForecastMember	/disc/18790/081220250210568546_tse-qcedjpsm-18790-20250210568546-ixbrl.htm
2025-02-14	四半期	当期第3四半期累計	連結	実績		期中の連結範囲の重要な変更	SignificantChangesInTheScopeOfConsolidationDuringThePeriod			無	CurrentAccumulatedQ3Duration_ConsolidatedMember_ResultMember	/disc/18790/081220250210568546_tse-qcedjpsm-18790-20250210568546-ixbrl.htm
2025-02-14	四半期	当期第3四半期累計	連結	実績			ApplyingOfSpecificAccountingOfTheConsolidatedQuarterlyFinancialStatements			無	CurrentAccumulatedQ3Duration_ConsolidatedMember_ResultMember	/disc/18790/081220250210568546_tse-qcedjpsm-18790-20250210568546-ixbrl.htm
2025-02-14	四半期	当期第3四半期累計	連結	実績		会計基準等の改正に伴う変更	ChangesBasedOnRevisionsOfAccountingStandard			無	CurrentAccumulatedQ3Duration_ConsolidatedMember_ResultMember	/disc/18790/081220250210568546_tse-qcedjpsm-18790-20250210568546-ixbrl.htm
2025-02-14	四半期	当期第3四半期累計	連結	実績		それ以外の会計方針の変更	ChangesOtherThanOnesBasedOnRevisionsOfAccountingStandard			無	CurrentAccumulatedQ3Duration_ConsolidatedMember_ResultMember	/disc/18790/081220250210568546_tse-qcedjpsm-18790-20250210568546-ixbrl.htm
2025-02-14	四半期	当期第3四半期累計	連結	実績		会計上の見積りの変更	ChangesInAccountingEstimates			無	CurrentAccumulatedQ3Duration_ConsolidatedMember_ResultMember	/disc/18790/081220250210568546_tse-qcedjpsm-18790-20250210568546-ixbrl.htm
2025-02-14	四半期	当期第3四半期累計	連結	実績		修正再表示	RetrospectiveRestatement			無	CurrentAccumulatedQ3Duration_ConsolidatedMember_ResultMember	/disc/18790/081220250210568546_tse-qcedjpsm-18790-20250210568546-ixbrl.htm
2025-02-14	四半期	当期第3四半期累計	単体	実績		期末発行済株式数(自己株式を含む)	NumberOfIssuedAndOutstandingSharesAtTheEndOfFiscalYearIncludingTreasuryStock	61360720	Shares	61,360,720	CurrentAccumulatedQ3Instant_NonConsolidatedMember_ResultMember	/disc/18790/081220250210568546_tse-qcedjpsm-18790-20250210568546-ixbrl.htm
2025-02-14	四半期	前期	単体	実績		期末発行済株式数(自己株式を含む)	NumberOfIssuedAndOutstandingSharesAtTheEndOfFiscalYearIncludingTreasuryStock	61360720	Shares	61,360,720	PriorYearInstant_NonConsolidatedMember_ResultMember	/disc/18790/081220250210568546_tse-qcedjpsm-18790-20250210568546-ixbrl.htm
2025-02-14	四半期	当期第3四半期累計	単体	実績		期末自己株式数	NumberOfTreasuryStockAtTheEndOfFiscalYear	2871054	Shares	2,871,054	CurrentAccumulatedQ3Instant_NonConsolidatedMember_ResultMember	/disc/18790/081220250210568546_tse-qcedjpsm-18790-20250210568546-ixbrl.htm
2025-02-14	四半期	前期	単体	実績		期末自己株式数	NumberOfTreasuryStockAtTheEndOfFiscalYear	2870971	Shares	2,870,971	PriorYearInstant_NonConsolidatedMember_ResultMember	/disc/18790/081220250210568546_tse-qcedjpsm-18790-20250210568546-ixbrl.htm
2025-02-14	四半期	当期第3四半期累計	単体	実績		期中平均株式数	AverageNumberOfShares	58489727	Shares	58,489,727	CurrentAccumulatedQ3Duration_NonConsolidatedMember_ResultMember	/disc/18790/081220250210568546_tse-qcedjpsm-18790-20250210568546-ixbrl.htm
2025-02-14	四半期	前期第3四半期累計	単体	実績		期中平均株式数	AverageNumberOfShares	58489844	Shares	58,489,844	PriorAccumulatedQ3Duration_NonConsolidatedMember_ResultMember	/disc/18790/081220250210568546_tse-qcedjpsm-18790-20250210568546-ixbrl.htm
2025-02-14	四半期	当期第3四半期累計					ReviewOfAttachedConsolidatedQuarterlyFinancialStatementsByACertifiedPublicAccountantOrAnAuditFirm			無	CurrentAccumulatedQ3Duration	/disc/18790/081220250210568546_tse-qcedjpsm-18790-20250210568546-ixbrl.htm
2025-02-14	四半期	当期				将来情報の利用に関する注意	NotesForUsingForecastedInformationAndOthers			本資料に記載されている業績見通し等の将来に関する記述は、当社が現在入手している情報及び合理的であると判断する一定の前提に基づいており、その達成を当社として約束する趣旨のものではありません。また、実際の業績等は様々な要因により大きく異なる可能性があります。	CurrentYearDuration	/disc/18790/081220250210568546_tse-qcedjpsm-18790-20250210568546-ixbrl.htm
2025-02-14	四半期	当期				決算期末	FiscalYearEnd			2025-03-31	CurrentYearInstant	/disc/18790/081220250210568546_tse-qcedjpsm-18790-20250210568546-ixbrl.htm
2025-02-14	四半期	当期第3四半期累計				四半期	QuarterlyPeriod	3	Pure	3	CurrentAccumulatedQ3Instant	/disc/18790/081220250210568546_tse-qcedjpsm-18790-20250210568546-ixbrl.htm
2025-05-13	年次	当期				書類名	DocumentName			決算短信〔日本基準〕（連結）	CurrentYearInstant	/disc/18790/081220250512540726_tse-acedjpsm-18790-20250512540726-ixbrl.htm
2025-05-13	年次	当期				提出日	FilingDate			2025年5月13日	CurrentYearInstant	/disc/18790/081220250512540726_tse-acedjpsm-18790-20250512540726-ixbrl.htm
2025-05-13	年次	当期				会社名	CompanyName			新日本建設株式会社	CurrentYearInstant	/disc/18790/081220250512540726_tse-acedjpsm-18790-20250512540726-ixbrl.htm
2025-05-13	年次	当期					TokyoStockExchange			東	CurrentYearInstant	/disc/18790/081220250512540726_tse-acedjpsm-18790-20250512540726-ixbrl.htm
2025-05-13	年次	当期				証券コード	SecuritiesCode			18790	CurrentYearInstant	/disc/18790/081220250512540726_tse-acedjpsm-18790-20250512540726-ixbrl.htm
2025-05-13	年次	当期				URL	URL			https://www.shinnihon-c.co.jp/	CurrentYearInstant	/disc/18790/081220250512540726_tse-acedjpsm-18790-20250512540726-ixbrl.htm
2025-05-13	年次	当期				代表者の役職	TitleRepresentative			代表取締役社長	CurrentYearInstant	/disc/18790/081220250512540726_tse-acedjpsm-18790-20250512540726-ixbrl.htm
2025-05-13	年次	当期				代表者名	NameRepresentative			高見 克司	CurrentYearInstant	/disc/18790/081220250512540726_tse-acedjpsm-18790-20250512540726-ixbrl.htm
2025-05-13	年次	当期					TitleInquiries			取締役専務執行役員管理本部長	CurrentYearInstant	/disc/18790/081220250512540726_tse-acedjpsm-18790-20250512540726-ixbrl.htm
2025-05-13	年次	当期					NameInquiries			高橋 苗樹	CurrentYearInstant	/disc/18790/081220250512540726_tse-acedjpsm-18790-20250512540726-ixbrl.htm
2025-05-13	年次	当期					Tel			043-213-1111	CurrentYearInstant	/disc/18790/081220250512540726_tse-acedjpsm-18790-20250512540726-ixbrl.htm
2025-05-13	年次	当期					DateOfGeneralShareholdersMeetingAsPlanned			2025年6月27日	CurrentYearInstant	/disc/18790/081220250512540726_tse-acedjpsm-18790-20250512540726-ixbrl.htm
2025-05-13	年次	当期					DividendPayableDateAsPlanned			2025年6月30日	CurrentYearInstant	/disc/18790/081220250512540726_tse-acedjpsm-18790-20250512540726-ixbrl.htm
2025-05-13	年次	当期					AnnualSecuritiesReportFilingDateAsPlanned			2025年6月27日	CurrentYearInstant	/disc/18790/081220250512540726_tse-acedjpsm-18790-20250512540726-ixbrl.htm
2025-05-13	年次	当期					SupplementalMaterialOfAnnualResults			有	CurrentYearInstant	/disc/18790/081220250512540726_tse-acedjpsm-18790-20250512540726-ixbrl.htm
2025-05-13	年次	当期					ConveningBriefingOfAnnualResults			有	CurrentYearInstant	/disc/18790/081220250512540726_tse-acedjpsm-18790-20250512540726-ixbrl.htm
2025-05-13	年次	当期					TargetAudienceBriefingOfAnnualResults			（機関投資家・金融機関向け）	CurrentYearInstant	/disc/18790/081220250512540726_tse-acedjpsm-18790-20250512540726-ixbrl.htm
2025-05-13	年次	当期					NoteToFractionProcessingMethod			（百万円未満切捨て）	CurrentYearInstant	/disc/18790/081220250512540726_tse-acedjpsm-18790-20250512540726-ixbrl.htm
2025-05-13	年次	当期	連結	実績		売上高	NetSales	131662000000	JPY	131,662	CurrentYearDuration_ConsolidatedMember_ResultMember	/disc/18790/081220250512540726_tse-acedjpsm-18790-20250512540726-ixbrl.htm
2025-05-13	年次	当期	連結	実績		売上高の増減率	ChangeInNetSales	-0.014	Pure	1.4	CurrentYearDuration_ConsolidatedMember_ResultMember	/disc/18790/081220250512540726_tse-acedjpsm-18790-20250512540726-ixbrl.htm
2025-05-13	年次	当期	連結	実績		営業利益	OperatingIncome	18310000000	JPY	18,310	CurrentYearDuration_ConsolidatedMember_ResultMember	/disc/18790/081220250512540726_tse-acedjpsm-18790-20250512540726-ixbrl.htm
2025-05-13	年次	当期	連結	実績		営業利益の増減率	ChangeInOperatingIncome	0.042	Pure	4.2	CurrentYearDuration_ConsolidatedMember_ResultMember	/disc/18790/081220250512540726_tse-acedjpsm-18790-20250512540726-ixbrl.htm
2025-05-13	年次	当期	連結	実績		経常利益	OrdinaryIncome	18369000000	JPY	18,369	CurrentYearDuration_ConsolidatedMember_ResultMember	/disc/18790/081220250512540726_tse-acedjpsm-18790-20250512540726-ixbrl.htm
2025-05-13	年次	当期	連結	実績		経常利益の増減率	ChangeInOrdinaryIncome	0.040	Pure	4.0	CurrentYearDuration_ConsolidatedMember_ResultMember	/disc/18790/081220250512540726_tse-acedjpsm-18790-20250512540726-ixbrl.htm
2025-05-13	年次	当期	連結	実績		親会社株主に帰属する当期純利益	ProfitAttributableToOwnersOfParent	12816000000	JPY	12,816	CurrentYearDuration_ConsolidatedMember_ResultMember	/disc/18790/081220250512540726_tse-acedjpsm-18790-20250512540726-ixbrl.htm
2025-05-13	年次	当期	連結	実績		親会社株主に帰属する当期純利益の増減率	ChangeInProfitAttributableToOwnersOfParent	0.043	Pure	4.3	CurrentYearDuration_ConsolidatedMember_ResultMember	/disc/18790/081220250512540726_tse-acedjpsm-18790-20250512540726-ixbrl.htm
2025-05-13	年次	前期	連結	実績		売上高	NetSales	133517000000	JPY	133,517	PriorYearDuration_ConsolidatedMember_ResultMember	/disc/18790/081220250512540726_tse-acedjpsm-18790-20250512540726-ixbrl.htm
2025-05-13	年次	前期	連結	実績		売上高の増減率	ChangeInNetSales	0.174	Pure	17.4	PriorYearDuration_ConsolidatedMember_ResultMember	/disc/18790/081220250512540726_tse-acedjpsm-18790-20250512540726-ixbrl.htm
2025-05-13	年次	前期	連結	実績		営業利益	OperatingIncome	17577000000	JPY	17,577	PriorYearDuration_ConsolidatedMember_ResultMember	/disc/18790/081220250512540726_tse-acedjpsm-18790-20250512540726-ixbrl.htm
2025-05-13	年次	前期	連結	実績		営業利益の増減率	ChangeInOperatingIncome	0.023	Pure	2.3	PriorYearDuration_ConsolidatedMember_ResultMember	/disc/18790/081220250512540726_tse-acedjpsm-18790-20250512540726-ixbrl.htm
2025-05-13	年次	前期	連結	実績		経常利益	OrdinaryIncome	17671000000	JPY	17,671	PriorYearDuration_ConsolidatedMember_ResultMember	/disc/18790/081220250512540726_tse-acedjpsm-18790-20250512540726-ixbrl.htm
2025-05-13	年次	前期	連結	実績		経常利益の増減率	ChangeInOrdinaryIncome	0.026	Pure	2.6	PriorYearDuration_ConsolidatedMember_ResultMember	/disc/18790/081220250512540726_tse-acedjpsm-18790-20250512540726-ixbrl.htm
2025-05-13	年次	前期	連結	実績		親会社株主に帰属する当期純利益	ProfitAttributableToOwnersOfParent	12286000000	JPY	12,286	PriorYearDuration_ConsolidatedMember_ResultMember	/disc/18790/081220250512540726_tse-acedjpsm-18790-20250512540726-ixbrl.htm
2025-05-13	年次	前期	連結	実績		親会社株主に帰属する当期純利益の増減率	ChangeInProfitAttributableToOwnersOfParent	0.023	Pure	2.3	PriorYearDuration_ConsolidatedMember_ResultMember	/disc/18790/081220250512540726_tse-acedjpsm-18790-20250512540726-ixbrl.htm
2025-05-13	年次	当期	連結	実績		包括利益	ComprehensiveIncome	12960000000	JPY	12,960	CurrentYearDuration_ConsolidatedMember_ResultMember	/disc/18790/081220250512540726_tse-acedjpsm-18790-20250512540726-ixbrl.htm
2025-05-13	年次	当期	連結	実績		包括利益の増減率	ChangeInComprehensiveIncome	0.034	Pure	3.4	CurrentYearDuration_ConsolidatedMember_ResultMember	/disc/18790/081220250512540726_tse-acedjpsm-18790-20250512540726-ixbrl.htm
2025-05-13	年次	前期	連結	実績		包括利益	ComprehensiveIncome	12539000000	JPY	12,539	PriorYearDuration_ConsolidatedMember_ResultMember	/disc/18790/081220250512540726_tse-acedjpsm-18790-20250512540726-ixbrl.htm
2025-05-13	年次	前期	連結	実績		包括利益の増減率	ChangeInComprehensiveIncome	0.038	Pure	3.8	PriorYearDuration_ConsolidatedMember_ResultMember	/disc/18790/081220250512540726_tse-acedjpsm-18790-20250512540726-ixbrl.htm
2025-05-13	年次	当期	連結	実績		1株当たり当期純利益	NetIncomePerShare	219.13	JPYPerShares	219.13	CurrentYearDuration_ConsolidatedMember_ResultMember	/disc/18790/081220250512540726_tse-acedjpsm-18790-20250512540726-ixbrl.htm
2025-05-13	年次	当期	連結	実績		自己資本当期純利益率(ROE)	NetIncomeToShareholdersEquityRatio	0.109	Pure	10.9	CurrentYearDuration_ConsolidatedMember_ResultMember	/disc/18790/081220250512540726_tse-acedjpsm-18790-20250512540726-ixbrl.htm
2025-05-13	年次	当期	連結	実績		総資産経常利益率(ROA)	OrdinaryIncomeToTotalAssetsRatio	0.108	Pure	10.8	CurrentYearDuration_ConsolidatedMember_ResultMember	/disc/18790/081220250512540726_tse-acedjpsm-18790-20250512540726-ixbrl.htm
2025-05-13	年次	当期	連結	実績		売上高営業利益率	OperatingIncomeToNetSalesRatio	0.139	Pure	13.9	CurrentYearDuration_ConsolidatedMember_ResultMember	/disc/18790/081220250512540726_tse-acedjpsm-18790-20250512540726-ixbrl.htm
2025-05-13	年次	前期	連結	実績		1株当たり当期純利益	NetIncomePerShare	210.06	JPYPerShares	210.06	PriorYearDuration_ConsolidatedMember_ResultMember	/disc/18790/081220250512540726_tse-acedjpsm-18790-20250512540726-ixbrl.htm
2025-05-13	年次	前期	連結	実績		自己資本当期純利益率(ROE)	NetIncomeToShareholdersEquityRatio	0.114	Pure	11.4	PriorYearDuration_ConsolidatedMember_ResultMember	/disc/18790/081220250512540726_tse-acedjpsm-18790-20250512540726-ixbrl.htm
2025-05-13	年次	前期	連結	実績		総資産経常利益率(ROA)	OrdinaryIncomeToTotalAssetsRatio	0.109	Pure	10.9	PriorYearDuration_ConsolidatedMember_ResultMember	/disc/18790/081220250512540726_tse-acedjpsm-18790-20250512540726-ixbrl.htm
2025-05-13	年次	前期	連結	実績		売上高営業利益率	OperatingIncomeToNetSalesRatio	0.132	Pure	13.2	PriorYearDuration_ConsolidatedMember_ResultMember	/disc/18790/081220250512540726_tse-acedjpsm-18790-20250512540726-ixbrl.htm
2025-05-13	年次	当期	連結	実績		総資産	TotalAssets	172954000000	JPY	172,954	CurrentYearInstant_ConsolidatedMember_ResultMember	/disc/18790/081220250512540726_tse-acedjpsm-18790-20250512540726-ixbrl.htm
2025-05-13	年次	当期	連結	実績		純資産	NetAssets	122313000000	JPY	122,313	CurrentYearInstant_ConsolidatedMember_ResultMember	/disc/18790/081220250512540726_tse-acedjpsm-18790-20250512540726-ixbrl.htm
2025-05-13	年次	当期	連結	実績		自己資本比率	CapitalAdequacyRatio	0.707	Pure	70.7	CurrentYearInstant_ConsolidatedMember_ResultMember	/disc/18790/081220250512540726_tse-acedjpsm-18790-20250512540726-ixbrl.htm
2025-05-13	年次	当期	連結	実績		1株当たり純資産	NetAssetsPerShare	2091.19	JPYPerShares	2,091.19	CurrentYearInstant_ConsolidatedMember_ResultMember	/disc/18790/081220250512540726_tse-acedjpsm-18790-20250512540726-ixbrl.htm
2025-05-13	年次	前期	連結	実績		総資産	TotalAssets	168154000000	JPY	168,154	PriorYearInstant_ConsolidatedMember_ResultMember	/disc/18790/081220250512540726_tse-acedjpsm-18790-20250512540726-ixbrl.htm
2025-05-13	年次	前期	連結	実績		純資産	NetAssets	113095000000	JPY	113,095	PriorYearInstant_ConsolidatedMember_ResultMember	/disc/18790/081220250512540726_tse-acedjpsm-18790-20250512540726-ixbrl.htm
2025-05-13	年次	前期	連結	実績		自己資本比率	CapitalAdequacyRatio	0.673	Pure	67.3	PriorYearInstant_ConsolidatedMember_ResultMember	/disc/18790/081220250512540726_tse-acedjpsm-18790-20250512540726-ixbrl.htm
2025-05-13	年次	前期	連結	実績		1株当たり純資産	NetAssetsPerShare	1933.60	JPYPerShares	1,933.60	PriorYearInstant_ConsolidatedMember_ResultMember	/disc/18790/081220250512540726_tse-acedjpsm-18790-20250512540726-ixbrl.htm
2025-05-13	年次	当期	連結	実績		自己資本	OwnersEquity	122313000000	JPY	122,313	CurrentYearInstant_ConsolidatedMember_ResultMember	/disc/18790/081220250512540726_tse-acedjpsm-18790-20250512540726-ixbrl.htm
2025-05-13	年次	前期	連結	実績		自己資本	OwnersEquity	113095000000	JPY	113,095	PriorYearInstant_ConsolidatedMember_ResultMember	/disc/18790/081220250512540726_tse-acedjpsm-18790-20250512540726-ixbrl.htm
2025-05-13	年次	当期	連結	実績		営業キャッシュフロー	CashFlowsFromOperatingActivities	2654000000	JPY	2,654	CurrentYearDuration_ConsolidatedMember_ResultMember	/disc/18790/081220250512540726_tse-acedjpsm-18790-20250512540726-ixbrl.htm
2025-05-13	年次	当期	連結	実績		投資キャッシュフロー	CashFlowsFromInvestingActivities	-34434000000	JPY	34,434	CurrentYearDuration_ConsolidatedMember_ResultMember	/disc/18790/081220250512540726_tse-acedjpsm-18790-20250512540726-ixbrl.htm
2025-05-13	年次	当期	連結	実績		財務キャッシュフロー	CashFlowsFromFinancingActivities	-3740000000	JPY	3,740	CurrentYearDuration_ConsolidatedMember_ResultMember	/disc/18790/081220250512540726_tse-acedjpsm-18790-20250512540726-ixbrl.htm
2025-05-13	年次	当期	連結	実績		現金及び現金同等物の期末残高	CashAndEquivalentsEndOfPeriod	48653000000	JPY	48,653	CurrentYearInstant_ConsolidatedMember_ResultMember	/disc/18790/081220250512540726_tse-acedjpsm-18790-20250512540726-ixbrl.htm
2025-05-13	年次	前期	連結	実績		営業キャッシュフロー	CashFlowsFromOperatingActivities	11699000000	JPY	11,699	PriorYearDuration_ConsolidatedMember_ResultMember	/disc/18790/081220250512540726_tse-acedjpsm-18790-20250512540726-ixbrl.htm
2025-05-13	年次	前期	連結	実績		投資キャッシュフロー	CashFlowsFromInvestingActivities	-247000000	JPY	247	PriorYearDuration_ConsolidatedMember_ResultMember	/disc/18790/081220250512540726_tse-acedjpsm-18790-20250512540726-ixbrl.htm
2025-05-13	年次	前期	連結	実績		財務キャッシュフロー	CashFlowsFromFinancingActivities	-1880000000	JPY	1,880	PriorYearDuration_ConsolidatedMember_ResultMember	/disc/18790/081220250512540726_tse-acedjpsm-18790-20250512540726-ixbrl.htm
2025-05-13	年次	前期	連結	実績		現金及び現金同等物の期末残高	CashAndEquivalentsEndOfPeriod	84173000000	JPY	84,173	PriorYearInstant_ConsolidatedMember_ResultMember	/disc/18790/081220250512540726_tse-acedjpsm-18790-20250512540726-ixbrl.htm
2025-05-13	年次	当期	連結	実績			NoteToCashFlows			(注) 2025年３月期における投資活動によるキャッシュ・フローの主な変動要因は、定期預金（３か月超１年以内）の預入れによる支出34,000百万円によるものであります。	CurrentYearDuration_ConsolidatedMember_ResultMember	/disc/18790/081220250512540726_tse-acedjpsm-18790-20250512540726-ixbrl.htm
2025-05-13	年次	前期	単体	実績	第2四半期末	1株当たり配当金	DividendPerShare	15.00	JPYPerShares	15.00	PriorYearDuration_SecondQuarterMember_NonConsolidatedMember_ResultMember	/disc/18790/081220250512540726_tse-acedjpsm-18790-20250512540726-ixbrl.htm
2025-05-13	年次	前期	単体	実績	期末	1株当たり配当金	DividendPerShare	38.00	JPYPerShares	38.00	PriorYearDuration_YearEndMember_NonConsolidatedMember_ResultMember	/disc/18790/081220250512540726_tse-acedjpsm-18790-20250512540726-ixbrl.htm
2025-05-13	年次	前期	単体	実績	合計	1株当たり配当金	DividendPerShare	53.00	JPYPerShares	53.00	PriorYearDuration_AnnualMember_NonConsolidatedMember_ResultMember	/disc/18790/081220250512540726_tse-acedjpsm-18790-20250512540726-ixbrl.htm
2025-05-13	年次	前期	単体	実績	合計	配当金総額	TotalDividendPaidAnnual	3099000000	JPY	3,099	PriorYearDuration_AnnualMember_NonConsolidatedMember_ResultMember	/disc/18790/081220250512540726_tse-acedjpsm-18790-20250512540726-ixbrl.htm
2025-05-13	年次	前期	連結	実績	合計	配当性向	PayoutRatio	0.252	Pure	25.2	PriorYearDuration_AnnualMember_ConsolidatedMember_ResultMember	/disc/18790/081220250512540726_tse-acedjpsm-18790-20250512540726-ixbrl.htm
2025-05-13	年次	前期	連結	実績	合計	純資産配当率	RatioOfTotalAmountOfDividendsToNetAssets	0.029	Pure	2.9	PriorYearDuration_AnnualMember_ConsolidatedMember_ResultMember	/disc/18790/081220250512540726_tse-acedjpsm-18790-20250512540726-ixbrl.htm
2025-05-13	年次	当期	単体	実績	第2四半期末	1株当たり配当金	DividendPerShare	26.00	JPYPerShares	26.00	CurrentYearDuration_SecondQuarterMember_NonConsolidatedMember_ResultMember	/disc/18790/081220250512540726_tse-acedjpsm-18790-20250512540726-ixbrl.htm
2025-05-13	年次	当期	単体	実績	期末	1株当たり配当金	DividendPerShare	30.00	JPYPerShares	30.00	CurrentYearDuration_YearEndMember_NonConsolidatedMember_ResultMember	/disc/18790/081220250512540726_tse-acedjpsm-18790-20250512540726-ixbrl.htm
2025-05-13	年次	当期	単体	実績	合計	1株当たり配当金	DividendPerShare	56.00	JPYPerShares	56.00	CurrentYearDuration_AnnualMember_NonConsolidatedMember_ResultMember	/disc/18790/081220250512540726_tse-acedjpsm-18790-20250512540726-ixbrl.htm
2025-05-13	年次	当期	単体	実績	合計	配当金総額	TotalDividendPaidAnnual	3275000000	JPY	3,275	CurrentYearDuration_AnnualMember_NonConsolidatedMember_ResultMember	/disc/18790/081220250512540726_tse-acedjpsm-18790-20250512540726-ixbrl.htm
2025-05-13	年次	当期	連結	実績	合計	配当性向	PayoutRatio	0.256	Pure	25.6	CurrentYearDuration_AnnualMember_ConsolidatedMember_ResultMember	/disc/18790/081220250512540726_tse-acedjpsm-18790-20250512540726-ixbrl.htm
2025-05-13	年次	当期	連結	実績	合計	純資産配当率	RatioOfTotalAmountOfDividendsToNetAssets	0.028	Pure	2.8	CurrentYearDuration_AnnualMember_ConsolidatedMember_ResultMember	/disc/18790/081220250512540726_tse-acedjpsm-18790-20250512540726-ixbrl.htm
2025-05-13	年次	来期	単体	予想	第2四半期末	1株当たり配当金	DividendPerShare	28.00	JPYPerShares	28.00	NextYearDuration_SecondQuarterMember_NonConsolidatedMember_ForecastMember	/disc/18790/081220250512540726_tse-acedjpsm-18790-20250512540726-ixbrl.htm
2025-05-13	年次	来期	単体	予想	期末	1株当たり配当金	DividendPerShare	28.00	JPYPerShares	28.00	NextYearDuration_YearEndMember_NonConsolidatedMember_ForecastMember	/disc/18790/081220250512540726_tse-acedjpsm-18790-20250512540726-ixbrl.htm
2025-05-13	年次	来期	単体	予想	合計	1株当たり配当金	DividendPerShare	56.00	JPYPerShares	56.00	NextYearDuration_AnnualMember_NonConsolidatedMember_ForecastMember	/disc/18790/081220250512540726_tse-acedjpsm-18790-20250512540726-ixbrl.htm
2025-05-13	年次	来期	連結	予想	合計	配当性向	PayoutRatio	0.250	Pure	25.0	NextYearDuration_AnnualMember_ConsolidatedMember_ForecastMember	/disc/18790/081220250512540726_tse-acedjpsm-18790-20250512540726-ixbrl.htm
2025-05-13	年次	当期	単体	実績	合計	配当の注記	NoteToDividends			(注) 2025年３月期期末配当金の内訳 普通配当27円00銭 記念配当3円00銭	CurrentYearDuration_AnnualMember_NonConsolidatedMember_ResultMember	/disc/18790/081220250512540726_tse-acedjpsm-18790-20250512540726-ixbrl.htm
2025-05-13	年次	来期	連結	予想		業績予想の見出し	TitleForForecasts			3. 2026年 3月期の連結業績予想（2025年 4月 1日～2026年 3月31日）	NextYearDuration_ConsolidatedMember_ForecastMember	/disc/18790/081220250512540726_tse-acedjpsm-18790-20250512540726-ixbrl.htm
2025-05-13	年次	来期	連結	予想		売上高	NetSales	135000000000	JPY	135,000	NextYearDuration_ConsolidatedMember_ForecastMember	/disc/18790/081220250512540726_tse-acedjpsm-18790-20250512540726-ixbrl.htm
2025-05-13	年次	来期	連結	予想		売上高の増減率	ChangeInNetSales	0.025	Pure	2.5	NextYearDuration_ConsolidatedMember_ForecastMember	/disc/18790/081220250512540726_tse-acedjpsm-18790-20250512540726-ixbrl.htm
2025-05-13	年次	来期	連結	予想		営業利益	OperatingIncome	18600000000	JPY	18,600	NextYearDuration_ConsolidatedMember_ForecastMember	/disc/18790/081220250512540726_tse-acedjpsm-18790-20250512540726-ixbrl.htm
2025-05-13	年次	来期	連結	予想		営業利益の増減率	ChangeInOperatingIncome	0.016	Pure	1.6	NextYearDuration_ConsolidatedMember_ForecastMember	/disc/18790/081220250512540726_tse-acedjpsm-18790-20250512540726-ixbrl.htm
2025-05-13	年次	来期	連結	予想		経常利益	OrdinaryIncome	18800000000	JPY	18,800	NextYearDuration_ConsolidatedMember_ForecastMember	/disc/18790/081220250512540726_tse-acedjpsm-18790-20250512540726-ixbrl.htm
2025-05-13	年次	来期	連結	予想		経常利益の増減率	ChangeInOrdinaryIncome	0.023	Pure	2.3	NextYearDuration_ConsolidatedMember_ForecastMember	/disc/18790/081220250512540726_tse-acedjpsm-18790-20250512540726-ixbrl.htm
2025-05-13	年次	来期	連結	予想		親会社株主に帰属する当期純利益	ProfitAttributableToOwnersOfParent	13100000000	JPY	13,100	NextYearDuration_ConsolidatedMember_ForecastMember	/disc/18790/081220250512540726_tse-acedjpsm-18790-20250512540726-ixbrl.htm
2025-05-13	年次	来期	連結	予想		親会社株主に帰属する当期純利益の増減率	ChangeInProfitAttributableToOwnersOfParent	0.022	Pure	2.2	NextYearDuration_ConsolidatedMember_ForecastMember	/disc/18790/081220250512540726_tse-acedjpsm-18790-20250512540726-ixbrl.htm
2025-05-13	年次	来期	連結	予想		1株当たり当期純利益	NetIncomePerShare	223.97	JPYPerShares	223.97	NextYearDuration_ConsolidatedMember_ForecastMember	/disc/18790/081220250512540726_tse-acedjpsm-18790-20250512540726-ixbrl.htm
2025-05-13	年次	当期	連結	実績		期中の連結範囲の重要な変更	SignificantChangesInTheScopeOfConsolidationDuringThePeriod			無	CurrentYearDuration_ConsolidatedMember_ResultMember	/disc/18790/081220250512540726_tse-acedjpsm-18790-20250512540726-ixbrl.htm
2025-05-13	年次	当期	連結	実績		会計基準等の改正に伴う変更	ChangesBasedOnRevisionsOfAccountingStandard			無	CurrentYearDuration_ConsolidatedMember_ResultMember	/disc/18790/081220250512540726_tse-acedjpsm-18790-20250512540726-ixbrl.htm
2025-05-13	年次	当期	連結	実績		それ以外の会計方針の変更	ChangesOtherThanOnesBasedOnRevisionsOfAccountingStandard			無	CurrentYearDuration_ConsolidatedMember_ResultMember	/disc/18790/081220250512540726_tse-acedjpsm-18790-20250512540726-ixbrl.htm
2025-05-13	年次	当期	連結	実績		会計上の見積りの変更	ChangesInAccountingEstimates			無	CurrentYearDuration_ConsolidatedMember_ResultMember	/disc/18790/081220250512540726_tse-acedjpsm-18790-20250512540726-ixbrl.htm
2025-05-13	年次	当期	連結	実績		修正再表示	RetrospectiveRestatement			無	CurrentYearDuration_ConsolidatedMember_ResultMember	/disc/18790/081220250512540726_tse-acedjpsm-18790-20250512540726-ixbrl.htm
2025-05-13	年次	当期	単体	実績		期末発行済株式数(自己株式を含む)	NumberOfIssuedAndOutstandingSharesAtTheEndOfFiscalYearIncludingTreasuryStock	61360720	Shares	61,360,720	CurrentYearInstant_NonConsolidatedMember_ResultMember	/disc/18790/081220250512540726_tse-acedjpsm-18790-20250512540726-ixbrl.htm
2025-05-13	年次	前期	単体	実績		期末発行済株式数(自己株式を含む)	NumberOfIssuedAndOutstandingSharesAtTheEndOfFiscalYearIncludingTreasuryStock	61360720	Shares	61,360,720	PriorYearInstant_NonConsolidatedMember_ResultMember	/disc/18790/081220250512540726_tse-acedjpsm-18790-20250512540726-ixbrl.htm
2025-05-13	年次	当期	単体	実績		期末自己株式数	NumberOfTreasuryStockAtTheEndOfFiscalYear	2871072	Shares	2,871,072	CurrentYearInstant_NonConsolidatedMember_ResultMember	/disc/18790/081220250512540726_tse-acedjpsm-18790-20250512540726-ixbrl.htm
2025-05-13	年次	前期	単体	実績		期末自己株式数	NumberOfTreasuryStockAtTheEndOfFiscalYear	2870971	Shares	2,870,971	PriorYearInstant_NonConsolidatedMember_ResultMember	/disc/18790/081220250512540726_tse-acedjpsm-18790-20250512540726-ixbrl.htm
2025-05-13	年次	当期	単体	実績		期中平均株式数	AverageNumberOfShares	58489709	Shares	58,489,709	CurrentYearDuration_NonConsolidatedMember_ResultMember	/disc/18790/081220250512540726_tse-acedjpsm-18790-20250512540726-ixbrl.htm
2025-05-13	年次	前期	単体	実績		期中平均株式数	AverageNumberOfShares	58489836	Shares	58,489,836	PriorYearDuration_NonConsolidatedMember_ResultMember	/disc/18790/081220250512540726_tse-acedjpsm-18790-20250512540726-ixbrl.htm
2025-05-13	年次	当期	単体	実績		売上高	NetSales	117319000000	JPY	117,319	CurrentYearDuration_NonConsolidatedMember_ResultMember	/disc/18790/081220250512540726_tse-acedjpsm-18790-20250512540726-ixbrl.htm
2025-05-13	年次	当期	単体	実績		売上高の増減率	ChangeInNetSales	-0.044	Pure	4.4	CurrentYearDuration_NonConsolidatedMember_ResultMember	/disc/18790/081220250512540726_tse-acedjpsm-18790-20250512540726-ixbrl.htm
2025-05-13	年次	当期	単体	実績		営業利益	OperatingIncome	17096000000	JPY	17,096	CurrentYearDuration_NonConsolidatedMember_ResultMember	/disc/18790/081220250512540726_tse-acedjpsm-18790-20250512540726-ixbrl.htm
2025-05-13	年次	当期	単体	実績		営業利益の増減率	ChangeInOperatingIncome	0.045	Pure	4.5	CurrentYearDuration_NonConsolidatedMember_ResultMember	/disc/18790/081220250512540726_tse-acedjpsm-18790-20250512540726-ixbrl.htm
2025-05-13	年次	当期	単体	実績		経常利益	OrdinaryIncome	17563000000	JPY	17,563	CurrentYearDuration_NonConsolidatedMember_ResultMember	/disc/18790/081220250512540726_tse-acedjpsm-18790-20250512540726-ixbrl.htm
2025-05-13	年次	当期	単体	実績		経常利益の増減率	ChangeInOrdinaryIncome	0.041	Pure	4.1	CurrentYearDuration_NonConsolidatedMember_ResultMember	/disc/18790/081220250512540726_tse-acedjpsm-18790-20250512540726-ixbrl.htm
2025-05-13	年次	当期	単体	実績		当期純利益	NetIncome	12414000000	JPY	12,414	CurrentYearDuration_NonConsolidatedMember_ResultMember	/disc/18790/081220250512540726_tse-acedjpsm-18790-20250512540726-ixbrl.htm
2025-05-13	年次	当期	単体	実績		当期純利益の増減率	ChangeInNetIncome	0.044	Pure	4.4	CurrentYearDuration_NonConsolidatedMember_ResultMember	/disc/18790/081220250512540726_tse-acedjpsm-18790-20250512540726-ixbrl.htm
2025-05-13	年次	前期	単体	実績		売上高	NetSales	122718000000	JPY	122,718	PriorYearDuration_NonConsolidatedMember_ResultMember	/disc/18790/081220250512540726_tse-acedjpsm-18790-20250512540726-ixbrl.htm
2025-05-13	年次	前期	単体	実績		売上高の増減率	ChangeInNetSales	0.194	Pure	19.4	PriorYearDuration_NonConsolidatedMember_ResultMember	/disc/18790/081220250512540726_tse-acedjpsm-18790-20250512540726-ixbrl.htm
2025-05-13	年次	前期	単体	実績		営業利益	OperatingIncome	16360000000	JPY	16,360	PriorYearDuration_NonConsolidatedMember_ResultMember	/disc/18790/081220250512540726_tse-acedjpsm-18790-20250512540726-ixbrl.htm
2025-05-13	年次	前期	単体	実績		営業利益の増減率	ChangeInOperatingIncome	0.002	Pure	0.2	PriorYearDuration_NonConsolidatedMember_ResultMember	/disc/18790/081220250512540726_tse-acedjpsm-18790-20250512540726-ixbrl.htm
2025-05-13	年次	前期	単体	実績		経常利益	OrdinaryIncome	16865000000	JPY	16,865	PriorYearDuration_NonConsolidatedMember_ResultMember	/disc/18790/081220250512540726_tse-acedjpsm-18790-20250512540726-ixbrl.htm
2025-05-13	年次	前期	単体	実績		経常利益の増減率	ChangeInOrdinaryIncome	0.005	Pure	0.5	PriorYearDuration_NonConsolidatedMember_ResultMember	/disc/18790/081220250512540726_tse-acedjpsm-18790-20250512540726-ixbrl.htm
2025-05-13	年次	前期	単体	実績		当期純利益	NetIncome	11892000000	JPY	11,892	PriorYearDuration_NonConsolidatedMember_ResultMember	/disc/18790/081220250512540726_tse-acedjpsm-18790-20250512540726-ixbrl.htm
2025-05-13	年次	前期	単体	実績		当期純利益の増減率	ChangeInNetIncome	0.003	Pure	0.3	PriorYearDuration_NonConsolidatedMember_ResultMember	/disc/18790/081220250512540726_tse-acedjpsm-18790-20250512540726-ixbrl.htm
2025-05-13	年次	当期	単体	実績		1株当たり当期純利益	NetIncomePerShare	212.26	JPYPerShares	212.26	CurrentYearDuration_NonConsolidatedMember_ResultMember	/disc/18790/081220250512540726_tse-acedjpsm-18790-20250512540726-ixbrl.htm
2025-05-13	年次	前期	単体	実績		1株当たり当期純利益	NetIncomePerShare	203.33	JPYPerShares	203.33	PriorYearDuration_NonConsolidatedMember_ResultMember	/disc/18790/081220250512540726_tse-acedjpsm-18790-20250512540726-ixbrl.htm
2025-05-13	年次	当期	単体	実績		総資産	TotalAssets	161848000000	JPY	161,848	CurrentYearInstant_NonConsolidatedMember_ResultMember	/disc/18790/081220250512540726_tse-acedjpsm-18790-20250512540726-ixbrl.htm
2025-05-13	年次	当期	単体	実績		純資産	NetAssets	116961000000	JPY	116,961	CurrentYearInstant_NonConsolidatedMember_ResultMember	/disc/18790/081220250512540726_tse-acedjpsm-18790-20250512540726-ixbrl.htm
2025-05-13	年次	当期	単体	実績		自己資本比率	CapitalAdequacyRatio	0.723	Pure	72.3	CurrentYearInstant_NonConsolidatedMember_ResultMember	/disc/18790/081220250512540726_tse-acedjpsm-18790-20250512540726-ixbrl.htm
2025-05-13	年次	当期	単体	実績		1株当たり純資産	NetAssetsPerShare	1999.70	JPYPerShares	1,999.70	CurrentYearInstant_NonConsolidatedMember_ResultMember	/disc/18790/081220250512540726_tse-acedjpsm-18790-20250512540726-ixbrl.htm
2025-05-13	年次	前期	単体	実績		総資産	TotalAssets	159084000000	JPY	159,084	PriorYearInstant_NonConsolidatedMember_ResultMember	/disc/18790/081220250512540726_tse-acedjpsm-18790-20250512540726-ixbrl.htm
2025-05-13	年次	前期	単体	実績		純資産	NetAssets	108213000000	JPY	108,213	PriorYearInstant_NonConsolidatedMember_ResultMember	/disc/18790/081220250512540726_tse-acedjpsm-18790-20250512540726-ixbrl.htm
2025-05-13	年次	前期	単体	実績		自己資本比率	CapitalAdequacyRatio	0.680	Pure	68.0	PriorYearInstant_NonConsolidatedMember_ResultMember	/disc/18790/081220250512540726_tse-acedjpsm-18790-20250512540726-ixbrl.htm
2025-05-13	年次	前期	単体	実績		1株当たり純資産	NetAssetsPerShare	1850.13	JPYPerShares	1,850.13	PriorYearInstant_NonConsolidatedMember_ResultMember	/disc/18790/081220250512540726_tse-acedjpsm-18790-20250512540726-ixbrl.htm
2025-05-13	年次	当期	単体	実績		自己資本	OwnersEquity	116961000000	JPY	116,961	CurrentYearInstant_NonConsolidatedMember_ResultMember	/disc/18790/081220250512540726_tse-acedjpsm-18790-20250512540726-ixbrl.htm
2025-05-13	年次	前期	単体	実績		自己資本	OwnersEquity	108213000000	JPY	108,213	PriorYearInstant_NonConsolidatedMember_ResultMember	/disc/18790/081220250512540726_tse-acedjpsm-18790-20250512540726-ixbrl.htm
2025-05-13	年次	来期				将来情報の利用に関する注意	NotesForUsingForecastedInformationAndOthers			本資料に掲載されている業績予想等の将来に関する記述は、発表日現在で当社が入手可能な情報及び合理的であると判断する一定の前提に基づいて作成したものであります。実際の業績は今後様々な要因によって予想値と異なる場合があります。 なお、上記予想については、添付資料P.３「１．経営成績等の概況(４)今後の見通し」をご覧ください。	NextYearDuration	/disc/18790/081220250512540726_tse-acedjpsm-18790-20250512540726-ixbrl.htm
2025-05-13	年次	当期				決算期末	FiscalYearEnd			2025-03-31	CurrentYearInstant	/disc/18790/081220250512540726_tse-acedjpsm-18790-20250512540726-ixbrl.htm
2025-08-08	四半期	当期第1四半期累計				書類名	DocumentName			第1四半期決算短信〔日本基準〕（連結）	CurrentAccumulatedQ1Instant	/disc/18790/081220250805530852_tse-qcedjpsm-18790-20250805530852-ixbrl.htm
2025-08-08	四半期	当期第1四半期累計				提出日	FilingDate			2025年8月8日	CurrentAccumulatedQ1Instant	/disc/18790/081220250805530852_tse-qcedjpsm-18790-20250805530852-ixbrl.htm
2025-08-08	四半期	当期第1四半期累計				会社名	CompanyName			新日本建設株式会社	CurrentAccumulatedQ1Instant	/disc/18790/081220250805530852_tse-qcedjpsm-18790-20250805530852-ixbrl.htm
2025-08-08	四半期	当期第1四半期累計					TokyoStockExchange			東	CurrentAccumulatedQ1Instant	/disc/18790/081220250805530852_tse-qcedjpsm-18790-20250805530852-ixbrl.htm
2025-08-08	四半期	当期第1四半期累計				証券コード	SecuritiesCode			18790	CurrentAccumulatedQ1Instant	/disc/18790/081220250805530852_tse-qcedjpsm-18790-20250805530852-ixbrl.htm
2025-08-08	四半期	当期第1四半期累計				URL	URL			https://www.shinnihon-c.co.jp/	CurrentAccumulatedQ1Instant	/disc/18790/081220250805530852_tse-qcedjpsm-18790-20250805530852-ixbrl.htm
2025-08-08	四半期	当期第1四半期累計				代表者の役職	TitleRepresentative			代表取締役社長	CurrentAccumulatedQ1Instant	/disc/18790/081220250805530852_tse-qcedjpsm-18790-20250805530852-ixbrl.htm
2025-08-08	四半期	当期第1四半期累計				代表者名	NameRepresentative			高見 克司	CurrentAccumulatedQ1Instant	/disc/18790/081220250805530852_tse-qcedjpsm-18790-20250805530852-ixbrl.htm
2025-08-08	四半期	当期第1四半期累計					TitleInquiries			取締役専務執行役員管理本部長	CurrentAccumulatedQ1Instant	/disc/18790/081220250805530852_tse-qcedjpsm-18790-20250805530852-ixbrl.htm
2025-08-08	四半期	当期第1四半期累計					NameInquiries			高橋 苗樹	CurrentAccumulatedQ1Instant	/disc/18790/081220250805530852_tse-qcedjpsm-18790-20250805530852-ixbrl.htm
2025-08-08	四半期	当期第1四半期累計					Tel			043-213-1111	CurrentAccumulatedQ1Instant	/disc/18790/081220250805530852_tse-qcedjpsm-18790-20250805530852-ixbrl.htm
2025-08-08	四半期	当期第1四半期累計					SupplementalMaterialOfResults			無	CurrentAccumulatedQ1Instant	/disc/18790/081220250805530852_tse-qcedjpsm-18790-20250805530852-ixbrl.htm
2025-08-08	四半期	当期第1四半期累計					ConveningBriefingOfResults			無	CurrentAccumulatedQ1Instant	/disc/18790/081220250805530852_tse-qcedjpsm-18790-20250805530852-ixbrl.htm
2025-08-08	四半期	当期第1四半期累計					NoteToFractionProcessingMethod			（百万円未満切捨て）	CurrentAccumulatedQ1Instant	/disc/18790/081220250805530852_tse-qcedjpsm-18790-20250805530852-ixbrl.htm
2025-08-08	四半期	当期第1四半期累計	連結	実績		売上高	NetSales	25610000000	JPY	25,610	CurrentAccumulatedQ1Duration_ConsolidatedMember_ResultMember	/disc/18790/081220250805530852_tse-qcedjpsm-18790-20250805530852-ixbrl.htm
2025-08-08	四半期	当期第1四半期累計	連結	実績		売上高の増減率	ChangeInNetSales	0.200	Pure	20.0	CurrentAccumulatedQ1Duration_ConsolidatedMember_ResultMember	/disc/18790/081220250805530852_tse-qcedjpsm-18790-20250805530852-ixbrl.htm
2025-08-08	四半期	当期第1四半期累計	連結	実績		営業利益	OperatingIncome	3657000000	JPY	3,657	CurrentAccumulatedQ1Duration_ConsolidatedMember_ResultMember	/disc/18790/081220250805530852_tse-qcedjpsm-18790-20250805530852-ixbrl.htm
2025-08-08	四半期	当期第1四半期累計	連結	実績		営業利益の増減率	ChangeInOperatingIncome	0.925	Pure	92.5	CurrentAccumulatedQ1Duration_ConsolidatedMember_ResultMember	/disc/18790/081220250805530852_tse-qcedjpsm-18790-20250805530852-ixbrl.htm
2025-08-08	四半期	当期第1四半期累計	連結	実績		経常利益	OrdinaryIncome	3751000000	JPY	3,751	CurrentAccumulatedQ1Duration_ConsolidatedMember_ResultMember	/disc/18790/081220250805530852_tse-qcedjpsm-18790-20250805530852-ixbrl.htm
2025-08-08	四半期	当期第1四半期累計	連結	実績		経常利益の増減率	ChangeInOrdinaryIncome	0.959	Pure	95.9	CurrentAccumulatedQ1Duration_ConsolidatedMember_ResultMember	/disc/18790/081220250805530852_tse-qcedjpsm-18790-20250805530852-ixbrl.htm
2025-08-08	四半期	当期第1四半期累計	連結	実績		親会社株主に帰属する当期純利益	ProfitAttributableToOwnersOfParent	2666000000	JPY	2,666	CurrentAccumulatedQ1Duration_ConsolidatedMember_ResultMember	/disc/18790/081220250805530852_tse-qcedjpsm-18790-20250805530852-ixbrl.htm
2025-08-08	四半期	当期第1四半期累計	連結	実績		親会社株主に帰属する当期純利益の増減率	ChangeInProfitAttributableToOwnersOfParent	1.028	Pure	102.8	CurrentAccumulatedQ1Duration_ConsolidatedMember_ResultMember	/disc/18790/081220250805530852_tse-qcedjpsm-18790-20250805530852-ixbrl.htm
2025-08-08	四半期	前期第1四半期累計	連結	実績		売上高	NetSales	21347000000	JPY	21,347	PriorAccumulatedQ1Duration_ConsolidatedMember_ResultMember	/disc/18790/081220250805530852_tse-qcedjpsm-18790-20250805530852-ixbrl.htm
2025-08-08	四半期	前期第1四半期累計	連結	実績		売上高の増減率	ChangeInNetSales	0.045	Pure	4.5	PriorAccumulatedQ1Duration_ConsolidatedMember_ResultMember	/disc/18790/081220250805530852_tse-qcedjpsm-18790-20250805530852-ixbrl.htm
2025-08-08	四半期	前期第1四半期累計	連結	実績		営業利益	OperatingIncome	1900000000	JPY	1,900	PriorAccumulatedQ1Duration_ConsolidatedMember_ResultMember	/disc/18790/081220250805530852_tse-qcedjpsm-18790-20250805530852-ixbrl.htm
2025-08-08	四半期	前期第1四半期累計	連結	実績		営業利益の増減率	ChangeInOperatingIncome	-0.132	Pure	13.2	PriorAccumulatedQ1Duration_ConsolidatedMember_ResultMember	/disc/18790/081220250805530852_tse-qcedjpsm-18790-20250805530852-ixbrl.htm
2025-08-08	四半期	前期第1四半期累計	連結	実績		経常利益	OrdinaryIncome	1915000000	JPY	1,915	PriorAccumulatedQ1Duration_ConsolidatedMember_ResultMember	/disc/18790/081220250805530852_tse-qcedjpsm-18790-20250805530852-ixbrl.htm
2025-08-08	四半期	前期第1四半期累計	連結	実績		経常利益の増減率	ChangeInOrdinaryIncome	-0.154	Pure	15.4	PriorAccumulatedQ1Duration_ConsolidatedMember_ResultMember	/disc/18790/081220250805530852_tse-qcedjpsm-18790-20250805530852-ixbrl.htm
2025-08-08	四半期	前期第1四半期累計	連結	実績		親会社株主に帰属する当期純利益	ProfitAttributableToOwnersOfParent	1315000000	JPY	1,315	PriorAccumulatedQ1Duration_ConsolidatedMember_ResultMember	/disc/18790/081220250805530852_tse-qcedjpsm-18790-20250805530852-ixbrl.htm
2025-08-08	四半期	前期第1四半期累計	連結	実績		親会社株主に帰属する当期純利益の増減率	ChangeInProfitAttributableToOwnersOfParent	-0.151	Pure	15.1	PriorAccumulatedQ1Duration_ConsolidatedMember_ResultMember	/disc/18790/081220250805530852_tse-qcedjpsm-18790-20250805530852-ixbrl.htm
2025-08-08	四半期	当期第1四半期累計	連結	実績		包括利益	ComprehensiveIncome	2631000000	JPY	2,631	CurrentAccumulatedQ1Duration_ConsolidatedMember_ResultMember	/disc/18790/081220250805530852_tse-qcedjpsm-18790-20250805530852-ixbrl.htm
2025-08-08	四半期	当期第1四半期累計	連結	実績		包括利益の増減率	ChangeInComprehensiveIncome	0.866	Pure	86.6	CurrentAccumulatedQ1Duration_ConsolidatedMember_ResultMember	/disc/18790/081220250805530852_tse-qcedjpsm-18790-20250805530852-ixbrl.htm
2025-08-08	四半期	前期第1四半期累計	連結	実績		包括利益	ComprehensiveIncome	1410000000	JPY	1,410	PriorAccumulatedQ1Duration_ConsolidatedMember_ResultMember	/disc/18790/081220250805530852_tse-qcedjpsm-18790-20250805530852-ixbrl.htm
2025-08-08	四半期	前期第1四半期累計	連結	実績		包括利益の増減率	ChangeInComprehensiveIncome	-0.104	Pure	10.4	PriorAccumulatedQ1Duration_ConsolidatedMember_ResultMember	/disc/18790/081220250805530852_tse-qcedjpsm-18790-20250805530852-ixbrl.htm
2025-08-08	四半期	当期第1四半期累計	連結	実績		1株当たり当期純利益	NetIncomePerShare	45.59	JPYPerShares	45.59	CurrentAccumulatedQ1Duration_ConsolidatedMember_ResultMember	/disc/18790/081220250805530852_tse-qcedjpsm-18790-20250805530852-ixbrl.htm
2025-08-08	四半期	前期第1四半期累計	連結	実績		1株当たり当期純利益	NetIncomePerShare	22.48	JPYPerShares	22.48	PriorAccumulatedQ1Duration_ConsolidatedMember_ResultMember	/disc/18790/081220250805530852_tse-qcedjpsm-18790-20250805530852-ixbrl.htm
2025-08-08	四半期	当期第1四半期累計	連結	実績		総資産	TotalAssets	167972000000	JPY	167,972	CurrentAccumulatedQ1Instant_ConsolidatedMember_ResultMember	/disc/18790/081220250805530852_tse-qcedjpsm-18790-20250805530852-ixbrl.htm
2025-08-08	四半期	当期第1四半期累計	連結	実績		純資産	NetAssets	123189000000	JPY	123,189	CurrentAccumulatedQ1Instant_ConsolidatedMember_ResultMember	/disc/18790/081220250805530852_tse-qcedjpsm-18790-20250805530852-ixbrl.htm
2025-08-08	四半期	当期第1四半期累計	連結	実績		自己資本比率	CapitalAdequacyRatio	0.733	Pure	73.3	CurrentAccumulatedQ1Instant_ConsolidatedMember_ResultMember	/disc/18790/081220250805530852_tse-qcedjpsm-18790-20250805530852-ixbrl.htm
2025-08-08	四半期	前期	連結	実績		総資産	TotalAssets	172954000000	JPY	172,954	PriorYearInstant_ConsolidatedMember_ResultMember	/disc/18790/081220250805530852_tse-qcedjpsm-18790-20250805530852-ixbrl.htm
2025-08-08	四半期	前期	連結	実績		純資産	NetAssets	122313000000	JPY	122,313	PriorYearInstant_ConsolidatedMember_ResultMember	/disc/18790/081220250805530852_tse-qcedjpsm-18790-20250805530852-ixbrl.htm
2025-08-08	四半期	前期	連結	実績		自己資本比率	CapitalAdequacyRatio	0.707	Pure	70.7	PriorYearInstant_ConsolidatedMember_ResultMember	/disc/18790/081220250805530852_tse-qcedjpsm-18790-20250805530852-ixbrl.htm
2025-08-08	四半期	当期第1四半期累計	連結	実績		自己資本	OwnersEquity	123189000000	JPY	123,189	CurrentAccumulatedQ1Instant_ConsolidatedMember_ResultMember	/disc/18790/081220250805530852_tse-qcedjpsm-18790-20250805530852-ixbrl.htm
2025-08-08	四半期	前期	連結	実績		自己資本	OwnersEquity	122313000000	JPY	122,313	PriorYearInstant_ConsolidatedMember_ResultMember	/disc/18790/081220250805530852_tse-qcedjpsm-18790-20250805530852-ixbrl.htm
2025-08-08	四半期	前期	単体	実績	第2四半期末	1株当たり配当金	DividendPerShare	26.00	JPYPerShares	26.00	PriorYearDuration_SecondQuarterMember_NonConsolidatedMember_ResultMember	/disc/18790/081220250805530852_tse-qcedjpsm-18790-20250805530852-ixbrl.htm
2025-08-08	四半期	前期	単体	実績	期末	1株当たり配当金	DividendPerShare	30.00	JPYPerShares	30.00	PriorYearDuration_YearEndMember_NonConsolidatedMember_ResultMember	/disc/18790/081220250805530852_tse-qcedjpsm-18790-20250805530852-ixbrl.htm
2025-08-08	四半期	前期	単体	実績	合計	1株当たり配当金	DividendPerShare	56.00	JPYPerShares	56.00	PriorYearDuration_AnnualMember_NonConsolidatedMember_ResultMember	/disc/18790/081220250805530852_tse-qcedjpsm-18790-20250805530852-ixbrl.htm
2025-08-08	四半期	当期	単体	予想	第2四半期末	1株当たり配当金	DividendPerShare	28.00	JPYPerShares	28.00	CurrentYearDuration_SecondQuarterMember_NonConsolidatedMember_ForecastMember	/disc/18790/081220250805530852_tse-qcedjpsm-18790-20250805530852-ixbrl.htm
2025-08-08	四半期	当期	単体	予想	期末	1株当たり配当金	DividendPerShare	28.00	JPYPerShares	28.00	CurrentYearDuration_YearEndMember_NonConsolidatedMember_ForecastMember	/disc/18790/081220250805530852_tse-qcedjpsm-18790-20250805530852-ixbrl.htm
2025-08-08	四半期	当期	単体	予想	合計	1株当たり配当金	DividendPerShare	56.00	JPYPerShares	56.00	CurrentYearDuration_AnnualMember_NonConsolidatedMember_ForecastMember	/disc/18790/081220250805530852_tse-qcedjpsm-18790-20250805530852-ixbrl.htm
2025-08-08	四半期	当期	単体	実績	合計	当四半期における配当予想の修正	CorrectionOfDividendForecastInThisQuarter			無	CurrentYearDuration_AnnualMember_NonConsolidatedMember_ResultMember	/disc/18790/081220250805530852_tse-qcedjpsm-18790-20250805530852-ixbrl.htm
2025-08-08	四半期	当期第1四半期累計	単体	実績	合計	配当の注記	NoteToDividends			2025年３月期期末配当金の内訳 普通配当27円00銭 記念配当3円00銭	CurrentAccumulatedQ1Duration_AnnualMember_NonConsolidatedMember_ResultMember	/disc/18790/081220250805530852_tse-qcedjpsm-18790-20250805530852-ixbrl.htm
2025-08-08	四半期	当期	連結	予想		業績予想の見出し	TitleForForecasts			3. 2026年 3月期の連結業績予想（2025年 4月 1日～2026年 3月31日）	CurrentYearDuration_ConsolidatedMember_ForecastMember	/disc/18790/081220250805530852_tse-qcedjpsm-18790-20250805530852-ixbrl.htm
2025-08-08	四半期	当期	連結	予想		売上高	NetSales	135000000000	JPY	135,000	CurrentYearDuration_ConsolidatedMember_ForecastMember	/disc/18790/081220250805530852_tse-qcedjpsm-18790-20250805530852-ixbrl.htm
2025-08-08	四半期	当期	連結	予想		売上高の増減率	ChangeInNetSales	0.025	Pure	2.5	CurrentYearDuration_ConsolidatedMember_ForecastMember	/disc/18790/081220250805530852_tse-qcedjpsm-18790-20250805530852-ixbrl.htm
2025-08-08	四半期	当期	連結	予想		営業利益	OperatingIncome	18600000000	JPY	18,600	CurrentYearDuration_ConsolidatedMember_ForecastMember	/disc/18790/081220250805530852_tse-qcedjpsm-18790-20250805530852-ixbrl.htm
2025-08-08	四半期	当期	連結	予想		営業利益の増減率	ChangeInOperatingIncome	0.016	Pure	1.6	CurrentYearDuration_ConsolidatedMember_ForecastMember	/disc/18790/081220250805530852_tse-qcedjpsm-18790-20250805530852-ixbrl.htm
2025-08-08	四半期	当期	連結	予想		経常利益	OrdinaryIncome	18800000000	JPY	18,800	CurrentYearDuration_ConsolidatedMember_ForecastMember	/disc/18790/081220250805530852_tse-qcedjpsm-18790-20250805530852-ixbrl.htm
2025-08-08	四半期	当期	連結	予想		経常利益の増減率	ChangeInOrdinaryIncome	0.023	Pure	2.3	CurrentYearDuration_ConsolidatedMember_ForecastMember	/disc/18790/081220250805530852_tse-qcedjpsm-18790-20250805530852-ixbrl.htm
2025-08-08	四半期	当期	連結	予想		親会社株主に帰属する当期純利益	ProfitAttributableToOwnersOfParent	13100000000	JPY	13,100	CurrentYearDuration_ConsolidatedMember_ForecastMember	/disc/18790/081220250805530852_tse-qcedjpsm-18790-20250805530852-ixbrl.htm
2025-08-08	四半期	当期	連結	予想		親会社株主に帰属する当期純利益の増減率	ChangeInProfitAttributableToOwnersOfParent	0.022	Pure	2.2	CurrentYearDuration_ConsolidatedMember_ForecastMember	/disc/18790/081220250805530852_tse-qcedjpsm-18790-20250805530852-ixbrl.htm
2025-08-08	四半期	当期	連結	予想		1株当たり当期純利益	NetIncomePerShare	223.97	JPYPerShares	223.97	CurrentYearDuration_ConsolidatedMember_ForecastMember	/disc/18790/081220250805530852_tse-qcedjpsm-18790-20250805530852-ixbrl.htm
2025-08-08	四半期	当期	連結	予想		当四半期における業績予想の修正	CorrectionOfConsolidatedFinancialForecastInThisQuarter			無	CurrentYearDuration_ConsolidatedMember_ForecastMember	/disc/18790/081220250805530852_tse-qcedjpsm-18790-20250805530852-ixbrl.htm
2025-08-08	四半期	当期第1四半期累計	連結	実績		期中の連結範囲の重要な変更	SignificantChangesInTheScopeOfConsolidationDuringThePeriod			無	CurrentAccumulatedQ1Duration_ConsolidatedMember_ResultMember	/disc/18790/081220250805530852_tse-qcedjpsm-18790-20250805530852-ixbrl.htm
2025-08-08	四半期	当期第1四半期累計	連結	実績			ApplyingOfSpecificAccountingOfTheConsolidatedQuarterlyFinancialStatements			無	CurrentAccumulatedQ1Duration_ConsolidatedMember_ResultMember	/disc/18790/081220250805530852_tse-qcedjpsm-18790-20250805530852-ixbrl.htm
2025-08-08	四半期	当期第1四半期累計	連結	実績		会計基準等の改正に伴う変更	ChangesBasedOnRevisionsOfAccountingStandard			無	CurrentAccumulatedQ1Duration_ConsolidatedMember_ResultMember	/disc/18790/081220250805530852_tse-qcedjpsm-18790-20250805530852-ixbrl.htm
2025-08-08	四半期	当期第1四半期累計	連結	実績		それ以外の会計方針の変更	ChangesOtherThanOnesBasedOnRevisionsOfAccountingStandard			無	CurrentAccumulatedQ1Duration_ConsolidatedMember_ResultMember	/disc/18790/081220250805530852_tse-qcedjpsm-18790-20250805530852-ixbrl.htm
2025-08-08	四半期	当期第1四半期累計	連結	実績		会計上の見積りの変更	ChangesInAccountingEstimates			無	CurrentAccumulatedQ1Duration_ConsolidatedMember_ResultMember	/disc/18790/081220250805530852_tse-qcedjpsm-18790-20250805530852-ixbrl.htm
2025-08-08	四半期	当期第1四半期累計	連結	実績		修正再表示	RetrospectiveRestatement			無	CurrentAccumulatedQ1Duration_ConsolidatedMember_ResultMember	/disc/18790/081220250805530852_tse-qcedjpsm-18790-20250805530852-ixbrl.htm
2025-08-08	四半期	当期第1四半期累計	単体	実績		期末発行済株式数(自己株式を含む)	NumberOfIssuedAndOutstandingSharesAtTheEndOfFiscalYearIncludingTreasuryStock	61360720	Shares	61,360,720	CurrentAccumulatedQ1Instant_NonConsolidatedMember_ResultMember	/disc/18790/081220250805530852_tse-qcedjpsm-18790-20250805530852-ixbrl.htm
2025-08-08	四半期	前期	単体	実績		期末発行済株式数(自己株式を含む)	NumberOfIssuedAndOutstandingSharesAtTheEndOfFiscalYearIncludingTreasuryStock	61360720	Shares	61,360,720	PriorYearInstant_NonConsolidatedMember_ResultMember	/disc/18790/081220250805530852_tse-qcedjpsm-18790-20250805530852-ixbrl.htm
2025-08-08	四半期	当期第1四半期累計	単体	実績		期末自己株式数	NumberOfTreasuryStockAtTheEndOfFiscalYear	2871072	Shares	2,871,072	CurrentAccumulatedQ1Instant_NonConsolidatedMember_ResultMember	/disc/18790/081220250805530852_tse-qcedjpsm-18790-20250805530852-ixbrl.htm
2025-08-08	四半期	前期	単体	実績		期末自己株式数	NumberOfTreasuryStockAtTheEndOfFiscalYear	2871072	Shares	2,871,072	PriorYearInstant_NonConsolidatedMember_ResultMember	/disc/18790/081220250805530852_tse-qcedjpsm-18790-20250805530852-ixbrl.htm
2025-08-08	四半期	当期第1四半期累計	単体	実績		期中平均株式数	AverageNumberOfShares	58489648	Shares	58,489,648	CurrentAccumulatedQ1Duration_NonConsolidatedMember_ResultMember	/disc/18790/081220250805530852_tse-qcedjpsm-18790-20250805530852-ixbrl.htm
2025-08-08	四半期	前期第1四半期累計	単体	実績		期中平均株式数	AverageNumberOfShares	58489749	Shares	58,489,749	PriorAccumulatedQ1Duration_NonConsolidatedMember_ResultMember	/disc/18790/081220250805530852_tse-qcedjpsm-18790-20250805530852-ixbrl.htm
2025-08-08	四半期	当期第1四半期累計					ReviewOfAttachedConsolidatedQuarterlyFinancialStatementsByACertifiedPublicAccountantOrAnAuditFirm			無	CurrentAccumulatedQ1Duration	/disc/18790/081220250805530852_tse-qcedjpsm-18790-20250805530852-ixbrl.htm
2025-08-08	四半期	当期				将来情報の利用に関する注意	NotesForUsingForecastedInformationAndOthers			本資料に記載されている業績見通し等の将来に関する記述は、当社が現在入手している情報及び合理的であると判断する一定の前提に基づいており、その達成を当社として約束する趣旨のものではありません。また、実際の業績等は様々な要因により大きく異なる可能性があります。	CurrentYearDuration	/disc/18790/081220250805530852_tse-qcedjpsm-18790-20250805530852-ixbrl.htm
2025-08-08	四半期	当期				決算期末	FiscalYearEnd			2026-03-31	CurrentYearInstant	/disc/18790/081220250805530852_tse-qcedjpsm-18790-20250805530852-ixbrl.htm
2025-08-08	四半期	当期第1四半期累計				四半期	QuarterlyPeriod	1	Pure	1	CurrentAccumulatedQ1Instant	/disc/18790/081220250805530852_tse-qcedjpsm-18790-20250805530852-ixbrl.htm
2025-11-14	半期	当期第2四半期累計				書類名	DocumentName			第2四半期（中間期）決算短信〔日本基準〕（連結）	CurrentAccumulatedQ2Instant	/disc/18790/081220251113599558_tse-scedjpsy-18790-20251113599558-ixbrl.htm
2025-11-14	半期	当期第2四半期累計				提出日	FilingDate			2025年11月14日	CurrentAccumulatedQ2Instant	/disc/18790/081220251113599558_tse-scedjpsy-18790-20251113599558-ixbrl.htm
2025-11-14	半期	当期第2四半期累計				会社名	CompanyName			新日本建設株式会社	CurrentAccumulatedQ2Instant	/disc/18790/081220251113599558_tse-scedjpsy-18790-20251113599558-ixbrl.htm
2025-11-14	半期	当期第2四半期累計					TokyoStockExchange			東	CurrentAccumulatedQ2Instant	/disc/18790/081220251113599558_tse-scedjpsy-18790-20251113599558-ixbrl.htm
2025-11-14	半期	当期第2四半期累計				証券コード	SecuritiesCode			18790	CurrentAccumulatedQ2Instant	/disc/18790/081220251113599558_tse-scedjpsy-18790-20251113599558-ixbrl.htm
2025-11-14	半期	当期第2四半期累計				URL	URL			https://www.shinnihon-c.co.jp/	CurrentAccumulatedQ2Instant	/disc/18790/081220251113599558_tse-scedjpsy-18790-20251113599558-ixbrl.htm
2025-11-14	半期	当期第2四半期累計				代表者の役職	TitleRepresentative			代表取締役社長	CurrentAccumulatedQ2Instant	/disc/18790/081220251113599558_tse-scedjpsy-18790-20251113599558-ixbrl.htm
2025-11-14	半期	当期第2四半期累計				代表者名	NameRepresentative			高見 克司	CurrentAccumulatedQ2Instant	/disc/18790/081220251113599558_tse-scedjpsy-18790-20251113599558-ixbrl.htm
2025-11-14	半期	当期第2四半期累計					TitleInquiries			取締役専務執行役員管理本部長	CurrentAccumulatedQ2Instant	/disc/18790/081220251113599558_tse-scedjpsy-18790-20251113599558-ixbrl.htm
2025-11-14	半期	当期第2四半期累計					NameInquiries			高橋 苗樹	CurrentAccumulatedQ2Instant	/disc/18790/081220251113599558_tse-scedjpsy-18790-20251113599558-ixbrl.htm
2025-11-14	半期	当期第2四半期累計					Tel			043-213-1111	CurrentAccumulatedQ2Instant	/disc/18790/081220251113599558_tse-scedjpsy-18790-20251113599558-ixbrl.htm
2025-11-14	半期	当期第2四半期累計					SemiAnnualStatementFilingDateAsPlanned			2025年11月14日	CurrentAccumulatedQ2Instant	/disc/18790/081220251113599558_tse-scedjpsy-18790-20251113599558-ixbrl.htm
2025-11-14	半期	当期第2四半期累計					DividendPayableDateAsPlanned			2025年12月2日	CurrentAccumulatedQ2Instant	/disc/18790/081220251113599558_tse-scedjpsy-18790-20251113599558-ixbrl.htm
2025-11-14	半期	当期第2四半期累計					SupplementalMaterialOfResults			無	CurrentAccumulatedQ2Instant	/disc/18790/081220251113599558_tse-scedjpsy-18790-20251113599558-ixbrl.htm
2025-11-14	半期	当期第2四半期累計					ConveningBriefingOfResults			無	CurrentAccumulatedQ2Instant	/disc/18790/081220251113599558_tse-scedjpsy-18790-20251113599558-ixbrl.htm
2025-11-14	半期	当期第2四半期累計					NoteToFractionProcessingMethod			（百万円未満切捨て）	CurrentAccumulatedQ2Instant	/disc/18790/081220251113599558_tse-scedjpsy-18790-20251113599558-ixbrl.htm
2025-11-14	半期	当期第2四半期累計	連結	実績		売上高	NetSales	56010000000	JPY	56,010	CurrentAccumulatedQ2Duration_ConsolidatedMember_ResultMember	/disc/18790/081220251113599558_tse-scedjpsy-18790-20251113599558-ixbrl.htm
2025-11-14	半期	当期第2四半期累計	連結	実績		売上高の増減率	ChangeInNetSales	0.025	Pure	2.5	CurrentAccumulatedQ2Duration_ConsolidatedMember_ResultMember	/disc/18790/081220251113599558_tse-scedjpsy-18790-20251113599558-ixbrl.htm
2025-11-14	半期	当期第2四半期累計	連結	実績		営業利益	OperatingIncome	7199000000	JPY	7,199	CurrentAccumulatedQ2Duration_ConsolidatedMember_ResultMember	/disc/18790/081220251113599558_tse-scedjpsy-18790-20251113599558-ixbrl.htm
2025-11-14	半期	当期第2四半期累計	連結	実績		営業利益の増減率	ChangeInOperatingIncome	0.144	Pure	14.4	CurrentAccumulatedQ2Duration_ConsolidatedMember_ResultMember	/disc/18790/081220251113599558_tse-scedjpsy-18790-20251113599558-ixbrl.htm
2025-11-14	半期	当期第2四半期累計	連結	実績		経常利益	OrdinaryIncome	7390000000	JPY	7,390	CurrentAccumulatedQ2Duration_ConsolidatedMember_ResultMember	/disc/18790/081220251113599558_tse-scedjpsy-18790-20251113599558-ixbrl.htm
2025-11-14	半期	当期第2四半期累計	連結	実績		経常利益の増減率	ChangeInOrdinaryIncome	0.170	Pure	17.0	CurrentAccumulatedQ2Duration_ConsolidatedMember_ResultMember	/disc/18790/081220251113599558_tse-scedjpsy-18790-20251113599558-ixbrl.htm
2025-11-14	半期	当期第2四半期累計	連結	実績		親会社株主に帰属する当期純利益	ProfitAttributableToOwnersOfParent	5186000000	JPY	5,186	CurrentAccumulatedQ2Duration_ConsolidatedMember_ResultMember	/disc/18790/081220251113599558_tse-scedjpsy-18790-20251113599558-ixbrl.htm
2025-11-14	半期	当期第2四半期累計	連結	実績		親会社株主に帰属する当期純利益の増減率	ChangeInProfitAttributableToOwnersOfParent	0.191	Pure	19.1	CurrentAccumulatedQ2Duration_ConsolidatedMember_ResultMember	/disc/18790/081220251113599558_tse-scedjpsy-18790-20251113599558-ixbrl.htm
2025-11-14	半期	前期第2四半期累計	連結	実績		売上高	NetSales	54619000000	JPY	54,619	PriorAccumulatedQ2Duration_ConsolidatedMember_ResultMember	/disc/18790/081220251113599558_tse-scedjpsy-18790-20251113599558-ixbrl.htm
2025-11-14	半期	前期第2四半期累計	連結	実績		売上高の増減率	ChangeInNetSales	0.102	Pure	10.2	PriorAccumulatedQ2Duration_ConsolidatedMember_ResultMember	/disc/18790/081220251113599558_tse-scedjpsy-18790-20251113599558-ixbrl.htm
2025-11-14	半期	前期第2四半期累計	連結	実績		営業利益	OperatingIncome	6295000000	JPY	6,295	PriorAccumulatedQ2Duration_ConsolidatedMember_ResultMember	/disc/18790/081220251113599558_tse-scedjpsy-18790-20251113599558-ixbrl.htm
2025-11-14	半期	前期第2四半期累計	連結	実績		営業利益の増減率	ChangeInOperatingIncome	-0.044	Pure	4.4	PriorAccumulatedQ2Duration_ConsolidatedMember_ResultMember	/disc/18790/081220251113599558_tse-scedjpsy-18790-20251113599558-ixbrl.htm
2025-11-14	半期	前期第2四半期累計	連結	実績		経常利益	OrdinaryIncome	6314000000	JPY	6,314	PriorAccumulatedQ2Duration_ConsolidatedMember_ResultMember	/disc/18790/081220251113599558_tse-scedjpsy-18790-20251113599558-ixbrl.htm
2025-11-14	半期	前期第2四半期累計	連結	実績		経常利益の増減率	ChangeInOrdinaryIncome	-0.052	Pure	5.2	PriorAccumulatedQ2Duration_ConsolidatedMember_ResultMember	/disc/18790/081220251113599558_tse-scedjpsy-18790-20251113599558-ixbrl.htm
2025-11-14	半期	前期第2四半期累計	連結	実績		親会社株主に帰属する当期純利益	ProfitAttributableToOwnersOfParent	4353000000	JPY	4,353	PriorAccumulatedQ2Duration_ConsolidatedMember_ResultMember	/disc/18790/081220251113599558_tse-scedjpsy-18790-20251113599558-ixbrl.htm
2025-11-14	半期	前期第2四半期累計	連結	実績		親会社株主に帰属する当期純利益の増減率	ChangeInProfitAttributableToOwnersOfParent	-0.052	Pure	5.2	PriorAccumulatedQ2Duration_ConsolidatedMember_ResultMember	/disc/18790/081220251113599558_tse-scedjpsy-18790-20251113599558-ixbrl.htm
2025-11-14	半期	当期第2四半期累計	連結	実績		包括利益	ComprehensiveIncome	5299000000	JPY	5,299	CurrentAccumulatedQ2Duration_ConsolidatedMember_ResultMember	/disc/18790/081220251113599558_tse-scedjpsy-18790-20251113599558-ixbrl.htm
2025-11-14	半期	当期第2四半期累計	連結	実績		包括利益の増減率	ChangeInComprehensiveIncome	0.233	Pure	23.3	CurrentAccumulatedQ2Duration_ConsolidatedMember_ResultMember	/disc/18790/081220251113599558_tse-scedjpsy-18790-20251113599558-ixbrl.htm
2025-11-14	半期	前期第2四半期累計	連結	実績		包括利益	ComprehensiveIncome	4297000000	JPY	4,297	PriorAccumulatedQ2Duration_ConsolidatedMember_ResultMember	/disc/18790/081220251113599558_tse-scedjpsy-18790-20251113599558-ixbrl.htm
2025-11-14	半期	前期第2四半期累計	連結	実績		包括利益の増減率	ChangeInComprehensiveIncome	-0.096	Pure	9.6	PriorAccumulatedQ2Duration_ConsolidatedMember_ResultMember	/disc/18790/081220251113599558_tse-scedjpsy-18790-20251113599558-ixbrl.htm
2025-11-14	半期	当期第2四半期累計	連結	実績		1株当たり当期純利益	NetIncomePerShare	88.68	JPYPerShares	88.68	CurrentAccumulatedQ2Duration_ConsolidatedMember_ResultMember	/disc/18790/081220251113599558_tse-scedjpsy-18790-20251113599558-ixbrl.htm
2025-11-14	半期	前期第2四半期累計	連結	実績		1株当たり当期純利益	NetIncomePerShare	74.44	JPYPerShares	74.44	PriorAccumulatedQ2Duration_ConsolidatedMember_ResultMember	/disc/18790/081220251113599558_tse-scedjpsy-18790-20251113599558-ixbrl.htm
2025-11-14	半期	当期第2四半期累計	連結	実績		総資産	TotalAssets	172248000000	JPY	172,248	CurrentAccumulatedQ2Instant_ConsolidatedMember_ResultMember	/disc/18790/081220251113599558_tse-scedjpsy-18790-20251113599558-ixbrl.htm
2025-11-14	半期	当期第2四半期累計	連結	実績		純資産	NetAssets	125857000000	JPY	125,857	CurrentAccumulatedQ2Instant_ConsolidatedMember_ResultMember	/disc/18790/081220251113599558_tse-scedjpsy-18790-20251113599558-ixbrl.htm
2025-11-14	半期	当期第2四半期累計	連結	実績		自己資本比率	CapitalAdequacyRatio	0.731	Pure	73.1	CurrentAccumulatedQ2Instant_ConsolidatedMember_ResultMember	/disc/18790/081220251113599558_tse-scedjpsy-18790-20251113599558-ixbrl.htm
2025-11-14	半期	前期	連結	実績		総資産	TotalAssets	172954000000	JPY	172,954	PriorYearInstant_ConsolidatedMember_ResultMember	/disc/18790/081220251113599558_tse-scedjpsy-18790-20251113599558-ixbrl.htm
2025-11-14	半期	前期	連結	実績		純資産	NetAssets	122313000000	JPY	122,313	PriorYearInstant_ConsolidatedMember_ResultMember	/disc/18790/081220251113599558_tse-scedjpsy-18790-20251113599558-ixbrl.htm
2025-11-14	半期	前期	連結	実績		自己資本比率	CapitalAdequacyRatio	0.707	Pure	70.7	PriorYearInstant_ConsolidatedMember_ResultMember	/disc/18790/081220251113599558_tse-scedjpsy-18790-20251113599558-ixbrl.htm
2025-11-14	半期	当期第2四半期累計	連結	実績		自己資本	OwnersEquity	125857000000	JPY	125,857	CurrentAccumulatedQ2Instant_ConsolidatedMember_ResultMember	/disc/18790/081220251113599558_tse-scedjpsy-18790-20251113599558-ixbrl.htm
2025-11-14	半期	前期	連結	実績		自己資本	OwnersEquity	122313000000	JPY	122,313	PriorYearInstant_ConsolidatedMember_ResultMember	/disc/18790/081220251113599558_tse-scedjpsy-18790-20251113599558-ixbrl.htm
2025-11-14	半期	前期	単体	実績	第2四半期末	1株当たり配当金	DividendPerShare	26.00	JPYPerShares	26.00	PriorYearDuration_SecondQuarterMember_NonConsolidatedMember_ResultMember	/disc/18790/081220251113599558_tse-scedjpsy-18790-20251113599558-ixbrl.htm
2025-11-14	半期	前期	単体	実績	期末	1株当たり配当金	DividendPerShare	30.00	JPYPerShares	30.00	PriorYearDuration_YearEndMember_NonConsolidatedMember_ResultMember	/disc/18790/081220251113599558_tse-scedjpsy-18790-20251113599558-ixbrl.htm
2025-11-14	半期	前期	単体	実績	合計	1株当たり配当金	DividendPerShare	56.00	JPYPerShares	56.00	PriorYearDuration_AnnualMember_NonConsolidatedMember_ResultMember	/disc/18790/081220251113599558_tse-scedjpsy-18790-20251113599558-ixbrl.htm
2025-11-14	半期	当期	単体	実績	第2四半期末	1株当たり配当金	DividendPerShare	30.00	JPYPerShares	30.00	CurrentYearDuration_SecondQuarterMember_NonConsolidatedMember_ResultMember	/disc/18790/081220251113599558_tse-scedjpsy-18790-20251113599558-ixbrl.htm
2025-11-14	半期	当期	単体	予想	期末	1株当たり配当金	DividendPerShare	28.00	JPYPerShares	28.00	CurrentYearDuration_YearEndMember_NonConsolidatedMember_ForecastMember	/disc/18790/081220251113599558_tse-scedjpsy-18790-20251113599558-ixbrl.htm
2025-11-14	半期	当期	単体	予想	合計	1株当たり配当金	DividendPerShare	58.00	JPYPerShares	58.00	CurrentYearDuration_AnnualMember_NonConsolidatedMember_ForecastMember	/disc/18790/081220251113599558_tse-scedjpsy-18790-20251113599558-ixbrl.htm
2025-11-14	半期	当期	単体	実績	合計	当四半期における配当予想の修正	CorrectionOfDividendForecastInThisQuarter			無	CurrentYearDuration_AnnualMember_NonConsolidatedMember_ResultMember	/disc/18790/081220251113599558_tse-scedjpsy-18790-20251113599558-ixbrl.htm
2025-11-14	半期	当期第2四半期累計	単体	実績	合計	配当の注記	NoteToDividends			2025年３月期期末配当金の内訳 普通配当27円00銭 記念配当3円00銭	CurrentAccumulatedQ2Duration_AnnualMember_NonConsolidatedMember_ResultMember	/disc/18790/081220251113599558_tse-scedjpsy-18790-20251113599558-ixbrl.htm
2025-11-14	半期	当期	連結	予想		業績予想の見出し	TitleForForecasts			3. 2026年 3月期の連結業績予想（2025年 4月 1日～2026年 3月31日）	CurrentYearDuration_ConsolidatedMember_ForecastMember	/disc/18790/081220251113599558_tse-scedjpsy-18790-20251113599558-ixbrl.htm
2025-11-14	半期	当期	連結	予想		売上高	NetSales	135000000000	JPY	135,000	CurrentYearDuration_ConsolidatedMember_ForecastMember	/disc/18790/081220251113599558_tse-scedjpsy-18790-20251113599558-ixbrl.htm
2025-11-14	半期	当期	連結	予想		売上高の増減率	ChangeInNetSales	0.025	Pure	2.5	CurrentYearDuration_ConsolidatedMember_ForecastMember	/disc/18790/081220251113599558_tse-scedjpsy-18790-20251113599558-ixbrl.htm
2025-11-14	半期	当期	連結	予想		営業利益	OperatingIncome	18600000000	JPY	18,600	CurrentYearDuration_ConsolidatedMember_ForecastMember	/disc/18790/081220251113599558_tse-scedjpsy-18790-20251113599558-ixbrl.htm
2025-11-14	半期	当期	連結	予想		営業利益の増減率	ChangeInOperatingIncome	0.016	Pure	1.6	CurrentYearDuration_ConsolidatedMember_ForecastMember	/disc/18790/081220251113599558_tse-scedjpsy-18790-20251113599558-ixbrl.htm
2025-11-14	半期	当期	連結	予想		経常利益	OrdinaryIncome	18800000000	JPY	18,800	CurrentYearDuration_ConsolidatedMember_ForecastMember	/disc/18790/081220251113599558_tse-scedjpsy-18790-20251113599558-ixbrl.htm
2025-11-14	半期	当期	連結	予想		経常利益の増減率	ChangeInOrdinaryIncome	0.023	Pure	2.3	CurrentYearDuration_ConsolidatedMember_ForecastMember	/disc/18790/081220251113599558_tse-scedjpsy-18790-20251113599558-ixbrl.htm
2025-11-14	半期	当期	連結	予想		親会社株主に帰属する当期純利益	ProfitAttributableToOwnersOfParent	13100000000	JPY	13,100	CurrentYearDuration_ConsolidatedMember_ForecastMember	/disc/18790/081220251113599558_tse-scedjpsy-18790-20251113599558-ixbrl.htm
2025-11-14	半期	当期	連結	予想		親会社株主に帰属する当期純利益の増減率	ChangeInProfitAttributableToOwnersOfParent	0.022	Pure	2.2	CurrentYearDuration_ConsolidatedMember_ForecastMember	/disc/18790/081220251113599558_tse-scedjpsy-18790-20251113599558-ixbrl.htm
2025-11-14	半期	当期	連結	予想		1株当たり当期純利益	NetIncomePerShare	223.97	JPYPerShares	223.97	CurrentYearDuration_ConsolidatedMember_ForecastMember	/disc/18790/081220251113599558_tse-scedjpsy-18790-20251113599558-ixbrl.htm
2025-11-14	半期	当期	連結	予想		当四半期における業績予想の修正	CorrectionOfConsolidatedFinancialForecastInThisQuarter			無	CurrentYearDuration_ConsolidatedMember_ForecastMember	/disc/18790/081220251113599558_tse-scedjpsy-18790-20251113599558-ixbrl.htm
2025-11-14	半期	当期第2四半期累計	連結	実績		期中の連結範囲の重要な変更	SignificantChangesInTheScopeOfConsolidationDuringThePeriod			無	CurrentAccumulatedQ2Duration_ConsolidatedMember_ResultMember	/disc/18790/081220251113599558_tse-scedjpsy-18790-20251113599558-ixbrl.htm
2025-11-14	半期	当期第2四半期累計	連結	実績			ApplyingOfSpecificAccountingOfTheConsolidatedSemiAnnualFinancialStatements			無	CurrentAccumulatedQ2Duration_ConsolidatedMember_ResultMember	/disc/18790/081220251113599558_tse-scedjpsy-18790-20251113599558-ixbrl.htm
2025-11-14	半期	当期第2四半期累計	連結	実績		会計基準等の改正に伴う変更	ChangesBasedOnRevisionsOfAccountingStandard			無	CurrentAccumulatedQ2Duration_ConsolidatedMember_ResultMember	/disc/18790/081220251113599558_tse-scedjpsy-18790-20251113599558-ixbrl.htm
2025-11-14	半期	当期第2四半期累計	連結	実績		それ以外の会計方針の変更	ChangesOtherThanOnesBasedOnRevisionsOfAccountingStandard			無	CurrentAccumulatedQ2Duration_ConsolidatedMember_ResultMember	/disc/18790/081220251113599558_tse-scedjpsy-18790-20251113599558-ixbrl.htm
2025-11-14	半期	当期第2四半期累計	連結	実績		会計上の見積りの変更	ChangesInAccountingEstimates			無	CurrentAccumulatedQ2Duration_ConsolidatedMember_ResultMember	/disc/18790/081220251113599558_tse-scedjpsy-18790-20251113599558-ixbrl.htm
2025-11-14	半期	当期第2四半期累計	連結	実績		修正再表示	RetrospectiveRestatement			無	CurrentAccumulatedQ2Duration_ConsolidatedMember_ResultMember	/disc/18790/081220251113599558_tse-scedjpsy-18790-20251113599558-ixbrl.htm
2025-11-14	半期	当期第2四半期累計	単体	実績		期末発行済株式数(自己株式を含む)	NumberOfIssuedAndOutstandingSharesAtTheEndOfFiscalYearIncludingTreasuryStock	61360720	Shares	61,360,720	CurrentAccumulatedQ2Instant_NonConsolidatedMember_ResultMember	/disc/18790/081220251113599558_tse-scedjpsy-18790-20251113599558-ixbrl.htm
2025-11-14	半期	前期	単体	実績		期末発行済株式数(自己株式を含む)	NumberOfIssuedAndOutstandingSharesAtTheEndOfFiscalYearIncludingTreasuryStock	61360720	Shares	61,360,720	PriorYearInstant_NonConsolidatedMember_ResultMember	/disc/18790/081220251113599558_tse-scedjpsy-18790-20251113599558-ixbrl.htm
2025-11-14	半期	当期第2四半期累計	単体	実績		期末自己株式数	NumberOfTreasuryStockAtTheEndOfFiscalYear	2871080	Shares	2,871,080	CurrentAccumulatedQ2Instant_NonConsolidatedMember_ResultMember	/disc/18790/081220251113599558_tse-scedjpsy-18790-20251113599558-ixbrl.htm
2025-11-14	半期	前期	単体	実績		期末自己株式数	NumberOfTreasuryStockAtTheEndOfFiscalYear	2871072	Shares	2,871,072	PriorYearInstant_NonConsolidatedMember_ResultMember	/disc/18790/081220251113599558_tse-scedjpsy-18790-20251113599558-ixbrl.htm
2025-11-14	半期	当期第2四半期累計	単体	実績		期中平均株式数	AverageNumberOfShares	58489646	Shares	58,489,646	CurrentAccumulatedQ2Duration_NonConsolidatedMember_ResultMember	/disc/18790/081220251113599558_tse-scedjpsy-18790-20251113599558-ixbrl.htm
2025-11-14	半期	前期第2四半期累計	単体	実績		期中平均株式数	AverageNumberOfShares	58489736	Shares	58,489,736	PriorAccumulatedQ2Duration_NonConsolidatedMember_ResultMember	/disc/18790/081220251113599558_tse-scedjpsy-18790-20251113599558-ixbrl.htm
2025-11-14	半期	当期				将来情報の利用に関する注意	NotesForUsingForecastedInformationAndOthers			本資料に記載されている業績見通し等の将来に関する記述は、当社が現在入手している情報及び合理的であると判断する一定の前提に基づいており、その達成を当社として約束する趣旨のものではありません。また、実際の業績等は様々な要因により大きく異なる可能性があります。	CurrentYearDuration	/disc/18790/081220251113599558_tse-scedjpsy-18790-20251113599558-ixbrl.htm
2025-11-14	半期	当期				決算期末	FiscalYearEnd			2026-03-31	CurrentYearInstant	/disc/18790/081220251113599558_tse-scedjpsy-18790-20251113599558-ixbrl.htm
2025-11-14	半期	当期第2四半期累計				四半期	QuarterlyPeriod	2	Pure	2	CurrentAccumulatedQ2Instant	/disc/18790/081220251113599558_tse-scedjpsy-18790-20251113599558-ixbrl.htm
2026-02-12	四半期	当期第3四半期累計				書類名	DocumentName			第3四半期決算短信〔日本基準〕（連結）	CurrentAccumulatedQ3Instant	/disc/18790/081220260209552219_tse-qcedjpsm-18790-20260209552219-ixbrl.htm
2026-02-12	四半期	当期第3四半期累計				提出日	FilingDate			2026年2月12日	CurrentAccumulatedQ3Instant	/disc/18790/081220260209552219_tse-qcedjpsm-18790-20260209552219-ixbrl.htm
2026-02-12	四半期	当期第3四半期累計				会社名	CompanyName			新日本建設株式会社	CurrentAccumulatedQ3Instant	/disc/18790/081220260209552219_tse-qcedjpsm-18790-20260209552219-ixbrl.htm
2026-02-12	四半期	当期第3四半期累計					TokyoStockExchange			東	CurrentAccumulatedQ3Instant	/disc/18790/081220260209552219_tse-qcedjpsm-18790-20260209552219-ixbrl.htm
2026-02-12	四半期	当期第3四半期累計				証券コード	SecuritiesCode			18790	CurrentAccumulatedQ3Instant	/disc/18790/081220260209552219_tse-qcedjpsm-18790-20260209552219-ixbrl.htm
2026-02-12	四半期	当期第3四半期累計				URL	URL			https://www.shinnihon-c.co.jp/	CurrentAccumulatedQ3Instant	/disc/18790/081220260209552219_tse-qcedjpsm-18790-20260209552219-ixbrl.htm
2026-02-12	四半期	当期第3四半期累計				代表者の役職	TitleRepresentative			代表取締役社長	CurrentAccumulatedQ3Instant	/disc/18790/081220260209552219_tse-qcedjpsm-18790-20260209552219-ixbrl.htm
2026-02-12	四半期	当期第3四半期累計				代表者名	NameRepresentative			高見 克司	CurrentAccumulatedQ3Instant	/disc/18790/081220260209552219_tse-qcedjpsm-18790-20260209552219-ixbrl.htm
2026-02-12	四半期	当期第3四半期累計					TitleInquiries			取締役専務執行役員管理本部長	CurrentAccumulatedQ3Instant	/disc/18790/081220260209552219_tse-qcedjpsm-18790-20260209552219-ixbrl.htm
2026-02-12	四半期	当期第3四半期累計					NameInquiries			高橋 苗樹	CurrentAccumulatedQ3Instant	/disc/18790/081220260209552219_tse-qcedjpsm-18790-20260209552219-ixbrl.htm
2026-02-12	四半期	当期第3四半期累計					Tel			043-213-1111	CurrentAccumulatedQ3Instant	/disc/18790/081220260209552219_tse-qcedjpsm-18790-20260209552219-ixbrl.htm
2026-02-12	四半期	当期第3四半期累計					SupplementalMaterialOfResults			無	CurrentAccumulatedQ3Instant	/disc/18790/081220260209552219_tse-qcedjpsm-18790-20260209552219-ixbrl.htm
2026-02-12	四半期	当期第3四半期累計					ConveningBriefingOfResults			無	CurrentAccumulatedQ3Instant	/disc/18790/081220260209552219_tse-qcedjpsm-18790-20260209552219-ixbrl.htm
2026-02-12	四半期	当期第3四半期累計					NoteToFractionProcessingMethod			（百万円未満切捨て）	CurrentAccumulatedQ3Instant	/disc/18790/081220260209552219_tse-qcedjpsm-18790-20260209552219-ixbrl.htm
2026-02-12	四半期	当期第3四半期累計	連結	実績		売上高	NetSales	87542000000	JPY	87,542	CurrentAccumulatedQ3Duration_ConsolidatedMember_ResultMember	/disc/18790/081220260209552219_tse-qcedjpsm-18790-20260209552219-ixbrl.htm
2026-02-12	四半期	当期第3四半期累計	連結	実績		売上高の増減率	ChangeInNetSales	0.043	Pure	4.3	CurrentAccumulatedQ3Duration_ConsolidatedMember_ResultMember	/disc/18790/081220260209552219_tse-qcedjpsm-18790-20260209552219-ixbrl.htm
2026-02-12	四半期	当期第3四半期累計	連結	実績		営業利益	OperatingIncome	10973000000	JPY	10,973	CurrentAccumulatedQ3Duration_ConsolidatedMember_ResultMember	/disc/18790/081220260209552219_tse-qcedjpsm-18790-20260209552219-ixbrl.htm
2026-02-12	四半期	当期第3四半期累計	連結	実績		営業利益の増減率	ChangeInOperatingIncome	0.113	Pure	11.3	CurrentAccumulatedQ3Duration_ConsolidatedMember_ResultMember	/disc/18790/081220260209552219_tse-qcedjpsm-18790-20260209552219-ixbrl.htm
2026-02-12	四半期	当期第3四半期累計	連結	実績		経常利益	OrdinaryIncome	11250000000	JPY	11,250	CurrentAccumulatedQ3Duration_ConsolidatedMember_ResultMember	/disc/18790/081220260209552219_tse-qcedjpsm-18790-20260209552219-ixbrl.htm
2026-02-12	四半期	当期第3四半期累計	連結	実績		経常利益の増減率	ChangeInOrdinaryIncome	0.137	Pure	13.7	CurrentAccumulatedQ3Duration_ConsolidatedMember_ResultMember	/disc/18790/081220260209552219_tse-qcedjpsm-18790-20260209552219-ixbrl.htm
2026-02-12	四半期	当期第3四半期累計	連結	実績		親会社株主に帰属する当期純利益	ProfitAttributableToOwnersOfParent	7881000000	JPY	7,881	CurrentAccumulatedQ3Duration_ConsolidatedMember_ResultMember	/disc/18790/081220260209552219_tse-qcedjpsm-18790-20260209552219-ixbrl.htm
2026-02-12	四半期	当期第3四半期累計	連結	実績		親会社株主に帰属する当期純利益の増減率	ChangeInProfitAttributableToOwnersOfParent	0.155	Pure	15.5	CurrentAccumulatedQ3Duration_ConsolidatedMember_ResultMember	/disc/18790/081220260209552219_tse-qcedjpsm-18790-20260209552219-ixbrl.htm
2026-02-12	四半期	前期第3四半期累計	連結	実績		売上高	NetSales	83911000000	JPY	83,911	PriorAccumulatedQ3Duration_ConsolidatedMember_ResultMember	/disc/18790/081220260209552219_tse-qcedjpsm-18790-20260209552219-ixbrl.htm
2026-02-12	四半期	前期第3四半期累計	連結	実績		売上高の増減率	ChangeInNetSales	0.042	Pure	4.2	PriorAccumulatedQ3Duration_ConsolidatedMember_ResultMember	/disc/18790/081220260209552219_tse-qcedjpsm-18790-20260209552219-ixbrl.htm
2026-02-12	四半期	前期第3四半期累計	連結	実績		営業利益	OperatingIncome	9857000000	JPY	9,857	PriorAccumulatedQ3Duration_ConsolidatedMember_ResultMember	/disc/18790/081220260209552219_tse-qcedjpsm-18790-20260209552219-ixbrl.htm
2026-02-12	四半期	前期第3四半期累計	連結	実績		営業利益の増減率	ChangeInOperatingIncome	-0.018	Pure	1.8	PriorAccumulatedQ3Duration_ConsolidatedMember_ResultMember	/disc/18790/081220260209552219_tse-qcedjpsm-18790-20260209552219-ixbrl.htm
2026-02-12	四半期	前期第3四半期累計	連結	実績		経常利益	OrdinaryIncome	9892000000	JPY	9,892	PriorAccumulatedQ3Duration_ConsolidatedMember_ResultMember	/disc/18790/081220260209552219_tse-qcedjpsm-18790-20260209552219-ixbrl.htm
2026-02-12	四半期	前期第3四半期累計	連結	実績		経常利益の増減率	ChangeInOrdinaryIncome	-0.023	Pure	2.3	PriorAccumulatedQ3Duration_ConsolidatedMember_ResultMember	/disc/18790/081220260209552219_tse-qcedjpsm-18790-20260209552219-ixbrl.htm
2026-02-12	四半期	前期第3四半期累計	連結	実績		親会社株主に帰属する当期純利益	ProfitAttributableToOwnersOfParent	6821000000	JPY	6,821	PriorAccumulatedQ3Duration_ConsolidatedMember_ResultMember	/disc/18790/081220260209552219_tse-qcedjpsm-18790-20260209552219-ixbrl.htm
2026-02-12	四半期	前期第3四半期累計	連結	実績		親会社株主に帰属する当期純利益の増減率	ChangeInProfitAttributableToOwnersOfParent	-0.024	Pure	2.4	PriorAccumulatedQ3Duration_ConsolidatedMember_ResultMember	/disc/18790/081220260209552219_tse-qcedjpsm-18790-20260209552219-ixbrl.htm
2026-02-12	四半期	当期第3四半期累計	連結	実績		包括利益	ComprehensiveIncome	8114000000	JPY	8,114	CurrentAccumulatedQ3Duration_ConsolidatedMember_ResultMember	/disc/18790/081220260209552219_tse-qcedjpsm-18790-20260209552219-ixbrl.htm
2026-02-12	四半期	当期第3四半期累計	連結	実績		包括利益の増減率	ChangeInComprehensiveIncome	0.187	Pure	18.7	CurrentAccumulatedQ3Duration_ConsolidatedMember_ResultMember	/disc/18790/081220260209552219_tse-qcedjpsm-18790-20260209552219-ixbrl.htm
2026-02-12	四半期	前期第3四半期累計	連結	実績		包括利益	ComprehensiveIncome	6838000000	JPY	6,838	PriorAccumulatedQ3Duration_ConsolidatedMember_ResultMember	/disc/18790/081220260209552219_tse-qcedjpsm-18790-20260209552219-ixbrl.htm
2026-02-12	四半期	前期第3四半期累計	連結	実績		包括利益の増減率	ChangeInComprehensiveIncome	-0.039	Pure	3.9	PriorAccumulatedQ3Duration_ConsolidatedMember_ResultMember	/disc/18790/081220260209552219_tse-qcedjpsm-18790-20260209552219-ixbrl.htm
2026-02-12	四半期	当期第3四半期累計	連結	実績		1株当たり当期純利益	NetIncomePerShare	134.75	JPYPerShares	134.75	CurrentAccumulatedQ3Duration_ConsolidatedMember_ResultMember	/disc/18790/081220260209552219_tse-qcedjpsm-18790-20260209552219-ixbrl.htm
2026-02-12	四半期	前期第3四半期累計	連結	実績		1株当たり当期純利益	NetIncomePerShare	116.63	JPYPerShares	116.63	PriorAccumulatedQ3Duration_ConsolidatedMember_ResultMember	/disc/18790/081220260209552219_tse-qcedjpsm-18790-20260209552219-ixbrl.htm
2026-02-12	四半期	当期第3四半期累計	連結	実績		総資産	TotalAssets	172270000000	JPY	172,270	CurrentAccumulatedQ3Instant_ConsolidatedMember_ResultMember	/disc/18790/081220260209552219_tse-qcedjpsm-18790-20260209552219-ixbrl.htm
2026-02-12	四半期	当期第3四半期累計	連結	実績		純資産	NetAssets	126918000000	JPY	126,918	CurrentAccumulatedQ3Instant_ConsolidatedMember_ResultMember	/disc/18790/081220260209552219_tse-qcedjpsm-18790-20260209552219-ixbrl.htm
2026-02-12	四半期	当期第3四半期累計	連結	実績		自己資本比率	CapitalAdequacyRatio	0.737	Pure	73.7	CurrentAccumulatedQ3Instant_ConsolidatedMember_ResultMember	/disc/18790/081220260209552219_tse-qcedjpsm-18790-20260209552219-ixbrl.htm
2026-02-12	四半期	前期	連結	実績		総資産	TotalAssets	172954000000	JPY	172,954	PriorYearInstant_ConsolidatedMember_ResultMember	/disc/18790/081220260209552219_tse-qcedjpsm-18790-20260209552219-ixbrl.htm
2026-02-12	四半期	前期	連結	実績		純資産	NetAssets	122313000000	JPY	122,313	PriorYearInstant_ConsolidatedMember_ResultMember	/disc/18790/081220260209552219_tse-qcedjpsm-18790-20260209552219-ixbrl.htm
2026-02-12	四半期	前期	連結	実績		自己資本比率	CapitalAdequacyRatio	0.707	Pure	70.7	PriorYearInstant_ConsolidatedMember_ResultMember	/disc/18790/081220260209552219_tse-qcedjpsm-18790-20260209552219-ixbrl.htm
2026-02-12	四半期	当期第3四半期累計	連結	実績		自己資本	OwnersEquity	126918000000	JPY	126,918	CurrentAccumulatedQ3Instant_ConsolidatedMember_ResultMember	/disc/18790/081220260209552219_tse-qcedjpsm-18790-20260209552219-ixbrl.htm
2026-02-12	四半期	前期	連結	実績		自己資本	OwnersEquity	122313000000	JPY	122,313	PriorYearInstant_ConsolidatedMember_ResultMember	/disc/18790/081220260209552219_tse-qcedjpsm-18790-20260209552219-ixbrl.htm
2026-02-12	四半期	前期	単体	実績	第2四半期末	1株当たり配当金	DividendPerShare	26.00	JPYPerShares	26.00	PriorYearDuration_SecondQuarterMember_NonConsolidatedMember_ResultMember	/disc/18790/081220260209552219_tse-qcedjpsm-18790-20260209552219-ixbrl.htm
2026-02-12	四半期	前期	単体	実績	期末	1株当たり配当金	DividendPerShare	30.00	JPYPerShares	30.00	PriorYearDuration_YearEndMember_NonConsolidatedMember_ResultMember	/disc/18790/081220260209552219_tse-qcedjpsm-18790-20260209552219-ixbrl.htm
2026-02-12	四半期	前期	単体	実績	合計	1株当たり配当金	DividendPerShare	56.00	JPYPerShares	56.00	PriorYearDuration_AnnualMember_NonConsolidatedMember_ResultMember	/disc/18790/081220260209552219_tse-qcedjpsm-18790-20260209552219-ixbrl.htm
2026-02-12	四半期	当期	単体	実績	第2四半期末	1株当たり配当金	DividendPerShare	30.00	JPYPerShares	30.00	CurrentYearDuration_SecondQuarterMember_NonConsolidatedMember_ResultMember	/disc/18790/081220260209552219_tse-qcedjpsm-18790-20260209552219-ixbrl.htm
2026-02-12	四半期	当期	単体	予想	期末	1株当たり配当金	DividendPerShare	28.00	JPYPerShares	28.00	CurrentYearDuration_YearEndMember_NonConsolidatedMember_ForecastMember	/disc/18790/081220260209552219_tse-qcedjpsm-18790-20260209552219-ixbrl.htm
2026-02-12	四半期	当期	単体	予想	合計	1株当たり配当金	DividendPerShare	58.00	JPYPerShares	58.00	CurrentYearDuration_AnnualMember_NonConsolidatedMember_ForecastMember	/disc/18790/081220260209552219_tse-qcedjpsm-18790-20260209552219-ixbrl.htm
2026-02-12	四半期	当期	単体	実績	合計	当四半期における配当予想の修正	CorrectionOfDividendForecastInThisQuarter			無	CurrentYearDuration_AnnualMember_NonConsolidatedMember_ResultMember	/disc/18790/081220260209552219_tse-qcedjpsm-18790-20260209552219-ixbrl.htm
2026-02-12	四半期	当期第3四半期累計	単体	実績	合計	配当の注記	NoteToDividends			2025年３月期期末配当金の内訳 普通配当27円00銭 記念配当3円00銭	CurrentAccumulatedQ3Duration_AnnualMember_NonConsolidatedMember_ResultMember	/disc/18790/081220260209552219_tse-qcedjpsm-18790-20260209552219-ixbrl.htm
2026-02-12	四半期	当期	連結	予想		業績予想の見出し	TitleForForecasts			3. 2026年 3月期の連結業績予想（2025年 4月 1日～2026年 3月31日）	CurrentYearDuration_ConsolidatedMember_ForecastMember	/disc/18790/081220260209552219_tse-qcedjpsm-18790-20260209552219-ixbrl.htm
2026-02-12	四半期	当期	連結	予想		売上高	NetSales	135000000000	JPY	135,000	CurrentYearDuration_ConsolidatedMember_ForecastMember	/disc/18790/081220260209552219_tse-qcedjpsm-18790-20260209552219-ixbrl.htm
2026-02-12	四半期	当期	連結	予想		売上高の増減率	ChangeInNetSales	0.025	Pure	2.5	CurrentYearDuration_ConsolidatedMember_ForecastMember	/disc/18790/081220260209552219_tse-qcedjpsm-18790-20260209552219-ixbrl.htm
2026-02-12	四半期	当期	連結	予想		営業利益	OperatingIncome	18600000000	JPY	18,600	CurrentYearDuration_ConsolidatedMember_ForecastMember	/disc/18790/081220260209552219_tse-qcedjpsm-18790-20260209552219-ixbrl.htm
2026-02-12	四半期	当期	連結	予想		営業利益の増減率	ChangeInOperatingIncome	0.016	Pure	1.6	CurrentYearDuration_ConsolidatedMember_ForecastMember	/disc/18790/081220260209552219_tse-qcedjpsm-18790-20260209552219-ixbrl.htm
2026-02-12	四半期	当期	連結	予想		経常利益	OrdinaryIncome	18800000000	JPY	18,800	CurrentYearDuration_ConsolidatedMember_ForecastMember	/disc/18790/081220260209552219_tse-qcedjpsm-18790-20260209552219-ixbrl.htm
2026-02-12	四半期	当期	連結	予想		経常利益の増減率	ChangeInOrdinaryIncome	0.023	Pure	2.3	CurrentYearDuration_ConsolidatedMember_ForecastMember	/disc/18790/081220260209552219_tse-qcedjpsm-18790-20260209552219-ixbrl.htm
2026-02-12	四半期	当期	連結	予想		親会社株主に帰属する当期純利益	ProfitAttributableToOwnersOfParent	13100000000	JPY	13,100	CurrentYearDuration_ConsolidatedMember_ForecastMember	/disc/18790/081220260209552219_tse-qcedjpsm-18790-20260209552219-ixbrl.htm
2026-02-12	四半期	当期	連結	予想		親会社株主に帰属する当期純利益の増減率	ChangeInProfitAttributableToOwnersOfParent	0.022	Pure	2.2	CurrentYearDuration_ConsolidatedMember_ForecastMember	/disc/18790/081220260209552219_tse-qcedjpsm-18790-20260209552219-ixbrl.htm
2026-02-12	四半期	当期	連結	予想		1株当たり当期純利益	NetIncomePerShare	223.97	JPYPerShares	223.97	CurrentYearDuration_ConsolidatedMember_ForecastMember	/disc/18790/081220260209552219_tse-qcedjpsm-18790-20260209552219-ixbrl.htm
2026-02-12	四半期	当期	連結	予想		当四半期における業績予想の修正	CorrectionOfConsolidatedFinancialForecastInThisQuarter			無	CurrentYearDuration_ConsolidatedMember_ForecastMember	/disc/18790/081220260209552219_tse-qcedjpsm-18790-20260209552219-ixbrl.htm
2026-02-12	四半期	当期第3四半期累計	連結	実績		期中の連結範囲の重要な変更	SignificantChangesInTheScopeOfConsolidationDuringThePeriod			無	CurrentAccumulatedQ3Duration_ConsolidatedMember_ResultMember	/disc/18790/081220260209552219_tse-qcedjpsm-18790-20260209552219-ixbrl.htm
2026-02-12	四半期	当期第3四半期累計	連結	実績			ApplyingOfSpecificAccountingOfTheConsolidatedQuarterlyFinancialStatements			無	CurrentAccumulatedQ3Duration_ConsolidatedMember_ResultMember	/disc/18790/081220260209552219_tse-qcedjpsm-18790-20260209552219-ixbrl.htm
2026-02-12	四半期	当期第3四半期累計	連結	実績		会計基準等の改正に伴う変更	ChangesBasedOnRevisionsOfAccountingStandard			無	CurrentAccumulatedQ3Duration_ConsolidatedMember_ResultMember	/disc/18790/081220260209552219_tse-qcedjpsm-18790-20260209552219-ixbrl.htm
2026-02-12	四半期	当期第3四半期累計	連結	実績		それ以外の会計方針の変更	ChangesOtherThanOnesBasedOnRevisionsOfAccountingStandard			無	CurrentAccumulatedQ3Duration_ConsolidatedMember_ResultMember	/disc/18790/081220260209552219_tse-qcedjpsm-18790-20260209552219-ixbrl.htm
2026-02-12	四半期	当期第3四半期累計	連結	実績		会計上の見積りの変更	ChangesInAccountingEstimates			無	CurrentAccumulatedQ3Duration_ConsolidatedMember_ResultMember	/disc/18790/081220260209552219_tse-qcedjpsm-18790-20260209552219-ixbrl.htm
2026-02-12	四半期	当期第3四半期累計	連結	実績		修正再表示	RetrospectiveRestatement			無	CurrentAccumulatedQ3Duration_ConsolidatedMember_ResultMember	/disc/18790/081220260209552219_tse-qcedjpsm-18790-20260209552219-ixbrl.htm
2026-02-12	四半期	当期第3四半期累計	単体	実績		期末発行済株式数(自己株式を含む)	NumberOfIssuedAndOutstandingSharesAtTheEndOfFiscalYearIncludingTreasuryStock	61360720	Shares	61,360,720	CurrentAccumulatedQ3Instant_NonConsolidatedMember_ResultMember	/disc/18790/081220260209552219_tse-qcedjpsm-18790-20260209552219-ixbrl.htm
2026-02-12	四半期	前期	単体	実績		期末発行済株式数(自己株式を含む)	NumberOfIssuedAndOutstandingSharesAtTheEndOfFiscalYearIncludingTreasuryStock	61360720	Shares	61,360,720	PriorYearInstant_NonConsolidatedMember_ResultMember	/disc/18790/081220260209552219_tse-qcedjpsm-18790-20260209552219-ixbrl.htm
2026-02-12	四半期	当期第3四半期累計	単体	実績		期末自己株式数	NumberOfTreasuryStockAtTheEndOfFiscalYear	2871136	Shares	2,871,136	CurrentAccumulatedQ3Instant_NonConsolidatedMember_ResultMember	/disc/18790/081220260209552219_tse-qcedjpsm-18790-20260209552219-ixbrl.htm
2026-02-12	四半期	前期	単体	実績		期末自己株式数	NumberOfTreasuryStockAtTheEndOfFiscalYear	2871072	Shares	2,871,072	PriorYearInstant_NonConsolidatedMember_ResultMember	/disc/18790/081220260209552219_tse-qcedjpsm-18790-20260209552219-ixbrl.htm
2026-02-12	四半期	当期第3四半期累計	単体	実績		期中平均株式数	AverageNumberOfShares	58489635	Shares	58,489,635	CurrentAccumulatedQ3Duration_NonConsolidatedMember_ResultMember	/disc/18790/081220260209552219_tse-qcedjpsm-18790-20260209552219-ixbrl.htm
2026-02-12	四半期	前期第3四半期累計	単体	実績		期中平均株式数	AverageNumberOfShares	58489727	Shares	58,489,727	PriorAccumulatedQ3Duration_NonConsolidatedMember_ResultMember	/disc/18790/081220260209552219_tse-qcedjpsm-18790-20260209552219-ixbrl.htm
2026-02-12	四半期	当期第3四半期累計					ReviewOfAttachedConsolidatedQuarterlyFinancialStatementsByACertifiedPublicAccountantOrAnAuditFirm			無	CurrentAccumulatedQ3Duration	/disc/18790/081220260209552219_tse-qcedjpsm-18790-20260209552219-ixbrl.htm
2026-02-12	四半期	当期				将来情報の利用に関する注意	NotesForUsingForecastedInformationAndOthers			本資料に記載されている業績見通し等の将来に関する記述は、当社が現在入手している情報及び合理的であると判断する一定の前提に基づいており、その達成を当社として約束する趣旨のものではありません。また、実際の業績等は様々な要因により大きく異なる可能性があります。	CurrentYearDuration	/disc/18790/081220260209552219_tse-qcedjpsm-18790-20260209552219-ixbrl.htm
2026-02-12	四半期	当期				決算期末	FiscalYearEnd			2026-03-31	CurrentYearInstant	/disc/18790/081220260209552219_tse-qcedjpsm-18790-20260209552219-ixbrl.htm
2026-02-12	四半期	当期第3四半期累計				四半期	QuarterlyPeriod	3	Pure	3	CurrentAccumulatedQ3Instant	/disc/18790/081220260209552219_tse-qcedjpsm-18790-20260209552219-ixbrl.htm
2026-05-12	年次	当期				書類名	DocumentName			決算短信〔日本基準〕（連結）	CurrentYearInstant	/disc/18790/081220260508520099_tse-acedjpsm-18790-20260508520099-ixbrl.htm
2026-05-12	年次	当期				提出日	FilingDate			2026年5月12日	CurrentYearInstant	/disc/18790/081220260508520099_tse-acedjpsm-18790-20260508520099-ixbrl.htm
2026-05-12	年次	当期				会社名	CompanyName			新日本建設株式会社	CurrentYearInstant	/disc/18790/081220260508520099_tse-acedjpsm-18790-20260508520099-ixbrl.htm
2026-05-12	年次	当期					TokyoStockExchange			東	CurrentYearInstant	/disc/18790/081220260508520099_tse-acedjpsm-18790-20260508520099-ixbrl.htm
2026-05-12	年次	当期				証券コード	SecuritiesCode			18790	CurrentYearInstant	/disc/18790/081220260508520099_tse-acedjpsm-18790-20260508520099-ixbrl.htm
2026-05-12	年次	当期				URL	URL			https://www.shinnihon-c.co.jp/	CurrentYearInstant	/disc/18790/081220260508520099_tse-acedjpsm-18790-20260508520099-ixbrl.htm
2026-05-12	年次	当期				代表者の役職	TitleRepresentative			代表取締役社長	CurrentYearInstant	/disc/18790/081220260508520099_tse-acedjpsm-18790-20260508520099-ixbrl.htm
2026-05-12	年次	当期				代表者名	NameRepresentative			高見 克司	CurrentYearInstant	/disc/18790/081220260508520099_tse-acedjpsm-18790-20260508520099-ixbrl.htm
2026-05-12	年次	当期					TitleInquiries			取締役専務執行役員管理本部長	CurrentYearInstant	/disc/18790/081220260508520099_tse-acedjpsm-18790-20260508520099-ixbrl.htm
2026-05-12	年次	当期					NameInquiries			高橋 苗樹	CurrentYearInstant	/disc/18790/081220260508520099_tse-acedjpsm-18790-20260508520099-ixbrl.htm
2026-05-12	年次	当期					Tel			043-213-1111	CurrentYearInstant	/disc/18790/081220260508520099_tse-acedjpsm-18790-20260508520099-ixbrl.htm
2026-05-12	年次	当期					DateOfGeneralShareholdersMeetingAsPlanned			2026年6月26日	CurrentYearInstant	/disc/18790/081220260508520099_tse-acedjpsm-18790-20260508520099-ixbrl.htm
2026-05-12	年次	当期					DividendPayableDateAsPlanned			2026年6月29日	CurrentYearInstant	/disc/18790/081220260508520099_tse-acedjpsm-18790-20260508520099-ixbrl.htm
2026-05-12	年次	当期					AnnualSecuritiesReportFilingDateAsPlanned			2026年6月25日	CurrentYearInstant	/disc/18790/081220260508520099_tse-acedjpsm-18790-20260508520099-ixbrl.htm
2026-05-12	年次	当期					SupplementalMaterialOfAnnualResults			有	CurrentYearInstant	/disc/18790/081220260508520099_tse-acedjpsm-18790-20260508520099-ixbrl.htm
2026-05-12	年次	当期					ConveningBriefingOfAnnualResults			有	CurrentYearInstant	/disc/18790/081220260508520099_tse-acedjpsm-18790-20260508520099-ixbrl.htm
2026-05-12	年次	当期					TargetAudienceBriefingOfAnnualResults			(機関投資家・金融機関向け)	CurrentYearInstant	/disc/18790/081220260508520099_tse-acedjpsm-18790-20260508520099-ixbrl.htm
2026-05-12	年次	当期					NoteToFractionProcessingMethod			（百万円未満切捨て）	CurrentYearInstant	/disc/18790/081220260508520099_tse-acedjpsm-18790-20260508520099-ixbrl.htm
2026-05-12	年次	当期	連結	実績		売上高	NetSales	138428000000	JPY	138,428	CurrentYearDuration_ConsolidatedMember_ResultMember	/disc/18790/081220260508520099_tse-acedjpsm-18790-20260508520099-ixbrl.htm
2026-05-12	年次	当期	連結	実績		売上高の増減率	ChangeInNetSales	0.051	Pure	5.1	CurrentYearDuration_ConsolidatedMember_ResultMember	/disc/18790/081220260508520099_tse-acedjpsm-18790-20260508520099-ixbrl.htm
2026-05-12	年次	当期	連結	実績		営業利益	OperatingIncome	20405000000	JPY	20,405	CurrentYearDuration_ConsolidatedMember_ResultMember	/disc/18790/081220260508520099_tse-acedjpsm-18790-20260508520099-ixbrl.htm
2026-05-12	年次	当期	連結	実績		営業利益の増減率	ChangeInOperatingIncome	0.114	Pure	11.4	CurrentYearDuration_ConsolidatedMember_ResultMember	/disc/18790/081220260508520099_tse-acedjpsm-18790-20260508520099-ixbrl.htm
2026-05-12	年次	当期	連結	実績		経常利益	OrdinaryIncome	20771000000	JPY	20,771	CurrentYearDuration_ConsolidatedMember_ResultMember	/disc/18790/081220260508520099_tse-acedjpsm-18790-20260508520099-ixbrl.htm
2026-05-12	年次	当期	連結	実績		経常利益の増減率	ChangeInOrdinaryIncome	0.131	Pure	13.1	CurrentYearDuration_ConsolidatedMember_ResultMember	/disc/18790/081220260508520099_tse-acedjpsm-18790-20260508520099-ixbrl.htm
2026-05-12	年次	当期	連結	実績		親会社株主に帰属する当期純利益	ProfitAttributableToOwnersOfParent	15224000000	JPY	15,224	CurrentYearDuration_ConsolidatedMember_ResultMember	/disc/18790/081220260508520099_tse-acedjpsm-18790-20260508520099-ixbrl.htm
2026-05-12	年次	当期	連結	実績		親会社株主に帰属する当期純利益の増減率	ChangeInProfitAttributableToOwnersOfParent	0.188	Pure	18.8	CurrentYearDuration_ConsolidatedMember_ResultMember	/disc/18790/081220260508520099_tse-acedjpsm-18790-20260508520099-ixbrl.htm
2026-05-12	年次	前期	連結	実績		売上高	NetSales	131662000000	JPY	131,662	PriorYearDuration_ConsolidatedMember_ResultMember	/disc/18790/081220260508520099_tse-acedjpsm-18790-20260508520099-ixbrl.htm
2026-05-12	年次	前期	連結	実績		売上高の増減率	ChangeInNetSales	-0.014	Pure	1.4	PriorYearDuration_ConsolidatedMember_ResultMember	/disc/18790/081220260508520099_tse-acedjpsm-18790-20260508520099-ixbrl.htm
2026-05-12	年次	前期	連結	実績		営業利益	OperatingIncome	18310000000	JPY	18,310	PriorYearDuration_ConsolidatedMember_ResultMember	/disc/18790/081220260508520099_tse-acedjpsm-18790-20260508520099-ixbrl.htm
2026-05-12	年次	前期	連結	実績		営業利益の増減率	ChangeInOperatingIncome	0.042	Pure	4.2	PriorYearDuration_ConsolidatedMember_ResultMember	/disc/18790/081220260508520099_tse-acedjpsm-18790-20260508520099-ixbrl.htm
2026-05-12	年次	前期	連結	実績		経常利益	OrdinaryIncome	18369000000	JPY	18,369	PriorYearDuration_ConsolidatedMember_ResultMember	/disc/18790/081220260508520099_tse-acedjpsm-18790-20260508520099-ixbrl.htm
2026-05-12	年次	前期	連結	実績		経常利益の増減率	ChangeInOrdinaryIncome	0.040	Pure	4.0	PriorYearDuration_ConsolidatedMember_ResultMember	/disc/18790/081220260508520099_tse-acedjpsm-18790-20260508520099-ixbrl.htm
2026-05-12	年次	前期	連結	実績		親会社株主に帰属する当期純利益	ProfitAttributableToOwnersOfParent	12816000000	JPY	12,816	PriorYearDuration_ConsolidatedMember_ResultMember	/disc/18790/081220260508520099_tse-acedjpsm-18790-20260508520099-ixbrl.htm
2026-05-12	年次	前期	連結	実績		親会社株主に帰属する当期純利益の増減率	ChangeInProfitAttributableToOwnersOfParent	0.043	Pure	4.3	PriorYearDuration_ConsolidatedMember_ResultMember	/disc/18790/081220260508520099_tse-acedjpsm-18790-20260508520099-ixbrl.htm
2026-05-12	年次	当期	連結	実績		包括利益	ComprehensiveIncome	15744000000	JPY	15,744	CurrentYearDuration_ConsolidatedMember_ResultMember	/disc/18790/081220260508520099_tse-acedjpsm-18790-20260508520099-ixbrl.htm
2026-05-12	年次	当期	連結	実績		包括利益の増減率	ChangeInComprehensiveIncome	0.215	Pure	21.5	CurrentYearDuration_ConsolidatedMember_ResultMember	/disc/18790/081220260508520099_tse-acedjpsm-18790-20260508520099-ixbrl.htm
2026-05-12	年次	前期	連結	実績		包括利益	ComprehensiveIncome	12960000000	JPY	12,960	PriorYearDuration_ConsolidatedMember_ResultMember	/disc/18790/081220260508520099_tse-acedjpsm-18790-20260508520099-ixbrl.htm
2026-05-12	年次	前期	連結	実績		包括利益の増減率	ChangeInComprehensiveIncome	0.034	Pure	3.4	PriorYearDuration_ConsolidatedMember_ResultMember	/disc/18790/081220260508520099_tse-acedjpsm-18790-20260508520099-ixbrl.htm
2026-05-12	年次	当期	連結	実績		1株当たり当期純利益	NetIncomePerShare	260.30	JPYPerShares	260.30	CurrentYearDuration_ConsolidatedMember_ResultMember	/disc/18790/081220260508520099_tse-acedjpsm-18790-20260508520099-ixbrl.htm
2026-05-12	年次	当期	連結	実績		自己資本当期純利益率(ROE)	NetIncomeToShareholdersEquityRatio	0.119	Pure	11.9	CurrentYearDuration_ConsolidatedMember_ResultMember	/disc/18790/081220260508520099_tse-acedjpsm-18790-20260508520099-ixbrl.htm
2026-05-12	年次	当期	連結	実績		総資産経常利益率(ROA)	OrdinaryIncomeToTotalAssetsRatio	0.116	Pure	11.6	CurrentYearDuration_ConsolidatedMember_ResultMember	/disc/18790/081220260508520099_tse-acedjpsm-18790-20260508520099-ixbrl.htm
2026-05-12	年次	当期	連結	実績		売上高営業利益率	OperatingIncomeToNetSalesRatio	0.147	Pure	14.7	CurrentYearDuration_ConsolidatedMember_ResultMember	/disc/18790/081220260508520099_tse-acedjpsm-18790-20260508520099-ixbrl.htm
2026-05-12	年次	前期	連結	実績		1株当たり当期純利益	NetIncomePerShare	219.13	JPYPerShares	219.13	PriorYearDuration_ConsolidatedMember_ResultMember	/disc/18790/081220260508520099_tse-acedjpsm-18790-20260508520099-ixbrl.htm
2026-05-12	年次	前期	連結	実績		自己資本当期純利益率(ROE)	NetIncomeToShareholdersEquityRatio	0.109	Pure	10.9	PriorYearDuration_ConsolidatedMember_ResultMember	/disc/18790/081220260508520099_tse-acedjpsm-18790-20260508520099-ixbrl.htm
2026-05-12	年次	前期	連結	実績		総資産経常利益率(ROA)	OrdinaryIncomeToTotalAssetsRatio	0.108	Pure	10.8	PriorYearDuration_ConsolidatedMember_ResultMember	/disc/18790/081220260508520099_tse-acedjpsm-18790-20260508520099-ixbrl.htm
2026-05-12	年次	前期	連結	実績		売上高営業利益率	OperatingIncomeToNetSalesRatio	0.139	Pure	13.9	PriorYearDuration_ConsolidatedMember_ResultMember	/disc/18790/081220260508520099_tse-acedjpsm-18790-20260508520099-ixbrl.htm
2026-05-12	年次	当期	連結	実績		総資産	TotalAssets	185296000000	JPY	185,296	CurrentYearInstant_ConsolidatedMember_ResultMember	/disc/18790/081220260508520099_tse-acedjpsm-18790-20260508520099-ixbrl.htm
2026-05-12	年次	当期	連結	実績		純資産	NetAssets	134547000000	JPY	134,547	CurrentYearInstant_ConsolidatedMember_ResultMember	/disc/18790/081220260508520099_tse-acedjpsm-18790-20260508520099-ixbrl.htm
2026-05-12	年次	当期	連結	実績		自己資本比率	CapitalAdequacyRatio	0.726	Pure	72.6	CurrentYearInstant_ConsolidatedMember_ResultMember	/disc/18790/081220260508520099_tse-acedjpsm-18790-20260508520099-ixbrl.htm
2026-05-12	年次	当期	連結	実績		1株当たり純資産	NetAssetsPerShare	2300.37	JPYPerShares	2,300.37	CurrentYearInstant_ConsolidatedMember_ResultMember	/disc/18790/081220260508520099_tse-acedjpsm-18790-20260508520099-ixbrl.htm
2026-05-12	年次	前期	連結	実績		総資産	TotalAssets	172954000000	JPY	172,954	PriorYearInstant_ConsolidatedMember_ResultMember	/disc/18790/081220260508520099_tse-acedjpsm-18790-20260508520099-ixbrl.htm
2026-05-12	年次	前期	連結	実績		純資産	NetAssets	122313000000	JPY	122,313	PriorYearInstant_ConsolidatedMember_ResultMember	/disc/18790/081220260508520099_tse-acedjpsm-18790-20260508520099-ixbrl.htm
2026-05-12	年次	前期	連結	実績		自己資本比率	CapitalAdequacyRatio	0.707	Pure	70.7	PriorYearInstant_ConsolidatedMember_ResultMember	/disc/18790/081220260508520099_tse-acedjpsm-18790-20260508520099-ixbrl.htm
2026-05-12	年次	前期	連結	実績		1株当たり純資産	NetAssetsPerShare	2091.19	JPYPerShares	2,091.19	PriorYearInstant_ConsolidatedMember_ResultMember	/disc/18790/081220260508520099_tse-acedjpsm-18790-20260508520099-ixbrl.htm
2026-05-12	年次	当期	連結	実績		自己資本	OwnersEquity	134547000000	JPY	134,547	CurrentYearInstant_ConsolidatedMember_ResultMember	/disc/18790/081220260508520099_tse-acedjpsm-18790-20260508520099-ixbrl.htm
2026-05-12	年次	前期	連結	実績		自己資本	OwnersEquity	122313000000	JPY	122,313	PriorYearInstant_ConsolidatedMember_ResultMember	/disc/18790/081220260508520099_tse-acedjpsm-18790-20260508520099-ixbrl.htm
2026-05-12	年次	当期	連結	実績		営業キャッシュフロー	CashFlowsFromOperatingActivities	17244000000	JPY	17,244	CurrentYearDuration_ConsolidatedMember_ResultMember	/disc/18790/081220260508520099_tse-acedjpsm-18790-20260508520099-ixbrl.htm
2026-05-12	年次	当期	連結	実績		投資キャッシュフロー	CashFlowsFromInvestingActivities	-7555000000	JPY	7,555	CurrentYearDuration_ConsolidatedMember_ResultMember	/disc/18790/081220260508520099_tse-acedjpsm-18790-20260508520099-ixbrl.htm
2026-05-12	年次	当期	連結	実績		財務キャッシュフロー	CashFlowsFromFinancingActivities	-3517000000	JPY	3,517	CurrentYearDuration_ConsolidatedMember_ResultMember	/disc/18790/081220260508520099_tse-acedjpsm-18790-20260508520099-ixbrl.htm
2026-05-12	年次	当期	連結	実績		現金及び現金同等物の期末残高	CashAndEquivalentsEndOfPeriod	54824000000	JPY	54,824	CurrentYearInstant_ConsolidatedMember_ResultMember	/disc/18790/081220260508520099_tse-acedjpsm-18790-20260508520099-ixbrl.htm
2026-05-12	年次	前期	連結	実績		営業キャッシュフロー	CashFlowsFromOperatingActivities	2654000000	JPY	2,654	PriorYearDuration_ConsolidatedMember_ResultMember	/disc/18790/081220260508520099_tse-acedjpsm-18790-20260508520099-ixbrl.htm
2026-05-12	年次	前期	連結	実績		投資キャッシュフロー	CashFlowsFromInvestingActivities	-34434000000	JPY	34,434	PriorYearDuration_ConsolidatedMember_ResultMember	/disc/18790/081220260508520099_tse-acedjpsm-18790-20260508520099-ixbrl.htm
2026-05-12	年次	前期	連結	実績		財務キャッシュフロー	CashFlowsFromFinancingActivities	-3740000000	JPY	3,740	PriorYearDuration_ConsolidatedMember_ResultMember	/disc/18790/081220260508520099_tse-acedjpsm-18790-20260508520099-ixbrl.htm
2026-05-12	年次	前期	連結	実績		現金及び現金同等物の期末残高	CashAndEquivalentsEndOfPeriod	48653000000	JPY	48,653	PriorYearInstant_ConsolidatedMember_ResultMember	/disc/18790/081220260508520099_tse-acedjpsm-18790-20260508520099-ixbrl.htm
2026-05-12	年次	当期	連結	実績			NoteToCashFlows			(注) 2025年３月期における投資活動によるキャッシュ・フローの主な変動要因は、定期預金（３か月超１年以内）の預入による支出34,000百万円によるものであります。	CurrentYearDuration_ConsolidatedMember_ResultMember	/disc/18790/081220260508520099_tse-acedjpsm-18790-20260508520099-ixbrl.htm
2026-05-12	年次	前期	単体	実績	第2四半期末	1株当たり配当金	DividendPerShare	26.00	JPYPerShares	26.00	PriorYearDuration_SecondQuarterMember_NonConsolidatedMember_ResultMember	/disc/18790/081220260508520099_tse-acedjpsm-18790-20260508520099-ixbrl.htm
2026-05-12	年次	前期	単体	実績	期末	1株当たり配当金	DividendPerShare	30.00	JPYPerShares	30.00	PriorYearDuration_YearEndMember_NonConsolidatedMember_ResultMember	/disc/18790/081220260508520099_tse-acedjpsm-18790-20260508520099-ixbrl.htm
2026-05-12	年次	前期	単体	実績	合計	1株当たり配当金	DividendPerShare	56.00	JPYPerShares	56.00	PriorYearDuration_AnnualMember_NonConsolidatedMember_ResultMember	/disc/18790/081220260508520099_tse-acedjpsm-18790-20260508520099-ixbrl.htm
2026-05-12	年次	前期	単体	実績	合計	配当金総額	TotalDividendPaidAnnual	3275000000	JPY	3,275	PriorYearDuration_AnnualMember_NonConsolidatedMember_ResultMember	/disc/18790/081220260508520099_tse-acedjpsm-18790-20260508520099-ixbrl.htm
2026-05-12	年次	前期	連結	実績	合計	配当性向	PayoutRatio	0.256	Pure	25.6	PriorYearDuration_AnnualMember_ConsolidatedMember_ResultMember	/disc/18790/081220260508520099_tse-acedjpsm-18790-20260508520099-ixbrl.htm
2026-05-12	年次	前期	連結	実績	合計	純資産配当率	RatioOfTotalAmountOfDividendsToNetAssets	0.028	Pure	2.8	PriorYearDuration_AnnualMember_ConsolidatedMember_ResultMember	/disc/18790/081220260508520099_tse-acedjpsm-18790-20260508520099-ixbrl.htm
2026-05-12	年次	当期	単体	実績	第2四半期末	1株当たり配当金	DividendPerShare	30.00	JPYPerShares	30.00	CurrentYearDuration_SecondQuarterMember_NonConsolidatedMember_ResultMember	/disc/18790/081220260508520099_tse-acedjpsm-18790-20260508520099-ixbrl.htm
2026-05-12	年次	当期	単体	実績	期末	1株当たり配当金	DividendPerShare	37.00	JPYPerShares	37.00	CurrentYearDuration_YearEndMember_NonConsolidatedMember_ResultMember	/disc/18790/081220260508520099_tse-acedjpsm-18790-20260508520099-ixbrl.htm
2026-05-12	年次	当期	単体	実績	合計	1株当たり配当金	DividendPerShare	67.00	JPYPerShares	67.00	CurrentYearDuration_AnnualMember_NonConsolidatedMember_ResultMember	/disc/18790/081220260508520099_tse-acedjpsm-18790-20260508520099-ixbrl.htm
2026-05-12	年次	当期	単体	実績	合計	配当金総額	TotalDividendPaidAnnual	3918000000	JPY	3,918	CurrentYearDuration_AnnualMember_NonConsolidatedMember_ResultMember	/disc/18790/081220260508520099_tse-acedjpsm-18790-20260508520099-ixbrl.htm
2026-05-12	年次	当期	連結	実績	合計	配当性向	PayoutRatio	0.257	Pure	25.7	CurrentYearDuration_AnnualMember_ConsolidatedMember_ResultMember	/disc/18790/081220260508520099_tse-acedjpsm-18790-20260508520099-ixbrl.htm
2026-05-12	年次	当期	連結	実績	合計	純資産配当率	RatioOfTotalAmountOfDividendsToNetAssets	0.031	Pure	3.1	CurrentYearDuration_AnnualMember_ConsolidatedMember_ResultMember	/disc/18790/081220260508520099_tse-acedjpsm-18790-20260508520099-ixbrl.htm
2026-05-12	年次	来期	単体	予想	第2四半期末	1株当たり配当金	DividendPerShare	38.00	JPYPerShares	38.00	NextYearDuration_SecondQuarterMember_NonConsolidatedMember_ForecastMember	/disc/18790/081220260508520099_tse-acedjpsm-18790-20260508520099-ixbrl.htm
2026-05-12	年次	来期	単体	予想	期末	1株当たり配当金	DividendPerShare	39.00	JPYPerShares	39.00	NextYearDuration_YearEndMember_NonConsolidatedMember_ForecastMember	/disc/18790/081220260508520099_tse-acedjpsm-18790-20260508520099-ixbrl.htm
2026-05-12	年次	来期	単体	予想	合計	1株当たり配当金	DividendPerShare	77.00	JPYPerShares	77.00	NextYearDuration_AnnualMember_NonConsolidatedMember_ForecastMember	/disc/18790/081220260508520099_tse-acedjpsm-18790-20260508520099-ixbrl.htm
2026-05-12	年次	来期	連結	予想	合計	配当性向	PayoutRatio	0.257	Pure	25.7	NextYearDuration_AnnualMember_ConsolidatedMember_ForecastMember	/disc/18790/081220260508520099_tse-acedjpsm-18790-20260508520099-ixbrl.htm
2026-05-12	年次	当期	単体	実績	合計	配当の注記	NoteToDividends			(注) 2025年３月期期末配当金の内訳 普通配当27円00銭 記念配当3円00銭	CurrentYearDuration_AnnualMember_NonConsolidatedMember_ResultMember	/disc/18790/081220260508520099_tse-acedjpsm-18790-20260508520099-ixbrl.htm
2026-05-12	年次	来期	連結	予想		業績予想の見出し	TitleForForecasts			3. 2027年 3月期の連結業績予想（2026年 4月 1日～2027年 3月31日）	NextYearDuration_ConsolidatedMember_ForecastMember	/disc/18790/081220260508520099_tse-acedjpsm-18790-20260508520099-ixbrl.htm
2026-05-12	年次	来期	連結	予想		売上高	NetSales	156000000000	JPY	156,000	NextYearDuration_ConsolidatedMember_ForecastMember	/disc/18790/081220260508520099_tse-acedjpsm-18790-20260508520099-ixbrl.htm
2026-05-12	年次	来期	連結	予想		売上高の増減率	ChangeInNetSales	0.127	Pure	12.7	NextYearDuration_ConsolidatedMember_ForecastMember	/disc/18790/081220260508520099_tse-acedjpsm-18790-20260508520099-ixbrl.htm
2026-05-12	年次	来期	連結	予想		営業利益	OperatingIncome	25500000000	JPY	25,500	NextYearDuration_ConsolidatedMember_ForecastMember	/disc/18790/081220260508520099_tse-acedjpsm-18790-20260508520099-ixbrl.htm
2026-05-12	年次	来期	連結	予想		営業利益の増減率	ChangeInOperatingIncome	0.250	Pure	25.0	NextYearDuration_ConsolidatedMember_ForecastMember	/disc/18790/081220260508520099_tse-acedjpsm-18790-20260508520099-ixbrl.htm
2026-05-12	年次	来期	連結	予想		経常利益	OrdinaryIncome	26000000000	JPY	26,000	NextYearDuration_ConsolidatedMember_ForecastMember	/disc/18790/081220260508520099_tse-acedjpsm-18790-20260508520099-ixbrl.htm
2026-05-12	年次	来期	連結	予想		経常利益の増減率	ChangeInOrdinaryIncome	0.252	Pure	25.2	NextYearDuration_ConsolidatedMember_ForecastMember	/disc/18790/081220260508520099_tse-acedjpsm-18790-20260508520099-ixbrl.htm
2026-05-12	年次	来期	連結	予想		親会社株主に帰属する当期純利益	ProfitAttributableToOwnersOfParent	17500000000	JPY	17,500	NextYearDuration_ConsolidatedMember_ForecastMember	/disc/18790/081220260508520099_tse-acedjpsm-18790-20260508520099-ixbrl.htm
2026-05-12	年次	来期	連結	予想		親会社株主に帰属する当期純利益の増減率	ChangeInProfitAttributableToOwnersOfParent	0.149	Pure	14.9	NextYearDuration_ConsolidatedMember_ForecastMember	/disc/18790/081220260508520099_tse-acedjpsm-18790-20260508520099-ixbrl.htm
2026-05-12	年次	来期	連結	予想		1株当たり当期純利益	NetIncomePerShare	299.20	JPYPerShares	299.20	NextYearDuration_ConsolidatedMember_ForecastMember	/disc/18790/081220260508520099_tse-acedjpsm-18790-20260508520099-ixbrl.htm
2026-05-12	年次	当期	連結	実績		期中の連結範囲の重要な変更	SignificantChangesInTheScopeOfConsolidationDuringThePeriod			無	CurrentYearDuration_ConsolidatedMember_ResultMember	/disc/18790/081220260508520099_tse-acedjpsm-18790-20260508520099-ixbrl.htm
2026-05-12	年次	当期	連結	実績		会計基準等の改正に伴う変更	ChangesBasedOnRevisionsOfAccountingStandard			無	CurrentYearDuration_ConsolidatedMember_ResultMember	/disc/18790/081220260508520099_tse-acedjpsm-18790-20260508520099-ixbrl.htm
2026-05-12	年次	当期	連結	実績		それ以外の会計方針の変更	ChangesOtherThanOnesBasedOnRevisionsOfAccountingStandard			無	CurrentYearDuration_ConsolidatedMember_ResultMember	/disc/18790/081220260508520099_tse-acedjpsm-18790-20260508520099-ixbrl.htm
2026-05-12	年次	当期	連結	実績		会計上の見積りの変更	ChangesInAccountingEstimates			無	CurrentYearDuration_ConsolidatedMember_ResultMember	/disc/18790/081220260508520099_tse-acedjpsm-18790-20260508520099-ixbrl.htm
2026-05-12	年次	当期	連結	実績		修正再表示	RetrospectiveRestatement			無	CurrentYearDuration_ConsolidatedMember_ResultMember	/disc/18790/081220260508520099_tse-acedjpsm-18790-20260508520099-ixbrl.htm
2026-05-12	年次	当期	単体	実績		期末発行済株式数(自己株式を含む)	NumberOfIssuedAndOutstandingSharesAtTheEndOfFiscalYearIncludingTreasuryStock	61360720	Shares	61,360,720	CurrentYearInstant_NonConsolidatedMember_ResultMember	/disc/18790/081220260508520099_tse-acedjpsm-18790-20260508520099-ixbrl.htm
2026-05-12	年次	前期	単体	実績		期末発行済株式数(自己株式を含む)	NumberOfIssuedAndOutstandingSharesAtTheEndOfFiscalYearIncludingTreasuryStock	61360720	Shares	61,360,720	PriorYearInstant_NonConsolidatedMember_ResultMember	/disc/18790/081220260508520099_tse-acedjpsm-18790-20260508520099-ixbrl.htm
2026-05-12	年次	当期	単体	実績		期末自己株式数	NumberOfTreasuryStockAtTheEndOfFiscalYear	2871212	Shares	2,871,212	CurrentYearInstant_NonConsolidatedMember_ResultMember	/disc/18790/081220260508520099_tse-acedjpsm-18790-20260508520099-ixbrl.htm
2026-05-12	年次	前期	単体	実績		期末自己株式数	NumberOfTreasuryStockAtTheEndOfFiscalYear	2871072	Shares	2,871,072	PriorYearInstant_NonConsolidatedMember_ResultMember	/disc/18790/081220260508520099_tse-acedjpsm-18790-20260508520099-ixbrl.htm
2026-05-12	年次	当期	単体	実績		期中平均株式数	AverageNumberOfShares	58489607	Shares	58,489,607	CurrentYearDuration_NonConsolidatedMember_ResultMember	/disc/18790/081220260508520099_tse-acedjpsm-18790-20260508520099-ixbrl.htm
2026-05-12	年次	前期	単体	実績		期中平均株式数	AverageNumberOfShares	58489709	Shares	58,489,709	PriorYearDuration_NonConsolidatedMember_ResultMember	/disc/18790/081220260508520099_tse-acedjpsm-18790-20260508520099-ixbrl.htm
2026-05-12	年次	当期	単体	実績		売上高	NetSales	121674000000	JPY	121,674	CurrentYearDuration_NonConsolidatedMember_ResultMember	/disc/18790/081220260508520099_tse-acedjpsm-18790-20260508520099-ixbrl.htm
2026-05-12	年次	当期	単体	実績		売上高の増減率	ChangeInNetSales	0.037	Pure	3.7	CurrentYearDuration_NonConsolidatedMember_ResultMember	/disc/18790/081220260508520099_tse-acedjpsm-18790-20260508520099-ixbrl.htm
2026-05-12	年次	当期	単体	実績		営業利益	OperatingIncome	17213000000	JPY	17,213	CurrentYearDuration_NonConsolidatedMember_ResultMember	/disc/18790/081220260508520099_tse-acedjpsm-18790-20260508520099-ixbrl.htm
2026-05-12	年次	当期	単体	実績		営業利益の増減率	ChangeInOperatingIncome	0.007	Pure	0.7	CurrentYearDuration_NonConsolidatedMember_ResultMember	/disc/18790/081220260508520099_tse-acedjpsm-18790-20260508520099-ixbrl.htm
2026-05-12	年次	当期	単体	実績		経常利益	OrdinaryIncome	17954000000	JPY	17,954	CurrentYearDuration_NonConsolidatedMember_ResultMember	/disc/18790/081220260508520099_tse-acedjpsm-18790-20260508520099-ixbrl.htm
2026-05-12	年次	当期	単体	実績		経常利益の増減率	ChangeInOrdinaryIncome	0.022	Pure	2.2	CurrentYearDuration_NonConsolidatedMember_ResultMember	/disc/18790/081220260508520099_tse-acedjpsm-18790-20260508520099-ixbrl.htm
2026-05-12	年次	当期	単体	実績		当期純利益	NetIncome	13328000000	JPY	13,328	CurrentYearDuration_NonConsolidatedMember_ResultMember	/disc/18790/081220260508520099_tse-acedjpsm-18790-20260508520099-ixbrl.htm
2026-05-12	年次	当期	単体	実績		当期純利益の増減率	ChangeInNetIncome	0.074	Pure	7.4	CurrentYearDuration_NonConsolidatedMember_ResultMember	/disc/18790/081220260508520099_tse-acedjpsm-18790-20260508520099-ixbrl.htm
2026-05-12	年次	前期	単体	実績		売上高	NetSales	117319000000	JPY	117,319	PriorYearDuration_NonConsolidatedMember_ResultMember	/disc/18790/081220260508520099_tse-acedjpsm-18790-20260508520099-ixbrl.htm
2026-05-12	年次	前期	単体	実績		売上高の増減率	ChangeInNetSales	-0.044	Pure	4.4	PriorYearDuration_NonConsolidatedMember_ResultMember	/disc/18790/081220260508520099_tse-acedjpsm-18790-20260508520099-ixbrl.htm
2026-05-12	年次	前期	単体	実績		営業利益	OperatingIncome	17096000000	JPY	17,096	PriorYearDuration_NonConsolidatedMember_ResultMember	/disc/18790/081220260508520099_tse-acedjpsm-18790-20260508520099-ixbrl.htm
2026-05-12	年次	前期	単体	実績		営業利益の増減率	ChangeInOperatingIncome	0.045	Pure	4.5	PriorYearDuration_NonConsolidatedMember_ResultMember	/disc/18790/081220260508520099_tse-acedjpsm-18790-20260508520099-ixbrl.htm
2026-05-12	年次	前期	単体	実績		経常利益	OrdinaryIncome	17563000000	JPY	17,563	PriorYearDuration_NonConsolidatedMember_ResultMember	/disc/18790/081220260508520099_tse-acedjpsm-18790-20260508520099-ixbrl.htm
2026-05-12	年次	前期	単体	実績		経常利益の増減率	ChangeInOrdinaryIncome	0.041	Pure	4.1	PriorYearDuration_NonConsolidatedMember_ResultMember	/disc/18790/081220260508520099_tse-acedjpsm-18790-20260508520099-ixbrl.htm
2026-05-12	年次	前期	単体	実績		当期純利益	NetIncome	12414000000	JPY	12,414	PriorYearDuration_NonConsolidatedMember_ResultMember	/disc/18790/081220260508520099_tse-acedjpsm-18790-20260508520099-ixbrl.htm
2026-05-12	年次	前期	単体	実績		当期純利益の増減率	ChangeInNetIncome	0.044	Pure	4.4	PriorYearDuration_NonConsolidatedMember_ResultMember	/disc/18790/081220260508520099_tse-acedjpsm-18790-20260508520099-ixbrl.htm
2026-05-12	年次	当期	単体	実績		1株当たり当期純利益	NetIncomePerShare	227.88	JPYPerShares	227.88	CurrentYearDuration_NonConsolidatedMember_ResultMember	/disc/18790/081220260508520099_tse-acedjpsm-18790-20260508520099-ixbrl.htm
2026-05-12	年次	前期	単体	実績		1株当たり当期純利益	NetIncomePerShare	212.26	JPYPerShares	212.26	PriorYearDuration_NonConsolidatedMember_ResultMember	/disc/18790/081220260508520099_tse-acedjpsm-18790-20260508520099-ixbrl.htm
2026-05-12	年次	当期	単体	実績		総資産	TotalAssets	173125000000	JPY	173,125	CurrentYearInstant_NonConsolidatedMember_ResultMember	/disc/18790/081220260508520099_tse-acedjpsm-18790-20260508520099-ixbrl.htm
2026-05-12	年次	当期	単体	実績		純資産	NetAssets	127208000000	JPY	127,208	CurrentYearInstant_NonConsolidatedMember_ResultMember	/disc/18790/081220260508520099_tse-acedjpsm-18790-20260508520099-ixbrl.htm
2026-05-12	年次	当期	単体	実績		自己資本比率	CapitalAdequacyRatio	0.735	Pure	73.5	CurrentYearInstant_NonConsolidatedMember_ResultMember	/disc/18790/081220260508520099_tse-acedjpsm-18790-20260508520099-ixbrl.htm
2026-05-12	年次	当期	単体	実績		1株当たり純資産	NetAssetsPerShare	2174.90	JPYPerShares	2,174.90	CurrentYearInstant_NonConsolidatedMember_ResultMember	/disc/18790/081220260508520099_tse-acedjpsm-18790-20260508520099-ixbrl.htm
2026-05-12	年次	前期	単体	実績		総資産	TotalAssets	161848000000	JPY	161,848	PriorYearInstant_NonConsolidatedMember_ResultMember	/disc/18790/081220260508520099_tse-acedjpsm-18790-20260508520099-ixbrl.htm
2026-05-12	年次	前期	単体	実績		純資産	NetAssets	116961000000	JPY	116,961	PriorYearInstant_NonConsolidatedMember_ResultMember	/disc/18790/081220260508520099_tse-acedjpsm-18790-20260508520099-ixbrl.htm
2026-05-12	年次	前期	単体	実績		自己資本比率	CapitalAdequacyRatio	0.723	Pure	72.3	PriorYearInstant_NonConsolidatedMember_ResultMember	/disc/18790/081220260508520099_tse-acedjpsm-18790-20260508520099-ixbrl.htm
2026-05-12	年次	前期	単体	実績		1株当たり純資産	NetAssetsPerShare	1999.70	JPYPerShares	1,999.70	PriorYearInstant_NonConsolidatedMember_ResultMember	/disc/18790/081220260508520099_tse-acedjpsm-18790-20260508520099-ixbrl.htm
2026-05-12	年次	当期	単体	実績		自己資本	OwnersEquity	127208000000	JPY	127,208	CurrentYearInstant_NonConsolidatedMember_ResultMember	/disc/18790/081220260508520099_tse-acedjpsm-18790-20260508520099-ixbrl.htm
2026-05-12	年次	前期	単体	実績		自己資本	OwnersEquity	116961000000	JPY	116,961	PriorYearInstant_NonConsolidatedMember_ResultMember	/disc/18790/081220260508520099_tse-acedjpsm-18790-20260508520099-ixbrl.htm
2026-05-12	年次	来期				将来情報の利用に関する注意	NotesForUsingForecastedInformationAndOthers			本資料に掲載されている業績予想等の将来に関する記述は、発表日現在で当社が入手可能な情報及び合理的であると判断する一定の前提に基づいて作成したものであります。実際の業績は今後様々な要因によって予想値と異なる場合があります。なお、上記予想については、添付資料P.３「１．経営成績等の概況(４)今後の見通し」をご覧ください。	NextYearDuration	/disc/18790/081220260508520099_tse-acedjpsm-18790-20260508520099-ixbrl.htm
2026-05-12	年次	当期				決算期末	FiscalYearEnd			2026-03-31	CurrentYearInstant	/disc/18790/081220260508520099_tse-acedjpsm-18790-20260508520099-ixbrl.htm
2026-07-31	四半期	当期第1四半期累計				書類名	DocumentName			第1四半期決算短信〔日本基準〕（連結）	CurrentAccumulatedQ1Instant	/disc/18790/081220260729501927_tse-qcedjpsm-18790-20260729501927-ixbrl.htm
2026-07-31	四半期	当期第1四半期累計				提出日	FilingDate			2026年7月31日	CurrentAccumulatedQ1Instant	/disc/18790/081220260729501927_tse-qcedjpsm-18790-20260729501927-ixbrl.htm
2026-07-31	四半期	当期第1四半期累計				会社名	CompanyName			新日本建設株式会社	CurrentAccumulatedQ1Instant	/disc/18790/081220260729501927_tse-qcedjpsm-18790-20260729501927-ixbrl.htm
2026-07-31	四半期	当期第1四半期累計					TokyoStockExchange			東	CurrentAccumulatedQ1Instant	/disc/18790/081220260729501927_tse-qcedjpsm-18790-20260729501927-ixbrl.htm
2026-07-31	四半期	当期第1四半期累計				証券コード	SecuritiesCode			18790	CurrentAccumulatedQ1Instant	/disc/18790/081220260729501927_tse-qcedjpsm-18790-20260729501927-ixbrl.htm
2026-07-31	四半期	当期第1四半期累計				URL	URL			https://www.shinnihon-c.co.jp/	CurrentAccumulatedQ1Instant	/disc/18790/081220260729501927_tse-qcedjpsm-18790-20260729501927-ixbrl.htm
2026-07-31	四半期	当期第1四半期累計				代表者の役職	TitleRepresentative			代表取締役社長	CurrentAccumulatedQ1Instant	/disc/18790/081220260729501927_tse-qcedjpsm-18790-20260729501927-ixbrl.htm
2026-07-31	四半期	当期第1四半期累計				代表者名	NameRepresentative			高見 克司	CurrentAccumulatedQ1Instant	/disc/18790/081220260729501927_tse-qcedjpsm-18790-20260729501927-ixbrl.htm
2026-07-31	四半期	当期第1四半期累計					TitleInquiries			取締役専務執行役員管理本部長	CurrentAccumulatedQ1Instant	/disc/18790/081220260729501927_tse-qcedjpsm-18790-20260729501927-ixbrl.htm
2026-07-31	四半期	当期第1四半期累計					NameInquiries			高橋 苗樹	CurrentAccumulatedQ1Instant	/disc/18790/081220260729501927_tse-qcedjpsm-18790-20260729501927-ixbrl.htm
2026-07-31	四半期	当期第1四半期累計					Tel			043-213-1111	CurrentAccumulatedQ1Instant	/disc/18790/081220260729501927_tse-qcedjpsm-18790-20260729501927-ixbrl.htm
2026-07-31	四半期	当期第1四半期累計					SupplementalMaterialOfResults			無	CurrentAccumulatedQ1Instant	/disc/18790/081220260729501927_tse-qcedjpsm-18790-20260729501927-ixbrl.htm
2026-07-31	四半期	当期第1四半期累計					ConveningBriefingOfResults			無	CurrentAccumulatedQ1Instant	/disc/18790/081220260729501927_tse-qcedjpsm-18790-20260729501927-ixbrl.htm
2026-07-31	四半期	当期第1四半期累計					NoteToFractionProcessingMethod			（百万円未満切捨て）	CurrentAccumulatedQ1Instant	/disc/18790/081220260729501927_tse-qcedjpsm-18790-20260729501927-ixbrl.htm
2026-07-31	四半期	当期第1四半期累計	連結	実績		売上高	NetSales	33033000000	JPY	33,033	CurrentAccumulatedQ1Duration_ConsolidatedMember_ResultMember	/disc/18790/081220260729501927_tse-qcedjpsm-18790-20260729501927-ixbrl.htm
2026-07-31	四半期	当期第1四半期累計	連結	実績		売上高の増減率	ChangeInNetSales	0.290	Pure	29.0	CurrentAccumulatedQ1Duration_ConsolidatedMember_ResultMember	/disc/18790/081220260729501927_tse-qcedjpsm-18790-20260729501927-ixbrl.htm
2026-07-31	四半期	当期第1四半期累計	連結	実績		営業利益	OperatingIncome	3853000000	JPY	3,853	CurrentAccumulatedQ1Duration_ConsolidatedMember_ResultMember	/disc/18790/081220260729501927_tse-qcedjpsm-18790-20260729501927-ixbrl.htm
2026-07-31	四半期	当期第1四半期累計	連結	実績		営業利益の増減率	ChangeInOperatingIncome	0.054	Pure	5.4	CurrentAccumulatedQ1Duration_ConsolidatedMember_ResultMember	/disc/18790/081220260729501927_tse-qcedjpsm-18790-20260729501927-ixbrl.htm
2026-07-31	四半期	当期第1四半期累計	連結	実績		経常利益	OrdinaryIncome	4048000000	JPY	4,048	CurrentAccumulatedQ1Duration_ConsolidatedMember_ResultMember	/disc/18790/081220260729501927_tse-qcedjpsm-18790-20260729501927-ixbrl.htm
2026-07-31	四半期	当期第1四半期累計	連結	実績		経常利益の増減率	ChangeInOrdinaryIncome	0.079	Pure	7.9	CurrentAccumulatedQ1Duration_ConsolidatedMember_ResultMember	/disc/18790/081220260729501927_tse-qcedjpsm-18790-20260729501927-ixbrl.htm
2026-07-31	四半期	当期第1四半期累計	連結	実績		親会社株主に帰属する当期純利益	ProfitAttributableToOwnersOfParent	2784000000	JPY	2,784	CurrentAccumulatedQ1Duration_ConsolidatedMember_ResultMember	/disc/18790/081220260729501927_tse-qcedjpsm-18790-20260729501927-ixbrl.htm
2026-07-31	四半期	当期第1四半期累計	連結	実績		親会社株主に帰属する当期純利益の増減率	ChangeInProfitAttributableToOwnersOfParent	0.044	Pure	4.4	CurrentAccumulatedQ1Duration_ConsolidatedMember_ResultMember	/disc/18790/081220260729501927_tse-qcedjpsm-18790-20260729501927-ixbrl.htm
2026-07-31	四半期	前期第1四半期累計	連結	実績		売上高	NetSales	25610000000	JPY	25,610	PriorAccumulatedQ1Duration_ConsolidatedMember_ResultMember	/disc/18790/081220260729501927_tse-qcedjpsm-18790-20260729501927-ixbrl.htm
2026-07-31	四半期	前期第1四半期累計	連結	実績		売上高の増減率	ChangeInNetSales	0.200	Pure	20.0	PriorAccumulatedQ1Duration_ConsolidatedMember_ResultMember	/disc/18790/081220260729501927_tse-qcedjpsm-18790-20260729501927-ixbrl.htm
2026-07-31	四半期	前期第1四半期累計	連結	実績		営業利益	OperatingIncome	3657000000	JPY	3,657	PriorAccumulatedQ1Duration_ConsolidatedMember_ResultMember	/disc/18790/081220260729501927_tse-qcedjpsm-18790-20260729501927-ixbrl.htm
2026-07-31	四半期	前期第1四半期累計	連結	実績		営業利益の増減率	ChangeInOperatingIncome	0.925	Pure	92.5	PriorAccumulatedQ1Duration_ConsolidatedMember_ResultMember	/disc/18790/081220260729501927_tse-qcedjpsm-18790-20260729501927-ixbrl.htm
2026-07-31	四半期	前期第1四半期累計	連結	実績		経常利益	OrdinaryIncome	3751000000	JPY	3,751	PriorAccumulatedQ1Duration_ConsolidatedMember_ResultMember	/disc/18790/081220260729501927_tse-qcedjpsm-18790-20260729501927-ixbrl.htm
2026-07-31	四半期	前期第1四半期累計	連結	実績		経常利益の増減率	ChangeInOrdinaryIncome	0.959	Pure	95.9	PriorAccumulatedQ1Duration_ConsolidatedMember_ResultMember	/disc/18790/081220260729501927_tse-qcedjpsm-18790-20260729501927-ixbrl.htm
2026-07-31	四半期	前期第1四半期累計	連結	実績		親会社株主に帰属する当期純利益	ProfitAttributableToOwnersOfParent	2666000000	JPY	2,666	PriorAccumulatedQ1Duration_ConsolidatedMember_ResultMember	/disc/18790/081220260729501927_tse-qcedjpsm-18790-20260729501927-ixbrl.htm
2026-07-31	四半期	前期第1四半期累計	連結	実績		親会社株主に帰属する当期純利益の増減率	ChangeInProfitAttributableToOwnersOfParent	1.028	Pure	102.8	PriorAccumulatedQ1Duration_ConsolidatedMember_ResultMember	/disc/18790/081220260729501927_tse-qcedjpsm-18790-20260729501927-ixbrl.htm
2026-07-31	四半期	当期第1四半期累計	連結	実績		包括利益	ComprehensiveIncome	3053000000	JPY	3,053	CurrentAccumulatedQ1Duration_ConsolidatedMember_ResultMember	/disc/18790/081220260729501927_tse-qcedjpsm-18790-20260729501927-ixbrl.htm
2026-07-31	四半期	当期第1四半期累計	連結	実績		包括利益の増減率	ChangeInComprehensiveIncome	0.161	Pure	16.1	CurrentAccumulatedQ1Duration_ConsolidatedMember_ResultMember	/disc/18790/081220260729501927_tse-qcedjpsm-18790-20260729501927-ixbrl.htm
2026-07-31	四半期	前期第1四半期累計	連結	実績		包括利益	ComprehensiveIncome	2631000000	JPY	2,631	PriorAccumulatedQ1Duration_ConsolidatedMember_ResultMember	/disc/18790/081220260729501927_tse-qcedjpsm-18790-20260729501927-ixbrl.htm
2026-07-31	四半期	前期第1四半期累計	連結	実績		包括利益の増減率	ChangeInComprehensiveIncome	0.866	Pure	86.6	PriorAccumulatedQ1Duration_ConsolidatedMember_ResultMember	/disc/18790/081220260729501927_tse-qcedjpsm-18790-20260729501927-ixbrl.htm
2026-07-31	四半期	当期第1四半期累計	連結	実績		1株当たり当期純利益	NetIncomePerShare	47.61	JPYPerShares	47.61	CurrentAccumulatedQ1Duration_ConsolidatedMember_ResultMember	/disc/18790/081220260729501927_tse-qcedjpsm-18790-20260729501927-ixbrl.htm
2026-07-31	四半期	前期第1四半期累計	連結	実績		1株当たり当期純利益	NetIncomePerShare	45.59	JPYPerShares	45.59	PriorAccumulatedQ1Duration_ConsolidatedMember_ResultMember	/disc/18790/081220260729501927_tse-qcedjpsm-18790-20260729501927-ixbrl.htm
2026-07-31	四半期	当期第1四半期累計	連結	実績		総資産	TotalAssets	181980000000	JPY	181,980	CurrentAccumulatedQ1Instant_ConsolidatedMember_ResultMember	/disc/18790/081220260729501927_tse-qcedjpsm-18790-20260729501927-ixbrl.htm
2026-07-31	四半期	当期第1四半期累計	連結	実績		純資産	NetAssets	135437000000	JPY	135,437	CurrentAccumulatedQ1Instant_ConsolidatedMember_ResultMember	/disc/18790/081220260729501927_tse-qcedjpsm-18790-20260729501927-ixbrl.htm
2026-07-31	四半期	当期第1四半期累計	連結	実績		自己資本比率	CapitalAdequacyRatio	0.744	Pure	74.4	CurrentAccumulatedQ1Instant_ConsolidatedMember_ResultMember	/disc/18790/081220260729501927_tse-qcedjpsm-18790-20260729501927-ixbrl.htm
2026-07-31	四半期	前期	連結	実績		総資産	TotalAssets	185296000000	JPY	185,296	PriorYearInstant_ConsolidatedMember_ResultMember	/disc/18790/081220260729501927_tse-qcedjpsm-18790-20260729501927-ixbrl.htm
2026-07-31	四半期	前期	連結	実績		純資産	NetAssets	134547000000	JPY	134,547	PriorYearInstant_ConsolidatedMember_ResultMember	/disc/18790/081220260729501927_tse-qcedjpsm-18790-20260729501927-ixbrl.htm
2026-07-31	四半期	前期	連結	実績		自己資本比率	CapitalAdequacyRatio	0.726	Pure	72.6	PriorYearInstant_ConsolidatedMember_ResultMember	/disc/18790/081220260729501927_tse-qcedjpsm-18790-20260729501927-ixbrl.htm
2026-07-31	四半期	当期第1四半期累計	連結	実績		自己資本	OwnersEquity	135437000000	JPY	135,437	CurrentAccumulatedQ1Instant_ConsolidatedMember_ResultMember	/disc/18790/081220260729501927_tse-qcedjpsm-18790-20260729501927-ixbrl.htm
2026-07-31	四半期	前期	連結	実績		自己資本	OwnersEquity	134547000000	JPY	134,547	PriorYearInstant_ConsolidatedMember_ResultMember	/disc/18790/081220260729501927_tse-qcedjpsm-18790-20260729501927-ixbrl.htm
2026-07-31	四半期	前期	単体	実績	第2四半期末	1株当たり配当金	DividendPerShare	30.00	JPYPerShares	30.00	PriorYearDuration_SecondQuarterMember_NonConsolidatedMember_ResultMember	/disc/18790/081220260729501927_tse-qcedjpsm-18790-20260729501927-ixbrl.htm
2026-07-31	四半期	前期	単体	実績	期末	1株当たり配当金	DividendPerShare	37.00	JPYPerShares	37.00	PriorYearDuration_YearEndMember_NonConsolidatedMember_ResultMember	/disc/18790/081220260729501927_tse-qcedjpsm-18790-20260729501927-ixbrl.htm
2026-07-31	四半期	前期	単体	実績	合計	1株当たり配当金	DividendPerShare	67.00	JPYPerShares	67.00	PriorYearDuration_AnnualMember_NonConsolidatedMember_ResultMember	/disc/18790/081220260729501927_tse-qcedjpsm-18790-20260729501927-ixbrl.htm
2026-07-31	四半期	当期	単体	予想	第2四半期末	1株当たり配当金	DividendPerShare	41.00	JPYPerShares	41.00	CurrentYearDuration_SecondQuarterMember_NonConsolidatedMember_ForecastMember	/disc/18790/081220260729501927_tse-qcedjpsm-18790-20260729501927-ixbrl.htm
2026-07-31	四半期	当期	単体	予想	期末	1株当たり配当金	DividendPerShare	39.00	JPYPerShares	39.00	CurrentYearDuration_YearEndMember_NonConsolidatedMember_ForecastMember	/disc/18790/081220260729501927_tse-qcedjpsm-18790-20260729501927-ixbrl.htm
2026-07-31	四半期	当期	単体	予想	合計	1株当たり配当金	DividendPerShare	80.00	JPYPerShares	80.00	CurrentYearDuration_AnnualMember_NonConsolidatedMember_ForecastMember	/disc/18790/081220260729501927_tse-qcedjpsm-18790-20260729501927-ixbrl.htm
2026-07-31	四半期	当期	単体	実績	合計	当四半期における配当予想の修正	CorrectionOfDividendForecastInThisQuarter			有	CurrentYearDuration_AnnualMember_NonConsolidatedMember_ResultMember	/disc/18790/081220260729501927_tse-qcedjpsm-18790-20260729501927-ixbrl.htm
2026-07-31	四半期	当期	連結	予想		業績予想の見出し	TitleForForecasts			3. 2027年 3月期の連結業績予想（2026年 4月 1日～2027年 3月31日）	CurrentYearDuration_ConsolidatedMember_ForecastMember	/disc/18790/081220260729501927_tse-qcedjpsm-18790-20260729501927-ixbrl.htm
2026-07-31	四半期	当期第2四半期累計	連結	予想		売上高	NetSales	64000000000	JPY	64,000	CurrentAccumulatedQ2Duration_ConsolidatedMember_ForecastMember	/disc/18790/081220260729501927_tse-qcedjpsm-18790-20260729501927-ixbrl.htm
2026-07-31	四半期	当期第2四半期累計	連結	予想		売上高の増減率	ChangeInNetSales	0.143	Pure	14.3	CurrentAccumulatedQ2Duration_ConsolidatedMember_ForecastMember	/disc/18790/081220260729501927_tse-qcedjpsm-18790-20260729501927-ixbrl.htm
2026-07-31	四半期	当期第2四半期累計	連結	予想		営業利益	OperatingIncome	9000000000	JPY	9,000	CurrentAccumulatedQ2Duration_ConsolidatedMember_ForecastMember	/disc/18790/081220260729501927_tse-qcedjpsm-18790-20260729501927-ixbrl.htm
2026-07-31	四半期	当期第2四半期累計	連結	予想		営業利益の増減率	ChangeInOperatingIncome	0.250	Pure	25.0	CurrentAccumulatedQ2Duration_ConsolidatedMember_ForecastMember	/disc/18790/081220260729501927_tse-qcedjpsm-18790-20260729501927-ixbrl.htm
2026-07-31	四半期	当期第2四半期累計	連結	予想		経常利益	OrdinaryIncome	9300000000	JPY	9,300	CurrentAccumulatedQ2Duration_ConsolidatedMember_ForecastMember	/disc/18790/081220260729501927_tse-qcedjpsm-18790-20260729501927-ixbrl.htm
2026-07-31	四半期	当期第2四半期累計	連結	予想		経常利益の増減率	ChangeInOrdinaryIncome	0.258	Pure	25.8	CurrentAccumulatedQ2Duration_ConsolidatedMember_ForecastMember	/disc/18790/081220260729501927_tse-qcedjpsm-18790-20260729501927-ixbrl.htm
2026-07-31	四半期	当期第2四半期累計	連結	予想		親会社株主に帰属する当期純利益	ProfitAttributableToOwnersOfParent	6400000000	JPY	6,400	CurrentAccumulatedQ2Duration_ConsolidatedMember_ForecastMember	/disc/18790/081220260729501927_tse-qcedjpsm-18790-20260729501927-ixbrl.htm
2026-07-31	四半期	当期第2四半期累計	連結	予想		親会社株主に帰属する当期純利益の増減率	ChangeInProfitAttributableToOwnersOfParent	0.234	Pure	23.4	CurrentAccumulatedQ2Duration_ConsolidatedMember_ForecastMember	/disc/18790/081220260729501927_tse-qcedjpsm-18790-20260729501927-ixbrl.htm
2026-07-31	四半期	当期第2四半期累計	連結	予想		1株当たり当期純利益	NetIncomePerShare	109.42	JPYPerShares	109.42	CurrentAccumulatedQ2Duration_ConsolidatedMember_ForecastMember	/disc/18790/081220260729501927_tse-qcedjpsm-18790-20260729501927-ixbrl.htm
2026-07-31	四半期	当期	連結	予想		売上高	NetSales	156000000000	JPY	156,000	CurrentYearDuration_ConsolidatedMember_ForecastMember	/disc/18790/081220260729501927_tse-qcedjpsm-18790-20260729501927-ixbrl.htm
2026-07-31	四半期	当期	連結	予想		売上高の増減率	ChangeInNetSales	0.127	Pure	12.7	CurrentYearDuration_ConsolidatedMember_ForecastMember	/disc/18790/081220260729501927_tse-qcedjpsm-18790-20260729501927-ixbrl.htm
2026-07-31	四半期	当期	連結	予想		営業利益	OperatingIncome	25500000000	JPY	25,500	CurrentYearDuration_ConsolidatedMember_ForecastMember	/disc/18790/081220260729501927_tse-qcedjpsm-18790-20260729501927-ixbrl.htm
2026-07-31	四半期	当期	連結	予想		営業利益の増減率	ChangeInOperatingIncome	0.250	Pure	25.0	CurrentYearDuration_ConsolidatedMember_ForecastMember	/disc/18790/081220260729501927_tse-qcedjpsm-18790-20260729501927-ixbrl.htm
2026-07-31	四半期	当期	連結	予想		経常利益	OrdinaryIncome	26000000000	JPY	26,000	CurrentYearDuration_ConsolidatedMember_ForecastMember	/disc/18790/081220260729501927_tse-qcedjpsm-18790-20260729501927-ixbrl.htm
2026-07-31	四半期	当期	連結	予想		経常利益の増減率	ChangeInOrdinaryIncome	0.252	Pure	25.2	CurrentYearDuration_ConsolidatedMember_ForecastMember	/disc/18790/081220260729501927_tse-qcedjpsm-18790-20260729501927-ixbrl.htm
2026-07-31	四半期	当期	連結	予想		親会社株主に帰属する当期純利益	ProfitAttributableToOwnersOfParent	17500000000	JPY	17,500	CurrentYearDuration_ConsolidatedMember_ForecastMember	/disc/18790/081220260729501927_tse-qcedjpsm-18790-20260729501927-ixbrl.htm
2026-07-31	四半期	当期	連結	予想		親会社株主に帰属する当期純利益の増減率	ChangeInProfitAttributableToOwnersOfParent	0.149	Pure	14.9	CurrentYearDuration_ConsolidatedMember_ForecastMember	/disc/18790/081220260729501927_tse-qcedjpsm-18790-20260729501927-ixbrl.htm
2026-07-31	四半期	当期	連結	予想		1株当たり当期純利益	NetIncomePerShare	299.20	JPYPerShares	299.20	CurrentYearDuration_ConsolidatedMember_ForecastMember	/disc/18790/081220260729501927_tse-qcedjpsm-18790-20260729501927-ixbrl.htm
2026-07-31	四半期	当期	連結	予想		当四半期における業績予想の修正	CorrectionOfConsolidatedFinancialForecastInThisQuarter			有	CurrentYearDuration_ConsolidatedMember_ForecastMember	/disc/18790/081220260729501927_tse-qcedjpsm-18790-20260729501927-ixbrl.htm
2026-07-31	四半期	当期	連結	予想		業績予想の注記	NoteToForecasts			詳細は、添付資料Ｐ．２「１．当四半期決算に関する定性的情報（３）連結業績予想などの将来予測情報に関する説明」をご覧ください。	CurrentYearDuration_ConsolidatedMember_ForecastMember	/disc/18790/081220260729501927_tse-qcedjpsm-18790-20260729501927-ixbrl.htm
2026-07-31	四半期	当期第1四半期累計	連結	実績		期中の連結範囲の重要な変更	SignificantChangesInTheScopeOfConsolidationDuringThePeriod			無	CurrentAccumulatedQ1Duration_ConsolidatedMember_ResultMember	/disc/18790/081220260729501927_tse-qcedjpsm-18790-20260729501927-ixbrl.htm
2026-07-31	四半期	当期第1四半期累計	連結	実績			ApplyingOfSpecificAccountingOfTheConsolidatedQuarterlyFinancialStatements			無	CurrentAccumulatedQ1Duration_ConsolidatedMember_ResultMember	/disc/18790/081220260729501927_tse-qcedjpsm-18790-20260729501927-ixbrl.htm
2026-07-31	四半期	当期第1四半期累計	連結	実績		会計基準等の改正に伴う変更	ChangesBasedOnRevisionsOfAccountingStandard			無	CurrentAccumulatedQ1Duration_ConsolidatedMember_ResultMember	/disc/18790/081220260729501927_tse-qcedjpsm-18790-20260729501927-ixbrl.htm
2026-07-31	四半期	当期第1四半期累計	連結	実績		それ以外の会計方針の変更	ChangesOtherThanOnesBasedOnRevisionsOfAccountingStandard			無	CurrentAccumulatedQ1Duration_ConsolidatedMember_ResultMember	/disc/18790/081220260729501927_tse-qcedjpsm-18790-20260729501927-ixbrl.htm
2026-07-31	四半期	当期第1四半期累計	連結	実績		会計上の見積りの変更	ChangesInAccountingEstimates			無	CurrentAccumulatedQ1Duration_ConsolidatedMember_ResultMember	/disc/18790/081220260729501927_tse-qcedjpsm-18790-20260729501927-ixbrl.htm
2026-07-31	四半期	当期第1四半期累計	連結	実績		修正再表示	RetrospectiveRestatement			無	CurrentAccumulatedQ1Duration_ConsolidatedMember_ResultMember	/disc/18790/081220260729501927_tse-qcedjpsm-18790-20260729501927-ixbrl.htm
2026-07-31	四半期	当期第1四半期累計	単体	実績		期末発行済株式数(自己株式を含む)	NumberOfIssuedAndOutstandingSharesAtTheEndOfFiscalYearIncludingTreasuryStock	61360720	Shares	61,360,720	CurrentAccumulatedQ1Instant_NonConsolidatedMember_ResultMember	/disc/18790/081220260729501927_tse-qcedjpsm-18790-20260729501927-ixbrl.htm
2026-07-31	四半期	前期	単体	実績		期末発行済株式数(自己株式を含む)	NumberOfIssuedAndOutstandingSharesAtTheEndOfFiscalYearIncludingTreasuryStock	61360720	Shares	61,360,720	PriorYearInstant_NonConsolidatedMember_ResultMember	/disc/18790/081220260729501927_tse-qcedjpsm-18790-20260729501927-ixbrl.htm
2026-07-31	四半期	当期第1四半期累計	単体	実績		期末自己株式数	NumberOfTreasuryStockAtTheEndOfFiscalYear	2871264	Shares	2,871,264	CurrentAccumulatedQ1Instant_NonConsolidatedMember_ResultMember	/disc/18790/081220260729501927_tse-qcedjpsm-18790-20260729501927-ixbrl.htm
2026-07-31	四半期	前期	単体	実績		期末自己株式数	NumberOfTreasuryStockAtTheEndOfFiscalYear	2871212	Shares	2,871,212	PriorYearInstant_NonConsolidatedMember_ResultMember	/disc/18790/081220260729501927_tse-qcedjpsm-18790-20260729501927-ixbrl.htm
2026-07-31	四半期	当期第1四半期累計	単体	実績		期中平均株式数	AverageNumberOfShares	58489499	Shares	58,489,499	CurrentAccumulatedQ1Duration_NonConsolidatedMember_ResultMember	/disc/18790/081220260729501927_tse-qcedjpsm-18790-20260729501927-ixbrl.htm
2026-07-31	四半期	前期第1四半期累計	単体	実績		期中平均株式数	AverageNumberOfShares	58489648	Shares	58,489,648	PriorAccumulatedQ1Duration_NonConsolidatedMember_ResultMember	/disc/18790/081220260729501927_tse-qcedjpsm-18790-20260729501927-ixbrl.htm
2026-07-31	四半期	当期第1四半期累計					ReviewOfAttachedConsolidatedQuarterlyFinancialStatementsByACertifiedPublicAccountantOrAnAuditFirm			無	CurrentAccumulatedQ1Duration	/disc/18790/081220260729501927_tse-qcedjpsm-18790-20260729501927-ixbrl.htm
2026-07-31	四半期	当期				将来情報の利用に関する注意	NotesForUsingForecastedInformationAndOthers			本資料に記載されている業績見通し等の将来に関する記述は、当社が現在入手している情報及び合理的であると判断する一定の前提に基づいており、その達成を当社として約束する趣旨のものではありません。また、実際の業績等は様々な要因により大きく異なる可能性があります。	CurrentYearDuration	/disc/18790/081220260729501927_tse-qcedjpsm-18790-20260729501927-ixbrl.htm
2026-07-31	四半期	当期				決算期末	FiscalYearEnd			2027-03-31	CurrentYearInstant	/disc/18790/081220260729501927_tse-qcedjpsm-18790-20260729501927-ixbrl.htm
2026-07-31	四半期	当期第1四半期累計				四半期	QuarterlyPeriod	1	Pure	1	CurrentAccumulatedQ1Instant	/disc/18790/081220260729501927_tse-qcedjpsm-18790-20260729501927-ixbrl.htm
