日付	書類	期	連単	区分	四半期	項目名	タグ	値	単位	表示	コンテキスト	出所
2023-11-14	四半期	当期第2四半期累計				書類名	DocumentName			第２四半期決算短信〔日本基準〕(連結)	CurrentAccumulatedQ2Instant	/disc/55920/081220231113588492_tse-qcedjpsm-55920-20231114355920-ixbrl.htm
2023-11-14	四半期	当期第2四半期累計				提出日	FilingDate			2023年11月14日	CurrentAccumulatedQ2Instant	/disc/55920/081220231113588492_tse-qcedjpsm-55920-20231114355920-ixbrl.htm
2023-11-14	四半期	当期第2四半期累計				会社名	CompanyName			株式会社くすりの窓口	CurrentAccumulatedQ2Instant	/disc/55920/081220231113588492_tse-qcedjpsm-55920-20231114355920-ixbrl.htm
2023-11-14	四半期	当期第2四半期累計					TokyoStockExchange			東	CurrentAccumulatedQ2Instant	/disc/55920/081220231113588492_tse-qcedjpsm-55920-20231114355920-ixbrl.htm
2023-11-14	四半期	当期第2四半期累計				証券コード	SecuritiesCode			55920	CurrentAccumulatedQ2Instant	/disc/55920/081220231113588492_tse-qcedjpsm-55920-20231114355920-ixbrl.htm
2023-11-14	四半期	当期第2四半期累計				URL	URL			https://kusurinomadoguchi.co.jp/	CurrentAccumulatedQ2Instant	/disc/55920/081220231113588492_tse-qcedjpsm-55920-20231114355920-ixbrl.htm
2023-11-14	四半期	当期第2四半期累計				代表者の役職	TitleRepresentative			代表取締役社長	CurrentAccumulatedQ2Instant	/disc/55920/081220231113588492_tse-qcedjpsm-55920-20231114355920-ixbrl.htm
2023-11-14	四半期	当期第2四半期累計				代表者名	NameRepresentative			堤 幸治	CurrentAccumulatedQ2Instant	/disc/55920/081220231113588492_tse-qcedjpsm-55920-20231114355920-ixbrl.htm
2023-11-14	四半期	当期第2四半期累計					TitleInquiries			取締役管理本部長	CurrentAccumulatedQ2Instant	/disc/55920/081220231113588492_tse-qcedjpsm-55920-20231114355920-ixbrl.htm
2023-11-14	四半期	当期第2四半期累計					NameInquiries			外間 健	CurrentAccumulatedQ2Instant	/disc/55920/081220231113588492_tse-qcedjpsm-55920-20231114355920-ixbrl.htm
2023-11-14	四半期	当期第2四半期累計					Tel			03-6712-7406	CurrentAccumulatedQ2Instant	/disc/55920/081220231113588492_tse-qcedjpsm-55920-20231114355920-ixbrl.htm
2023-11-14	四半期	当期第2四半期累計					QuarterlyStatementFilingDateAsPlanned			2023年11月14日	CurrentAccumulatedQ2Instant	/disc/55920/081220231113588492_tse-qcedjpsm-55920-20231114355920-ixbrl.htm
2023-11-14	四半期	当期第2四半期累計					SupplementalMaterialOfQuarterlyResults			有	CurrentAccumulatedQ2Instant	/disc/55920/081220231113588492_tse-qcedjpsm-55920-20231114355920-ixbrl.htm
2023-11-14	四半期	当期第2四半期累計					ConveningBriefingOfQuarterlyResults			無	CurrentAccumulatedQ2Instant	/disc/55920/081220231113588492_tse-qcedjpsm-55920-20231114355920-ixbrl.htm
2023-11-14	四半期	当期第2四半期累計					NoteToFractionProcessingMethod			(百万円未満切捨て)	CurrentAccumulatedQ2Instant	/disc/55920/081220231113588492_tse-qcedjpsm-55920-20231114355920-ixbrl.htm
2023-11-14	四半期	当期第2四半期累計	連結	実績		売上高	NetSales	4255000000	JPY	4,255	CurrentAccumulatedQ2Duration_ConsolidatedMember_ResultMember	/disc/55920/081220231113588492_tse-qcedjpsm-55920-20231114355920-ixbrl.htm
2023-11-14	四半期	当期第2四半期累計	連結	実績		営業利益	OperatingIncome	842000000	JPY	842	CurrentAccumulatedQ2Duration_ConsolidatedMember_ResultMember	/disc/55920/081220231113588492_tse-qcedjpsm-55920-20231114355920-ixbrl.htm
2023-11-14	四半期	当期第2四半期累計	連結	実績		経常利益	OrdinaryIncome	850000000	JPY	850	CurrentAccumulatedQ2Duration_ConsolidatedMember_ResultMember	/disc/55920/081220231113588492_tse-qcedjpsm-55920-20231114355920-ixbrl.htm
2023-11-14	四半期	当期第2四半期累計	連結	実績		親会社株主に帰属する当期純利益	ProfitAttributableToOwnersOfParent	531000000	JPY	531	CurrentAccumulatedQ2Duration_ConsolidatedMember_ResultMember	/disc/55920/081220231113588492_tse-qcedjpsm-55920-20231114355920-ixbrl.htm
2023-11-14	四半期	当期第2四半期累計	連結	実績		包括利益	ComprehensiveIncome	542000000	JPY	542	CurrentAccumulatedQ2Duration_ConsolidatedMember_ResultMember	/disc/55920/081220231113588492_tse-qcedjpsm-55920-20231114355920-ixbrl.htm
2023-11-14	四半期	当期第2四半期累計	連結	実績		1株当たり当期純利益	NetIncomePerShare	57.90	JPYPerShares	57.90	CurrentAccumulatedQ2Duration_ConsolidatedMember_ResultMember	/disc/55920/081220231113588492_tse-qcedjpsm-55920-20231114355920-ixbrl.htm
2023-11-14	四半期	当期第2四半期累計	連結	実績		経営成績の注記	NoteToOperatingResults			(注）１．当社は2023年３月期第２四半期については四半期連結財務諸表を作成していないため、2023年３月期第２四半期の数値及び2024年３月期第２四半期の対前年同四半期増減率については記載しておりません。２．潜在株式調整後１株当たり四半期純利益については、新株予約権の残高がありますが、当社は2023年10月４日に東京証券取引所グロース市場に上場したため、当第２四半期連結累計期間については、期中平均株価が把握できないため記載しておりません。	CurrentAccumulatedQ2Duration_ConsolidatedMember_ResultMember	/disc/55920/081220231113588492_tse-qcedjpsm-55920-20231114355920-ixbrl.htm
2023-11-14	四半期	当期第2四半期累計	連結	実績		総資産	TotalAssets	18681000000	JPY	18,681	CurrentAccumulatedQ2Instant_ConsolidatedMember_ResultMember	/disc/55920/081220231113588492_tse-qcedjpsm-55920-20231114355920-ixbrl.htm
2023-11-14	四半期	当期第2四半期累計	連結	実績		純資産	NetAssets	3238000000	JPY	3,238	CurrentAccumulatedQ2Instant_ConsolidatedMember_ResultMember	/disc/55920/081220231113588492_tse-qcedjpsm-55920-20231114355920-ixbrl.htm
2023-11-14	四半期	当期第2四半期累計	連結	実績		自己資本比率	CapitalAdequacyRatio	0.172	Pure	17.2	CurrentAccumulatedQ2Instant_ConsolidatedMember_ResultMember	/disc/55920/081220231113588492_tse-qcedjpsm-55920-20231114355920-ixbrl.htm
2023-11-14	四半期	前期	連結	実績		総資産	TotalAssets	12219000000	JPY	12,219	PriorYearInstant_ConsolidatedMember_ResultMember	/disc/55920/081220231113588492_tse-qcedjpsm-55920-20231114355920-ixbrl.htm
2023-11-14	四半期	前期	連結	実績		純資産	NetAssets	2793000000	JPY	2,793	PriorYearInstant_ConsolidatedMember_ResultMember	/disc/55920/081220231113588492_tse-qcedjpsm-55920-20231114355920-ixbrl.htm
2023-11-14	四半期	前期	連結	実績		自己資本比率	CapitalAdequacyRatio	0.220	Pure	22.0	PriorYearInstant_ConsolidatedMember_ResultMember	/disc/55920/081220231113588492_tse-qcedjpsm-55920-20231114355920-ixbrl.htm
2023-11-14	四半期	当期第2四半期累計	連結	実績		自己資本	OwnersEquity	3213000000	JPY	3,213	CurrentAccumulatedQ2Instant_ConsolidatedMember_ResultMember	/disc/55920/081220231113588492_tse-qcedjpsm-55920-20231114355920-ixbrl.htm
2023-11-14	四半期	前期	連結	実績		自己資本	OwnersEquity	2694000000	JPY	2,694	PriorYearInstant_ConsolidatedMember_ResultMember	/disc/55920/081220231113588492_tse-qcedjpsm-55920-20231114355920-ixbrl.htm
2023-11-14	四半期	前期	単体	実績	第2四半期末	1株当たり配当金	DividendPerShare	0.00	JPYPerShares	0.00	PriorYearDuration_SecondQuarterMember_NonConsolidatedMember_ResultMember	/disc/55920/081220231113588492_tse-qcedjpsm-55920-20231114355920-ixbrl.htm
2023-11-14	四半期	前期	単体	実績	期末	1株当たり配当金	DividendPerShare	0.00	JPYPerShares	0.00	PriorYearDuration_YearEndMember_NonConsolidatedMember_ResultMember	/disc/55920/081220231113588492_tse-qcedjpsm-55920-20231114355920-ixbrl.htm
2023-11-14	四半期	前期	単体	実績	合計	1株当たり配当金	DividendPerShare	0.00	JPYPerShares	0.00	PriorYearDuration_AnnualMember_NonConsolidatedMember_ResultMember	/disc/55920/081220231113588492_tse-qcedjpsm-55920-20231114355920-ixbrl.htm
2023-11-14	四半期	当期	単体	実績	第2四半期末	1株当たり配当金	DividendPerShare	0.00	JPYPerShares	0.00	CurrentYearDuration_SecondQuarterMember_NonConsolidatedMember_ResultMember	/disc/55920/081220231113588492_tse-qcedjpsm-55920-20231114355920-ixbrl.htm
2023-11-14	四半期	当期	単体	予想	期末	1株当たり配当金	DividendPerShare	0.00	JPYPerShares	0.00	CurrentYearDuration_YearEndMember_NonConsolidatedMember_ForecastMember	/disc/55920/081220231113588492_tse-qcedjpsm-55920-20231114355920-ixbrl.htm
2023-11-14	四半期	当期	単体	予想	合計	1株当たり配当金	DividendPerShare	0.00	JPYPerShares	0.00	CurrentYearDuration_AnnualMember_NonConsolidatedMember_ForecastMember	/disc/55920/081220231113588492_tse-qcedjpsm-55920-20231114355920-ixbrl.htm
2023-11-14	四半期	当期	単体	実績	合計	当四半期における配当予想の修正	CorrectionOfDividendForecastInThisQuarter			無	CurrentYearDuration_AnnualMember_NonConsolidatedMember_ResultMember	/disc/55920/081220231113588492_tse-qcedjpsm-55920-20231114355920-ixbrl.htm
2023-11-14	四半期	当期	連結	予想		業績予想の見出し	TitleForForecasts			３．2024年３月期の連結業績予想（2023年４月１日～2024年３月31日）	CurrentYearDuration_ConsolidatedMember_ForecastMember	/disc/55920/081220231113588492_tse-qcedjpsm-55920-20231114355920-ixbrl.htm
2023-11-14	四半期	当期	連結	予想		売上高	NetSales	8298000000	JPY	8,298	CurrentYearDuration_ConsolidatedMember_ForecastMember	/disc/55920/081220231113588492_tse-qcedjpsm-55920-20231114355920-ixbrl.htm
2023-11-14	四半期	当期	連結	予想		売上高の増減率	ChangeInNetSales	0.118	Pure	11.8	CurrentYearDuration_ConsolidatedMember_ForecastMember	/disc/55920/081220231113588492_tse-qcedjpsm-55920-20231114355920-ixbrl.htm
2023-11-14	四半期	当期	連結	予想		営業利益	OperatingIncome	1233000000	JPY	1,233	CurrentYearDuration_ConsolidatedMember_ForecastMember	/disc/55920/081220231113588492_tse-qcedjpsm-55920-20231114355920-ixbrl.htm
2023-11-14	四半期	当期	連結	予想		営業利益の増減率	ChangeInOperatingIncome	0.174	Pure	17.4	CurrentYearDuration_ConsolidatedMember_ForecastMember	/disc/55920/081220231113588492_tse-qcedjpsm-55920-20231114355920-ixbrl.htm
2023-11-14	四半期	当期	連結	予想		経常利益	OrdinaryIncome	1178000000	JPY	1,178	CurrentYearDuration_ConsolidatedMember_ForecastMember	/disc/55920/081220231113588492_tse-qcedjpsm-55920-20231114355920-ixbrl.htm
2023-11-14	四半期	当期	連結	予想		経常利益の増減率	ChangeInOrdinaryIncome	0.255	Pure	25.5	CurrentYearDuration_ConsolidatedMember_ForecastMember	/disc/55920/081220231113588492_tse-qcedjpsm-55920-20231114355920-ixbrl.htm
2023-11-14	四半期	当期	連結	予想		親会社株主に帰属する当期純利益	ProfitAttributableToOwnersOfParent	751000000	JPY	751	CurrentYearDuration_ConsolidatedMember_ForecastMember	/disc/55920/081220231113588492_tse-qcedjpsm-55920-20231114355920-ixbrl.htm
2023-11-14	四半期	当期	連結	予想		親会社株主に帰属する当期純利益の増減率	ChangeInProfitAttributableToOwnersOfParent	0.918	Pure	91.8	CurrentYearDuration_ConsolidatedMember_ForecastMember	/disc/55920/081220231113588492_tse-qcedjpsm-55920-20231114355920-ixbrl.htm
2023-11-14	四半期	当期	連結	予想		1株当たり当期純利益	NetIncomePerShare	72.61	JPYPerShares	72.61	CurrentYearDuration_ConsolidatedMember_ForecastMember	/disc/55920/081220231113588492_tse-qcedjpsm-55920-20231114355920-ixbrl.htm
2023-11-14	四半期	当期	連結	予想		当四半期における業績予想の修正	CorrectionOfConsolidatedFinancialForecastInThisQuarter			無	CurrentYearDuration_ConsolidatedMember_ForecastMember	/disc/55920/081220231113588492_tse-qcedjpsm-55920-20231114355920-ixbrl.htm
2023-11-14	四半期	当期第2四半期累計	連結	実績			MaterialChangesInSubsidiariesDuringThisPeriodChangesInScopeOfConsolidationsResultingFromChangeIsSubsidiaries			有	CurrentAccumulatedQ2Duration_ConsolidatedMember_ResultMember	/disc/55920/081220231113588492_tse-qcedjpsm-55920-20231114355920-ixbrl.htm
2023-11-14	四半期	当期第2四半期累計	連結	実績		除外子会社数	NumberOfSubsidiariesExcludedFromConsolidation	1	NumberOfCompanies	1	CurrentAccumulatedQ2Duration_ConsolidatedMember_ResultMember	/disc/55920/081220231113588492_tse-qcedjpsm-55920-20231114355920-ixbrl.htm
2023-11-14	四半期	当期第2四半期累計	連結	実績		除外子会社の名称	NameOfSubsidiariesExcludedFromConsolidation			株式会社介護サプリ	CurrentAccumulatedQ2Duration_ConsolidatedMember_ResultMember	/disc/55920/081220231113588492_tse-qcedjpsm-55920-20231114355920-ixbrl.htm
2023-11-14	四半期	当期第2四半期累計	連結	実績			NoteToMaterialChangesInSubsidiariesDuringThisPeriod			（注）詳細は、添付資料P.９「２．四半期連結財務諸表及び主な注記（４）四半期連結財務諸表に関する注記事項（当四半期連結累計期間における重要な子会社の異動）」に記載しております。	CurrentAccumulatedQ2Duration_ConsolidatedMember_ResultMember	/disc/55920/081220231113588492_tse-qcedjpsm-55920-20231114355920-ixbrl.htm
2023-11-14	四半期	当期第2四半期累計	連結	実績			ApplyingOfSpecificAccountingOfTheConsolidatedQuarterlyFinancialStatements			無	CurrentAccumulatedQ2Duration_ConsolidatedMember_ResultMember	/disc/55920/081220231113588492_tse-qcedjpsm-55920-20231114355920-ixbrl.htm
2023-11-14	四半期	当期第2四半期累計	連結	実績		会計基準等の改正に伴う変更	ChangesBasedOnRevisionsOfAccountingStandard			無	CurrentAccumulatedQ2Duration_ConsolidatedMember_ResultMember	/disc/55920/081220231113588492_tse-qcedjpsm-55920-20231114355920-ixbrl.htm
2023-11-14	四半期	当期第2四半期累計	連結	実績		それ以外の会計方針の変更	ChangesOtherThanOnesBasedOnRevisionsOfAccountingStandard			無	CurrentAccumulatedQ2Duration_ConsolidatedMember_ResultMember	/disc/55920/081220231113588492_tse-qcedjpsm-55920-20231114355920-ixbrl.htm
2023-11-14	四半期	当期第2四半期累計	連結	実績		会計上の見積りの変更	ChangesInAccountingEstimates			無	CurrentAccumulatedQ2Duration_ConsolidatedMember_ResultMember	/disc/55920/081220231113588492_tse-qcedjpsm-55920-20231114355920-ixbrl.htm
2023-11-14	四半期	当期第2四半期累計	連結	実績		修正再表示	RetrospectiveRestatement			無	CurrentAccumulatedQ2Duration_ConsolidatedMember_ResultMember	/disc/55920/081220231113588492_tse-qcedjpsm-55920-20231114355920-ixbrl.htm
2023-11-14	四半期	当期第2四半期累計	単体	実績		期末発行済株式数(自己株式を含む)	NumberOfIssuedAndOutstandingSharesAtTheEndOfFiscalYearIncludingTreasuryStock	9180000	Shares	9,180,000	CurrentAccumulatedQ2Instant_NonConsolidatedMember_ResultMember	/disc/55920/081220231113588492_tse-qcedjpsm-55920-20231114355920-ixbrl.htm
2023-11-14	四半期	前期	単体	実績		期末発行済株式数(自己株式を含む)	NumberOfIssuedAndOutstandingSharesAtTheEndOfFiscalYearIncludingTreasuryStock	9180000	Shares	9,180,000	PriorYearInstant_NonConsolidatedMember_ResultMember	/disc/55920/081220231113588492_tse-qcedjpsm-55920-20231114355920-ixbrl.htm
2023-11-14	四半期	当期第2四半期累計	単体	実績		期中平均株式数	AverageNumberOfShares	9180000	Shares	9,180,000	CurrentAccumulatedQ2Duration_NonConsolidatedMember_ResultMember	/disc/55920/081220231113588492_tse-qcedjpsm-55920-20231114355920-ixbrl.htm
2023-11-14	四半期	前期第2四半期累計	単体	実績		期中平均株式数	AverageNumberOfShares	9180000	Shares	9,180,000	PriorAccumulatedQ2Duration_NonConsolidatedMember_ResultMember	/disc/55920/081220231113588492_tse-qcedjpsm-55920-20231114355920-ixbrl.htm
2023-11-14	四半期	当期				将来情報の利用に関する注意	NotesForUsingForecastedInformationAndOthers			本資料に記載されている業績見通し等の将来に関する記述は当社が現在入手している情報及び合理的であると判断する一定の前提に基づいており、その達成を当社として約束する趣旨のものではありません。また、実際の業績等は様々な要因により大きく異なる可能性があります。	CurrentYearDuration	/disc/55920/081220231113588492_tse-qcedjpsm-55920-20231114355920-ixbrl.htm
2023-11-14	四半期	当期第2四半期累計					TokyoStockExchangePrime			false	CurrentAccumulatedQ2Instant	/disc/55920/081220231113588492_tse-qcedjpsm-55920-20231114355920-ixbrl.htm
2023-11-14	四半期	当期第2四半期累計					TokyoStockExchangeStandard			false	CurrentAccumulatedQ2Instant	/disc/55920/081220231113588492_tse-qcedjpsm-55920-20231114355920-ixbrl.htm
2023-11-14	四半期	当期第2四半期累計					TokyoStockExchangeGrowth			true	CurrentAccumulatedQ2Instant	/disc/55920/081220231113588492_tse-qcedjpsm-55920-20231114355920-ixbrl.htm
2023-11-14	四半期	当期第2四半期累計					TokyoStockExchange1stSection			false	CurrentAccumulatedQ2Instant	/disc/55920/081220231113588492_tse-qcedjpsm-55920-20231114355920-ixbrl.htm
2023-11-14	四半期	当期第2四半期累計					TokyoStockExchange2ndSection			false	CurrentAccumulatedQ2Instant	/disc/55920/081220231113588492_tse-qcedjpsm-55920-20231114355920-ixbrl.htm
2023-11-14	四半期	当期第2四半期累計					TokyoStockExchangeMothers			false	CurrentAccumulatedQ2Instant	/disc/55920/081220231113588492_tse-qcedjpsm-55920-20231114355920-ixbrl.htm
2023-11-14	四半期	当期第2四半期累計					TokyoStockExchangeJASDAQ			false	CurrentAccumulatedQ2Instant	/disc/55920/081220231113588492_tse-qcedjpsm-55920-20231114355920-ixbrl.htm
2023-11-14	四半期	当期第2四半期累計					TokyoStockExchangePROMarket			false	CurrentAccumulatedQ2Instant	/disc/55920/081220231113588492_tse-qcedjpsm-55920-20231114355920-ixbrl.htm
2023-11-14	四半期	当期第2四半期累計					TokyoStockExchangeOthers			false	CurrentAccumulatedQ2Instant	/disc/55920/081220231113588492_tse-qcedjpsm-55920-20231114355920-ixbrl.htm
2023-11-14	四半期	当期第2四半期累計					NagoyaStockExchange1stSection			false	CurrentAccumulatedQ2Instant	/disc/55920/081220231113588492_tse-qcedjpsm-55920-20231114355920-ixbrl.htm
2023-11-14	四半期	当期第2四半期累計					NagoyaStockExchange2ndSection			false	CurrentAccumulatedQ2Instant	/disc/55920/081220231113588492_tse-qcedjpsm-55920-20231114355920-ixbrl.htm
2023-11-14	四半期	当期第2四半期累計					NagoyaStockExchangeCentrex			false	CurrentAccumulatedQ2Instant	/disc/55920/081220231113588492_tse-qcedjpsm-55920-20231114355920-ixbrl.htm
2023-11-14	四半期	当期第2四半期累計					NagoyaStockExchangeOthers			false	CurrentAccumulatedQ2Instant	/disc/55920/081220231113588492_tse-qcedjpsm-55920-20231114355920-ixbrl.htm
2023-11-14	四半期	当期第2四半期累計					SapporoStockExchangeEstablished			false	CurrentAccumulatedQ2Instant	/disc/55920/081220231113588492_tse-qcedjpsm-55920-20231114355920-ixbrl.htm
2023-11-14	四半期	当期第2四半期累計					SapporoStockExchangeAmbitious			false	CurrentAccumulatedQ2Instant	/disc/55920/081220231113588492_tse-qcedjpsm-55920-20231114355920-ixbrl.htm
2023-11-14	四半期	当期第2四半期累計					SapporoStockExchangeOthers			false	CurrentAccumulatedQ2Instant	/disc/55920/081220231113588492_tse-qcedjpsm-55920-20231114355920-ixbrl.htm
2023-11-14	四半期	当期第2四半期累計					FukuokaStockExchangeEstablished			false	CurrentAccumulatedQ2Instant	/disc/55920/081220231113588492_tse-qcedjpsm-55920-20231114355920-ixbrl.htm
2023-11-14	四半期	当期第2四半期累計					FukuokaStockExchangeQBoard			false	CurrentAccumulatedQ2Instant	/disc/55920/081220231113588492_tse-qcedjpsm-55920-20231114355920-ixbrl.htm
2023-11-14	四半期	当期第2四半期累計					FukuokaStockExchangeOthers			false	CurrentAccumulatedQ2Instant	/disc/55920/081220231113588492_tse-qcedjpsm-55920-20231114355920-ixbrl.htm
2023-11-14	四半期	当期第2四半期累計					JapanSecuritiesDealersAssociationGreenSheet			false	CurrentAccumulatedQ2Instant	/disc/55920/081220231113588492_tse-qcedjpsm-55920-20231114355920-ixbrl.htm
2023-11-14	四半期	当期					GeneralBusiness			true	CurrentYearInstant	/disc/55920/081220231113588492_tse-qcedjpsm-55920-20231114355920-ixbrl.htm
2023-11-14	四半期	当期					SpecificBusiness			false	CurrentYearInstant	/disc/55920/081220231113588492_tse-qcedjpsm-55920-20231114355920-ixbrl.htm
2023-11-14	四半期	当期				決算期末	FiscalYearEnd			2024-03-31	CurrentYearInstant	/disc/55920/081220231113588492_tse-qcedjpsm-55920-20231114355920-ixbrl.htm
2023-11-14	四半期	当期第2四半期累計				四半期	QuarterlyPeriod	2	Pure	2	CurrentAccumulatedQ2Instant	/disc/55920/081220231113588492_tse-qcedjpsm-55920-20231114355920-ixbrl.htm
2024-02-14	四半期	当期第3四半期累計				書類名	DocumentName			第３四半期決算短信〔日本基準〕(連結)	CurrentAccumulatedQ3Instant	/disc/55920/081220240214536085_tse-qcedjpsm-55920-20240214355920-ixbrl.htm
2024-02-14	四半期	当期第3四半期累計				提出日	FilingDate			2024年２月14日	CurrentAccumulatedQ3Instant	/disc/55920/081220240214536085_tse-qcedjpsm-55920-20240214355920-ixbrl.htm
2024-02-14	四半期	当期第3四半期累計				会社名	CompanyName			株式会社くすりの窓口	CurrentAccumulatedQ3Instant	/disc/55920/081220240214536085_tse-qcedjpsm-55920-20240214355920-ixbrl.htm
2024-02-14	四半期	当期第3四半期累計					TokyoStockExchange			東	CurrentAccumulatedQ3Instant	/disc/55920/081220240214536085_tse-qcedjpsm-55920-20240214355920-ixbrl.htm
2024-02-14	四半期	当期第3四半期累計				証券コード	SecuritiesCode			55920	CurrentAccumulatedQ3Instant	/disc/55920/081220240214536085_tse-qcedjpsm-55920-20240214355920-ixbrl.htm
2024-02-14	四半期	当期第3四半期累計				URL	URL			https://kusurinomadoguchi.co.jp/	CurrentAccumulatedQ3Instant	/disc/55920/081220240214536085_tse-qcedjpsm-55920-20240214355920-ixbrl.htm
2024-02-14	四半期	当期第3四半期累計				代表者の役職	TitleRepresentative			代表取締役社長	CurrentAccumulatedQ3Instant	/disc/55920/081220240214536085_tse-qcedjpsm-55920-20240214355920-ixbrl.htm
2024-02-14	四半期	当期第3四半期累計				代表者名	NameRepresentative			堤 幸治	CurrentAccumulatedQ3Instant	/disc/55920/081220240214536085_tse-qcedjpsm-55920-20240214355920-ixbrl.htm
2024-02-14	四半期	当期第3四半期累計					TitleInquiries			取締役管理本部長	CurrentAccumulatedQ3Instant	/disc/55920/081220240214536085_tse-qcedjpsm-55920-20240214355920-ixbrl.htm
2024-02-14	四半期	当期第3四半期累計					NameInquiries			外間 健	CurrentAccumulatedQ3Instant	/disc/55920/081220240214536085_tse-qcedjpsm-55920-20240214355920-ixbrl.htm
2024-02-14	四半期	当期第3四半期累計					Tel			03-6712-7406	CurrentAccumulatedQ3Instant	/disc/55920/081220240214536085_tse-qcedjpsm-55920-20240214355920-ixbrl.htm
2024-02-14	四半期	当期第3四半期累計					QuarterlyStatementFilingDateAsPlanned			2024年２月14日	CurrentAccumulatedQ3Instant	/disc/55920/081220240214536085_tse-qcedjpsm-55920-20240214355920-ixbrl.htm
2024-02-14	四半期	当期第3四半期累計					SupplementalMaterialOfQuarterlyResults			有	CurrentAccumulatedQ3Instant	/disc/55920/081220240214536085_tse-qcedjpsm-55920-20240214355920-ixbrl.htm
2024-02-14	四半期	当期第3四半期累計					ConveningBriefingOfQuarterlyResults			無	CurrentAccumulatedQ3Instant	/disc/55920/081220240214536085_tse-qcedjpsm-55920-20240214355920-ixbrl.htm
2024-02-14	四半期	当期第3四半期累計					NoteToFractionProcessingMethod			(百万円未満切捨て)	CurrentAccumulatedQ3Instant	/disc/55920/081220240214536085_tse-qcedjpsm-55920-20240214355920-ixbrl.htm
2024-02-14	四半期	当期第3四半期累計	連結	実績		売上高	NetSales	6259000000	JPY	6,259	CurrentAccumulatedQ3Duration_ConsolidatedMember_ResultMember	/disc/55920/081220240214536085_tse-qcedjpsm-55920-20240214355920-ixbrl.htm
2024-02-14	四半期	当期第3四半期累計	連結	実績		営業利益	OperatingIncome	1101000000	JPY	1,101	CurrentAccumulatedQ3Duration_ConsolidatedMember_ResultMember	/disc/55920/081220240214536085_tse-qcedjpsm-55920-20240214355920-ixbrl.htm
2024-02-14	四半期	当期第3四半期累計	連結	実績		経常利益	OrdinaryIncome	1101000000	JPY	1,101	CurrentAccumulatedQ3Duration_ConsolidatedMember_ResultMember	/disc/55920/081220240214536085_tse-qcedjpsm-55920-20240214355920-ixbrl.htm
2024-02-14	四半期	当期第3四半期累計	連結	実績		親会社株主に帰属する当期純利益	ProfitAttributableToOwnersOfParent	720000000	JPY	720	CurrentAccumulatedQ3Duration_ConsolidatedMember_ResultMember	/disc/55920/081220240214536085_tse-qcedjpsm-55920-20240214355920-ixbrl.htm
2024-02-14	四半期	当期第3四半期累計	連結	実績		包括利益	ComprehensiveIncome	731000000	JPY	731	CurrentAccumulatedQ3Duration_ConsolidatedMember_ResultMember	/disc/55920/081220240214536085_tse-qcedjpsm-55920-20240214355920-ixbrl.htm
2024-02-14	四半期	当期第3四半期累計	連結	実績		1株当たり当期純利益	NetIncomePerShare	73.79	JPYPerShares	73.79	CurrentAccumulatedQ3Duration_ConsolidatedMember_ResultMember	/disc/55920/081220240214536085_tse-qcedjpsm-55920-20240214355920-ixbrl.htm
2024-02-14	四半期	当期第3四半期累計	連結	実績		潜在株式調整後1株当たり当期純利益	DilutedNetIncomePerShare	71.55	JPYPerShares	71.55	CurrentAccumulatedQ3Duration_ConsolidatedMember_ResultMember	/disc/55920/081220240214536085_tse-qcedjpsm-55920-20240214355920-ixbrl.htm
2024-02-14	四半期	当期第3四半期累計	連結	実績		経営成績の注記	NoteToOperatingResults			&#160;(注）１．当社は2023年３月期第３四半期については四半期連結財務諸表を作成していないため、2023年３月期第３四半期の数値及び2024年３月期第３四半期の対前年同四半期増減率については記載しておりません。&#160;２．潜在株式調整後１株当たり四半期純利益については、新株予約権の残高がありますが、当社は2023年10月４日に東京証券取引所グロース市場に上場したため、2023年３月期第３四半期連結累計期間については、期中平均株価が把握できないため記載しておりません。&#160;３．2024年３月期第３四半期の潜在株式調整後１株当たり四半期純利益については、当社株式が2023年10月４日に東京証券取引所グロース市場に上場したため、新規上場日から当第３四半期末までの平均株価を期中平均株価とみなして算定しております。	CurrentAccumulatedQ3Duration_ConsolidatedMember_ResultMember	/disc/55920/081220240214536085_tse-qcedjpsm-55920-20240214355920-ixbrl.htm
2024-02-14	四半期	当期第3四半期累計	連結	実績		総資産	TotalAssets	21301000000	JPY	21,301	CurrentAccumulatedQ3Instant_ConsolidatedMember_ResultMember	/disc/55920/081220240214536085_tse-qcedjpsm-55920-20240214355920-ixbrl.htm
2024-02-14	四半期	当期第3四半期累計	連結	実績		純資産	NetAssets	6243000000	JPY	6,243	CurrentAccumulatedQ3Instant_ConsolidatedMember_ResultMember	/disc/55920/081220240214536085_tse-qcedjpsm-55920-20240214355920-ixbrl.htm
2024-02-14	四半期	当期第3四半期累計	連結	実績		自己資本比率	CapitalAdequacyRatio	0.292	Pure	29.2	CurrentAccumulatedQ3Instant_ConsolidatedMember_ResultMember	/disc/55920/081220240214536085_tse-qcedjpsm-55920-20240214355920-ixbrl.htm
2024-02-14	四半期	前期	連結	実績		総資産	TotalAssets	12219000000	JPY	12,219	PriorYearInstant_ConsolidatedMember_ResultMember	/disc/55920/081220240214536085_tse-qcedjpsm-55920-20240214355920-ixbrl.htm
2024-02-14	四半期	前期	連結	実績		純資産	NetAssets	2793000000	JPY	2,793	PriorYearInstant_ConsolidatedMember_ResultMember	/disc/55920/081220240214536085_tse-qcedjpsm-55920-20240214355920-ixbrl.htm
2024-02-14	四半期	前期	連結	実績		自己資本比率	CapitalAdequacyRatio	0.220	Pure	22.0	PriorYearInstant_ConsolidatedMember_ResultMember	/disc/55920/081220240214536085_tse-qcedjpsm-55920-20240214355920-ixbrl.htm
2024-02-14	四半期	当期第3四半期累計	連結	実績		自己資本	OwnersEquity	6218000000	JPY	6,218	CurrentAccumulatedQ3Instant_ConsolidatedMember_ResultMember	/disc/55920/081220240214536085_tse-qcedjpsm-55920-20240214355920-ixbrl.htm
2024-02-14	四半期	前期	連結	実績		自己資本	OwnersEquity	2694000000	JPY	2,694	PriorYearInstant_ConsolidatedMember_ResultMember	/disc/55920/081220240214536085_tse-qcedjpsm-55920-20240214355920-ixbrl.htm
2024-02-14	四半期	前期	単体	実績	第2四半期末	1株当たり配当金	DividendPerShare	0.00	JPYPerShares	0.00	PriorYearDuration_SecondQuarterMember_NonConsolidatedMember_ResultMember	/disc/55920/081220240214536085_tse-qcedjpsm-55920-20240214355920-ixbrl.htm
2024-02-14	四半期	前期	単体	実績	期末	1株当たり配当金	DividendPerShare	0.00	JPYPerShares	0.00	PriorYearDuration_YearEndMember_NonConsolidatedMember_ResultMember	/disc/55920/081220240214536085_tse-qcedjpsm-55920-20240214355920-ixbrl.htm
2024-02-14	四半期	前期	単体	実績	合計	1株当たり配当金	DividendPerShare	0.00	JPYPerShares	0.00	PriorYearDuration_AnnualMember_NonConsolidatedMember_ResultMember	/disc/55920/081220240214536085_tse-qcedjpsm-55920-20240214355920-ixbrl.htm
2024-02-14	四半期	当期	単体	実績	第2四半期末	1株当たり配当金	DividendPerShare	0.00	JPYPerShares	0.00	CurrentYearDuration_SecondQuarterMember_NonConsolidatedMember_ResultMember	/disc/55920/081220240214536085_tse-qcedjpsm-55920-20240214355920-ixbrl.htm
2024-02-14	四半期	当期	単体	予想	期末	1株当たり配当金	DividendPerShare	0.00	JPYPerShares	0.00	CurrentYearDuration_YearEndMember_NonConsolidatedMember_ForecastMember	/disc/55920/081220240214536085_tse-qcedjpsm-55920-20240214355920-ixbrl.htm
2024-02-14	四半期	当期	単体	予想	合計	1株当たり配当金	DividendPerShare	0.00	JPYPerShares	0.00	CurrentYearDuration_AnnualMember_NonConsolidatedMember_ForecastMember	/disc/55920/081220240214536085_tse-qcedjpsm-55920-20240214355920-ixbrl.htm
2024-02-14	四半期	当期	単体	実績	合計	当四半期における配当予想の修正	CorrectionOfDividendForecastInThisQuarter			無	CurrentYearDuration_AnnualMember_NonConsolidatedMember_ResultMember	/disc/55920/081220240214536085_tse-qcedjpsm-55920-20240214355920-ixbrl.htm
2024-02-14	四半期	当期	連結	予想		業績予想の見出し	TitleForForecasts			３．2024年３月期の連結業績予想（2023年４月１日～2024年３月31日）	CurrentYearDuration_ConsolidatedMember_ForecastMember	/disc/55920/081220240214536085_tse-qcedjpsm-55920-20240214355920-ixbrl.htm
2024-02-14	四半期	当期	連結	予想			PreambleToForecasts			連結業績予想に関する序文	CurrentYearDuration_ConsolidatedMember_ForecastMember	/disc/55920/081220240214536085_tse-qcedjpsm-55920-20240214355920-ixbrl.htm
2024-02-14	四半期	当期	連結	予想		売上高	NetSales	8298000000	JPY	8,298	CurrentYearDuration_ConsolidatedMember_ForecastMember	/disc/55920/081220240214536085_tse-qcedjpsm-55920-20240214355920-ixbrl.htm
2024-02-14	四半期	当期	連結	予想		売上高の増減率	ChangeInNetSales	0.118	Pure	11.8	CurrentYearDuration_ConsolidatedMember_ForecastMember	/disc/55920/081220240214536085_tse-qcedjpsm-55920-20240214355920-ixbrl.htm
2024-02-14	四半期	当期	連結	予想		営業利益	OperatingIncome	1233000000	JPY	1,233	CurrentYearDuration_ConsolidatedMember_ForecastMember	/disc/55920/081220240214536085_tse-qcedjpsm-55920-20240214355920-ixbrl.htm
2024-02-14	四半期	当期	連結	予想		営業利益の増減率	ChangeInOperatingIncome	0.174	Pure	17.4	CurrentYearDuration_ConsolidatedMember_ForecastMember	/disc/55920/081220240214536085_tse-qcedjpsm-55920-20240214355920-ixbrl.htm
2024-02-14	四半期	当期	連結	予想		経常利益	OrdinaryIncome	1178000000	JPY	1,178	CurrentYearDuration_ConsolidatedMember_ForecastMember	/disc/55920/081220240214536085_tse-qcedjpsm-55920-20240214355920-ixbrl.htm
2024-02-14	四半期	当期	連結	予想		経常利益の増減率	ChangeInOrdinaryIncome	0.255	Pure	25.5	CurrentYearDuration_ConsolidatedMember_ForecastMember	/disc/55920/081220240214536085_tse-qcedjpsm-55920-20240214355920-ixbrl.htm
2024-02-14	四半期	当期	連結	予想		親会社株主に帰属する当期純利益	ProfitAttributableToOwnersOfParent	751000000	JPY	751	CurrentYearDuration_ConsolidatedMember_ForecastMember	/disc/55920/081220240214536085_tse-qcedjpsm-55920-20240214355920-ixbrl.htm
2024-02-14	四半期	当期	連結	予想		親会社株主に帰属する当期純利益の増減率	ChangeInProfitAttributableToOwnersOfParent	0.918	Pure	91.8	CurrentYearDuration_ConsolidatedMember_ForecastMember	/disc/55920/081220240214536085_tse-qcedjpsm-55920-20240214355920-ixbrl.htm
2024-02-14	四半期	当期	連結	予想		1株当たり当期純利益	NetIncomePerShare	72.61	JPYPerShares	72.61	CurrentYearDuration_ConsolidatedMember_ForecastMember	/disc/55920/081220240214536085_tse-qcedjpsm-55920-20240214355920-ixbrl.htm
2024-02-14	四半期	当期	連結	予想		当四半期における業績予想の修正	CorrectionOfConsolidatedFinancialForecastInThisQuarter			無	CurrentYearDuration_ConsolidatedMember_ForecastMember	/disc/55920/081220240214536085_tse-qcedjpsm-55920-20240214355920-ixbrl.htm
2024-02-14	四半期	当期第3四半期累計	連結	実績			MaterialChangesInSubsidiariesDuringThisPeriodChangesInScopeOfConsolidationsResultingFromChangeIsSubsidiaries			有	CurrentAccumulatedQ3Duration_ConsolidatedMember_ResultMember	/disc/55920/081220240214536085_tse-qcedjpsm-55920-20240214355920-ixbrl.htm
2024-02-14	四半期	当期第3四半期累計	連結	実績		新規連結子会社数	NumberOfSubsidiariesNewlyConsolidated	1	NumberOfCompanies	1	CurrentAccumulatedQ3Duration_ConsolidatedMember_ResultMember	/disc/55920/081220240214536085_tse-qcedjpsm-55920-20240214355920-ixbrl.htm
2024-02-14	四半期	当期第3四半期累計	連結	実績		新規連結子会社の名称	NameOfSubsidiariesNewlyConsolidated			株式会社ホスピタルヘルスケア	CurrentAccumulatedQ3Duration_ConsolidatedMember_ResultMember	/disc/55920/081220240214536085_tse-qcedjpsm-55920-20240214355920-ixbrl.htm
2024-02-14	四半期	当期第3四半期累計	連結	実績		除外子会社数	NumberOfSubsidiariesExcludedFromConsolidation	1	NumberOfCompanies	1	CurrentAccumulatedQ3Duration_ConsolidatedMember_ResultMember	/disc/55920/081220240214536085_tse-qcedjpsm-55920-20240214355920-ixbrl.htm
2024-02-14	四半期	当期第3四半期累計	連結	実績		除外子会社の名称	NameOfSubsidiariesExcludedFromConsolidation			株式会社介護サプリ	CurrentAccumulatedQ3Duration_ConsolidatedMember_ResultMember	/disc/55920/081220240214536085_tse-qcedjpsm-55920-20240214355920-ixbrl.htm
2024-02-14	四半期	当期第3四半期累計	連結	実績			NoteToMaterialChangesInSubsidiariesDuringThisPeriod			当第３四半期連結会計期間において、当社は2023年12月１日開催の取締役会にて株式会社ホスピタルヘルスケアの株式の追加取得による同社及び同社の完全子会社株式会社EPARK人間ドックを子会社化することを決議し、同日付で株式譲渡契約を締結し、株式会社ホスピタルヘルスケアの普通株式を取得し完全子会社としております。 第２四半期連結会計期間において、当社が保有する株式会社介護サプリの株式の一部を合弁先である株式会社神戸デジタル・ラボに譲渡いたしました。この譲渡により、当社は株式会社介護サプリに対して重要な影響力を失うことから、第２四半期連結累計期間末より同社を連結の範囲から除外しております。なお、当社が2023年10月４付で東京証券取引所グロース市場への上場したことに伴い、当第３四半期連結会計期間末において、同社は特定子会社に該当いたしません。	CurrentAccumulatedQ3Duration_ConsolidatedMember_ResultMember	/disc/55920/081220240214536085_tse-qcedjpsm-55920-20240214355920-ixbrl.htm
2024-02-14	四半期	当期第3四半期累計	連結	実績			ApplyingOfSpecificAccountingOfTheConsolidatedQuarterlyFinancialStatements			無	CurrentAccumulatedQ3Duration_ConsolidatedMember_ResultMember	/disc/55920/081220240214536085_tse-qcedjpsm-55920-20240214355920-ixbrl.htm
2024-02-14	四半期	当期第3四半期累計	連結	実績			NoteToApplyingOfSpecificAccountingOfTheConsolidatedQuarterlyFinancialStatements			四半期連結財務諸表の作成に特有の会計処理の適用に関する注記	CurrentAccumulatedQ3Duration_ConsolidatedMember_ResultMember	/disc/55920/081220240214536085_tse-qcedjpsm-55920-20240214355920-ixbrl.htm
2024-02-14	四半期	当期第3四半期累計	連結	実績		会計基準等の改正に伴う変更	ChangesBasedOnRevisionsOfAccountingStandard			無	CurrentAccumulatedQ3Duration_ConsolidatedMember_ResultMember	/disc/55920/081220240214536085_tse-qcedjpsm-55920-20240214355920-ixbrl.htm
2024-02-14	四半期	当期第3四半期累計	連結	実績		それ以外の会計方針の変更	ChangesOtherThanOnesBasedOnRevisionsOfAccountingStandard			無	CurrentAccumulatedQ3Duration_ConsolidatedMember_ResultMember	/disc/55920/081220240214536085_tse-qcedjpsm-55920-20240214355920-ixbrl.htm
2024-02-14	四半期	当期第3四半期累計	連結	実績		会計上の見積りの変更	ChangesInAccountingEstimates			無	CurrentAccumulatedQ3Duration_ConsolidatedMember_ResultMember	/disc/55920/081220240214536085_tse-qcedjpsm-55920-20240214355920-ixbrl.htm
2024-02-14	四半期	当期第3四半期累計	連結	実績		修正再表示	RetrospectiveRestatement			無	CurrentAccumulatedQ3Duration_ConsolidatedMember_ResultMember	/disc/55920/081220240214536085_tse-qcedjpsm-55920-20240214355920-ixbrl.htm
2024-02-14	四半期	当期第3四半期累計	連結	実績			NoteToChangesInAccountingPoliciesAccountingEstimatesAndRetrospectiveRestatementQuarterlyConsolidated			会計方針の変更に関する注記	CurrentAccumulatedQ3Duration_ConsolidatedMember_ResultMember	/disc/55920/081220240214536085_tse-qcedjpsm-55920-20240214355920-ixbrl.htm
2024-02-14	四半期	当期第3四半期累計	単体	実績		期末発行済株式数(自己株式を含む)	NumberOfIssuedAndOutstandingSharesAtTheEndOfFiscalYearIncludingTreasuryStock	10980000	Shares	10,980,000	CurrentAccumulatedQ3Instant_NonConsolidatedMember_ResultMember	/disc/55920/081220240214536085_tse-qcedjpsm-55920-20240214355920-ixbrl.htm
2024-02-14	四半期	前期	単体	実績		期末発行済株式数(自己株式を含む)	NumberOfIssuedAndOutstandingSharesAtTheEndOfFiscalYearIncludingTreasuryStock	9180000	Shares	9,180,000	PriorYearInstant_NonConsolidatedMember_ResultMember	/disc/55920/081220240214536085_tse-qcedjpsm-55920-20240214355920-ixbrl.htm
2024-02-14	四半期	当期第3四半期累計	単体	実績		期中平均株式数	AverageNumberOfShares	9769090	Shares	9,769,090	CurrentAccumulatedQ3Duration_NonConsolidatedMember_ResultMember	/disc/55920/081220240214536085_tse-qcedjpsm-55920-20240214355920-ixbrl.htm
2024-02-14	四半期	前期第3四半期累計	単体	実績		期中平均株式数	AverageNumberOfShares	9180000	Shares	9,180,000	PriorAccumulatedQ3Duration_NonConsolidatedMember_ResultMember	/disc/55920/081220240214536085_tse-qcedjpsm-55920-20240214355920-ixbrl.htm
2024-02-14	四半期	当期第3四半期累計	単体	実績			NoteToNumberOfIssuedAndOutstandingSharesCommonStock			（注）2023年３月１日付で株式１株につき300株の分割を行っておりますが、2024年３月期の期首に株式分割が行われたと仮定し、2024年３月期３Ｑの期末発行済株式数及び期中平均株式数を算定しております。	CurrentAccumulatedQ3Instant_NonConsolidatedMember_ResultMember	/disc/55920/081220240214536085_tse-qcedjpsm-55920-20240214355920-ixbrl.htm
2024-02-14	四半期	当期				将来情報の利用に関する注意	NotesForUsingForecastedInformationAndOthers			本資料に記載されている業績見通し等の将来に関する記述は当社が現在入手している情報及び合理的であると判断する一定の前提に基づいており、その達成を当社として約束する趣旨のものではありません。また、実際の業績等は様々な要因により大きく異なる可能性があります。	CurrentYearDuration	/disc/55920/081220240214536085_tse-qcedjpsm-55920-20240214355920-ixbrl.htm
2024-02-14	四半期	当期第3四半期累計					TokyoStockExchangePrime			false	CurrentAccumulatedQ3Instant	/disc/55920/081220240214536085_tse-qcedjpsm-55920-20240214355920-ixbrl.htm
2024-02-14	四半期	当期第3四半期累計					TokyoStockExchangeStandard			false	CurrentAccumulatedQ3Instant	/disc/55920/081220240214536085_tse-qcedjpsm-55920-20240214355920-ixbrl.htm
2024-02-14	四半期	当期第3四半期累計					TokyoStockExchangeGrowth			true	CurrentAccumulatedQ3Instant	/disc/55920/081220240214536085_tse-qcedjpsm-55920-20240214355920-ixbrl.htm
2024-02-14	四半期	当期第3四半期累計					TokyoStockExchange1stSection			false	CurrentAccumulatedQ3Instant	/disc/55920/081220240214536085_tse-qcedjpsm-55920-20240214355920-ixbrl.htm
2024-02-14	四半期	当期第3四半期累計					TokyoStockExchange2ndSection			false	CurrentAccumulatedQ3Instant	/disc/55920/081220240214536085_tse-qcedjpsm-55920-20240214355920-ixbrl.htm
2024-02-14	四半期	当期第3四半期累計					TokyoStockExchangeMothers			false	CurrentAccumulatedQ3Instant	/disc/55920/081220240214536085_tse-qcedjpsm-55920-20240214355920-ixbrl.htm
2024-02-14	四半期	当期第3四半期累計					TokyoStockExchangeJASDAQ			false	CurrentAccumulatedQ3Instant	/disc/55920/081220240214536085_tse-qcedjpsm-55920-20240214355920-ixbrl.htm
2024-02-14	四半期	当期第3四半期累計					TokyoStockExchangePROMarket			false	CurrentAccumulatedQ3Instant	/disc/55920/081220240214536085_tse-qcedjpsm-55920-20240214355920-ixbrl.htm
2024-02-14	四半期	当期第3四半期累計					TokyoStockExchangeOthers			false	CurrentAccumulatedQ3Instant	/disc/55920/081220240214536085_tse-qcedjpsm-55920-20240214355920-ixbrl.htm
2024-02-14	四半期	当期第3四半期累計					NagoyaStockExchange1stSection			false	CurrentAccumulatedQ3Instant	/disc/55920/081220240214536085_tse-qcedjpsm-55920-20240214355920-ixbrl.htm
2024-02-14	四半期	当期第3四半期累計					NagoyaStockExchange2ndSection			false	CurrentAccumulatedQ3Instant	/disc/55920/081220240214536085_tse-qcedjpsm-55920-20240214355920-ixbrl.htm
2024-02-14	四半期	当期第3四半期累計					NagoyaStockExchangeCentrex			false	CurrentAccumulatedQ3Instant	/disc/55920/081220240214536085_tse-qcedjpsm-55920-20240214355920-ixbrl.htm
2024-02-14	四半期	当期第3四半期累計					NagoyaStockExchangeOthers			false	CurrentAccumulatedQ3Instant	/disc/55920/081220240214536085_tse-qcedjpsm-55920-20240214355920-ixbrl.htm
2024-02-14	四半期	当期第3四半期累計					SapporoStockExchangeEstablished			false	CurrentAccumulatedQ3Instant	/disc/55920/081220240214536085_tse-qcedjpsm-55920-20240214355920-ixbrl.htm
2024-02-14	四半期	当期第3四半期累計					SapporoStockExchangeAmbitious			false	CurrentAccumulatedQ3Instant	/disc/55920/081220240214536085_tse-qcedjpsm-55920-20240214355920-ixbrl.htm
2024-02-14	四半期	当期第3四半期累計					SapporoStockExchangeOthers			false	CurrentAccumulatedQ3Instant	/disc/55920/081220240214536085_tse-qcedjpsm-55920-20240214355920-ixbrl.htm
2024-02-14	四半期	当期第3四半期累計					FukuokaStockExchangeEstablished			false	CurrentAccumulatedQ3Instant	/disc/55920/081220240214536085_tse-qcedjpsm-55920-20240214355920-ixbrl.htm
2024-02-14	四半期	当期第3四半期累計					FukuokaStockExchangeQBoard			false	CurrentAccumulatedQ3Instant	/disc/55920/081220240214536085_tse-qcedjpsm-55920-20240214355920-ixbrl.htm
2024-02-14	四半期	当期第3四半期累計					FukuokaStockExchangeOthers			false	CurrentAccumulatedQ3Instant	/disc/55920/081220240214536085_tse-qcedjpsm-55920-20240214355920-ixbrl.htm
2024-02-14	四半期	当期第3四半期累計					JapanSecuritiesDealersAssociationGreenSheet			false	CurrentAccumulatedQ3Instant	/disc/55920/081220240214536085_tse-qcedjpsm-55920-20240214355920-ixbrl.htm
2024-02-14	四半期	当期					GeneralBusiness			true	CurrentYearInstant	/disc/55920/081220240214536085_tse-qcedjpsm-55920-20240214355920-ixbrl.htm
2024-02-14	四半期	当期					SpecificBusiness			false	CurrentYearInstant	/disc/55920/081220240214536085_tse-qcedjpsm-55920-20240214355920-ixbrl.htm
2024-02-14	四半期	当期				決算期末	FiscalYearEnd			2023-12-31	CurrentYearInstant	/disc/55920/081220240214536085_tse-qcedjpsm-55920-20240214355920-ixbrl.htm
2024-02-14	四半期	当期第3四半期累計				四半期	QuarterlyPeriod	3	Pure	3	CurrentAccumulatedQ3Instant	/disc/55920/081220240214536085_tse-qcedjpsm-55920-20240214355920-ixbrl.htm
2024-05-15	年次	当期				書類名	DocumentName			決算短信〔日本基準〕(連結)	CurrentYearInstant	/disc/55920/081220240515597559_tse-acedjpsm-55920-20240515355920-ixbrl.htm
2024-05-15	年次	当期				提出日	FilingDate			2024年５月15日	CurrentYearInstant	/disc/55920/081220240515597559_tse-acedjpsm-55920-20240515355920-ixbrl.htm
2024-05-15	年次	当期				会社名	CompanyName			株式会社くすりの窓口	CurrentYearInstant	/disc/55920/081220240515597559_tse-acedjpsm-55920-20240515355920-ixbrl.htm
2024-05-15	年次	当期					TokyoStockExchange			東	CurrentYearInstant	/disc/55920/081220240515597559_tse-acedjpsm-55920-20240515355920-ixbrl.htm
2024-05-15	年次	当期				証券コード	SecuritiesCode			55920	CurrentYearInstant	/disc/55920/081220240515597559_tse-acedjpsm-55920-20240515355920-ixbrl.htm
2024-05-15	年次	当期				URL	URL			https://kusurinomadoguchi.co.jp/	CurrentYearInstant	/disc/55920/081220240515597559_tse-acedjpsm-55920-20240515355920-ixbrl.htm
2024-05-15	年次	当期				代表者の役職	TitleRepresentative			代表取締役社長	CurrentYearInstant	/disc/55920/081220240515597559_tse-acedjpsm-55920-20240515355920-ixbrl.htm
2024-05-15	年次	当期				代表者名	NameRepresentative			堤 幸治	CurrentYearInstant	/disc/55920/081220240515597559_tse-acedjpsm-55920-20240515355920-ixbrl.htm
2024-05-15	年次	当期					TitleInquiries			取締役管理本部長	CurrentYearInstant	/disc/55920/081220240515597559_tse-acedjpsm-55920-20240515355920-ixbrl.htm
2024-05-15	年次	当期					NameInquiries			外間 健	CurrentYearInstant	/disc/55920/081220240515597559_tse-acedjpsm-55920-20240515355920-ixbrl.htm
2024-05-15	年次	当期					Tel			03-6712-7406	CurrentYearInstant	/disc/55920/081220240515597559_tse-acedjpsm-55920-20240515355920-ixbrl.htm
2024-05-15	年次	当期					DateOfGeneralShareholdersMeetingAsPlanned			2024年６月27日	CurrentYearInstant	/disc/55920/081220240515597559_tse-acedjpsm-55920-20240515355920-ixbrl.htm
2024-05-15	年次	当期					AnnualSecuritiesReportFilingDateAsPlanned			2024年６月27日	CurrentYearInstant	/disc/55920/081220240515597559_tse-acedjpsm-55920-20240515355920-ixbrl.htm
2024-05-15	年次	当期					SupplementalMaterialOfAnnualResults			有	CurrentYearInstant	/disc/55920/081220240515597559_tse-acedjpsm-55920-20240515355920-ixbrl.htm
2024-05-15	年次	当期					ConveningBriefingOfAnnualResults			無	CurrentYearInstant	/disc/55920/081220240515597559_tse-acedjpsm-55920-20240515355920-ixbrl.htm
2024-05-15	年次	当期					NoteToFractionProcessingMethod			(百万円未満切捨て)	CurrentYearInstant	/disc/55920/081220240515597559_tse-acedjpsm-55920-20240515355920-ixbrl.htm
2024-05-15	年次	当期	連結	実績		売上高	NetSales	8721000000	JPY	8,721	CurrentYearDuration_ConsolidatedMember_ResultMember	/disc/55920/081220240515597559_tse-acedjpsm-55920-20240515355920-ixbrl.htm
2024-05-15	年次	当期	連結	実績		売上高の増減率	ChangeInNetSales	0.175	Pure	17.5	CurrentYearDuration_ConsolidatedMember_ResultMember	/disc/55920/081220240515597559_tse-acedjpsm-55920-20240515355920-ixbrl.htm
2024-05-15	年次	当期	連結	実績		営業利益	OperatingIncome	1370000000	JPY	1,370	CurrentYearDuration_ConsolidatedMember_ResultMember	/disc/55920/081220240515597559_tse-acedjpsm-55920-20240515355920-ixbrl.htm
2024-05-15	年次	当期	連結	実績		営業利益の増減率	ChangeInOperatingIncome	0.305	Pure	30.5	CurrentYearDuration_ConsolidatedMember_ResultMember	/disc/55920/081220240515597559_tse-acedjpsm-55920-20240515355920-ixbrl.htm
2024-05-15	年次	当期	連結	実績		経常利益	OrdinaryIncome	1325000000	JPY	1,325	CurrentYearDuration_ConsolidatedMember_ResultMember	/disc/55920/081220240515597559_tse-acedjpsm-55920-20240515355920-ixbrl.htm
2024-05-15	年次	当期	連結	実績		経常利益の増減率	ChangeInOrdinaryIncome	0.412	Pure	41.2	CurrentYearDuration_ConsolidatedMember_ResultMember	/disc/55920/081220240515597559_tse-acedjpsm-55920-20240515355920-ixbrl.htm
2024-05-15	年次	当期	連結	実績		親会社株主に帰属する当期純利益	ProfitAttributableToOwnersOfParent	870000000	JPY	870	CurrentYearDuration_ConsolidatedMember_ResultMember	/disc/55920/081220240515597559_tse-acedjpsm-55920-20240515355920-ixbrl.htm
2024-05-15	年次	当期	連結	実績		親会社株主に帰属する当期純利益の増減率	ChangeInProfitAttributableToOwnersOfParent	1.225	Pure	122.5	CurrentYearDuration_ConsolidatedMember_ResultMember	/disc/55920/081220240515597559_tse-acedjpsm-55920-20240515355920-ixbrl.htm
2024-05-15	年次	前期	連結	実績		売上高	NetSales	7420000000	JPY	7,420	PriorYearDuration_ConsolidatedMember_ResultMember	/disc/55920/081220240515597559_tse-acedjpsm-55920-20240515355920-ixbrl.htm
2024-05-15	年次	前期	連結	実績		売上高の増減率	ChangeInNetSales	0.144	Pure	14.4	PriorYearDuration_ConsolidatedMember_ResultMember	/disc/55920/081220240515597559_tse-acedjpsm-55920-20240515355920-ixbrl.htm
2024-05-15	年次	前期	連結	実績		営業利益	OperatingIncome	1050000000	JPY	1,050	PriorYearDuration_ConsolidatedMember_ResultMember	/disc/55920/081220240515597559_tse-acedjpsm-55920-20240515355920-ixbrl.htm
2024-05-15	年次	前期	連結	実績		営業利益の増減率	ChangeInOperatingIncome	0.469	Pure	46.9	PriorYearDuration_ConsolidatedMember_ResultMember	/disc/55920/081220240515597559_tse-acedjpsm-55920-20240515355920-ixbrl.htm
2024-05-15	年次	前期	連結	実績		経常利益	OrdinaryIncome	938000000	JPY	938	PriorYearDuration_ConsolidatedMember_ResultMember	/disc/55920/081220240515597559_tse-acedjpsm-55920-20240515355920-ixbrl.htm
2024-05-15	年次	前期	連結	実績		経常利益の増減率	ChangeInOrdinaryIncome	0.151	Pure	15.1	PriorYearDuration_ConsolidatedMember_ResultMember	/disc/55920/081220240515597559_tse-acedjpsm-55920-20240515355920-ixbrl.htm
2024-05-15	年次	前期	連結	実績		親会社株主に帰属する当期純利益	ProfitAttributableToOwnersOfParent	391000000	JPY	391	PriorYearDuration_ConsolidatedMember_ResultMember	/disc/55920/081220240515597559_tse-acedjpsm-55920-20240515355920-ixbrl.htm
2024-05-15	年次	前期	連結	実績		親会社株主に帰属する当期純利益の増減率	ChangeInProfitAttributableToOwnersOfParent	-0.241	Pure	24.1	PriorYearDuration_ConsolidatedMember_ResultMember	/disc/55920/081220240515597559_tse-acedjpsm-55920-20240515355920-ixbrl.htm
2024-05-15	年次	当期	連結	実績		包括利益	ComprehensiveIncome	874000000	JPY	874	CurrentYearDuration_ConsolidatedMember_ResultMember	/disc/55920/081220240515597559_tse-acedjpsm-55920-20240515355920-ixbrl.htm
2024-05-15	年次	当期	連結	実績		包括利益の増減率	ChangeInComprehensiveIncome	0.832	Pure	83.2	CurrentYearDuration_ConsolidatedMember_ResultMember	/disc/55920/081220240515597559_tse-acedjpsm-55920-20240515355920-ixbrl.htm
2024-05-15	年次	前期	連結	実績		包括利益	ComprehensiveIncome	477000000	JPY	477	PriorYearDuration_ConsolidatedMember_ResultMember	/disc/55920/081220240515597559_tse-acedjpsm-55920-20240515355920-ixbrl.htm
2024-05-15	年次	前期	連結	実績		包括利益の増減率	ChangeInComprehensiveIncome	-0.238	Pure	23.8	PriorYearDuration_ConsolidatedMember_ResultMember	/disc/55920/081220240515597559_tse-acedjpsm-55920-20240515355920-ixbrl.htm
2024-05-15	年次	当期	連結	実績		1株当たり当期純利益	NetIncomePerShare	86.48	JPYPerShares	86.48	CurrentYearDuration_ConsolidatedMember_ResultMember	/disc/55920/081220240515597559_tse-acedjpsm-55920-20240515355920-ixbrl.htm
2024-05-15	年次	当期	連結	実績		潜在株式調整後1株当たり当期純利益	DilutedNetIncomePerShare	84.00	JPYPerShares	84.00	CurrentYearDuration_ConsolidatedMember_ResultMember	/disc/55920/081220240515597559_tse-acedjpsm-55920-20240515355920-ixbrl.htm
2024-05-15	年次	当期	連結	実績		自己資本当期純利益率(ROE)	NetIncomeToShareholdersEquityRatio	0.192	Pure	19.2	CurrentYearDuration_ConsolidatedMember_ResultMember	/disc/55920/081220240515597559_tse-acedjpsm-55920-20240515355920-ixbrl.htm
2024-05-15	年次	当期	連結	実績		総資産経常利益率(ROA)	OrdinaryIncomeToTotalAssetsRatio	0.075	Pure	7.5	CurrentYearDuration_ConsolidatedMember_ResultMember	/disc/55920/081220240515597559_tse-acedjpsm-55920-20240515355920-ixbrl.htm
2024-05-15	年次	当期	連結	実績		売上高営業利益率	OperatingIncomeToNetSalesRatio	0.157	Pure	15.7	CurrentYearDuration_ConsolidatedMember_ResultMember	/disc/55920/081220240515597559_tse-acedjpsm-55920-20240515355920-ixbrl.htm
2024-05-15	年次	前期	連結	実績		1株当たり当期純利益	NetIncomePerShare	42.64	JPYPerShares	42.64	PriorYearDuration_ConsolidatedMember_ResultMember	/disc/55920/081220240515597559_tse-acedjpsm-55920-20240515355920-ixbrl.htm
2024-05-15	年次	前期	連結	実績		自己資本当期純利益率(ROE)	NetIncomeToShareholdersEquityRatio	0.152	Pure	15.2	PriorYearDuration_ConsolidatedMember_ResultMember	/disc/55920/081220240515597559_tse-acedjpsm-55920-20240515355920-ixbrl.htm
2024-05-15	年次	前期	連結	実績		総資産経常利益率(ROA)	OrdinaryIncomeToTotalAssetsRatio	0.081	Pure	8.1	PriorYearDuration_ConsolidatedMember_ResultMember	/disc/55920/081220240515597559_tse-acedjpsm-55920-20240515355920-ixbrl.htm
2024-05-15	年次	前期	連結	実績		売上高営業利益率	OperatingIncomeToNetSalesRatio	0.141	Pure	14.1	PriorYearDuration_ConsolidatedMember_ResultMember	/disc/55920/081220240515597559_tse-acedjpsm-55920-20240515355920-ixbrl.htm
2024-05-15	年次	当期	連結	実績		持分法投資損益	InvestmentProfitLossOnEquityMethod	7000000	JPY	7	CurrentYearDuration_ConsolidatedMember_ResultMember	/disc/55920/081220240515597559_tse-acedjpsm-55920-20240515355920-ixbrl.htm
2024-05-15	年次	前期	連結	実績		持分法投資損益	InvestmentProfitLossOnEquityMethod	-130000000	JPY	130	PriorYearDuration_ConsolidatedMember_ResultMember	/disc/55920/081220240515597559_tse-acedjpsm-55920-20240515355920-ixbrl.htm
2024-05-15	年次	当期	連結	実績		経営成績の注記	NoteToOperatingResults			(注）１．潜在株式調整後１株当たり当期純利益については、新株予約権の残高がありますが、当社は2023年10月４日に東京証券取引所グロース市場に上場したため、2023年３月期連結会計年度については、期中平均株価が把握できないため記載しておりません。２．2024年３月期連結会計年度の潜在株式調整後１株当たり当期純利益については、当社株式が2023年10月４日に東京証券取引所グロース市場に上場したため、新規上場日から当連結会計年度末までの平均株価を期中平均株価とみなして算定しております。	CurrentYearDuration_ConsolidatedMember_ResultMember	/disc/55920/081220240515597559_tse-acedjpsm-55920-20240515355920-ixbrl.htm
2024-05-15	年次	当期	連結	実績		総資産	TotalAssets	23071000000	JPY	23,071	CurrentYearInstant_ConsolidatedMember_ResultMember	/disc/55920/081220240515597559_tse-acedjpsm-55920-20240515355920-ixbrl.htm
2024-05-15	年次	当期	連結	実績		純資産	NetAssets	6420000000	JPY	6,420	CurrentYearInstant_ConsolidatedMember_ResultMember	/disc/55920/081220240515597559_tse-acedjpsm-55920-20240515355920-ixbrl.htm
2024-05-15	年次	当期	連結	実績		自己資本比率	CapitalAdequacyRatio	0.276	Pure	27.6	CurrentYearInstant_ConsolidatedMember_ResultMember	/disc/55920/081220240515597559_tse-acedjpsm-55920-20240515355920-ixbrl.htm
2024-05-15	年次	当期	連結	実績		1株当たり純資産	NetAssetsPerShare	579.97	JPYPerShares	579.97	CurrentYearInstant_ConsolidatedMember_ResultMember	/disc/55920/081220240515597559_tse-acedjpsm-55920-20240515355920-ixbrl.htm
2024-05-15	年次	前期	連結	実績		総資産	TotalAssets	12219000000	JPY	12,219	PriorYearInstant_ConsolidatedMember_ResultMember	/disc/55920/081220240515597559_tse-acedjpsm-55920-20240515355920-ixbrl.htm
2024-05-15	年次	前期	連結	実績		純資産	NetAssets	2793000000	JPY	2,793	PriorYearInstant_ConsolidatedMember_ResultMember	/disc/55920/081220240515597559_tse-acedjpsm-55920-20240515355920-ixbrl.htm
2024-05-15	年次	前期	連結	実績		自己資本比率	CapitalAdequacyRatio	0.220	Pure	22.0	PriorYearInstant_ConsolidatedMember_ResultMember	/disc/55920/081220240515597559_tse-acedjpsm-55920-20240515355920-ixbrl.htm
2024-05-15	年次	前期	連結	実績		1株当たり純資産	NetAssetsPerShare	293.47	JPYPerShares	293.47	PriorYearInstant_ConsolidatedMember_ResultMember	/disc/55920/081220240515597559_tse-acedjpsm-55920-20240515355920-ixbrl.htm
2024-05-15	年次	当期	連結	実績		自己資本	OwnersEquity	6368000000	JPY	6,368	CurrentYearInstant_ConsolidatedMember_ResultMember	/disc/55920/081220240515597559_tse-acedjpsm-55920-20240515355920-ixbrl.htm
2024-05-15	年次	前期	連結	実績		自己資本	OwnersEquity	2694000000	JPY	2,694	PriorYearInstant_ConsolidatedMember_ResultMember	/disc/55920/081220240515597559_tse-acedjpsm-55920-20240515355920-ixbrl.htm
2024-05-15	年次	当期	連結	実績		営業キャッシュフロー	CashFlowsFromOperatingActivities	2627000000	JPY	2,627	CurrentYearDuration_ConsolidatedMember_ResultMember	/disc/55920/081220240515597559_tse-acedjpsm-55920-20240515355920-ixbrl.htm
2024-05-15	年次	当期	連結	実績		投資キャッシュフロー	CashFlowsFromInvestingActivities	-1794000000	JPY	1,794	CurrentYearDuration_ConsolidatedMember_ResultMember	/disc/55920/081220240515597559_tse-acedjpsm-55920-20240515355920-ixbrl.htm
2024-05-15	年次	当期	連結	実績		財務キャッシュフロー	CashFlowsFromFinancingActivities	7811000000	JPY	7,811	CurrentYearDuration_ConsolidatedMember_ResultMember	/disc/55920/081220240515597559_tse-acedjpsm-55920-20240515355920-ixbrl.htm
2024-05-15	年次	当期	連結	実績		現金及び現金同等物の期末残高	CashAndEquivalentsEndOfPeriod	14590000000	JPY	14,590	CurrentYearInstant_ConsolidatedMember_ResultMember	/disc/55920/081220240515597559_tse-acedjpsm-55920-20240515355920-ixbrl.htm
2024-05-15	年次	前期	連結	実績		営業キャッシュフロー	CashFlowsFromOperatingActivities	3096000000	JPY	3,096	PriorYearDuration_ConsolidatedMember_ResultMember	/disc/55920/081220240515597559_tse-acedjpsm-55920-20240515355920-ixbrl.htm
2024-05-15	年次	前期	連結	実績		投資キャッシュフロー	CashFlowsFromInvestingActivities	-1537000000	JPY	1,537	PriorYearDuration_ConsolidatedMember_ResultMember	/disc/55920/081220240515597559_tse-acedjpsm-55920-20240515355920-ixbrl.htm
2024-05-15	年次	前期	連結	実績		財務キャッシュフロー	CashFlowsFromFinancingActivities	-635000000	JPY	635	PriorYearDuration_ConsolidatedMember_ResultMember	/disc/55920/081220240515597559_tse-acedjpsm-55920-20240515355920-ixbrl.htm
2024-05-15	年次	前期	連結	実績		現金及び現金同等物の期末残高	CashAndEquivalentsEndOfPeriod	5946000000	JPY	5,946	PriorYearInstant_ConsolidatedMember_ResultMember	/disc/55920/081220240515597559_tse-acedjpsm-55920-20240515355920-ixbrl.htm
2024-05-15	年次	前期	単体	実績	第2四半期末	1株当たり配当金	DividendPerShare	0.00	JPYPerShares	0.00	PriorYearDuration_SecondQuarterMember_NonConsolidatedMember_ResultMember	/disc/55920/081220240515597559_tse-acedjpsm-55920-20240515355920-ixbrl.htm
2024-05-15	年次	前期	単体	実績	期末	1株当たり配当金	DividendPerShare	0.00	JPYPerShares	0.00	PriorYearDuration_YearEndMember_NonConsolidatedMember_ResultMember	/disc/55920/081220240515597559_tse-acedjpsm-55920-20240515355920-ixbrl.htm
2024-05-15	年次	前期	単体	実績	合計	1株当たり配当金	DividendPerShare	0.00	JPYPerShares	0.00	PriorYearDuration_AnnualMember_NonConsolidatedMember_ResultMember	/disc/55920/081220240515597559_tse-acedjpsm-55920-20240515355920-ixbrl.htm
2024-05-15	年次	当期	単体	実績	第2四半期末	1株当たり配当金	DividendPerShare	0.00	JPYPerShares	0.00	CurrentYearDuration_SecondQuarterMember_NonConsolidatedMember_ResultMember	/disc/55920/081220240515597559_tse-acedjpsm-55920-20240515355920-ixbrl.htm
2024-05-15	年次	当期	単体	実績	期末	1株当たり配当金	DividendPerShare	0.00	JPYPerShares	0.00	CurrentYearDuration_YearEndMember_NonConsolidatedMember_ResultMember	/disc/55920/081220240515597559_tse-acedjpsm-55920-20240515355920-ixbrl.htm
2024-05-15	年次	当期	単体	実績	合計	1株当たり配当金	DividendPerShare	0.00	JPYPerShares	0.00	CurrentYearDuration_AnnualMember_NonConsolidatedMember_ResultMember	/disc/55920/081220240515597559_tse-acedjpsm-55920-20240515355920-ixbrl.htm
2024-05-15	年次	来期	単体	予想	第2四半期末	1株当たり配当金	DividendPerShare	0.00	JPYPerShares	0.00	NextYearDuration_SecondQuarterMember_NonConsolidatedMember_ForecastMember	/disc/55920/081220240515597559_tse-acedjpsm-55920-20240515355920-ixbrl.htm
2024-05-15	年次	来期	単体	予想	期末	1株当たり配当金	DividendPerShare	14.00	JPYPerShares	14.00	NextYearDuration_YearEndMember_NonConsolidatedMember_ForecastMember	/disc/55920/081220240515597559_tse-acedjpsm-55920-20240515355920-ixbrl.htm
2024-05-15	年次	来期	単体	予想	合計	1株当たり配当金	DividendPerShare	14.00	JPYPerShares	14.00	NextYearDuration_AnnualMember_NonConsolidatedMember_ForecastMember	/disc/55920/081220240515597559_tse-acedjpsm-55920-20240515355920-ixbrl.htm
2024-05-15	年次	来期	連結	予想	合計	配当性向	PayoutRatio	0.151	Pure	15.1	NextYearDuration_AnnualMember_ConsolidatedMember_ForecastMember	/disc/55920/081220240515597559_tse-acedjpsm-55920-20240515355920-ixbrl.htm
2024-05-15	年次	来期	連結	予想		業績予想の見出し	TitleForForecasts			３．2025年３月期の連結業績予想（2024年４月１日～2025年３月31日）	NextYearDuration_ConsolidatedMember_ForecastMember	/disc/55920/081220240515597559_tse-acedjpsm-55920-20240515355920-ixbrl.htm
2024-05-15	年次	来期	連結	予想		売上高	NetSales	10000000000	JPY	10,000	NextYearDuration_ConsolidatedMember_ForecastMember	/disc/55920/081220240515597559_tse-acedjpsm-55920-20240515355920-ixbrl.htm
2024-05-15	年次	来期	連結	予想		売上高の増減率	ChangeInNetSales	0.147	Pure	14.7	NextYearDuration_ConsolidatedMember_ForecastMember	/disc/55920/081220240515597559_tse-acedjpsm-55920-20240515355920-ixbrl.htm
2024-05-15	年次	来期	連結	予想		営業利益	OperatingIncome	1510000000	JPY	1,510	NextYearDuration_ConsolidatedMember_ForecastMember	/disc/55920/081220240515597559_tse-acedjpsm-55920-20240515355920-ixbrl.htm
2024-05-15	年次	来期	連結	予想		営業利益の増減率	ChangeInOperatingIncome	0.102	Pure	10.2	NextYearDuration_ConsolidatedMember_ForecastMember	/disc/55920/081220240515597559_tse-acedjpsm-55920-20240515355920-ixbrl.htm
2024-05-15	年次	来期	連結	予想		経常利益	OrdinaryIncome	1485000000	JPY	1,485	NextYearDuration_ConsolidatedMember_ForecastMember	/disc/55920/081220240515597559_tse-acedjpsm-55920-20240515355920-ixbrl.htm
2024-05-15	年次	来期	連結	予想		経常利益の増減率	ChangeInOrdinaryIncome	0.120	Pure	12.0	NextYearDuration_ConsolidatedMember_ForecastMember	/disc/55920/081220240515597559_tse-acedjpsm-55920-20240515355920-ixbrl.htm
2024-05-15	年次	来期	連結	予想		親会社株主に帰属する当期純利益	ProfitAttributableToOwnersOfParent	1017000000	JPY	1,017	NextYearDuration_ConsolidatedMember_ForecastMember	/disc/55920/081220240515597559_tse-acedjpsm-55920-20240515355920-ixbrl.htm
2024-05-15	年次	来期	連結	予想		親会社株主に帰属する当期純利益の増減率	ChangeInProfitAttributableToOwnersOfParent	0.168	Pure	16.8	NextYearDuration_ConsolidatedMember_ForecastMember	/disc/55920/081220240515597559_tse-acedjpsm-55920-20240515355920-ixbrl.htm
2024-05-15	年次	来期	連結	予想		1株当たり当期純利益	NetIncomePerShare	92.62	JPYPerShares	92.62	NextYearDuration_ConsolidatedMember_ForecastMember	/disc/55920/081220240515597559_tse-acedjpsm-55920-20240515355920-ixbrl.htm
2024-05-15	年次	当期	連結	実績			MaterialChangesInSubsidiariesDuringThisPeriodChangesInScopeOfConsolidationsResultingFromChangeIsSubsidiaries			有	CurrentYearDuration_ConsolidatedMember_ResultMember	/disc/55920/081220240515597559_tse-acedjpsm-55920-20240515355920-ixbrl.htm
2024-05-15	年次	当期	連結	実績		新規連結子会社数	NumberOfSubsidiariesNewlyConsolidated	1	NumberOfCompanies	1	CurrentYearDuration_ConsolidatedMember_ResultMember	/disc/55920/081220240515597559_tse-acedjpsm-55920-20240515355920-ixbrl.htm
2024-05-15	年次	当期	連結	実績		新規連結子会社の名称	NameOfSubsidiariesNewlyConsolidated			株式会社ホスピタルヘルスケア	CurrentYearDuration_ConsolidatedMember_ResultMember	/disc/55920/081220240515597559_tse-acedjpsm-55920-20240515355920-ixbrl.htm
2024-05-15	年次	当期	連結	実績		除外子会社数	NumberOfSubsidiariesExcludedFromConsolidation	1	NumberOfCompanies	1	CurrentYearDuration_ConsolidatedMember_ResultMember	/disc/55920/081220240515597559_tse-acedjpsm-55920-20240515355920-ixbrl.htm
2024-05-15	年次	当期	連結	実績		除外子会社の名称	NameOfSubsidiariesExcludedFromConsolidation			株式会社介護サプリ	CurrentYearDuration_ConsolidatedMember_ResultMember	/disc/55920/081220240515597559_tse-acedjpsm-55920-20240515355920-ixbrl.htm
2024-05-15	年次	当期	連結	実績			NoteToMaterialChangesInSubsidiariesDuringThisPeriod			第３四半期連結会計期間において、当社は2023年12月１日開催の取締役会において株式会社ホスピタルヘルスケアの株式の追加取得による同社及び同社の完全子会社株式会社EPARK人間ドックを子会社化することを決議し、同日付で株式譲渡契約を締結し、株式会社ホスピタルヘルスケアの普通株式を取得し完全子会社としております。 第２四半期連結会計期間において、当社が保有する株式会社介護サプリの株式の一部を合弁先である株式会社神戸デジタル・ラボに譲渡いたしました。この譲渡により、当社は株式会社介護サプリに対して重要な影響力を失うことから、第２四半期連結累計期間末より同社を連結の範囲から除外しております。なお、当社が2023年10月４付で東京証券取引所グロース市場へ上場したことに伴い、同社は特定子会社の対象から外れております。	CurrentYearDuration_ConsolidatedMember_ResultMember	/disc/55920/081220240515597559_tse-acedjpsm-55920-20240515355920-ixbrl.htm
2024-05-15	年次	当期	連結	実績		会計基準等の改正に伴う変更	ChangesBasedOnRevisionsOfAccountingStandard			無	CurrentYearDuration_ConsolidatedMember_ResultMember	/disc/55920/081220240515597559_tse-acedjpsm-55920-20240515355920-ixbrl.htm
2024-05-15	年次	当期	連結	実績		それ以外の会計方針の変更	ChangesOtherThanOnesBasedOnRevisionsOfAccountingStandard			無	CurrentYearDuration_ConsolidatedMember_ResultMember	/disc/55920/081220240515597559_tse-acedjpsm-55920-20240515355920-ixbrl.htm
2024-05-15	年次	当期	連結	実績		会計上の見積りの変更	ChangesInAccountingEstimates			無	CurrentYearDuration_ConsolidatedMember_ResultMember	/disc/55920/081220240515597559_tse-acedjpsm-55920-20240515355920-ixbrl.htm
2024-05-15	年次	当期	連結	実績		修正再表示	RetrospectiveRestatement			無	CurrentYearDuration_ConsolidatedMember_ResultMember	/disc/55920/081220240515597559_tse-acedjpsm-55920-20240515355920-ixbrl.htm
2024-05-15	年次	当期	単体	実績		期末発行済株式数(自己株式を含む)	NumberOfIssuedAndOutstandingSharesAtTheEndOfFiscalYearIncludingTreasuryStock	10980000	Shares	10,980,000	CurrentYearInstant_NonConsolidatedMember_ResultMember	/disc/55920/081220240515597559_tse-acedjpsm-55920-20240515355920-ixbrl.htm
2024-05-15	年次	前期	単体	実績		期末発行済株式数(自己株式を含む)	NumberOfIssuedAndOutstandingSharesAtTheEndOfFiscalYearIncludingTreasuryStock	9180000	Shares	9,180,000	PriorYearInstant_NonConsolidatedMember_ResultMember	/disc/55920/081220240515597559_tse-acedjpsm-55920-20240515355920-ixbrl.htm
2024-05-15	年次	当期	単体	実績		期中平均株式数	AverageNumberOfShares	10070163	Shares	10,070,163	CurrentYearDuration_NonConsolidatedMember_ResultMember	/disc/55920/081220240515597559_tse-acedjpsm-55920-20240515355920-ixbrl.htm
2024-05-15	年次	前期	単体	実績		期中平均株式数	AverageNumberOfShares	9180000	Shares	9,180,000	PriorYearDuration_NonConsolidatedMember_ResultMember	/disc/55920/081220240515597559_tse-acedjpsm-55920-20240515355920-ixbrl.htm
2024-05-15	年次	当期	単体	実績			NoteToNumberOfIssuedAndOutstandingSharesCommonStock			（注）2023年３月１日付で株式１株につき300株の分割を行っておりますが、2024年３月期の期首に株式分割が行われたと仮定し、2024年３月期２Ｑの期末発行済株式数及び期中平均株式数を算定しております。	CurrentYearInstant_NonConsolidatedMember_ResultMember	/disc/55920/081220240515597559_tse-acedjpsm-55920-20240515355920-ixbrl.htm
2024-05-15	年次	当期	単体	実績		売上高	NetSales	6479000000	JPY	6,479	CurrentYearDuration_NonConsolidatedMember_ResultMember	/disc/55920/081220240515597559_tse-acedjpsm-55920-20240515355920-ixbrl.htm
2024-05-15	年次	当期	単体	実績		売上高の増減率	ChangeInNetSales	0.141	Pure	14.1	CurrentYearDuration_NonConsolidatedMember_ResultMember	/disc/55920/081220240515597559_tse-acedjpsm-55920-20240515355920-ixbrl.htm
2024-05-15	年次	当期	単体	実績		営業利益	OperatingIncome	1013000000	JPY	1,013	CurrentYearDuration_NonConsolidatedMember_ResultMember	/disc/55920/081220240515597559_tse-acedjpsm-55920-20240515355920-ixbrl.htm
2024-05-15	年次	当期	単体	実績		営業利益の増減率	ChangeInOperatingIncome	0.438	Pure	43.8	CurrentYearDuration_NonConsolidatedMember_ResultMember	/disc/55920/081220240515597559_tse-acedjpsm-55920-20240515355920-ixbrl.htm
2024-05-15	年次	当期	単体	実績		経常利益	OrdinaryIncome	955000000	JPY	955	CurrentYearDuration_NonConsolidatedMember_ResultMember	/disc/55920/081220240515597559_tse-acedjpsm-55920-20240515355920-ixbrl.htm
2024-05-15	年次	当期	単体	実績		経常利益の増減率	ChangeInOrdinaryIncome	0.390	Pure	39.0	CurrentYearDuration_NonConsolidatedMember_ResultMember	/disc/55920/081220240515597559_tse-acedjpsm-55920-20240515355920-ixbrl.htm
2024-05-15	年次	当期	単体	実績		当期純利益	NetIncome	651000000	JPY	651	CurrentYearDuration_NonConsolidatedMember_ResultMember	/disc/55920/081220240515597559_tse-acedjpsm-55920-20240515355920-ixbrl.htm
2024-05-15	年次	当期	単体	実績		当期純利益の増減率	ChangeInNetIncome	0.635	Pure	63.5	CurrentYearDuration_NonConsolidatedMember_ResultMember	/disc/55920/081220240515597559_tse-acedjpsm-55920-20240515355920-ixbrl.htm
2024-05-15	年次	前期	単体	実績		売上高	NetSales	5677000000	JPY	5,677	PriorYearDuration_NonConsolidatedMember_ResultMember	/disc/55920/081220240515597559_tse-acedjpsm-55920-20240515355920-ixbrl.htm
2024-05-15	年次	前期	単体	実績		売上高の増減率	ChangeInNetSales	0.124	Pure	12.4	PriorYearDuration_NonConsolidatedMember_ResultMember	/disc/55920/081220240515597559_tse-acedjpsm-55920-20240515355920-ixbrl.htm
2024-05-15	年次	前期	単体	実績		営業利益	OperatingIncome	704000000	JPY	704	PriorYearDuration_NonConsolidatedMember_ResultMember	/disc/55920/081220240515597559_tse-acedjpsm-55920-20240515355920-ixbrl.htm
2024-05-15	年次	前期	単体	実績		営業利益の増減率	ChangeInOperatingIncome	0.511	Pure	51.1	PriorYearDuration_NonConsolidatedMember_ResultMember	/disc/55920/081220240515597559_tse-acedjpsm-55920-20240515355920-ixbrl.htm
2024-05-15	年次	前期	単体	実績		経常利益	OrdinaryIncome	687000000	JPY	687	PriorYearDuration_NonConsolidatedMember_ResultMember	/disc/55920/081220240515597559_tse-acedjpsm-55920-20240515355920-ixbrl.htm
2024-05-15	年次	前期	単体	実績		経常利益の増減率	ChangeInOrdinaryIncome	0.613	Pure	61.3	PriorYearDuration_NonConsolidatedMember_ResultMember	/disc/55920/081220240515597559_tse-acedjpsm-55920-20240515355920-ixbrl.htm
2024-05-15	年次	前期	単体	実績		当期純利益	NetIncome	398000000	JPY	398	PriorYearDuration_NonConsolidatedMember_ResultMember	/disc/55920/081220240515597559_tse-acedjpsm-55920-20240515355920-ixbrl.htm
2024-05-15	年次	前期	単体	実績		当期純利益の増減率	ChangeInNetIncome	0.199	Pure	19.9	PriorYearDuration_NonConsolidatedMember_ResultMember	/disc/55920/081220240515597559_tse-acedjpsm-55920-20240515355920-ixbrl.htm
2024-05-15	年次	当期	単体	実績		1株当たり当期純利益	NetIncomePerShare	64.72	JPYPerShares	64.72	CurrentYearDuration_NonConsolidatedMember_ResultMember	/disc/55920/081220240515597559_tse-acedjpsm-55920-20240515355920-ixbrl.htm
2024-05-15	年次	当期	単体	実績		潜在株式調整後1株当たり当期純利益	DilutedNetIncomePerShare	62.86	JPYPerShares	62.86	CurrentYearDuration_NonConsolidatedMember_ResultMember	/disc/55920/081220240515597559_tse-acedjpsm-55920-20240515355920-ixbrl.htm
2024-05-15	年次	前期	単体	実績		1株当たり当期純利益	NetIncomePerShare	43.44	JPYPerShares	43.44	PriorYearDuration_NonConsolidatedMember_ResultMember	/disc/55920/081220240515597559_tse-acedjpsm-55920-20240515355920-ixbrl.htm
2024-05-15	年次	当期	単体	実績		経営成績の注記	NoteToOperatingResults			(注) １．潜在株式調整後１株当たり当期純利益については、新株予約権の残高がありますが、当社は2023年10月４日に東京証券取引所グロース市場に上場したため、2023年３月期事業年度については、期中平均株価が把握できないため記載しておりません。２．2024年３月期事業年度の潜在株式調整後１株当たり当期純利益については、当社株式が2023年10月４日に東京証券取引所グロース市場に上場したため、新規上場日から当事業年度末までの平均株価を期中平均株価とみなして算定しております。	CurrentYearDuration_NonConsolidatedMember_ResultMember	/disc/55920/081220240515597559_tse-acedjpsm-55920-20240515355920-ixbrl.htm
2024-05-15	年次	当期	単体	実績		総資産	TotalAssets	22194000000	JPY	22,194	CurrentYearInstant_NonConsolidatedMember_ResultMember	/disc/55920/081220240515597559_tse-acedjpsm-55920-20240515355920-ixbrl.htm
2024-05-15	年次	当期	単体	実績		純資産	NetAssets	6087000000	JPY	6,087	CurrentYearInstant_NonConsolidatedMember_ResultMember	/disc/55920/081220240515597559_tse-acedjpsm-55920-20240515355920-ixbrl.htm
2024-05-15	年次	当期	単体	実績		自己資本比率	CapitalAdequacyRatio	0.274	Pure	27.4	CurrentYearInstant_NonConsolidatedMember_ResultMember	/disc/55920/081220240515597559_tse-acedjpsm-55920-20240515355920-ixbrl.htm
2024-05-15	年次	当期	単体	実績		1株当たり純資産	NetAssetsPerShare	554.26	JPYPerShares	554.26	CurrentYearInstant_NonConsolidatedMember_ResultMember	/disc/55920/081220240515597559_tse-acedjpsm-55920-20240515355920-ixbrl.htm
2024-05-15	年次	前期	単体	実績		総資産	TotalAssets	11656000000	JPY	11,656	PriorYearInstant_NonConsolidatedMember_ResultMember	/disc/55920/081220240515597559_tse-acedjpsm-55920-20240515355920-ixbrl.htm
2024-05-15	年次	前期	単体	実績		純資産	NetAssets	2620000000	JPY	2,620	PriorYearInstant_NonConsolidatedMember_ResultMember	/disc/55920/081220240515597559_tse-acedjpsm-55920-20240515355920-ixbrl.htm
2024-05-15	年次	前期	単体	実績		自己資本比率	CapitalAdequacyRatio	0.225	Pure	22.5	PriorYearInstant_NonConsolidatedMember_ResultMember	/disc/55920/081220240515597559_tse-acedjpsm-55920-20240515355920-ixbrl.htm
2024-05-15	年次	前期	単体	実績		1株当たり純資産	NetAssetsPerShare	285.27	JPYPerShares	285.27	PriorYearInstant_NonConsolidatedMember_ResultMember	/disc/55920/081220240515597559_tse-acedjpsm-55920-20240515355920-ixbrl.htm
2024-05-15	年次	当期	単体	実績		自己資本	OwnersEquity	6085000000	JPY	6,085	CurrentYearInstant_NonConsolidatedMember_ResultMember	/disc/55920/081220240515597559_tse-acedjpsm-55920-20240515355920-ixbrl.htm
2024-05-15	年次	前期	単体	実績		自己資本	OwnersEquity	2618000000	JPY	2,618	PriorYearInstant_NonConsolidatedMember_ResultMember	/disc/55920/081220240515597559_tse-acedjpsm-55920-20240515355920-ixbrl.htm
2024-05-15	年次	来期				将来情報の利用に関する注意	NotesForUsingForecastedInformationAndOthers			本資料に記載されている業績見通し等の将来に関する記述は当社が現在入手している情報及び合理的であると判断する一定の前提に基づいており、その達成を当社として約束する趣旨のものではありません。また、実際の業績等は様々な要因により異なる可能性があります。	NextYearDuration	/disc/55920/081220240515597559_tse-acedjpsm-55920-20240515355920-ixbrl.htm
2024-05-15	年次	当期					TokyoStockExchangePrime			false	CurrentYearInstant	/disc/55920/081220240515597559_tse-acedjpsm-55920-20240515355920-ixbrl.htm
2024-05-15	年次	当期					TokyoStockExchangeStandard			false	CurrentYearInstant	/disc/55920/081220240515597559_tse-acedjpsm-55920-20240515355920-ixbrl.htm
2024-05-15	年次	当期					TokyoStockExchangeGrowth			true	CurrentYearInstant	/disc/55920/081220240515597559_tse-acedjpsm-55920-20240515355920-ixbrl.htm
2024-05-15	年次	当期					TokyoStockExchange1stSection			false	CurrentYearInstant	/disc/55920/081220240515597559_tse-acedjpsm-55920-20240515355920-ixbrl.htm
2024-05-15	年次	当期					TokyoStockExchange2ndSection			false	CurrentYearInstant	/disc/55920/081220240515597559_tse-acedjpsm-55920-20240515355920-ixbrl.htm
2024-05-15	年次	当期					TokyoStockExchangeMothers			false	CurrentYearInstant	/disc/55920/081220240515597559_tse-acedjpsm-55920-20240515355920-ixbrl.htm
2024-05-15	年次	当期					TokyoStockExchangeJASDAQ			false	CurrentYearInstant	/disc/55920/081220240515597559_tse-acedjpsm-55920-20240515355920-ixbrl.htm
2024-05-15	年次	当期					TokyoStockExchangePROMarket			false	CurrentYearInstant	/disc/55920/081220240515597559_tse-acedjpsm-55920-20240515355920-ixbrl.htm
2024-05-15	年次	当期					TokyoStockExchangeOthers			false	CurrentYearInstant	/disc/55920/081220240515597559_tse-acedjpsm-55920-20240515355920-ixbrl.htm
2024-05-15	年次	当期					NagoyaStockExchange1stSection			false	CurrentYearInstant	/disc/55920/081220240515597559_tse-acedjpsm-55920-20240515355920-ixbrl.htm
2024-05-15	年次	当期					NagoyaStockExchange2ndSection			false	CurrentYearInstant	/disc/55920/081220240515597559_tse-acedjpsm-55920-20240515355920-ixbrl.htm
2024-05-15	年次	当期					NagoyaStockExchangeCentrex			false	CurrentYearInstant	/disc/55920/081220240515597559_tse-acedjpsm-55920-20240515355920-ixbrl.htm
2024-05-15	年次	当期					NagoyaStockExchangeOthers			false	CurrentYearInstant	/disc/55920/081220240515597559_tse-acedjpsm-55920-20240515355920-ixbrl.htm
2024-05-15	年次	当期					SapporoStockExchangeEstablished			false	CurrentYearInstant	/disc/55920/081220240515597559_tse-acedjpsm-55920-20240515355920-ixbrl.htm
2024-05-15	年次	当期					SapporoStockExchangeAmbitious			false	CurrentYearInstant	/disc/55920/081220240515597559_tse-acedjpsm-55920-20240515355920-ixbrl.htm
2024-05-15	年次	当期					SapporoStockExchangeOthers			false	CurrentYearInstant	/disc/55920/081220240515597559_tse-acedjpsm-55920-20240515355920-ixbrl.htm
2024-05-15	年次	当期					FukuokaStockExchangeEstablished			false	CurrentYearInstant	/disc/55920/081220240515597559_tse-acedjpsm-55920-20240515355920-ixbrl.htm
2024-05-15	年次	当期					FukuokaStockExchangeQBoard			false	CurrentYearInstant	/disc/55920/081220240515597559_tse-acedjpsm-55920-20240515355920-ixbrl.htm
2024-05-15	年次	当期					FukuokaStockExchangeOthers			false	CurrentYearInstant	/disc/55920/081220240515597559_tse-acedjpsm-55920-20240515355920-ixbrl.htm
2024-05-15	年次	当期					JapanSecuritiesDealersAssociationGreenSheet			false	CurrentYearInstant	/disc/55920/081220240515597559_tse-acedjpsm-55920-20240515355920-ixbrl.htm
2024-05-15	年次	当期					GeneralBusiness			true	CurrentYearInstant	/disc/55920/081220240515597559_tse-acedjpsm-55920-20240515355920-ixbrl.htm
2024-05-15	年次	当期					SpecificBusiness			false	CurrentYearInstant	/disc/55920/081220240515597559_tse-acedjpsm-55920-20240515355920-ixbrl.htm
2024-05-15	年次	当期				決算期末	FiscalYearEnd			2024-03-31	CurrentYearInstant	/disc/55920/081220240515597559_tse-acedjpsm-55920-20240515355920-ixbrl.htm
2024-08-14	四半期	当期第1四半期累計				書類名	DocumentName			第１四半期決算短信〔日本基準〕(連結)	CurrentAccumulatedQ1Instant	/disc/55920/081220240814571758_tse-qcedjpsm-55920-20240814355920-ixbrl.htm
2024-08-14	四半期	当期第1四半期累計				提出日	FilingDate			2024年８月14日	CurrentAccumulatedQ1Instant	/disc/55920/081220240814571758_tse-qcedjpsm-55920-20240814355920-ixbrl.htm
2024-08-14	四半期	当期第1四半期累計				会社名	CompanyName			株式会社くすりの窓口	CurrentAccumulatedQ1Instant	/disc/55920/081220240814571758_tse-qcedjpsm-55920-20240814355920-ixbrl.htm
2024-08-14	四半期	当期第1四半期累計					TokyoStockExchange			東	CurrentAccumulatedQ1Instant	/disc/55920/081220240814571758_tse-qcedjpsm-55920-20240814355920-ixbrl.htm
2024-08-14	四半期	当期第1四半期累計				証券コード	SecuritiesCode			55920	CurrentAccumulatedQ1Instant	/disc/55920/081220240814571758_tse-qcedjpsm-55920-20240814355920-ixbrl.htm
2024-08-14	四半期	当期第1四半期累計				URL	URL			https://kusurinomadoguchi.co.jp/	CurrentAccumulatedQ1Instant	/disc/55920/081220240814571758_tse-qcedjpsm-55920-20240814355920-ixbrl.htm
2024-08-14	四半期	当期第1四半期累計				代表者の役職	TitleRepresentative			代表取締役社長	CurrentAccumulatedQ1Instant	/disc/55920/081220240814571758_tse-qcedjpsm-55920-20240814355920-ixbrl.htm
2024-08-14	四半期	当期第1四半期累計				代表者名	NameRepresentative			堤 幸治	CurrentAccumulatedQ1Instant	/disc/55920/081220240814571758_tse-qcedjpsm-55920-20240814355920-ixbrl.htm
2024-08-14	四半期	当期第1四半期累計					TitleInquiries			取締役管理本部長	CurrentAccumulatedQ1Instant	/disc/55920/081220240814571758_tse-qcedjpsm-55920-20240814355920-ixbrl.htm
2024-08-14	四半期	当期第1四半期累計					NameInquiries			外間 健	CurrentAccumulatedQ1Instant	/disc/55920/081220240814571758_tse-qcedjpsm-55920-20240814355920-ixbrl.htm
2024-08-14	四半期	当期第1四半期累計					Tel			03-6712-7406	CurrentAccumulatedQ1Instant	/disc/55920/081220240814571758_tse-qcedjpsm-55920-20240814355920-ixbrl.htm
2024-08-14	四半期	当期第1四半期累計					SupplementalMaterialOfResults			有	CurrentAccumulatedQ1Instant	/disc/55920/081220240814571758_tse-qcedjpsm-55920-20240814355920-ixbrl.htm
2024-08-14	四半期	当期第1四半期累計					ConveningBriefingOfResults			無	CurrentAccumulatedQ1Instant	/disc/55920/081220240814571758_tse-qcedjpsm-55920-20240814355920-ixbrl.htm
2024-08-14	四半期	当期第1四半期累計					NoteToFractionProcessingMethod			(百万円未満切捨て)	CurrentAccumulatedQ1Instant	/disc/55920/081220240814571758_tse-qcedjpsm-55920-20240814355920-ixbrl.htm
2024-08-14	四半期	当期第1四半期累計	連結	実績		売上高	NetSales	2629000000	JPY	2,629	CurrentAccumulatedQ1Duration_ConsolidatedMember_ResultMember	/disc/55920/081220240814571758_tse-qcedjpsm-55920-20240814355920-ixbrl.htm
2024-08-14	四半期	当期第1四半期累計	連結	実績		売上高の増減率	ChangeInNetSales	0.221	Pure	22.1	CurrentAccumulatedQ1Duration_ConsolidatedMember_ResultMember	/disc/55920/081220240814571758_tse-qcedjpsm-55920-20240814355920-ixbrl.htm
2024-08-14	四半期	当期第1四半期累計	連結	実績		営業利益	OperatingIncome	382000000	JPY	382	CurrentAccumulatedQ1Duration_ConsolidatedMember_ResultMember	/disc/55920/081220240814571758_tse-qcedjpsm-55920-20240814355920-ixbrl.htm
2024-08-14	四半期	当期第1四半期累計	連結	実績		営業利益の増減率	ChangeInOperatingIncome	-0.165	Pure	16.5	CurrentAccumulatedQ1Duration_ConsolidatedMember_ResultMember	/disc/55920/081220240814571758_tse-qcedjpsm-55920-20240814355920-ixbrl.htm
2024-08-14	四半期	当期第1四半期累計	連結	実績		経常利益	OrdinaryIncome	379000000	JPY	379	CurrentAccumulatedQ1Duration_ConsolidatedMember_ResultMember	/disc/55920/081220240814571758_tse-qcedjpsm-55920-20240814355920-ixbrl.htm
2024-08-14	四半期	当期第1四半期累計	連結	実績		経常利益の増減率	ChangeInOrdinaryIncome	-0.193	Pure	19.3	CurrentAccumulatedQ1Duration_ConsolidatedMember_ResultMember	/disc/55920/081220240814571758_tse-qcedjpsm-55920-20240814355920-ixbrl.htm
2024-08-14	四半期	当期第1四半期累計	連結	実績		親会社株主に帰属する当期純利益	ProfitAttributableToOwnersOfParent	239000000	JPY	239	CurrentAccumulatedQ1Duration_ConsolidatedMember_ResultMember	/disc/55920/081220240814571758_tse-qcedjpsm-55920-20240814355920-ixbrl.htm
2024-08-14	四半期	当期第1四半期累計	連結	実績		親会社株主に帰属する当期純利益の増減率	ChangeInProfitAttributableToOwnersOfParent	-0.204	Pure	20.4	CurrentAccumulatedQ1Duration_ConsolidatedMember_ResultMember	/disc/55920/081220240814571758_tse-qcedjpsm-55920-20240814355920-ixbrl.htm
2024-08-14	四半期	前期第1四半期累計	連結	実績		売上高	NetSales	2153000000	JPY	2,153	PriorAccumulatedQ1Duration_ConsolidatedMember_ResultMember	/disc/55920/081220240814571758_tse-qcedjpsm-55920-20240814355920-ixbrl.htm
2024-08-14	四半期	前期第1四半期累計	連結	実績		営業利益	OperatingIncome	458000000	JPY	458	PriorAccumulatedQ1Duration_ConsolidatedMember_ResultMember	/disc/55920/081220240814571758_tse-qcedjpsm-55920-20240814355920-ixbrl.htm
2024-08-14	四半期	前期第1四半期累計	連結	実績		経常利益	OrdinaryIncome	470000000	JPY	470	PriorAccumulatedQ1Duration_ConsolidatedMember_ResultMember	/disc/55920/081220240814571758_tse-qcedjpsm-55920-20240814355920-ixbrl.htm
2024-08-14	四半期	前期第1四半期累計	連結	実績		親会社株主に帰属する当期純利益	ProfitAttributableToOwnersOfParent	301000000	JPY	301	PriorAccumulatedQ1Duration_ConsolidatedMember_ResultMember	/disc/55920/081220240814571758_tse-qcedjpsm-55920-20240814355920-ixbrl.htm
2024-08-14	四半期	当期第1四半期累計	連結	実績		包括利益	ComprehensiveIncome	225000000	JPY	225	CurrentAccumulatedQ1Duration_ConsolidatedMember_ResultMember	/disc/55920/081220240814571758_tse-qcedjpsm-55920-20240814355920-ixbrl.htm
2024-08-14	四半期	当期第1四半期累計	連結	実績		包括利益の増減率	ChangeInComprehensiveIncome	-0.263	Pure	26.3	CurrentAccumulatedQ1Duration_ConsolidatedMember_ResultMember	/disc/55920/081220240814571758_tse-qcedjpsm-55920-20240814355920-ixbrl.htm
2024-08-14	四半期	前期第1四半期累計	連結	実績		包括利益	ComprehensiveIncome	305000000	JPY	305	PriorAccumulatedQ1Duration_ConsolidatedMember_ResultMember	/disc/55920/081220240814571758_tse-qcedjpsm-55920-20240814355920-ixbrl.htm
2024-08-14	四半期	当期第1四半期累計	連結	実績		1株当たり当期純利益	NetIncomePerShare	21.82	JPYPerShares	21.82	CurrentAccumulatedQ1Duration_ConsolidatedMember_ResultMember	/disc/55920/081220240814571758_tse-qcedjpsm-55920-20240814355920-ixbrl.htm
2024-08-14	四半期	当期第1四半期累計	連結	実績		潜在株式調整後1株当たり当期純利益	DilutedNetIncomePerShare	21.28	JPYPerShares	21.28	CurrentAccumulatedQ1Duration_ConsolidatedMember_ResultMember	/disc/55920/081220240814571758_tse-qcedjpsm-55920-20240814355920-ixbrl.htm
2024-08-14	四半期	前期第1四半期累計	連結	実績		1株当たり当期純利益	NetIncomePerShare	32.81	JPYPerShares	32.81	PriorAccumulatedQ1Duration_ConsolidatedMember_ResultMember	/disc/55920/081220240814571758_tse-qcedjpsm-55920-20240814355920-ixbrl.htm
2024-08-14	四半期	当期第1四半期累計	連結	実績		経営成績の注記	NoteToOperatingResults			(注) １．2023年３月期第１四半期については連結財務諸表を作成していないため、2024年３月期３月期第１四半期の対前年同四半期増減率については記載しておりません。２．2024年３月期第１四半期の潜在株式調整後１株当たり当期純利益については、潜在株式は存在するものの、当社が非上場であったため、期中平均株価が把握できないため記載しておりません。	CurrentAccumulatedQ1Duration_ConsolidatedMember_ResultMember	/disc/55920/081220240814571758_tse-qcedjpsm-55920-20240814355920-ixbrl.htm
2024-08-14	四半期	当期第1四半期累計	連結	実績		総資産	TotalAssets	18888000000	JPY	18,888	CurrentAccumulatedQ1Instant_ConsolidatedMember_ResultMember	/disc/55920/081220240814571758_tse-qcedjpsm-55920-20240814355920-ixbrl.htm
2024-08-14	四半期	当期第1四半期累計	連結	実績		純資産	NetAssets	6645000000	JPY	6,645	CurrentAccumulatedQ1Instant_ConsolidatedMember_ResultMember	/disc/55920/081220240814571758_tse-qcedjpsm-55920-20240814355920-ixbrl.htm
2024-08-14	四半期	当期第1四半期累計	連結	実績		自己資本比率	CapitalAdequacyRatio	0.350	Pure	35.0	CurrentAccumulatedQ1Instant_ConsolidatedMember_ResultMember	/disc/55920/081220240814571758_tse-qcedjpsm-55920-20240814355920-ixbrl.htm
2024-08-14	四半期	前期	連結	実績		総資産	TotalAssets	23071000000	JPY	23,071	PriorYearInstant_ConsolidatedMember_ResultMember	/disc/55920/081220240814571758_tse-qcedjpsm-55920-20240814355920-ixbrl.htm
2024-08-14	四半期	前期	連結	実績		純資産	NetAssets	6420000000	JPY	6,420	PriorYearInstant_ConsolidatedMember_ResultMember	/disc/55920/081220240814571758_tse-qcedjpsm-55920-20240814355920-ixbrl.htm
2024-08-14	四半期	前期	連結	実績		自己資本比率	CapitalAdequacyRatio	0.276	Pure	27.6	PriorYearInstant_ConsolidatedMember_ResultMember	/disc/55920/081220240814571758_tse-qcedjpsm-55920-20240814355920-ixbrl.htm
2024-08-14	四半期	当期第1四半期累計	連結	実績		自己資本	OwnersEquity	6607000000	JPY	6,607	CurrentAccumulatedQ1Instant_ConsolidatedMember_ResultMember	/disc/55920/081220240814571758_tse-qcedjpsm-55920-20240814355920-ixbrl.htm
2024-08-14	四半期	前期	連結	実績		自己資本	OwnersEquity	6368000000	JPY	6,368	PriorYearInstant_ConsolidatedMember_ResultMember	/disc/55920/081220240814571758_tse-qcedjpsm-55920-20240814355920-ixbrl.htm
2024-08-14	四半期	前期	単体	実績	第2四半期末	1株当たり配当金	DividendPerShare	0.00	JPYPerShares	0.00	PriorYearDuration_SecondQuarterMember_NonConsolidatedMember_ResultMember	/disc/55920/081220240814571758_tse-qcedjpsm-55920-20240814355920-ixbrl.htm
2024-08-14	四半期	前期	単体	実績	期末	1株当たり配当金	DividendPerShare	0.00	JPYPerShares	0.00	PriorYearDuration_YearEndMember_NonConsolidatedMember_ResultMember	/disc/55920/081220240814571758_tse-qcedjpsm-55920-20240814355920-ixbrl.htm
2024-08-14	四半期	前期	単体	実績	合計	1株当たり配当金	DividendPerShare	0.00	JPYPerShares	0.00	PriorYearDuration_AnnualMember_NonConsolidatedMember_ResultMember	/disc/55920/081220240814571758_tse-qcedjpsm-55920-20240814355920-ixbrl.htm
2024-08-14	四半期	当期	単体	予想	第2四半期末	1株当たり配当金	DividendPerShare	0.00	JPYPerShares	0.00	CurrentYearDuration_SecondQuarterMember_NonConsolidatedMember_ForecastMember	/disc/55920/081220240814571758_tse-qcedjpsm-55920-20240814355920-ixbrl.htm
2024-08-14	四半期	当期	単体	予想	期末	1株当たり配当金	DividendPerShare	14.00	JPYPerShares	14.00	CurrentYearDuration_YearEndMember_NonConsolidatedMember_ForecastMember	/disc/55920/081220240814571758_tse-qcedjpsm-55920-20240814355920-ixbrl.htm
2024-08-14	四半期	当期	単体	予想	合計	1株当たり配当金	DividendPerShare	14.00	JPYPerShares	14.00	CurrentYearDuration_AnnualMember_NonConsolidatedMember_ForecastMember	/disc/55920/081220240814571758_tse-qcedjpsm-55920-20240814355920-ixbrl.htm
2024-08-14	四半期	当期	単体	実績	合計	当四半期における配当予想の修正	CorrectionOfDividendForecastInThisQuarter			無	CurrentYearDuration_AnnualMember_NonConsolidatedMember_ResultMember	/disc/55920/081220240814571758_tse-qcedjpsm-55920-20240814355920-ixbrl.htm
2024-08-14	四半期	当期	連結	予想		業績予想の見出し	TitleForForecasts			３．2025年３月期の連結業績予想（2024年４月１日～2025年３月31日）	CurrentYearDuration_ConsolidatedMember_ForecastMember	/disc/55920/081220240814571758_tse-qcedjpsm-55920-20240814355920-ixbrl.htm
2024-08-14	四半期	当期	連結	予想		売上高	NetSales	10000000000	JPY	10,000	CurrentYearDuration_ConsolidatedMember_ForecastMember	/disc/55920/081220240814571758_tse-qcedjpsm-55920-20240814355920-ixbrl.htm
2024-08-14	四半期	当期	連結	予想		売上高の増減率	ChangeInNetSales	0.147	Pure	14.7	CurrentYearDuration_ConsolidatedMember_ForecastMember	/disc/55920/081220240814571758_tse-qcedjpsm-55920-20240814355920-ixbrl.htm
2024-08-14	四半期	当期	連結	予想		営業利益	OperatingIncome	1510000000	JPY	1,510	CurrentYearDuration_ConsolidatedMember_ForecastMember	/disc/55920/081220240814571758_tse-qcedjpsm-55920-20240814355920-ixbrl.htm
2024-08-14	四半期	当期	連結	予想		営業利益の増減率	ChangeInOperatingIncome	0.102	Pure	10.2	CurrentYearDuration_ConsolidatedMember_ForecastMember	/disc/55920/081220240814571758_tse-qcedjpsm-55920-20240814355920-ixbrl.htm
2024-08-14	四半期	当期	連結	予想		経常利益	OrdinaryIncome	1485000000	JPY	1,485	CurrentYearDuration_ConsolidatedMember_ForecastMember	/disc/55920/081220240814571758_tse-qcedjpsm-55920-20240814355920-ixbrl.htm
2024-08-14	四半期	当期	連結	予想		経常利益の増減率	ChangeInOrdinaryIncome	0.120	Pure	12.0	CurrentYearDuration_ConsolidatedMember_ForecastMember	/disc/55920/081220240814571758_tse-qcedjpsm-55920-20240814355920-ixbrl.htm
2024-08-14	四半期	当期	連結	予想		親会社株主に帰属する当期純利益	ProfitAttributableToOwnersOfParent	1017000000	JPY	1,017	CurrentYearDuration_ConsolidatedMember_ForecastMember	/disc/55920/081220240814571758_tse-qcedjpsm-55920-20240814355920-ixbrl.htm
2024-08-14	四半期	当期	連結	予想		親会社株主に帰属する当期純利益の増減率	ChangeInProfitAttributableToOwnersOfParent	0.168	Pure	16.8	CurrentYearDuration_ConsolidatedMember_ForecastMember	/disc/55920/081220240814571758_tse-qcedjpsm-55920-20240814355920-ixbrl.htm
2024-08-14	四半期	当期	連結	予想		1株当たり当期純利益	NetIncomePerShare	92.62	JPYPerShares	92.62	CurrentYearDuration_ConsolidatedMember_ForecastMember	/disc/55920/081220240814571758_tse-qcedjpsm-55920-20240814355920-ixbrl.htm
2024-08-14	四半期	当期	連結	予想		当四半期における業績予想の修正	CorrectionOfConsolidatedFinancialForecastInThisQuarter			無	CurrentYearDuration_ConsolidatedMember_ForecastMember	/disc/55920/081220240814571758_tse-qcedjpsm-55920-20240814355920-ixbrl.htm
2024-08-14	四半期	当期第1四半期累計	連結	実績		期中の連結範囲の重要な変更	SignificantChangesInTheScopeOfConsolidationDuringThePeriod			無	CurrentAccumulatedQ1Duration_ConsolidatedMember_ResultMember	/disc/55920/081220240814571758_tse-qcedjpsm-55920-20240814355920-ixbrl.htm
2024-08-14	四半期	当期第1四半期累計	連結	実績			ApplyingOfSpecificAccountingOfTheConsolidatedQuarterlyFinancialStatements			無	CurrentAccumulatedQ1Duration_ConsolidatedMember_ResultMember	/disc/55920/081220240814571758_tse-qcedjpsm-55920-20240814355920-ixbrl.htm
2024-08-14	四半期	当期第1四半期累計	連結	実績			NoteToApplyingOfSpecificAccountingOfTheConsolidatedQuarterlyFinancialStatements			四半期連結財務諸表の作成に特有の会計処理の適用に関する注記	CurrentAccumulatedQ1Duration_ConsolidatedMember_ResultMember	/disc/55920/081220240814571758_tse-qcedjpsm-55920-20240814355920-ixbrl.htm
2024-08-14	四半期	当期第1四半期累計	連結	実績		会計基準等の改正に伴う変更	ChangesBasedOnRevisionsOfAccountingStandard			無	CurrentAccumulatedQ1Duration_ConsolidatedMember_ResultMember	/disc/55920/081220240814571758_tse-qcedjpsm-55920-20240814355920-ixbrl.htm
2024-08-14	四半期	当期第1四半期累計	連結	実績		それ以外の会計方針の変更	ChangesOtherThanOnesBasedOnRevisionsOfAccountingStandard			無	CurrentAccumulatedQ1Duration_ConsolidatedMember_ResultMember	/disc/55920/081220240814571758_tse-qcedjpsm-55920-20240814355920-ixbrl.htm
2024-08-14	四半期	当期第1四半期累計	連結	実績		会計上の見積りの変更	ChangesInAccountingEstimates			無	CurrentAccumulatedQ1Duration_ConsolidatedMember_ResultMember	/disc/55920/081220240814571758_tse-qcedjpsm-55920-20240814355920-ixbrl.htm
2024-08-14	四半期	当期第1四半期累計	連結	実績		修正再表示	RetrospectiveRestatement			無	CurrentAccumulatedQ1Duration_ConsolidatedMember_ResultMember	/disc/55920/081220240814571758_tse-qcedjpsm-55920-20240814355920-ixbrl.htm
2024-08-14	四半期	当期第1四半期累計	連結	実績			NoteToChangesInAccountingPoliciesAccountingEstimatesAndRetrospectiveRestatementQuarterlyConsolidated			会計方針の変更に関する注記	CurrentAccumulatedQ1Duration_ConsolidatedMember_ResultMember	/disc/55920/081220240814571758_tse-qcedjpsm-55920-20240814355920-ixbrl.htm
2024-08-14	四半期	当期第1四半期累計	単体	実績		期末発行済株式数(自己株式を含む)	NumberOfIssuedAndOutstandingSharesAtTheEndOfFiscalYearIncludingTreasuryStock	10980000	Shares	10,980,000	CurrentAccumulatedQ1Instant_NonConsolidatedMember_ResultMember	/disc/55920/081220240814571758_tse-qcedjpsm-55920-20240814355920-ixbrl.htm
2024-08-14	四半期	前期	単体	実績		期末発行済株式数(自己株式を含む)	NumberOfIssuedAndOutstandingSharesAtTheEndOfFiscalYearIncludingTreasuryStock	10980000	Shares	10,980,000	PriorYearInstant_NonConsolidatedMember_ResultMember	/disc/55920/081220240814571758_tse-qcedjpsm-55920-20240814355920-ixbrl.htm
2024-08-14	四半期	当期第1四半期累計	単体	実績		期中平均株式数	AverageNumberOfShares	10980000	Shares	10,980,000	CurrentAccumulatedQ1Duration_NonConsolidatedMember_ResultMember	/disc/55920/081220240814571758_tse-qcedjpsm-55920-20240814355920-ixbrl.htm
2024-08-14	四半期	前期第1四半期累計	単体	実績		期中平均株式数	AverageNumberOfShares	9180000	Shares	9,180,000	PriorAccumulatedQ1Duration_NonConsolidatedMember_ResultMember	/disc/55920/081220240814571758_tse-qcedjpsm-55920-20240814355920-ixbrl.htm
2024-08-14	四半期	当期第1四半期累計					ReviewOfAttachedConsolidatedQuarterlyFinancialStatementsByACertifiedPublicAccountantOrAnAuditFirm			有（任意）	CurrentAccumulatedQ1Duration	/disc/55920/081220240814571758_tse-qcedjpsm-55920-20240814355920-ixbrl.htm
2024-08-14	四半期	当期				将来情報の利用に関する注意	NotesForUsingForecastedInformationAndOthers			本資料に記載されている業績見通し等の将来に関する記述は当社が現在入手している情報及び合理的であると判断する一定の前提に基づいており、その達成を当社として約束する趣旨のものではありません。また、実際の業績等は様々な要因により異なる可能性があります。	CurrentYearDuration	/disc/55920/081220240814571758_tse-qcedjpsm-55920-20240814355920-ixbrl.htm
2024-08-14	四半期	当期第1四半期累計					TokyoStockExchangePrime			false	CurrentAccumulatedQ1Instant	/disc/55920/081220240814571758_tse-qcedjpsm-55920-20240814355920-ixbrl.htm
2024-08-14	四半期	当期第1四半期累計					TokyoStockExchangeStandard			false	CurrentAccumulatedQ1Instant	/disc/55920/081220240814571758_tse-qcedjpsm-55920-20240814355920-ixbrl.htm
2024-08-14	四半期	当期第1四半期累計					TokyoStockExchangeGrowth			true	CurrentAccumulatedQ1Instant	/disc/55920/081220240814571758_tse-qcedjpsm-55920-20240814355920-ixbrl.htm
2024-08-14	四半期	当期第1四半期累計					TokyoStockExchangePROMarket			false	CurrentAccumulatedQ1Instant	/disc/55920/081220240814571758_tse-qcedjpsm-55920-20240814355920-ixbrl.htm
2024-08-14	四半期	当期第1四半期累計					TokyoStockExchangeOthers			false	CurrentAccumulatedQ1Instant	/disc/55920/081220240814571758_tse-qcedjpsm-55920-20240814355920-ixbrl.htm
2024-08-14	四半期	当期第1四半期累計					NagoyaStockExchange1stSection			false	CurrentAccumulatedQ1Instant	/disc/55920/081220240814571758_tse-qcedjpsm-55920-20240814355920-ixbrl.htm
2024-08-14	四半期	当期第1四半期累計					NagoyaStockExchange2ndSection			false	CurrentAccumulatedQ1Instant	/disc/55920/081220240814571758_tse-qcedjpsm-55920-20240814355920-ixbrl.htm
2024-08-14	四半期	当期第1四半期累計					NagoyaStockExchangeCentrex			false	CurrentAccumulatedQ1Instant	/disc/55920/081220240814571758_tse-qcedjpsm-55920-20240814355920-ixbrl.htm
2024-08-14	四半期	当期第1四半期累計					NagoyaStockExchangeOthers			false	CurrentAccumulatedQ1Instant	/disc/55920/081220240814571758_tse-qcedjpsm-55920-20240814355920-ixbrl.htm
2024-08-14	四半期	当期第1四半期累計					SapporoStockExchangeEstablished			false	CurrentAccumulatedQ1Instant	/disc/55920/081220240814571758_tse-qcedjpsm-55920-20240814355920-ixbrl.htm
2024-08-14	四半期	当期第1四半期累計					SapporoStockExchangeAmbitious			false	CurrentAccumulatedQ1Instant	/disc/55920/081220240814571758_tse-qcedjpsm-55920-20240814355920-ixbrl.htm
2024-08-14	四半期	当期第1四半期累計					SapporoStockExchangeOthers			false	CurrentAccumulatedQ1Instant	/disc/55920/081220240814571758_tse-qcedjpsm-55920-20240814355920-ixbrl.htm
2024-08-14	四半期	当期第1四半期累計					FukuokaStockExchangeEstablished			false	CurrentAccumulatedQ1Instant	/disc/55920/081220240814571758_tse-qcedjpsm-55920-20240814355920-ixbrl.htm
2024-08-14	四半期	当期第1四半期累計					FukuokaStockExchangeQBoard			false	CurrentAccumulatedQ1Instant	/disc/55920/081220240814571758_tse-qcedjpsm-55920-20240814355920-ixbrl.htm
2024-08-14	四半期	当期第1四半期累計					FukuokaStockExchangeOthers			false	CurrentAccumulatedQ1Instant	/disc/55920/081220240814571758_tse-qcedjpsm-55920-20240814355920-ixbrl.htm
2024-08-14	四半期	当期第1四半期累計					JapanSecuritiesDealersAssociationGreenSheet			false	CurrentAccumulatedQ1Instant	/disc/55920/081220240814571758_tse-qcedjpsm-55920-20240814355920-ixbrl.htm
2024-08-14	四半期	当期					GeneralBusiness			true	CurrentYearInstant	/disc/55920/081220240814571758_tse-qcedjpsm-55920-20240814355920-ixbrl.htm
2024-08-14	四半期	当期					SpecificBusiness			false	CurrentYearInstant	/disc/55920/081220240814571758_tse-qcedjpsm-55920-20240814355920-ixbrl.htm
2024-08-14	四半期	当期				決算期末	FiscalYearEnd			2025-03-31	CurrentYearInstant	/disc/55920/081220240814571758_tse-qcedjpsm-55920-20240814355920-ixbrl.htm
2024-08-14	四半期	当期第1四半期累計				四半期	QuarterlyPeriod	1	Pure	1	CurrentAccumulatedQ1Instant	/disc/55920/081220240814571758_tse-qcedjpsm-55920-20240814355920-ixbrl.htm
2024-11-14	半期	当期第2四半期累計				書類名	DocumentName			第２四半期（中間期）決算短信〔日本基準〕(連結)	CurrentAccumulatedQ2Instant	/disc/55920/081220241114522942_tse-scedjpsy-55920-20241114355920-ixbrl.htm
2024-11-14	半期	当期第2四半期累計				提出日	FilingDate			2024年11月14日	CurrentAccumulatedQ2Instant	/disc/55920/081220241114522942_tse-scedjpsy-55920-20241114355920-ixbrl.htm
2024-11-14	半期	当期第2四半期累計				会社名	CompanyName			株式会社くすりの窓口	CurrentAccumulatedQ2Instant	/disc/55920/081220241114522942_tse-scedjpsy-55920-20241114355920-ixbrl.htm
2024-11-14	半期	当期第2四半期累計					TokyoStockExchange			東	CurrentAccumulatedQ2Instant	/disc/55920/081220241114522942_tse-scedjpsy-55920-20241114355920-ixbrl.htm
2024-11-14	半期	当期第2四半期累計				証券コード	SecuritiesCode			55920	CurrentAccumulatedQ2Instant	/disc/55920/081220241114522942_tse-scedjpsy-55920-20241114355920-ixbrl.htm
2024-11-14	半期	当期第2四半期累計				URL	URL			https://kusurinomadoguchi.co.jp/	CurrentAccumulatedQ2Instant	/disc/55920/081220241114522942_tse-scedjpsy-55920-20241114355920-ixbrl.htm
2024-11-14	半期	当期第2四半期累計				代表者の役職	TitleRepresentative			代表取締役社長	CurrentAccumulatedQ2Instant	/disc/55920/081220241114522942_tse-scedjpsy-55920-20241114355920-ixbrl.htm
2024-11-14	半期	当期第2四半期累計				代表者名	NameRepresentative			堤 幸治	CurrentAccumulatedQ2Instant	/disc/55920/081220241114522942_tse-scedjpsy-55920-20241114355920-ixbrl.htm
2024-11-14	半期	当期第2四半期累計					TitleInquiries			取締役管理本部長	CurrentAccumulatedQ2Instant	/disc/55920/081220241114522942_tse-scedjpsy-55920-20241114355920-ixbrl.htm
2024-11-14	半期	当期第2四半期累計					NameInquiries			外間 健	CurrentAccumulatedQ2Instant	/disc/55920/081220241114522942_tse-scedjpsy-55920-20241114355920-ixbrl.htm
2024-11-14	半期	当期第2四半期累計					Tel			03-6712-7406	CurrentAccumulatedQ2Instant	/disc/55920/081220241114522942_tse-scedjpsy-55920-20241114355920-ixbrl.htm
2024-11-14	半期	当期第2四半期累計					SemiAnnualStatementFilingDateAsPlanned			2024年11月14日	CurrentAccumulatedQ2Instant	/disc/55920/081220241114522942_tse-scedjpsy-55920-20241114355920-ixbrl.htm
2024-11-14	半期	当期第2四半期累計					SupplementalMaterialOfResults			有	CurrentAccumulatedQ2Instant	/disc/55920/081220241114522942_tse-scedjpsy-55920-20241114355920-ixbrl.htm
2024-11-14	半期	当期第2四半期累計					ConveningBriefingOfResults			無	CurrentAccumulatedQ2Instant	/disc/55920/081220241114522942_tse-scedjpsy-55920-20241114355920-ixbrl.htm
2024-11-14	半期	当期第2四半期累計					NoteToFractionProcessingMethod			(百万円未満切捨て)	CurrentAccumulatedQ2Instant	/disc/55920/081220241114522942_tse-scedjpsy-55920-20241114355920-ixbrl.htm
2024-11-14	半期	当期第2四半期累計	連結	実績		売上高	NetSales	5443000000	JPY	5,443	CurrentAccumulatedQ2Duration_ConsolidatedMember_ResultMember	/disc/55920/081220241114522942_tse-scedjpsy-55920-20241114355920-ixbrl.htm
2024-11-14	半期	当期第2四半期累計	連結	実績		売上高の増減率	ChangeInNetSales	0.279	Pure	27.9	CurrentAccumulatedQ2Duration_ConsolidatedMember_ResultMember	/disc/55920/081220241114522942_tse-scedjpsy-55920-20241114355920-ixbrl.htm
2024-11-14	半期	当期第2四半期累計	連結	実績		営業利益	OperatingIncome	949000000	JPY	949	CurrentAccumulatedQ2Duration_ConsolidatedMember_ResultMember	/disc/55920/081220241114522942_tse-scedjpsy-55920-20241114355920-ixbrl.htm
2024-11-14	半期	当期第2四半期累計	連結	実績		営業利益の増減率	ChangeInOperatingIncome	0.127	Pure	12.7	CurrentAccumulatedQ2Duration_ConsolidatedMember_ResultMember	/disc/55920/081220241114522942_tse-scedjpsy-55920-20241114355920-ixbrl.htm
2024-11-14	半期	当期第2四半期累計	連結	実績		経常利益	OrdinaryIncome	922000000	JPY	922	CurrentAccumulatedQ2Duration_ConsolidatedMember_ResultMember	/disc/55920/081220241114522942_tse-scedjpsy-55920-20241114355920-ixbrl.htm
2024-11-14	半期	当期第2四半期累計	連結	実績		経常利益の増減率	ChangeInOrdinaryIncome	0.085	Pure	8.5	CurrentAccumulatedQ2Duration_ConsolidatedMember_ResultMember	/disc/55920/081220241114522942_tse-scedjpsy-55920-20241114355920-ixbrl.htm
2024-11-14	半期	当期第2四半期累計	連結	実績		親会社株主に帰属する当期純利益	ProfitAttributableToOwnersOfParent	558000000	JPY	558	CurrentAccumulatedQ2Duration_ConsolidatedMember_ResultMember	/disc/55920/081220241114522942_tse-scedjpsy-55920-20241114355920-ixbrl.htm
2024-11-14	半期	当期第2四半期累計	連結	実績		親会社株主に帰属する当期純利益の増減率	ChangeInProfitAttributableToOwnersOfParent	0.050	Pure	5.0	CurrentAccumulatedQ2Duration_ConsolidatedMember_ResultMember	/disc/55920/081220241114522942_tse-scedjpsy-55920-20241114355920-ixbrl.htm
2024-11-14	半期	前期第2四半期累計	連結	実績		売上高	NetSales	4255000000	JPY	4,255	PriorAccumulatedQ2Duration_ConsolidatedMember_ResultMember	/disc/55920/081220241114522942_tse-scedjpsy-55920-20241114355920-ixbrl.htm
2024-11-14	半期	前期第2四半期累計	連結	実績		営業利益	OperatingIncome	842000000	JPY	842	PriorAccumulatedQ2Duration_ConsolidatedMember_ResultMember	/disc/55920/081220241114522942_tse-scedjpsy-55920-20241114355920-ixbrl.htm
2024-11-14	半期	前期第2四半期累計	連結	実績		経常利益	OrdinaryIncome	850000000	JPY	850	PriorAccumulatedQ2Duration_ConsolidatedMember_ResultMember	/disc/55920/081220241114522942_tse-scedjpsy-55920-20241114355920-ixbrl.htm
2024-11-14	半期	前期第2四半期累計	連結	実績		親会社株主に帰属する当期純利益	ProfitAttributableToOwnersOfParent	531000000	JPY	531	PriorAccumulatedQ2Duration_ConsolidatedMember_ResultMember	/disc/55920/081220241114522942_tse-scedjpsy-55920-20241114355920-ixbrl.htm
2024-11-14	半期	当期第2四半期累計	連結	実績		包括利益	ComprehensiveIncome	552000000	JPY	552	CurrentAccumulatedQ2Duration_ConsolidatedMember_ResultMember	/disc/55920/081220241114522942_tse-scedjpsy-55920-20241114355920-ixbrl.htm
2024-11-14	半期	当期第2四半期累計	連結	実績		包括利益の増減率	ChangeInComprehensiveIncome	0.018	Pure	1.8	CurrentAccumulatedQ2Duration_ConsolidatedMember_ResultMember	/disc/55920/081220241114522942_tse-scedjpsy-55920-20241114355920-ixbrl.htm
2024-11-14	半期	前期第2四半期累計	連結	実績		包括利益	ComprehensiveIncome	542000000	JPY	542	PriorAccumulatedQ2Duration_ConsolidatedMember_ResultMember	/disc/55920/081220241114522942_tse-scedjpsy-55920-20241114355920-ixbrl.htm
2024-11-14	半期	当期第2四半期累計	連結	実績		1株当たり当期純利益	NetIncomePerShare	50.82	JPYPerShares	50.82	CurrentAccumulatedQ2Duration_ConsolidatedMember_ResultMember	/disc/55920/081220241114522942_tse-scedjpsy-55920-20241114355920-ixbrl.htm
2024-11-14	半期	当期第2四半期累計	連結	実績		潜在株式調整後1株当たり当期純利益	DilutedNetIncomePerShare	49.60	JPYPerShares	49.60	CurrentAccumulatedQ2Duration_ConsolidatedMember_ResultMember	/disc/55920/081220241114522942_tse-scedjpsy-55920-20241114355920-ixbrl.htm
2024-11-14	半期	前期第2四半期累計	連結	実績		1株当たり当期純利益	NetIncomePerShare	57.90	JPYPerShares	57.90	PriorAccumulatedQ2Duration_ConsolidatedMember_ResultMember	/disc/55920/081220241114522942_tse-scedjpsy-55920-20241114355920-ixbrl.htm
2024-11-14	半期	当期第2四半期累計	連結	実績		経営成績の注記	NoteToOperatingResults			(注）１．当社は2023年３月期中間期については中間連結財務諸表を作成していないため、2024年３月期中間期の対前年中間期増減率については記載しておりません。２．潜在株式調整後１株当たり中間純利益については、新株予約権の残高がありますが、当社は2023年10月４日に東京証券取引所グロース市場に上場したため、前中間連結会計期間については、期中平均株価が把握できないため記載しておりません。	CurrentAccumulatedQ2Duration_ConsolidatedMember_ResultMember	/disc/55920/081220241114522942_tse-scedjpsy-55920-20241114355920-ixbrl.htm
2024-11-14	半期	当期第2四半期累計	連結	実績		総資産	TotalAssets	18879000000	JPY	18,879	CurrentAccumulatedQ2Instant_ConsolidatedMember_ResultMember	/disc/55920/081220241114522942_tse-scedjpsy-55920-20241114355920-ixbrl.htm
2024-11-14	半期	当期第2四半期累計	連結	実績		純資産	NetAssets	6972000000	JPY	6,972	CurrentAccumulatedQ2Instant_ConsolidatedMember_ResultMember	/disc/55920/081220241114522942_tse-scedjpsy-55920-20241114355920-ixbrl.htm
2024-11-14	半期	当期第2四半期累計	連結	実績		自己資本比率	CapitalAdequacyRatio	0.367	Pure	36.7	CurrentAccumulatedQ2Instant_ConsolidatedMember_ResultMember	/disc/55920/081220241114522942_tse-scedjpsy-55920-20241114355920-ixbrl.htm
2024-11-14	半期	前期	連結	実績		総資産	TotalAssets	23071000000	JPY	23,071	PriorYearInstant_ConsolidatedMember_ResultMember	/disc/55920/081220241114522942_tse-scedjpsy-55920-20241114355920-ixbrl.htm
2024-11-14	半期	前期	連結	実績		純資産	NetAssets	6420000000	JPY	6,420	PriorYearInstant_ConsolidatedMember_ResultMember	/disc/55920/081220241114522942_tse-scedjpsy-55920-20241114355920-ixbrl.htm
2024-11-14	半期	前期	連結	実績		自己資本比率	CapitalAdequacyRatio	0.276	Pure	27.6	PriorYearInstant_ConsolidatedMember_ResultMember	/disc/55920/081220241114522942_tse-scedjpsy-55920-20241114355920-ixbrl.htm
2024-11-14	半期	当期第2四半期累計	連結	実績		自己資本	OwnersEquity	6926000000	JPY	6,926	CurrentAccumulatedQ2Instant_ConsolidatedMember_ResultMember	/disc/55920/081220241114522942_tse-scedjpsy-55920-20241114355920-ixbrl.htm
2024-11-14	半期	前期	連結	実績		自己資本	OwnersEquity	6368000000	JPY	6,368	PriorYearInstant_ConsolidatedMember_ResultMember	/disc/55920/081220241114522942_tse-scedjpsy-55920-20241114355920-ixbrl.htm
2024-11-14	半期	前期	単体	実績	第2四半期末	1株当たり配当金	DividendPerShare	0.00	JPYPerShares	0.00	PriorYearDuration_SecondQuarterMember_NonConsolidatedMember_ResultMember	/disc/55920/081220241114522942_tse-scedjpsy-55920-20241114355920-ixbrl.htm
2024-11-14	半期	前期	単体	実績	期末	1株当たり配当金	DividendPerShare	0.00	JPYPerShares	0.00	PriorYearDuration_YearEndMember_NonConsolidatedMember_ResultMember	/disc/55920/081220241114522942_tse-scedjpsy-55920-20241114355920-ixbrl.htm
2024-11-14	半期	前期	単体	実績	合計	1株当たり配当金	DividendPerShare	0.00	JPYPerShares	0.00	PriorYearDuration_AnnualMember_NonConsolidatedMember_ResultMember	/disc/55920/081220241114522942_tse-scedjpsy-55920-20241114355920-ixbrl.htm
2024-11-14	半期	当期	単体	実績	第2四半期末	1株当たり配当金	DividendPerShare	0.00	JPYPerShares	0.00	CurrentYearDuration_SecondQuarterMember_NonConsolidatedMember_ResultMember	/disc/55920/081220241114522942_tse-scedjpsy-55920-20241114355920-ixbrl.htm
2024-11-14	半期	当期	単体	予想	期末	1株当たり配当金	DividendPerShare	14.00	JPYPerShares	14.00	CurrentYearDuration_YearEndMember_NonConsolidatedMember_ForecastMember	/disc/55920/081220241114522942_tse-scedjpsy-55920-20241114355920-ixbrl.htm
2024-11-14	半期	当期	単体	予想	合計	1株当たり配当金	DividendPerShare	14.00	JPYPerShares	14.00	CurrentYearDuration_AnnualMember_NonConsolidatedMember_ForecastMember	/disc/55920/081220241114522942_tse-scedjpsy-55920-20241114355920-ixbrl.htm
2024-11-14	半期	当期	単体	実績	合計	当四半期における配当予想の修正	CorrectionOfDividendForecastInThisQuarter			無	CurrentYearDuration_AnnualMember_NonConsolidatedMember_ResultMember	/disc/55920/081220241114522942_tse-scedjpsy-55920-20241114355920-ixbrl.htm
2024-11-14	半期	当期	連結	予想		業績予想の見出し	TitleForForecasts			３．2025年３月期の連結業績予想（2024年４月１日～2025年３月31日）	CurrentYearDuration_ConsolidatedMember_ForecastMember	/disc/55920/081220241114522942_tse-scedjpsy-55920-20241114355920-ixbrl.htm
2024-11-14	半期	当期	連結	予想		売上高	NetSales	10000000000	JPY	10,000	CurrentYearDuration_ConsolidatedMember_ForecastMember	/disc/55920/081220241114522942_tse-scedjpsy-55920-20241114355920-ixbrl.htm
2024-11-14	半期	当期	連結	予想		売上高の増減率	ChangeInNetSales	0.147	Pure	14.7	CurrentYearDuration_ConsolidatedMember_ForecastMember	/disc/55920/081220241114522942_tse-scedjpsy-55920-20241114355920-ixbrl.htm
2024-11-14	半期	当期	連結	予想		営業利益	OperatingIncome	1510000000	JPY	1,510	CurrentYearDuration_ConsolidatedMember_ForecastMember	/disc/55920/081220241114522942_tse-scedjpsy-55920-20241114355920-ixbrl.htm
2024-11-14	半期	当期	連結	予想		営業利益の増減率	ChangeInOperatingIncome	0.102	Pure	10.2	CurrentYearDuration_ConsolidatedMember_ForecastMember	/disc/55920/081220241114522942_tse-scedjpsy-55920-20241114355920-ixbrl.htm
2024-11-14	半期	当期	連結	予想		経常利益	OrdinaryIncome	1485000000	JPY	1,485	CurrentYearDuration_ConsolidatedMember_ForecastMember	/disc/55920/081220241114522942_tse-scedjpsy-55920-20241114355920-ixbrl.htm
2024-11-14	半期	当期	連結	予想		経常利益の増減率	ChangeInOrdinaryIncome	0.120	Pure	12.0	CurrentYearDuration_ConsolidatedMember_ForecastMember	/disc/55920/081220241114522942_tse-scedjpsy-55920-20241114355920-ixbrl.htm
2024-11-14	半期	当期	連結	予想		親会社株主に帰属する当期純利益	ProfitAttributableToOwnersOfParent	1017000000	JPY	1,017	CurrentYearDuration_ConsolidatedMember_ForecastMember	/disc/55920/081220241114522942_tse-scedjpsy-55920-20241114355920-ixbrl.htm
2024-11-14	半期	当期	連結	予想		親会社株主に帰属する当期純利益の増減率	ChangeInProfitAttributableToOwnersOfParent	0.168	Pure	16.8	CurrentYearDuration_ConsolidatedMember_ForecastMember	/disc/55920/081220241114522942_tse-scedjpsy-55920-20241114355920-ixbrl.htm
2024-11-14	半期	当期	連結	予想		1株当たり当期純利益	NetIncomePerShare	92.62	JPYPerShares	92.62	CurrentYearDuration_ConsolidatedMember_ForecastMember	/disc/55920/081220241114522942_tse-scedjpsy-55920-20241114355920-ixbrl.htm
2024-11-14	半期	当期	連結	予想		当四半期における業績予想の修正	CorrectionOfConsolidatedFinancialForecastInThisQuarter			無	CurrentYearDuration_ConsolidatedMember_ForecastMember	/disc/55920/081220241114522942_tse-scedjpsy-55920-20241114355920-ixbrl.htm
2024-11-14	半期	当期第2四半期累計	連結	実績		期中の連結範囲の重要な変更	SignificantChangesInTheScopeOfConsolidationDuringThePeriod			有	CurrentAccumulatedQ2Duration_ConsolidatedMember_ResultMember	/disc/55920/081220241114522942_tse-scedjpsy-55920-20241114355920-ixbrl.htm
2024-11-14	半期	当期第2四半期累計	連結	実績		新規連結子会社数	NumberOfSubsidiariesNewlyConsolidated	1	NumberOfCompanies	1	CurrentAccumulatedQ2Duration_ConsolidatedMember_ResultMember	/disc/55920/081220241114522942_tse-scedjpsy-55920-20241114355920-ixbrl.htm
2024-11-14	半期	当期第2四半期累計	連結	実績		新規連結子会社の名称	NameOfSubsidiariesNewlyConsolidated			薬剤師求人転職(株)	CurrentAccumulatedQ2Duration_ConsolidatedMember_ResultMember	/disc/55920/081220241114522942_tse-scedjpsy-55920-20241114355920-ixbrl.htm
2024-11-14	半期	当期第2四半期累計	連結	実績		除外子会社数	NumberOfSubsidiariesExcludedFromConsolidation	1	NumberOfCompanies	1	CurrentAccumulatedQ2Duration_ConsolidatedMember_ResultMember	/disc/55920/081220241114522942_tse-scedjpsy-55920-20241114355920-ixbrl.htm
2024-11-14	半期	当期第2四半期累計	連結	実績		除外子会社の名称	NameOfSubsidiariesExcludedFromConsolidation			キューブイメージング(株)	CurrentAccumulatedQ2Duration_ConsolidatedMember_ResultMember	/disc/55920/081220241114522942_tse-scedjpsy-55920-20241114355920-ixbrl.htm
2024-11-14	半期	当期第2四半期累計	連結	実績			NoteToSignificantChangesInTheScopeOfConsolidationDuringThePeriod			当社は、2024年５月22日開催の取締役会において、当社の連結子会社であるキューブイメージング株式会社を吸収合併することを決議し、2024年８月１日付で合併いたしました。なお、「企業結合に関する会計基準」及び「企業結合会計基準及び事業分離等会計基準に関する適用指針」に基づき、共通支配下の取引として処理しております。また、薬剤師求人転職株式会社を新たに設立したため、連結の範囲に含めております。	CurrentAccumulatedQ2Duration_ConsolidatedMember_ResultMember	/disc/55920/081220241114522942_tse-scedjpsy-55920-20241114355920-ixbrl.htm
2024-11-14	半期	当期第2四半期累計	連結	実績			ApplyingOfSpecificAccountingOfTheConsolidatedSemiAnnualFinancialStatements			無	CurrentAccumulatedQ2Duration_ConsolidatedMember_ResultMember	/disc/55920/081220241114522942_tse-scedjpsy-55920-20241114355920-ixbrl.htm
2024-11-14	半期	当期第2四半期累計	連結	実績		会計基準等の改正に伴う変更	ChangesBasedOnRevisionsOfAccountingStandard			有	CurrentAccumulatedQ2Duration_ConsolidatedMember_ResultMember	/disc/55920/081220241114522942_tse-scedjpsy-55920-20241114355920-ixbrl.htm
2024-11-14	半期	当期第2四半期累計	連結	実績		それ以外の会計方針の変更	ChangesOtherThanOnesBasedOnRevisionsOfAccountingStandard			無	CurrentAccumulatedQ2Duration_ConsolidatedMember_ResultMember	/disc/55920/081220241114522942_tse-scedjpsy-55920-20241114355920-ixbrl.htm
2024-11-14	半期	当期第2四半期累計	連結	実績		会計上の見積りの変更	ChangesInAccountingEstimates			無	CurrentAccumulatedQ2Duration_ConsolidatedMember_ResultMember	/disc/55920/081220241114522942_tse-scedjpsy-55920-20241114355920-ixbrl.htm
2024-11-14	半期	当期第2四半期累計	連結	実績		修正再表示	RetrospectiveRestatement			無	CurrentAccumulatedQ2Duration_ConsolidatedMember_ResultMember	/disc/55920/081220241114522942_tse-scedjpsy-55920-20241114355920-ixbrl.htm
2024-11-14	半期	当期第2四半期累計	単体	実績		期末発行済株式数(自己株式を含む)	NumberOfIssuedAndOutstandingSharesAtTheEndOfFiscalYearIncludingTreasuryStock	10980000	Shares	10,980,000	CurrentAccumulatedQ2Instant_NonConsolidatedMember_ResultMember	/disc/55920/081220241114522942_tse-scedjpsy-55920-20241114355920-ixbrl.htm
2024-11-14	半期	前期	単体	実績		期末発行済株式数(自己株式を含む)	NumberOfIssuedAndOutstandingSharesAtTheEndOfFiscalYearIncludingTreasuryStock	10980000	Shares	10,980,000	PriorYearInstant_NonConsolidatedMember_ResultMember	/disc/55920/081220241114522942_tse-scedjpsy-55920-20241114355920-ixbrl.htm
2024-11-14	半期	当期第2四半期累計	単体	実績		期中平均株式数	AverageNumberOfShares	10980000	Shares	10,980,000	CurrentAccumulatedQ2Duration_NonConsolidatedMember_ResultMember	/disc/55920/081220241114522942_tse-scedjpsy-55920-20241114355920-ixbrl.htm
2024-11-14	半期	前期第2四半期累計	単体	実績		期中平均株式数	AverageNumberOfShares	9180000	Shares	9,180,000	PriorAccumulatedQ2Duration_NonConsolidatedMember_ResultMember	/disc/55920/081220241114522942_tse-scedjpsy-55920-20241114355920-ixbrl.htm
2024-11-14	半期	当期				将来情報の利用に関する注意	NotesForUsingForecastedInformationAndOthers			本資料に記載されている業績見通し等の将来に関する記述は当社が現在入手している情報及び合理的であると判断する一定の前提に基づいており、その達成を当社として約束する趣旨のものではありません。また、実際の業績等は様々な要因により大きく異なる可能性があります。	CurrentYearDuration	/disc/55920/081220241114522942_tse-scedjpsy-55920-20241114355920-ixbrl.htm
2024-11-14	半期	当期第2四半期累計					TokyoStockExchangePrime			false	CurrentAccumulatedQ2Instant	/disc/55920/081220241114522942_tse-scedjpsy-55920-20241114355920-ixbrl.htm
2024-11-14	半期	当期第2四半期累計					TokyoStockExchangeStandard			false	CurrentAccumulatedQ2Instant	/disc/55920/081220241114522942_tse-scedjpsy-55920-20241114355920-ixbrl.htm
2024-11-14	半期	当期第2四半期累計					TokyoStockExchangeGrowth			true	CurrentAccumulatedQ2Instant	/disc/55920/081220241114522942_tse-scedjpsy-55920-20241114355920-ixbrl.htm
2024-11-14	半期	当期第2四半期累計					TokyoStockExchangePROMarket			false	CurrentAccumulatedQ2Instant	/disc/55920/081220241114522942_tse-scedjpsy-55920-20241114355920-ixbrl.htm
2024-11-14	半期	当期第2四半期累計					TokyoStockExchangeOthers			false	CurrentAccumulatedQ2Instant	/disc/55920/081220241114522942_tse-scedjpsy-55920-20241114355920-ixbrl.htm
2024-11-14	半期	当期第2四半期累計					NagoyaStockExchange1stSection			false	CurrentAccumulatedQ2Instant	/disc/55920/081220241114522942_tse-scedjpsy-55920-20241114355920-ixbrl.htm
2024-11-14	半期	当期第2四半期累計					NagoyaStockExchange2ndSection			false	CurrentAccumulatedQ2Instant	/disc/55920/081220241114522942_tse-scedjpsy-55920-20241114355920-ixbrl.htm
2024-11-14	半期	当期第2四半期累計					NagoyaStockExchangeCentrex			false	CurrentAccumulatedQ2Instant	/disc/55920/081220241114522942_tse-scedjpsy-55920-20241114355920-ixbrl.htm
2024-11-14	半期	当期第2四半期累計					NagoyaStockExchangeOthers			false	CurrentAccumulatedQ2Instant	/disc/55920/081220241114522942_tse-scedjpsy-55920-20241114355920-ixbrl.htm
2024-11-14	半期	当期第2四半期累計					SapporoStockExchangeEstablished			false	CurrentAccumulatedQ2Instant	/disc/55920/081220241114522942_tse-scedjpsy-55920-20241114355920-ixbrl.htm
2024-11-14	半期	当期第2四半期累計					SapporoStockExchangeAmbitious			false	CurrentAccumulatedQ2Instant	/disc/55920/081220241114522942_tse-scedjpsy-55920-20241114355920-ixbrl.htm
2024-11-14	半期	当期第2四半期累計					SapporoStockExchangeOthers			false	CurrentAccumulatedQ2Instant	/disc/55920/081220241114522942_tse-scedjpsy-55920-20241114355920-ixbrl.htm
2024-11-14	半期	当期第2四半期累計					FukuokaStockExchangeEstablished			false	CurrentAccumulatedQ2Instant	/disc/55920/081220241114522942_tse-scedjpsy-55920-20241114355920-ixbrl.htm
2024-11-14	半期	当期第2四半期累計					FukuokaStockExchangeQBoard			false	CurrentAccumulatedQ2Instant	/disc/55920/081220241114522942_tse-scedjpsy-55920-20241114355920-ixbrl.htm
2024-11-14	半期	当期第2四半期累計					FukuokaStockExchangeOthers			false	CurrentAccumulatedQ2Instant	/disc/55920/081220241114522942_tse-scedjpsy-55920-20241114355920-ixbrl.htm
2024-11-14	半期	当期第2四半期累計					JapanSecuritiesDealersAssociationGreenSheet			false	CurrentAccumulatedQ2Instant	/disc/55920/081220241114522942_tse-scedjpsy-55920-20241114355920-ixbrl.htm
2024-11-14	半期	当期					GeneralBusiness			true	CurrentYearInstant	/disc/55920/081220241114522942_tse-scedjpsy-55920-20241114355920-ixbrl.htm
2024-11-14	半期	当期					SpecificBusiness			false	CurrentYearInstant	/disc/55920/081220241114522942_tse-scedjpsy-55920-20241114355920-ixbrl.htm
2024-11-14	半期	当期				決算期末	FiscalYearEnd			2025-03-31	CurrentYearInstant	/disc/55920/081220241114522942_tse-scedjpsy-55920-20241114355920-ixbrl.htm
2024-11-14	半期	当期第2四半期累計				四半期	QuarterlyPeriod	2	Pure	2	CurrentAccumulatedQ2Instant	/disc/55920/081220241114522942_tse-scedjpsy-55920-20241114355920-ixbrl.htm
2025-02-14	四半期	当期第3四半期累計				書類名	DocumentName			第３四半期決算短信〔日本基準〕(連結)	CurrentAccumulatedQ3Instant	/disc/55920/081220250213573529_tse-qcedjpsm-55920-20250214355920-ixbrl.htm
2025-02-14	四半期	当期第3四半期累計				提出日	FilingDate			2025年２月14日	CurrentAccumulatedQ3Instant	/disc/55920/081220250213573529_tse-qcedjpsm-55920-20250214355920-ixbrl.htm
2025-02-14	四半期	当期第3四半期累計				会社名	CompanyName			株式会社くすりの窓口	CurrentAccumulatedQ3Instant	/disc/55920/081220250213573529_tse-qcedjpsm-55920-20250214355920-ixbrl.htm
2025-02-14	四半期	当期第3四半期累計					TokyoStockExchange			東	CurrentAccumulatedQ3Instant	/disc/55920/081220250213573529_tse-qcedjpsm-55920-20250214355920-ixbrl.htm
2025-02-14	四半期	当期第3四半期累計				証券コード	SecuritiesCode			55920	CurrentAccumulatedQ3Instant	/disc/55920/081220250213573529_tse-qcedjpsm-55920-20250214355920-ixbrl.htm
2025-02-14	四半期	当期第3四半期累計				URL	URL			https://kusurinomadoguchi.co.jp/	CurrentAccumulatedQ3Instant	/disc/55920/081220250213573529_tse-qcedjpsm-55920-20250214355920-ixbrl.htm
2025-02-14	四半期	当期第3四半期累計				代表者の役職	TitleRepresentative			代表取締役社長	CurrentAccumulatedQ3Instant	/disc/55920/081220250213573529_tse-qcedjpsm-55920-20250214355920-ixbrl.htm
2025-02-14	四半期	当期第3四半期累計				代表者名	NameRepresentative			堤 幸治	CurrentAccumulatedQ3Instant	/disc/55920/081220250213573529_tse-qcedjpsm-55920-20250214355920-ixbrl.htm
2025-02-14	四半期	当期第3四半期累計					TitleInquiries			取締役管理本部長	CurrentAccumulatedQ3Instant	/disc/55920/081220250213573529_tse-qcedjpsm-55920-20250214355920-ixbrl.htm
2025-02-14	四半期	当期第3四半期累計					NameInquiries			外間 健	CurrentAccumulatedQ3Instant	/disc/55920/081220250213573529_tse-qcedjpsm-55920-20250214355920-ixbrl.htm
2025-02-14	四半期	当期第3四半期累計					Tel			03-6712-7406	CurrentAccumulatedQ3Instant	/disc/55920/081220250213573529_tse-qcedjpsm-55920-20250214355920-ixbrl.htm
2025-02-14	四半期	当期第3四半期累計					SupplementalMaterialOfResults			有	CurrentAccumulatedQ3Instant	/disc/55920/081220250213573529_tse-qcedjpsm-55920-20250214355920-ixbrl.htm
2025-02-14	四半期	当期第3四半期累計					ConveningBriefingOfResults			無	CurrentAccumulatedQ3Instant	/disc/55920/081220250213573529_tse-qcedjpsm-55920-20250214355920-ixbrl.htm
2025-02-14	四半期	当期第3四半期累計					NoteToFractionProcessingMethod			(百万円未満切捨て)	CurrentAccumulatedQ3Instant	/disc/55920/081220250213573529_tse-qcedjpsm-55920-20250214355920-ixbrl.htm
2025-02-14	四半期	当期第3四半期累計	連結	実績		売上高	NetSales	8420000000	JPY	8,420	CurrentAccumulatedQ3Duration_ConsolidatedMember_ResultMember	/disc/55920/081220250213573529_tse-qcedjpsm-55920-20250214355920-ixbrl.htm
2025-02-14	四半期	当期第3四半期累計	連結	実績		売上高の増減率	ChangeInNetSales	0.345	Pure	34.5	CurrentAccumulatedQ3Duration_ConsolidatedMember_ResultMember	/disc/55920/081220250213573529_tse-qcedjpsm-55920-20250214355920-ixbrl.htm
2025-02-14	四半期	当期第3四半期累計	連結	実績		営業利益	OperatingIncome	1556000000	JPY	1,556	CurrentAccumulatedQ3Duration_ConsolidatedMember_ResultMember	/disc/55920/081220250213573529_tse-qcedjpsm-55920-20250214355920-ixbrl.htm
2025-02-14	四半期	当期第3四半期累計	連結	実績		営業利益の増減率	ChangeInOperatingIncome	0.413	Pure	41.3	CurrentAccumulatedQ3Duration_ConsolidatedMember_ResultMember	/disc/55920/081220250213573529_tse-qcedjpsm-55920-20250214355920-ixbrl.htm
2025-02-14	四半期	当期第3四半期累計	連結	実績		経常利益	OrdinaryIncome	1537000000	JPY	1,537	CurrentAccumulatedQ3Duration_ConsolidatedMember_ResultMember	/disc/55920/081220250213573529_tse-qcedjpsm-55920-20250214355920-ixbrl.htm
2025-02-14	四半期	当期第3四半期累計	連結	実績		経常利益の増減率	ChangeInOrdinaryIncome	0.396	Pure	39.6	CurrentAccumulatedQ3Duration_ConsolidatedMember_ResultMember	/disc/55920/081220250213573529_tse-qcedjpsm-55920-20250214355920-ixbrl.htm
2025-02-14	四半期	当期第3四半期累計	連結	実績		親会社株主に帰属する当期純利益	ProfitAttributableToOwnersOfParent	1562000000	JPY	1,562	CurrentAccumulatedQ3Duration_ConsolidatedMember_ResultMember	/disc/55920/081220250213573529_tse-qcedjpsm-55920-20250214355920-ixbrl.htm
2025-02-14	四半期	当期第3四半期累計	連結	実績		親会社株主に帰属する当期純利益の増減率	ChangeInProfitAttributableToOwnersOfParent	1.167	Pure	116.7	CurrentAccumulatedQ3Duration_ConsolidatedMember_ResultMember	/disc/55920/081220250213573529_tse-qcedjpsm-55920-20250214355920-ixbrl.htm
2025-02-14	四半期	前期第3四半期累計	連結	実績		売上高	NetSales	6259000000	JPY	6,259	PriorAccumulatedQ3Duration_ConsolidatedMember_ResultMember	/disc/55920/081220250213573529_tse-qcedjpsm-55920-20250214355920-ixbrl.htm
2025-02-14	四半期	前期第3四半期累計	連結	実績		営業利益	OperatingIncome	1101000000	JPY	1,101	PriorAccumulatedQ3Duration_ConsolidatedMember_ResultMember	/disc/55920/081220250213573529_tse-qcedjpsm-55920-20250214355920-ixbrl.htm
2025-02-14	四半期	前期第3四半期累計	連結	実績		経常利益	OrdinaryIncome	1101000000	JPY	1,101	PriorAccumulatedQ3Duration_ConsolidatedMember_ResultMember	/disc/55920/081220250213573529_tse-qcedjpsm-55920-20250214355920-ixbrl.htm
2025-02-14	四半期	前期第3四半期累計	連結	実績		親会社株主に帰属する当期純利益	ProfitAttributableToOwnersOfParent	720000000	JPY	720	PriorAccumulatedQ3Duration_ConsolidatedMember_ResultMember	/disc/55920/081220250213573529_tse-qcedjpsm-55920-20250214355920-ixbrl.htm
2025-02-14	四半期	当期第3四半期累計	連結	実績		包括利益	ComprehensiveIncome	1569000000	JPY	1,569	CurrentAccumulatedQ3Duration_ConsolidatedMember_ResultMember	/disc/55920/081220250213573529_tse-qcedjpsm-55920-20250214355920-ixbrl.htm
2025-02-14	四半期	当期第3四半期累計	連結	実績		包括利益の増減率	ChangeInComprehensiveIncome	1.144	Pure	114.4	CurrentAccumulatedQ3Duration_ConsolidatedMember_ResultMember	/disc/55920/081220250213573529_tse-qcedjpsm-55920-20250214355920-ixbrl.htm
2025-02-14	四半期	前期第3四半期累計	連結	実績		包括利益	ComprehensiveIncome	731000000	JPY	731	PriorAccumulatedQ3Duration_ConsolidatedMember_ResultMember	/disc/55920/081220250213573529_tse-qcedjpsm-55920-20250214355920-ixbrl.htm
2025-02-14	四半期	当期第3四半期累計	連結	実績		1株当たり当期純利益	NetIncomePerShare	142.28	JPYPerShares	142.28	CurrentAccumulatedQ3Duration_ConsolidatedMember_ResultMember	/disc/55920/081220250213573529_tse-qcedjpsm-55920-20250214355920-ixbrl.htm
2025-02-14	四半期	当期第3四半期累計	連結	実績		潜在株式調整後1株当たり当期純利益	DilutedNetIncomePerShare	138.95	JPYPerShares	138.95	CurrentAccumulatedQ3Duration_ConsolidatedMember_ResultMember	/disc/55920/081220250213573529_tse-qcedjpsm-55920-20250214355920-ixbrl.htm
2025-02-14	四半期	前期第3四半期累計	連結	実績		1株当たり当期純利益	NetIncomePerShare	73.79	JPYPerShares	73.79	PriorAccumulatedQ3Duration_ConsolidatedMember_ResultMember	/disc/55920/081220250213573529_tse-qcedjpsm-55920-20250214355920-ixbrl.htm
2025-02-14	四半期	前期第3四半期累計	連結	実績		潜在株式調整後1株当たり当期純利益	DilutedNetIncomePerShare	71.55	JPYPerShares	71.55	PriorAccumulatedQ3Duration_ConsolidatedMember_ResultMember	/disc/55920/081220250213573529_tse-qcedjpsm-55920-20250214355920-ixbrl.htm
2025-02-14	四半期	当期第3四半期累計	連結	実績		経営成績の注記	NoteToOperatingResults			&#160;(注）１．当社は2023年３月期第３四半期については四半期連結財務諸表を作成していないため、2024年３月期第３四半期の対前年同四半期増減率については記載しておりません。&#160;２．2024年３月期第３四半期の潜在株式調整後１株当たり四半期純利益については、当社株式が2023年10月４日に東京証券取引所グロース市場に上場したため、新規上場日から前第３四半期末までの平均株価を期中平均株価とみなして算定しております。	CurrentAccumulatedQ3Duration_ConsolidatedMember_ResultMember	/disc/55920/081220250213573529_tse-qcedjpsm-55920-20250214355920-ixbrl.htm
2025-02-14	四半期	当期第3四半期累計	連結	実績		総資産	TotalAssets	18853000000	JPY	18,853	CurrentAccumulatedQ3Instant_ConsolidatedMember_ResultMember	/disc/55920/081220250213573529_tse-qcedjpsm-55920-20250214355920-ixbrl.htm
2025-02-14	四半期	当期第3四半期累計	連結	実績		純資産	NetAssets	7993000000	JPY	7,993	CurrentAccumulatedQ3Instant_ConsolidatedMember_ResultMember	/disc/55920/081220250213573529_tse-qcedjpsm-55920-20250214355920-ixbrl.htm
2025-02-14	四半期	当期第3四半期累計	連結	実績		自己資本比率	CapitalAdequacyRatio	0.421	Pure	42.1	CurrentAccumulatedQ3Instant_ConsolidatedMember_ResultMember	/disc/55920/081220250213573529_tse-qcedjpsm-55920-20250214355920-ixbrl.htm
2025-02-14	四半期	前期	連結	実績		総資産	TotalAssets	23071000000	JPY	23,071	PriorYearInstant_ConsolidatedMember_ResultMember	/disc/55920/081220250213573529_tse-qcedjpsm-55920-20250214355920-ixbrl.htm
2025-02-14	四半期	前期	連結	実績		純資産	NetAssets	6420000000	JPY	6,420	PriorYearInstant_ConsolidatedMember_ResultMember	/disc/55920/081220250213573529_tse-qcedjpsm-55920-20250214355920-ixbrl.htm
2025-02-14	四半期	前期	連結	実績		自己資本比率	CapitalAdequacyRatio	0.276	Pure	27.6	PriorYearInstant_ConsolidatedMember_ResultMember	/disc/55920/081220250213573529_tse-qcedjpsm-55920-20250214355920-ixbrl.htm
2025-02-14	四半期	当期第3四半期累計	連結	実績		自己資本	OwnersEquity	7934000000	JPY	7,934	CurrentAccumulatedQ3Instant_ConsolidatedMember_ResultMember	/disc/55920/081220250213573529_tse-qcedjpsm-55920-20250214355920-ixbrl.htm
2025-02-14	四半期	前期	連結	実績		自己資本	OwnersEquity	6368000000	JPY	6,368	PriorYearInstant_ConsolidatedMember_ResultMember	/disc/55920/081220250213573529_tse-qcedjpsm-55920-20250214355920-ixbrl.htm
2025-02-14	四半期	前期	単体	実績	第2四半期末	1株当たり配当金	DividendPerShare	0.00	JPYPerShares	0.00	PriorYearDuration_SecondQuarterMember_NonConsolidatedMember_ResultMember	/disc/55920/081220250213573529_tse-qcedjpsm-55920-20250214355920-ixbrl.htm
2025-02-14	四半期	前期	単体	実績	期末	1株当たり配当金	DividendPerShare	0.00	JPYPerShares	0.00	PriorYearDuration_YearEndMember_NonConsolidatedMember_ResultMember	/disc/55920/081220250213573529_tse-qcedjpsm-55920-20250214355920-ixbrl.htm
2025-02-14	四半期	前期	単体	実績	合計	1株当たり配当金	DividendPerShare	0.00	JPYPerShares	0.00	PriorYearDuration_AnnualMember_NonConsolidatedMember_ResultMember	/disc/55920/081220250213573529_tse-qcedjpsm-55920-20250214355920-ixbrl.htm
2025-02-14	四半期	当期	単体	実績	第2四半期末	1株当たり配当金	DividendPerShare	0.00	JPYPerShares	0.00	CurrentYearDuration_SecondQuarterMember_NonConsolidatedMember_ResultMember	/disc/55920/081220250213573529_tse-qcedjpsm-55920-20250214355920-ixbrl.htm
2025-02-14	四半期	当期	単体	予想	期末	1株当たり配当金	DividendPerShare	22.63	JPYPerShares	22.63	CurrentYearDuration_YearEndMember_NonConsolidatedMember_ForecastMember	/disc/55920/081220250213573529_tse-qcedjpsm-55920-20250214355920-ixbrl.htm
2025-02-14	四半期	当期	単体	予想	合計	1株当たり配当金	DividendPerShare	22.63	JPYPerShares	22.63	CurrentYearDuration_AnnualMember_NonConsolidatedMember_ForecastMember	/disc/55920/081220250213573529_tse-qcedjpsm-55920-20250214355920-ixbrl.htm
2025-02-14	四半期	当期	単体	実績	合計	当四半期における配当予想の修正	CorrectionOfDividendForecastInThisQuarter			有	CurrentYearDuration_AnnualMember_NonConsolidatedMember_ResultMember	/disc/55920/081220250213573529_tse-qcedjpsm-55920-20250214355920-ixbrl.htm
2025-02-14	四半期	当期	連結	予想		業績予想の見出し	TitleForForecasts			３．2025年３月期の連結業績予想（2024年４月１日～2025年３月31日）	CurrentYearDuration_ConsolidatedMember_ForecastMember	/disc/55920/081220250213573529_tse-qcedjpsm-55920-20250214355920-ixbrl.htm
2025-02-14	四半期	当期	連結	予想		売上高	NetSales	10500000000	JPY	10,500	CurrentYearDuration_ConsolidatedMember_ForecastMember	/disc/55920/081220250213573529_tse-qcedjpsm-55920-20250214355920-ixbrl.htm
2025-02-14	四半期	当期	連結	予想		売上高の増減率	ChangeInNetSales	0.204	Pure	20.4	CurrentYearDuration_ConsolidatedMember_ForecastMember	/disc/55920/081220250213573529_tse-qcedjpsm-55920-20250214355920-ixbrl.htm
2025-02-14	四半期	当期	連結	予想		営業利益	OperatingIncome	1800000000	JPY	1,800	CurrentYearDuration_ConsolidatedMember_ForecastMember	/disc/55920/081220250213573529_tse-qcedjpsm-55920-20250214355920-ixbrl.htm
2025-02-14	四半期	当期	連結	予想		営業利益の増減率	ChangeInOperatingIncome	0.314	Pure	31.4	CurrentYearDuration_ConsolidatedMember_ForecastMember	/disc/55920/081220250213573529_tse-qcedjpsm-55920-20250214355920-ixbrl.htm
2025-02-14	四半期	当期	連結	予想		経常利益	OrdinaryIncome	1773000000	JPY	1,773	CurrentYearDuration_ConsolidatedMember_ForecastMember	/disc/55920/081220250213573529_tse-qcedjpsm-55920-20250214355920-ixbrl.htm
2025-02-14	四半期	当期	連結	予想		経常利益の増減率	ChangeInOrdinaryIncome	0.337	Pure	33.7	CurrentYearDuration_ConsolidatedMember_ForecastMember	/disc/55920/081220250213573529_tse-qcedjpsm-55920-20250214355920-ixbrl.htm
2025-02-14	四半期	当期	連結	予想		親会社株主に帰属する当期純利益	ProfitAttributableToOwnersOfParent	1690000000	JPY	1,690	CurrentYearDuration_ConsolidatedMember_ForecastMember	/disc/55920/081220250213573529_tse-qcedjpsm-55920-20250214355920-ixbrl.htm
2025-02-14	四半期	当期	連結	予想		親会社株主に帰属する当期純利益の増減率	ChangeInProfitAttributableToOwnersOfParent	0.941	Pure	94.1	CurrentYearDuration_ConsolidatedMember_ForecastMember	/disc/55920/081220250213573529_tse-qcedjpsm-55920-20250214355920-ixbrl.htm
2025-02-14	四半期	当期	連結	予想		1株当たり当期純利益	NetIncomePerShare	153.90	JPYPerShares	153.90	CurrentYearDuration_ConsolidatedMember_ForecastMember	/disc/55920/081220250213573529_tse-qcedjpsm-55920-20250214355920-ixbrl.htm
2025-02-14	四半期	当期	連結	予想		当四半期における業績予想の修正	CorrectionOfConsolidatedFinancialForecastInThisQuarter			有	CurrentYearDuration_ConsolidatedMember_ForecastMember	/disc/55920/081220250213573529_tse-qcedjpsm-55920-20250214355920-ixbrl.htm
2025-02-14	四半期	当期第3四半期累計	連結	実績		期中の連結範囲の重要な変更	SignificantChangesInTheScopeOfConsolidationDuringThePeriod			有	CurrentAccumulatedQ3Duration_ConsolidatedMember_ResultMember	/disc/55920/081220250213573529_tse-qcedjpsm-55920-20250214355920-ixbrl.htm
2025-02-14	四半期	当期第3四半期累計	連結	実績		新規連結子会社数	NumberOfSubsidiariesNewlyConsolidated	1	NumberOfCompanies	1	CurrentAccumulatedQ3Duration_ConsolidatedMember_ResultMember	/disc/55920/081220250213573529_tse-qcedjpsm-55920-20250214355920-ixbrl.htm
2025-02-14	四半期	当期第3四半期累計	連結	実績		新規連結子会社の名称	NameOfSubsidiariesNewlyConsolidated			薬剤師求人転職(株)	CurrentAccumulatedQ3Duration_ConsolidatedMember_ResultMember	/disc/55920/081220250213573529_tse-qcedjpsm-55920-20250214355920-ixbrl.htm
2025-02-14	四半期	当期第3四半期累計	連結	実績		除外子会社数	NumberOfSubsidiariesExcludedFromConsolidation	3	NumberOfCompanies	3	CurrentAccumulatedQ3Duration_ConsolidatedMember_ResultMember	/disc/55920/081220250213573529_tse-qcedjpsm-55920-20250214355920-ixbrl.htm
2025-02-14	四半期	当期第3四半期累計	連結	実績		除外子会社の名称	NameOfSubsidiariesExcludedFromConsolidation			キューブイメージング(株)(株)ホスピタルヘルスケア(株)ヘルパーリンク	CurrentAccumulatedQ3Duration_ConsolidatedMember_ResultMember	/disc/55920/081220250213573529_tse-qcedjpsm-55920-20250214355920-ixbrl.htm
2025-02-14	四半期	当期第3四半期累計	連結	実績			NoteToSignificantChangesInTheScopeOfConsolidationDuringThePeriod			当社は、2024年５月22日開催の取締役会において、当社の連結子会社であるキューブイメージング株式会社を吸収合併することを決議し、2024年８月１日付で合併いたしました。なお、「企業結合に関する会計基準」及び「企業結合会計基準及び事業分離等会計基準に関する適用指針」に基づき、共通支配下の取引として処理しております。&#160; 当社は、薬剤師求人転職株式会社を2024年９月27日に新たに設立したため、連結の範囲に含めております。当社は、2024年６月５日開催の取締役会及び2024年６月27日開催の定時株主総会において、当社を存続会社とし、当社の連結子会社である株式会社ホスピタルヘルスケアを消滅会社とする吸収合併を行うことを決議し、2024年11日１日付で合併しました。なお、「企業結合に関する会計基準」及び「企業結合会計基準及び事業分離等会計基準に関する適用指針」に基づき、共通支配下の取引と	CurrentAccumulatedQ3Duration_ConsolidatedMember_ResultMember	/disc/55920/081220250213573529_tse-qcedjpsm-55920-20250214355920-ixbrl.htm
2025-02-14	四半期	当期第3四半期累計	連結	実績			ApplyingOfSpecificAccountingOfTheConsolidatedQuarterlyFinancialStatements			無	CurrentAccumulatedQ3Duration_ConsolidatedMember_ResultMember	/disc/55920/081220250213573529_tse-qcedjpsm-55920-20250214355920-ixbrl.htm
2025-02-14	四半期	当期第3四半期累計	連結	実績			NoteToApplyingOfSpecificAccountingOfTheConsolidatedQuarterlyFinancialStatements			四半期連結財務諸表の作成に特有の会計処理の適用に関する注記	CurrentAccumulatedQ3Duration_ConsolidatedMember_ResultMember	/disc/55920/081220250213573529_tse-qcedjpsm-55920-20250214355920-ixbrl.htm
2025-02-14	四半期	当期第3四半期累計	連結	実績		会計基準等の改正に伴う変更	ChangesBasedOnRevisionsOfAccountingStandard			有	CurrentAccumulatedQ3Duration_ConsolidatedMember_ResultMember	/disc/55920/081220250213573529_tse-qcedjpsm-55920-20250214355920-ixbrl.htm
2025-02-14	四半期	当期第3四半期累計	連結	実績		それ以外の会計方針の変更	ChangesOtherThanOnesBasedOnRevisionsOfAccountingStandard			無	CurrentAccumulatedQ3Duration_ConsolidatedMember_ResultMember	/disc/55920/081220250213573529_tse-qcedjpsm-55920-20250214355920-ixbrl.htm
2025-02-14	四半期	当期第3四半期累計	連結	実績		会計上の見積りの変更	ChangesInAccountingEstimates			無	CurrentAccumulatedQ3Duration_ConsolidatedMember_ResultMember	/disc/55920/081220250213573529_tse-qcedjpsm-55920-20250214355920-ixbrl.htm
2025-02-14	四半期	当期第3四半期累計	連結	実績		修正再表示	RetrospectiveRestatement			無	CurrentAccumulatedQ3Duration_ConsolidatedMember_ResultMember	/disc/55920/081220250213573529_tse-qcedjpsm-55920-20250214355920-ixbrl.htm
2025-02-14	四半期	当期第3四半期累計	連結	実績			NoteToChangesInAccountingPoliciesAccountingEstimatesAndRetrospectiveRestatementQuarterlyConsolidated			会計方針の変更に関する注記	CurrentAccumulatedQ3Duration_ConsolidatedMember_ResultMember	/disc/55920/081220250213573529_tse-qcedjpsm-55920-20250214355920-ixbrl.htm
2025-02-14	四半期	当期第3四半期累計	単体	実績		期末発行済株式数(自己株式を含む)	NumberOfIssuedAndOutstandingSharesAtTheEndOfFiscalYearIncludingTreasuryStock	10986000	Shares	10,986,000	CurrentAccumulatedQ3Instant_NonConsolidatedMember_ResultMember	/disc/55920/081220250213573529_tse-qcedjpsm-55920-20250214355920-ixbrl.htm
2025-02-14	四半期	前期	単体	実績		期末発行済株式数(自己株式を含む)	NumberOfIssuedAndOutstandingSharesAtTheEndOfFiscalYearIncludingTreasuryStock	10980000	Shares	10,980,000	PriorYearInstant_NonConsolidatedMember_ResultMember	/disc/55920/081220250213573529_tse-qcedjpsm-55920-20250214355920-ixbrl.htm
2025-02-14	四半期	当期第3四半期累計	単体	実績		期末自己株式数	NumberOfTreasuryStockAtTheEndOfFiscalYear	23	Shares	23	CurrentAccumulatedQ3Instant_NonConsolidatedMember_ResultMember	/disc/55920/081220250213573529_tse-qcedjpsm-55920-20250214355920-ixbrl.htm
2025-02-14	四半期	当期第3四半期累計	単体	実績		期中平均株式数	AverageNumberOfShares	10980781	Shares	10,980,781	CurrentAccumulatedQ3Duration_NonConsolidatedMember_ResultMember	/disc/55920/081220250213573529_tse-qcedjpsm-55920-20250214355920-ixbrl.htm
2025-02-14	四半期	前期第3四半期累計	単体	実績		期中平均株式数	AverageNumberOfShares	9769090	Shares	9,769,090	PriorAccumulatedQ3Duration_NonConsolidatedMember_ResultMember	/disc/55920/081220250213573529_tse-qcedjpsm-55920-20250214355920-ixbrl.htm
2025-02-14	四半期	当期第3四半期累計					ReviewOfAttachedConsolidatedQuarterlyFinancialStatementsByACertifiedPublicAccountantOrAnAuditFirm			有（任意）	CurrentAccumulatedQ3Duration	/disc/55920/081220250213573529_tse-qcedjpsm-55920-20250214355920-ixbrl.htm
2025-02-14	四半期	当期				将来情報の利用に関する注意	NotesForUsingForecastedInformationAndOthers			本資料に記載されている業績見通し等の将来に関する記述は当社が現在入手している情報及び合理的であると判断する一定の前提に基づいており、その達成を当社として約束する趣旨のものではありません。また、実際の業績等は様々な要因により大きく異なる可能性があります。	CurrentYearDuration	/disc/55920/081220250213573529_tse-qcedjpsm-55920-20250214355920-ixbrl.htm
2025-02-14	四半期	当期第3四半期累計					TokyoStockExchangePrime			false	CurrentAccumulatedQ3Instant	/disc/55920/081220250213573529_tse-qcedjpsm-55920-20250214355920-ixbrl.htm
2025-02-14	四半期	当期第3四半期累計					TokyoStockExchangeStandard			false	CurrentAccumulatedQ3Instant	/disc/55920/081220250213573529_tse-qcedjpsm-55920-20250214355920-ixbrl.htm
2025-02-14	四半期	当期第3四半期累計					TokyoStockExchangeGrowth			true	CurrentAccumulatedQ3Instant	/disc/55920/081220250213573529_tse-qcedjpsm-55920-20250214355920-ixbrl.htm
2025-02-14	四半期	当期第3四半期累計					TokyoStockExchangePROMarket			false	CurrentAccumulatedQ3Instant	/disc/55920/081220250213573529_tse-qcedjpsm-55920-20250214355920-ixbrl.htm
2025-02-14	四半期	当期第3四半期累計					TokyoStockExchangeOthers			false	CurrentAccumulatedQ3Instant	/disc/55920/081220250213573529_tse-qcedjpsm-55920-20250214355920-ixbrl.htm
2025-02-14	四半期	当期第3四半期累計					NagoyaStockExchange1stSection			false	CurrentAccumulatedQ3Instant	/disc/55920/081220250213573529_tse-qcedjpsm-55920-20250214355920-ixbrl.htm
2025-02-14	四半期	当期第3四半期累計					NagoyaStockExchange2ndSection			false	CurrentAccumulatedQ3Instant	/disc/55920/081220250213573529_tse-qcedjpsm-55920-20250214355920-ixbrl.htm
2025-02-14	四半期	当期第3四半期累計					NagoyaStockExchangeCentrex			false	CurrentAccumulatedQ3Instant	/disc/55920/081220250213573529_tse-qcedjpsm-55920-20250214355920-ixbrl.htm
2025-02-14	四半期	当期第3四半期累計					NagoyaStockExchangeOthers			false	CurrentAccumulatedQ3Instant	/disc/55920/081220250213573529_tse-qcedjpsm-55920-20250214355920-ixbrl.htm
2025-02-14	四半期	当期第3四半期累計					SapporoStockExchangeEstablished			false	CurrentAccumulatedQ3Instant	/disc/55920/081220250213573529_tse-qcedjpsm-55920-20250214355920-ixbrl.htm
2025-02-14	四半期	当期第3四半期累計					SapporoStockExchangeAmbitious			false	CurrentAccumulatedQ3Instant	/disc/55920/081220250213573529_tse-qcedjpsm-55920-20250214355920-ixbrl.htm
2025-02-14	四半期	当期第3四半期累計					SapporoStockExchangeOthers			false	CurrentAccumulatedQ3Instant	/disc/55920/081220250213573529_tse-qcedjpsm-55920-20250214355920-ixbrl.htm
2025-02-14	四半期	当期第3四半期累計					FukuokaStockExchangeEstablished			false	CurrentAccumulatedQ3Instant	/disc/55920/081220250213573529_tse-qcedjpsm-55920-20250214355920-ixbrl.htm
2025-02-14	四半期	当期第3四半期累計					FukuokaStockExchangeQBoard			false	CurrentAccumulatedQ3Instant	/disc/55920/081220250213573529_tse-qcedjpsm-55920-20250214355920-ixbrl.htm
2025-02-14	四半期	当期第3四半期累計					FukuokaStockExchangeOthers			false	CurrentAccumulatedQ3Instant	/disc/55920/081220250213573529_tse-qcedjpsm-55920-20250214355920-ixbrl.htm
2025-02-14	四半期	当期第3四半期累計					JapanSecuritiesDealersAssociationGreenSheet			false	CurrentAccumulatedQ3Instant	/disc/55920/081220250213573529_tse-qcedjpsm-55920-20250214355920-ixbrl.htm
2025-02-14	四半期	当期					GeneralBusiness			true	CurrentYearInstant	/disc/55920/081220250213573529_tse-qcedjpsm-55920-20250214355920-ixbrl.htm
2025-02-14	四半期	当期					SpecificBusiness			false	CurrentYearInstant	/disc/55920/081220250213573529_tse-qcedjpsm-55920-20250214355920-ixbrl.htm
2025-02-14	四半期	当期				決算期末	FiscalYearEnd			2025-03-31	CurrentYearInstant	/disc/55920/081220250213573529_tse-qcedjpsm-55920-20250214355920-ixbrl.htm
2025-02-14	四半期	当期第3四半期累計				四半期	QuarterlyPeriod	3	Pure	3	CurrentAccumulatedQ3Instant	/disc/55920/081220250213573529_tse-qcedjpsm-55920-20250214355920-ixbrl.htm
2025-05-14	年次	当期				書類名	DocumentName			決算短信〔日本基準〕(連結)	CurrentYearInstant	/disc/55920/081220250514548654_tse-acedjpsm-55920-20250514355920-ixbrl.htm
2025-05-14	年次	当期				提出日	FilingDate			2025年５月14日	CurrentYearInstant	/disc/55920/081220250514548654_tse-acedjpsm-55920-20250514355920-ixbrl.htm
2025-05-14	年次	当期				会社名	CompanyName			株式会社くすりの窓口	CurrentYearInstant	/disc/55920/081220250514548654_tse-acedjpsm-55920-20250514355920-ixbrl.htm
2025-05-14	年次	当期					TokyoStockExchange			東	CurrentYearInstant	/disc/55920/081220250514548654_tse-acedjpsm-55920-20250514355920-ixbrl.htm
2025-05-14	年次	当期				証券コード	SecuritiesCode			55920	CurrentYearInstant	/disc/55920/081220250514548654_tse-acedjpsm-55920-20250514355920-ixbrl.htm
2025-05-14	年次	当期				URL	URL			https://kusurinomadoguchi.co.jp/	CurrentYearInstant	/disc/55920/081220250514548654_tse-acedjpsm-55920-20250514355920-ixbrl.htm
2025-05-14	年次	当期				代表者の役職	TitleRepresentative			代表取締役社長	CurrentYearInstant	/disc/55920/081220250514548654_tse-acedjpsm-55920-20250514355920-ixbrl.htm
2025-05-14	年次	当期				代表者名	NameRepresentative			堤 幸治	CurrentYearInstant	/disc/55920/081220250514548654_tse-acedjpsm-55920-20250514355920-ixbrl.htm
2025-05-14	年次	当期					TitleInquiries			取締役管理本部長	CurrentYearInstant	/disc/55920/081220250514548654_tse-acedjpsm-55920-20250514355920-ixbrl.htm
2025-05-14	年次	当期					NameInquiries			外間 健	CurrentYearInstant	/disc/55920/081220250514548654_tse-acedjpsm-55920-20250514355920-ixbrl.htm
2025-05-14	年次	当期					Tel			03-6712-7406	CurrentYearInstant	/disc/55920/081220250514548654_tse-acedjpsm-55920-20250514355920-ixbrl.htm
2025-05-14	年次	当期					DateOfGeneralShareholdersMeetingAsPlanned			2025年６月24日	CurrentYearInstant	/disc/55920/081220250514548654_tse-acedjpsm-55920-20250514355920-ixbrl.htm
2025-05-14	年次	当期					DividendPayableDateAsPlanned			2025年６月10日	CurrentYearInstant	/disc/55920/081220250514548654_tse-acedjpsm-55920-20250514355920-ixbrl.htm
2025-05-14	年次	当期					AnnualSecuritiesReportFilingDateAsPlanned			2025年６月24日	CurrentYearInstant	/disc/55920/081220250514548654_tse-acedjpsm-55920-20250514355920-ixbrl.htm
2025-05-14	年次	当期					SupplementalMaterialOfAnnualResults			有	CurrentYearInstant	/disc/55920/081220250514548654_tse-acedjpsm-55920-20250514355920-ixbrl.htm
2025-05-14	年次	当期					ConveningBriefingOfAnnualResults			無	CurrentYearInstant	/disc/55920/081220250514548654_tse-acedjpsm-55920-20250514355920-ixbrl.htm
2025-05-14	年次	当期					NoteToFractionProcessingMethod			(百万円未満切捨て)	CurrentYearInstant	/disc/55920/081220250514548654_tse-acedjpsm-55920-20250514355920-ixbrl.htm
2025-05-14	年次	当期	連結	実績		売上高	NetSales	11199000000	JPY	11,199	CurrentYearDuration_ConsolidatedMember_ResultMember	/disc/55920/081220250514548654_tse-acedjpsm-55920-20250514355920-ixbrl.htm
2025-05-14	年次	当期	連結	実績		売上高の増減率	ChangeInNetSales	0.284	Pure	28.4	CurrentYearDuration_ConsolidatedMember_ResultMember	/disc/55920/081220250514548654_tse-acedjpsm-55920-20250514355920-ixbrl.htm
2025-05-14	年次	当期	連結	実績		営業利益	OperatingIncome	1953000000	JPY	1,953	CurrentYearDuration_ConsolidatedMember_ResultMember	/disc/55920/081220250514548654_tse-acedjpsm-55920-20250514355920-ixbrl.htm
2025-05-14	年次	当期	連結	実績		営業利益の増減率	ChangeInOperatingIncome	0.426	Pure	42.6	CurrentYearDuration_ConsolidatedMember_ResultMember	/disc/55920/081220250514548654_tse-acedjpsm-55920-20250514355920-ixbrl.htm
2025-05-14	年次	当期	連結	実績		経常利益	OrdinaryIncome	1940000000	JPY	1,940	CurrentYearDuration_ConsolidatedMember_ResultMember	/disc/55920/081220250514548654_tse-acedjpsm-55920-20250514355920-ixbrl.htm
2025-05-14	年次	当期	連結	実績		経常利益の増減率	ChangeInOrdinaryIncome	0.463	Pure	46.3	CurrentYearDuration_ConsolidatedMember_ResultMember	/disc/55920/081220250514548654_tse-acedjpsm-55920-20250514355920-ixbrl.htm
2025-05-14	年次	当期	連結	実績		親会社株主に帰属する当期純利益	ProfitAttributableToOwnersOfParent	2034000000	JPY	2,034	CurrentYearDuration_ConsolidatedMember_ResultMember	/disc/55920/081220250514548654_tse-acedjpsm-55920-20250514355920-ixbrl.htm
2025-05-14	年次	当期	連結	実績		親会社株主に帰属する当期純利益の増減率	ChangeInProfitAttributableToOwnersOfParent	1.337	Pure	133.7	CurrentYearDuration_ConsolidatedMember_ResultMember	/disc/55920/081220250514548654_tse-acedjpsm-55920-20250514355920-ixbrl.htm
2025-05-14	年次	前期	連結	実績		売上高	NetSales	8721000000	JPY	8,721	PriorYearDuration_ConsolidatedMember_ResultMember	/disc/55920/081220250514548654_tse-acedjpsm-55920-20250514355920-ixbrl.htm
2025-05-14	年次	前期	連結	実績		売上高の増減率	ChangeInNetSales	0.175	Pure	17.5	PriorYearDuration_ConsolidatedMember_ResultMember	/disc/55920/081220250514548654_tse-acedjpsm-55920-20250514355920-ixbrl.htm
2025-05-14	年次	前期	連結	実績		営業利益	OperatingIncome	1370000000	JPY	1,370	PriorYearDuration_ConsolidatedMember_ResultMember	/disc/55920/081220250514548654_tse-acedjpsm-55920-20250514355920-ixbrl.htm
2025-05-14	年次	前期	連結	実績		営業利益の増減率	ChangeInOperatingIncome	0.305	Pure	30.5	PriorYearDuration_ConsolidatedMember_ResultMember	/disc/55920/081220250514548654_tse-acedjpsm-55920-20250514355920-ixbrl.htm
2025-05-14	年次	前期	連結	実績		経常利益	OrdinaryIncome	1325000000	JPY	1,325	PriorYearDuration_ConsolidatedMember_ResultMember	/disc/55920/081220250514548654_tse-acedjpsm-55920-20250514355920-ixbrl.htm
2025-05-14	年次	前期	連結	実績		経常利益の増減率	ChangeInOrdinaryIncome	0.412	Pure	41.2	PriorYearDuration_ConsolidatedMember_ResultMember	/disc/55920/081220250514548654_tse-acedjpsm-55920-20250514355920-ixbrl.htm
2025-05-14	年次	前期	連結	実績		親会社株主に帰属する当期純利益	ProfitAttributableToOwnersOfParent	870000000	JPY	870	PriorYearDuration_ConsolidatedMember_ResultMember	/disc/55920/081220250514548654_tse-acedjpsm-55920-20250514355920-ixbrl.htm
2025-05-14	年次	前期	連結	実績		親会社株主に帰属する当期純利益の増減率	ChangeInProfitAttributableToOwnersOfParent	1.225	Pure	122.5	PriorYearDuration_ConsolidatedMember_ResultMember	/disc/55920/081220250514548654_tse-acedjpsm-55920-20250514355920-ixbrl.htm
2025-05-14	年次	当期	連結	実績		包括利益	ComprehensiveIncome	2072000000	JPY	2,072	CurrentYearDuration_ConsolidatedMember_ResultMember	/disc/55920/081220250514548654_tse-acedjpsm-55920-20250514355920-ixbrl.htm
2025-05-14	年次	当期	連結	実績		包括利益の増減率	ChangeInComprehensiveIncome	1.370	Pure	137.0	CurrentYearDuration_ConsolidatedMember_ResultMember	/disc/55920/081220250514548654_tse-acedjpsm-55920-20250514355920-ixbrl.htm
2025-05-14	年次	前期	連結	実績		包括利益	ComprehensiveIncome	874000000	JPY	874	PriorYearDuration_ConsolidatedMember_ResultMember	/disc/55920/081220250514548654_tse-acedjpsm-55920-20250514355920-ixbrl.htm
2025-05-14	年次	前期	連結	実績		包括利益の増減率	ChangeInComprehensiveIncome	0.832	Pure	83.2	PriorYearDuration_ConsolidatedMember_ResultMember	/disc/55920/081220250514548654_tse-acedjpsm-55920-20250514355920-ixbrl.htm
2025-05-14	年次	当期	連結	実績		1株当たり当期純利益	NetIncomePerShare	184.89	JPYPerShares	184.89	CurrentYearDuration_ConsolidatedMember_ResultMember	/disc/55920/081220250514548654_tse-acedjpsm-55920-20250514355920-ixbrl.htm
2025-05-14	年次	当期	連結	実績		潜在株式調整後1株当たり当期純利益	DilutedNetIncomePerShare	180.63	JPYPerShares	180.63	CurrentYearDuration_ConsolidatedMember_ResultMember	/disc/55920/081220250514548654_tse-acedjpsm-55920-20250514355920-ixbrl.htm
2025-05-14	年次	当期	連結	実績		自己資本当期純利益率(ROE)	NetIncomeToShareholdersEquityRatio	0.275	Pure	27.5	CurrentYearDuration_ConsolidatedMember_ResultMember	/disc/55920/081220250514548654_tse-acedjpsm-55920-20250514355920-ixbrl.htm
2025-05-14	年次	当期	連結	実績		総資産経常利益率(ROA)	OrdinaryIncomeToTotalAssetsRatio	0.110	Pure	11.0	CurrentYearDuration_ConsolidatedMember_ResultMember	/disc/55920/081220250514548654_tse-acedjpsm-55920-20250514355920-ixbrl.htm
2025-05-14	年次	当期	連結	実績		売上高営業利益率	OperatingIncomeToNetSalesRatio	0.174	Pure	17.4	CurrentYearDuration_ConsolidatedMember_ResultMember	/disc/55920/081220250514548654_tse-acedjpsm-55920-20250514355920-ixbrl.htm
2025-05-14	年次	前期	連結	実績		1株当たり当期純利益	NetIncomePerShare	86.48	JPYPerShares	86.48	PriorYearDuration_ConsolidatedMember_ResultMember	/disc/55920/081220250514548654_tse-acedjpsm-55920-20250514355920-ixbrl.htm
2025-05-14	年次	前期	連結	実績		潜在株式調整後1株当たり当期純利益	DilutedNetIncomePerShare	84.00	JPYPerShares	84.00	PriorYearDuration_ConsolidatedMember_ResultMember	/disc/55920/081220250514548654_tse-acedjpsm-55920-20250514355920-ixbrl.htm
2025-05-14	年次	前期	連結	実績		自己資本当期純利益率(ROE)	NetIncomeToShareholdersEquityRatio	0.192	Pure	19.2	PriorYearDuration_ConsolidatedMember_ResultMember	/disc/55920/081220250514548654_tse-acedjpsm-55920-20250514355920-ixbrl.htm
2025-05-14	年次	前期	連結	実績		総資産経常利益率(ROA)	OrdinaryIncomeToTotalAssetsRatio	0.075	Pure	7.5	PriorYearDuration_ConsolidatedMember_ResultMember	/disc/55920/081220250514548654_tse-acedjpsm-55920-20250514355920-ixbrl.htm
2025-05-14	年次	前期	連結	実績		売上高営業利益率	OperatingIncomeToNetSalesRatio	0.157	Pure	15.7	PriorYearDuration_ConsolidatedMember_ResultMember	/disc/55920/081220250514548654_tse-acedjpsm-55920-20250514355920-ixbrl.htm
2025-05-14	年次	当期	連結	実績		持分法投資損益	InvestmentProfitLossOnEquityMethod	-17000000	JPY	17	CurrentYearDuration_ConsolidatedMember_ResultMember	/disc/55920/081220250514548654_tse-acedjpsm-55920-20250514355920-ixbrl.htm
2025-05-14	年次	前期	連結	実績		持分法投資損益	InvestmentProfitLossOnEquityMethod	7000000	JPY	7	PriorYearDuration_ConsolidatedMember_ResultMember	/disc/55920/081220250514548654_tse-acedjpsm-55920-20250514355920-ixbrl.htm
2025-05-14	年次	当期	連結	実績		経営成績の注記	NoteToOperatingResults			(注）2024年３月期連結会計年度の潜在株式調整後１株当たり当期純利益については、当社株式が2023年10月４日に東京証券取引所グロース市場に上場したため、新規上場日から前連結会計年度末までの平均株価を期中平均株価とみなして算定しております。	CurrentYearDuration_ConsolidatedMember_ResultMember	/disc/55920/081220250514548654_tse-acedjpsm-55920-20250514355920-ixbrl.htm
2025-05-14	年次	当期	連結	実績		総資産	TotalAssets	12157000000	JPY	12,157	CurrentYearInstant_ConsolidatedMember_ResultMember	/disc/55920/081220250514548654_tse-acedjpsm-55920-20250514355920-ixbrl.htm
2025-05-14	年次	当期	連結	実績		純資産	NetAssets	8516000000	JPY	8,516	CurrentYearInstant_ConsolidatedMember_ResultMember	/disc/55920/081220250514548654_tse-acedjpsm-55920-20250514355920-ixbrl.htm
2025-05-14	年次	当期	連結	実績		自己資本比率	CapitalAdequacyRatio	0.695	Pure	69.5	CurrentYearInstant_ConsolidatedMember_ResultMember	/disc/55920/081220250514548654_tse-acedjpsm-55920-20250514355920-ixbrl.htm
2025-05-14	年次	当期	連結	実績		1株当たり純資産	NetAssetsPerShare	753.05	JPYPerShares	753.05	CurrentYearInstant_ConsolidatedMember_ResultMember	/disc/55920/081220250514548654_tse-acedjpsm-55920-20250514355920-ixbrl.htm
2025-05-14	年次	前期	連結	実績		総資産	TotalAssets	23071000000	JPY	23,071	PriorYearInstant_ConsolidatedMember_ResultMember	/disc/55920/081220250514548654_tse-acedjpsm-55920-20250514355920-ixbrl.htm
2025-05-14	年次	前期	連結	実績		純資産	NetAssets	6420000000	JPY	6,420	PriorYearInstant_ConsolidatedMember_ResultMember	/disc/55920/081220250514548654_tse-acedjpsm-55920-20250514355920-ixbrl.htm
2025-05-14	年次	前期	連結	実績		自己資本比率	CapitalAdequacyRatio	0.276	Pure	27.6	PriorYearInstant_ConsolidatedMember_ResultMember	/disc/55920/081220250514548654_tse-acedjpsm-55920-20250514355920-ixbrl.htm
2025-05-14	年次	前期	連結	実績		1株当たり純資産	NetAssetsPerShare	579.97	JPYPerShares	579.97	PriorYearInstant_ConsolidatedMember_ResultMember	/disc/55920/081220250514548654_tse-acedjpsm-55920-20250514355920-ixbrl.htm
2025-05-14	年次	当期	連結	実績		自己資本	OwnersEquity	8451000000	JPY	8,451	CurrentYearInstant_ConsolidatedMember_ResultMember	/disc/55920/081220250514548654_tse-acedjpsm-55920-20250514355920-ixbrl.htm
2025-05-14	年次	前期	連結	実績		自己資本	OwnersEquity	6368000000	JPY	6,368	PriorYearInstant_ConsolidatedMember_ResultMember	/disc/55920/081220250514548654_tse-acedjpsm-55920-20250514355920-ixbrl.htm
2025-05-14	年次	当期	連結	実績		営業キャッシュフロー	CashFlowsFromOperatingActivities	-5326000000	JPY	5,326	CurrentYearDuration_ConsolidatedMember_ResultMember	/disc/55920/081220250514548654_tse-acedjpsm-55920-20250514355920-ixbrl.htm
2025-05-14	年次	当期	連結	実績		投資キャッシュフロー	CashFlowsFromInvestingActivities	-1801000000	JPY	1,801	CurrentYearDuration_ConsolidatedMember_ResultMember	/disc/55920/081220250514548654_tse-acedjpsm-55920-20250514355920-ixbrl.htm
2025-05-14	年次	当期	連結	実績		財務キャッシュフロー	CashFlowsFromFinancingActivities	-5358000000	JPY	5,358	CurrentYearDuration_ConsolidatedMember_ResultMember	/disc/55920/081220250514548654_tse-acedjpsm-55920-20250514355920-ixbrl.htm
2025-05-14	年次	当期	連結	実績		現金及び現金同等物の期末残高	CashAndEquivalentsEndOfPeriod	2104000000	JPY	2,104	CurrentYearInstant_ConsolidatedMember_ResultMember	/disc/55920/081220250514548654_tse-acedjpsm-55920-20250514355920-ixbrl.htm
2025-05-14	年次	前期	連結	実績		営業キャッシュフロー	CashFlowsFromOperatingActivities	2627000000	JPY	2,627	PriorYearDuration_ConsolidatedMember_ResultMember	/disc/55920/081220250514548654_tse-acedjpsm-55920-20250514355920-ixbrl.htm
2025-05-14	年次	前期	連結	実績		投資キャッシュフロー	CashFlowsFromInvestingActivities	-1794000000	JPY	1,794	PriorYearDuration_ConsolidatedMember_ResultMember	/disc/55920/081220250514548654_tse-acedjpsm-55920-20250514355920-ixbrl.htm
2025-05-14	年次	前期	連結	実績		財務キャッシュフロー	CashFlowsFromFinancingActivities	7811000000	JPY	7,811	PriorYearDuration_ConsolidatedMember_ResultMember	/disc/55920/081220250514548654_tse-acedjpsm-55920-20250514355920-ixbrl.htm
2025-05-14	年次	前期	連結	実績		現金及び現金同等物の期末残高	CashAndEquivalentsEndOfPeriod	14590000000	JPY	14,590	PriorYearInstant_ConsolidatedMember_ResultMember	/disc/55920/081220250514548654_tse-acedjpsm-55920-20250514355920-ixbrl.htm
2025-05-14	年次	当期	連結	実績			NoteToConsolidatedFinancialResults			(注)2025年３月期の営業活動によるキャッシュ・フローが△5,326百万円とマイナスとなった要因については、&#160; P２(３)当期のキャッシュ・フローの概況をご高覧ください。	CurrentYearDuration_ConsolidatedMember_ResultMember	/disc/55920/081220250514548654_tse-acedjpsm-55920-20250514355920-ixbrl.htm
2025-05-14	年次	前期	単体	実績	第2四半期末	1株当たり配当金	DividendPerShare	0.00	JPYPerShares	0.00	PriorYearDuration_SecondQuarterMember_NonConsolidatedMember_ResultMember	/disc/55920/081220250514548654_tse-acedjpsm-55920-20250514355920-ixbrl.htm
2025-05-14	年次	前期	単体	実績	期末	1株当たり配当金	DividendPerShare	0.00	JPYPerShares	0.00	PriorYearDuration_YearEndMember_NonConsolidatedMember_ResultMember	/disc/55920/081220250514548654_tse-acedjpsm-55920-20250514355920-ixbrl.htm
2025-05-14	年次	前期	単体	実績	合計	1株当たり配当金	DividendPerShare	0.00	JPYPerShares	0.00	PriorYearDuration_AnnualMember_NonConsolidatedMember_ResultMember	/disc/55920/081220250514548654_tse-acedjpsm-55920-20250514355920-ixbrl.htm
2025-05-14	年次	当期	単体	実績	第2四半期末	1株当たり配当金	DividendPerShare	0.00	JPYPerShares	0.00	CurrentYearDuration_SecondQuarterMember_NonConsolidatedMember_ResultMember	/disc/55920/081220250514548654_tse-acedjpsm-55920-20250514355920-ixbrl.htm
2025-05-14	年次	当期	単体	実績	期末	1株当たり配当金	DividendPerShare	27.00	JPYPerShares	27.00	CurrentYearDuration_YearEndMember_NonConsolidatedMember_ResultMember	/disc/55920/081220250514548654_tse-acedjpsm-55920-20250514355920-ixbrl.htm
2025-05-14	年次	当期	単体	実績	合計	1株当たり配当金	DividendPerShare	27.00	JPYPerShares	27.00	CurrentYearDuration_AnnualMember_NonConsolidatedMember_ResultMember	/disc/55920/081220250514548654_tse-acedjpsm-55920-20250514355920-ixbrl.htm
2025-05-14	年次	当期	単体	実績	合計	配当金総額	TotalDividendPaidAnnual	303000000	JPY	303	CurrentYearDuration_AnnualMember_NonConsolidatedMember_ResultMember	/disc/55920/081220250514548654_tse-acedjpsm-55920-20250514355920-ixbrl.htm
2025-05-14	年次	当期	連結	実績	合計	配当性向	PayoutRatio	0.146	Pure	14.6	CurrentYearDuration_AnnualMember_ConsolidatedMember_ResultMember	/disc/55920/081220250514548654_tse-acedjpsm-55920-20250514355920-ixbrl.htm
2025-05-14	年次	当期	連結	実績	合計	純資産配当率	RatioOfTotalAmountOfDividendsToNetAssets	0.041	Pure	4.1	CurrentYearDuration_AnnualMember_ConsolidatedMember_ResultMember	/disc/55920/081220250514548654_tse-acedjpsm-55920-20250514355920-ixbrl.htm
2025-05-14	年次	来期	単体	予想	第2四半期末	1株当たり配当金	DividendPerShare	0.00	JPYPerShares	0.00	NextYearDuration_SecondQuarterMember_NonConsolidatedMember_ForecastMember	/disc/55920/081220250514548654_tse-acedjpsm-55920-20250514355920-ixbrl.htm
2025-05-14	年次	来期	単体	予想	期末	1株当たり配当金	DividendPerShare	30.00	JPYPerShares	30.00	NextYearDuration_YearEndMember_NonConsolidatedMember_ForecastMember	/disc/55920/081220250514548654_tse-acedjpsm-55920-20250514355920-ixbrl.htm
2025-05-14	年次	来期	単体	予想	合計	1株当たり配当金	DividendPerShare	30.00	JPYPerShares	30.00	NextYearDuration_AnnualMember_NonConsolidatedMember_ForecastMember	/disc/55920/081220250514548654_tse-acedjpsm-55920-20250514355920-ixbrl.htm
2025-05-14	年次	来期	連結	予想	合計	配当性向	PayoutRatio	0.150	Pure	15.0	NextYearDuration_AnnualMember_ConsolidatedMember_ForecastMember	/disc/55920/081220250514548654_tse-acedjpsm-55920-20250514355920-ixbrl.htm
2025-05-14	年次	来期	連結	予想		業績予想の見出し	TitleForForecasts			３．2026年３月期の連結業績予想（2025年４月１日～2026年３月31日）	NextYearDuration_ConsolidatedMember_ForecastMember	/disc/55920/081220250514548654_tse-acedjpsm-55920-20250514355920-ixbrl.htm
2025-05-14	年次	来期	連結	予想		売上高	NetSales	12300000000	JPY	12,300	NextYearDuration_ConsolidatedMember_ForecastMember	/disc/55920/081220250514548654_tse-acedjpsm-55920-20250514355920-ixbrl.htm
2025-05-14	年次	来期	連結	予想		売上高の増減率	ChangeInNetSales	0.098	Pure	9.8	NextYearDuration_ConsolidatedMember_ForecastMember	/disc/55920/081220250514548654_tse-acedjpsm-55920-20250514355920-ixbrl.htm
2025-05-14	年次	来期	連結	予想		営業利益	OperatingIncome	2200000000	JPY	2,200	NextYearDuration_ConsolidatedMember_ForecastMember	/disc/55920/081220250514548654_tse-acedjpsm-55920-20250514355920-ixbrl.htm
2025-05-14	年次	来期	連結	予想		営業利益の増減率	ChangeInOperatingIncome	0.126	Pure	12.6	NextYearDuration_ConsolidatedMember_ForecastMember	/disc/55920/081220250514548654_tse-acedjpsm-55920-20250514355920-ixbrl.htm
2025-05-14	年次	来期	連結	予想		経常利益	OrdinaryIncome	2135000000	JPY	2,135	NextYearDuration_ConsolidatedMember_ForecastMember	/disc/55920/081220250514548654_tse-acedjpsm-55920-20250514355920-ixbrl.htm
2025-05-14	年次	来期	連結	予想		経常利益の増減率	ChangeInOrdinaryIncome	0.100	Pure	10.0	NextYearDuration_ConsolidatedMember_ForecastMember	/disc/55920/081220250514548654_tse-acedjpsm-55920-20250514355920-ixbrl.htm
2025-05-14	年次	来期	連結	予想		親会社株主に帰属する当期純利益	ProfitAttributableToOwnersOfParent	2240000000	JPY	2,240	NextYearDuration_ConsolidatedMember_ForecastMember	/disc/55920/081220250514548654_tse-acedjpsm-55920-20250514355920-ixbrl.htm
2025-05-14	年次	来期	連結	予想		親会社株主に帰属する当期純利益の増減率	ChangeInProfitAttributableToOwnersOfParent	0.101	Pure	10.1	NextYearDuration_ConsolidatedMember_ForecastMember	/disc/55920/081220250514548654_tse-acedjpsm-55920-20250514355920-ixbrl.htm
2025-05-14	年次	来期	連結	予想		1株当たり当期純利益	NetIncomePerShare	199.59	JPYPerShares	199.59	NextYearDuration_ConsolidatedMember_ForecastMember	/disc/55920/081220250514548654_tse-acedjpsm-55920-20250514355920-ixbrl.htm
2025-05-14	年次	当期	連結	実績		期中の連結範囲の重要な変更	SignificantChangesInTheScopeOfConsolidationDuringThePeriod			有	CurrentYearDuration_ConsolidatedMember_ResultMember	/disc/55920/081220250514548654_tse-acedjpsm-55920-20250514355920-ixbrl.htm
2025-05-14	年次	当期	連結	実績		新規連結子会社数	NumberOfSubsidiariesNewlyConsolidated	2	NumberOfCompanies	2	CurrentYearDuration_ConsolidatedMember_ResultMember	/disc/55920/081220250514548654_tse-acedjpsm-55920-20250514355920-ixbrl.htm
2025-05-14	年次	当期	連結	実績		新規連結子会社の名称	NameOfSubsidiariesNewlyConsolidated			薬剤師求人転職(株)(株)メディカルコネクト	CurrentYearDuration_ConsolidatedMember_ResultMember	/disc/55920/081220250514548654_tse-acedjpsm-55920-20250514355920-ixbrl.htm
2025-05-14	年次	当期	連結	実績		除外子会社数	NumberOfSubsidiariesExcludedFromConsolidation	3	NumberOfCompanies	3	CurrentYearDuration_ConsolidatedMember_ResultMember	/disc/55920/081220250514548654_tse-acedjpsm-55920-20250514355920-ixbrl.htm
2025-05-14	年次	当期	連結	実績		除外子会社の名称	NameOfSubsidiariesExcludedFromConsolidation			キューブイメージング(株)(株)ホスピタルヘルスケア&#160;(株)ヘルパーリンク	CurrentYearDuration_ConsolidatedMember_ResultMember	/disc/55920/081220250514548654_tse-acedjpsm-55920-20250514355920-ixbrl.htm
2025-05-14	年次	当期	連結	実績			NoteToSignificantChangesInTheScopeOfConsolidationDuringThePeriod			当社は、薬剤師求人転職株式会社を2024年９月27日に新たに設立し、連結の範囲に含めております。&#160; 当社は、株式会社メディカルコネクトを2025年３月24日に新たに設立し、連結の範囲に含めております。&#160; 当社は、連結子会社であるキューブイメージング株式会社を2024年８月１日に吸収合併し、「企業結合に関する会計基準」及び「企業結合会計基準及び事業分離等会計基準に関する適用指針」に基づき、共通支配下の取引として処理しております。&#160; 当社は、連結子会社である株式会社ホスピタルヘルスケアを2024年11日１日に吸収合併し、「企業結合に関する会計基準」及び「企業結合会計基準及び事業分離等会計基準に関する適用指針」に基づき、共通支配下の取引として処理しております。&#160; 当社は、連結子会社である株式会社ヘルパーリンクの当社保有株式の全てを2024年12月18日に同	CurrentYearDuration_ConsolidatedMember_ResultMember	/disc/55920/081220250514548654_tse-acedjpsm-55920-20250514355920-ixbrl.htm
2025-05-14	年次	当期	連結	実績		会計基準等の改正に伴う変更	ChangesBasedOnRevisionsOfAccountingStandard			無	CurrentYearDuration_ConsolidatedMember_ResultMember	/disc/55920/081220250514548654_tse-acedjpsm-55920-20250514355920-ixbrl.htm
2025-05-14	年次	当期	連結	実績		それ以外の会計方針の変更	ChangesOtherThanOnesBasedOnRevisionsOfAccountingStandard			無	CurrentYearDuration_ConsolidatedMember_ResultMember	/disc/55920/081220250514548654_tse-acedjpsm-55920-20250514355920-ixbrl.htm
2025-05-14	年次	当期	連結	実績		会計上の見積りの変更	ChangesInAccountingEstimates			無	CurrentYearDuration_ConsolidatedMember_ResultMember	/disc/55920/081220250514548654_tse-acedjpsm-55920-20250514355920-ixbrl.htm
2025-05-14	年次	当期	連結	実績		修正再表示	RetrospectiveRestatement			無	CurrentYearDuration_ConsolidatedMember_ResultMember	/disc/55920/081220250514548654_tse-acedjpsm-55920-20250514355920-ixbrl.htm
2025-05-14	年次	当期	単体	実績		期末発行済株式数(自己株式を含む)	NumberOfIssuedAndOutstandingSharesAtTheEndOfFiscalYearIncludingTreasuryStock	11223000	Shares	11,223,000	CurrentYearInstant_NonConsolidatedMember_ResultMember	/disc/55920/081220250514548654_tse-acedjpsm-55920-20250514355920-ixbrl.htm
2025-05-14	年次	前期	単体	実績		期末発行済株式数(自己株式を含む)	NumberOfIssuedAndOutstandingSharesAtTheEndOfFiscalYearIncludingTreasuryStock	10980000	Shares	10,980,000	PriorYearInstant_NonConsolidatedMember_ResultMember	/disc/55920/081220250514548654_tse-acedjpsm-55920-20250514355920-ixbrl.htm
2025-05-14	年次	当期	単体	実績		期末自己株式数	NumberOfTreasuryStockAtTheEndOfFiscalYear	57	Shares	57	CurrentYearInstant_NonConsolidatedMember_ResultMember	/disc/55920/081220250514548654_tse-acedjpsm-55920-20250514355920-ixbrl.htm
2025-05-14	年次	当期	単体	実績		期中平均株式数	AverageNumberOfShares	11005800	Shares	11,005,800	CurrentYearDuration_NonConsolidatedMember_ResultMember	/disc/55920/081220250514548654_tse-acedjpsm-55920-20250514355920-ixbrl.htm
2025-05-14	年次	前期	単体	実績		期中平均株式数	AverageNumberOfShares	10070163	Shares	10,070,163	PriorYearDuration_NonConsolidatedMember_ResultMember	/disc/55920/081220250514548654_tse-acedjpsm-55920-20250514355920-ixbrl.htm
2025-05-14	年次	当期	単体	実績		売上高	NetSales	7622000000	JPY	7,622	CurrentYearDuration_NonConsolidatedMember_ResultMember	/disc/55920/081220250514548654_tse-acedjpsm-55920-20250514355920-ixbrl.htm
2025-05-14	年次	当期	単体	実績		売上高の増減率	ChangeInNetSales	0.176	Pure	17.6	CurrentYearDuration_NonConsolidatedMember_ResultMember	/disc/55920/081220250514548654_tse-acedjpsm-55920-20250514355920-ixbrl.htm
2025-05-14	年次	当期	単体	実績		営業利益	OperatingIncome	1216000000	JPY	1,216	CurrentYearDuration_NonConsolidatedMember_ResultMember	/disc/55920/081220250514548654_tse-acedjpsm-55920-20250514355920-ixbrl.htm
2025-05-14	年次	当期	単体	実績		営業利益の増減率	ChangeInOperatingIncome	0.200	Pure	20.0	CurrentYearDuration_NonConsolidatedMember_ResultMember	/disc/55920/081220250514548654_tse-acedjpsm-55920-20250514355920-ixbrl.htm
2025-05-14	年次	当期	単体	実績		経常利益	OrdinaryIncome	1118000000	JPY	1,118	CurrentYearDuration_NonConsolidatedMember_ResultMember	/disc/55920/081220250514548654_tse-acedjpsm-55920-20250514355920-ixbrl.htm
2025-05-14	年次	当期	単体	実績		経常利益の増減率	ChangeInOrdinaryIncome	0.171	Pure	17.1	CurrentYearDuration_NonConsolidatedMember_ResultMember	/disc/55920/081220250514548654_tse-acedjpsm-55920-20250514355920-ixbrl.htm
2025-05-14	年次	当期	単体	実績		当期純利益	NetIncome	1554000000	JPY	1,554	CurrentYearDuration_NonConsolidatedMember_ResultMember	/disc/55920/081220250514548654_tse-acedjpsm-55920-20250514355920-ixbrl.htm
2025-05-14	年次	当期	単体	実績		当期純利益の増減率	ChangeInNetIncome	1.384	Pure	138.4	CurrentYearDuration_NonConsolidatedMember_ResultMember	/disc/55920/081220250514548654_tse-acedjpsm-55920-20250514355920-ixbrl.htm
2025-05-14	年次	前期	単体	実績		売上高	NetSales	6479000000	JPY	6,479	PriorYearDuration_NonConsolidatedMember_ResultMember	/disc/55920/081220250514548654_tse-acedjpsm-55920-20250514355920-ixbrl.htm
2025-05-14	年次	前期	単体	実績		売上高の増減率	ChangeInNetSales	0.141	Pure	14.1	PriorYearDuration_NonConsolidatedMember_ResultMember	/disc/55920/081220250514548654_tse-acedjpsm-55920-20250514355920-ixbrl.htm
2025-05-14	年次	前期	単体	実績		営業利益	OperatingIncome	1013000000	JPY	1,013	PriorYearDuration_NonConsolidatedMember_ResultMember	/disc/55920/081220250514548654_tse-acedjpsm-55920-20250514355920-ixbrl.htm
2025-05-14	年次	前期	単体	実績		営業利益の増減率	ChangeInOperatingIncome	0.438	Pure	43.8	PriorYearDuration_NonConsolidatedMember_ResultMember	/disc/55920/081220250514548654_tse-acedjpsm-55920-20250514355920-ixbrl.htm
2025-05-14	年次	前期	単体	実績		経常利益	OrdinaryIncome	955000000	JPY	955	PriorYearDuration_NonConsolidatedMember_ResultMember	/disc/55920/081220250514548654_tse-acedjpsm-55920-20250514355920-ixbrl.htm
2025-05-14	年次	前期	単体	実績		経常利益の増減率	ChangeInOrdinaryIncome	0.390	Pure	39.0	PriorYearDuration_NonConsolidatedMember_ResultMember	/disc/55920/081220250514548654_tse-acedjpsm-55920-20250514355920-ixbrl.htm
2025-05-14	年次	前期	単体	実績		当期純利益	NetIncome	651000000	JPY	651	PriorYearDuration_NonConsolidatedMember_ResultMember	/disc/55920/081220250514548654_tse-acedjpsm-55920-20250514355920-ixbrl.htm
2025-05-14	年次	前期	単体	実績		当期純利益の増減率	ChangeInNetIncome	0.635	Pure	63.5	PriorYearDuration_NonConsolidatedMember_ResultMember	/disc/55920/081220250514548654_tse-acedjpsm-55920-20250514355920-ixbrl.htm
2025-05-14	年次	当期	単体	実績		1株当たり当期純利益	NetIncomePerShare	141.21	JPYPerShares	141.21	CurrentYearDuration_NonConsolidatedMember_ResultMember	/disc/55920/081220250514548654_tse-acedjpsm-55920-20250514355920-ixbrl.htm
2025-05-14	年次	当期	単体	実績		潜在株式調整後1株当たり当期純利益	DilutedNetIncomePerShare	137.95	JPYPerShares	137.95	CurrentYearDuration_NonConsolidatedMember_ResultMember	/disc/55920/081220250514548654_tse-acedjpsm-55920-20250514355920-ixbrl.htm
2025-05-14	年次	前期	単体	実績		1株当たり当期純利益	NetIncomePerShare	64.72	JPYPerShares	64.72	PriorYearDuration_NonConsolidatedMember_ResultMember	/disc/55920/081220250514548654_tse-acedjpsm-55920-20250514355920-ixbrl.htm
2025-05-14	年次	前期	単体	実績		潜在株式調整後1株当たり当期純利益	DilutedNetIncomePerShare	62.86	JPYPerShares	62.86	PriorYearDuration_NonConsolidatedMember_ResultMember	/disc/55920/081220250514548654_tse-acedjpsm-55920-20250514355920-ixbrl.htm
2025-05-14	年次	当期	単体	実績		経営成績の注記	NoteToOperatingResults			(注) 2024年３月期事業年度の潜在株式調整後１株当たり当期純利益については、当社株式が2023年10月４日に東京証券取引所グロース市場に上場したため、新規上場日から前事業年度末までの平均株価を期中平均株価とみなして算定しております。	CurrentYearDuration_NonConsolidatedMember_ResultMember	/disc/55920/081220250514548654_tse-acedjpsm-55920-20250514355920-ixbrl.htm
2025-05-14	年次	当期	単体	実績		総資産	TotalAssets	11907000000	JPY	11,907	CurrentYearInstant_NonConsolidatedMember_ResultMember	/disc/55920/081220250514548654_tse-acedjpsm-55920-20250514355920-ixbrl.htm
2025-05-14	年次	当期	単体	実績		純資産	NetAssets	7780000000	JPY	7,780	CurrentYearInstant_NonConsolidatedMember_ResultMember	/disc/55920/081220250514548654_tse-acedjpsm-55920-20250514355920-ixbrl.htm
2025-05-14	年次	当期	単体	実績		自己資本比率	CapitalAdequacyRatio	0.653	Pure	65.3	CurrentYearInstant_NonConsolidatedMember_ResultMember	/disc/55920/081220250514548654_tse-acedjpsm-55920-20250514355920-ixbrl.htm
2025-05-14	年次	当期	単体	実績		1株当たり純資産	NetAssetsPerShare	693.21	JPYPerShares	693.21	CurrentYearInstant_NonConsolidatedMember_ResultMember	/disc/55920/081220250514548654_tse-acedjpsm-55920-20250514355920-ixbrl.htm
2025-05-14	年次	前期	単体	実績		総資産	TotalAssets	22194000000	JPY	22,194	PriorYearInstant_NonConsolidatedMember_ResultMember	/disc/55920/081220250514548654_tse-acedjpsm-55920-20250514355920-ixbrl.htm
2025-05-14	年次	前期	単体	実績		純資産	NetAssets	6087000000	JPY	6,087	PriorYearInstant_NonConsolidatedMember_ResultMember	/disc/55920/081220250514548654_tse-acedjpsm-55920-20250514355920-ixbrl.htm
2025-05-14	年次	前期	単体	実績		自己資本比率	CapitalAdequacyRatio	0.274	Pure	27.4	PriorYearInstant_NonConsolidatedMember_ResultMember	/disc/55920/081220250514548654_tse-acedjpsm-55920-20250514355920-ixbrl.htm
2025-05-14	年次	前期	単体	実績		1株当たり純資産	NetAssetsPerShare	554.26	JPYPerShares	554.26	PriorYearInstant_NonConsolidatedMember_ResultMember	/disc/55920/081220250514548654_tse-acedjpsm-55920-20250514355920-ixbrl.htm
2025-05-14	年次	当期	単体	実績		自己資本	OwnersEquity	7779000000	JPY	7,779	CurrentYearInstant_NonConsolidatedMember_ResultMember	/disc/55920/081220250514548654_tse-acedjpsm-55920-20250514355920-ixbrl.htm
2025-05-14	年次	前期	単体	実績		自己資本	OwnersEquity	6085000000	JPY	6,085	PriorYearInstant_NonConsolidatedMember_ResultMember	/disc/55920/081220250514548654_tse-acedjpsm-55920-20250514355920-ixbrl.htm
2025-05-14	年次	来期				将来情報の利用に関する注意	NotesForUsingForecastedInformationAndOthers			本資料に記載されている業績見通し等の将来に関する記述は当社が現在入手している情報及び合理的であると判断する一定の前提に基づいており、その達成を当社として約束する趣旨のものではありません。また、実際の業績等は様々な要因により異なる可能性があります。	NextYearDuration	/disc/55920/081220250514548654_tse-acedjpsm-55920-20250514355920-ixbrl.htm
2025-05-14	年次	当期					TokyoStockExchangePrime			false	CurrentYearInstant	/disc/55920/081220250514548654_tse-acedjpsm-55920-20250514355920-ixbrl.htm
2025-05-14	年次	当期					TokyoStockExchangeStandard			false	CurrentYearInstant	/disc/55920/081220250514548654_tse-acedjpsm-55920-20250514355920-ixbrl.htm
2025-05-14	年次	当期					TokyoStockExchangeGrowth			true	CurrentYearInstant	/disc/55920/081220250514548654_tse-acedjpsm-55920-20250514355920-ixbrl.htm
2025-05-14	年次	当期					TokyoStockExchange1stSection			false	CurrentYearInstant	/disc/55920/081220250514548654_tse-acedjpsm-55920-20250514355920-ixbrl.htm
2025-05-14	年次	当期					TokyoStockExchange2ndSection			false	CurrentYearInstant	/disc/55920/081220250514548654_tse-acedjpsm-55920-20250514355920-ixbrl.htm
2025-05-14	年次	当期					TokyoStockExchangeMothers			false	CurrentYearInstant	/disc/55920/081220250514548654_tse-acedjpsm-55920-20250514355920-ixbrl.htm
2025-05-14	年次	当期					TokyoStockExchangeJASDAQ			false	CurrentYearInstant	/disc/55920/081220250514548654_tse-acedjpsm-55920-20250514355920-ixbrl.htm
2025-05-14	年次	当期					TokyoStockExchangePROMarket			false	CurrentYearInstant	/disc/55920/081220250514548654_tse-acedjpsm-55920-20250514355920-ixbrl.htm
2025-05-14	年次	当期					TokyoStockExchangeOthers			false	CurrentYearInstant	/disc/55920/081220250514548654_tse-acedjpsm-55920-20250514355920-ixbrl.htm
2025-05-14	年次	当期					NagoyaStockExchange1stSection			false	CurrentYearInstant	/disc/55920/081220250514548654_tse-acedjpsm-55920-20250514355920-ixbrl.htm
2025-05-14	年次	当期					NagoyaStockExchange2ndSection			false	CurrentYearInstant	/disc/55920/081220250514548654_tse-acedjpsm-55920-20250514355920-ixbrl.htm
2025-05-14	年次	当期					NagoyaStockExchangeCentrex			false	CurrentYearInstant	/disc/55920/081220250514548654_tse-acedjpsm-55920-20250514355920-ixbrl.htm
2025-05-14	年次	当期					NagoyaStockExchangeOthers			false	CurrentYearInstant	/disc/55920/081220250514548654_tse-acedjpsm-55920-20250514355920-ixbrl.htm
2025-05-14	年次	当期					SapporoStockExchangeEstablished			false	CurrentYearInstant	/disc/55920/081220250514548654_tse-acedjpsm-55920-20250514355920-ixbrl.htm
2025-05-14	年次	当期					SapporoStockExchangeAmbitious			false	CurrentYearInstant	/disc/55920/081220250514548654_tse-acedjpsm-55920-20250514355920-ixbrl.htm
2025-05-14	年次	当期					SapporoStockExchangeOthers			false	CurrentYearInstant	/disc/55920/081220250514548654_tse-acedjpsm-55920-20250514355920-ixbrl.htm
2025-05-14	年次	当期					FukuokaStockExchangeEstablished			false	CurrentYearInstant	/disc/55920/081220250514548654_tse-acedjpsm-55920-20250514355920-ixbrl.htm
2025-05-14	年次	当期					FukuokaStockExchangeQBoard			false	CurrentYearInstant	/disc/55920/081220250514548654_tse-acedjpsm-55920-20250514355920-ixbrl.htm
2025-05-14	年次	当期					FukuokaStockExchangeOthers			false	CurrentYearInstant	/disc/55920/081220250514548654_tse-acedjpsm-55920-20250514355920-ixbrl.htm
2025-05-14	年次	当期					JapanSecuritiesDealersAssociationGreenSheet			false	CurrentYearInstant	/disc/55920/081220250514548654_tse-acedjpsm-55920-20250514355920-ixbrl.htm
2025-05-14	年次	当期					GeneralBusiness			true	CurrentYearInstant	/disc/55920/081220250514548654_tse-acedjpsm-55920-20250514355920-ixbrl.htm
2025-05-14	年次	当期					SpecificBusiness			false	CurrentYearInstant	/disc/55920/081220250514548654_tse-acedjpsm-55920-20250514355920-ixbrl.htm
2025-05-14	年次	当期				決算期末	FiscalYearEnd			2025-03-31	CurrentYearInstant	/disc/55920/081220250514548654_tse-acedjpsm-55920-20250514355920-ixbrl.htm
2025-08-14	四半期	当期第1四半期累計				書類名	DocumentName			第１四半期決算短信〔日本基準〕(連結)	CurrentAccumulatedQ1Instant	/disc/55920/081220250813541018_tse-qcedjpsm-55920-20250814355920-ixbrl.htm
2025-08-14	四半期	当期第1四半期累計				提出日	FilingDate			2025年８月14日	CurrentAccumulatedQ1Instant	/disc/55920/081220250813541018_tse-qcedjpsm-55920-20250814355920-ixbrl.htm
2025-08-14	四半期	当期第1四半期累計				会社名	CompanyName			株式会社くすりの窓口	CurrentAccumulatedQ1Instant	/disc/55920/081220250813541018_tse-qcedjpsm-55920-20250814355920-ixbrl.htm
2025-08-14	四半期	当期第1四半期累計					TokyoStockExchange			東	CurrentAccumulatedQ1Instant	/disc/55920/081220250813541018_tse-qcedjpsm-55920-20250814355920-ixbrl.htm
2025-08-14	四半期	当期第1四半期累計				証券コード	SecuritiesCode			55920	CurrentAccumulatedQ1Instant	/disc/55920/081220250813541018_tse-qcedjpsm-55920-20250814355920-ixbrl.htm
2025-08-14	四半期	当期第1四半期累計				URL	URL			https://kusurinomadoguchi.co.jp/	CurrentAccumulatedQ1Instant	/disc/55920/081220250813541018_tse-qcedjpsm-55920-20250814355920-ixbrl.htm
2025-08-14	四半期	当期第1四半期累計				代表者の役職	TitleRepresentative			代表取締役社長	CurrentAccumulatedQ1Instant	/disc/55920/081220250813541018_tse-qcedjpsm-55920-20250814355920-ixbrl.htm
2025-08-14	四半期	当期第1四半期累計				代表者名	NameRepresentative			堤 幸治	CurrentAccumulatedQ1Instant	/disc/55920/081220250813541018_tse-qcedjpsm-55920-20250814355920-ixbrl.htm
2025-08-14	四半期	当期第1四半期累計					TitleInquiries			取締役管理本部長	CurrentAccumulatedQ1Instant	/disc/55920/081220250813541018_tse-qcedjpsm-55920-20250814355920-ixbrl.htm
2025-08-14	四半期	当期第1四半期累計					NameInquiries			外間 健	CurrentAccumulatedQ1Instant	/disc/55920/081220250813541018_tse-qcedjpsm-55920-20250814355920-ixbrl.htm
2025-08-14	四半期	当期第1四半期累計					Tel			03-6712-7406	CurrentAccumulatedQ1Instant	/disc/55920/081220250813541018_tse-qcedjpsm-55920-20250814355920-ixbrl.htm
2025-08-14	四半期	当期第1四半期累計					SupplementalMaterialOfResults			有	CurrentAccumulatedQ1Instant	/disc/55920/081220250813541018_tse-qcedjpsm-55920-20250814355920-ixbrl.htm
2025-08-14	四半期	当期第1四半期累計					ConveningBriefingOfResults			無	CurrentAccumulatedQ1Instant	/disc/55920/081220250813541018_tse-qcedjpsm-55920-20250814355920-ixbrl.htm
2025-08-14	四半期	当期第1四半期累計					NoteToFractionProcessingMethod			(百万円未満切捨て)	CurrentAccumulatedQ1Instant	/disc/55920/081220250813541018_tse-qcedjpsm-55920-20250814355920-ixbrl.htm
2025-08-14	四半期	当期第1四半期累計	連結	実績		売上高	NetSales	2914000000	JPY	2,914	CurrentAccumulatedQ1Duration_ConsolidatedMember_ResultMember	/disc/55920/081220250813541018_tse-qcedjpsm-55920-20250814355920-ixbrl.htm
2025-08-14	四半期	当期第1四半期累計	連結	実績		売上高の増減率	ChangeInNetSales	0.108	Pure	10.8	CurrentAccumulatedQ1Duration_ConsolidatedMember_ResultMember	/disc/55920/081220250813541018_tse-qcedjpsm-55920-20250814355920-ixbrl.htm
2025-08-14	四半期	当期第1四半期累計	連結	実績		営業利益	OperatingIncome	629000000	JPY	629	CurrentAccumulatedQ1Duration_ConsolidatedMember_ResultMember	/disc/55920/081220250813541018_tse-qcedjpsm-55920-20250814355920-ixbrl.htm
2025-08-14	四半期	当期第1四半期累計	連結	実績		営業利益の増減率	ChangeInOperatingIncome	0.645	Pure	64.5	CurrentAccumulatedQ1Duration_ConsolidatedMember_ResultMember	/disc/55920/081220250813541018_tse-qcedjpsm-55920-20250814355920-ixbrl.htm
2025-08-14	四半期	当期第1四半期累計	連結	実績		経常利益	OrdinaryIncome	645000000	JPY	645	CurrentAccumulatedQ1Duration_ConsolidatedMember_ResultMember	/disc/55920/081220250813541018_tse-qcedjpsm-55920-20250814355920-ixbrl.htm
2025-08-14	四半期	当期第1四半期累計	連結	実績		経常利益の増減率	ChangeInOrdinaryIncome	0.699	Pure	69.9	CurrentAccumulatedQ1Duration_ConsolidatedMember_ResultMember	/disc/55920/081220250813541018_tse-qcedjpsm-55920-20250814355920-ixbrl.htm
2025-08-14	四半期	当期第1四半期累計	連結	実績		親会社株主に帰属する当期純利益	ProfitAttributableToOwnersOfParent	386000000	JPY	386	CurrentAccumulatedQ1Duration_ConsolidatedMember_ResultMember	/disc/55920/081220250813541018_tse-qcedjpsm-55920-20250814355920-ixbrl.htm
2025-08-14	四半期	当期第1四半期累計	連結	実績		親会社株主に帰属する当期純利益の増減率	ChangeInProfitAttributableToOwnersOfParent	0.614	Pure	61.4	CurrentAccumulatedQ1Duration_ConsolidatedMember_ResultMember	/disc/55920/081220250813541018_tse-qcedjpsm-55920-20250814355920-ixbrl.htm
2025-08-14	四半期	前期第1四半期累計	連結	実績		売上高	NetSales	2629000000	JPY	2,629	PriorAccumulatedQ1Duration_ConsolidatedMember_ResultMember	/disc/55920/081220250813541018_tse-qcedjpsm-55920-20250814355920-ixbrl.htm
2025-08-14	四半期	前期第1四半期累計	連結	実績		売上高の増減率	ChangeInNetSales	0.221	Pure	22.1	PriorAccumulatedQ1Duration_ConsolidatedMember_ResultMember	/disc/55920/081220250813541018_tse-qcedjpsm-55920-20250814355920-ixbrl.htm
2025-08-14	四半期	前期第1四半期累計	連結	実績		営業利益	OperatingIncome	382000000	JPY	382	PriorAccumulatedQ1Duration_ConsolidatedMember_ResultMember	/disc/55920/081220250813541018_tse-qcedjpsm-55920-20250814355920-ixbrl.htm
2025-08-14	四半期	前期第1四半期累計	連結	実績		営業利益の増減率	ChangeInOperatingIncome	-0.165	Pure	16.5	PriorAccumulatedQ1Duration_ConsolidatedMember_ResultMember	/disc/55920/081220250813541018_tse-qcedjpsm-55920-20250814355920-ixbrl.htm
2025-08-14	四半期	前期第1四半期累計	連結	実績		経常利益	OrdinaryIncome	379000000	JPY	379	PriorAccumulatedQ1Duration_ConsolidatedMember_ResultMember	/disc/55920/081220250813541018_tse-qcedjpsm-55920-20250814355920-ixbrl.htm
2025-08-14	四半期	前期第1四半期累計	連結	実績		経常利益の増減率	ChangeInOrdinaryIncome	-0.193	Pure	19.3	PriorAccumulatedQ1Duration_ConsolidatedMember_ResultMember	/disc/55920/081220250813541018_tse-qcedjpsm-55920-20250814355920-ixbrl.htm
2025-08-14	四半期	前期第1四半期累計	連結	実績		親会社株主に帰属する当期純利益	ProfitAttributableToOwnersOfParent	239000000	JPY	239	PriorAccumulatedQ1Duration_ConsolidatedMember_ResultMember	/disc/55920/081220250813541018_tse-qcedjpsm-55920-20250814355920-ixbrl.htm
2025-08-14	四半期	前期第1四半期累計	連結	実績		親会社株主に帰属する当期純利益の増減率	ChangeInProfitAttributableToOwnersOfParent	-0.204	Pure	20.4	PriorAccumulatedQ1Duration_ConsolidatedMember_ResultMember	/disc/55920/081220250813541018_tse-qcedjpsm-55920-20250814355920-ixbrl.htm
2025-08-14	四半期	当期第1四半期累計	連結	実績		包括利益	ComprehensiveIncome	411000000	JPY	411	CurrentAccumulatedQ1Duration_ConsolidatedMember_ResultMember	/disc/55920/081220250813541018_tse-qcedjpsm-55920-20250814355920-ixbrl.htm
2025-08-14	四半期	当期第1四半期累計	連結	実績		包括利益の増減率	ChangeInComprehensiveIncome	0.825	Pure	82.5	CurrentAccumulatedQ1Duration_ConsolidatedMember_ResultMember	/disc/55920/081220250813541018_tse-qcedjpsm-55920-20250814355920-ixbrl.htm
2025-08-14	四半期	前期第1四半期累計	連結	実績		包括利益	ComprehensiveIncome	225000000	JPY	225	PriorAccumulatedQ1Duration_ConsolidatedMember_ResultMember	/disc/55920/081220250813541018_tse-qcedjpsm-55920-20250814355920-ixbrl.htm
2025-08-14	四半期	前期第1四半期累計	連結	実績		包括利益の増減率	ChangeInComprehensiveIncome	-0.263	Pure	26.3	PriorAccumulatedQ1Duration_ConsolidatedMember_ResultMember	/disc/55920/081220250813541018_tse-qcedjpsm-55920-20250814355920-ixbrl.htm
2025-08-14	四半期	当期第1四半期累計	連結	実績		1株当たり当期純利益	NetIncomePerShare	34.47	JPYPerShares	34.47	CurrentAccumulatedQ1Duration_ConsolidatedMember_ResultMember	/disc/55920/081220250813541018_tse-qcedjpsm-55920-20250814355920-ixbrl.htm
2025-08-14	四半期	当期第1四半期累計	連結	実績		潜在株式調整後1株当たり当期純利益	DilutedNetIncomePerShare	33.98	JPYPerShares	33.98	CurrentAccumulatedQ1Duration_ConsolidatedMember_ResultMember	/disc/55920/081220250813541018_tse-qcedjpsm-55920-20250814355920-ixbrl.htm
2025-08-14	四半期	前期第1四半期累計	連結	実績		1株当たり当期純利益	NetIncomePerShare	21.82	JPYPerShares	21.82	PriorAccumulatedQ1Duration_ConsolidatedMember_ResultMember	/disc/55920/081220250813541018_tse-qcedjpsm-55920-20250814355920-ixbrl.htm
2025-08-14	四半期	前期第1四半期累計	連結	実績		潜在株式調整後1株当たり当期純利益	DilutedNetIncomePerShare	21.28	JPYPerShares	21.28	PriorAccumulatedQ1Duration_ConsolidatedMember_ResultMember	/disc/55920/081220250813541018_tse-qcedjpsm-55920-20250814355920-ixbrl.htm
2025-08-14	四半期	当期第1四半期累計	連結	実績		総資産	TotalAssets	11874000000	JPY	11,874	CurrentAccumulatedQ1Instant_ConsolidatedMember_ResultMember	/disc/55920/081220250813541018_tse-qcedjpsm-55920-20250814355920-ixbrl.htm
2025-08-14	四半期	当期第1四半期累計	連結	実績		純資産	NetAssets	8625000000	JPY	8,625	CurrentAccumulatedQ1Instant_ConsolidatedMember_ResultMember	/disc/55920/081220250813541018_tse-qcedjpsm-55920-20250814355920-ixbrl.htm
2025-08-14	四半期	当期第1四半期累計	連結	実績		自己資本比率	CapitalAdequacyRatio	0.720	Pure	72.0	CurrentAccumulatedQ1Instant_ConsolidatedMember_ResultMember	/disc/55920/081220250813541018_tse-qcedjpsm-55920-20250814355920-ixbrl.htm
2025-08-14	四半期	前期	連結	実績		総資産	TotalAssets	12157000000	JPY	12,157	PriorYearInstant_ConsolidatedMember_ResultMember	/disc/55920/081220250813541018_tse-qcedjpsm-55920-20250814355920-ixbrl.htm
2025-08-14	四半期	前期	連結	実績		純資産	NetAssets	8516000000	JPY	8,516	PriorYearInstant_ConsolidatedMember_ResultMember	/disc/55920/081220250813541018_tse-qcedjpsm-55920-20250814355920-ixbrl.htm
2025-08-14	四半期	前期	連結	実績		自己資本比率	CapitalAdequacyRatio	0.695	Pure	69.5	PriorYearInstant_ConsolidatedMember_ResultMember	/disc/55920/081220250813541018_tse-qcedjpsm-55920-20250814355920-ixbrl.htm
2025-08-14	四半期	当期第1四半期累計	連結	実績		自己資本	OwnersEquity	8550000000	JPY	8,550	CurrentAccumulatedQ1Instant_ConsolidatedMember_ResultMember	/disc/55920/081220250813541018_tse-qcedjpsm-55920-20250814355920-ixbrl.htm
2025-08-14	四半期	前期	連結	実績		自己資本	OwnersEquity	8451000000	JPY	8,451	PriorYearInstant_ConsolidatedMember_ResultMember	/disc/55920/081220250813541018_tse-qcedjpsm-55920-20250814355920-ixbrl.htm
2025-08-14	四半期	前期	単体	実績	第2四半期末	1株当たり配当金	DividendPerShare	0.00	JPYPerShares	0.00	PriorYearDuration_SecondQuarterMember_NonConsolidatedMember_ResultMember	/disc/55920/081220250813541018_tse-qcedjpsm-55920-20250814355920-ixbrl.htm
2025-08-14	四半期	前期	単体	実績	期末	1株当たり配当金	DividendPerShare	27.00	JPYPerShares	27.00	PriorYearDuration_YearEndMember_NonConsolidatedMember_ResultMember	/disc/55920/081220250813541018_tse-qcedjpsm-55920-20250814355920-ixbrl.htm
2025-08-14	四半期	前期	単体	実績	合計	1株当たり配当金	DividendPerShare	27.00	JPYPerShares	27.00	PriorYearDuration_AnnualMember_NonConsolidatedMember_ResultMember	/disc/55920/081220250813541018_tse-qcedjpsm-55920-20250814355920-ixbrl.htm
2025-08-14	四半期	当期	単体	予想	第2四半期末	1株当たり配当金	DividendPerShare	0.00	JPYPerShares	0.00	CurrentYearDuration_SecondQuarterMember_NonConsolidatedMember_ForecastMember	/disc/55920/081220250813541018_tse-qcedjpsm-55920-20250814355920-ixbrl.htm
2025-08-14	四半期	当期	単体	予想	期末	1株当たり配当金	DividendPerShare	30.00	JPYPerShares	30.00	CurrentYearDuration_YearEndMember_NonConsolidatedMember_ForecastMember	/disc/55920/081220250813541018_tse-qcedjpsm-55920-20250814355920-ixbrl.htm
2025-08-14	四半期	当期	単体	予想	合計	1株当たり配当金	DividendPerShare	30.00	JPYPerShares	30.00	CurrentYearDuration_AnnualMember_NonConsolidatedMember_ForecastMember	/disc/55920/081220250813541018_tse-qcedjpsm-55920-20250814355920-ixbrl.htm
2025-08-14	四半期	当期	単体	実績	合計	当四半期における配当予想の修正	CorrectionOfDividendForecastInThisQuarter			無	CurrentYearDuration_AnnualMember_NonConsolidatedMember_ResultMember	/disc/55920/081220250813541018_tse-qcedjpsm-55920-20250814355920-ixbrl.htm
2025-08-14	四半期	当期	連結	予想		業績予想の見出し	TitleForForecasts			３．2026年３月期の連結業績予想（2025年４月１日～2026年３月31日）	CurrentYearDuration_ConsolidatedMember_ForecastMember	/disc/55920/081220250813541018_tse-qcedjpsm-55920-20250814355920-ixbrl.htm
2025-08-14	四半期	当期	連結	予想		売上高	NetSales	12300000000	JPY	12,300	CurrentYearDuration_ConsolidatedMember_ForecastMember	/disc/55920/081220250813541018_tse-qcedjpsm-55920-20250814355920-ixbrl.htm
2025-08-14	四半期	当期	連結	予想		売上高の増減率	ChangeInNetSales	0.098	Pure	9.8	CurrentYearDuration_ConsolidatedMember_ForecastMember	/disc/55920/081220250813541018_tse-qcedjpsm-55920-20250814355920-ixbrl.htm
2025-08-14	四半期	当期	連結	予想		営業利益	OperatingIncome	2200000000	JPY	2,200	CurrentYearDuration_ConsolidatedMember_ForecastMember	/disc/55920/081220250813541018_tse-qcedjpsm-55920-20250814355920-ixbrl.htm
2025-08-14	四半期	当期	連結	予想		営業利益の増減率	ChangeInOperatingIncome	0.126	Pure	12.6	CurrentYearDuration_ConsolidatedMember_ForecastMember	/disc/55920/081220250813541018_tse-qcedjpsm-55920-20250814355920-ixbrl.htm
2025-08-14	四半期	当期	連結	予想		経常利益	OrdinaryIncome	2135000000	JPY	2,135	CurrentYearDuration_ConsolidatedMember_ForecastMember	/disc/55920/081220250813541018_tse-qcedjpsm-55920-20250814355920-ixbrl.htm
2025-08-14	四半期	当期	連結	予想		経常利益の増減率	ChangeInOrdinaryIncome	0.100	Pure	10.0	CurrentYearDuration_ConsolidatedMember_ForecastMember	/disc/55920/081220250813541018_tse-qcedjpsm-55920-20250814355920-ixbrl.htm
2025-08-14	四半期	当期	連結	予想		親会社株主に帰属する当期純利益	ProfitAttributableToOwnersOfParent	2240000000	JPY	2,240	CurrentYearDuration_ConsolidatedMember_ForecastMember	/disc/55920/081220250813541018_tse-qcedjpsm-55920-20250814355920-ixbrl.htm
2025-08-14	四半期	当期	連結	予想		親会社株主に帰属する当期純利益の増減率	ChangeInProfitAttributableToOwnersOfParent	0.101	Pure	10.1	CurrentYearDuration_ConsolidatedMember_ForecastMember	/disc/55920/081220250813541018_tse-qcedjpsm-55920-20250814355920-ixbrl.htm
2025-08-14	四半期	当期	連結	予想		1株当たり当期純利益	NetIncomePerShare	199.59	JPYPerShares	199.59	CurrentYearDuration_ConsolidatedMember_ForecastMember	/disc/55920/081220250813541018_tse-qcedjpsm-55920-20250814355920-ixbrl.htm
2025-08-14	四半期	当期	連結	予想		当四半期における業績予想の修正	CorrectionOfConsolidatedFinancialForecastInThisQuarter			無	CurrentYearDuration_ConsolidatedMember_ForecastMember	/disc/55920/081220250813541018_tse-qcedjpsm-55920-20250814355920-ixbrl.htm
2025-08-14	四半期	当期第1四半期累計	連結	実績		期中の連結範囲の重要な変更	SignificantChangesInTheScopeOfConsolidationDuringThePeriod			無	CurrentAccumulatedQ1Duration_ConsolidatedMember_ResultMember	/disc/55920/081220250813541018_tse-qcedjpsm-55920-20250814355920-ixbrl.htm
2025-08-14	四半期	当期第1四半期累計	連結	実績			ApplyingOfSpecificAccountingOfTheConsolidatedQuarterlyFinancialStatements			無	CurrentAccumulatedQ1Duration_ConsolidatedMember_ResultMember	/disc/55920/081220250813541018_tse-qcedjpsm-55920-20250814355920-ixbrl.htm
2025-08-14	四半期	当期第1四半期累計	連結	実績			NoteToApplyingOfSpecificAccountingOfTheConsolidatedQuarterlyFinancialStatements			四半期連結財務諸表の作成に特有の会計処理の適用に関する注記	CurrentAccumulatedQ1Duration_ConsolidatedMember_ResultMember	/disc/55920/081220250813541018_tse-qcedjpsm-55920-20250814355920-ixbrl.htm
2025-08-14	四半期	当期第1四半期累計	連結	実績		会計基準等の改正に伴う変更	ChangesBasedOnRevisionsOfAccountingStandard			無	CurrentAccumulatedQ1Duration_ConsolidatedMember_ResultMember	/disc/55920/081220250813541018_tse-qcedjpsm-55920-20250814355920-ixbrl.htm
2025-08-14	四半期	当期第1四半期累計	連結	実績		それ以外の会計方針の変更	ChangesOtherThanOnesBasedOnRevisionsOfAccountingStandard			無	CurrentAccumulatedQ1Duration_ConsolidatedMember_ResultMember	/disc/55920/081220250813541018_tse-qcedjpsm-55920-20250814355920-ixbrl.htm
2025-08-14	四半期	当期第1四半期累計	連結	実績		会計上の見積りの変更	ChangesInAccountingEstimates			無	CurrentAccumulatedQ1Duration_ConsolidatedMember_ResultMember	/disc/55920/081220250813541018_tse-qcedjpsm-55920-20250814355920-ixbrl.htm
2025-08-14	四半期	当期第1四半期累計	連結	実績		修正再表示	RetrospectiveRestatement			無	CurrentAccumulatedQ1Duration_ConsolidatedMember_ResultMember	/disc/55920/081220250813541018_tse-qcedjpsm-55920-20250814355920-ixbrl.htm
2025-08-14	四半期	当期第1四半期累計	連結	実績			NoteToChangesInAccountingPoliciesAccountingEstimatesAndRetrospectiveRestatementQuarterlyConsolidated			会計方針の変更に関する注記	CurrentAccumulatedQ1Duration_ConsolidatedMember_ResultMember	/disc/55920/081220250813541018_tse-qcedjpsm-55920-20250814355920-ixbrl.htm
2025-08-14	四半期	当期第1四半期累計	単体	実績		期末発行済株式数(自己株式を含む)	NumberOfIssuedAndOutstandingSharesAtTheEndOfFiscalYearIncludingTreasuryStock	11223000	Shares	11,223,000	CurrentAccumulatedQ1Instant_NonConsolidatedMember_ResultMember	/disc/55920/081220250813541018_tse-qcedjpsm-55920-20250814355920-ixbrl.htm
2025-08-14	四半期	前期	単体	実績		期末発行済株式数(自己株式を含む)	NumberOfIssuedAndOutstandingSharesAtTheEndOfFiscalYearIncludingTreasuryStock	11223000	Shares	11,223,000	PriorYearInstant_NonConsolidatedMember_ResultMember	/disc/55920/081220250813541018_tse-qcedjpsm-55920-20250814355920-ixbrl.htm
2025-08-14	四半期	当期第1四半期累計	単体	実績		期末自己株式数	NumberOfTreasuryStockAtTheEndOfFiscalYear	96	Shares	96	CurrentAccumulatedQ1Instant_NonConsolidatedMember_ResultMember	/disc/55920/081220250813541018_tse-qcedjpsm-55920-20250814355920-ixbrl.htm
2025-08-14	四半期	前期	単体	実績		期末自己株式数	NumberOfTreasuryStockAtTheEndOfFiscalYear	57	Shares	57	PriorYearInstant_NonConsolidatedMember_ResultMember	/disc/55920/081220250813541018_tse-qcedjpsm-55920-20250814355920-ixbrl.htm
2025-08-14	四半期	当期第1四半期累計	単体	実績		期中平均株式数	AverageNumberOfShares	11222910	Shares	11,222,910	CurrentAccumulatedQ1Duration_NonConsolidatedMember_ResultMember	/disc/55920/081220250813541018_tse-qcedjpsm-55920-20250814355920-ixbrl.htm
2025-08-14	四半期	前期第1四半期累計	単体	実績		期中平均株式数	AverageNumberOfShares	10980000	Shares	10,980,000	PriorAccumulatedQ1Duration_NonConsolidatedMember_ResultMember	/disc/55920/081220250813541018_tse-qcedjpsm-55920-20250814355920-ixbrl.htm
2025-08-14	四半期	当期第1四半期累計					ReviewOfAttachedConsolidatedQuarterlyFinancialStatementsByACertifiedPublicAccountantOrAnAuditFirm			無	CurrentAccumulatedQ1Duration	/disc/55920/081220250813541018_tse-qcedjpsm-55920-20250814355920-ixbrl.htm
2025-08-14	四半期	当期				将来情報の利用に関する注意	NotesForUsingForecastedInformationAndOthers			本資料に記載されている業績見通し等の将来に関する記述は当社が現在入手している情報及び合理的であると判断する一定の前提に基づいており、その達成を当社として約束する趣旨のものではありません。また、実際の業績等は様々な要因により異なる可能性があります。	CurrentYearDuration	/disc/55920/081220250813541018_tse-qcedjpsm-55920-20250814355920-ixbrl.htm
2025-08-14	四半期	当期第1四半期累計					TokyoStockExchangePrime			false	CurrentAccumulatedQ1Instant	/disc/55920/081220250813541018_tse-qcedjpsm-55920-20250814355920-ixbrl.htm
2025-08-14	四半期	当期第1四半期累計					TokyoStockExchangeStandard			false	CurrentAccumulatedQ1Instant	/disc/55920/081220250813541018_tse-qcedjpsm-55920-20250814355920-ixbrl.htm
2025-08-14	四半期	当期第1四半期累計					TokyoStockExchangeGrowth			true	CurrentAccumulatedQ1Instant	/disc/55920/081220250813541018_tse-qcedjpsm-55920-20250814355920-ixbrl.htm
2025-08-14	四半期	当期第1四半期累計					TokyoStockExchangePROMarket			false	CurrentAccumulatedQ1Instant	/disc/55920/081220250813541018_tse-qcedjpsm-55920-20250814355920-ixbrl.htm
2025-08-14	四半期	当期第1四半期累計					TokyoStockExchangeOthers			false	CurrentAccumulatedQ1Instant	/disc/55920/081220250813541018_tse-qcedjpsm-55920-20250814355920-ixbrl.htm
2025-08-14	四半期	当期第1四半期累計					NagoyaStockExchange1stSection			false	CurrentAccumulatedQ1Instant	/disc/55920/081220250813541018_tse-qcedjpsm-55920-20250814355920-ixbrl.htm
2025-08-14	四半期	当期第1四半期累計					NagoyaStockExchange2ndSection			false	CurrentAccumulatedQ1Instant	/disc/55920/081220250813541018_tse-qcedjpsm-55920-20250814355920-ixbrl.htm
2025-08-14	四半期	当期第1四半期累計					NagoyaStockExchangeCentrex			false	CurrentAccumulatedQ1Instant	/disc/55920/081220250813541018_tse-qcedjpsm-55920-20250814355920-ixbrl.htm
2025-08-14	四半期	当期第1四半期累計					NagoyaStockExchangeOthers			false	CurrentAccumulatedQ1Instant	/disc/55920/081220250813541018_tse-qcedjpsm-55920-20250814355920-ixbrl.htm
2025-08-14	四半期	当期第1四半期累計					SapporoStockExchangeEstablished			false	CurrentAccumulatedQ1Instant	/disc/55920/081220250813541018_tse-qcedjpsm-55920-20250814355920-ixbrl.htm
2025-08-14	四半期	当期第1四半期累計					SapporoStockExchangeAmbitious			false	CurrentAccumulatedQ1Instant	/disc/55920/081220250813541018_tse-qcedjpsm-55920-20250814355920-ixbrl.htm
2025-08-14	四半期	当期第1四半期累計					SapporoStockExchangeOthers			false	CurrentAccumulatedQ1Instant	/disc/55920/081220250813541018_tse-qcedjpsm-55920-20250814355920-ixbrl.htm
2025-08-14	四半期	当期第1四半期累計					FukuokaStockExchangeEstablished			false	CurrentAccumulatedQ1Instant	/disc/55920/081220250813541018_tse-qcedjpsm-55920-20250814355920-ixbrl.htm
2025-08-14	四半期	当期第1四半期累計					FukuokaStockExchangeQBoard			false	CurrentAccumulatedQ1Instant	/disc/55920/081220250813541018_tse-qcedjpsm-55920-20250814355920-ixbrl.htm
2025-08-14	四半期	当期第1四半期累計					FukuokaStockExchangeOthers			false	CurrentAccumulatedQ1Instant	/disc/55920/081220250813541018_tse-qcedjpsm-55920-20250814355920-ixbrl.htm
2025-08-14	四半期	当期第1四半期累計					JapanSecuritiesDealersAssociationGreenSheet			false	CurrentAccumulatedQ1Instant	/disc/55920/081220250813541018_tse-qcedjpsm-55920-20250814355920-ixbrl.htm
2025-08-14	四半期	当期					GeneralBusiness			true	CurrentYearInstant	/disc/55920/081220250813541018_tse-qcedjpsm-55920-20250814355920-ixbrl.htm
2025-08-14	四半期	当期					SpecificBusiness			false	CurrentYearInstant	/disc/55920/081220250813541018_tse-qcedjpsm-55920-20250814355920-ixbrl.htm
2025-08-14	四半期	当期				決算期末	FiscalYearEnd			2026-03-31	CurrentYearInstant	/disc/55920/081220250813541018_tse-qcedjpsm-55920-20250814355920-ixbrl.htm
2025-08-14	四半期	当期第1四半期累計				四半期	QuarterlyPeriod	1	Pure	1	CurrentAccumulatedQ1Instant	/disc/55920/081220250813541018_tse-qcedjpsm-55920-20250814355920-ixbrl.htm
2025-11-14	半期	当期第2四半期累計				書類名	DocumentName			第２四半期（中間期）決算短信〔日本基準〕(連結)	CurrentAccumulatedQ2Instant	/disc/55920/081220251114502283_tse-scedjpsy-55920-20251114355920-ixbrl.htm
2025-11-14	半期	当期第2四半期累計				提出日	FilingDate			2025年11月14日	CurrentAccumulatedQ2Instant	/disc/55920/081220251114502283_tse-scedjpsy-55920-20251114355920-ixbrl.htm
2025-11-14	半期	当期第2四半期累計				会社名	CompanyName			株式会社くすりの窓口	CurrentAccumulatedQ2Instant	/disc/55920/081220251114502283_tse-scedjpsy-55920-20251114355920-ixbrl.htm
2025-11-14	半期	当期第2四半期累計					TokyoStockExchange			東	CurrentAccumulatedQ2Instant	/disc/55920/081220251114502283_tse-scedjpsy-55920-20251114355920-ixbrl.htm
2025-11-14	半期	当期第2四半期累計				証券コード	SecuritiesCode			55920	CurrentAccumulatedQ2Instant	/disc/55920/081220251114502283_tse-scedjpsy-55920-20251114355920-ixbrl.htm
2025-11-14	半期	当期第2四半期累計				URL	URL			https://kusurinomadoguchi.co.jp/	CurrentAccumulatedQ2Instant	/disc/55920/081220251114502283_tse-scedjpsy-55920-20251114355920-ixbrl.htm
2025-11-14	半期	当期第2四半期累計				代表者の役職	TitleRepresentative			代表取締役社長	CurrentAccumulatedQ2Instant	/disc/55920/081220251114502283_tse-scedjpsy-55920-20251114355920-ixbrl.htm
2025-11-14	半期	当期第2四半期累計				代表者名	NameRepresentative			堤 幸治	CurrentAccumulatedQ2Instant	/disc/55920/081220251114502283_tse-scedjpsy-55920-20251114355920-ixbrl.htm
2025-11-14	半期	当期第2四半期累計					TitleInquiries			取締役管理本部長	CurrentAccumulatedQ2Instant	/disc/55920/081220251114502283_tse-scedjpsy-55920-20251114355920-ixbrl.htm
2025-11-14	半期	当期第2四半期累計					NameInquiries			外間 健	CurrentAccumulatedQ2Instant	/disc/55920/081220251114502283_tse-scedjpsy-55920-20251114355920-ixbrl.htm
2025-11-14	半期	当期第2四半期累計					Tel			03-6712-7406	CurrentAccumulatedQ2Instant	/disc/55920/081220251114502283_tse-scedjpsy-55920-20251114355920-ixbrl.htm
2025-11-14	半期	当期第2四半期累計					SemiAnnualStatementFilingDateAsPlanned			2025年11月14日	CurrentAccumulatedQ2Instant	/disc/55920/081220251114502283_tse-scedjpsy-55920-20251114355920-ixbrl.htm
2025-11-14	半期	当期第2四半期累計					SupplementalMaterialOfResults			有	CurrentAccumulatedQ2Instant	/disc/55920/081220251114502283_tse-scedjpsy-55920-20251114355920-ixbrl.htm
2025-11-14	半期	当期第2四半期累計					ConveningBriefingOfResults			無	CurrentAccumulatedQ2Instant	/disc/55920/081220251114502283_tse-scedjpsy-55920-20251114355920-ixbrl.htm
2025-11-14	半期	当期第2四半期累計					NoteToFractionProcessingMethod			(百万円未満切捨て)	CurrentAccumulatedQ2Instant	/disc/55920/081220251114502283_tse-scedjpsy-55920-20251114355920-ixbrl.htm
2025-11-14	半期	当期第2四半期累計	連結	実績		売上高	NetSales	5825000000	JPY	5,825	CurrentAccumulatedQ2Duration_ConsolidatedMember_ResultMember	/disc/55920/081220251114502283_tse-scedjpsy-55920-20251114355920-ixbrl.htm
2025-11-14	半期	当期第2四半期累計	連結	実績		売上高の増減率	ChangeInNetSales	0.070	Pure	7.0	CurrentAccumulatedQ2Duration_ConsolidatedMember_ResultMember	/disc/55920/081220251114502283_tse-scedjpsy-55920-20251114355920-ixbrl.htm
2025-11-14	半期	当期第2四半期累計	連結	実績		営業利益	OperatingIncome	1262000000	JPY	1,262	CurrentAccumulatedQ2Duration_ConsolidatedMember_ResultMember	/disc/55920/081220251114502283_tse-scedjpsy-55920-20251114355920-ixbrl.htm
2025-11-14	半期	当期第2四半期累計	連結	実績		営業利益の増減率	ChangeInOperatingIncome	0.329	Pure	32.9	CurrentAccumulatedQ2Duration_ConsolidatedMember_ResultMember	/disc/55920/081220251114502283_tse-scedjpsy-55920-20251114355920-ixbrl.htm
2025-11-14	半期	当期第2四半期累計	連結	実績		経常利益	OrdinaryIncome	1252000000	JPY	1,252	CurrentAccumulatedQ2Duration_ConsolidatedMember_ResultMember	/disc/55920/081220251114502283_tse-scedjpsy-55920-20251114355920-ixbrl.htm
2025-11-14	半期	当期第2四半期累計	連結	実績		経常利益の増減率	ChangeInOrdinaryIncome	0.357	Pure	35.7	CurrentAccumulatedQ2Duration_ConsolidatedMember_ResultMember	/disc/55920/081220251114502283_tse-scedjpsy-55920-20251114355920-ixbrl.htm
2025-11-14	半期	当期第2四半期累計	連結	実績		親会社株主に帰属する当期純利益	ProfitAttributableToOwnersOfParent	1620000000	JPY	1,620	CurrentAccumulatedQ2Duration_ConsolidatedMember_ResultMember	/disc/55920/081220251114502283_tse-scedjpsy-55920-20251114355920-ixbrl.htm
2025-11-14	半期	当期第2四半期累計	連結	実績		親会社株主に帰属する当期純利益の増減率	ChangeInProfitAttributableToOwnersOfParent	1.905	Pure	190.5	CurrentAccumulatedQ2Duration_ConsolidatedMember_ResultMember	/disc/55920/081220251114502283_tse-scedjpsy-55920-20251114355920-ixbrl.htm
2025-11-14	半期	前期第2四半期累計	連結	実績		売上高	NetSales	5443000000	JPY	5,443	PriorAccumulatedQ2Duration_ConsolidatedMember_ResultMember	/disc/55920/081220251114502283_tse-scedjpsy-55920-20251114355920-ixbrl.htm
2025-11-14	半期	前期第2四半期累計	連結	実績		売上高の増減率	ChangeInNetSales	0.279	Pure	27.9	PriorAccumulatedQ2Duration_ConsolidatedMember_ResultMember	/disc/55920/081220251114502283_tse-scedjpsy-55920-20251114355920-ixbrl.htm
2025-11-14	半期	前期第2四半期累計	連結	実績		営業利益	OperatingIncome	949000000	JPY	949	PriorAccumulatedQ2Duration_ConsolidatedMember_ResultMember	/disc/55920/081220251114502283_tse-scedjpsy-55920-20251114355920-ixbrl.htm
2025-11-14	半期	前期第2四半期累計	連結	実績		営業利益の増減率	ChangeInOperatingIncome	0.127	Pure	12.7	PriorAccumulatedQ2Duration_ConsolidatedMember_ResultMember	/disc/55920/081220251114502283_tse-scedjpsy-55920-20251114355920-ixbrl.htm
2025-11-14	半期	前期第2四半期累計	連結	実績		経常利益	OrdinaryIncome	922000000	JPY	922	PriorAccumulatedQ2Duration_ConsolidatedMember_ResultMember	/disc/55920/081220251114502283_tse-scedjpsy-55920-20251114355920-ixbrl.htm
2025-11-14	半期	前期第2四半期累計	連結	実績		経常利益の増減率	ChangeInOrdinaryIncome	0.085	Pure	8.5	PriorAccumulatedQ2Duration_ConsolidatedMember_ResultMember	/disc/55920/081220251114502283_tse-scedjpsy-55920-20251114355920-ixbrl.htm
2025-11-14	半期	前期第2四半期累計	連結	実績		親会社株主に帰属する当期純利益	ProfitAttributableToOwnersOfParent	558000000	JPY	558	PriorAccumulatedQ2Duration_ConsolidatedMember_ResultMember	/disc/55920/081220251114502283_tse-scedjpsy-55920-20251114355920-ixbrl.htm
2025-11-14	半期	前期第2四半期累計	連結	実績		親会社株主に帰属する当期純利益の増減率	ChangeInProfitAttributableToOwnersOfParent	0.050	Pure	5.0	PriorAccumulatedQ2Duration_ConsolidatedMember_ResultMember	/disc/55920/081220251114502283_tse-scedjpsy-55920-20251114355920-ixbrl.htm
2025-11-14	半期	当期第2四半期累計	連結	実績		包括利益	ComprehensiveIncome	1667000000	JPY	1,667	CurrentAccumulatedQ2Duration_ConsolidatedMember_ResultMember	/disc/55920/081220251114502283_tse-scedjpsy-55920-20251114355920-ixbrl.htm
2025-11-14	半期	当期第2四半期累計	連結	実績		包括利益の増減率	ChangeInComprehensiveIncome	2.020	Pure	202.0	CurrentAccumulatedQ2Duration_ConsolidatedMember_ResultMember	/disc/55920/081220251114502283_tse-scedjpsy-55920-20251114355920-ixbrl.htm
2025-11-14	半期	前期第2四半期累計	連結	実績		包括利益	ComprehensiveIncome	552000000	JPY	552	PriorAccumulatedQ2Duration_ConsolidatedMember_ResultMember	/disc/55920/081220251114502283_tse-scedjpsy-55920-20251114355920-ixbrl.htm
2025-11-14	半期	前期第2四半期累計	連結	実績		包括利益の増減率	ChangeInComprehensiveIncome	0.018	Pure	1.8	PriorAccumulatedQ2Duration_ConsolidatedMember_ResultMember	/disc/55920/081220251114502283_tse-scedjpsy-55920-20251114355920-ixbrl.htm
2025-11-14	半期	当期第2四半期累計	連結	実績		1株当たり当期純利益	NetIncomePerShare	145.00	JPYPerShares	145.00	CurrentAccumulatedQ2Duration_ConsolidatedMember_ResultMember	/disc/55920/081220251114502283_tse-scedjpsy-55920-20251114355920-ixbrl.htm
2025-11-14	半期	当期第2四半期累計	連結	実績		潜在株式調整後1株当たり当期純利益	DilutedNetIncomePerShare	142.83	JPYPerShares	142.83	CurrentAccumulatedQ2Duration_ConsolidatedMember_ResultMember	/disc/55920/081220251114502283_tse-scedjpsy-55920-20251114355920-ixbrl.htm
2025-11-14	半期	前期第2四半期累計	連結	実績		1株当たり当期純利益	NetIncomePerShare	50.82	JPYPerShares	50.82	PriorAccumulatedQ2Duration_ConsolidatedMember_ResultMember	/disc/55920/081220251114502283_tse-scedjpsy-55920-20251114355920-ixbrl.htm
2025-11-14	半期	前期第2四半期累計	連結	実績		潜在株式調整後1株当たり当期純利益	DilutedNetIncomePerShare	49.60	JPYPerShares	49.60	PriorAccumulatedQ2Duration_ConsolidatedMember_ResultMember	/disc/55920/081220251114502283_tse-scedjpsy-55920-20251114355920-ixbrl.htm
2025-11-14	半期	当期第2四半期累計	連結	実績		総資産	TotalAssets	13336000000	JPY	13,336	CurrentAccumulatedQ2Instant_ConsolidatedMember_ResultMember	/disc/55920/081220251114502283_tse-scedjpsy-55920-20251114355920-ixbrl.htm
2025-11-14	半期	当期第2四半期累計	連結	実績		純資産	NetAssets	9409000000	JPY	9,409	CurrentAccumulatedQ2Instant_ConsolidatedMember_ResultMember	/disc/55920/081220251114502283_tse-scedjpsy-55920-20251114355920-ixbrl.htm
2025-11-14	半期	当期第2四半期累計	連結	実績		自己資本比率	CapitalAdequacyRatio	0.699	Pure	69.9	CurrentAccumulatedQ2Instant_ConsolidatedMember_ResultMember	/disc/55920/081220251114502283_tse-scedjpsy-55920-20251114355920-ixbrl.htm
2025-11-14	半期	前期	連結	実績		総資産	TotalAssets	12157000000	JPY	12,157	PriorYearInstant_ConsolidatedMember_ResultMember	/disc/55920/081220251114502283_tse-scedjpsy-55920-20251114355920-ixbrl.htm
2025-11-14	半期	前期	連結	実績		純資産	NetAssets	8516000000	JPY	8,516	PriorYearInstant_ConsolidatedMember_ResultMember	/disc/55920/081220251114502283_tse-scedjpsy-55920-20251114355920-ixbrl.htm
2025-11-14	半期	前期	連結	実績		自己資本比率	CapitalAdequacyRatio	0.695	Pure	69.5	PriorYearInstant_ConsolidatedMember_ResultMember	/disc/55920/081220251114502283_tse-scedjpsy-55920-20251114355920-ixbrl.htm
2025-11-14	半期	当期第2四半期累計	連結	実績		自己資本	OwnersEquity	9320000000	JPY	9,320	CurrentAccumulatedQ2Instant_ConsolidatedMember_ResultMember	/disc/55920/081220251114502283_tse-scedjpsy-55920-20251114355920-ixbrl.htm
2025-11-14	半期	前期	連結	実績		自己資本	OwnersEquity	8451000000	JPY	8,451	PriorYearInstant_ConsolidatedMember_ResultMember	/disc/55920/081220251114502283_tse-scedjpsy-55920-20251114355920-ixbrl.htm
2025-11-14	半期	前期	単体	実績	第2四半期末	1株当たり配当金	DividendPerShare	0.00	JPYPerShares	0.00	PriorYearDuration_SecondQuarterMember_NonConsolidatedMember_ResultMember	/disc/55920/081220251114502283_tse-scedjpsy-55920-20251114355920-ixbrl.htm
2025-11-14	半期	前期	単体	実績	期末	1株当たり配当金	DividendPerShare	27.00	JPYPerShares	27.00	PriorYearDuration_YearEndMember_NonConsolidatedMember_ResultMember	/disc/55920/081220251114502283_tse-scedjpsy-55920-20251114355920-ixbrl.htm
2025-11-14	半期	前期	単体	実績	合計	1株当たり配当金	DividendPerShare	27.00	JPYPerShares	27.00	PriorYearDuration_AnnualMember_NonConsolidatedMember_ResultMember	/disc/55920/081220251114502283_tse-scedjpsy-55920-20251114355920-ixbrl.htm
2025-11-14	半期	当期	単体	実績	第2四半期末	1株当たり配当金	DividendPerShare	0.00	JPYPerShares	0.00	CurrentYearDuration_SecondQuarterMember_NonConsolidatedMember_ResultMember	/disc/55920/081220251114502283_tse-scedjpsy-55920-20251114355920-ixbrl.htm
2025-11-14	半期	当期	単体	予想	期末	1株当たり配当金	DividendPerShare	30.00	JPYPerShares	30.00	CurrentYearDuration_YearEndMember_NonConsolidatedMember_ForecastMember	/disc/55920/081220251114502283_tse-scedjpsy-55920-20251114355920-ixbrl.htm
2025-11-14	半期	当期	単体	予想	合計	1株当たり配当金	DividendPerShare	30.00	JPYPerShares	30.00	CurrentYearDuration_AnnualMember_NonConsolidatedMember_ForecastMember	/disc/55920/081220251114502283_tse-scedjpsy-55920-20251114355920-ixbrl.htm
2025-11-14	半期	当期	単体	実績	合計	当四半期における配当予想の修正	CorrectionOfDividendForecastInThisQuarter			無	CurrentYearDuration_AnnualMember_NonConsolidatedMember_ResultMember	/disc/55920/081220251114502283_tse-scedjpsy-55920-20251114355920-ixbrl.htm
2025-11-14	半期	当期	連結	予想		業績予想の見出し	TitleForForecasts			３．2026年３月期の連結業績予想（2025年４月１日～2026年３月31日）	CurrentYearDuration_ConsolidatedMember_ForecastMember	/disc/55920/081220251114502283_tse-scedjpsy-55920-20251114355920-ixbrl.htm
2025-11-14	半期	当期	連結	予想		売上高	NetSales	12300000000	JPY	12,300	CurrentYearDuration_ConsolidatedMember_ForecastMember	/disc/55920/081220251114502283_tse-scedjpsy-55920-20251114355920-ixbrl.htm
2025-11-14	半期	当期	連結	予想		売上高の増減率	ChangeInNetSales	0.098	Pure	9.8	CurrentYearDuration_ConsolidatedMember_ForecastMember	/disc/55920/081220251114502283_tse-scedjpsy-55920-20251114355920-ixbrl.htm
2025-11-14	半期	当期	連結	予想		営業利益	OperatingIncome	2200000000	JPY	2,200	CurrentYearDuration_ConsolidatedMember_ForecastMember	/disc/55920/081220251114502283_tse-scedjpsy-55920-20251114355920-ixbrl.htm
2025-11-14	半期	当期	連結	予想		営業利益の増減率	ChangeInOperatingIncome	0.126	Pure	12.6	CurrentYearDuration_ConsolidatedMember_ForecastMember	/disc/55920/081220251114502283_tse-scedjpsy-55920-20251114355920-ixbrl.htm
2025-11-14	半期	当期	連結	予想		経常利益	OrdinaryIncome	2135000000	JPY	2,135	CurrentYearDuration_ConsolidatedMember_ForecastMember	/disc/55920/081220251114502283_tse-scedjpsy-55920-20251114355920-ixbrl.htm
2025-11-14	半期	当期	連結	予想		経常利益の増減率	ChangeInOrdinaryIncome	0.100	Pure	10.0	CurrentYearDuration_ConsolidatedMember_ForecastMember	/disc/55920/081220251114502283_tse-scedjpsy-55920-20251114355920-ixbrl.htm
2025-11-14	半期	当期	連結	予想		親会社株主に帰属する当期純利益	ProfitAttributableToOwnersOfParent	2240000000	JPY	2,240	CurrentYearDuration_ConsolidatedMember_ForecastMember	/disc/55920/081220251114502283_tse-scedjpsy-55920-20251114355920-ixbrl.htm
2025-11-14	半期	当期	連結	予想		親会社株主に帰属する当期純利益の増減率	ChangeInProfitAttributableToOwnersOfParent	0.101	Pure	10.1	CurrentYearDuration_ConsolidatedMember_ForecastMember	/disc/55920/081220251114502283_tse-scedjpsy-55920-20251114355920-ixbrl.htm
2025-11-14	半期	当期	連結	予想		1株当たり当期純利益	NetIncomePerShare	199.59	JPYPerShares	199.59	CurrentYearDuration_ConsolidatedMember_ForecastMember	/disc/55920/081220251114502283_tse-scedjpsy-55920-20251114355920-ixbrl.htm
2025-11-14	半期	当期	連結	予想		当四半期における業績予想の修正	CorrectionOfConsolidatedFinancialForecastInThisQuarter			無	CurrentYearDuration_ConsolidatedMember_ForecastMember	/disc/55920/081220251114502283_tse-scedjpsy-55920-20251114355920-ixbrl.htm
2025-11-14	半期	当期第2四半期累計	連結	実績		期中の連結範囲の重要な変更	SignificantChangesInTheScopeOfConsolidationDuringThePeriod			無	CurrentAccumulatedQ2Duration_ConsolidatedMember_ResultMember	/disc/55920/081220251114502283_tse-scedjpsy-55920-20251114355920-ixbrl.htm
2025-11-14	半期	当期第2四半期累計	連結	実績			ApplyingOfSpecificAccountingOfTheConsolidatedSemiAnnualFinancialStatements			無	CurrentAccumulatedQ2Duration_ConsolidatedMember_ResultMember	/disc/55920/081220251114502283_tse-scedjpsy-55920-20251114355920-ixbrl.htm
2025-11-14	半期	当期第2四半期累計	連結	実績		会計基準等の改正に伴う変更	ChangesBasedOnRevisionsOfAccountingStandard			無	CurrentAccumulatedQ2Duration_ConsolidatedMember_ResultMember	/disc/55920/081220251114502283_tse-scedjpsy-55920-20251114355920-ixbrl.htm
2025-11-14	半期	当期第2四半期累計	連結	実績		それ以外の会計方針の変更	ChangesOtherThanOnesBasedOnRevisionsOfAccountingStandard			無	CurrentAccumulatedQ2Duration_ConsolidatedMember_ResultMember	/disc/55920/081220251114502283_tse-scedjpsy-55920-20251114355920-ixbrl.htm
2025-11-14	半期	当期第2四半期累計	連結	実績		会計上の見積りの変更	ChangesInAccountingEstimates			無	CurrentAccumulatedQ2Duration_ConsolidatedMember_ResultMember	/disc/55920/081220251114502283_tse-scedjpsy-55920-20251114355920-ixbrl.htm
2025-11-14	半期	当期第2四半期累計	連結	実績		修正再表示	RetrospectiveRestatement			無	CurrentAccumulatedQ2Duration_ConsolidatedMember_ResultMember	/disc/55920/081220251114502283_tse-scedjpsy-55920-20251114355920-ixbrl.htm
2025-11-14	半期	当期第2四半期累計	単体	実績		期末発行済株式数(自己株式を含む)	NumberOfIssuedAndOutstandingSharesAtTheEndOfFiscalYearIncludingTreasuryStock	11223000	Shares	11,223,000	CurrentAccumulatedQ2Instant_NonConsolidatedMember_ResultMember	/disc/55920/081220251114502283_tse-scedjpsy-55920-20251114355920-ixbrl.htm
2025-11-14	半期	前期	単体	実績		期末発行済株式数(自己株式を含む)	NumberOfIssuedAndOutstandingSharesAtTheEndOfFiscalYearIncludingTreasuryStock	11223000	Shares	11,223,000	PriorYearInstant_NonConsolidatedMember_ResultMember	/disc/55920/081220251114502283_tse-scedjpsy-55920-20251114355920-ixbrl.htm
2025-11-14	半期	当期第2四半期累計	単体	実績		期末自己株式数	NumberOfTreasuryStockAtTheEndOfFiscalYear	106122	Shares	106,122	CurrentAccumulatedQ2Instant_NonConsolidatedMember_ResultMember	/disc/55920/081220251114502283_tse-scedjpsy-55920-20251114355920-ixbrl.htm
2025-11-14	半期	前期	単体	実績		期末自己株式数	NumberOfTreasuryStockAtTheEndOfFiscalYear	57	Shares	57	PriorYearInstant_NonConsolidatedMember_ResultMember	/disc/55920/081220251114502283_tse-scedjpsy-55920-20251114355920-ixbrl.htm
2025-11-14	半期	当期第2四半期累計	単体	実績		期中平均株式数	AverageNumberOfShares	11177649	Shares	11,177,649	CurrentAccumulatedQ2Duration_NonConsolidatedMember_ResultMember	/disc/55920/081220251114502283_tse-scedjpsy-55920-20251114355920-ixbrl.htm
2025-11-14	半期	前期第2四半期累計	単体	実績		期中平均株式数	AverageNumberOfShares	10980000	Shares	10,980,000	PriorAccumulatedQ2Duration_NonConsolidatedMember_ResultMember	/disc/55920/081220251114502283_tse-scedjpsy-55920-20251114355920-ixbrl.htm
2025-11-14	半期	当期				将来情報の利用に関する注意	NotesForUsingForecastedInformationAndOthers			本資料に記載されている業績見通し等の将来に関する記述は当社が現在入手している情報及び合理的であると判断する一定の前提に基づいており、その達成を当社として約束する趣旨のものではありません。また、実際の業績等は様々な要因により大きく異なる可能性があります。	CurrentYearDuration	/disc/55920/081220251114502283_tse-scedjpsy-55920-20251114355920-ixbrl.htm
2025-11-14	半期	当期第2四半期累計					TokyoStockExchangePrime			false	CurrentAccumulatedQ2Instant	/disc/55920/081220251114502283_tse-scedjpsy-55920-20251114355920-ixbrl.htm
2025-11-14	半期	当期第2四半期累計					TokyoStockExchangeStandard			false	CurrentAccumulatedQ2Instant	/disc/55920/081220251114502283_tse-scedjpsy-55920-20251114355920-ixbrl.htm
2025-11-14	半期	当期第2四半期累計					TokyoStockExchangeGrowth			true	CurrentAccumulatedQ2Instant	/disc/55920/081220251114502283_tse-scedjpsy-55920-20251114355920-ixbrl.htm
2025-11-14	半期	当期第2四半期累計					TokyoStockExchangePROMarket			false	CurrentAccumulatedQ2Instant	/disc/55920/081220251114502283_tse-scedjpsy-55920-20251114355920-ixbrl.htm
2025-11-14	半期	当期第2四半期累計					TokyoStockExchangeOthers			false	CurrentAccumulatedQ2Instant	/disc/55920/081220251114502283_tse-scedjpsy-55920-20251114355920-ixbrl.htm
2025-11-14	半期	当期第2四半期累計					NagoyaStockExchange1stSection			false	CurrentAccumulatedQ2Instant	/disc/55920/081220251114502283_tse-scedjpsy-55920-20251114355920-ixbrl.htm
2025-11-14	半期	当期第2四半期累計					NagoyaStockExchange2ndSection			false	CurrentAccumulatedQ2Instant	/disc/55920/081220251114502283_tse-scedjpsy-55920-20251114355920-ixbrl.htm
2025-11-14	半期	当期第2四半期累計					NagoyaStockExchangeCentrex			false	CurrentAccumulatedQ2Instant	/disc/55920/081220251114502283_tse-scedjpsy-55920-20251114355920-ixbrl.htm
2025-11-14	半期	当期第2四半期累計					NagoyaStockExchangeOthers			false	CurrentAccumulatedQ2Instant	/disc/55920/081220251114502283_tse-scedjpsy-55920-20251114355920-ixbrl.htm
2025-11-14	半期	当期第2四半期累計					SapporoStockExchangeEstablished			false	CurrentAccumulatedQ2Instant	/disc/55920/081220251114502283_tse-scedjpsy-55920-20251114355920-ixbrl.htm
2025-11-14	半期	当期第2四半期累計					SapporoStockExchangeAmbitious			false	CurrentAccumulatedQ2Instant	/disc/55920/081220251114502283_tse-scedjpsy-55920-20251114355920-ixbrl.htm
2025-11-14	半期	当期第2四半期累計					SapporoStockExchangeOthers			false	CurrentAccumulatedQ2Instant	/disc/55920/081220251114502283_tse-scedjpsy-55920-20251114355920-ixbrl.htm
2025-11-14	半期	当期第2四半期累計					FukuokaStockExchangeEstablished			false	CurrentAccumulatedQ2Instant	/disc/55920/081220251114502283_tse-scedjpsy-55920-20251114355920-ixbrl.htm
2025-11-14	半期	当期第2四半期累計					FukuokaStockExchangeQBoard			false	CurrentAccumulatedQ2Instant	/disc/55920/081220251114502283_tse-scedjpsy-55920-20251114355920-ixbrl.htm
2025-11-14	半期	当期第2四半期累計					FukuokaStockExchangeOthers			false	CurrentAccumulatedQ2Instant	/disc/55920/081220251114502283_tse-scedjpsy-55920-20251114355920-ixbrl.htm
2025-11-14	半期	当期第2四半期累計					JapanSecuritiesDealersAssociationGreenSheet			false	CurrentAccumulatedQ2Instant	/disc/55920/081220251114502283_tse-scedjpsy-55920-20251114355920-ixbrl.htm
2025-11-14	半期	当期					GeneralBusiness			true	CurrentYearInstant	/disc/55920/081220251114502283_tse-scedjpsy-55920-20251114355920-ixbrl.htm
2025-11-14	半期	当期					SpecificBusiness			false	CurrentYearInstant	/disc/55920/081220251114502283_tse-scedjpsy-55920-20251114355920-ixbrl.htm
2025-11-14	半期	当期				決算期末	FiscalYearEnd			2026-03-31	CurrentYearInstant	/disc/55920/081220251114502283_tse-scedjpsy-55920-20251114355920-ixbrl.htm
2025-11-14	半期	当期第2四半期累計				四半期	QuarterlyPeriod	2	Pure	2	CurrentAccumulatedQ2Instant	/disc/55920/081220251114502283_tse-scedjpsy-55920-20251114355920-ixbrl.htm
2026-02-13	四半期	当期第3四半期累計				書類名	DocumentName			第３四半期決算短信〔日本基準〕(連結)	CurrentAccumulatedQ3Instant	/disc/55920/081220260213558899_tse-qcedjpsm-55920-20260213355920-ixbrl.htm
2026-02-13	四半期	当期第3四半期累計				提出日	FilingDate			2026年２月13日	CurrentAccumulatedQ3Instant	/disc/55920/081220260213558899_tse-qcedjpsm-55920-20260213355920-ixbrl.htm
2026-02-13	四半期	当期第3四半期累計				会社名	CompanyName			株式会社くすりの窓口	CurrentAccumulatedQ3Instant	/disc/55920/081220260213558899_tse-qcedjpsm-55920-20260213355920-ixbrl.htm
2026-02-13	四半期	当期第3四半期累計					TokyoStockExchange			東	CurrentAccumulatedQ3Instant	/disc/55920/081220260213558899_tse-qcedjpsm-55920-20260213355920-ixbrl.htm
2026-02-13	四半期	当期第3四半期累計				証券コード	SecuritiesCode			55920	CurrentAccumulatedQ3Instant	/disc/55920/081220260213558899_tse-qcedjpsm-55920-20260213355920-ixbrl.htm
2026-02-13	四半期	当期第3四半期累計				URL	URL			https://kusurinomadoguchi.co.jp/	CurrentAccumulatedQ3Instant	/disc/55920/081220260213558899_tse-qcedjpsm-55920-20260213355920-ixbrl.htm
2026-02-13	四半期	当期第3四半期累計				代表者の役職	TitleRepresentative			代表取締役社長	CurrentAccumulatedQ3Instant	/disc/55920/081220260213558899_tse-qcedjpsm-55920-20260213355920-ixbrl.htm
2026-02-13	四半期	当期第3四半期累計				代表者名	NameRepresentative			堤 幸治	CurrentAccumulatedQ3Instant	/disc/55920/081220260213558899_tse-qcedjpsm-55920-20260213355920-ixbrl.htm
2026-02-13	四半期	当期第3四半期累計					TitleInquiries			管理本部長	CurrentAccumulatedQ3Instant	/disc/55920/081220260213558899_tse-qcedjpsm-55920-20260213355920-ixbrl.htm
2026-02-13	四半期	当期第3四半期累計					NameInquiries			金井 孝晋	CurrentAccumulatedQ3Instant	/disc/55920/081220260213558899_tse-qcedjpsm-55920-20260213355920-ixbrl.htm
2026-02-13	四半期	当期第3四半期累計					Tel			03-6712-7406	CurrentAccumulatedQ3Instant	/disc/55920/081220260213558899_tse-qcedjpsm-55920-20260213355920-ixbrl.htm
2026-02-13	四半期	当期第3四半期累計					SupplementalMaterialOfResults			有	CurrentAccumulatedQ3Instant	/disc/55920/081220260213558899_tse-qcedjpsm-55920-20260213355920-ixbrl.htm
2026-02-13	四半期	当期第3四半期累計					ConveningBriefingOfResults			無	CurrentAccumulatedQ3Instant	/disc/55920/081220260213558899_tse-qcedjpsm-55920-20260213355920-ixbrl.htm
2026-02-13	四半期	当期第3四半期累計					NoteToFractionProcessingMethod			(百万円未満切捨て)	CurrentAccumulatedQ3Instant	/disc/55920/081220260213558899_tse-qcedjpsm-55920-20260213355920-ixbrl.htm
2026-02-13	四半期	当期第3四半期累計	連結	実績		売上高	NetSales	8927000000	JPY	8,927	CurrentAccumulatedQ3Duration_ConsolidatedMember_ResultMember	/disc/55920/081220260213558899_tse-qcedjpsm-55920-20260213355920-ixbrl.htm
2026-02-13	四半期	当期第3四半期累計	連結	実績		売上高の増減率	ChangeInNetSales	0.060	Pure	6.0	CurrentAccumulatedQ3Duration_ConsolidatedMember_ResultMember	/disc/55920/081220260213558899_tse-qcedjpsm-55920-20260213355920-ixbrl.htm
2026-02-13	四半期	当期第3四半期累計	連結	実績		営業利益	OperatingIncome	2015000000	JPY	2,015	CurrentAccumulatedQ3Duration_ConsolidatedMember_ResultMember	/disc/55920/081220260213558899_tse-qcedjpsm-55920-20260213355920-ixbrl.htm
2026-02-13	四半期	当期第3四半期累計	連結	実績		営業利益の増減率	ChangeInOperatingIncome	0.295	Pure	29.5	CurrentAccumulatedQ3Duration_ConsolidatedMember_ResultMember	/disc/55920/081220260213558899_tse-qcedjpsm-55920-20260213355920-ixbrl.htm
2026-02-13	四半期	当期第3四半期累計	連結	実績		経常利益	OrdinaryIncome	2011000000	JPY	2,011	CurrentAccumulatedQ3Duration_ConsolidatedMember_ResultMember	/disc/55920/081220260213558899_tse-qcedjpsm-55920-20260213355920-ixbrl.htm
2026-02-13	四半期	当期第3四半期累計	連結	実績		経常利益の増減率	ChangeInOrdinaryIncome	0.308	Pure	30.8	CurrentAccumulatedQ3Duration_ConsolidatedMember_ResultMember	/disc/55920/081220260213558899_tse-qcedjpsm-55920-20260213355920-ixbrl.htm
2026-02-13	四半期	当期第3四半期累計	連結	実績		親会社株主に帰属する当期純利益	ProfitAttributableToOwnersOfParent	2112000000	JPY	2,112	CurrentAccumulatedQ3Duration_ConsolidatedMember_ResultMember	/disc/55920/081220260213558899_tse-qcedjpsm-55920-20260213355920-ixbrl.htm
2026-02-13	四半期	当期第3四半期累計	連結	実績		親会社株主に帰属する当期純利益の増減率	ChangeInProfitAttributableToOwnersOfParent	0.352	Pure	35.2	CurrentAccumulatedQ3Duration_ConsolidatedMember_ResultMember	/disc/55920/081220260213558899_tse-qcedjpsm-55920-20260213355920-ixbrl.htm
2026-02-13	四半期	前期第3四半期累計	連結	実績		売上高	NetSales	8420000000	JPY	8,420	PriorAccumulatedQ3Duration_ConsolidatedMember_ResultMember	/disc/55920/081220260213558899_tse-qcedjpsm-55920-20260213355920-ixbrl.htm
2026-02-13	四半期	前期第3四半期累計	連結	実績		売上高の増減率	ChangeInNetSales	0.345	Pure	34.5	PriorAccumulatedQ3Duration_ConsolidatedMember_ResultMember	/disc/55920/081220260213558899_tse-qcedjpsm-55920-20260213355920-ixbrl.htm
2026-02-13	四半期	前期第3四半期累計	連結	実績		営業利益	OperatingIncome	1556000000	JPY	1,556	PriorAccumulatedQ3Duration_ConsolidatedMember_ResultMember	/disc/55920/081220260213558899_tse-qcedjpsm-55920-20260213355920-ixbrl.htm
2026-02-13	四半期	前期第3四半期累計	連結	実績		営業利益の増減率	ChangeInOperatingIncome	0.413	Pure	41.3	PriorAccumulatedQ3Duration_ConsolidatedMember_ResultMember	/disc/55920/081220260213558899_tse-qcedjpsm-55920-20260213355920-ixbrl.htm
2026-02-13	四半期	前期第3四半期累計	連結	実績		経常利益	OrdinaryIncome	1537000000	JPY	1,537	PriorAccumulatedQ3Duration_ConsolidatedMember_ResultMember	/disc/55920/081220260213558899_tse-qcedjpsm-55920-20260213355920-ixbrl.htm
2026-02-13	四半期	前期第3四半期累計	連結	実績		経常利益の増減率	ChangeInOrdinaryIncome	0.396	Pure	39.6	PriorAccumulatedQ3Duration_ConsolidatedMember_ResultMember	/disc/55920/081220260213558899_tse-qcedjpsm-55920-20260213355920-ixbrl.htm
2026-02-13	四半期	前期第3四半期累計	連結	実績		親会社株主に帰属する当期純利益	ProfitAttributableToOwnersOfParent	1562000000	JPY	1,562	PriorAccumulatedQ3Duration_ConsolidatedMember_ResultMember	/disc/55920/081220260213558899_tse-qcedjpsm-55920-20260213355920-ixbrl.htm
2026-02-13	四半期	前期第3四半期累計	連結	実績		親会社株主に帰属する当期純利益の増減率	ChangeInProfitAttributableToOwnersOfParent	1.167	Pure	116.7	PriorAccumulatedQ3Duration_ConsolidatedMember_ResultMember	/disc/55920/081220260213558899_tse-qcedjpsm-55920-20260213355920-ixbrl.htm
2026-02-13	四半期	当期第3四半期累計	連結	実績		包括利益	ComprehensiveIncome	2168000000	JPY	2,168	CurrentAccumulatedQ3Duration_ConsolidatedMember_ResultMember	/disc/55920/081220260213558899_tse-qcedjpsm-55920-20260213355920-ixbrl.htm
2026-02-13	四半期	当期第3四半期累計	連結	実績		包括利益の増減率	ChangeInComprehensiveIncome	0.382	Pure	38.2	CurrentAccumulatedQ3Duration_ConsolidatedMember_ResultMember	/disc/55920/081220260213558899_tse-qcedjpsm-55920-20260213355920-ixbrl.htm
2026-02-13	四半期	前期第3四半期累計	連結	実績		包括利益	ComprehensiveIncome	1569000000	JPY	1,569	PriorAccumulatedQ3Duration_ConsolidatedMember_ResultMember	/disc/55920/081220260213558899_tse-qcedjpsm-55920-20260213355920-ixbrl.htm
2026-02-13	四半期	前期第3四半期累計	連結	実績		包括利益の増減率	ChangeInComprehensiveIncome	1.144	Pure	114.4	PriorAccumulatedQ3Duration_ConsolidatedMember_ResultMember	/disc/55920/081220260213558899_tse-qcedjpsm-55920-20260213355920-ixbrl.htm
2026-02-13	四半期	当期第3四半期累計	連結	実績		1株当たり当期純利益	NetIncomePerShare	189.36	JPYPerShares	189.36	CurrentAccumulatedQ3Duration_ConsolidatedMember_ResultMember	/disc/55920/081220260213558899_tse-qcedjpsm-55920-20260213355920-ixbrl.htm
2026-02-13	四半期	当期第3四半期累計	連結	実績		潜在株式調整後1株当たり当期純利益	DilutedNetIncomePerShare	186.52	JPYPerShares	186.52	CurrentAccumulatedQ3Duration_ConsolidatedMember_ResultMember	/disc/55920/081220260213558899_tse-qcedjpsm-55920-20260213355920-ixbrl.htm
2026-02-13	四半期	前期第3四半期累計	連結	実績		1株当たり当期純利益	NetIncomePerShare	142.28	JPYPerShares	142.28	PriorAccumulatedQ3Duration_ConsolidatedMember_ResultMember	/disc/55920/081220260213558899_tse-qcedjpsm-55920-20260213355920-ixbrl.htm
2026-02-13	四半期	前期第3四半期累計	連結	実績		潜在株式調整後1株当たり当期純利益	DilutedNetIncomePerShare	138.95	JPYPerShares	138.95	PriorAccumulatedQ3Duration_ConsolidatedMember_ResultMember	/disc/55920/081220260213558899_tse-qcedjpsm-55920-20260213355920-ixbrl.htm
2026-02-13	四半期	当期第3四半期累計	連結	実績		総資産	TotalAssets	14886000000	JPY	14,886	CurrentAccumulatedQ3Instant_ConsolidatedMember_ResultMember	/disc/55920/081220260213558899_tse-qcedjpsm-55920-20260213355920-ixbrl.htm
2026-02-13	四半期	当期第3四半期累計	連結	実績		純資産	NetAssets	9912000000	JPY	9,912	CurrentAccumulatedQ3Instant_ConsolidatedMember_ResultMember	/disc/55920/081220260213558899_tse-qcedjpsm-55920-20260213355920-ixbrl.htm
2026-02-13	四半期	当期第3四半期累計	連結	実績		自己資本比率	CapitalAdequacyRatio	0.659	Pure	65.9	CurrentAccumulatedQ3Instant_ConsolidatedMember_ResultMember	/disc/55920/081220260213558899_tse-qcedjpsm-55920-20260213355920-ixbrl.htm
2026-02-13	四半期	前期	連結	実績		総資産	TotalAssets	12157000000	JPY	12,157	PriorYearInstant_ConsolidatedMember_ResultMember	/disc/55920/081220260213558899_tse-qcedjpsm-55920-20260213355920-ixbrl.htm
2026-02-13	四半期	前期	連結	実績		純資産	NetAssets	8516000000	JPY	8,516	PriorYearInstant_ConsolidatedMember_ResultMember	/disc/55920/081220260213558899_tse-qcedjpsm-55920-20260213355920-ixbrl.htm
2026-02-13	四半期	前期	連結	実績		自己資本比率	CapitalAdequacyRatio	0.695	Pure	69.5	PriorYearInstant_ConsolidatedMember_ResultMember	/disc/55920/081220260213558899_tse-qcedjpsm-55920-20260213355920-ixbrl.htm
2026-02-13	四半期	当期第3四半期累計	連結	実績		自己資本	OwnersEquity	9810000000	JPY	9,810	CurrentAccumulatedQ3Instant_ConsolidatedMember_ResultMember	/disc/55920/081220260213558899_tse-qcedjpsm-55920-20260213355920-ixbrl.htm
2026-02-13	四半期	前期	連結	実績		自己資本	OwnersEquity	8451000000	JPY	8,451	PriorYearInstant_ConsolidatedMember_ResultMember	/disc/55920/081220260213558899_tse-qcedjpsm-55920-20260213355920-ixbrl.htm
2026-02-13	四半期	前期	単体	実績	第2四半期末	1株当たり配当金	DividendPerShare	0.00	JPYPerShares	0.00	PriorYearDuration_SecondQuarterMember_NonConsolidatedMember_ResultMember	/disc/55920/081220260213558899_tse-qcedjpsm-55920-20260213355920-ixbrl.htm
2026-02-13	四半期	前期	単体	実績	期末	1株当たり配当金	DividendPerShare	27.00	JPYPerShares	27.00	PriorYearDuration_YearEndMember_NonConsolidatedMember_ResultMember	/disc/55920/081220260213558899_tse-qcedjpsm-55920-20260213355920-ixbrl.htm
2026-02-13	四半期	前期	単体	実績	合計	1株当たり配当金	DividendPerShare	27.00	JPYPerShares	27.00	PriorYearDuration_AnnualMember_NonConsolidatedMember_ResultMember	/disc/55920/081220260213558899_tse-qcedjpsm-55920-20260213355920-ixbrl.htm
2026-02-13	四半期	当期	単体	実績	第2四半期末	1株当たり配当金	DividendPerShare	0.00	JPYPerShares	0.00	CurrentYearDuration_SecondQuarterMember_NonConsolidatedMember_ResultMember	/disc/55920/081220260213558899_tse-qcedjpsm-55920-20260213355920-ixbrl.htm
2026-02-13	四半期	当期	単体	予想	期末	1株当たり配当金	DividendPerShare	36.00	JPYPerShares	36.00	CurrentYearDuration_YearEndMember_NonConsolidatedMember_ForecastMember	/disc/55920/081220260213558899_tse-qcedjpsm-55920-20260213355920-ixbrl.htm
2026-02-13	四半期	当期	単体	予想	合計	1株当たり配当金	DividendPerShare	36.00	JPYPerShares	36.00	CurrentYearDuration_AnnualMember_NonConsolidatedMember_ForecastMember	/disc/55920/081220260213558899_tse-qcedjpsm-55920-20260213355920-ixbrl.htm
2026-02-13	四半期	当期	単体	実績	合計	当四半期における配当予想の修正	CorrectionOfDividendForecastInThisQuarter			有	CurrentYearDuration_AnnualMember_NonConsolidatedMember_ResultMember	/disc/55920/081220260213558899_tse-qcedjpsm-55920-20260213355920-ixbrl.htm
2026-02-13	四半期	当期	連結	予想		業績予想の見出し	TitleForForecasts			３．2026年３月期の連結業績予想（2025年４月１日～2026年３月31日）	CurrentYearDuration_ConsolidatedMember_ForecastMember	/disc/55920/081220260213558899_tse-qcedjpsm-55920-20260213355920-ixbrl.htm
2026-02-13	四半期	当期	連結	予想		売上高	NetSales	12300000000	JPY	12,300	CurrentYearDuration_ConsolidatedMember_ForecastMember	/disc/55920/081220260213558899_tse-qcedjpsm-55920-20260213355920-ixbrl.htm
2026-02-13	四半期	当期	連結	予想		売上高の増減率	ChangeInNetSales	0.098	Pure	9.8	CurrentYearDuration_ConsolidatedMember_ForecastMember	/disc/55920/081220260213558899_tse-qcedjpsm-55920-20260213355920-ixbrl.htm
2026-02-13	四半期	当期	連結	予想		営業利益	OperatingIncome	2450000000	JPY	2,450	CurrentYearDuration_ConsolidatedMember_ForecastMember	/disc/55920/081220260213558899_tse-qcedjpsm-55920-20260213355920-ixbrl.htm
2026-02-13	四半期	当期	連結	予想		営業利益の増減率	ChangeInOperatingIncome	0.254	Pure	25.4	CurrentYearDuration_ConsolidatedMember_ForecastMember	/disc/55920/081220260213558899_tse-qcedjpsm-55920-20260213355920-ixbrl.htm
2026-02-13	四半期	当期	連結	予想		経常利益	OrdinaryIncome	2400000000	JPY	2,400	CurrentYearDuration_ConsolidatedMember_ForecastMember	/disc/55920/081220260213558899_tse-qcedjpsm-55920-20260213355920-ixbrl.htm
2026-02-13	四半期	当期	連結	予想		経常利益の増減率	ChangeInOrdinaryIncome	0.237	Pure	23.7	CurrentYearDuration_ConsolidatedMember_ForecastMember	/disc/55920/081220260213558899_tse-qcedjpsm-55920-20260213355920-ixbrl.htm
2026-02-13	四半期	当期	連結	予想		親会社株主に帰属する当期純利益	ProfitAttributableToOwnersOfParent	2690000000	JPY	2,690	CurrentYearDuration_ConsolidatedMember_ForecastMember	/disc/55920/081220260213558899_tse-qcedjpsm-55920-20260213355920-ixbrl.htm
2026-02-13	四半期	当期	連結	予想		親会社株主に帰属する当期純利益の増減率	ChangeInProfitAttributableToOwnersOfParent	0.322	Pure	32.2	CurrentYearDuration_ConsolidatedMember_ForecastMember	/disc/55920/081220260213558899_tse-qcedjpsm-55920-20260213355920-ixbrl.htm
2026-02-13	四半期	当期	連結	予想		1株当たり当期純利益	NetIncomePerShare	236.79	JPYPerShares	236.79	CurrentYearDuration_ConsolidatedMember_ForecastMember	/disc/55920/081220260213558899_tse-qcedjpsm-55920-20260213355920-ixbrl.htm
2026-02-13	四半期	当期	連結	予想		当四半期における業績予想の修正	CorrectionOfConsolidatedFinancialForecastInThisQuarter			有	CurrentYearDuration_ConsolidatedMember_ForecastMember	/disc/55920/081220260213558899_tse-qcedjpsm-55920-20260213355920-ixbrl.htm
2026-02-13	四半期	当期第3四半期累計	連結	実績		期中の連結範囲の重要な変更	SignificantChangesInTheScopeOfConsolidationDuringThePeriod			無	CurrentAccumulatedQ3Duration_ConsolidatedMember_ResultMember	/disc/55920/081220260213558899_tse-qcedjpsm-55920-20260213355920-ixbrl.htm
2026-02-13	四半期	当期第3四半期累計	連結	実績			ApplyingOfSpecificAccountingOfTheConsolidatedQuarterlyFinancialStatements			無	CurrentAccumulatedQ3Duration_ConsolidatedMember_ResultMember	/disc/55920/081220260213558899_tse-qcedjpsm-55920-20260213355920-ixbrl.htm
2026-02-13	四半期	当期第3四半期累計	連結	実績			NoteToApplyingOfSpecificAccountingOfTheConsolidatedQuarterlyFinancialStatements			四半期連結財務諸表の作成に特有の会計処理の適用に関する注記	CurrentAccumulatedQ3Duration_ConsolidatedMember_ResultMember	/disc/55920/081220260213558899_tse-qcedjpsm-55920-20260213355920-ixbrl.htm
2026-02-13	四半期	当期第3四半期累計	連結	実績		会計基準等の改正に伴う変更	ChangesBasedOnRevisionsOfAccountingStandard			無	CurrentAccumulatedQ3Duration_ConsolidatedMember_ResultMember	/disc/55920/081220260213558899_tse-qcedjpsm-55920-20260213355920-ixbrl.htm
2026-02-13	四半期	当期第3四半期累計	連結	実績		それ以外の会計方針の変更	ChangesOtherThanOnesBasedOnRevisionsOfAccountingStandard			無	CurrentAccumulatedQ3Duration_ConsolidatedMember_ResultMember	/disc/55920/081220260213558899_tse-qcedjpsm-55920-20260213355920-ixbrl.htm
2026-02-13	四半期	当期第3四半期累計	連結	実績		会計上の見積りの変更	ChangesInAccountingEstimates			無	CurrentAccumulatedQ3Duration_ConsolidatedMember_ResultMember	/disc/55920/081220260213558899_tse-qcedjpsm-55920-20260213355920-ixbrl.htm
2026-02-13	四半期	当期第3四半期累計	連結	実績		修正再表示	RetrospectiveRestatement			無	CurrentAccumulatedQ3Duration_ConsolidatedMember_ResultMember	/disc/55920/081220260213558899_tse-qcedjpsm-55920-20260213355920-ixbrl.htm
2026-02-13	四半期	当期第3四半期累計	連結	実績			NoteToChangesInAccountingPoliciesAccountingEstimatesAndRetrospectiveRestatementQuarterlyConsolidated			会計方針の変更に関する注記	CurrentAccumulatedQ3Duration_ConsolidatedMember_ResultMember	/disc/55920/081220260213558899_tse-qcedjpsm-55920-20260213355920-ixbrl.htm
2026-02-13	四半期	当期第3四半期累計	単体	実績		期末発行済株式数(自己株式を含む)	NumberOfIssuedAndOutstandingSharesAtTheEndOfFiscalYearIncludingTreasuryStock	11226000	Shares	11,226,000	CurrentAccumulatedQ3Instant_NonConsolidatedMember_ResultMember	/disc/55920/081220260213558899_tse-qcedjpsm-55920-20260213355920-ixbrl.htm
2026-02-13	四半期	前期	単体	実績		期末発行済株式数(自己株式を含む)	NumberOfIssuedAndOutstandingSharesAtTheEndOfFiscalYearIncludingTreasuryStock	11223000	Shares	11,223,000	PriorYearInstant_NonConsolidatedMember_ResultMember	/disc/55920/081220260213558899_tse-qcedjpsm-55920-20260213355920-ixbrl.htm
2026-02-13	四半期	当期第3四半期累計	単体	実績		期末自己株式数	NumberOfTreasuryStockAtTheEndOfFiscalYear	106122	Shares	106,122	CurrentAccumulatedQ3Instant_NonConsolidatedMember_ResultMember	/disc/55920/081220260213558899_tse-qcedjpsm-55920-20260213355920-ixbrl.htm
2026-02-13	四半期	前期	単体	実績		期末自己株式数	NumberOfTreasuryStockAtTheEndOfFiscalYear	57	Shares	57	PriorYearInstant_NonConsolidatedMember_ResultMember	/disc/55920/081220260213558899_tse-qcedjpsm-55920-20260213355920-ixbrl.htm
2026-02-13	四半期	当期第3四半期累計	単体	実績		期中平均株式数	AverageNumberOfShares	11157558	Shares	11,157,558	CurrentAccumulatedQ3Duration_NonConsolidatedMember_ResultMember	/disc/55920/081220260213558899_tse-qcedjpsm-55920-20260213355920-ixbrl.htm
2026-02-13	四半期	前期第3四半期累計	単体	実績		期中平均株式数	AverageNumberOfShares	10980781	Shares	10,980,781	PriorAccumulatedQ3Duration_NonConsolidatedMember_ResultMember	/disc/55920/081220260213558899_tse-qcedjpsm-55920-20260213355920-ixbrl.htm
2026-02-13	四半期	当期第3四半期累計					ReviewOfAttachedConsolidatedQuarterlyFinancialStatementsByACertifiedPublicAccountantOrAnAuditFirm			無	CurrentAccumulatedQ3Duration	/disc/55920/081220260213558899_tse-qcedjpsm-55920-20260213355920-ixbrl.htm
2026-02-13	四半期	当期				将来情報の利用に関する注意	NotesForUsingForecastedInformationAndOthers			本資料に記載されている業績見通し等の将来に関する記述は当社が現在入手している情報及び合理的であると判断する一定の前提に基づいており、その達成を当社として約束する趣旨のものではありません。また、実際の業績等は様々な要因により大きく異なる可能性があります。	CurrentYearDuration	/disc/55920/081220260213558899_tse-qcedjpsm-55920-20260213355920-ixbrl.htm
2026-02-13	四半期	当期第3四半期累計					TokyoStockExchangePrime			false	CurrentAccumulatedQ3Instant	/disc/55920/081220260213558899_tse-qcedjpsm-55920-20260213355920-ixbrl.htm
2026-02-13	四半期	当期第3四半期累計					TokyoStockExchangeStandard			false	CurrentAccumulatedQ3Instant	/disc/55920/081220260213558899_tse-qcedjpsm-55920-20260213355920-ixbrl.htm
2026-02-13	四半期	当期第3四半期累計					TokyoStockExchangeGrowth			true	CurrentAccumulatedQ3Instant	/disc/55920/081220260213558899_tse-qcedjpsm-55920-20260213355920-ixbrl.htm
2026-02-13	四半期	当期第3四半期累計					TokyoStockExchangePROMarket			false	CurrentAccumulatedQ3Instant	/disc/55920/081220260213558899_tse-qcedjpsm-55920-20260213355920-ixbrl.htm
2026-02-13	四半期	当期第3四半期累計					TokyoStockExchangeOthers			false	CurrentAccumulatedQ3Instant	/disc/55920/081220260213558899_tse-qcedjpsm-55920-20260213355920-ixbrl.htm
2026-02-13	四半期	当期第3四半期累計					NagoyaStockExchange1stSection			false	CurrentAccumulatedQ3Instant	/disc/55920/081220260213558899_tse-qcedjpsm-55920-20260213355920-ixbrl.htm
2026-02-13	四半期	当期第3四半期累計					NagoyaStockExchange2ndSection			false	CurrentAccumulatedQ3Instant	/disc/55920/081220260213558899_tse-qcedjpsm-55920-20260213355920-ixbrl.htm
2026-02-13	四半期	当期第3四半期累計					NagoyaStockExchangeCentrex			false	CurrentAccumulatedQ3Instant	/disc/55920/081220260213558899_tse-qcedjpsm-55920-20260213355920-ixbrl.htm
2026-02-13	四半期	当期第3四半期累計					NagoyaStockExchangeOthers			false	CurrentAccumulatedQ3Instant	/disc/55920/081220260213558899_tse-qcedjpsm-55920-20260213355920-ixbrl.htm
2026-02-13	四半期	当期第3四半期累計					SapporoStockExchangeEstablished			false	CurrentAccumulatedQ3Instant	/disc/55920/081220260213558899_tse-qcedjpsm-55920-20260213355920-ixbrl.htm
2026-02-13	四半期	当期第3四半期累計					SapporoStockExchangeAmbitious			false	CurrentAccumulatedQ3Instant	/disc/55920/081220260213558899_tse-qcedjpsm-55920-20260213355920-ixbrl.htm
2026-02-13	四半期	当期第3四半期累計					SapporoStockExchangeOthers			false	CurrentAccumulatedQ3Instant	/disc/55920/081220260213558899_tse-qcedjpsm-55920-20260213355920-ixbrl.htm
2026-02-13	四半期	当期第3四半期累計					FukuokaStockExchangeEstablished			false	CurrentAccumulatedQ3Instant	/disc/55920/081220260213558899_tse-qcedjpsm-55920-20260213355920-ixbrl.htm
2026-02-13	四半期	当期第3四半期累計					FukuokaStockExchangeQBoard			false	CurrentAccumulatedQ3Instant	/disc/55920/081220260213558899_tse-qcedjpsm-55920-20260213355920-ixbrl.htm
2026-02-13	四半期	当期第3四半期累計					FukuokaStockExchangeOthers			false	CurrentAccumulatedQ3Instant	/disc/55920/081220260213558899_tse-qcedjpsm-55920-20260213355920-ixbrl.htm
2026-02-13	四半期	当期第3四半期累計					JapanSecuritiesDealersAssociationGreenSheet			false	CurrentAccumulatedQ3Instant	/disc/55920/081220260213558899_tse-qcedjpsm-55920-20260213355920-ixbrl.htm
2026-02-13	四半期	当期					GeneralBusiness			true	CurrentYearInstant	/disc/55920/081220260213558899_tse-qcedjpsm-55920-20260213355920-ixbrl.htm
2026-02-13	四半期	当期					SpecificBusiness			false	CurrentYearInstant	/disc/55920/081220260213558899_tse-qcedjpsm-55920-20260213355920-ixbrl.htm
2026-02-13	四半期	当期				決算期末	FiscalYearEnd			2026-03-31	CurrentYearInstant	/disc/55920/081220260213558899_tse-qcedjpsm-55920-20260213355920-ixbrl.htm
2026-02-13	四半期	当期第3四半期累計				四半期	QuarterlyPeriod	3	Pure	3	CurrentAccumulatedQ3Instant	/disc/55920/081220260213558899_tse-qcedjpsm-55920-20260213355920-ixbrl.htm
2026-05-14	年次	当期				書類名	DocumentName			決算短信〔日本基準〕(連結)	CurrentYearInstant	/disc/55920/081220260511522814_tse-acedjpsm-55920-20260514355920-ixbrl.htm
2026-05-14	年次	当期				提出日	FilingDate			2026年５月14日	CurrentYearInstant	/disc/55920/081220260511522814_tse-acedjpsm-55920-20260514355920-ixbrl.htm
2026-05-14	年次	当期				会社名	CompanyName			株式会社くすりの窓口	CurrentYearInstant	/disc/55920/081220260511522814_tse-acedjpsm-55920-20260514355920-ixbrl.htm
2026-05-14	年次	当期					TokyoStockExchange			東	CurrentYearInstant	/disc/55920/081220260511522814_tse-acedjpsm-55920-20260514355920-ixbrl.htm
2026-05-14	年次	当期				証券コード	SecuritiesCode			55920	CurrentYearInstant	/disc/55920/081220260511522814_tse-acedjpsm-55920-20260514355920-ixbrl.htm
2026-05-14	年次	当期				URL	URL			https://kusurinomadoguchi.co.jp/	CurrentYearInstant	/disc/55920/081220260511522814_tse-acedjpsm-55920-20260514355920-ixbrl.htm
2026-05-14	年次	当期				代表者の役職	TitleRepresentative			代表取締役社長	CurrentYearInstant	/disc/55920/081220260511522814_tse-acedjpsm-55920-20260514355920-ixbrl.htm
2026-05-14	年次	当期				代表者名	NameRepresentative			堤 幸治	CurrentYearInstant	/disc/55920/081220260511522814_tse-acedjpsm-55920-20260514355920-ixbrl.htm
2026-05-14	年次	当期					TitleInquiries			管理本部長	CurrentYearInstant	/disc/55920/081220260511522814_tse-acedjpsm-55920-20260514355920-ixbrl.htm
2026-05-14	年次	当期					NameInquiries			増田 尚人	CurrentYearInstant	/disc/55920/081220260511522814_tse-acedjpsm-55920-20260514355920-ixbrl.htm
2026-05-14	年次	当期					Tel			03-6712-7406	CurrentYearInstant	/disc/55920/081220260511522814_tse-acedjpsm-55920-20260514355920-ixbrl.htm
2026-05-14	年次	当期					DateOfGeneralShareholdersMeetingAsPlanned			2026年６月29日	CurrentYearInstant	/disc/55920/081220260511522814_tse-acedjpsm-55920-20260514355920-ixbrl.htm
2026-05-14	年次	当期					DividendPayableDateAsPlanned			2026年６月10日	CurrentYearInstant	/disc/55920/081220260511522814_tse-acedjpsm-55920-20260514355920-ixbrl.htm
2026-05-14	年次	当期					AnnualSecuritiesReportFilingDateAsPlanned			2026年６月26日	CurrentYearInstant	/disc/55920/081220260511522814_tse-acedjpsm-55920-20260514355920-ixbrl.htm
2026-05-14	年次	当期					SupplementalMaterialOfAnnualResults			有	CurrentYearInstant	/disc/55920/081220260511522814_tse-acedjpsm-55920-20260514355920-ixbrl.htm
2026-05-14	年次	当期					ConveningBriefingOfAnnualResults			無	CurrentYearInstant	/disc/55920/081220260511522814_tse-acedjpsm-55920-20260514355920-ixbrl.htm
2026-05-14	年次	当期					NoteToFractionProcessingMethod			(百万円未満切捨て)	CurrentYearInstant	/disc/55920/081220260511522814_tse-acedjpsm-55920-20260514355920-ixbrl.htm
2026-05-14	年次	当期	連結	実績		売上高	NetSales	12330000000	JPY	12,330	CurrentYearDuration_ConsolidatedMember_ResultMember	/disc/55920/081220260511522814_tse-acedjpsm-55920-20260514355920-ixbrl.htm
2026-05-14	年次	当期	連結	実績		売上高の増減率	ChangeInNetSales	0.101	Pure	10.1	CurrentYearDuration_ConsolidatedMember_ResultMember	/disc/55920/081220260511522814_tse-acedjpsm-55920-20260514355920-ixbrl.htm
2026-05-14	年次	当期	連結	実績		営業利益	OperatingIncome	2681000000	JPY	2,681	CurrentYearDuration_ConsolidatedMember_ResultMember	/disc/55920/081220260511522814_tse-acedjpsm-55920-20260514355920-ixbrl.htm
2026-05-14	年次	当期	連結	実績		営業利益の増減率	ChangeInOperatingIncome	0.373	Pure	37.3	CurrentYearDuration_ConsolidatedMember_ResultMember	/disc/55920/081220260511522814_tse-acedjpsm-55920-20260514355920-ixbrl.htm
2026-05-14	年次	当期	連結	実績		経常利益	OrdinaryIncome	2666000000	JPY	2,666	CurrentYearDuration_ConsolidatedMember_ResultMember	/disc/55920/081220260511522814_tse-acedjpsm-55920-20260514355920-ixbrl.htm
2026-05-14	年次	当期	連結	実績		経常利益の増減率	ChangeInOrdinaryIncome	0.374	Pure	37.4	CurrentYearDuration_ConsolidatedMember_ResultMember	/disc/55920/081220260511522814_tse-acedjpsm-55920-20260514355920-ixbrl.htm
2026-05-14	年次	当期	連結	実績		親会社株主に帰属する当期純利益	ProfitAttributableToOwnersOfParent	2952000000	JPY	2,952	CurrentYearDuration_ConsolidatedMember_ResultMember	/disc/55920/081220260511522814_tse-acedjpsm-55920-20260514355920-ixbrl.htm
2026-05-14	年次	当期	連結	実績		親会社株主に帰属する当期純利益の増減率	ChangeInProfitAttributableToOwnersOfParent	0.451	Pure	45.1	CurrentYearDuration_ConsolidatedMember_ResultMember	/disc/55920/081220260511522814_tse-acedjpsm-55920-20260514355920-ixbrl.htm
2026-05-14	年次	前期	連結	実績		売上高	NetSales	11199000000	JPY	11,199	PriorYearDuration_ConsolidatedMember_ResultMember	/disc/55920/081220260511522814_tse-acedjpsm-55920-20260514355920-ixbrl.htm
2026-05-14	年次	前期	連結	実績		売上高の増減率	ChangeInNetSales	0.284	Pure	28.4	PriorYearDuration_ConsolidatedMember_ResultMember	/disc/55920/081220260511522814_tse-acedjpsm-55920-20260514355920-ixbrl.htm
2026-05-14	年次	前期	連結	実績		営業利益	OperatingIncome	1953000000	JPY	1,953	PriorYearDuration_ConsolidatedMember_ResultMember	/disc/55920/081220260511522814_tse-acedjpsm-55920-20260514355920-ixbrl.htm
2026-05-14	年次	前期	連結	実績		営業利益の増減率	ChangeInOperatingIncome	0.426	Pure	42.6	PriorYearDuration_ConsolidatedMember_ResultMember	/disc/55920/081220260511522814_tse-acedjpsm-55920-20260514355920-ixbrl.htm
2026-05-14	年次	前期	連結	実績		経常利益	OrdinaryIncome	1940000000	JPY	1,940	PriorYearDuration_ConsolidatedMember_ResultMember	/disc/55920/081220260511522814_tse-acedjpsm-55920-20260514355920-ixbrl.htm
2026-05-14	年次	前期	連結	実績		経常利益の増減率	ChangeInOrdinaryIncome	0.463	Pure	46.3	PriorYearDuration_ConsolidatedMember_ResultMember	/disc/55920/081220260511522814_tse-acedjpsm-55920-20260514355920-ixbrl.htm
2026-05-14	年次	前期	連結	実績		親会社株主に帰属する当期純利益	ProfitAttributableToOwnersOfParent	2034000000	JPY	2,034	PriorYearDuration_ConsolidatedMember_ResultMember	/disc/55920/081220260511522814_tse-acedjpsm-55920-20260514355920-ixbrl.htm
2026-05-14	年次	前期	連結	実績		親会社株主に帰属する当期純利益の増減率	ChangeInProfitAttributableToOwnersOfParent	1.337	Pure	133.7	PriorYearDuration_ConsolidatedMember_ResultMember	/disc/55920/081220260511522814_tse-acedjpsm-55920-20260514355920-ixbrl.htm
2026-05-14	年次	当期	連結	実績		包括利益	ComprehensiveIncome	3025000000	JPY	3,025	CurrentYearDuration_ConsolidatedMember_ResultMember	/disc/55920/081220260511522814_tse-acedjpsm-55920-20260514355920-ixbrl.htm
2026-05-14	年次	当期	連結	実績		包括利益の増減率	ChangeInComprehensiveIncome	0.460	Pure	46.0	CurrentYearDuration_ConsolidatedMember_ResultMember	/disc/55920/081220260511522814_tse-acedjpsm-55920-20260514355920-ixbrl.htm
2026-05-14	年次	前期	連結	実績		包括利益	ComprehensiveIncome	2072000000	JPY	2,072	PriorYearDuration_ConsolidatedMember_ResultMember	/disc/55920/081220260511522814_tse-acedjpsm-55920-20260514355920-ixbrl.htm
2026-05-14	年次	前期	連結	実績		包括利益の増減率	ChangeInComprehensiveIncome	1.370	Pure	137.0	PriorYearDuration_ConsolidatedMember_ResultMember	/disc/55920/081220260511522814_tse-acedjpsm-55920-20260514355920-ixbrl.htm
2026-05-14	年次	当期	連結	実績		1株当たり当期純利益	NetIncomePerShare	263.23	JPYPerShares	263.23	CurrentYearDuration_ConsolidatedMember_ResultMember	/disc/55920/081220260511522814_tse-acedjpsm-55920-20260514355920-ixbrl.htm
2026-05-14	年次	当期	連結	実績		潜在株式調整後1株当たり当期純利益	DilutedNetIncomePerShare	259.51	JPYPerShares	259.51	CurrentYearDuration_ConsolidatedMember_ResultMember	/disc/55920/081220260511522814_tse-acedjpsm-55920-20260514355920-ixbrl.htm
2026-05-14	年次	当期	連結	実績		自己資本当期純利益率(ROE)	NetIncomeToShareholdersEquityRatio	0.298	Pure	29.8	CurrentYearDuration_ConsolidatedMember_ResultMember	/disc/55920/081220260511522814_tse-acedjpsm-55920-20260514355920-ixbrl.htm
2026-05-14	年次	当期	連結	実績		総資産経常利益率(ROA)	OrdinaryIncomeToTotalAssetsRatio	0.178	Pure	17.8	CurrentYearDuration_ConsolidatedMember_ResultMember	/disc/55920/081220260511522814_tse-acedjpsm-55920-20260514355920-ixbrl.htm
2026-05-14	年次	当期	連結	実績		売上高営業利益率	OperatingIncomeToNetSalesRatio	0.218	Pure	21.8	CurrentYearDuration_ConsolidatedMember_ResultMember	/disc/55920/081220260511522814_tse-acedjpsm-55920-20260514355920-ixbrl.htm
2026-05-14	年次	前期	連結	実績		1株当たり当期純利益	NetIncomePerShare	184.89	JPYPerShares	184.89	PriorYearDuration_ConsolidatedMember_ResultMember	/disc/55920/081220260511522814_tse-acedjpsm-55920-20260514355920-ixbrl.htm
2026-05-14	年次	前期	連結	実績		潜在株式調整後1株当たり当期純利益	DilutedNetIncomePerShare	180.63	JPYPerShares	180.63	PriorYearDuration_ConsolidatedMember_ResultMember	/disc/55920/081220260511522814_tse-acedjpsm-55920-20260514355920-ixbrl.htm
2026-05-14	年次	前期	連結	実績		自己資本当期純利益率(ROE)	NetIncomeToShareholdersEquityRatio	0.275	Pure	27.5	PriorYearDuration_ConsolidatedMember_ResultMember	/disc/55920/081220260511522814_tse-acedjpsm-55920-20260514355920-ixbrl.htm
2026-05-14	年次	前期	連結	実績		総資産経常利益率(ROA)	OrdinaryIncomeToTotalAssetsRatio	0.110	Pure	11.0	PriorYearDuration_ConsolidatedMember_ResultMember	/disc/55920/081220260511522814_tse-acedjpsm-55920-20260514355920-ixbrl.htm
2026-05-14	年次	前期	連結	実績		売上高営業利益率	OperatingIncomeToNetSalesRatio	0.174	Pure	17.4	PriorYearDuration_ConsolidatedMember_ResultMember	/disc/55920/081220260511522814_tse-acedjpsm-55920-20260514355920-ixbrl.htm
2026-05-14	年次	当期	連結	実績		持分法投資損益	InvestmentProfitLossOnEquityMethod	24000000	JPY	24	CurrentYearDuration_ConsolidatedMember_ResultMember	/disc/55920/081220260511522814_tse-acedjpsm-55920-20260514355920-ixbrl.htm
2026-05-14	年次	前期	連結	実績		持分法投資損益	InvestmentProfitLossOnEquityMethod	-17000000	JPY	17	PriorYearDuration_ConsolidatedMember_ResultMember	/disc/55920/081220260511522814_tse-acedjpsm-55920-20260514355920-ixbrl.htm
2026-05-14	年次	当期	連結	実績		総資産	TotalAssets	17816000000	JPY	17,816	CurrentYearInstant_ConsolidatedMember_ResultMember	/disc/55920/081220260511522814_tse-acedjpsm-55920-20260514355920-ixbrl.htm
2026-05-14	年次	当期	連結	実績		純資産	NetAssets	11464000000	JPY	11,464	CurrentYearInstant_ConsolidatedMember_ResultMember	/disc/55920/081220260511522814_tse-acedjpsm-55920-20260514355920-ixbrl.htm
2026-05-14	年次	当期	連結	実績		自己資本比率	CapitalAdequacyRatio	0.637	Pure	63.7	CurrentYearInstant_ConsolidatedMember_ResultMember	/disc/55920/081220260511522814_tse-acedjpsm-55920-20260514355920-ixbrl.htm
2026-05-14	年次	当期	連結	実績		1株当たり純資産	NetAssetsPerShare	990.75	JPYPerShares	990.75	CurrentYearInstant_ConsolidatedMember_ResultMember	/disc/55920/081220260511522814_tse-acedjpsm-55920-20260514355920-ixbrl.htm
2026-05-14	年次	前期	連結	実績		総資産	TotalAssets	12157000000	JPY	12,157	PriorYearInstant_ConsolidatedMember_ResultMember	/disc/55920/081220260511522814_tse-acedjpsm-55920-20260514355920-ixbrl.htm
2026-05-14	年次	前期	連結	実績		純資産	NetAssets	8516000000	JPY	8,516	PriorYearInstant_ConsolidatedMember_ResultMember	/disc/55920/081220260511522814_tse-acedjpsm-55920-20260514355920-ixbrl.htm
2026-05-14	年次	前期	連結	実績		自己資本比率	CapitalAdequacyRatio	0.695	Pure	69.5	PriorYearInstant_ConsolidatedMember_ResultMember	/disc/55920/081220260511522814_tse-acedjpsm-55920-20260514355920-ixbrl.htm
2026-05-14	年次	前期	連結	実績		1株当たり純資産	NetAssetsPerShare	753.05	JPYPerShares	753.05	PriorYearInstant_ConsolidatedMember_ResultMember	/disc/55920/081220260511522814_tse-acedjpsm-55920-20260514355920-ixbrl.htm
2026-05-14	年次	当期	連結	実績		自己資本	OwnersEquity	11352000000	JPY	11,352	CurrentYearInstant_ConsolidatedMember_ResultMember	/disc/55920/081220260511522814_tse-acedjpsm-55920-20260514355920-ixbrl.htm
2026-05-14	年次	前期	連結	実績		自己資本	OwnersEquity	8451000000	JPY	8,451	PriorYearInstant_ConsolidatedMember_ResultMember	/disc/55920/081220260511522814_tse-acedjpsm-55920-20260514355920-ixbrl.htm
2026-05-14	年次	当期	連結	実績		営業キャッシュフロー	CashFlowsFromOperatingActivities	2947000000	JPY	2,947	CurrentYearDuration_ConsolidatedMember_ResultMember	/disc/55920/081220260511522814_tse-acedjpsm-55920-20260514355920-ixbrl.htm
2026-05-14	年次	当期	連結	実績		投資キャッシュフロー	CashFlowsFromInvestingActivities	-2295000000	JPY	2,295	CurrentYearDuration_ConsolidatedMember_ResultMember	/disc/55920/081220260511522814_tse-acedjpsm-55920-20260514355920-ixbrl.htm
2026-05-14	年次	当期	連結	実績		財務キャッシュフロー	CashFlowsFromFinancingActivities	2224000000	JPY	2,224	CurrentYearDuration_ConsolidatedMember_ResultMember	/disc/55920/081220260511522814_tse-acedjpsm-55920-20260514355920-ixbrl.htm
2026-05-14	年次	当期	連結	実績		現金及び現金同等物の期末残高	CashAndEquivalentsEndOfPeriod	5237000000	JPY	5,237	CurrentYearInstant_ConsolidatedMember_ResultMember	/disc/55920/081220260511522814_tse-acedjpsm-55920-20260514355920-ixbrl.htm
2026-05-14	年次	前期	連結	実績		営業キャッシュフロー	CashFlowsFromOperatingActivities	-5326000000	JPY	5,326	PriorYearDuration_ConsolidatedMember_ResultMember	/disc/55920/081220260511522814_tse-acedjpsm-55920-20260514355920-ixbrl.htm
2026-05-14	年次	前期	連結	実績		投資キャッシュフロー	CashFlowsFromInvestingActivities	-1801000000	JPY	1,801	PriorYearDuration_ConsolidatedMember_ResultMember	/disc/55920/081220260511522814_tse-acedjpsm-55920-20260514355920-ixbrl.htm
2026-05-14	年次	前期	連結	実績		財務キャッシュフロー	CashFlowsFromFinancingActivities	-5358000000	JPY	5,358	PriorYearDuration_ConsolidatedMember_ResultMember	/disc/55920/081220260511522814_tse-acedjpsm-55920-20260514355920-ixbrl.htm
2026-05-14	年次	前期	連結	実績		現金及び現金同等物の期末残高	CashAndEquivalentsEndOfPeriod	2104000000	JPY	2,104	PriorYearInstant_ConsolidatedMember_ResultMember	/disc/55920/081220260511522814_tse-acedjpsm-55920-20260514355920-ixbrl.htm
2026-05-14	年次	前期	単体	実績	第2四半期末	1株当たり配当金	DividendPerShare	0.00	JPYPerShares	0.00	PriorYearDuration_SecondQuarterMember_NonConsolidatedMember_ResultMember	/disc/55920/081220260511522814_tse-acedjpsm-55920-20260514355920-ixbrl.htm
2026-05-14	年次	前期	単体	実績	期末	1株当たり配当金	DividendPerShare	27.00	JPYPerShares	27.00	PriorYearDuration_YearEndMember_NonConsolidatedMember_ResultMember	/disc/55920/081220260511522814_tse-acedjpsm-55920-20260514355920-ixbrl.htm
2026-05-14	年次	前期	単体	実績	合計	1株当たり配当金	DividendPerShare	27.00	JPYPerShares	27.00	PriorYearDuration_AnnualMember_NonConsolidatedMember_ResultMember	/disc/55920/081220260511522814_tse-acedjpsm-55920-20260514355920-ixbrl.htm
2026-05-14	年次	前期	単体	実績	合計	配当金総額	TotalDividendPaidAnnual	303000000	JPY	303	PriorYearDuration_AnnualMember_NonConsolidatedMember_ResultMember	/disc/55920/081220260511522814_tse-acedjpsm-55920-20260514355920-ixbrl.htm
2026-05-14	年次	前期	連結	実績	合計	配当性向	PayoutRatio	0.146	Pure	14.6	PriorYearDuration_AnnualMember_ConsolidatedMember_ResultMember	/disc/55920/081220260511522814_tse-acedjpsm-55920-20260514355920-ixbrl.htm
2026-05-14	年次	前期	連結	実績	合計	純資産配当率	RatioOfTotalAmountOfDividendsToNetAssets	0.041	Pure	4.1	PriorYearDuration_AnnualMember_ConsolidatedMember_ResultMember	/disc/55920/081220260511522814_tse-acedjpsm-55920-20260514355920-ixbrl.htm
2026-05-14	年次	当期	単体	実績	第2四半期末	1株当たり配当金	DividendPerShare	0.00	JPYPerShares	0.00	CurrentYearDuration_SecondQuarterMember_NonConsolidatedMember_ResultMember	/disc/55920/081220260511522814_tse-acedjpsm-55920-20260514355920-ixbrl.htm
2026-05-14	年次	当期	単体	実績	期末	1株当たり配当金	DividendPerShare	38.00	JPYPerShares	38.00	CurrentYearDuration_YearEndMember_NonConsolidatedMember_ResultMember	/disc/55920/081220260511522814_tse-acedjpsm-55920-20260514355920-ixbrl.htm
2026-05-14	年次	当期	単体	実績	合計	1株当たり配当金	DividendPerShare	38.00	JPYPerShares	38.00	CurrentYearDuration_AnnualMember_NonConsolidatedMember_ResultMember	/disc/55920/081220260511522814_tse-acedjpsm-55920-20260514355920-ixbrl.htm
2026-05-14	年次	当期	単体	実績	合計	配当金総額	TotalDividendPaidAnnual	435000000	JPY	435	CurrentYearDuration_AnnualMember_NonConsolidatedMember_ResultMember	/disc/55920/081220260511522814_tse-acedjpsm-55920-20260514355920-ixbrl.htm
2026-05-14	年次	当期	連結	実績	合計	配当性向	PayoutRatio	0.144	Pure	14.4	CurrentYearDuration_AnnualMember_ConsolidatedMember_ResultMember	/disc/55920/081220260511522814_tse-acedjpsm-55920-20260514355920-ixbrl.htm
2026-05-14	年次	当期	連結	実績	合計	純資産配当率	RatioOfTotalAmountOfDividendsToNetAssets	0.044	Pure	4.4	CurrentYearDuration_AnnualMember_ConsolidatedMember_ResultMember	/disc/55920/081220260511522814_tse-acedjpsm-55920-20260514355920-ixbrl.htm
2026-05-14	年次	来期	単体	予想	第2四半期末	1株当たり配当金	DividendPerShare	0.00	JPYPerShares	0.00	NextYearDuration_SecondQuarterMember_NonConsolidatedMember_ForecastMember	/disc/55920/081220260511522814_tse-acedjpsm-55920-20260514355920-ixbrl.htm
2026-05-14	年次	来期	単体	予想	期末	1株当たり配当金	DividendPerShare	40.00	JPYPerShares	40.00	NextYearDuration_YearEndMember_NonConsolidatedMember_ForecastMember	/disc/55920/081220260511522814_tse-acedjpsm-55920-20260514355920-ixbrl.htm
2026-05-14	年次	来期	単体	予想	合計	1株当たり配当金	DividendPerShare	40.00	JPYPerShares	40.00	NextYearDuration_AnnualMember_NonConsolidatedMember_ForecastMember	/disc/55920/081220260511522814_tse-acedjpsm-55920-20260514355920-ixbrl.htm
2026-05-14	年次	来期	連結	予想	合計	配当性向	PayoutRatio	0.148	Pure	14.8	NextYearDuration_AnnualMember_ConsolidatedMember_ForecastMember	/disc/55920/081220260511522814_tse-acedjpsm-55920-20260514355920-ixbrl.htm
2026-05-14	年次	来期	連結	予想		業績予想の見出し	TitleForForecasts			３．2027年３月期の連結業績予想（2026年４月１日～2027年３月31日）	NextYearDuration_ConsolidatedMember_ForecastMember	/disc/55920/081220260511522814_tse-acedjpsm-55920-20260514355920-ixbrl.htm
2026-05-14	年次	来期	連結	予想		売上高	NetSales	14400000000	JPY	14,400	NextYearDuration_ConsolidatedMember_ForecastMember	/disc/55920/081220260511522814_tse-acedjpsm-55920-20260514355920-ixbrl.htm
2026-05-14	年次	来期	連結	予想		売上高の増減率	ChangeInNetSales	0.168	Pure	16.8	NextYearDuration_ConsolidatedMember_ForecastMember	/disc/55920/081220260511522814_tse-acedjpsm-55920-20260514355920-ixbrl.htm
2026-05-14	年次	来期	連結	予想		営業利益	OperatingIncome	3100000000	JPY	3,100	NextYearDuration_ConsolidatedMember_ForecastMember	/disc/55920/081220260511522814_tse-acedjpsm-55920-20260514355920-ixbrl.htm
2026-05-14	年次	来期	連結	予想		営業利益の増減率	ChangeInOperatingIncome	0.156	Pure	15.6	NextYearDuration_ConsolidatedMember_ForecastMember	/disc/55920/081220260511522814_tse-acedjpsm-55920-20260514355920-ixbrl.htm
2026-05-14	年次	来期	連結	予想		経常利益	OrdinaryIncome	3100000000	JPY	3,100	NextYearDuration_ConsolidatedMember_ForecastMember	/disc/55920/081220260511522814_tse-acedjpsm-55920-20260514355920-ixbrl.htm
2026-05-14	年次	来期	連結	予想		経常利益の増減率	ChangeInOrdinaryIncome	0.163	Pure	16.3	NextYearDuration_ConsolidatedMember_ForecastMember	/disc/55920/081220260511522814_tse-acedjpsm-55920-20260514355920-ixbrl.htm
2026-05-14	年次	来期	連結	予想		親会社株主に帰属する当期純利益	ProfitAttributableToOwnersOfParent	3100000000	JPY	3,100	NextYearDuration_ConsolidatedMember_ForecastMember	/disc/55920/081220260511522814_tse-acedjpsm-55920-20260514355920-ixbrl.htm
2026-05-14	年次	来期	連結	予想		親会社株主に帰属する当期純利益の増減率	ChangeInProfitAttributableToOwnersOfParent	0.050	Pure	5.0	NextYearDuration_ConsolidatedMember_ForecastMember	/disc/55920/081220260511522814_tse-acedjpsm-55920-20260514355920-ixbrl.htm
2026-05-14	年次	来期	連結	予想		1株当たり当期純利益	NetIncomePerShare	270.53	JPYPerShares	270.53	NextYearDuration_ConsolidatedMember_ForecastMember	/disc/55920/081220260511522814_tse-acedjpsm-55920-20260514355920-ixbrl.htm
2026-05-14	年次	当期	連結	実績		期中の連結範囲の重要な変更	SignificantChangesInTheScopeOfConsolidationDuringThePeriod			有	CurrentYearDuration_ConsolidatedMember_ResultMember	/disc/55920/081220260511522814_tse-acedjpsm-55920-20260514355920-ixbrl.htm
2026-05-14	年次	当期	連結	実績		新規連結子会社数	NumberOfSubsidiariesNewlyConsolidated	2	NumberOfCompanies	2	CurrentYearDuration_ConsolidatedMember_ResultMember	/disc/55920/081220260511522814_tse-acedjpsm-55920-20260514355920-ixbrl.htm
2026-05-14	年次	当期	連結	実績		新規連結子会社の名称	NameOfSubsidiariesNewlyConsolidated			株式会社メディ・ウェブ株式会社イーディライト	CurrentYearDuration_ConsolidatedMember_ResultMember	/disc/55920/081220260511522814_tse-acedjpsm-55920-20260514355920-ixbrl.htm
2026-05-14	年次	当期	連結	実績			NoteToSignificantChangesInTheScopeOfConsolidationDuringThePeriod			当社は、2026年１月１日付で株式会社メディ・ウェブの全株式を株式交換により取得したことから、連結の範囲に含めております。また、株式会社メディ・ウェブの完全子会社化により、同社完全子会社の株式会社イーディライトを連結の範囲に含めております。	CurrentYearDuration_ConsolidatedMember_ResultMember	/disc/55920/081220260511522814_tse-acedjpsm-55920-20260514355920-ixbrl.htm
2026-05-14	年次	当期	連結	実績		会計基準等の改正に伴う変更	ChangesBasedOnRevisionsOfAccountingStandard			無	CurrentYearDuration_ConsolidatedMember_ResultMember	/disc/55920/081220260511522814_tse-acedjpsm-55920-20260514355920-ixbrl.htm
2026-05-14	年次	当期	連結	実績		それ以外の会計方針の変更	ChangesOtherThanOnesBasedOnRevisionsOfAccountingStandard			無	CurrentYearDuration_ConsolidatedMember_ResultMember	/disc/55920/081220260511522814_tse-acedjpsm-55920-20260514355920-ixbrl.htm
2026-05-14	年次	当期	連結	実績		会計上の見積りの変更	ChangesInAccountingEstimates			無	CurrentYearDuration_ConsolidatedMember_ResultMember	/disc/55920/081220260511522814_tse-acedjpsm-55920-20260514355920-ixbrl.htm
2026-05-14	年次	当期	連結	実績		修正再表示	RetrospectiveRestatement			無	CurrentYearDuration_ConsolidatedMember_ResultMember	/disc/55920/081220260511522814_tse-acedjpsm-55920-20260514355920-ixbrl.htm
2026-05-14	年次	当期	単体	実績		期末発行済株式数(自己株式を含む)	NumberOfIssuedAndOutstandingSharesAtTheEndOfFiscalYearIncludingTreasuryStock	11458582	Shares	11,458,582	CurrentYearInstant_NonConsolidatedMember_ResultMember	/disc/55920/081220260511522814_tse-acedjpsm-55920-20260514355920-ixbrl.htm
2026-05-14	年次	前期	単体	実績		期末発行済株式数(自己株式を含む)	NumberOfIssuedAndOutstandingSharesAtTheEndOfFiscalYearIncludingTreasuryStock	11223000	Shares	11,223,000	PriorYearInstant_NonConsolidatedMember_ResultMember	/disc/55920/081220260511522814_tse-acedjpsm-55920-20260514355920-ixbrl.htm
2026-05-14	年次	前期	単体	実績		期末自己株式数	NumberOfTreasuryStockAtTheEndOfFiscalYear	57	Shares	57	PriorYearInstant_NonConsolidatedMember_ResultMember	/disc/55920/081220260511522814_tse-acedjpsm-55920-20260514355920-ixbrl.htm
2026-05-14	年次	当期	単体	実績		期中平均株式数	AverageNumberOfShares	11217130	Shares	11,217,130	CurrentYearDuration_NonConsolidatedMember_ResultMember	/disc/55920/081220260511522814_tse-acedjpsm-55920-20260514355920-ixbrl.htm
2026-05-14	年次	前期	単体	実績		期中平均株式数	AverageNumberOfShares	11005800	Shares	11,005,800	PriorYearDuration_NonConsolidatedMember_ResultMember	/disc/55920/081220260511522814_tse-acedjpsm-55920-20260514355920-ixbrl.htm
2026-05-14	年次	当期	単体	実績		売上高	NetSales	8553000000	JPY	8,553	CurrentYearDuration_NonConsolidatedMember_ResultMember	/disc/55920/081220260511522814_tse-acedjpsm-55920-20260514355920-ixbrl.htm
2026-05-14	年次	当期	単体	実績		売上高の増減率	ChangeInNetSales	0.122	Pure	12.2	CurrentYearDuration_NonConsolidatedMember_ResultMember	/disc/55920/081220260511522814_tse-acedjpsm-55920-20260514355920-ixbrl.htm
2026-05-14	年次	当期	単体	実績		営業利益	OperatingIncome	2027000000	JPY	2,027	CurrentYearDuration_NonConsolidatedMember_ResultMember	/disc/55920/081220260511522814_tse-acedjpsm-55920-20260514355920-ixbrl.htm
2026-05-14	年次	当期	単体	実績		営業利益の増減率	ChangeInOperatingIncome	0.667	Pure	66.7	CurrentYearDuration_NonConsolidatedMember_ResultMember	/disc/55920/081220260511522814_tse-acedjpsm-55920-20260514355920-ixbrl.htm
2026-05-14	年次	当期	単体	実績		経常利益	OrdinaryIncome	2026000000	JPY	2,026	CurrentYearDuration_NonConsolidatedMember_ResultMember	/disc/55920/081220260511522814_tse-acedjpsm-55920-20260514355920-ixbrl.htm
2026-05-14	年次	当期	単体	実績		経常利益の増減率	ChangeInOrdinaryIncome	0.812	Pure	81.2	CurrentYearDuration_NonConsolidatedMember_ResultMember	/disc/55920/081220260511522814_tse-acedjpsm-55920-20260514355920-ixbrl.htm
2026-05-14	年次	当期	単体	実績		当期純利益	NetIncome	2559000000	JPY	2,559	CurrentYearDuration_NonConsolidatedMember_ResultMember	/disc/55920/081220260511522814_tse-acedjpsm-55920-20260514355920-ixbrl.htm
2026-05-14	年次	当期	単体	実績		当期純利益の増減率	ChangeInNetIncome	0.647	Pure	64.7	CurrentYearDuration_NonConsolidatedMember_ResultMember	/disc/55920/081220260511522814_tse-acedjpsm-55920-20260514355920-ixbrl.htm
2026-05-14	年次	前期	単体	実績		売上高	NetSales	7622000000	JPY	7,622	PriorYearDuration_NonConsolidatedMember_ResultMember	/disc/55920/081220260511522814_tse-acedjpsm-55920-20260514355920-ixbrl.htm
2026-05-14	年次	前期	単体	実績		売上高の増減率	ChangeInNetSales	0.176	Pure	17.6	PriorYearDuration_NonConsolidatedMember_ResultMember	/disc/55920/081220260511522814_tse-acedjpsm-55920-20260514355920-ixbrl.htm
2026-05-14	年次	前期	単体	実績		営業利益	OperatingIncome	1216000000	JPY	1,216	PriorYearDuration_NonConsolidatedMember_ResultMember	/disc/55920/081220260511522814_tse-acedjpsm-55920-20260514355920-ixbrl.htm
2026-05-14	年次	前期	単体	実績		営業利益の増減率	ChangeInOperatingIncome	0.200	Pure	20.0	PriorYearDuration_NonConsolidatedMember_ResultMember	/disc/55920/081220260511522814_tse-acedjpsm-55920-20260514355920-ixbrl.htm
2026-05-14	年次	前期	単体	実績		経常利益	OrdinaryIncome	1118000000	JPY	1,118	PriorYearDuration_NonConsolidatedMember_ResultMember	/disc/55920/081220260511522814_tse-acedjpsm-55920-20260514355920-ixbrl.htm
2026-05-14	年次	前期	単体	実績		経常利益の増減率	ChangeInOrdinaryIncome	0.171	Pure	17.1	PriorYearDuration_NonConsolidatedMember_ResultMember	/disc/55920/081220260511522814_tse-acedjpsm-55920-20260514355920-ixbrl.htm
2026-05-14	年次	前期	単体	実績		当期純利益	NetIncome	1554000000	JPY	1,554	PriorYearDuration_NonConsolidatedMember_ResultMember	/disc/55920/081220260511522814_tse-acedjpsm-55920-20260514355920-ixbrl.htm
2026-05-14	年次	前期	単体	実績		当期純利益の増減率	ChangeInNetIncome	1.384	Pure	138.4	PriorYearDuration_NonConsolidatedMember_ResultMember	/disc/55920/081220260511522814_tse-acedjpsm-55920-20260514355920-ixbrl.htm
2026-05-14	年次	当期	単体	実績		1株当たり当期純利益	NetIncomePerShare	228.14	JPYPerShares	228.14	CurrentYearDuration_NonConsolidatedMember_ResultMember	/disc/55920/081220260511522814_tse-acedjpsm-55920-20260514355920-ixbrl.htm
2026-05-14	年次	当期	単体	実績		潜在株式調整後1株当たり当期純利益	DilutedNetIncomePerShare	224.97	JPYPerShares	224.97	CurrentYearDuration_NonConsolidatedMember_ResultMember	/disc/55920/081220260511522814_tse-acedjpsm-55920-20260514355920-ixbrl.htm
2026-05-14	年次	前期	単体	実績		1株当たり当期純利益	NetIncomePerShare	141.21	JPYPerShares	141.21	PriorYearDuration_NonConsolidatedMember_ResultMember	/disc/55920/081220260511522814_tse-acedjpsm-55920-20260514355920-ixbrl.htm
2026-05-14	年次	前期	単体	実績		潜在株式調整後1株当たり当期純利益	DilutedNetIncomePerShare	137.95	JPYPerShares	137.95	PriorYearDuration_NonConsolidatedMember_ResultMember	/disc/55920/081220260511522814_tse-acedjpsm-55920-20260514355920-ixbrl.htm
2026-05-14	年次	当期	単体	実績		総資産	TotalAssets	16961000000	JPY	16,961	CurrentYearInstant_NonConsolidatedMember_ResultMember	/disc/55920/081220260511522814_tse-acedjpsm-55920-20260514355920-ixbrl.htm
2026-05-14	年次	当期	単体	実績		純資産	NetAssets	10287000000	JPY	10,287	CurrentYearInstant_NonConsolidatedMember_ResultMember	/disc/55920/081220260511522814_tse-acedjpsm-55920-20260514355920-ixbrl.htm
2026-05-14	年次	当期	単体	実績		自己資本比率	CapitalAdequacyRatio	0.607	Pure	60.7	CurrentYearInstant_NonConsolidatedMember_ResultMember	/disc/55920/081220260511522814_tse-acedjpsm-55920-20260514355920-ixbrl.htm
2026-05-14	年次	当期	単体	実績		1株当たり純資産	NetAssetsPerShare	897.79	JPYPerShares	897.79	CurrentYearInstant_NonConsolidatedMember_ResultMember	/disc/55920/081220260511522814_tse-acedjpsm-55920-20260514355920-ixbrl.htm
2026-05-14	年次	前期	単体	実績		総資産	TotalAssets	11907000000	JPY	11,907	PriorYearInstant_NonConsolidatedMember_ResultMember	/disc/55920/081220260511522814_tse-acedjpsm-55920-20260514355920-ixbrl.htm
2026-05-14	年次	前期	単体	実績		純資産	NetAssets	7780000000	JPY	7,780	PriorYearInstant_NonConsolidatedMember_ResultMember	/disc/55920/081220260511522814_tse-acedjpsm-55920-20260514355920-ixbrl.htm
2026-05-14	年次	前期	単体	実績		自己資本比率	CapitalAdequacyRatio	0.653	Pure	65.3	PriorYearInstant_NonConsolidatedMember_ResultMember	/disc/55920/081220260511522814_tse-acedjpsm-55920-20260514355920-ixbrl.htm
2026-05-14	年次	前期	単体	実績		1株当たり純資産	NetAssetsPerShare	693.21	JPYPerShares	693.21	PriorYearInstant_NonConsolidatedMember_ResultMember	/disc/55920/081220260511522814_tse-acedjpsm-55920-20260514355920-ixbrl.htm
2026-05-14	年次	当期	単体	実績		自己資本	OwnersEquity	10287000000	JPY	10,287	CurrentYearInstant_NonConsolidatedMember_ResultMember	/disc/55920/081220260511522814_tse-acedjpsm-55920-20260514355920-ixbrl.htm
2026-05-14	年次	前期	単体	実績		自己資本	OwnersEquity	7779000000	JPY	7,779	PriorYearInstant_NonConsolidatedMember_ResultMember	/disc/55920/081220260511522814_tse-acedjpsm-55920-20260514355920-ixbrl.htm
2026-05-14	年次	来期				将来情報の利用に関する注意	NotesForUsingForecastedInformationAndOthers			本資料に記載されている業績見通し等の将来に関する記述は当社が現在入手している情報及び合理的であると判断する一定の前提に基づいており、その達成を当社として約束する趣旨のものではありません。また、実際の業績等は様々な要因により異なる可能性があります。	NextYearDuration	/disc/55920/081220260511522814_tse-acedjpsm-55920-20260514355920-ixbrl.htm
2026-05-14	年次	当期					TokyoStockExchangePrime			false	CurrentYearInstant	/disc/55920/081220260511522814_tse-acedjpsm-55920-20260514355920-ixbrl.htm
2026-05-14	年次	当期					TokyoStockExchangeStandard			false	CurrentYearInstant	/disc/55920/081220260511522814_tse-acedjpsm-55920-20260514355920-ixbrl.htm
2026-05-14	年次	当期					TokyoStockExchangeGrowth			true	CurrentYearInstant	/disc/55920/081220260511522814_tse-acedjpsm-55920-20260514355920-ixbrl.htm
2026-05-14	年次	当期					TokyoStockExchange1stSection			false	CurrentYearInstant	/disc/55920/081220260511522814_tse-acedjpsm-55920-20260514355920-ixbrl.htm
2026-05-14	年次	当期					TokyoStockExchange2ndSection			false	CurrentYearInstant	/disc/55920/081220260511522814_tse-acedjpsm-55920-20260514355920-ixbrl.htm
2026-05-14	年次	当期					TokyoStockExchangeMothers			false	CurrentYearInstant	/disc/55920/081220260511522814_tse-acedjpsm-55920-20260514355920-ixbrl.htm
2026-05-14	年次	当期					TokyoStockExchangeJASDAQ			false	CurrentYearInstant	/disc/55920/081220260511522814_tse-acedjpsm-55920-20260514355920-ixbrl.htm
2026-05-14	年次	当期					TokyoStockExchangePROMarket			false	CurrentYearInstant	/disc/55920/081220260511522814_tse-acedjpsm-55920-20260514355920-ixbrl.htm
2026-05-14	年次	当期					TokyoStockExchangeOthers			false	CurrentYearInstant	/disc/55920/081220260511522814_tse-acedjpsm-55920-20260514355920-ixbrl.htm
2026-05-14	年次	当期					NagoyaStockExchange1stSection			false	CurrentYearInstant	/disc/55920/081220260511522814_tse-acedjpsm-55920-20260514355920-ixbrl.htm
2026-05-14	年次	当期					NagoyaStockExchange2ndSection			false	CurrentYearInstant	/disc/55920/081220260511522814_tse-acedjpsm-55920-20260514355920-ixbrl.htm
2026-05-14	年次	当期					NagoyaStockExchangeCentrex			false	CurrentYearInstant	/disc/55920/081220260511522814_tse-acedjpsm-55920-20260514355920-ixbrl.htm
2026-05-14	年次	当期					NagoyaStockExchangeOthers			false	CurrentYearInstant	/disc/55920/081220260511522814_tse-acedjpsm-55920-20260514355920-ixbrl.htm
2026-05-14	年次	当期					SapporoStockExchangeEstablished			false	CurrentYearInstant	/disc/55920/081220260511522814_tse-acedjpsm-55920-20260514355920-ixbrl.htm
2026-05-14	年次	当期					SapporoStockExchangeAmbitious			false	CurrentYearInstant	/disc/55920/081220260511522814_tse-acedjpsm-55920-20260514355920-ixbrl.htm
2026-05-14	年次	当期					SapporoStockExchangeOthers			false	CurrentYearInstant	/disc/55920/081220260511522814_tse-acedjpsm-55920-20260514355920-ixbrl.htm
2026-05-14	年次	当期					FukuokaStockExchangeEstablished			false	CurrentYearInstant	/disc/55920/081220260511522814_tse-acedjpsm-55920-20260514355920-ixbrl.htm
2026-05-14	年次	当期					FukuokaStockExchangeQBoard			false	CurrentYearInstant	/disc/55920/081220260511522814_tse-acedjpsm-55920-20260514355920-ixbrl.htm
2026-05-14	年次	当期					FukuokaStockExchangeOthers			false	CurrentYearInstant	/disc/55920/081220260511522814_tse-acedjpsm-55920-20260514355920-ixbrl.htm
2026-05-14	年次	当期					JapanSecuritiesDealersAssociationGreenSheet			false	CurrentYearInstant	/disc/55920/081220260511522814_tse-acedjpsm-55920-20260514355920-ixbrl.htm
2026-05-14	年次	当期					GeneralBusiness			true	CurrentYearInstant	/disc/55920/081220260511522814_tse-acedjpsm-55920-20260514355920-ixbrl.htm
2026-05-14	年次	当期					SpecificBusiness			false	CurrentYearInstant	/disc/55920/081220260511522814_tse-acedjpsm-55920-20260514355920-ixbrl.htm
2026-05-14	年次	当期				決算期末	FiscalYearEnd			2026-03-31	CurrentYearInstant	/disc/55920/081220260511522814_tse-acedjpsm-55920-20260514355920-ixbrl.htm
