日付	書類	期	連単	区分	四半期	項目名	タグ	値	単位	表示	コンテキスト	出所
2024-02-14		当期第3四半期累計				書類名	DocumentName			第３四半期決算短信〔日本基準〕(非連結)	CurrentAccumulatedQ3Instant	/disc/58700/081220240213534613_tse-qnedjpsm-58700-20240214358700-ixbrl.htm
2024-02-14		当期第3四半期累計				提出日	FilingDate			2024年２月14日	CurrentAccumulatedQ3Instant	/disc/58700/081220240213534613_tse-qnedjpsm-58700-20240214358700-ixbrl.htm
2024-02-14		当期第3四半期累計				会社名	CompanyName			株式会社ナルネットコミュニケーションズ	CurrentAccumulatedQ3Instant	/disc/58700/081220240213534613_tse-qnedjpsm-58700-20240214358700-ixbrl.htm
2024-02-14		当期第3四半期累計					TokyoStockExchange			東	CurrentAccumulatedQ3Instant	/disc/58700/081220240213534613_tse-qnedjpsm-58700-20240214358700-ixbrl.htm
2024-02-14		当期第3四半期累計				証券コード	SecuritiesCode			58700	CurrentAccumulatedQ3Instant	/disc/58700/081220240213534613_tse-qnedjpsm-58700-20240214358700-ixbrl.htm
2024-02-14		当期第3四半期累計				URL	URL			https://www.nal-mt.co.jp/	CurrentAccumulatedQ3Instant	/disc/58700/081220240213534613_tse-qnedjpsm-58700-20240214358700-ixbrl.htm
2024-02-14		当期第3四半期累計				代表者の役職	TitleRepresentative			代表取締役社長	CurrentAccumulatedQ3Instant	/disc/58700/081220240213534613_tse-qnedjpsm-58700-20240214358700-ixbrl.htm
2024-02-14		当期第3四半期累計				代表者名	NameRepresentative			鈴木 隆志	CurrentAccumulatedQ3Instant	/disc/58700/081220240213534613_tse-qnedjpsm-58700-20240214358700-ixbrl.htm
2024-02-14		当期第3四半期累計					TitleInquiries			取締役	CurrentAccumulatedQ3Instant	/disc/58700/081220240213534613_tse-qnedjpsm-58700-20240214358700-ixbrl.htm
2024-02-14		当期第3四半期累計					NameInquiries			東村 大介	CurrentAccumulatedQ3Instant	/disc/58700/081220240213534613_tse-qnedjpsm-58700-20240214358700-ixbrl.htm
2024-02-14		当期第3四半期累計					Tel			0568(20)9111	CurrentAccumulatedQ3Instant	/disc/58700/081220240213534613_tse-qnedjpsm-58700-20240214358700-ixbrl.htm
2024-02-14		当期第3四半期累計					QuarterlyStatementFilingDateAsPlanned			2024年２月14日	CurrentAccumulatedQ3Instant	/disc/58700/081220240213534613_tse-qnedjpsm-58700-20240214358700-ixbrl.htm
2024-02-14		当期第3四半期累計					SupplementalMaterialOfQuarterlyResults			有	CurrentAccumulatedQ3Instant	/disc/58700/081220240213534613_tse-qnedjpsm-58700-20240214358700-ixbrl.htm
2024-02-14		当期第3四半期累計					ConveningBriefingOfQuarterlyResults			無	CurrentAccumulatedQ3Instant	/disc/58700/081220240213534613_tse-qnedjpsm-58700-20240214358700-ixbrl.htm
2024-02-14		当期第3四半期累計					NoteToFractionProcessingMethod			(百万円未満切捨て)	CurrentAccumulatedQ3Instant	/disc/58700/081220240213534613_tse-qnedjpsm-58700-20240214358700-ixbrl.htm
2024-02-14		当期第3四半期累計	単体	実績		売上高	NetSales	5744000000	JPY	5,744	CurrentAccumulatedQ3Duration_NonConsolidatedMember_ResultMember	/disc/58700/081220240213534613_tse-qnedjpsm-58700-20240214358700-ixbrl.htm
2024-02-14		当期第3四半期累計	単体	実績		営業利益	OperatingIncome	340000000	JPY	340	CurrentAccumulatedQ3Duration_NonConsolidatedMember_ResultMember	/disc/58700/081220240213534613_tse-qnedjpsm-58700-20240214358700-ixbrl.htm
2024-02-14		当期第3四半期累計	単体	実績		経常利益	OrdinaryIncome	328000000	JPY	328	CurrentAccumulatedQ3Duration_NonConsolidatedMember_ResultMember	/disc/58700/081220240213534613_tse-qnedjpsm-58700-20240214358700-ixbrl.htm
2024-02-14		当期第3四半期累計	単体	実績		当期純利益	NetIncome	184000000	JPY	184	CurrentAccumulatedQ3Duration_NonConsolidatedMember_ResultMember	/disc/58700/081220240213534613_tse-qnedjpsm-58700-20240214358700-ixbrl.htm
2024-02-14		当期第3四半期累計	単体	実績		1株当たり当期純利益	NetIncomePerShare	35.02	JPYPerShares	35.02	CurrentAccumulatedQ3Duration_NonConsolidatedMember_ResultMember	/disc/58700/081220240213534613_tse-qnedjpsm-58700-20240214358700-ixbrl.htm
2024-02-14		当期第3四半期累計	単体	実績		経営成績の注記	NoteToOperatingResults			(注) １. 2023年３月期第３四半期については、四半期財務諸表を作成していないため、2023年３月期第３四半期の記載及び対前年同四半期増減率並びに2024年３月期第３四半期の対前年同四半期増減率については記載しておりません。２. 2023年８月27日付で普通株式１株につき100株の割合で株式分割を行っております。前事業年度の期首に当該株式分割が行われたと仮定して「１株当たり四半期純利益」を算定しております。３. 潜在株式調整後１株当たり四半期純利益については、希薄化効果を有している潜在株式が存在しないため、記載しておりません。	CurrentAccumulatedQ3Duration_NonConsolidatedMember_ResultMember	/disc/58700/081220240213534613_tse-qnedjpsm-58700-20240214358700-ixbrl.htm
2024-02-14		当期第3四半期累計	単体	実績		総資産	TotalAssets	9652000000	JPY	9,652	CurrentAccumulatedQ3Instant_NonConsolidatedMember_ResultMember	/disc/58700/081220240213534613_tse-qnedjpsm-58700-20240214358700-ixbrl.htm
2024-02-14		当期第3四半期累計	単体	実績		純資産	NetAssets	3150000000	JPY	3,150	CurrentAccumulatedQ3Instant_NonConsolidatedMember_ResultMember	/disc/58700/081220240213534613_tse-qnedjpsm-58700-20240214358700-ixbrl.htm
2024-02-14		当期第3四半期累計	単体	実績		自己資本比率	CapitalAdequacyRatio	0.326	Pure	32.6	CurrentAccumulatedQ3Instant_NonConsolidatedMember_ResultMember	/disc/58700/081220240213534613_tse-qnedjpsm-58700-20240214358700-ixbrl.htm
2024-02-14		前期	単体	実績		総資産	TotalAssets	9599000000	JPY	9,599	PriorYearInstant_NonConsolidatedMember_ResultMember	/disc/58700/081220240213534613_tse-qnedjpsm-58700-20240214358700-ixbrl.htm
2024-02-14		前期	単体	実績		純資産	NetAssets	2911000000	JPY	2,911	PriorYearInstant_NonConsolidatedMember_ResultMember	/disc/58700/081220240213534613_tse-qnedjpsm-58700-20240214358700-ixbrl.htm
2024-02-14		前期	単体	実績		自己資本比率	CapitalAdequacyRatio	0.303	Pure	30.3	PriorYearInstant_NonConsolidatedMember_ResultMember	/disc/58700/081220240213534613_tse-qnedjpsm-58700-20240214358700-ixbrl.htm
2024-02-14		当期第3四半期累計	単体	実績		自己資本	OwnersEquity	3150000000	JPY	3,150	CurrentAccumulatedQ3Instant_NonConsolidatedMember_ResultMember	/disc/58700/081220240213534613_tse-qnedjpsm-58700-20240214358700-ixbrl.htm
2024-02-14		前期	単体	実績		自己資本	OwnersEquity	2911000000	JPY	2,911	PriorYearInstant_NonConsolidatedMember_ResultMember	/disc/58700/081220240213534613_tse-qnedjpsm-58700-20240214358700-ixbrl.htm
2024-02-14		前期	単体	実績	第2四半期末	1株当たり配当金	DividendPerShare	0.00	JPYPerShares	0.00	PriorYearDuration_SecondQuarterMember_NonConsolidatedMember_ResultMember	/disc/58700/081220240213534613_tse-qnedjpsm-58700-20240214358700-ixbrl.htm
2024-02-14		前期	単体	実績	期末	1株当たり配当金	DividendPerShare	0.00	JPYPerShares	0.00	PriorYearDuration_YearEndMember_NonConsolidatedMember_ResultMember	/disc/58700/081220240213534613_tse-qnedjpsm-58700-20240214358700-ixbrl.htm
2024-02-14		前期	単体	実績	合計	1株当たり配当金	DividendPerShare	0.00	JPYPerShares	0.00	PriorYearDuration_AnnualMember_NonConsolidatedMember_ResultMember	/disc/58700/081220240213534613_tse-qnedjpsm-58700-20240214358700-ixbrl.htm
2024-02-14		当期	単体	実績	第2四半期末	1株当たり配当金	DividendPerShare	0.00	JPYPerShares	0.00	CurrentYearDuration_SecondQuarterMember_NonConsolidatedMember_ResultMember	/disc/58700/081220240213534613_tse-qnedjpsm-58700-20240214358700-ixbrl.htm
2024-02-14		当期	単体	予想	期末	1株当たり配当金	DividendPerShare	0.00	JPYPerShares	0.00	CurrentYearDuration_YearEndMember_NonConsolidatedMember_ForecastMember	/disc/58700/081220240213534613_tse-qnedjpsm-58700-20240214358700-ixbrl.htm
2024-02-14		当期	単体	予想	合計	1株当たり配当金	DividendPerShare	0.00	JPYPerShares	0.00	CurrentYearDuration_AnnualMember_NonConsolidatedMember_ForecastMember	/disc/58700/081220240213534613_tse-qnedjpsm-58700-20240214358700-ixbrl.htm
2024-02-14		当期	単体	実績	合計	当四半期における配当予想の修正	CorrectionOfDividendForecastInThisQuarter			無	CurrentYearDuration_AnnualMember_NonConsolidatedMember_ResultMember	/disc/58700/081220240213534613_tse-qnedjpsm-58700-20240214358700-ixbrl.htm
2024-02-14		当期	単体	予想		業績予想の見出し	TitleForForecasts			３．2024年３月期の業績予想（2023年４月１日～2024年３月31日）	CurrentYearDuration_NonConsolidatedMember_ForecastMember	/disc/58700/081220240213534613_tse-qnedjpsm-58700-20240214358700-ixbrl.htm
2024-02-14		当期	単体	予想		売上高	NetSales	7870000000	JPY	7,870	CurrentYearDuration_NonConsolidatedMember_ForecastMember	/disc/58700/081220240213534613_tse-qnedjpsm-58700-20240214358700-ixbrl.htm
2024-02-14		当期	単体	予想		売上高の増減率	ChangeInNetSales	0.120	Pure	12.0	CurrentYearDuration_NonConsolidatedMember_ForecastMember	/disc/58700/081220240213534613_tse-qnedjpsm-58700-20240214358700-ixbrl.htm
2024-02-14		当期	単体	予想		営業利益	OperatingIncome	678000000	JPY	678	CurrentYearDuration_NonConsolidatedMember_ForecastMember	/disc/58700/081220240213534613_tse-qnedjpsm-58700-20240214358700-ixbrl.htm
2024-02-14		当期	単体	予想		営業利益の増減率	ChangeInOperatingIncome	0.318	Pure	31.8	CurrentYearDuration_NonConsolidatedMember_ForecastMember	/disc/58700/081220240213534613_tse-qnedjpsm-58700-20240214358700-ixbrl.htm
2024-02-14		当期	単体	予想		経常利益	OrdinaryIncome	667000000	JPY	667	CurrentYearDuration_NonConsolidatedMember_ForecastMember	/disc/58700/081220240213534613_tse-qnedjpsm-58700-20240214358700-ixbrl.htm
2024-02-14		当期	単体	予想		経常利益の増減率	ChangeInOrdinaryIncome	0.355	Pure	35.5	CurrentYearDuration_NonConsolidatedMember_ForecastMember	/disc/58700/081220240213534613_tse-qnedjpsm-58700-20240214358700-ixbrl.htm
2024-02-14		当期	単体	予想		当期純利益	NetIncome	402000000	JPY	402	CurrentYearDuration_NonConsolidatedMember_ForecastMember	/disc/58700/081220240213534613_tse-qnedjpsm-58700-20240214358700-ixbrl.htm
2024-02-14		当期	単体	予想		当期純利益の増減率	ChangeInNetIncome	-0.353	Pure	35.3	CurrentYearDuration_NonConsolidatedMember_ForecastMember	/disc/58700/081220240213534613_tse-qnedjpsm-58700-20240214358700-ixbrl.htm
2024-02-14		当期	単体	予想		1株当たり当期純利益	NetIncomePerShare	76.01	JPYPerShares	76.01	CurrentYearDuration_NonConsolidatedMember_ForecastMember	/disc/58700/081220240213534613_tse-qnedjpsm-58700-20240214358700-ixbrl.htm
2024-02-14		当期	単体	予想			CorrectionOfFinancialForecastInThisQuarter			無	CurrentYearDuration_NonConsolidatedMember_ForecastMember	/disc/58700/081220240213534613_tse-qnedjpsm-58700-20240214358700-ixbrl.htm
2024-02-14		当期第3四半期累計	単体	実績			ApplyingOfSpecificAccountingOfTheQuarterlyFinancialStatements			無	CurrentAccumulatedQ3Duration_NonConsolidatedMember_ResultMember	/disc/58700/081220240213534613_tse-qnedjpsm-58700-20240214358700-ixbrl.htm
2024-02-14		当期第3四半期累計	単体	実績		会計基準等の改正に伴う変更	ChangesBasedOnRevisionsOfAccountingStandard			無	CurrentAccumulatedQ3Duration_NonConsolidatedMember_ResultMember	/disc/58700/081220240213534613_tse-qnedjpsm-58700-20240214358700-ixbrl.htm
2024-02-14		当期第3四半期累計	単体	実績		それ以外の会計方針の変更	ChangesOtherThanOnesBasedOnRevisionsOfAccountingStandard			無	CurrentAccumulatedQ3Duration_NonConsolidatedMember_ResultMember	/disc/58700/081220240213534613_tse-qnedjpsm-58700-20240214358700-ixbrl.htm
2024-02-14		当期第3四半期累計	単体	実績		会計上の見積りの変更	ChangesInAccountingEstimates			無	CurrentAccumulatedQ3Duration_NonConsolidatedMember_ResultMember	/disc/58700/081220240213534613_tse-qnedjpsm-58700-20240214358700-ixbrl.htm
2024-02-14		当期第3四半期累計	単体	実績		修正再表示	RetrospectiveRestatement			無	CurrentAccumulatedQ3Duration_NonConsolidatedMember_ResultMember	/disc/58700/081220240213534613_tse-qnedjpsm-58700-20240214358700-ixbrl.htm
2024-02-14		当期第3四半期累計	単体	実績		期末発行済株式数(自己株式を含む)	NumberOfIssuedAndOutstandingSharesAtTheEndOfFiscalYearIncludingTreasuryStock	5332100	Shares	5,332,100	CurrentAccumulatedQ3Instant_NonConsolidatedMember_ResultMember	/disc/58700/081220240213534613_tse-qnedjpsm-58700-20240214358700-ixbrl.htm
2024-02-14		前期	単体	実績		期末発行済株式数(自己株式を含む)	NumberOfIssuedAndOutstandingSharesAtTheEndOfFiscalYearIncludingTreasuryStock	5276100	Shares	5,276,100	PriorYearInstant_NonConsolidatedMember_ResultMember	/disc/58700/081220240213534613_tse-qnedjpsm-58700-20240214358700-ixbrl.htm
2024-02-14		当期第3四半期累計	単体	実績		期中平均株式数	AverageNumberOfShares	5278136	Shares	5,278,136	CurrentAccumulatedQ3Duration_NonConsolidatedMember_ResultMember	/disc/58700/081220240213534613_tse-qnedjpsm-58700-20240214358700-ixbrl.htm
2024-02-14		当期第3四半期累計	単体	実績			NoteToNumberOfIssuedAndOutstandingSharesCommonStock			（注）１．当社は、2023年３月期第３四半期については、四半期財務諸表を作成していないため、2023年３月期第３四半期の期中平均株式数を記載しておりません。２．当社は、2023年８月27日付で普通株式１株につき100株の割合で株式分割を行っております。前事業年度の期首に当該株式分割が行われたと仮定して、「期末発行済株式数」、「期中平均株式数」を算定しております。&#160;	CurrentAccumulatedQ3Instant_NonConsolidatedMember_ResultMember	/disc/58700/081220240213534613_tse-qnedjpsm-58700-20240214358700-ixbrl.htm
2024-02-14		当期				将来情報の利用に関する注意	NotesForUsingForecastedInformationAndOthers			本資料に記載されている業績見通し等の将来に関する記述は、当社が現在入手している情報及び合理的であると判断する一定の前提に基づいており、実際の業績等は様々な要因により大きく異なる可能性があります。業績予想の前提となる条件及び業績予想のご利用にあたっての注意事項等については、添付資料 2 ページ「業績予想などの将来予測情報に関する説明」をご覧ください。&#160;	CurrentYearDuration	/disc/58700/081220240213534613_tse-qnedjpsm-58700-20240214358700-ixbrl.htm
2024-02-14		当期第3四半期累計					TokyoStockExchangePrime			false	CurrentAccumulatedQ3Instant	/disc/58700/081220240213534613_tse-qnedjpsm-58700-20240214358700-ixbrl.htm
2024-02-14		当期第3四半期累計					TokyoStockExchangeStandard			false	CurrentAccumulatedQ3Instant	/disc/58700/081220240213534613_tse-qnedjpsm-58700-20240214358700-ixbrl.htm
2024-02-14		当期第3四半期累計					TokyoStockExchangeGrowth			true	CurrentAccumulatedQ3Instant	/disc/58700/081220240213534613_tse-qnedjpsm-58700-20240214358700-ixbrl.htm
2024-02-14		当期第3四半期累計					TokyoStockExchange1stSection			false	CurrentAccumulatedQ3Instant	/disc/58700/081220240213534613_tse-qnedjpsm-58700-20240214358700-ixbrl.htm
2024-02-14		当期第3四半期累計					TokyoStockExchange2ndSection			false	CurrentAccumulatedQ3Instant	/disc/58700/081220240213534613_tse-qnedjpsm-58700-20240214358700-ixbrl.htm
2024-02-14		当期第3四半期累計					TokyoStockExchangeMothers			false	CurrentAccumulatedQ3Instant	/disc/58700/081220240213534613_tse-qnedjpsm-58700-20240214358700-ixbrl.htm
2024-02-14		当期第3四半期累計					TokyoStockExchangeJASDAQ			false	CurrentAccumulatedQ3Instant	/disc/58700/081220240213534613_tse-qnedjpsm-58700-20240214358700-ixbrl.htm
2024-02-14		当期第3四半期累計					TokyoStockExchangePROMarket			false	CurrentAccumulatedQ3Instant	/disc/58700/081220240213534613_tse-qnedjpsm-58700-20240214358700-ixbrl.htm
2024-02-14		当期第3四半期累計					TokyoStockExchangeOthers			false	CurrentAccumulatedQ3Instant	/disc/58700/081220240213534613_tse-qnedjpsm-58700-20240214358700-ixbrl.htm
2024-02-14		当期第3四半期累計					NagoyaStockExchange1stSection			false	CurrentAccumulatedQ3Instant	/disc/58700/081220240213534613_tse-qnedjpsm-58700-20240214358700-ixbrl.htm
2024-02-14		当期第3四半期累計					NagoyaStockExchange2ndSection			false	CurrentAccumulatedQ3Instant	/disc/58700/081220240213534613_tse-qnedjpsm-58700-20240214358700-ixbrl.htm
2024-02-14		当期第3四半期累計					NagoyaStockExchangeCentrex			false	CurrentAccumulatedQ3Instant	/disc/58700/081220240213534613_tse-qnedjpsm-58700-20240214358700-ixbrl.htm
2024-02-14		当期第3四半期累計					NagoyaStockExchangeOthers			false	CurrentAccumulatedQ3Instant	/disc/58700/081220240213534613_tse-qnedjpsm-58700-20240214358700-ixbrl.htm
2024-02-14		当期第3四半期累計					SapporoStockExchangeEstablished			false	CurrentAccumulatedQ3Instant	/disc/58700/081220240213534613_tse-qnedjpsm-58700-20240214358700-ixbrl.htm
2024-02-14		当期第3四半期累計					SapporoStockExchangeAmbitious			false	CurrentAccumulatedQ3Instant	/disc/58700/081220240213534613_tse-qnedjpsm-58700-20240214358700-ixbrl.htm
2024-02-14		当期第3四半期累計					SapporoStockExchangeOthers			false	CurrentAccumulatedQ3Instant	/disc/58700/081220240213534613_tse-qnedjpsm-58700-20240214358700-ixbrl.htm
2024-02-14		当期第3四半期累計					FukuokaStockExchangeEstablished			false	CurrentAccumulatedQ3Instant	/disc/58700/081220240213534613_tse-qnedjpsm-58700-20240214358700-ixbrl.htm
2024-02-14		当期第3四半期累計					FukuokaStockExchangeQBoard			false	CurrentAccumulatedQ3Instant	/disc/58700/081220240213534613_tse-qnedjpsm-58700-20240214358700-ixbrl.htm
2024-02-14		当期第3四半期累計					FukuokaStockExchangeOthers			false	CurrentAccumulatedQ3Instant	/disc/58700/081220240213534613_tse-qnedjpsm-58700-20240214358700-ixbrl.htm
2024-02-14		当期第3四半期累計					JapanSecuritiesDealersAssociationGreenSheet			false	CurrentAccumulatedQ3Instant	/disc/58700/081220240213534613_tse-qnedjpsm-58700-20240214358700-ixbrl.htm
2024-02-14		当期					GeneralBusiness			true	CurrentYearInstant	/disc/58700/081220240213534613_tse-qnedjpsm-58700-20240214358700-ixbrl.htm
2024-02-14		当期					SpecificBusiness			false	CurrentYearInstant	/disc/58700/081220240213534613_tse-qnedjpsm-58700-20240214358700-ixbrl.htm
2024-02-14		当期				決算期末	FiscalYearEnd			2024-03-31	CurrentYearInstant	/disc/58700/081220240213534613_tse-qnedjpsm-58700-20240214358700-ixbrl.htm
2024-02-14		当期第3四半期累計				四半期	QuarterlyPeriod	3	Pure	3	CurrentAccumulatedQ3Instant	/disc/58700/081220240213534613_tse-qnedjpsm-58700-20240214358700-ixbrl.htm
2024-05-15		当期				書類名	DocumentName			決算短信〔日本基準〕（非連結）	CurrentYearInstant	/disc/58700/081220240515597365_tse-anedjpsm-58700-20240515597365-ixbrl.htm
2024-05-15		当期				提出日	FilingDate			2024年5月15日	CurrentYearInstant	/disc/58700/081220240515597365_tse-anedjpsm-58700-20240515597365-ixbrl.htm
2024-05-15		当期				会社名	CompanyName			株式会社ナルネットコミュニケーションズ	CurrentYearInstant	/disc/58700/081220240515597365_tse-anedjpsm-58700-20240515597365-ixbrl.htm
2024-05-15		当期					TokyoStockExchange			東	CurrentYearInstant	/disc/58700/081220240515597365_tse-anedjpsm-58700-20240515597365-ixbrl.htm
2024-05-15		当期				証券コード	SecuritiesCode			58700	CurrentYearInstant	/disc/58700/081220240515597365_tse-anedjpsm-58700-20240515597365-ixbrl.htm
2024-05-15		当期				URL	URL			https://www.nal-mt.co.jp/	CurrentYearInstant	/disc/58700/081220240515597365_tse-anedjpsm-58700-20240515597365-ixbrl.htm
2024-05-15		当期				代表者の役職	TitleRepresentative			代表取締役社長	CurrentYearInstant	/disc/58700/081220240515597365_tse-anedjpsm-58700-20240515597365-ixbrl.htm
2024-05-15		当期				代表者名	NameRepresentative			鈴木 隆志	CurrentYearInstant	/disc/58700/081220240515597365_tse-anedjpsm-58700-20240515597365-ixbrl.htm
2024-05-15		当期					TitleInquiries			取締役	CurrentYearInstant	/disc/58700/081220240515597365_tse-anedjpsm-58700-20240515597365-ixbrl.htm
2024-05-15		当期					NameInquiries			東村 大介	CurrentYearInstant	/disc/58700/081220240515597365_tse-anedjpsm-58700-20240515597365-ixbrl.htm
2024-05-15		当期					Tel			0568-20-9111	CurrentYearInstant	/disc/58700/081220240515597365_tse-anedjpsm-58700-20240515597365-ixbrl.htm
2024-05-15		当期					DateOfGeneralShareholdersMeetingAsPlanned			2024年6月27日	CurrentYearInstant	/disc/58700/081220240515597365_tse-anedjpsm-58700-20240515597365-ixbrl.htm
2024-05-15		当期					DividendPayableDateAsPlanned			2024年6月13日	CurrentYearInstant	/disc/58700/081220240515597365_tse-anedjpsm-58700-20240515597365-ixbrl.htm
2024-05-15		当期					AnnualSecuritiesReportFilingDateAsPlanned			2024年6月27日	CurrentYearInstant	/disc/58700/081220240515597365_tse-anedjpsm-58700-20240515597365-ixbrl.htm
2024-05-15		当期					SupplementalMaterialOfAnnualResults			有	CurrentYearInstant	/disc/58700/081220240515597365_tse-anedjpsm-58700-20240515597365-ixbrl.htm
2024-05-15		当期					ConveningBriefingOfAnnualResults			有	CurrentYearInstant	/disc/58700/081220240515597365_tse-anedjpsm-58700-20240515597365-ixbrl.htm
2024-05-15		当期					TargetAudienceBriefingOfAnnualResults			（アナリスト・機関投資家向け）	CurrentYearInstant	/disc/58700/081220240515597365_tse-anedjpsm-58700-20240515597365-ixbrl.htm
2024-05-15		当期					NoteToFractionProcessingMethod			（百万円未満切捨て）	CurrentYearInstant	/disc/58700/081220240515597365_tse-anedjpsm-58700-20240515597365-ixbrl.htm
2024-05-15		当期	単体	実績		売上高	NetSales	7672000000	JPY	7,672	CurrentYearDuration_NonConsolidatedMember_ResultMember	/disc/58700/081220240515597365_tse-anedjpsm-58700-20240515597365-ixbrl.htm
2024-05-15		当期	単体	実績		売上高の増減率	ChangeInNetSales	0.092	Pure	9.2	CurrentYearDuration_NonConsolidatedMember_ResultMember	/disc/58700/081220240515597365_tse-anedjpsm-58700-20240515597365-ixbrl.htm
2024-05-15		当期	単体	実績		営業利益	OperatingIncome	526000000	JPY	526	CurrentYearDuration_NonConsolidatedMember_ResultMember	/disc/58700/081220240515597365_tse-anedjpsm-58700-20240515597365-ixbrl.htm
2024-05-15		当期	単体	実績		営業利益の増減率	ChangeInOperatingIncome	0.023	Pure	2.3	CurrentYearDuration_NonConsolidatedMember_ResultMember	/disc/58700/081220240515597365_tse-anedjpsm-58700-20240515597365-ixbrl.htm
2024-05-15		当期	単体	実績		経常利益	OrdinaryIncome	511000000	JPY	511	CurrentYearDuration_NonConsolidatedMember_ResultMember	/disc/58700/081220240515597365_tse-anedjpsm-58700-20240515597365-ixbrl.htm
2024-05-15		当期	単体	実績		経常利益の増減率	ChangeInOrdinaryIncome	0.040	Pure	4.0	CurrentYearDuration_NonConsolidatedMember_ResultMember	/disc/58700/081220240515597365_tse-anedjpsm-58700-20240515597365-ixbrl.htm
2024-05-15		当期	単体	実績		当期純利益	NetIncome	305000000	JPY	305	CurrentYearDuration_NonConsolidatedMember_ResultMember	/disc/58700/081220240515597365_tse-anedjpsm-58700-20240515597365-ixbrl.htm
2024-05-15		当期	単体	実績		当期純利益の増減率	ChangeInNetIncome	-0.510	Pure	51.0	CurrentYearDuration_NonConsolidatedMember_ResultMember	/disc/58700/081220240515597365_tse-anedjpsm-58700-20240515597365-ixbrl.htm
2024-05-15		前期	単体	実績		売上高	NetSales	7027000000	JPY	7,027	PriorYearDuration_NonConsolidatedMember_ResultMember	/disc/58700/081220240515597365_tse-anedjpsm-58700-20240515597365-ixbrl.htm
2024-05-15		前期	単体	実績		営業利益	OperatingIncome	514000000	JPY	514	PriorYearDuration_NonConsolidatedMember_ResultMember	/disc/58700/081220240515597365_tse-anedjpsm-58700-20240515597365-ixbrl.htm
2024-05-15		前期	単体	実績		経常利益	OrdinaryIncome	492000000	JPY	492	PriorYearDuration_NonConsolidatedMember_ResultMember	/disc/58700/081220240515597365_tse-anedjpsm-58700-20240515597365-ixbrl.htm
2024-05-15		前期	単体	実績		当期純利益	NetIncome	622000000	JPY	622	PriorYearDuration_NonConsolidatedMember_ResultMember	/disc/58700/081220240515597365_tse-anedjpsm-58700-20240515597365-ixbrl.htm
2024-05-15		当期	単体	実績		1株当たり当期純利益	NetIncomePerShare	57.66	JPYPerShares	57.66	CurrentYearDuration_NonConsolidatedMember_ResultMember	/disc/58700/081220240515597365_tse-anedjpsm-58700-20240515597365-ixbrl.htm
2024-05-15		当期	単体	実績		自己資本当期純利益率(ROE)	NetIncomeToShareholdersEquityRatio	0.099	Pure	9.9	CurrentYearDuration_NonConsolidatedMember_ResultMember	/disc/58700/081220240515597365_tse-anedjpsm-58700-20240515597365-ixbrl.htm
2024-05-15		当期	単体	実績		総資産経常利益率(ROA)	OrdinaryIncomeToTotalAssetsRatio	0.053	Pure	5.3	CurrentYearDuration_NonConsolidatedMember_ResultMember	/disc/58700/081220240515597365_tse-anedjpsm-58700-20240515597365-ixbrl.htm
2024-05-15		当期	単体	実績		売上高営業利益率	OperatingIncomeToNetSalesRatio	0.069	Pure	6.9	CurrentYearDuration_NonConsolidatedMember_ResultMember	/disc/58700/081220240515597365_tse-anedjpsm-58700-20240515597365-ixbrl.htm
2024-05-15		前期	単体	実績		1株当たり当期純利益	NetIncomePerShare	117.92	JPYPerShares	117.92	PriorYearDuration_NonConsolidatedMember_ResultMember	/disc/58700/081220240515597365_tse-anedjpsm-58700-20240515597365-ixbrl.htm
2024-05-15		前期	単体	実績		自己資本当期純利益率(ROE)	NetIncomeToShareholdersEquityRatio	0.427	Pure	42.7	PriorYearDuration_NonConsolidatedMember_ResultMember	/disc/58700/081220240515597365_tse-anedjpsm-58700-20240515597365-ixbrl.htm
2024-05-15		前期	単体	実績		総資産経常利益率(ROA)	OrdinaryIncomeToTotalAssetsRatio	0.103	Pure	10.3	PriorYearDuration_NonConsolidatedMember_ResultMember	/disc/58700/081220240515597365_tse-anedjpsm-58700-20240515597365-ixbrl.htm
2024-05-15		前期	単体	実績		売上高営業利益率	OperatingIncomeToNetSalesRatio	0.073	Pure	7.3	PriorYearDuration_NonConsolidatedMember_ResultMember	/disc/58700/081220240515597365_tse-anedjpsm-58700-20240515597365-ixbrl.htm
2024-05-15		当期	単体	実績		経営成績の注記	NoteToOperatingResults			（注） １．当社（株式会社NALホールディングス（現株式会社ナルネットコミュニケーションズ））は株式取得を目的として設立された会社であり、2022年3月期は事業を行っていないため、2023年３月期の対前期増減率は記載しておりません。２．潜在株式調整後１株当たり当期純利益については、希薄化効果を有している潜在株式が存在しないため、記載しておりません。３．当社は、2023年８月27日付で、普通株式１株につき100株の割合で株式分割を行っております。前事業年度の期首に当該株式分割が行われたと仮定し、１株当たり当期純利益を算定しております。	CurrentYearDuration_NonConsolidatedMember_ResultMember	/disc/58700/081220240515597365_tse-anedjpsm-58700-20240515597365-ixbrl.htm
2024-05-15		当期	単体	実績		総資産	TotalAssets	9573000000	JPY	9,573	CurrentYearInstant_NonConsolidatedMember_ResultMember	/disc/58700/081220240515597365_tse-anedjpsm-58700-20240515597365-ixbrl.htm
2024-05-15		当期	単体	実績		純資産	NetAssets	3271000000	JPY	3,271	CurrentYearInstant_NonConsolidatedMember_ResultMember	/disc/58700/081220240515597365_tse-anedjpsm-58700-20240515597365-ixbrl.htm
2024-05-15		当期	単体	実績		自己資本比率	CapitalAdequacyRatio	0.342	Pure	34.2	CurrentYearInstant_NonConsolidatedMember_ResultMember	/disc/58700/081220240515597365_tse-anedjpsm-58700-20240515597365-ixbrl.htm
2024-05-15		当期	単体	実績		1株当たり純資産	NetAssetsPerShare	613.49	JPYPerShares	613.49	CurrentYearInstant_NonConsolidatedMember_ResultMember	/disc/58700/081220240515597365_tse-anedjpsm-58700-20240515597365-ixbrl.htm
2024-05-15		前期	単体	実績		総資産	TotalAssets	9599000000	JPY	9,599	PriorYearInstant_NonConsolidatedMember_ResultMember	/disc/58700/081220240515597365_tse-anedjpsm-58700-20240515597365-ixbrl.htm
2024-05-15		前期	単体	実績		純資産	NetAssets	2911000000	JPY	2,911	PriorYearInstant_NonConsolidatedMember_ResultMember	/disc/58700/081220240515597365_tse-anedjpsm-58700-20240515597365-ixbrl.htm
2024-05-15		前期	単体	実績		自己資本比率	CapitalAdequacyRatio	0.303	Pure	30.3	PriorYearInstant_NonConsolidatedMember_ResultMember	/disc/58700/081220240515597365_tse-anedjpsm-58700-20240515597365-ixbrl.htm
2024-05-15		前期	単体	実績		1株当たり純資産	NetAssetsPerShare	551.78	JPYPerShares	551.78	PriorYearInstant_NonConsolidatedMember_ResultMember	/disc/58700/081220240515597365_tse-anedjpsm-58700-20240515597365-ixbrl.htm
2024-05-15		当期	単体	実績		自己資本	OwnersEquity	3271000000	JPY	3,271	CurrentYearInstant_NonConsolidatedMember_ResultMember	/disc/58700/081220240515597365_tse-anedjpsm-58700-20240515597365-ixbrl.htm
2024-05-15		前期	単体	実績		自己資本	OwnersEquity	2911000000	JPY	2,911	PriorYearInstant_NonConsolidatedMember_ResultMember	/disc/58700/081220240515597365_tse-anedjpsm-58700-20240515597365-ixbrl.htm
2024-05-15		当期	単体	実績		営業キャッシュフロー	CashFlowsFromOperatingActivities	827000000	JPY	827	CurrentYearDuration_NonConsolidatedMember_ResultMember	/disc/58700/081220240515597365_tse-anedjpsm-58700-20240515597365-ixbrl.htm
2024-05-15		当期	単体	実績		投資キャッシュフロー	CashFlowsFromInvestingActivities	-138000000	JPY	138	CurrentYearDuration_NonConsolidatedMember_ResultMember	/disc/58700/081220240515597365_tse-anedjpsm-58700-20240515597365-ixbrl.htm
2024-05-15		当期	単体	実績		財務キャッシュフロー	CashFlowsFromFinancingActivities	-264000000	JPY	264	CurrentYearDuration_NonConsolidatedMember_ResultMember	/disc/58700/081220240515597365_tse-anedjpsm-58700-20240515597365-ixbrl.htm
2024-05-15		当期	単体	実績		現金及び現金同等物の期末残高	CashAndEquivalentsEndOfPeriod	996000000	JPY	996	CurrentYearInstant_NonConsolidatedMember_ResultMember	/disc/58700/081220240515597365_tse-anedjpsm-58700-20240515597365-ixbrl.htm
2024-05-15		前期	単体	実績		営業キャッシュフロー	CashFlowsFromOperatingActivities	374000000	JPY	374	PriorYearDuration_NonConsolidatedMember_ResultMember	/disc/58700/081220240515597365_tse-anedjpsm-58700-20240515597365-ixbrl.htm
2024-05-15		前期	単体	実績		投資キャッシュフロー	CashFlowsFromInvestingActivities	-112000000	JPY	112	PriorYearDuration_NonConsolidatedMember_ResultMember	/disc/58700/081220240515597365_tse-anedjpsm-58700-20240515597365-ixbrl.htm
2024-05-15		前期	単体	実績		財務キャッシュフロー	CashFlowsFromFinancingActivities	-342000000	JPY	342	PriorYearDuration_NonConsolidatedMember_ResultMember	/disc/58700/081220240515597365_tse-anedjpsm-58700-20240515597365-ixbrl.htm
2024-05-15		前期	単体	実績		現金及び現金同等物の期末残高	CashAndEquivalentsEndOfPeriod	572000000	JPY	572	PriorYearInstant_NonConsolidatedMember_ResultMember	/disc/58700/081220240515597365_tse-anedjpsm-58700-20240515597365-ixbrl.htm
2024-05-15		前期	単体	実績	第2四半期末	1株当たり配当金	DividendPerShare	0.00	JPYPerShares	0.00	PriorYearDuration_SecondQuarterMember_NonConsolidatedMember_ResultMember	/disc/58700/081220240515597365_tse-anedjpsm-58700-20240515597365-ixbrl.htm
2024-05-15		前期	単体	実績	期末	1株当たり配当金	DividendPerShare	0.00	JPYPerShares	0.00	PriorYearDuration_YearEndMember_NonConsolidatedMember_ResultMember	/disc/58700/081220240515597365_tse-anedjpsm-58700-20240515597365-ixbrl.htm
2024-05-15		前期	単体	実績	合計	1株当たり配当金	DividendPerShare	0.00	JPYPerShares	0.00	PriorYearDuration_AnnualMember_NonConsolidatedMember_ResultMember	/disc/58700/081220240515597365_tse-anedjpsm-58700-20240515597365-ixbrl.htm
2024-05-15		当期	単体	実績	第2四半期末	1株当たり配当金	DividendPerShare	0.00	JPYPerShares	0.00	CurrentYearDuration_SecondQuarterMember_NonConsolidatedMember_ResultMember	/disc/58700/081220240515597365_tse-anedjpsm-58700-20240515597365-ixbrl.htm
2024-05-15		当期	単体	実績	期末	1株当たり配当金	DividendPerShare	15.00	JPYPerShares	15.00	CurrentYearDuration_YearEndMember_NonConsolidatedMember_ResultMember	/disc/58700/081220240515597365_tse-anedjpsm-58700-20240515597365-ixbrl.htm
2024-05-15		当期	単体	実績	合計	1株当たり配当金	DividendPerShare	15.00	JPYPerShares	15.00	CurrentYearDuration_AnnualMember_NonConsolidatedMember_ResultMember	/disc/58700/081220240515597365_tse-anedjpsm-58700-20240515597365-ixbrl.htm
2024-05-15		当期	単体	実績	合計	配当金総額	TotalDividendPaidAnnual	79000000	JPY	79	CurrentYearDuration_AnnualMember_NonConsolidatedMember_ResultMember	/disc/58700/081220240515597365_tse-anedjpsm-58700-20240515597365-ixbrl.htm
2024-05-15		当期	単体	実績	合計	配当性向	PayoutRatio	0.260	Pure	26.0	CurrentYearDuration_AnnualMember_NonConsolidatedMember_ResultMember	/disc/58700/081220240515597365_tse-anedjpsm-58700-20240515597365-ixbrl.htm
2024-05-15		当期	単体	実績	合計	純資産配当率	RatioOfTotalAmountOfDividendsToNetAssets	0.026	Pure	2.6	CurrentYearDuration_AnnualMember_NonConsolidatedMember_ResultMember	/disc/58700/081220240515597365_tse-anedjpsm-58700-20240515597365-ixbrl.htm
2024-05-15		来期	単体	予想	第2四半期末	1株当たり配当金	DividendPerShare	0.00	JPYPerShares	0.00	NextYearDuration_SecondQuarterMember_NonConsolidatedMember_ForecastMember	/disc/58700/081220240515597365_tse-anedjpsm-58700-20240515597365-ixbrl.htm
2024-05-15		来期	単体	予想	期末	1株当たり配当金	DividendPerShare	15.00	JPYPerShares	15.00	NextYearDuration_YearEndMember_NonConsolidatedMember_ForecastMember	/disc/58700/081220240515597365_tse-anedjpsm-58700-20240515597365-ixbrl.htm
2024-05-15		来期	単体	予想	合計	1株当たり配当金	DividendPerShare	15.00	JPYPerShares	15.00	NextYearDuration_AnnualMember_NonConsolidatedMember_ForecastMember	/disc/58700/081220240515597365_tse-anedjpsm-58700-20240515597365-ixbrl.htm
2024-05-15		来期	単体	予想	合計	配当性向	PayoutRatio	0.245	Pure	24.5	NextYearDuration_AnnualMember_NonConsolidatedMember_ForecastMember	/disc/58700/081220240515597365_tse-anedjpsm-58700-20240515597365-ixbrl.htm
2024-05-15		来期	単体	予想		業績予想の見出し	TitleForForecasts			3. 2025年 3月期の業績予想（2024年 4月 1日～2025年 3月31日）	NextYearDuration_NonConsolidatedMember_ForecastMember	/disc/58700/081220240515597365_tse-anedjpsm-58700-20240515597365-ixbrl.htm
2024-05-15			単体	予想		売上高	NetSales	3949000000	JPY	3,949	NextAccumulatedQ2Duration_NonConsolidatedMember_ForecastMember	/disc/58700/081220240515597365_tse-anedjpsm-58700-20240515597365-ixbrl.htm
2024-05-15			単体	予想		売上高の増減率	ChangeInNetSales	0.074	Pure	7.4	NextAccumulatedQ2Duration_NonConsolidatedMember_ForecastMember	/disc/58700/081220240515597365_tse-anedjpsm-58700-20240515597365-ixbrl.htm
2024-05-15			単体	予想		営業利益	OperatingIncome	195000000	JPY	195	NextAccumulatedQ2Duration_NonConsolidatedMember_ForecastMember	/disc/58700/081220240515597365_tse-anedjpsm-58700-20240515597365-ixbrl.htm
2024-05-15			単体	予想		営業利益の増減率	ChangeInOperatingIncome	-0.411	Pure	41.1	NextAccumulatedQ2Duration_NonConsolidatedMember_ForecastMember	/disc/58700/081220240515597365_tse-anedjpsm-58700-20240515597365-ixbrl.htm
2024-05-15			単体	予想		経常利益	OrdinaryIncome	190000000	JPY	190	NextAccumulatedQ2Duration_NonConsolidatedMember_ForecastMember	/disc/58700/081220240515597365_tse-anedjpsm-58700-20240515597365-ixbrl.htm
2024-05-15			単体	予想		経常利益の増減率	ChangeInOrdinaryIncome	-0.417	Pure	41.7	NextAccumulatedQ2Duration_NonConsolidatedMember_ForecastMember	/disc/58700/081220240515597365_tse-anedjpsm-58700-20240515597365-ixbrl.htm
2024-05-15			単体	予想		当期純利益	NetIncome	97000000	JPY	97	NextAccumulatedQ2Duration_NonConsolidatedMember_ForecastMember	/disc/58700/081220240515597365_tse-anedjpsm-58700-20240515597365-ixbrl.htm
2024-05-15			単体	予想		当期純利益の増減率	ChangeInNetIncome	-0.499	Pure	49.9	NextAccumulatedQ2Duration_NonConsolidatedMember_ForecastMember	/disc/58700/081220240515597365_tse-anedjpsm-58700-20240515597365-ixbrl.htm
2024-05-15			単体	予想		1株当たり当期純利益	NetIncomePerShare	18.19	JPYPerShares	18.19	NextAccumulatedQ2Duration_NonConsolidatedMember_ForecastMember	/disc/58700/081220240515597365_tse-anedjpsm-58700-20240515597365-ixbrl.htm
2024-05-15		来期	単体	予想		売上高	NetSales	8562000000	JPY	8,562	NextYearDuration_NonConsolidatedMember_ForecastMember	/disc/58700/081220240515597365_tse-anedjpsm-58700-20240515597365-ixbrl.htm
2024-05-15		来期	単体	予想		売上高の増減率	ChangeInNetSales	0.116	Pure	11.6	NextYearDuration_NonConsolidatedMember_ForecastMember	/disc/58700/081220240515597365_tse-anedjpsm-58700-20240515597365-ixbrl.htm
2024-05-15		来期	単体	予想		営業利益	OperatingIncome	561000000	JPY	561	NextYearDuration_NonConsolidatedMember_ForecastMember	/disc/58700/081220240515597365_tse-anedjpsm-58700-20240515597365-ixbrl.htm
2024-05-15		来期	単体	予想		営業利益の増減率	ChangeInOperatingIncome	0.065	Pure	6.5	NextYearDuration_NonConsolidatedMember_ForecastMember	/disc/58700/081220240515597365_tse-anedjpsm-58700-20240515597365-ixbrl.htm
2024-05-15		来期	単体	予想		経常利益	OrdinaryIncome	552000000	JPY	552	NextYearDuration_NonConsolidatedMember_ForecastMember	/disc/58700/081220240515597365_tse-anedjpsm-58700-20240515597365-ixbrl.htm
2024-05-15		来期	単体	予想		経常利益の増減率	ChangeInOrdinaryIncome	0.079	Pure	7.9	NextYearDuration_NonConsolidatedMember_ForecastMember	/disc/58700/081220240515597365_tse-anedjpsm-58700-20240515597365-ixbrl.htm
2024-05-15		来期	単体	予想		当期純利益	NetIncome	326000000	JPY	326	NextYearDuration_NonConsolidatedMember_ForecastMember	/disc/58700/081220240515597365_tse-anedjpsm-58700-20240515597365-ixbrl.htm
2024-05-15		来期	単体	予想		当期純利益の増減率	ChangeInNetIncome	0.068	Pure	6.8	NextYearDuration_NonConsolidatedMember_ForecastMember	/disc/58700/081220240515597365_tse-anedjpsm-58700-20240515597365-ixbrl.htm
2024-05-15		来期	単体	予想		1株当たり当期純利益	NetIncomePerShare	61.14	JPYPerShares	61.14	NextYearDuration_NonConsolidatedMember_ForecastMember	/disc/58700/081220240515597365_tse-anedjpsm-58700-20240515597365-ixbrl.htm
2024-05-15		当期	単体	実績		会計基準等の改正に伴う変更	ChangesBasedOnRevisionsOfAccountingStandard			無	CurrentYearDuration_NonConsolidatedMember_ResultMember	/disc/58700/081220240515597365_tse-anedjpsm-58700-20240515597365-ixbrl.htm
2024-05-15		当期	単体	実績		それ以外の会計方針の変更	ChangesOtherThanOnesBasedOnRevisionsOfAccountingStandard			無	CurrentYearDuration_NonConsolidatedMember_ResultMember	/disc/58700/081220240515597365_tse-anedjpsm-58700-20240515597365-ixbrl.htm
2024-05-15		当期	単体	実績		会計上の見積りの変更	ChangesInAccountingEstimates			無	CurrentYearDuration_NonConsolidatedMember_ResultMember	/disc/58700/081220240515597365_tse-anedjpsm-58700-20240515597365-ixbrl.htm
2024-05-15		当期	単体	実績		修正再表示	RetrospectiveRestatement			無	CurrentYearDuration_NonConsolidatedMember_ResultMember	/disc/58700/081220240515597365_tse-anedjpsm-58700-20240515597365-ixbrl.htm
2024-05-15		当期	単体	実績		期末発行済株式数(自己株式を含む)	NumberOfIssuedAndOutstandingSharesAtTheEndOfFiscalYearIncludingTreasuryStock	5332100	Shares	5,332,100	CurrentYearInstant_NonConsolidatedMember_ResultMember	/disc/58700/081220240515597365_tse-anedjpsm-58700-20240515597365-ixbrl.htm
2024-05-15		前期	単体	実績		期末発行済株式数(自己株式を含む)	NumberOfIssuedAndOutstandingSharesAtTheEndOfFiscalYearIncludingTreasuryStock	5276100	Shares	5,276,100	PriorYearInstant_NonConsolidatedMember_ResultMember	/disc/58700/081220240515597365_tse-anedjpsm-58700-20240515597365-ixbrl.htm
2024-05-15		当期	単体	実績		期中平均株式数	AverageNumberOfShares	5291553	Shares	5,291,553	CurrentYearDuration_NonConsolidatedMember_ResultMember	/disc/58700/081220240515597365_tse-anedjpsm-58700-20240515597365-ixbrl.htm
2024-05-15		前期	単体	実績		期中平均株式数	AverageNumberOfShares	5276100	Shares	5,276,100	PriorYearDuration_NonConsolidatedMember_ResultMember	/disc/58700/081220240515597365_tse-anedjpsm-58700-20240515597365-ixbrl.htm
2024-05-15		当期	単体	実績			NoteToNumberOfIssuedAndOutstandingSharesCommonStock			（注）当社は、2023年８月27日付で、普通株式１株につき100株の割合で株式分割を行っております。前事業年度の期首に株式分割が行われたと仮定し、「期末発行済株式数（自己株式を含む）」「期中平均株式数」を算定しております。	CurrentYearInstant_NonConsolidatedMember_ResultMember	/disc/58700/081220240515597365_tse-anedjpsm-58700-20240515597365-ixbrl.htm
2024-05-15		来期				将来情報の利用に関する注意	NotesForUsingForecastedInformationAndOthers			（業績見通し等の将来に関する記述等について）本資料に記載されている業績見通し等の将来に関する記述は、当社が現在入手している情報及び合理的であると判断する一定の前提に基づいており、その達成を当社として約束する趣旨のものではありません。また、実際の業績等は様々な要因により大きく異なる可能性があります。業績予想の前提となる条件及び業績予想のご利用にあたっての注意事項等については、[添付資料]３ページ「１．経営成績等の概況（４）今後の見通し」をご覧ください。（決算説明会、決算補足説明資料の入手方法について）当社は、2024年６月５日（水）にアナリスト及び機関投資家向け決算説明会を開催いたします。決算補足説明資料については、「事業計画及び成長可能性に関する事項」と併せて、当社ホームページ（https://www.nal-mt.co.jp）で2024年５月24日(金)に開示予定です。	NextYearDuration	/disc/58700/081220240515597365_tse-anedjpsm-58700-20240515597365-ixbrl.htm
2024-05-15		当期				決算期末	FiscalYearEnd			2024-03-31	CurrentYearInstant	/disc/58700/081220240515597365_tse-anedjpsm-58700-20240515597365-ixbrl.htm
2024-08-09		当期第1四半期累計				書類名	DocumentName			第１四半期決算短信〔日本基準〕(非連結)	CurrentAccumulatedQ1Instant	/disc/58700/081220240725554653_tse-qnedjpsm-58700-20240809358700-ixbrl.htm
2024-08-09		当期第1四半期累計				提出日	FilingDate			2024年８月９日	CurrentAccumulatedQ1Instant	/disc/58700/081220240725554653_tse-qnedjpsm-58700-20240809358700-ixbrl.htm
2024-08-09		当期第1四半期累計				会社名	CompanyName			株式会社ナルネットコミュニケーションズ	CurrentAccumulatedQ1Instant	/disc/58700/081220240725554653_tse-qnedjpsm-58700-20240809358700-ixbrl.htm
2024-08-09		当期第1四半期累計					TokyoStockExchange			東	CurrentAccumulatedQ1Instant	/disc/58700/081220240725554653_tse-qnedjpsm-58700-20240809358700-ixbrl.htm
2024-08-09		当期第1四半期累計				証券コード	SecuritiesCode			58700	CurrentAccumulatedQ1Instant	/disc/58700/081220240725554653_tse-qnedjpsm-58700-20240809358700-ixbrl.htm
2024-08-09		当期第1四半期累計				URL	URL			https://www.nal-mt.co.jp/	CurrentAccumulatedQ1Instant	/disc/58700/081220240725554653_tse-qnedjpsm-58700-20240809358700-ixbrl.htm
2024-08-09		当期第1四半期累計				代表者の役職	TitleRepresentative			代表取締役社長	CurrentAccumulatedQ1Instant	/disc/58700/081220240725554653_tse-qnedjpsm-58700-20240809358700-ixbrl.htm
2024-08-09		当期第1四半期累計				代表者名	NameRepresentative			鈴木 隆志	CurrentAccumulatedQ1Instant	/disc/58700/081220240725554653_tse-qnedjpsm-58700-20240809358700-ixbrl.htm
2024-08-09		当期第1四半期累計					TitleInquiries			常務取締役	CurrentAccumulatedQ1Instant	/disc/58700/081220240725554653_tse-qnedjpsm-58700-20240809358700-ixbrl.htm
2024-08-09		当期第1四半期累計					NameInquiries			東村 大介	CurrentAccumulatedQ1Instant	/disc/58700/081220240725554653_tse-qnedjpsm-58700-20240809358700-ixbrl.htm
2024-08-09		当期第1四半期累計					Tel			0568(20)9111	CurrentAccumulatedQ1Instant	/disc/58700/081220240725554653_tse-qnedjpsm-58700-20240809358700-ixbrl.htm
2024-08-09		当期第1四半期累計					SupplementalMaterialOfResults			有	CurrentAccumulatedQ1Instant	/disc/58700/081220240725554653_tse-qnedjpsm-58700-20240809358700-ixbrl.htm
2024-08-09		当期第1四半期累計					ConveningBriefingOfResults			無	CurrentAccumulatedQ1Instant	/disc/58700/081220240725554653_tse-qnedjpsm-58700-20240809358700-ixbrl.htm
2024-08-09		当期第1四半期累計					NoteToFractionProcessingMethod			(百万円未満切捨て)	CurrentAccumulatedQ1Instant	/disc/58700/081220240725554653_tse-qnedjpsm-58700-20240809358700-ixbrl.htm
2024-08-09		当期第1四半期累計	単体	実績		売上高	NetSales	1899000000	JPY	1,899	CurrentAccumulatedQ1Duration_NonConsolidatedMember_ResultMember	/disc/58700/081220240725554653_tse-qnedjpsm-58700-20240809358700-ixbrl.htm
2024-08-09		当期第1四半期累計	単体	実績		営業利益	OperatingIncome	56000000	JPY	56	CurrentAccumulatedQ1Duration_NonConsolidatedMember_ResultMember	/disc/58700/081220240725554653_tse-qnedjpsm-58700-20240809358700-ixbrl.htm
2024-08-09		当期第1四半期累計	単体	実績		経常利益	OrdinaryIncome	53000000	JPY	53	CurrentAccumulatedQ1Duration_NonConsolidatedMember_ResultMember	/disc/58700/081220240725554653_tse-qnedjpsm-58700-20240809358700-ixbrl.htm
2024-08-09		当期第1四半期累計	単体	実績		当期純利益	NetIncome	25000000	JPY	25	CurrentAccumulatedQ1Duration_NonConsolidatedMember_ResultMember	/disc/58700/081220240725554653_tse-qnedjpsm-58700-20240809358700-ixbrl.htm
2024-08-09		当期第1四半期累計	単体	実績		1株当たり当期純利益	NetIncomePerShare	4.82	JPYPerShares	4.82	CurrentAccumulatedQ1Duration_NonConsolidatedMember_ResultMember	/disc/58700/081220240725554653_tse-qnedjpsm-58700-20240809358700-ixbrl.htm
2024-08-09		当期第1四半期累計	単体	実績		経営成績の注記	NoteToOperatingResults			(注) １．2024年３月期第１四半期については、四半期財務諸表を作成していないため、2024年３月期第１四半期の記載及び対前年同四半期増減率並びに2025年３月期第１四半期の対前年同四半期増減率については記載しておりません。２．潜在株式調整後１株当たり四半期純利益については、希薄化効果を有している潜在株式が存在しないため、記載しておりません。	CurrentAccumulatedQ1Duration_NonConsolidatedMember_ResultMember	/disc/58700/081220240725554653_tse-qnedjpsm-58700-20240809358700-ixbrl.htm
2024-08-09		当期第1四半期累計	単体	実績		総資産	TotalAssets	9489000000	JPY	9,489	CurrentAccumulatedQ1Instant_NonConsolidatedMember_ResultMember	/disc/58700/081220240725554653_tse-qnedjpsm-58700-20240809358700-ixbrl.htm
2024-08-09		当期第1四半期累計	単体	実績		純資産	NetAssets	3216000000	JPY	3,216	CurrentAccumulatedQ1Instant_NonConsolidatedMember_ResultMember	/disc/58700/081220240725554653_tse-qnedjpsm-58700-20240809358700-ixbrl.htm
2024-08-09		当期第1四半期累計	単体	実績		自己資本比率	CapitalAdequacyRatio	0.339	Pure	33.9	CurrentAccumulatedQ1Instant_NonConsolidatedMember_ResultMember	/disc/58700/081220240725554653_tse-qnedjpsm-58700-20240809358700-ixbrl.htm
2024-08-09		前期	単体	実績		総資産	TotalAssets	9573000000	JPY	9,573	PriorYearInstant_NonConsolidatedMember_ResultMember	/disc/58700/081220240725554653_tse-qnedjpsm-58700-20240809358700-ixbrl.htm
2024-08-09		前期	単体	実績		純資産	NetAssets	3271000000	JPY	3,271	PriorYearInstant_NonConsolidatedMember_ResultMember	/disc/58700/081220240725554653_tse-qnedjpsm-58700-20240809358700-ixbrl.htm
2024-08-09		前期	単体	実績		自己資本比率	CapitalAdequacyRatio	0.342	Pure	34.2	PriorYearInstant_NonConsolidatedMember_ResultMember	/disc/58700/081220240725554653_tse-qnedjpsm-58700-20240809358700-ixbrl.htm
2024-08-09		当期第1四半期累計	単体	実績		自己資本	OwnersEquity	3216000000	JPY	3,216	CurrentAccumulatedQ1Instant_NonConsolidatedMember_ResultMember	/disc/58700/081220240725554653_tse-qnedjpsm-58700-20240809358700-ixbrl.htm
2024-08-09		前期	単体	実績		自己資本	OwnersEquity	3271000000	JPY	3,271	PriorYearInstant_NonConsolidatedMember_ResultMember	/disc/58700/081220240725554653_tse-qnedjpsm-58700-20240809358700-ixbrl.htm
2024-08-09		前期	単体	実績	第2四半期末	1株当たり配当金	DividendPerShare	0.00	JPYPerShares	0.00	PriorYearDuration_SecondQuarterMember_NonConsolidatedMember_ResultMember	/disc/58700/081220240725554653_tse-qnedjpsm-58700-20240809358700-ixbrl.htm
2024-08-09		前期	単体	実績	期末	1株当たり配当金	DividendPerShare	15.00	JPYPerShares	15.00	PriorYearDuration_YearEndMember_NonConsolidatedMember_ResultMember	/disc/58700/081220240725554653_tse-qnedjpsm-58700-20240809358700-ixbrl.htm
2024-08-09		前期	単体	実績	合計	1株当たり配当金	DividendPerShare	15.00	JPYPerShares	15.00	PriorYearDuration_AnnualMember_NonConsolidatedMember_ResultMember	/disc/58700/081220240725554653_tse-qnedjpsm-58700-20240809358700-ixbrl.htm
2024-08-09		当期	単体	予想	第2四半期末	1株当たり配当金	DividendPerShare	0.00	JPYPerShares	0.00	CurrentYearDuration_SecondQuarterMember_NonConsolidatedMember_ForecastMember	/disc/58700/081220240725554653_tse-qnedjpsm-58700-20240809358700-ixbrl.htm
2024-08-09		当期	単体	予想	期末	1株当たり配当金	DividendPerShare	15.00	JPYPerShares	15.00	CurrentYearDuration_YearEndMember_NonConsolidatedMember_ForecastMember	/disc/58700/081220240725554653_tse-qnedjpsm-58700-20240809358700-ixbrl.htm
2024-08-09		当期	単体	予想	合計	1株当たり配当金	DividendPerShare	15.00	JPYPerShares	15.00	CurrentYearDuration_AnnualMember_NonConsolidatedMember_ForecastMember	/disc/58700/081220240725554653_tse-qnedjpsm-58700-20240809358700-ixbrl.htm
2024-08-09		当期	単体	実績	合計	当四半期における配当予想の修正	CorrectionOfDividendForecastInThisQuarter			無	CurrentYearDuration_AnnualMember_NonConsolidatedMember_ResultMember	/disc/58700/081220240725554653_tse-qnedjpsm-58700-20240809358700-ixbrl.htm
2024-08-09		当期	単体	予想		業績予想の見出し	TitleForForecasts			３．2025年３月期の業績予想（2024年４月１日～2025年３月31日）	CurrentYearDuration_NonConsolidatedMember_ForecastMember	/disc/58700/081220240725554653_tse-qnedjpsm-58700-20240809358700-ixbrl.htm
2024-08-09		当期第2四半期累計	単体	予想		売上高	NetSales	3949000000	JPY	3,949	CurrentAccumulatedQ2Duration_NonConsolidatedMember_ForecastMember	/disc/58700/081220240725554653_tse-qnedjpsm-58700-20240809358700-ixbrl.htm
2024-08-09		当期第2四半期累計	単体	予想		売上高の増減率	ChangeInNetSales	0.074	Pure	7.4	CurrentAccumulatedQ2Duration_NonConsolidatedMember_ForecastMember	/disc/58700/081220240725554653_tse-qnedjpsm-58700-20240809358700-ixbrl.htm
2024-08-09		当期第2四半期累計	単体	予想		営業利益	OperatingIncome	195000000	JPY	195	CurrentAccumulatedQ2Duration_NonConsolidatedMember_ForecastMember	/disc/58700/081220240725554653_tse-qnedjpsm-58700-20240809358700-ixbrl.htm
2024-08-09		当期第2四半期累計	単体	予想		営業利益の増減率	ChangeInOperatingIncome	-0.411	Pure	41.1	CurrentAccumulatedQ2Duration_NonConsolidatedMember_ForecastMember	/disc/58700/081220240725554653_tse-qnedjpsm-58700-20240809358700-ixbrl.htm
2024-08-09		当期第2四半期累計	単体	予想		経常利益	OrdinaryIncome	190000000	JPY	190	CurrentAccumulatedQ2Duration_NonConsolidatedMember_ForecastMember	/disc/58700/081220240725554653_tse-qnedjpsm-58700-20240809358700-ixbrl.htm
2024-08-09		当期第2四半期累計	単体	予想		経常利益の増減率	ChangeInOrdinaryIncome	-0.417	Pure	41.7	CurrentAccumulatedQ2Duration_NonConsolidatedMember_ForecastMember	/disc/58700/081220240725554653_tse-qnedjpsm-58700-20240809358700-ixbrl.htm
2024-08-09		当期第2四半期累計	単体	予想		当期純利益	NetIncome	97000000	JPY	97	CurrentAccumulatedQ2Duration_NonConsolidatedMember_ForecastMember	/disc/58700/081220240725554653_tse-qnedjpsm-58700-20240809358700-ixbrl.htm
2024-08-09		当期第2四半期累計	単体	予想		当期純利益の増減率	ChangeInNetIncome	-0.499	Pure	49.9	CurrentAccumulatedQ2Duration_NonConsolidatedMember_ForecastMember	/disc/58700/081220240725554653_tse-qnedjpsm-58700-20240809358700-ixbrl.htm
2024-08-09		当期第2四半期累計	単体	予想		1株当たり当期純利益	NetIncomePerShare	18.19	JPYPerShares	18.19	CurrentAccumulatedQ2Duration_NonConsolidatedMember_ForecastMember	/disc/58700/081220240725554653_tse-qnedjpsm-58700-20240809358700-ixbrl.htm
2024-08-09		当期	単体	予想		売上高	NetSales	8562000000	JPY	8,562	CurrentYearDuration_NonConsolidatedMember_ForecastMember	/disc/58700/081220240725554653_tse-qnedjpsm-58700-20240809358700-ixbrl.htm
2024-08-09		当期	単体	予想		売上高の増減率	ChangeInNetSales	0.116	Pure	11.6	CurrentYearDuration_NonConsolidatedMember_ForecastMember	/disc/58700/081220240725554653_tse-qnedjpsm-58700-20240809358700-ixbrl.htm
2024-08-09		当期	単体	予想		営業利益	OperatingIncome	561000000	JPY	561	CurrentYearDuration_NonConsolidatedMember_ForecastMember	/disc/58700/081220240725554653_tse-qnedjpsm-58700-20240809358700-ixbrl.htm
2024-08-09		当期	単体	予想		営業利益の増減率	ChangeInOperatingIncome	0.065	Pure	6.5	CurrentYearDuration_NonConsolidatedMember_ForecastMember	/disc/58700/081220240725554653_tse-qnedjpsm-58700-20240809358700-ixbrl.htm
2024-08-09		当期	単体	予想		経常利益	OrdinaryIncome	552000000	JPY	552	CurrentYearDuration_NonConsolidatedMember_ForecastMember	/disc/58700/081220240725554653_tse-qnedjpsm-58700-20240809358700-ixbrl.htm
2024-08-09		当期	単体	予想		経常利益の増減率	ChangeInOrdinaryIncome	0.079	Pure	7.9	CurrentYearDuration_NonConsolidatedMember_ForecastMember	/disc/58700/081220240725554653_tse-qnedjpsm-58700-20240809358700-ixbrl.htm
2024-08-09		当期	単体	予想		当期純利益	NetIncome	326000000	JPY	326	CurrentYearDuration_NonConsolidatedMember_ForecastMember	/disc/58700/081220240725554653_tse-qnedjpsm-58700-20240809358700-ixbrl.htm
2024-08-09		当期	単体	予想		当期純利益の増減率	ChangeInNetIncome	0.068	Pure	6.8	CurrentYearDuration_NonConsolidatedMember_ForecastMember	/disc/58700/081220240725554653_tse-qnedjpsm-58700-20240809358700-ixbrl.htm
2024-08-09		当期	単体	予想		1株当たり当期純利益	NetIncomePerShare	61.14	JPYPerShares	61.14	CurrentYearDuration_NonConsolidatedMember_ForecastMember	/disc/58700/081220240725554653_tse-qnedjpsm-58700-20240809358700-ixbrl.htm
2024-08-09		当期	単体	予想			CorrectionOfFinancialForecastInThisQuarter			無	CurrentYearDuration_NonConsolidatedMember_ForecastMember	/disc/58700/081220240725554653_tse-qnedjpsm-58700-20240809358700-ixbrl.htm
2024-08-09		当期第1四半期累計	単体	実績			ApplyingOfSpecificAccountingOfTheQuarterlyFinancialStatements			無	CurrentAccumulatedQ1Duration_NonConsolidatedMember_ResultMember	/disc/58700/081220240725554653_tse-qnedjpsm-58700-20240809358700-ixbrl.htm
2024-08-09		当期第1四半期累計	単体	実績		会計基準等の改正に伴う変更	ChangesBasedOnRevisionsOfAccountingStandard			無	CurrentAccumulatedQ1Duration_NonConsolidatedMember_ResultMember	/disc/58700/081220240725554653_tse-qnedjpsm-58700-20240809358700-ixbrl.htm
2024-08-09		当期第1四半期累計	単体	実績		それ以外の会計方針の変更	ChangesOtherThanOnesBasedOnRevisionsOfAccountingStandard			無	CurrentAccumulatedQ1Duration_NonConsolidatedMember_ResultMember	/disc/58700/081220240725554653_tse-qnedjpsm-58700-20240809358700-ixbrl.htm
2024-08-09		当期第1四半期累計	単体	実績		会計上の見積りの変更	ChangesInAccountingEstimates			無	CurrentAccumulatedQ1Duration_NonConsolidatedMember_ResultMember	/disc/58700/081220240725554653_tse-qnedjpsm-58700-20240809358700-ixbrl.htm
2024-08-09		当期第1四半期累計	単体	実績		修正再表示	RetrospectiveRestatement			無	CurrentAccumulatedQ1Duration_NonConsolidatedMember_ResultMember	/disc/58700/081220240725554653_tse-qnedjpsm-58700-20240809358700-ixbrl.htm
2024-08-09		当期第1四半期累計	単体	実績		期末発行済株式数(自己株式を含む)	NumberOfIssuedAndOutstandingSharesAtTheEndOfFiscalYearIncludingTreasuryStock	5332100	Shares	5,332,100	CurrentAccumulatedQ1Instant_NonConsolidatedMember_ResultMember	/disc/58700/081220240725554653_tse-qnedjpsm-58700-20240809358700-ixbrl.htm
2024-08-09		前期	単体	実績		期末発行済株式数(自己株式を含む)	NumberOfIssuedAndOutstandingSharesAtTheEndOfFiscalYearIncludingTreasuryStock	5332100	Shares	5,332,100	PriorYearInstant_NonConsolidatedMember_ResultMember	/disc/58700/081220240725554653_tse-qnedjpsm-58700-20240809358700-ixbrl.htm
2024-08-09		当期第1四半期累計	単体	実績		期中平均株式数	AverageNumberOfShares	5332100	Shares	5,332,100	CurrentAccumulatedQ1Duration_NonConsolidatedMember_ResultMember	/disc/58700/081220240725554653_tse-qnedjpsm-58700-20240809358700-ixbrl.htm
2024-08-09		当期第1四半期累計	単体	実績			NoteToNumberOfIssuedAndOutstandingSharesCommonStock			(注)当社は、2024年３月期第１四半期については、四半期財務諸表を作成していないため、2024年３月期第１四半期の期中平均株式数を記載しておりません。	CurrentAccumulatedQ1Instant_NonConsolidatedMember_ResultMember	/disc/58700/081220240725554653_tse-qnedjpsm-58700-20240809358700-ixbrl.htm
2024-08-09		当期第1四半期累計					ReviewOfAttachedQuarterlyFinancialStatementsByACertifiedPublicAccountantOrAnAuditFirm			無	CurrentAccumulatedQ1Duration	/disc/58700/081220240725554653_tse-qnedjpsm-58700-20240809358700-ixbrl.htm
2024-08-09		当期				将来情報の利用に関する注意	NotesForUsingForecastedInformationAndOthers			本資料に記載されている業績見通し等の将来に関する記述は、当社が現在入手している情報及び合理的であると判断する一定の前提に基づいており、実際の業績等は様々な要因により大きく異なる可能性があります。業績予想の前提となる条件及び業績予想のご利用にあたっての注意事項等については、添付資料２ページ「１．経営成績等の概況（３）業績予想などの将来予測情報に関する説明」をご覧ください。	CurrentYearDuration	/disc/58700/081220240725554653_tse-qnedjpsm-58700-20240809358700-ixbrl.htm
2024-08-09		当期第1四半期累計					TokyoStockExchangePrime			false	CurrentAccumulatedQ1Instant	/disc/58700/081220240725554653_tse-qnedjpsm-58700-20240809358700-ixbrl.htm
2024-08-09		当期第1四半期累計					TokyoStockExchangeStandard			false	CurrentAccumulatedQ1Instant	/disc/58700/081220240725554653_tse-qnedjpsm-58700-20240809358700-ixbrl.htm
2024-08-09		当期第1四半期累計					TokyoStockExchangeGrowth			true	CurrentAccumulatedQ1Instant	/disc/58700/081220240725554653_tse-qnedjpsm-58700-20240809358700-ixbrl.htm
2024-08-09		当期第1四半期累計					TokyoStockExchangePROMarket			false	CurrentAccumulatedQ1Instant	/disc/58700/081220240725554653_tse-qnedjpsm-58700-20240809358700-ixbrl.htm
2024-08-09		当期第1四半期累計					TokyoStockExchangeOthers			false	CurrentAccumulatedQ1Instant	/disc/58700/081220240725554653_tse-qnedjpsm-58700-20240809358700-ixbrl.htm
2024-08-09		当期第1四半期累計					NagoyaStockExchange1stSection			false	CurrentAccumulatedQ1Instant	/disc/58700/081220240725554653_tse-qnedjpsm-58700-20240809358700-ixbrl.htm
2024-08-09		当期第1四半期累計					NagoyaStockExchange2ndSection			false	CurrentAccumulatedQ1Instant	/disc/58700/081220240725554653_tse-qnedjpsm-58700-20240809358700-ixbrl.htm
2024-08-09		当期第1四半期累計					NagoyaStockExchangeCentrex			false	CurrentAccumulatedQ1Instant	/disc/58700/081220240725554653_tse-qnedjpsm-58700-20240809358700-ixbrl.htm
2024-08-09		当期第1四半期累計					NagoyaStockExchangeOthers			false	CurrentAccumulatedQ1Instant	/disc/58700/081220240725554653_tse-qnedjpsm-58700-20240809358700-ixbrl.htm
2024-08-09		当期第1四半期累計					SapporoStockExchangeEstablished			false	CurrentAccumulatedQ1Instant	/disc/58700/081220240725554653_tse-qnedjpsm-58700-20240809358700-ixbrl.htm
2024-08-09		当期第1四半期累計					SapporoStockExchangeAmbitious			false	CurrentAccumulatedQ1Instant	/disc/58700/081220240725554653_tse-qnedjpsm-58700-20240809358700-ixbrl.htm
2024-08-09		当期第1四半期累計					SapporoStockExchangeOthers			false	CurrentAccumulatedQ1Instant	/disc/58700/081220240725554653_tse-qnedjpsm-58700-20240809358700-ixbrl.htm
2024-08-09		当期第1四半期累計					FukuokaStockExchangeEstablished			false	CurrentAccumulatedQ1Instant	/disc/58700/081220240725554653_tse-qnedjpsm-58700-20240809358700-ixbrl.htm
2024-08-09		当期第1四半期累計					FukuokaStockExchangeQBoard			false	CurrentAccumulatedQ1Instant	/disc/58700/081220240725554653_tse-qnedjpsm-58700-20240809358700-ixbrl.htm
2024-08-09		当期第1四半期累計					FukuokaStockExchangeOthers			false	CurrentAccumulatedQ1Instant	/disc/58700/081220240725554653_tse-qnedjpsm-58700-20240809358700-ixbrl.htm
2024-08-09		当期第1四半期累計					JapanSecuritiesDealersAssociationGreenSheet			false	CurrentAccumulatedQ1Instant	/disc/58700/081220240725554653_tse-qnedjpsm-58700-20240809358700-ixbrl.htm
2024-08-09		当期					GeneralBusiness			true	CurrentYearInstant	/disc/58700/081220240725554653_tse-qnedjpsm-58700-20240809358700-ixbrl.htm
2024-08-09		当期					SpecificBusiness			false	CurrentYearInstant	/disc/58700/081220240725554653_tse-qnedjpsm-58700-20240809358700-ixbrl.htm
2024-08-09		当期				決算期末	FiscalYearEnd			2025-03-31	CurrentYearInstant	/disc/58700/081220240725554653_tse-qnedjpsm-58700-20240809358700-ixbrl.htm
2024-08-09		当期第1四半期累計				四半期	QuarterlyPeriod	1	Pure	1	CurrentAccumulatedQ1Instant	/disc/58700/081220240725554653_tse-qnedjpsm-58700-20240809358700-ixbrl.htm
2024-11-14		当期第2四半期累計				書類名	DocumentName			第２四半期（中間期）決算短信〔日本基準〕(非連結)	CurrentAccumulatedQ2Instant	/disc/58700/081220241113521309_tse-snedjpsy-58700-20241114358700-ixbrl.htm
2024-11-14		当期第2四半期累計				提出日	FilingDate			2024年11月14日	CurrentAccumulatedQ2Instant	/disc/58700/081220241113521309_tse-snedjpsy-58700-20241114358700-ixbrl.htm
2024-11-14		当期第2四半期累計				会社名	CompanyName			株式会社ナルネットコミュニケーションズ	CurrentAccumulatedQ2Instant	/disc/58700/081220241113521309_tse-snedjpsy-58700-20241114358700-ixbrl.htm
2024-11-14		当期第2四半期累計					TokyoStockExchange			東	CurrentAccumulatedQ2Instant	/disc/58700/081220241113521309_tse-snedjpsy-58700-20241114358700-ixbrl.htm
2024-11-14		当期第2四半期累計				証券コード	SecuritiesCode			58700	CurrentAccumulatedQ2Instant	/disc/58700/081220241113521309_tse-snedjpsy-58700-20241114358700-ixbrl.htm
2024-11-14		当期第2四半期累計				URL	URL			https://www.nal-mt.co.jp/	CurrentAccumulatedQ2Instant	/disc/58700/081220241113521309_tse-snedjpsy-58700-20241114358700-ixbrl.htm
2024-11-14		当期第2四半期累計				代表者の役職	TitleRepresentative			代表取締役社長	CurrentAccumulatedQ2Instant	/disc/58700/081220241113521309_tse-snedjpsy-58700-20241114358700-ixbrl.htm
2024-11-14		当期第2四半期累計				代表者名	NameRepresentative			鈴木 隆志	CurrentAccumulatedQ2Instant	/disc/58700/081220241113521309_tse-snedjpsy-58700-20241114358700-ixbrl.htm
2024-11-14		当期第2四半期累計					TitleInquiries			常務取締役	CurrentAccumulatedQ2Instant	/disc/58700/081220241113521309_tse-snedjpsy-58700-20241114358700-ixbrl.htm
2024-11-14		当期第2四半期累計					NameInquiries			東村 大介	CurrentAccumulatedQ2Instant	/disc/58700/081220241113521309_tse-snedjpsy-58700-20241114358700-ixbrl.htm
2024-11-14		当期第2四半期累計					Tel			0568(20)9111	CurrentAccumulatedQ2Instant	/disc/58700/081220241113521309_tse-snedjpsy-58700-20241114358700-ixbrl.htm
2024-11-14		当期第2四半期累計					SemiAnnualStatementFilingDateAsPlanned			2024年11月14日	CurrentAccumulatedQ2Instant	/disc/58700/081220241113521309_tse-snedjpsy-58700-20241114358700-ixbrl.htm
2024-11-14		当期第2四半期累計					SupplementalMaterialOfResults			有	CurrentAccumulatedQ2Instant	/disc/58700/081220241113521309_tse-snedjpsy-58700-20241114358700-ixbrl.htm
2024-11-14		当期第2四半期累計					ConveningBriefingOfResults			有	CurrentAccumulatedQ2Instant	/disc/58700/081220241113521309_tse-snedjpsy-58700-20241114358700-ixbrl.htm
2024-11-14		当期第2四半期累計					TargetForBriefingOfResults			(機関投資家・アナリスト向け)	CurrentAccumulatedQ2Instant	/disc/58700/081220241113521309_tse-snedjpsy-58700-20241114358700-ixbrl.htm
2024-11-14		当期第2四半期累計					NoteToFractionProcessingMethod			(百万円未満切捨て)	CurrentAccumulatedQ2Instant	/disc/58700/081220241113521309_tse-snedjpsy-58700-20241114358700-ixbrl.htm
2024-11-14		当期第2四半期累計	単体	実績		売上高	NetSales	3865000000	JPY	3,865	CurrentAccumulatedQ2Duration_NonConsolidatedMember_ResultMember	/disc/58700/081220241113521309_tse-snedjpsy-58700-20241114358700-ixbrl.htm
2024-11-14		当期第2四半期累計	単体	実績		売上高の増減率	ChangeInNetSales	0.051	Pure	5.1	CurrentAccumulatedQ2Duration_NonConsolidatedMember_ResultMember	/disc/58700/081220241113521309_tse-snedjpsy-58700-20241114358700-ixbrl.htm
2024-11-14		当期第2四半期累計	単体	実績		営業利益	OperatingIncome	159000000	JPY	159	CurrentAccumulatedQ2Duration_NonConsolidatedMember_ResultMember	/disc/58700/081220241113521309_tse-snedjpsy-58700-20241114358700-ixbrl.htm
2024-11-14		当期第2四半期累計	単体	実績		営業利益の増減率	ChangeInOperatingIncome	-0.520	Pure	52.0	CurrentAccumulatedQ2Duration_NonConsolidatedMember_ResultMember	/disc/58700/081220241113521309_tse-snedjpsy-58700-20241114358700-ixbrl.htm
2024-11-14		当期第2四半期累計	単体	実績		経常利益	OrdinaryIncome	154000000	JPY	154	CurrentAccumulatedQ2Duration_NonConsolidatedMember_ResultMember	/disc/58700/081220241113521309_tse-snedjpsy-58700-20241114358700-ixbrl.htm
2024-11-14		当期第2四半期累計	単体	実績		経常利益の増減率	ChangeInOrdinaryIncome	-0.526	Pure	52.6	CurrentAccumulatedQ2Duration_NonConsolidatedMember_ResultMember	/disc/58700/081220241113521309_tse-snedjpsy-58700-20241114358700-ixbrl.htm
2024-11-14		当期第2四半期累計	単体	実績		当期純利益	NetIncome	81000000	JPY	81	CurrentAccumulatedQ2Duration_NonConsolidatedMember_ResultMember	/disc/58700/081220241113521309_tse-snedjpsy-58700-20241114358700-ixbrl.htm
2024-11-14		当期第2四半期累計	単体	実績		当期純利益の増減率	ChangeInNetIncome	-0.577	Pure	57.7	CurrentAccumulatedQ2Duration_NonConsolidatedMember_ResultMember	/disc/58700/081220241113521309_tse-snedjpsy-58700-20241114358700-ixbrl.htm
2024-11-14		前期第2四半期累計	単体	実績		売上高	NetSales	3675000000	JPY	3,675	PriorAccumulatedQ2Duration_NonConsolidatedMember_ResultMember	/disc/58700/081220241113521309_tse-snedjpsy-58700-20241114358700-ixbrl.htm
2024-11-14		前期第2四半期累計	単体	実績		営業利益	OperatingIncome	331000000	JPY	331	PriorAccumulatedQ2Duration_NonConsolidatedMember_ResultMember	/disc/58700/081220241113521309_tse-snedjpsy-58700-20241114358700-ixbrl.htm
2024-11-14		前期第2四半期累計	単体	実績		経常利益	OrdinaryIncome	326000000	JPY	326	PriorAccumulatedQ2Duration_NonConsolidatedMember_ResultMember	/disc/58700/081220241113521309_tse-snedjpsy-58700-20241114358700-ixbrl.htm
2024-11-14		前期第2四半期累計	単体	実績		当期純利益	NetIncome	193000000	JPY	193	PriorAccumulatedQ2Duration_NonConsolidatedMember_ResultMember	/disc/58700/081220241113521309_tse-snedjpsy-58700-20241114358700-ixbrl.htm
2024-11-14		当期第2四半期累計	単体	実績		1株当たり当期純利益	NetIncomePerShare	15.37	JPYPerShares	15.37	CurrentAccumulatedQ2Duration_NonConsolidatedMember_ResultMember	/disc/58700/081220241113521309_tse-snedjpsy-58700-20241114358700-ixbrl.htm
2024-11-14		前期第2四半期累計	単体	実績		1株当たり当期純利益	NetIncomePerShare	36.68	JPYPerShares	36.68	PriorAccumulatedQ2Duration_NonConsolidatedMember_ResultMember	/disc/58700/081220241113521309_tse-snedjpsy-58700-20241114358700-ixbrl.htm
2024-11-14		当期第2四半期累計	単体	実績		経営成績の注記	NoteToOperatingResults			(注) １．当社は、2023年３月期中間期については中間財務諸表を作成していないため、2024年３月期中間期の対前年中間期増減率は記載しておりません。２．当社は、2023年８月27日付で、普通株式１株につき100株の割合で株式分割を行っております。前事業年度の期首に当該株式分割が行われたと仮定し、１株当たり中間純利益を算定しております。３．潜在株式調整後１株当たり中間純利益については、希薄化効果を有している潜在株式が存在しないため、記載しておりません。	CurrentAccumulatedQ2Duration_NonConsolidatedMember_ResultMember	/disc/58700/081220241113521309_tse-snedjpsy-58700-20241114358700-ixbrl.htm
2024-11-14		当期第2四半期累計	単体	実績		総資産	TotalAssets	9749000000	JPY	9,749	CurrentAccumulatedQ2Instant_NonConsolidatedMember_ResultMember	/disc/58700/081220241113521309_tse-snedjpsy-58700-20241114358700-ixbrl.htm
2024-11-14		当期第2四半期累計	単体	実績		純資産	NetAssets	3271000000	JPY	3,271	CurrentAccumulatedQ2Instant_NonConsolidatedMember_ResultMember	/disc/58700/081220241113521309_tse-snedjpsy-58700-20241114358700-ixbrl.htm
2024-11-14		当期第2四半期累計	単体	実績		自己資本比率	CapitalAdequacyRatio	0.336	Pure	33.6	CurrentAccumulatedQ2Instant_NonConsolidatedMember_ResultMember	/disc/58700/081220241113521309_tse-snedjpsy-58700-20241114358700-ixbrl.htm
2024-11-14		前期	単体	実績		総資産	TotalAssets	9573000000	JPY	9,573	PriorYearInstant_NonConsolidatedMember_ResultMember	/disc/58700/081220241113521309_tse-snedjpsy-58700-20241114358700-ixbrl.htm
2024-11-14		前期	単体	実績		純資産	NetAssets	3271000000	JPY	3,271	PriorYearInstant_NonConsolidatedMember_ResultMember	/disc/58700/081220241113521309_tse-snedjpsy-58700-20241114358700-ixbrl.htm
2024-11-14		前期	単体	実績		自己資本比率	CapitalAdequacyRatio	0.342	Pure	34.2	PriorYearInstant_NonConsolidatedMember_ResultMember	/disc/58700/081220241113521309_tse-snedjpsy-58700-20241114358700-ixbrl.htm
2024-11-14		当期第2四半期累計	単体	実績		自己資本	OwnersEquity	3271000000	JPY	3,271	CurrentAccumulatedQ2Instant_NonConsolidatedMember_ResultMember	/disc/58700/081220241113521309_tse-snedjpsy-58700-20241114358700-ixbrl.htm
2024-11-14		前期	単体	実績		自己資本	OwnersEquity	3271000000	JPY	3,271	PriorYearInstant_NonConsolidatedMember_ResultMember	/disc/58700/081220241113521309_tse-snedjpsy-58700-20241114358700-ixbrl.htm
2024-11-14		前期	単体	実績	第2四半期末	1株当たり配当金	DividendPerShare	0.00	JPYPerShares	0.00	PriorYearDuration_SecondQuarterMember_NonConsolidatedMember_ResultMember	/disc/58700/081220241113521309_tse-snedjpsy-58700-20241114358700-ixbrl.htm
2024-11-14		前期	単体	実績	期末	1株当たり配当金	DividendPerShare	15.00	JPYPerShares	15.00	PriorYearDuration_YearEndMember_NonConsolidatedMember_ResultMember	/disc/58700/081220241113521309_tse-snedjpsy-58700-20241114358700-ixbrl.htm
2024-11-14		前期	単体	実績	合計	1株当たり配当金	DividendPerShare	15.00	JPYPerShares	15.00	PriorYearDuration_AnnualMember_NonConsolidatedMember_ResultMember	/disc/58700/081220241113521309_tse-snedjpsy-58700-20241114358700-ixbrl.htm
2024-11-14		当期	単体	実績	第2四半期末	1株当たり配当金	DividendPerShare	0.00	JPYPerShares	0.00	CurrentYearDuration_SecondQuarterMember_NonConsolidatedMember_ResultMember	/disc/58700/081220241113521309_tse-snedjpsy-58700-20241114358700-ixbrl.htm
2024-11-14		当期	単体	予想	期末	1株当たり配当金	DividendPerShare	15.00	JPYPerShares	15.00	CurrentYearDuration_YearEndMember_NonConsolidatedMember_ForecastMember	/disc/58700/081220241113521309_tse-snedjpsy-58700-20241114358700-ixbrl.htm
2024-11-14		当期	単体	予想	合計	1株当たり配当金	DividendPerShare	15.00	JPYPerShares	15.00	CurrentYearDuration_AnnualMember_NonConsolidatedMember_ForecastMember	/disc/58700/081220241113521309_tse-snedjpsy-58700-20241114358700-ixbrl.htm
2024-11-14		当期	単体	実績	合計	当四半期における配当予想の修正	CorrectionOfDividendForecastInThisQuarter			無	CurrentYearDuration_AnnualMember_NonConsolidatedMember_ResultMember	/disc/58700/081220241113521309_tse-snedjpsy-58700-20241114358700-ixbrl.htm
2024-11-14		当期	単体	予想		業績予想の見出し	TitleForForecasts			３．2025年３月期の業績予想（2024年４月１日～2025年３月31日）	CurrentYearDuration_NonConsolidatedMember_ForecastMember	/disc/58700/081220241113521309_tse-snedjpsy-58700-20241114358700-ixbrl.htm
2024-11-14		当期	単体	予想		売上高	NetSales	8562000000	JPY	8,562	CurrentYearDuration_NonConsolidatedMember_ForecastMember	/disc/58700/081220241113521309_tse-snedjpsy-58700-20241114358700-ixbrl.htm
2024-11-14		当期	単体	予想		売上高の増減率	ChangeInNetSales	0.116	Pure	11.6	CurrentYearDuration_NonConsolidatedMember_ForecastMember	/disc/58700/081220241113521309_tse-snedjpsy-58700-20241114358700-ixbrl.htm
2024-11-14		当期	単体	予想		営業利益	OperatingIncome	561000000	JPY	561	CurrentYearDuration_NonConsolidatedMember_ForecastMember	/disc/58700/081220241113521309_tse-snedjpsy-58700-20241114358700-ixbrl.htm
2024-11-14		当期	単体	予想		営業利益の増減率	ChangeInOperatingIncome	0.065	Pure	6.5	CurrentYearDuration_NonConsolidatedMember_ForecastMember	/disc/58700/081220241113521309_tse-snedjpsy-58700-20241114358700-ixbrl.htm
2024-11-14		当期	単体	予想		経常利益	OrdinaryIncome	552000000	JPY	552	CurrentYearDuration_NonConsolidatedMember_ForecastMember	/disc/58700/081220241113521309_tse-snedjpsy-58700-20241114358700-ixbrl.htm
2024-11-14		当期	単体	予想		経常利益の増減率	ChangeInOrdinaryIncome	0.079	Pure	7.9	CurrentYearDuration_NonConsolidatedMember_ForecastMember	/disc/58700/081220241113521309_tse-snedjpsy-58700-20241114358700-ixbrl.htm
2024-11-14		当期	単体	予想		当期純利益	NetIncome	326000000	JPY	326	CurrentYearDuration_NonConsolidatedMember_ForecastMember	/disc/58700/081220241113521309_tse-snedjpsy-58700-20241114358700-ixbrl.htm
2024-11-14		当期	単体	予想		当期純利益の増減率	ChangeInNetIncome	0.068	Pure	6.8	CurrentYearDuration_NonConsolidatedMember_ForecastMember	/disc/58700/081220241113521309_tse-snedjpsy-58700-20241114358700-ixbrl.htm
2024-11-14		当期	単体	予想		1株当たり当期純利益	NetIncomePerShare	61.14	JPYPerShares	61.14	CurrentYearDuration_NonConsolidatedMember_ForecastMember	/disc/58700/081220241113521309_tse-snedjpsy-58700-20241114358700-ixbrl.htm
2024-11-14		当期	単体	予想			CorrectionOfFinancialForecastInThisQuarter			無	CurrentYearDuration_NonConsolidatedMember_ForecastMember	/disc/58700/081220241113521309_tse-snedjpsy-58700-20241114358700-ixbrl.htm
2024-11-14		当期第2四半期累計	単体	実績			ApplyingOfSpecificAccountingOfTheSemiAnnualFinancialStatements			無	CurrentAccumulatedQ2Duration_NonConsolidatedMember_ResultMember	/disc/58700/081220241113521309_tse-snedjpsy-58700-20241114358700-ixbrl.htm
2024-11-14		当期第2四半期累計	単体	実績		会計基準等の改正に伴う変更	ChangesBasedOnRevisionsOfAccountingStandard			無	CurrentAccumulatedQ2Duration_NonConsolidatedMember_ResultMember	/disc/58700/081220241113521309_tse-snedjpsy-58700-20241114358700-ixbrl.htm
2024-11-14		当期第2四半期累計	単体	実績		それ以外の会計方針の変更	ChangesOtherThanOnesBasedOnRevisionsOfAccountingStandard			無	CurrentAccumulatedQ2Duration_NonConsolidatedMember_ResultMember	/disc/58700/081220241113521309_tse-snedjpsy-58700-20241114358700-ixbrl.htm
2024-11-14		当期第2四半期累計	単体	実績		会計上の見積りの変更	ChangesInAccountingEstimates			無	CurrentAccumulatedQ2Duration_NonConsolidatedMember_ResultMember	/disc/58700/081220241113521309_tse-snedjpsy-58700-20241114358700-ixbrl.htm
2024-11-14		当期第2四半期累計	単体	実績		修正再表示	RetrospectiveRestatement			無	CurrentAccumulatedQ2Duration_NonConsolidatedMember_ResultMember	/disc/58700/081220241113521309_tse-snedjpsy-58700-20241114358700-ixbrl.htm
2024-11-14		当期第2四半期累計	単体	実績		期末発行済株式数(自己株式を含む)	NumberOfIssuedAndOutstandingSharesAtTheEndOfFiscalYearIncludingTreasuryStock	5332100	Shares	5,332,100	CurrentAccumulatedQ2Instant_NonConsolidatedMember_ResultMember	/disc/58700/081220241113521309_tse-snedjpsy-58700-20241114358700-ixbrl.htm
2024-11-14		前期	単体	実績		期末発行済株式数(自己株式を含む)	NumberOfIssuedAndOutstandingSharesAtTheEndOfFiscalYearIncludingTreasuryStock	5332100	Shares	5,332,100	PriorYearInstant_NonConsolidatedMember_ResultMember	/disc/58700/081220241113521309_tse-snedjpsy-58700-20241114358700-ixbrl.htm
2024-11-14		当期第2四半期累計	単体	実績		期中平均株式数	AverageNumberOfShares	5332100	Shares	5,332,100	CurrentAccumulatedQ2Duration_NonConsolidatedMember_ResultMember	/disc/58700/081220241113521309_tse-snedjpsy-58700-20241114358700-ixbrl.htm
2024-11-14		前期第2四半期累計	単体	実績		期中平均株式数	AverageNumberOfShares	5276100	Shares	5,276,100	PriorAccumulatedQ2Duration_NonConsolidatedMember_ResultMember	/disc/58700/081220241113521309_tse-snedjpsy-58700-20241114358700-ixbrl.htm
2024-11-14		当期				将来情報の利用に関する注意	NotesForUsingForecastedInformationAndOthers			本資料に記載されている業績見通し等の将来に関する記述は、当社が現在入手している情報及び合理的であると判断する一定の前提に基づいており、実際の業績等は様々な要因により大きく異なる可能性があります。業績予想の前提となる条件及び業績予想のご利用にあたっての注意事項等については、添付資料３ページ「１．経営成績等の概況（３）業績予想などの将来予測情報に関する説明」をご覧ください。	CurrentYearDuration	/disc/58700/081220241113521309_tse-snedjpsy-58700-20241114358700-ixbrl.htm
2024-11-14		当期第2四半期累計					TokyoStockExchangePrime			false	CurrentAccumulatedQ2Instant	/disc/58700/081220241113521309_tse-snedjpsy-58700-20241114358700-ixbrl.htm
2024-11-14		当期第2四半期累計					TokyoStockExchangeStandard			false	CurrentAccumulatedQ2Instant	/disc/58700/081220241113521309_tse-snedjpsy-58700-20241114358700-ixbrl.htm
2024-11-14		当期第2四半期累計					TokyoStockExchangeGrowth			true	CurrentAccumulatedQ2Instant	/disc/58700/081220241113521309_tse-snedjpsy-58700-20241114358700-ixbrl.htm
2024-11-14		当期第2四半期累計					TokyoStockExchangePROMarket			false	CurrentAccumulatedQ2Instant	/disc/58700/081220241113521309_tse-snedjpsy-58700-20241114358700-ixbrl.htm
2024-11-14		当期第2四半期累計					TokyoStockExchangeOthers			false	CurrentAccumulatedQ2Instant	/disc/58700/081220241113521309_tse-snedjpsy-58700-20241114358700-ixbrl.htm
2024-11-14		当期第2四半期累計					NagoyaStockExchange1stSection			false	CurrentAccumulatedQ2Instant	/disc/58700/081220241113521309_tse-snedjpsy-58700-20241114358700-ixbrl.htm
2024-11-14		当期第2四半期累計					NagoyaStockExchange2ndSection			false	CurrentAccumulatedQ2Instant	/disc/58700/081220241113521309_tse-snedjpsy-58700-20241114358700-ixbrl.htm
2024-11-14		当期第2四半期累計					NagoyaStockExchangeCentrex			false	CurrentAccumulatedQ2Instant	/disc/58700/081220241113521309_tse-snedjpsy-58700-20241114358700-ixbrl.htm
2024-11-14		当期第2四半期累計					NagoyaStockExchangeOthers			false	CurrentAccumulatedQ2Instant	/disc/58700/081220241113521309_tse-snedjpsy-58700-20241114358700-ixbrl.htm
2024-11-14		当期第2四半期累計					SapporoStockExchangeEstablished			false	CurrentAccumulatedQ2Instant	/disc/58700/081220241113521309_tse-snedjpsy-58700-20241114358700-ixbrl.htm
2024-11-14		当期第2四半期累計					SapporoStockExchangeAmbitious			false	CurrentAccumulatedQ2Instant	/disc/58700/081220241113521309_tse-snedjpsy-58700-20241114358700-ixbrl.htm
2024-11-14		当期第2四半期累計					SapporoStockExchangeOthers			false	CurrentAccumulatedQ2Instant	/disc/58700/081220241113521309_tse-snedjpsy-58700-20241114358700-ixbrl.htm
2024-11-14		当期第2四半期累計					FukuokaStockExchangeEstablished			false	CurrentAccumulatedQ2Instant	/disc/58700/081220241113521309_tse-snedjpsy-58700-20241114358700-ixbrl.htm
2024-11-14		当期第2四半期累計					FukuokaStockExchangeQBoard			false	CurrentAccumulatedQ2Instant	/disc/58700/081220241113521309_tse-snedjpsy-58700-20241114358700-ixbrl.htm
2024-11-14		当期第2四半期累計					FukuokaStockExchangeOthers			false	CurrentAccumulatedQ2Instant	/disc/58700/081220241113521309_tse-snedjpsy-58700-20241114358700-ixbrl.htm
2024-11-14		当期第2四半期累計					JapanSecuritiesDealersAssociationGreenSheet			false	CurrentAccumulatedQ2Instant	/disc/58700/081220241113521309_tse-snedjpsy-58700-20241114358700-ixbrl.htm
2024-11-14		当期					GeneralBusiness			true	CurrentYearInstant	/disc/58700/081220241113521309_tse-snedjpsy-58700-20241114358700-ixbrl.htm
2024-11-14		当期					SpecificBusiness			false	CurrentYearInstant	/disc/58700/081220241113521309_tse-snedjpsy-58700-20241114358700-ixbrl.htm
2024-11-14		当期				決算期末	FiscalYearEnd			2025-03-31	CurrentYearInstant	/disc/58700/081220241113521309_tse-snedjpsy-58700-20241114358700-ixbrl.htm
2024-11-14		当期第2四半期累計				四半期	QuarterlyPeriod	2	Pure	2	CurrentAccumulatedQ2Instant	/disc/58700/081220241113521309_tse-snedjpsy-58700-20241114358700-ixbrl.htm
2025-02-14		当期第3四半期累計				書類名	DocumentName			第３四半期決算短信〔日本基準〕(非連結)	CurrentAccumulatedQ3Instant	/disc/58700/081220250213574427_tse-qnedjpsm-58700-20250214358700-ixbrl.htm
2025-02-14		当期第3四半期累計				提出日	FilingDate			2025年２月14日	CurrentAccumulatedQ3Instant	/disc/58700/081220250213574427_tse-qnedjpsm-58700-20250214358700-ixbrl.htm
2025-02-14		当期第3四半期累計				会社名	CompanyName			株式会社ナルネットコミュニケーションズ	CurrentAccumulatedQ3Instant	/disc/58700/081220250213574427_tse-qnedjpsm-58700-20250214358700-ixbrl.htm
2025-02-14		当期第3四半期累計					TokyoStockExchange			東	CurrentAccumulatedQ3Instant	/disc/58700/081220250213574427_tse-qnedjpsm-58700-20250214358700-ixbrl.htm
2025-02-14		当期第3四半期累計				証券コード	SecuritiesCode			58700	CurrentAccumulatedQ3Instant	/disc/58700/081220250213574427_tse-qnedjpsm-58700-20250214358700-ixbrl.htm
2025-02-14		当期第3四半期累計				URL	URL			https://www.nal-mt.co.jp/	CurrentAccumulatedQ3Instant	/disc/58700/081220250213574427_tse-qnedjpsm-58700-20250214358700-ixbrl.htm
2025-02-14		当期第3四半期累計				代表者の役職	TitleRepresentative			代表取締役社長	CurrentAccumulatedQ3Instant	/disc/58700/081220250213574427_tse-qnedjpsm-58700-20250214358700-ixbrl.htm
2025-02-14		当期第3四半期累計				代表者名	NameRepresentative			鈴木 隆志	CurrentAccumulatedQ3Instant	/disc/58700/081220250213574427_tse-qnedjpsm-58700-20250214358700-ixbrl.htm
2025-02-14		当期第3四半期累計					TitleInquiries			常務取締役	CurrentAccumulatedQ3Instant	/disc/58700/081220250213574427_tse-qnedjpsm-58700-20250214358700-ixbrl.htm
2025-02-14		当期第3四半期累計					NameInquiries			東村 大介	CurrentAccumulatedQ3Instant	/disc/58700/081220250213574427_tse-qnedjpsm-58700-20250214358700-ixbrl.htm
2025-02-14		当期第3四半期累計					Tel			0568(20)9111	CurrentAccumulatedQ3Instant	/disc/58700/081220250213574427_tse-qnedjpsm-58700-20250214358700-ixbrl.htm
2025-02-14		当期第3四半期累計					SupplementalMaterialOfResults			有	CurrentAccumulatedQ3Instant	/disc/58700/081220250213574427_tse-qnedjpsm-58700-20250214358700-ixbrl.htm
2025-02-14		当期第3四半期累計					ConveningBriefingOfResults			無	CurrentAccumulatedQ3Instant	/disc/58700/081220250213574427_tse-qnedjpsm-58700-20250214358700-ixbrl.htm
2025-02-14		当期第3四半期累計					NoteToFractionProcessingMethod			(百万円未満切捨て)	CurrentAccumulatedQ3Instant	/disc/58700/081220250213574427_tse-qnedjpsm-58700-20250214358700-ixbrl.htm
2025-02-14		当期第3四半期累計	単体	実績		売上高	NetSales	6176000000	JPY	6,176	CurrentAccumulatedQ3Duration_NonConsolidatedMember_ResultMember	/disc/58700/081220250213574427_tse-qnedjpsm-58700-20250214358700-ixbrl.htm
2025-02-14		当期第3四半期累計	単体	実績		売上高の増減率	ChangeInNetSales	0.075	Pure	7.5	CurrentAccumulatedQ3Duration_NonConsolidatedMember_ResultMember	/disc/58700/081220250213574427_tse-qnedjpsm-58700-20250214358700-ixbrl.htm
2025-02-14		当期第3四半期累計	単体	実績		営業利益	OperatingIncome	152000000	JPY	152	CurrentAccumulatedQ3Duration_NonConsolidatedMember_ResultMember	/disc/58700/081220250213574427_tse-qnedjpsm-58700-20250214358700-ixbrl.htm
2025-02-14		当期第3四半期累計	単体	実績		営業利益の増減率	ChangeInOperatingIncome	-0.554	Pure	55.4	CurrentAccumulatedQ3Duration_NonConsolidatedMember_ResultMember	/disc/58700/081220250213574427_tse-qnedjpsm-58700-20250214358700-ixbrl.htm
2025-02-14		当期第3四半期累計	単体	実績		経常利益	OrdinaryIncome	144000000	JPY	144	CurrentAccumulatedQ3Duration_NonConsolidatedMember_ResultMember	/disc/58700/081220250213574427_tse-qnedjpsm-58700-20250214358700-ixbrl.htm
2025-02-14		当期第3四半期累計	単体	実績		経常利益の増減率	ChangeInOrdinaryIncome	-0.561	Pure	56.1	CurrentAccumulatedQ3Duration_NonConsolidatedMember_ResultMember	/disc/58700/081220250213574427_tse-qnedjpsm-58700-20250214358700-ixbrl.htm
2025-02-14		当期第3四半期累計	単体	実績		当期純利益	NetIncome	65000000	JPY	65	CurrentAccumulatedQ3Duration_NonConsolidatedMember_ResultMember	/disc/58700/081220250213574427_tse-qnedjpsm-58700-20250214358700-ixbrl.htm
2025-02-14		当期第3四半期累計	単体	実績		当期純利益の増減率	ChangeInNetIncome	-0.648	Pure	64.8	CurrentAccumulatedQ3Duration_NonConsolidatedMember_ResultMember	/disc/58700/081220250213574427_tse-qnedjpsm-58700-20250214358700-ixbrl.htm
2025-02-14		前期第3四半期累計	単体	実績		売上高	NetSales	5744000000	JPY	5,744	PriorAccumulatedQ3Duration_NonConsolidatedMember_ResultMember	/disc/58700/081220250213574427_tse-qnedjpsm-58700-20250214358700-ixbrl.htm
2025-02-14		前期第3四半期累計	単体	実績		営業利益	OperatingIncome	340000000	JPY	340	PriorAccumulatedQ3Duration_NonConsolidatedMember_ResultMember	/disc/58700/081220250213574427_tse-qnedjpsm-58700-20250214358700-ixbrl.htm
2025-02-14		前期第3四半期累計	単体	実績		経常利益	OrdinaryIncome	328000000	JPY	328	PriorAccumulatedQ3Duration_NonConsolidatedMember_ResultMember	/disc/58700/081220250213574427_tse-qnedjpsm-58700-20250214358700-ixbrl.htm
2025-02-14		前期第3四半期累計	単体	実績		当期純利益	NetIncome	184000000	JPY	184	PriorAccumulatedQ3Duration_NonConsolidatedMember_ResultMember	/disc/58700/081220250213574427_tse-qnedjpsm-58700-20250214358700-ixbrl.htm
2025-02-14		当期第3四半期累計	単体	実績		1株当たり当期純利益	NetIncomePerShare	12.21	JPYPerShares	12.21	CurrentAccumulatedQ3Duration_NonConsolidatedMember_ResultMember	/disc/58700/081220250213574427_tse-qnedjpsm-58700-20250214358700-ixbrl.htm
2025-02-14		前期第3四半期累計	単体	実績		1株当たり当期純利益	NetIncomePerShare	35.02	JPYPerShares	35.02	PriorAccumulatedQ3Duration_NonConsolidatedMember_ResultMember	/disc/58700/081220250213574427_tse-qnedjpsm-58700-20250214358700-ixbrl.htm
2025-02-14		当期第3四半期累計	単体	実績		経営成績の注記	NoteToOperatingResults			(注) １.当社は、2023年３月期第３四半期については四半期財務諸表を作成していないため、2024年３月期第３四半期の対前年同四半期増減率は記載しておりません。２.当社は、2023年８月27日付で普通株式１株につき100株の割合で株式分割を行っております。前事業年度の期首に当該株式分割が行われたと仮定して「１株当たり四半期純利益」を算定しております。 ３.「潜在株式調整後１株当たり四半期純利益」については、希薄化効果を有している潜在株式が存在しないため、記載しておりません。	CurrentAccumulatedQ3Duration_NonConsolidatedMember_ResultMember	/disc/58700/081220250213574427_tse-qnedjpsm-58700-20250214358700-ixbrl.htm
2025-02-14		当期第3四半期累計	単体	実績		総資産	TotalAssets	9635000000	JPY	9,635	CurrentAccumulatedQ3Instant_NonConsolidatedMember_ResultMember	/disc/58700/081220250213574427_tse-qnedjpsm-58700-20250214358700-ixbrl.htm
2025-02-14		当期第3四半期累計	単体	実績		純資産	NetAssets	3255000000	JPY	3,255	CurrentAccumulatedQ3Instant_NonConsolidatedMember_ResultMember	/disc/58700/081220250213574427_tse-qnedjpsm-58700-20250214358700-ixbrl.htm
2025-02-14		当期第3四半期累計	単体	実績		自己資本比率	CapitalAdequacyRatio	0.338	Pure	33.8	CurrentAccumulatedQ3Instant_NonConsolidatedMember_ResultMember	/disc/58700/081220250213574427_tse-qnedjpsm-58700-20250214358700-ixbrl.htm
2025-02-14		前期	単体	実績		総資産	TotalAssets	9573000000	JPY	9,573	PriorYearInstant_NonConsolidatedMember_ResultMember	/disc/58700/081220250213574427_tse-qnedjpsm-58700-20250214358700-ixbrl.htm
2025-02-14		前期	単体	実績		純資産	NetAssets	3271000000	JPY	3,271	PriorYearInstant_NonConsolidatedMember_ResultMember	/disc/58700/081220250213574427_tse-qnedjpsm-58700-20250214358700-ixbrl.htm
2025-02-14		前期	単体	実績		自己資本比率	CapitalAdequacyRatio	0.342	Pure	34.2	PriorYearInstant_NonConsolidatedMember_ResultMember	/disc/58700/081220250213574427_tse-qnedjpsm-58700-20250214358700-ixbrl.htm
2025-02-14		当期第3四半期累計	単体	実績		自己資本	OwnersEquity	3255000000	JPY	3,255	CurrentAccumulatedQ3Instant_NonConsolidatedMember_ResultMember	/disc/58700/081220250213574427_tse-qnedjpsm-58700-20250214358700-ixbrl.htm
2025-02-14		前期	単体	実績		自己資本	OwnersEquity	3271000000	JPY	3,271	PriorYearInstant_NonConsolidatedMember_ResultMember	/disc/58700/081220250213574427_tse-qnedjpsm-58700-20250214358700-ixbrl.htm
2025-02-14		前期	単体	実績	第2四半期末	1株当たり配当金	DividendPerShare	0.00	JPYPerShares	0.00	PriorYearDuration_SecondQuarterMember_NonConsolidatedMember_ResultMember	/disc/58700/081220250213574427_tse-qnedjpsm-58700-20250214358700-ixbrl.htm
2025-02-14		前期	単体	実績	期末	1株当たり配当金	DividendPerShare	15.00	JPYPerShares	15.00	PriorYearDuration_YearEndMember_NonConsolidatedMember_ResultMember	/disc/58700/081220250213574427_tse-qnedjpsm-58700-20250214358700-ixbrl.htm
2025-02-14		前期	単体	実績	合計	1株当たり配当金	DividendPerShare	15.00	JPYPerShares	15.00	PriorYearDuration_AnnualMember_NonConsolidatedMember_ResultMember	/disc/58700/081220250213574427_tse-qnedjpsm-58700-20250214358700-ixbrl.htm
2025-02-14		当期	単体	実績	第2四半期末	1株当たり配当金	DividendPerShare	0.00	JPYPerShares	0.00	CurrentYearDuration_SecondQuarterMember_NonConsolidatedMember_ResultMember	/disc/58700/081220250213574427_tse-qnedjpsm-58700-20250214358700-ixbrl.htm
2025-02-14		当期	単体	予想	期末	1株当たり配当金	DividendPerShare	15.00	JPYPerShares	15.00	CurrentYearDuration_YearEndMember_NonConsolidatedMember_ForecastMember	/disc/58700/081220250213574427_tse-qnedjpsm-58700-20250214358700-ixbrl.htm
2025-02-14		当期	単体	予想	合計	1株当たり配当金	DividendPerShare	15.00	JPYPerShares	15.00	CurrentYearDuration_AnnualMember_NonConsolidatedMember_ForecastMember	/disc/58700/081220250213574427_tse-qnedjpsm-58700-20250214358700-ixbrl.htm
2025-02-14		当期	単体	実績	合計	当四半期における配当予想の修正	CorrectionOfDividendForecastInThisQuarter			無	CurrentYearDuration_AnnualMember_NonConsolidatedMember_ResultMember	/disc/58700/081220250213574427_tse-qnedjpsm-58700-20250214358700-ixbrl.htm
2025-02-14		当期	単体	予想		業績予想の見出し	TitleForForecasts			３．2025年３月期の業績予想（2024年４月１日～2025年３月31日）	CurrentYearDuration_NonConsolidatedMember_ForecastMember	/disc/58700/081220250213574427_tse-qnedjpsm-58700-20250214358700-ixbrl.htm
2025-02-14		当期	単体	予想		売上高	NetSales	8354000000	JPY	8,354	CurrentYearDuration_NonConsolidatedMember_ForecastMember	/disc/58700/081220250213574427_tse-qnedjpsm-58700-20250214358700-ixbrl.htm
2025-02-14		当期	単体	予想		売上高の増減率	ChangeInNetSales	1.089	Pure	108.9	CurrentYearDuration_NonConsolidatedMember_ForecastMember	/disc/58700/081220250213574427_tse-qnedjpsm-58700-20250214358700-ixbrl.htm
2025-02-14		当期	単体	予想の下限		営業利益	OperatingIncome	359000000	JPY	359	CurrentYearDuration_NonConsolidatedMember_LowerMember	/disc/58700/081220250213574427_tse-qnedjpsm-58700-20250214358700-ixbrl.htm
2025-02-14		当期	単体	予想の上限		営業利益	OperatingIncome	408000000	JPY	408	CurrentYearDuration_NonConsolidatedMember_UpperMember	/disc/58700/081220250213574427_tse-qnedjpsm-58700-20250214358700-ixbrl.htm
2025-02-14		当期	単体	予想の下限		営業利益の増減率	ChangeInOperatingIncome	0.681	Pure	68.1	CurrentYearDuration_NonConsolidatedMember_LowerMember	/disc/58700/081220250213574427_tse-qnedjpsm-58700-20250214358700-ixbrl.htm
2025-02-14		当期	単体	予想の上限		営業利益の増減率	ChangeInOperatingIncome	0.774	Pure	77.4	CurrentYearDuration_NonConsolidatedMember_UpperMember	/disc/58700/081220250213574427_tse-qnedjpsm-58700-20250214358700-ixbrl.htm
2025-02-14		当期	単体	予想の下限		経常利益	OrdinaryIncome	348000000	JPY	348	CurrentYearDuration_NonConsolidatedMember_LowerMember	/disc/58700/081220250213574427_tse-qnedjpsm-58700-20250214358700-ixbrl.htm
2025-02-14		当期	単体	予想の上限		経常利益	OrdinaryIncome	397000000	JPY	397	CurrentYearDuration_NonConsolidatedMember_UpperMember	/disc/58700/081220250213574427_tse-qnedjpsm-58700-20250214358700-ixbrl.htm
2025-02-14		当期	単体	予想の下限		経常利益の増減率	ChangeInOrdinaryIncome	0.680	Pure	68.0	CurrentYearDuration_NonConsolidatedMember_LowerMember	/disc/58700/081220250213574427_tse-qnedjpsm-58700-20250214358700-ixbrl.htm
2025-02-14		当期	単体	予想の上限		経常利益の増減率	ChangeInOrdinaryIncome	0.776	Pure	77.6	CurrentYearDuration_NonConsolidatedMember_UpperMember	/disc/58700/081220250213574427_tse-qnedjpsm-58700-20250214358700-ixbrl.htm
2025-02-14		当期	単体	予想の下限		当期純利益	NetIncome	190000000	JPY	190	CurrentYearDuration_NonConsolidatedMember_LowerMember	/disc/58700/081220250213574427_tse-qnedjpsm-58700-20250214358700-ixbrl.htm
2025-02-14		当期	単体	予想の上限		当期純利益	NetIncome	222000000	JPY	222	CurrentYearDuration_NonConsolidatedMember_UpperMember	/disc/58700/081220250213574427_tse-qnedjpsm-58700-20250214358700-ixbrl.htm
2025-02-14		当期	単体	予想の下限		当期純利益の増減率	ChangeInNetIncome	0.623	Pure	62.3	CurrentYearDuration_NonConsolidatedMember_LowerMember	/disc/58700/081220250213574427_tse-qnedjpsm-58700-20250214358700-ixbrl.htm
2025-02-14		当期	単体	予想の上限		当期純利益の増減率	ChangeInNetIncome	0.728	Pure	72.8	CurrentYearDuration_NonConsolidatedMember_UpperMember	/disc/58700/081220250213574427_tse-qnedjpsm-58700-20250214358700-ixbrl.htm
2025-02-14		当期	単体	予想の下限		1株当たり当期純利益	NetIncomePerShare	35.63	JPYPerShares	35.63	CurrentYearDuration_NonConsolidatedMember_LowerMember	/disc/58700/081220250213574427_tse-qnedjpsm-58700-20250214358700-ixbrl.htm
2025-02-14		当期	単体	予想の上限		1株当たり当期純利益	NetIncomePerShare	41.63	JPYPerShares	41.63	CurrentYearDuration_NonConsolidatedMember_UpperMember	/disc/58700/081220250213574427_tse-qnedjpsm-58700-20250214358700-ixbrl.htm
2025-02-14		当期	単体	予想			CorrectionOfFinancialForecastInThisQuarter			有	CurrentYearDuration_NonConsolidatedMember_ForecastMember	/disc/58700/081220250213574427_tse-qnedjpsm-58700-20250214358700-ixbrl.htm
2025-02-14		当期第3四半期累計	単体	実績			ApplyingOfSpecificAccountingOfTheQuarterlyFinancialStatements			無	CurrentAccumulatedQ3Duration_NonConsolidatedMember_ResultMember	/disc/58700/081220250213574427_tse-qnedjpsm-58700-20250214358700-ixbrl.htm
2025-02-14		当期第3四半期累計	単体	実績		会計基準等の改正に伴う変更	ChangesBasedOnRevisionsOfAccountingStandard			無	CurrentAccumulatedQ3Duration_NonConsolidatedMember_ResultMember	/disc/58700/081220250213574427_tse-qnedjpsm-58700-20250214358700-ixbrl.htm
2025-02-14		当期第3四半期累計	単体	実績		それ以外の会計方針の変更	ChangesOtherThanOnesBasedOnRevisionsOfAccountingStandard			無	CurrentAccumulatedQ3Duration_NonConsolidatedMember_ResultMember	/disc/58700/081220250213574427_tse-qnedjpsm-58700-20250214358700-ixbrl.htm
2025-02-14		当期第3四半期累計	単体	実績		会計上の見積りの変更	ChangesInAccountingEstimates			無	CurrentAccumulatedQ3Duration_NonConsolidatedMember_ResultMember	/disc/58700/081220250213574427_tse-qnedjpsm-58700-20250214358700-ixbrl.htm
2025-02-14		当期第3四半期累計	単体	実績		修正再表示	RetrospectiveRestatement			無	CurrentAccumulatedQ3Duration_NonConsolidatedMember_ResultMember	/disc/58700/081220250213574427_tse-qnedjpsm-58700-20250214358700-ixbrl.htm
2025-02-14		当期第3四半期累計	単体	実績		期末発行済株式数(自己株式を含む)	NumberOfIssuedAndOutstandingSharesAtTheEndOfFiscalYearIncludingTreasuryStock	5332100	Shares	5,332,100	CurrentAccumulatedQ3Instant_NonConsolidatedMember_ResultMember	/disc/58700/081220250213574427_tse-qnedjpsm-58700-20250214358700-ixbrl.htm
2025-02-14		前期	単体	実績		期末発行済株式数(自己株式を含む)	NumberOfIssuedAndOutstandingSharesAtTheEndOfFiscalYearIncludingTreasuryStock	5332100	Shares	5,332,100	PriorYearInstant_NonConsolidatedMember_ResultMember	/disc/58700/081220250213574427_tse-qnedjpsm-58700-20250214358700-ixbrl.htm
2025-02-14		当期第3四半期累計	単体	実績		期中平均株式数	AverageNumberOfShares	5332100	Shares	5,332,100	CurrentAccumulatedQ3Duration_NonConsolidatedMember_ResultMember	/disc/58700/081220250213574427_tse-qnedjpsm-58700-20250214358700-ixbrl.htm
2025-02-14		前期第3四半期累計	単体	実績		期中平均株式数	AverageNumberOfShares	5278136	Shares	5,278,136	PriorAccumulatedQ3Duration_NonConsolidatedMember_ResultMember	/disc/58700/081220250213574427_tse-qnedjpsm-58700-20250214358700-ixbrl.htm
2025-02-14		当期第3四半期累計	単体	実績			NoteToNumberOfIssuedAndOutstandingSharesCommonStock			（注）当社は、2023年８月27日付で普通株式１株につき100株の割合で株式分割を行っております。前事業年度の期首に当該株式分割が行われたと仮定して、「期中平均株式数」を算定しております。&#160;	CurrentAccumulatedQ3Instant_NonConsolidatedMember_ResultMember	/disc/58700/081220250213574427_tse-qnedjpsm-58700-20250214358700-ixbrl.htm
2025-02-14		当期第3四半期累計					ReviewOfAttachedQuarterlyFinancialStatementsByACertifiedPublicAccountantOrAnAuditFirm			無	CurrentAccumulatedQ3Duration	/disc/58700/081220250213574427_tse-qnedjpsm-58700-20250214358700-ixbrl.htm
2025-02-14		当期				将来情報の利用に関する注意	NotesForUsingForecastedInformationAndOthers			本資料に記載されている業績見通し等の将来に関する記述は、当社が現在入手している情報及び合理的であると判断する一定の前提に基づいており、実際の業績等は様々な要因により大きく異なる可能性があります。業績予想の前提となる条件及び業績予想のご利用にあたっての注意事項等については、添付資料３ページ「１.経営成績等の概況（３）業績予想などの将来予測情報に関する説明」をご覧ください。	CurrentYearDuration	/disc/58700/081220250213574427_tse-qnedjpsm-58700-20250214358700-ixbrl.htm
2025-02-14		当期第3四半期累計					TokyoStockExchangePrime			false	CurrentAccumulatedQ3Instant	/disc/58700/081220250213574427_tse-qnedjpsm-58700-20250214358700-ixbrl.htm
2025-02-14		当期第3四半期累計					TokyoStockExchangeStandard			false	CurrentAccumulatedQ3Instant	/disc/58700/081220250213574427_tse-qnedjpsm-58700-20250214358700-ixbrl.htm
2025-02-14		当期第3四半期累計					TokyoStockExchangeGrowth			true	CurrentAccumulatedQ3Instant	/disc/58700/081220250213574427_tse-qnedjpsm-58700-20250214358700-ixbrl.htm
2025-02-14		当期第3四半期累計					TokyoStockExchangePROMarket			false	CurrentAccumulatedQ3Instant	/disc/58700/081220250213574427_tse-qnedjpsm-58700-20250214358700-ixbrl.htm
2025-02-14		当期第3四半期累計					TokyoStockExchangeOthers			false	CurrentAccumulatedQ3Instant	/disc/58700/081220250213574427_tse-qnedjpsm-58700-20250214358700-ixbrl.htm
2025-02-14		当期第3四半期累計					NagoyaStockExchange1stSection			false	CurrentAccumulatedQ3Instant	/disc/58700/081220250213574427_tse-qnedjpsm-58700-20250214358700-ixbrl.htm
2025-02-14		当期第3四半期累計					NagoyaStockExchange2ndSection			false	CurrentAccumulatedQ3Instant	/disc/58700/081220250213574427_tse-qnedjpsm-58700-20250214358700-ixbrl.htm
2025-02-14		当期第3四半期累計					NagoyaStockExchangeCentrex			false	CurrentAccumulatedQ3Instant	/disc/58700/081220250213574427_tse-qnedjpsm-58700-20250214358700-ixbrl.htm
2025-02-14		当期第3四半期累計					NagoyaStockExchangeOthers			false	CurrentAccumulatedQ3Instant	/disc/58700/081220250213574427_tse-qnedjpsm-58700-20250214358700-ixbrl.htm
2025-02-14		当期第3四半期累計					SapporoStockExchangeEstablished			false	CurrentAccumulatedQ3Instant	/disc/58700/081220250213574427_tse-qnedjpsm-58700-20250214358700-ixbrl.htm
2025-02-14		当期第3四半期累計					SapporoStockExchangeAmbitious			false	CurrentAccumulatedQ3Instant	/disc/58700/081220250213574427_tse-qnedjpsm-58700-20250214358700-ixbrl.htm
2025-02-14		当期第3四半期累計					SapporoStockExchangeOthers			false	CurrentAccumulatedQ3Instant	/disc/58700/081220250213574427_tse-qnedjpsm-58700-20250214358700-ixbrl.htm
2025-02-14		当期第3四半期累計					FukuokaStockExchangeEstablished			false	CurrentAccumulatedQ3Instant	/disc/58700/081220250213574427_tse-qnedjpsm-58700-20250214358700-ixbrl.htm
2025-02-14		当期第3四半期累計					FukuokaStockExchangeQBoard			false	CurrentAccumulatedQ3Instant	/disc/58700/081220250213574427_tse-qnedjpsm-58700-20250214358700-ixbrl.htm
2025-02-14		当期第3四半期累計					FukuokaStockExchangeOthers			false	CurrentAccumulatedQ3Instant	/disc/58700/081220250213574427_tse-qnedjpsm-58700-20250214358700-ixbrl.htm
2025-02-14		当期第3四半期累計					JapanSecuritiesDealersAssociationGreenSheet			false	CurrentAccumulatedQ3Instant	/disc/58700/081220250213574427_tse-qnedjpsm-58700-20250214358700-ixbrl.htm
2025-02-14		当期					GeneralBusiness			true	CurrentYearInstant	/disc/58700/081220250213574427_tse-qnedjpsm-58700-20250214358700-ixbrl.htm
2025-02-14		当期					SpecificBusiness			false	CurrentYearInstant	/disc/58700/081220250213574427_tse-qnedjpsm-58700-20250214358700-ixbrl.htm
2025-02-14		当期				決算期末	FiscalYearEnd			2025-03-31	CurrentYearInstant	/disc/58700/081220250213574427_tse-qnedjpsm-58700-20250214358700-ixbrl.htm
2025-02-14		当期第3四半期累計				四半期	QuarterlyPeriod	3	Pure	3	CurrentAccumulatedQ3Instant	/disc/58700/081220250213574427_tse-qnedjpsm-58700-20250214358700-ixbrl.htm
2025-05-15		当期				書類名	DocumentName			決算短信〔日本基準〕(非連結)	CurrentYearInstant	/disc/58700/081220250515554340_tse-anedjpsm-58700-20250515358700-ixbrl.htm
2025-05-15		当期				提出日	FilingDate			2025年５月15日	CurrentYearInstant	/disc/58700/081220250515554340_tse-anedjpsm-58700-20250515358700-ixbrl.htm
2025-05-15		当期				会社名	CompanyName			株式会社ナルネットコミュニケーションズ	CurrentYearInstant	/disc/58700/081220250515554340_tse-anedjpsm-58700-20250515358700-ixbrl.htm
2025-05-15		当期					TokyoStockExchange			東	CurrentYearInstant	/disc/58700/081220250515554340_tse-anedjpsm-58700-20250515358700-ixbrl.htm
2025-05-15		当期				証券コード	SecuritiesCode			58700	CurrentYearInstant	/disc/58700/081220250515554340_tse-anedjpsm-58700-20250515358700-ixbrl.htm
2025-05-15		当期				URL	URL			https://www.nal-mt.co.jp/	CurrentYearInstant	/disc/58700/081220250515554340_tse-anedjpsm-58700-20250515358700-ixbrl.htm
2025-05-15		当期				代表者の役職	TitleRepresentative			代表取締役社長	CurrentYearInstant	/disc/58700/081220250515554340_tse-anedjpsm-58700-20250515358700-ixbrl.htm
2025-05-15		当期				代表者名	NameRepresentative			鈴木 隆志	CurrentYearInstant	/disc/58700/081220250515554340_tse-anedjpsm-58700-20250515358700-ixbrl.htm
2025-05-15		当期					TitleInquiries			常務取締役	CurrentYearInstant	/disc/58700/081220250515554340_tse-anedjpsm-58700-20250515358700-ixbrl.htm
2025-05-15		当期					NameInquiries			東村 大介	CurrentYearInstant	/disc/58700/081220250515554340_tse-anedjpsm-58700-20250515358700-ixbrl.htm
2025-05-15		当期					Tel			0568-20-9111	CurrentYearInstant	/disc/58700/081220250515554340_tse-anedjpsm-58700-20250515358700-ixbrl.htm
2025-05-15		当期					DateOfGeneralShareholdersMeetingAsPlanned			2025年６月27日	CurrentYearInstant	/disc/58700/081220250515554340_tse-anedjpsm-58700-20250515358700-ixbrl.htm
2025-05-15		当期					DividendPayableDateAsPlanned			2025年６月13日	CurrentYearInstant	/disc/58700/081220250515554340_tse-anedjpsm-58700-20250515358700-ixbrl.htm
2025-05-15		当期					AnnualSecuritiesReportFilingDateAsPlanned			2025年６月27日	CurrentYearInstant	/disc/58700/081220250515554340_tse-anedjpsm-58700-20250515358700-ixbrl.htm
2025-05-15		当期					SupplementalMaterialOfAnnualResults			有	CurrentYearInstant	/disc/58700/081220250515554340_tse-anedjpsm-58700-20250515358700-ixbrl.htm
2025-05-15		当期					ConveningBriefingOfAnnualResults			有	CurrentYearInstant	/disc/58700/081220250515554340_tse-anedjpsm-58700-20250515358700-ixbrl.htm
2025-05-15		当期					TargetAudienceBriefingOfAnnualResults			アナリスト・機関投資家向け	CurrentYearInstant	/disc/58700/081220250515554340_tse-anedjpsm-58700-20250515358700-ixbrl.htm
2025-05-15		当期					NoteToFractionProcessingMethod			(百万円未満切捨て)	CurrentYearInstant	/disc/58700/081220250515554340_tse-anedjpsm-58700-20250515358700-ixbrl.htm
2025-05-15		当期	単体	実績		売上高	NetSales	8542000000	JPY	8,542	CurrentYearDuration_NonConsolidatedMember_ResultMember	/disc/58700/081220250515554340_tse-anedjpsm-58700-20250515358700-ixbrl.htm
2025-05-15		当期	単体	実績		売上高の増減率	ChangeInNetSales	0.113	Pure	11.3	CurrentYearDuration_NonConsolidatedMember_ResultMember	/disc/58700/081220250515554340_tse-anedjpsm-58700-20250515358700-ixbrl.htm
2025-05-15		当期	単体	実績		営業利益	OperatingIncome	442000000	JPY	442	CurrentYearDuration_NonConsolidatedMember_ResultMember	/disc/58700/081220250515554340_tse-anedjpsm-58700-20250515358700-ixbrl.htm
2025-05-15		当期	単体	実績		営業利益の増減率	ChangeInOperatingIncome	-0.161	Pure	16.1	CurrentYearDuration_NonConsolidatedMember_ResultMember	/disc/58700/081220250515554340_tse-anedjpsm-58700-20250515358700-ixbrl.htm
2025-05-15		当期	単体	実績		経常利益	OrdinaryIncome	430000000	JPY	430	CurrentYearDuration_NonConsolidatedMember_ResultMember	/disc/58700/081220250515554340_tse-anedjpsm-58700-20250515358700-ixbrl.htm
2025-05-15		当期	単体	実績		経常利益の増減率	ChangeInOrdinaryIncome	-0.158	Pure	15.8	CurrentYearDuration_NonConsolidatedMember_ResultMember	/disc/58700/081220250515554340_tse-anedjpsm-58700-20250515358700-ixbrl.htm
2025-05-15		当期	単体	実績		当期純利益	NetIncome	238000000	JPY	238	CurrentYearDuration_NonConsolidatedMember_ResultMember	/disc/58700/081220250515554340_tse-anedjpsm-58700-20250515358700-ixbrl.htm
2025-05-15		当期	単体	実績		当期純利益の増減率	ChangeInNetIncome	-0.219	Pure	21.9	CurrentYearDuration_NonConsolidatedMember_ResultMember	/disc/58700/081220250515554340_tse-anedjpsm-58700-20250515358700-ixbrl.htm
2025-05-15		前期	単体	実績		売上高	NetSales	7672000000	JPY	7,672	PriorYearDuration_NonConsolidatedMember_ResultMember	/disc/58700/081220250515554340_tse-anedjpsm-58700-20250515358700-ixbrl.htm
2025-05-15		前期	単体	実績		売上高の増減率	ChangeInNetSales	0.092	Pure	9.2	PriorYearDuration_NonConsolidatedMember_ResultMember	/disc/58700/081220250515554340_tse-anedjpsm-58700-20250515358700-ixbrl.htm
2025-05-15		前期	単体	実績		営業利益	OperatingIncome	526000000	JPY	526	PriorYearDuration_NonConsolidatedMember_ResultMember	/disc/58700/081220250515554340_tse-anedjpsm-58700-20250515358700-ixbrl.htm
2025-05-15		前期	単体	実績		営業利益の増減率	ChangeInOperatingIncome	0.023	Pure	2.3	PriorYearDuration_NonConsolidatedMember_ResultMember	/disc/58700/081220250515554340_tse-anedjpsm-58700-20250515358700-ixbrl.htm
2025-05-15		前期	単体	実績		経常利益	OrdinaryIncome	511000000	JPY	511	PriorYearDuration_NonConsolidatedMember_ResultMember	/disc/58700/081220250515554340_tse-anedjpsm-58700-20250515358700-ixbrl.htm
2025-05-15		前期	単体	実績		経常利益の増減率	ChangeInOrdinaryIncome	0.040	Pure	4.0	PriorYearDuration_NonConsolidatedMember_ResultMember	/disc/58700/081220250515554340_tse-anedjpsm-58700-20250515358700-ixbrl.htm
2025-05-15		前期	単体	実績		当期純利益	NetIncome	305000000	JPY	305	PriorYearDuration_NonConsolidatedMember_ResultMember	/disc/58700/081220250515554340_tse-anedjpsm-58700-20250515358700-ixbrl.htm
2025-05-15		前期	単体	実績		当期純利益の増減率	ChangeInNetIncome	-0.510	Pure	51.0	PriorYearDuration_NonConsolidatedMember_ResultMember	/disc/58700/081220250515554340_tse-anedjpsm-58700-20250515358700-ixbrl.htm
2025-05-15		当期	単体	実績		1株当たり当期純利益	NetIncomePerShare	44.70	JPYPerShares	44.70	CurrentYearDuration_NonConsolidatedMember_ResultMember	/disc/58700/081220250515554340_tse-anedjpsm-58700-20250515358700-ixbrl.htm
2025-05-15		当期	単体	実績		自己資本当期純利益率(ROE)	NetIncomeToShareholdersEquityRatio	0.071	Pure	7.1	CurrentYearDuration_NonConsolidatedMember_ResultMember	/disc/58700/081220250515554340_tse-anedjpsm-58700-20250515358700-ixbrl.htm
2025-05-15		当期	単体	実績		総資産経常利益率(ROA)	OrdinaryIncomeToTotalAssetsRatio	0.044	Pure	4.4	CurrentYearDuration_NonConsolidatedMember_ResultMember	/disc/58700/081220250515554340_tse-anedjpsm-58700-20250515358700-ixbrl.htm
2025-05-15		当期	単体	実績		売上高営業利益率	OperatingIncomeToNetSalesRatio	0.052	Pure	5.2	CurrentYearDuration_NonConsolidatedMember_ResultMember	/disc/58700/081220250515554340_tse-anedjpsm-58700-20250515358700-ixbrl.htm
2025-05-15		前期	単体	実績		1株当たり当期純利益	NetIncomePerShare	57.66	JPYPerShares	57.66	PriorYearDuration_NonConsolidatedMember_ResultMember	/disc/58700/081220250515554340_tse-anedjpsm-58700-20250515358700-ixbrl.htm
2025-05-15		前期	単体	実績		自己資本当期純利益率(ROE)	NetIncomeToShareholdersEquityRatio	0.099	Pure	9.9	PriorYearDuration_NonConsolidatedMember_ResultMember	/disc/58700/081220250515554340_tse-anedjpsm-58700-20250515358700-ixbrl.htm
2025-05-15		前期	単体	実績		総資産経常利益率(ROA)	OrdinaryIncomeToTotalAssetsRatio	0.053	Pure	5.3	PriorYearDuration_NonConsolidatedMember_ResultMember	/disc/58700/081220250515554340_tse-anedjpsm-58700-20250515358700-ixbrl.htm
2025-05-15		前期	単体	実績		売上高営業利益率	OperatingIncomeToNetSalesRatio	0.069	Pure	6.9	PriorYearDuration_NonConsolidatedMember_ResultMember	/disc/58700/081220250515554340_tse-anedjpsm-58700-20250515358700-ixbrl.htm
2025-05-15		当期	単体	実績		経営成績の注記	NoteToOperatingResults			(注) １．潜在株式調整後１株当たり当期純利益については、希薄化効果を有している潜在株式が存在しないため、記載しておりません。２．当社は、2023年８月27日付で、普通株式１株につき100株の割合で株式分割を行っております。前事業年度の期首に当該株式分割が行われたと仮定し、１株当たり当期純利益を算定しております。	CurrentYearDuration_NonConsolidatedMember_ResultMember	/disc/58700/081220250515554340_tse-anedjpsm-58700-20250515358700-ixbrl.htm
2025-05-15		当期	単体	実績		総資産	TotalAssets	9916000000	JPY	9,916	CurrentYearInstant_NonConsolidatedMember_ResultMember	/disc/58700/081220250515554340_tse-anedjpsm-58700-20250515358700-ixbrl.htm
2025-05-15		当期	単体	実績		純資産	NetAssets	3428000000	JPY	3,428	CurrentYearInstant_NonConsolidatedMember_ResultMember	/disc/58700/081220250515554340_tse-anedjpsm-58700-20250515358700-ixbrl.htm
2025-05-15		当期	単体	実績		自己資本比率	CapitalAdequacyRatio	0.346	Pure	34.6	CurrentYearInstant_NonConsolidatedMember_ResultMember	/disc/58700/081220250515554340_tse-anedjpsm-58700-20250515358700-ixbrl.htm
2025-05-15		当期	単体	実績		1株当たり純資産	NetAssetsPerShare	643.02	JPYPerShares	643.02	CurrentYearInstant_NonConsolidatedMember_ResultMember	/disc/58700/081220250515554340_tse-anedjpsm-58700-20250515358700-ixbrl.htm
2025-05-15		前期	単体	実績		総資産	TotalAssets	9573000000	JPY	9,573	PriorYearInstant_NonConsolidatedMember_ResultMember	/disc/58700/081220250515554340_tse-anedjpsm-58700-20250515358700-ixbrl.htm
2025-05-15		前期	単体	実績		純資産	NetAssets	3271000000	JPY	3,271	PriorYearInstant_NonConsolidatedMember_ResultMember	/disc/58700/081220250515554340_tse-anedjpsm-58700-20250515358700-ixbrl.htm
2025-05-15		前期	単体	実績		自己資本比率	CapitalAdequacyRatio	0.342	Pure	34.2	PriorYearInstant_NonConsolidatedMember_ResultMember	/disc/58700/081220250515554340_tse-anedjpsm-58700-20250515358700-ixbrl.htm
2025-05-15		前期	単体	実績		1株当たり純資産	NetAssetsPerShare	613.49	JPYPerShares	613.49	PriorYearInstant_NonConsolidatedMember_ResultMember	/disc/58700/081220250515554340_tse-anedjpsm-58700-20250515358700-ixbrl.htm
2025-05-15		当期	単体	実績		自己資本	OwnersEquity	3428000000	JPY	3,428	CurrentYearInstant_NonConsolidatedMember_ResultMember	/disc/58700/081220250515554340_tse-anedjpsm-58700-20250515358700-ixbrl.htm
2025-05-15		前期	単体	実績		自己資本	OwnersEquity	3271000000	JPY	3,271	PriorYearInstant_NonConsolidatedMember_ResultMember	/disc/58700/081220250515554340_tse-anedjpsm-58700-20250515358700-ixbrl.htm
2025-05-15		当期	単体	実績		営業キャッシュフロー	CashFlowsFromOperatingActivities	427000000	JPY	427	CurrentYearDuration_NonConsolidatedMember_ResultMember	/disc/58700/081220250515554340_tse-anedjpsm-58700-20250515358700-ixbrl.htm
2025-05-15		当期	単体	実績		投資キャッシュフロー	CashFlowsFromInvestingActivities	-91000000	JPY	91	CurrentYearDuration_NonConsolidatedMember_ResultMember	/disc/58700/081220250515554340_tse-anedjpsm-58700-20250515358700-ixbrl.htm
2025-05-15		当期	単体	実績		財務キャッシュフロー	CashFlowsFromFinancingActivities	-503000000	JPY	503	CurrentYearDuration_NonConsolidatedMember_ResultMember	/disc/58700/081220250515554340_tse-anedjpsm-58700-20250515358700-ixbrl.htm
2025-05-15		当期	単体	実績		現金及び現金同等物の期末残高	CashAndEquivalentsEndOfPeriod	829000000	JPY	829	CurrentYearInstant_NonConsolidatedMember_ResultMember	/disc/58700/081220250515554340_tse-anedjpsm-58700-20250515358700-ixbrl.htm
2025-05-15		前期	単体	実績		営業キャッシュフロー	CashFlowsFromOperatingActivities	827000000	JPY	827	PriorYearDuration_NonConsolidatedMember_ResultMember	/disc/58700/081220250515554340_tse-anedjpsm-58700-20250515358700-ixbrl.htm
2025-05-15		前期	単体	実績		投資キャッシュフロー	CashFlowsFromInvestingActivities	-138000000	JPY	138	PriorYearDuration_NonConsolidatedMember_ResultMember	/disc/58700/081220250515554340_tse-anedjpsm-58700-20250515358700-ixbrl.htm
2025-05-15		前期	単体	実績		財務キャッシュフロー	CashFlowsFromFinancingActivities	-264000000	JPY	264	PriorYearDuration_NonConsolidatedMember_ResultMember	/disc/58700/081220250515554340_tse-anedjpsm-58700-20250515358700-ixbrl.htm
2025-05-15		前期	単体	実績		現金及び現金同等物の期末残高	CashAndEquivalentsEndOfPeriod	996000000	JPY	996	PriorYearInstant_NonConsolidatedMember_ResultMember	/disc/58700/081220250515554340_tse-anedjpsm-58700-20250515358700-ixbrl.htm
2025-05-15		前期	単体	実績	第2四半期末	1株当たり配当金	DividendPerShare	0.00	JPYPerShares	0.00	PriorYearDuration_SecondQuarterMember_NonConsolidatedMember_ResultMember	/disc/58700/081220250515554340_tse-anedjpsm-58700-20250515358700-ixbrl.htm
2025-05-15		前期	単体	実績	期末	1株当たり配当金	DividendPerShare	15.00	JPYPerShares	15.00	PriorYearDuration_YearEndMember_NonConsolidatedMember_ResultMember	/disc/58700/081220250515554340_tse-anedjpsm-58700-20250515358700-ixbrl.htm
2025-05-15		前期	単体	実績	合計	1株当たり配当金	DividendPerShare	15.00	JPYPerShares	15.00	PriorYearDuration_AnnualMember_NonConsolidatedMember_ResultMember	/disc/58700/081220250515554340_tse-anedjpsm-58700-20250515358700-ixbrl.htm
2025-05-15		前期	単体	実績	合計	配当金総額	TotalDividendPaidAnnual	79000000	JPY	79	PriorYearDuration_AnnualMember_NonConsolidatedMember_ResultMember	/disc/58700/081220250515554340_tse-anedjpsm-58700-20250515358700-ixbrl.htm
2025-05-15		前期	単体	実績	合計	配当性向	PayoutRatio	0.260	Pure	26.0	PriorYearDuration_AnnualMember_NonConsolidatedMember_ResultMember	/disc/58700/081220250515554340_tse-anedjpsm-58700-20250515358700-ixbrl.htm
2025-05-15		前期	単体	実績	合計	純資産配当率	RatioOfTotalAmountOfDividendsToNetAssets	0.026	Pure	2.6	PriorYearDuration_AnnualMember_NonConsolidatedMember_ResultMember	/disc/58700/081220250515554340_tse-anedjpsm-58700-20250515358700-ixbrl.htm
2025-05-15		当期	単体	実績	第2四半期末	1株当たり配当金	DividendPerShare	0.00	JPYPerShares	0.00	CurrentYearDuration_SecondQuarterMember_NonConsolidatedMember_ResultMember	/disc/58700/081220250515554340_tse-anedjpsm-58700-20250515358700-ixbrl.htm
2025-05-15		当期	単体	実績	期末	1株当たり配当金	DividendPerShare	15.00	JPYPerShares	15.00	CurrentYearDuration_YearEndMember_NonConsolidatedMember_ResultMember	/disc/58700/081220250515554340_tse-anedjpsm-58700-20250515358700-ixbrl.htm
2025-05-15		当期	単体	実績	合計	1株当たり配当金	DividendPerShare	15.00	JPYPerShares	15.00	CurrentYearDuration_AnnualMember_NonConsolidatedMember_ResultMember	/disc/58700/081220250515554340_tse-anedjpsm-58700-20250515358700-ixbrl.htm
2025-05-15		当期	単体	実績	合計	配当金総額	TotalDividendPaidAnnual	79000000	JPY	79	CurrentYearDuration_AnnualMember_NonConsolidatedMember_ResultMember	/disc/58700/081220250515554340_tse-anedjpsm-58700-20250515358700-ixbrl.htm
2025-05-15		当期	単体	実績	合計	配当性向	PayoutRatio	0.336	Pure	33.6	CurrentYearDuration_AnnualMember_NonConsolidatedMember_ResultMember	/disc/58700/081220250515554340_tse-anedjpsm-58700-20250515358700-ixbrl.htm
2025-05-15		当期	単体	実績	合計	純資産配当率	RatioOfTotalAmountOfDividendsToNetAssets	0.024	Pure	2.4	CurrentYearDuration_AnnualMember_NonConsolidatedMember_ResultMember	/disc/58700/081220250515554340_tse-anedjpsm-58700-20250515358700-ixbrl.htm
2025-05-15		来期	単体	予想	第2四半期末	1株当たり配当金	DividendPerShare	0.00	JPYPerShares	0.00	NextYearDuration_SecondQuarterMember_NonConsolidatedMember_ForecastMember	/disc/58700/081220250515554340_tse-anedjpsm-58700-20250515358700-ixbrl.htm
2025-05-15		来期	単体	予想	期末	1株当たり配当金	DividendPerShare	15.00	JPYPerShares	15.00	NextYearDuration_YearEndMember_NonConsolidatedMember_ForecastMember	/disc/58700/081220250515554340_tse-anedjpsm-58700-20250515358700-ixbrl.htm
2025-05-15		来期	単体	予想	合計	1株当たり配当金	DividendPerShare	15.00	JPYPerShares	15.00	NextYearDuration_AnnualMember_NonConsolidatedMember_ForecastMember	/disc/58700/081220250515554340_tse-anedjpsm-58700-20250515358700-ixbrl.htm
2025-05-15		来期	単体	予想	合計	配当性向	PayoutRatio	0.195	Pure	19.5	NextYearDuration_AnnualMember_NonConsolidatedMember_ForecastMember	/disc/58700/081220250515554340_tse-anedjpsm-58700-20250515358700-ixbrl.htm
2025-05-15		来期	単体	予想		業績予想の見出し	TitleForForecasts			３．2026年３月期の業績予想（2025年４月１日～2026年３月31日）	NextYearDuration_NonConsolidatedMember_ForecastMember	/disc/58700/081220250515554340_tse-anedjpsm-58700-20250515358700-ixbrl.htm
2025-05-15			単体	予想		売上高	NetSales	4707000000	JPY	4,707	NextAccumulatedQ2Duration_NonConsolidatedMember_ForecastMember	/disc/58700/081220250515554340_tse-anedjpsm-58700-20250515358700-ixbrl.htm
2025-05-15			単体	予想		売上高の増減率	ChangeInNetSales	0.218	Pure	21.8	NextAccumulatedQ2Duration_NonConsolidatedMember_ForecastMember	/disc/58700/081220250515554340_tse-anedjpsm-58700-20250515358700-ixbrl.htm
2025-05-15			単体	予想		営業利益	OperatingIncome	267000000	JPY	267	NextAccumulatedQ2Duration_NonConsolidatedMember_ForecastMember	/disc/58700/081220250515554340_tse-anedjpsm-58700-20250515358700-ixbrl.htm
2025-05-15			単体	予想		営業利益の増減率	ChangeInOperatingIncome	0.681	Pure	68.1	NextAccumulatedQ2Duration_NonConsolidatedMember_ForecastMember	/disc/58700/081220250515554340_tse-anedjpsm-58700-20250515358700-ixbrl.htm
2025-05-15			単体	予想		経常利益	OrdinaryIncome	260000000	JPY	260	NextAccumulatedQ2Duration_NonConsolidatedMember_ForecastMember	/disc/58700/081220250515554340_tse-anedjpsm-58700-20250515358700-ixbrl.htm
2025-05-15			単体	予想		経常利益の増減率	ChangeInOrdinaryIncome	0.686	Pure	68.6	NextAccumulatedQ2Duration_NonConsolidatedMember_ForecastMember	/disc/58700/081220250515554340_tse-anedjpsm-58700-20250515358700-ixbrl.htm
2025-05-15			単体	予想		当期純利益	NetIncome	153000000	JPY	153	NextAccumulatedQ2Duration_NonConsolidatedMember_ForecastMember	/disc/58700/081220250515554340_tse-anedjpsm-58700-20250515358700-ixbrl.htm
2025-05-15			単体	予想		当期純利益の増減率	ChangeInNetIncome	0.869	Pure	86.9	NextAccumulatedQ2Duration_NonConsolidatedMember_ForecastMember	/disc/58700/081220250515554340_tse-anedjpsm-58700-20250515358700-ixbrl.htm
2025-05-15			単体	予想		1株当たり当期純利益	NetIncomePerShare	28.73	JPYPerShares	28.73	NextAccumulatedQ2Duration_NonConsolidatedMember_ForecastMember	/disc/58700/081220250515554340_tse-anedjpsm-58700-20250515358700-ixbrl.htm
2025-05-15		来期	単体	予想		売上高	NetSales	10410000000	JPY	10,410	NextYearDuration_NonConsolidatedMember_ForecastMember	/disc/58700/081220250515554340_tse-anedjpsm-58700-20250515358700-ixbrl.htm
2025-05-15		来期	単体	予想		売上高の増減率	ChangeInNetSales	0.219	Pure	21.9	NextYearDuration_NonConsolidatedMember_ForecastMember	/disc/58700/081220250515554340_tse-anedjpsm-58700-20250515358700-ixbrl.htm
2025-05-15		来期	単体	予想		営業利益	OperatingIncome	692000000	JPY	692	NextYearDuration_NonConsolidatedMember_ForecastMember	/disc/58700/081220250515554340_tse-anedjpsm-58700-20250515358700-ixbrl.htm
2025-05-15		来期	単体	予想		営業利益の増減率	ChangeInOperatingIncome	0.567	Pure	56.7	NextYearDuration_NonConsolidatedMember_ForecastMember	/disc/58700/081220250515554340_tse-anedjpsm-58700-20250515358700-ixbrl.htm
2025-05-15		来期	単体	予想		経常利益	OrdinaryIncome	678000000	JPY	678	NextYearDuration_NonConsolidatedMember_ForecastMember	/disc/58700/081220250515554340_tse-anedjpsm-58700-20250515358700-ixbrl.htm
2025-05-15		来期	単体	予想		経常利益の増減率	ChangeInOrdinaryIncome	0.576	Pure	57.6	NextYearDuration_NonConsolidatedMember_ForecastMember	/disc/58700/081220250515554340_tse-anedjpsm-58700-20250515358700-ixbrl.htm
2025-05-15		来期	単体	予想		当期純利益	NetIncome	410000000	JPY	410	NextYearDuration_NonConsolidatedMember_ForecastMember	/disc/58700/081220250515554340_tse-anedjpsm-58700-20250515358700-ixbrl.htm
2025-05-15		来期	単体	予想		当期純利益の増減率	ChangeInNetIncome	0.721	Pure	72.1	NextYearDuration_NonConsolidatedMember_ForecastMember	/disc/58700/081220250515554340_tse-anedjpsm-58700-20250515358700-ixbrl.htm
2025-05-15		来期	単体	予想		1株当たり当期純利益	NetIncomePerShare	76.90	JPYPerShares	76.90	NextYearDuration_NonConsolidatedMember_ForecastMember	/disc/58700/081220250515554340_tse-anedjpsm-58700-20250515358700-ixbrl.htm
2025-05-15		当期	単体	実績		会計基準等の改正に伴う変更	ChangesBasedOnRevisionsOfAccountingStandard			無	CurrentYearDuration_NonConsolidatedMember_ResultMember	/disc/58700/081220250515554340_tse-anedjpsm-58700-20250515358700-ixbrl.htm
2025-05-15		当期	単体	実績		それ以外の会計方針の変更	ChangesOtherThanOnesBasedOnRevisionsOfAccountingStandard			無	CurrentYearDuration_NonConsolidatedMember_ResultMember	/disc/58700/081220250515554340_tse-anedjpsm-58700-20250515358700-ixbrl.htm
2025-05-15		当期	単体	実績		会計上の見積りの変更	ChangesInAccountingEstimates			無	CurrentYearDuration_NonConsolidatedMember_ResultMember	/disc/58700/081220250515554340_tse-anedjpsm-58700-20250515358700-ixbrl.htm
2025-05-15		当期	単体	実績		修正再表示	RetrospectiveRestatement			無	CurrentYearDuration_NonConsolidatedMember_ResultMember	/disc/58700/081220250515554340_tse-anedjpsm-58700-20250515358700-ixbrl.htm
2025-05-15		当期	単体	実績		期末発行済株式数(自己株式を含む)	NumberOfIssuedAndOutstandingSharesAtTheEndOfFiscalYearIncludingTreasuryStock	5332100	Shares	5,332,100	CurrentYearInstant_NonConsolidatedMember_ResultMember	/disc/58700/081220250515554340_tse-anedjpsm-58700-20250515358700-ixbrl.htm
2025-05-15		前期	単体	実績		期末発行済株式数(自己株式を含む)	NumberOfIssuedAndOutstandingSharesAtTheEndOfFiscalYearIncludingTreasuryStock	5332100	Shares	5,332,100	PriorYearInstant_NonConsolidatedMember_ResultMember	/disc/58700/081220250515554340_tse-anedjpsm-58700-20250515358700-ixbrl.htm
2025-05-15		当期	単体	実績		期中平均株式数	AverageNumberOfShares	5332100	Shares	5,332,100	CurrentYearDuration_NonConsolidatedMember_ResultMember	/disc/58700/081220250515554340_tse-anedjpsm-58700-20250515358700-ixbrl.htm
2025-05-15		前期	単体	実績		期中平均株式数	AverageNumberOfShares	5291553	Shares	5,291,553	PriorYearDuration_NonConsolidatedMember_ResultMember	/disc/58700/081220250515554340_tse-anedjpsm-58700-20250515358700-ixbrl.htm
2025-05-15		当期	単体	実績			NoteToNumberOfIssuedAndOutstandingSharesCommonStock			(注) 当社は、2023年８月27日付で、普通株式１株につき100株の割合で株式分割を行っております。前事業年度の期首に株式分割が行われたと仮定し、「期末発行済株式数（自己株式を含む）」「期中平均株式数」を算定しております。	CurrentYearInstant_NonConsolidatedMember_ResultMember	/disc/58700/081220250515554340_tse-anedjpsm-58700-20250515358700-ixbrl.htm
2025-05-15		来期				将来情報の利用に関する注意	NotesForUsingForecastedInformationAndOthers			(業績見通し等の将来に関する記述等について)本資料に記載されている業績見通し等の将来に関する記述は、当社が現在入手している情報及び合理的であると判断する一定の前提に基づいており、その達成を当社として約束する趣旨のものではありません。また、実際の業績等は様々な要因により大きく異なる可能性があります。業績予想の前提となる条件及び業績予想のご利用にあたっての注意事項等については、[添付資料]３ページ「１．経営成績等の概況（４）今後の見通し」をご覧ください。(決算説明会、決算補足説明資料の入手方法について)当社は、2025年６月６日（金）にアナリスト及び機関投資家向け決算説明会を開催いたします。決算補足説明資料については、「事業計画及び成長可能性に関する事項」と併せて、当社ホームページで2025年５月21日(水)に開示予定です。	NextYearDuration	/disc/58700/081220250515554340_tse-anedjpsm-58700-20250515358700-ixbrl.htm
2025-05-15		当期					TokyoStockExchangePrime			false	CurrentYearInstant	/disc/58700/081220250515554340_tse-anedjpsm-58700-20250515358700-ixbrl.htm
2025-05-15		当期					TokyoStockExchangeStandard			false	CurrentYearInstant	/disc/58700/081220250515554340_tse-anedjpsm-58700-20250515358700-ixbrl.htm
2025-05-15		当期					TokyoStockExchangeGrowth			true	CurrentYearInstant	/disc/58700/081220250515554340_tse-anedjpsm-58700-20250515358700-ixbrl.htm
2025-05-15		当期					TokyoStockExchange1stSection			false	CurrentYearInstant	/disc/58700/081220250515554340_tse-anedjpsm-58700-20250515358700-ixbrl.htm
2025-05-15		当期					TokyoStockExchange2ndSection			false	CurrentYearInstant	/disc/58700/081220250515554340_tse-anedjpsm-58700-20250515358700-ixbrl.htm
2025-05-15		当期					TokyoStockExchangeMothers			false	CurrentYearInstant	/disc/58700/081220250515554340_tse-anedjpsm-58700-20250515358700-ixbrl.htm
2025-05-15		当期					TokyoStockExchangeJASDAQ			false	CurrentYearInstant	/disc/58700/081220250515554340_tse-anedjpsm-58700-20250515358700-ixbrl.htm
2025-05-15		当期					TokyoStockExchangePROMarket			false	CurrentYearInstant	/disc/58700/081220250515554340_tse-anedjpsm-58700-20250515358700-ixbrl.htm
2025-05-15		当期					TokyoStockExchangeOthers			false	CurrentYearInstant	/disc/58700/081220250515554340_tse-anedjpsm-58700-20250515358700-ixbrl.htm
2025-05-15		当期					NagoyaStockExchange1stSection			false	CurrentYearInstant	/disc/58700/081220250515554340_tse-anedjpsm-58700-20250515358700-ixbrl.htm
2025-05-15		当期					NagoyaStockExchange2ndSection			false	CurrentYearInstant	/disc/58700/081220250515554340_tse-anedjpsm-58700-20250515358700-ixbrl.htm
2025-05-15		当期					NagoyaStockExchangeCentrex			false	CurrentYearInstant	/disc/58700/081220250515554340_tse-anedjpsm-58700-20250515358700-ixbrl.htm
2025-05-15		当期					NagoyaStockExchangeOthers			false	CurrentYearInstant	/disc/58700/081220250515554340_tse-anedjpsm-58700-20250515358700-ixbrl.htm
2025-05-15		当期					SapporoStockExchangeEstablished			false	CurrentYearInstant	/disc/58700/081220250515554340_tse-anedjpsm-58700-20250515358700-ixbrl.htm
2025-05-15		当期					SapporoStockExchangeAmbitious			false	CurrentYearInstant	/disc/58700/081220250515554340_tse-anedjpsm-58700-20250515358700-ixbrl.htm
2025-05-15		当期					SapporoStockExchangeOthers			false	CurrentYearInstant	/disc/58700/081220250515554340_tse-anedjpsm-58700-20250515358700-ixbrl.htm
2025-05-15		当期					FukuokaStockExchangeEstablished			false	CurrentYearInstant	/disc/58700/081220250515554340_tse-anedjpsm-58700-20250515358700-ixbrl.htm
2025-05-15		当期					FukuokaStockExchangeQBoard			false	CurrentYearInstant	/disc/58700/081220250515554340_tse-anedjpsm-58700-20250515358700-ixbrl.htm
2025-05-15		当期					FukuokaStockExchangeOthers			false	CurrentYearInstant	/disc/58700/081220250515554340_tse-anedjpsm-58700-20250515358700-ixbrl.htm
2025-05-15		当期					JapanSecuritiesDealersAssociationGreenSheet			false	CurrentYearInstant	/disc/58700/081220250515554340_tse-anedjpsm-58700-20250515358700-ixbrl.htm
2025-05-15		当期					GeneralBusiness			true	CurrentYearInstant	/disc/58700/081220250515554340_tse-anedjpsm-58700-20250515358700-ixbrl.htm
2025-05-15		当期					SpecificBusiness			false	CurrentYearInstant	/disc/58700/081220250515554340_tse-anedjpsm-58700-20250515358700-ixbrl.htm
2025-05-15		当期				決算期末	FiscalYearEnd			2025-03-31	CurrentYearInstant	/disc/58700/081220250515554340_tse-anedjpsm-58700-20250515358700-ixbrl.htm
2025-08-12		当期第1四半期累計				書類名	DocumentName			第１四半期決算短信〔日本基準〕(非連結)	CurrentAccumulatedQ1Instant	/disc/58700/081220250812539564_tse-qnedjpsm-58700-20250812358700-ixbrl.htm
2025-08-12		当期第1四半期累計				提出日	FilingDate			2025年８月12日	CurrentAccumulatedQ1Instant	/disc/58700/081220250812539564_tse-qnedjpsm-58700-20250812358700-ixbrl.htm
2025-08-12		当期第1四半期累計				会社名	CompanyName			株式会社ナルネットコミュニケーションズ	CurrentAccumulatedQ1Instant	/disc/58700/081220250812539564_tse-qnedjpsm-58700-20250812358700-ixbrl.htm
2025-08-12		当期第1四半期累計					TokyoStockExchange			東	CurrentAccumulatedQ1Instant	/disc/58700/081220250812539564_tse-qnedjpsm-58700-20250812358700-ixbrl.htm
2025-08-12		当期第1四半期累計				証券コード	SecuritiesCode			58700	CurrentAccumulatedQ1Instant	/disc/58700/081220250812539564_tse-qnedjpsm-58700-20250812358700-ixbrl.htm
2025-08-12		当期第1四半期累計				URL	URL			https://www.nal-mt.co.jp/	CurrentAccumulatedQ1Instant	/disc/58700/081220250812539564_tse-qnedjpsm-58700-20250812358700-ixbrl.htm
2025-08-12		当期第1四半期累計				代表者の役職	TitleRepresentative			代表取締役社長	CurrentAccumulatedQ1Instant	/disc/58700/081220250812539564_tse-qnedjpsm-58700-20250812358700-ixbrl.htm
2025-08-12		当期第1四半期累計				代表者名	NameRepresentative			鈴木 隆志	CurrentAccumulatedQ1Instant	/disc/58700/081220250812539564_tse-qnedjpsm-58700-20250812358700-ixbrl.htm
2025-08-12		当期第1四半期累計					TitleInquiries			常務取締役	CurrentAccumulatedQ1Instant	/disc/58700/081220250812539564_tse-qnedjpsm-58700-20250812358700-ixbrl.htm
2025-08-12		当期第1四半期累計					NameInquiries			東村 大介	CurrentAccumulatedQ1Instant	/disc/58700/081220250812539564_tse-qnedjpsm-58700-20250812358700-ixbrl.htm
2025-08-12		当期第1四半期累計					Tel			0568(20)9111	CurrentAccumulatedQ1Instant	/disc/58700/081220250812539564_tse-qnedjpsm-58700-20250812358700-ixbrl.htm
2025-08-12		当期第1四半期累計					SupplementalMaterialOfResults			有	CurrentAccumulatedQ1Instant	/disc/58700/081220250812539564_tse-qnedjpsm-58700-20250812358700-ixbrl.htm
2025-08-12		当期第1四半期累計					ConveningBriefingOfResults			無	CurrentAccumulatedQ1Instant	/disc/58700/081220250812539564_tse-qnedjpsm-58700-20250812358700-ixbrl.htm
2025-08-12		当期第1四半期累計					NoteToFractionProcessingMethod			(百万円未満切捨て)	CurrentAccumulatedQ1Instant	/disc/58700/081220250812539564_tse-qnedjpsm-58700-20250812358700-ixbrl.htm
2025-08-12		当期第1四半期累計	単体	実績		売上高	NetSales	2287000000	JPY	2,287	CurrentAccumulatedQ1Duration_NonConsolidatedMember_ResultMember	/disc/58700/081220250812539564_tse-qnedjpsm-58700-20250812358700-ixbrl.htm
2025-08-12		当期第1四半期累計	単体	実績		売上高の増減率	ChangeInNetSales	0.204	Pure	20.4	CurrentAccumulatedQ1Duration_NonConsolidatedMember_ResultMember	/disc/58700/081220250812539564_tse-qnedjpsm-58700-20250812358700-ixbrl.htm
2025-08-12		当期第1四半期累計	単体	実績		営業利益	OperatingIncome	119000000	JPY	119	CurrentAccumulatedQ1Duration_NonConsolidatedMember_ResultMember	/disc/58700/081220250812539564_tse-qnedjpsm-58700-20250812358700-ixbrl.htm
2025-08-12		当期第1四半期累計	単体	実績		営業利益の増減率	ChangeInOperatingIncome	1.116	Pure	111.6	CurrentAccumulatedQ1Duration_NonConsolidatedMember_ResultMember	/disc/58700/081220250812539564_tse-qnedjpsm-58700-20250812358700-ixbrl.htm
2025-08-12		当期第1四半期累計	単体	実績		経常利益	OrdinaryIncome	115000000	JPY	115	CurrentAccumulatedQ1Duration_NonConsolidatedMember_ResultMember	/disc/58700/081220250812539564_tse-qnedjpsm-58700-20250812358700-ixbrl.htm
2025-08-12		当期第1四半期累計	単体	実績		経常利益の増減率	ChangeInOrdinaryIncome	1.147	Pure	114.7	CurrentAccumulatedQ1Duration_NonConsolidatedMember_ResultMember	/disc/58700/081220250812539564_tse-qnedjpsm-58700-20250812358700-ixbrl.htm
2025-08-12		当期第1四半期累計	単体	実績		当期純利益	NetIncome	67000000	JPY	67	CurrentAccumulatedQ1Duration_NonConsolidatedMember_ResultMember	/disc/58700/081220250812539564_tse-qnedjpsm-58700-20250812358700-ixbrl.htm
2025-08-12		当期第1四半期累計	単体	実績		当期純利益の増減率	ChangeInNetIncome	1.631	Pure	163.1	CurrentAccumulatedQ1Duration_NonConsolidatedMember_ResultMember	/disc/58700/081220250812539564_tse-qnedjpsm-58700-20250812358700-ixbrl.htm
2025-08-12		前期第1四半期累計	単体	実績		売上高	NetSales	1899000000	JPY	1,899	PriorAccumulatedQ1Duration_NonConsolidatedMember_ResultMember	/disc/58700/081220250812539564_tse-qnedjpsm-58700-20250812358700-ixbrl.htm
2025-08-12		前期第1四半期累計	単体	実績		営業利益	OperatingIncome	56000000	JPY	56	PriorAccumulatedQ1Duration_NonConsolidatedMember_ResultMember	/disc/58700/081220250812539564_tse-qnedjpsm-58700-20250812358700-ixbrl.htm
2025-08-12		前期第1四半期累計	単体	実績		経常利益	OrdinaryIncome	53000000	JPY	53	PriorAccumulatedQ1Duration_NonConsolidatedMember_ResultMember	/disc/58700/081220250812539564_tse-qnedjpsm-58700-20250812358700-ixbrl.htm
2025-08-12		前期第1四半期累計	単体	実績		当期純利益	NetIncome	25000000	JPY	25	PriorAccumulatedQ1Duration_NonConsolidatedMember_ResultMember	/disc/58700/081220250812539564_tse-qnedjpsm-58700-20250812358700-ixbrl.htm
2025-08-12		当期第1四半期累計	単体	実績		1株当たり当期純利益	NetIncomePerShare	12.68	JPYPerShares	12.68	CurrentAccumulatedQ1Duration_NonConsolidatedMember_ResultMember	/disc/58700/081220250812539564_tse-qnedjpsm-58700-20250812358700-ixbrl.htm
2025-08-12		前期第1四半期累計	単体	実績		1株当たり当期純利益	NetIncomePerShare	4.82	JPYPerShares	4.82	PriorAccumulatedQ1Duration_NonConsolidatedMember_ResultMember	/disc/58700/081220250812539564_tse-qnedjpsm-58700-20250812358700-ixbrl.htm
2025-08-12		当期第1四半期累計	単体	実績		経営成績の注記	NoteToOperatingResults			(注) １．2024年３月期第１四半期については、四半期財務諸表を作成していないため、2025年３月期第１四半期の対前年同四半期増減率については記載しておりません。２．潜在株式調整後１株当たり四半期純利益については、希薄化効果を有している潜在株式が存在しないため、記載しておりません。	CurrentAccumulatedQ1Duration_NonConsolidatedMember_ResultMember	/disc/58700/081220250812539564_tse-qnedjpsm-58700-20250812358700-ixbrl.htm
2025-08-12		当期第1四半期累計	単体	実績		総資産	TotalAssets	9550000000	JPY	9,550	CurrentAccumulatedQ1Instant_NonConsolidatedMember_ResultMember	/disc/58700/081220250812539564_tse-qnedjpsm-58700-20250812358700-ixbrl.htm
2025-08-12		当期第1四半期累計	単体	実績		純資産	NetAssets	3416000000	JPY	3,416	CurrentAccumulatedQ1Instant_NonConsolidatedMember_ResultMember	/disc/58700/081220250812539564_tse-qnedjpsm-58700-20250812358700-ixbrl.htm
2025-08-12		当期第1四半期累計	単体	実績		自己資本比率	CapitalAdequacyRatio	0.358	Pure	35.8	CurrentAccumulatedQ1Instant_NonConsolidatedMember_ResultMember	/disc/58700/081220250812539564_tse-qnedjpsm-58700-20250812358700-ixbrl.htm
2025-08-12		前期	単体	実績		総資産	TotalAssets	9916000000	JPY	9,916	PriorYearInstant_NonConsolidatedMember_ResultMember	/disc/58700/081220250812539564_tse-qnedjpsm-58700-20250812358700-ixbrl.htm
2025-08-12		前期	単体	実績		純資産	NetAssets	3428000000	JPY	3,428	PriorYearInstant_NonConsolidatedMember_ResultMember	/disc/58700/081220250812539564_tse-qnedjpsm-58700-20250812358700-ixbrl.htm
2025-08-12		前期	単体	実績		自己資本比率	CapitalAdequacyRatio	0.346	Pure	34.6	PriorYearInstant_NonConsolidatedMember_ResultMember	/disc/58700/081220250812539564_tse-qnedjpsm-58700-20250812358700-ixbrl.htm
2025-08-12		当期第1四半期累計	単体	実績		自己資本	OwnersEquity	3416000000	JPY	3,416	CurrentAccumulatedQ1Instant_NonConsolidatedMember_ResultMember	/disc/58700/081220250812539564_tse-qnedjpsm-58700-20250812358700-ixbrl.htm
2025-08-12		前期	単体	実績		自己資本	OwnersEquity	3428000000	JPY	3,428	PriorYearInstant_NonConsolidatedMember_ResultMember	/disc/58700/081220250812539564_tse-qnedjpsm-58700-20250812358700-ixbrl.htm
2025-08-12		前期	単体	実績	第2四半期末	1株当たり配当金	DividendPerShare	0.00	JPYPerShares	0.00	PriorYearDuration_SecondQuarterMember_NonConsolidatedMember_ResultMember	/disc/58700/081220250812539564_tse-qnedjpsm-58700-20250812358700-ixbrl.htm
2025-08-12		前期	単体	実績	期末	1株当たり配当金	DividendPerShare	15.00	JPYPerShares	15.00	PriorYearDuration_YearEndMember_NonConsolidatedMember_ResultMember	/disc/58700/081220250812539564_tse-qnedjpsm-58700-20250812358700-ixbrl.htm
2025-08-12		前期	単体	実績	合計	1株当たり配当金	DividendPerShare	15.00	JPYPerShares	15.00	PriorYearDuration_AnnualMember_NonConsolidatedMember_ResultMember	/disc/58700/081220250812539564_tse-qnedjpsm-58700-20250812358700-ixbrl.htm
2025-08-12		当期	単体	予想	第2四半期末	1株当たり配当金	DividendPerShare	0.00	JPYPerShares	0.00	CurrentYearDuration_SecondQuarterMember_NonConsolidatedMember_ForecastMember	/disc/58700/081220250812539564_tse-qnedjpsm-58700-20250812358700-ixbrl.htm
2025-08-12		当期	単体	予想	期末	1株当たり配当金	DividendPerShare	24.00	JPYPerShares	24.00	CurrentYearDuration_YearEndMember_NonConsolidatedMember_ForecastMember	/disc/58700/081220250812539564_tse-qnedjpsm-58700-20250812358700-ixbrl.htm
2025-08-12		当期	単体	予想	合計	1株当たり配当金	DividendPerShare	24.00	JPYPerShares	24.00	CurrentYearDuration_AnnualMember_NonConsolidatedMember_ForecastMember	/disc/58700/081220250812539564_tse-qnedjpsm-58700-20250812358700-ixbrl.htm
2025-08-12		当期	単体	実績	合計	当四半期における配当予想の修正	CorrectionOfDividendForecastInThisQuarter			有	CurrentYearDuration_AnnualMember_NonConsolidatedMember_ResultMember	/disc/58700/081220250812539564_tse-qnedjpsm-58700-20250812358700-ixbrl.htm
2025-08-12		当期第1四半期累計	単体	実績	合計	配当の注記	NoteToDividends			2026年３月期の配当予想の修正につきましては、本日（2025年８月12日）公表いたしました「配当予想の修正（増配）に関するお知らせ」をご参照ください。	CurrentAccumulatedQ1Duration_AnnualMember_NonConsolidatedMember_ResultMember	/disc/58700/081220250812539564_tse-qnedjpsm-58700-20250812358700-ixbrl.htm
2025-08-12		当期	単体	予想		業績予想の見出し	TitleForForecasts			３．2026年３月期の業績予想（2025年４月１日～2026年３月31日）	CurrentYearDuration_NonConsolidatedMember_ForecastMember	/disc/58700/081220250812539564_tse-qnedjpsm-58700-20250812358700-ixbrl.htm
2025-08-12		当期第2四半期累計	単体	予想		売上高	NetSales	4707000000	JPY	4,707	CurrentAccumulatedQ2Duration_NonConsolidatedMember_ForecastMember	/disc/58700/081220250812539564_tse-qnedjpsm-58700-20250812358700-ixbrl.htm
2025-08-12		当期第2四半期累計	単体	予想		売上高の増減率	ChangeInNetSales	0.218	Pure	21.8	CurrentAccumulatedQ2Duration_NonConsolidatedMember_ForecastMember	/disc/58700/081220250812539564_tse-qnedjpsm-58700-20250812358700-ixbrl.htm
2025-08-12		当期第2四半期累計	単体	予想		営業利益	OperatingIncome	267000000	JPY	267	CurrentAccumulatedQ2Duration_NonConsolidatedMember_ForecastMember	/disc/58700/081220250812539564_tse-qnedjpsm-58700-20250812358700-ixbrl.htm
2025-08-12		当期第2四半期累計	単体	予想		営業利益の増減率	ChangeInOperatingIncome	0.681	Pure	68.1	CurrentAccumulatedQ2Duration_NonConsolidatedMember_ForecastMember	/disc/58700/081220250812539564_tse-qnedjpsm-58700-20250812358700-ixbrl.htm
2025-08-12		当期第2四半期累計	単体	予想		経常利益	OrdinaryIncome	260000000	JPY	260	CurrentAccumulatedQ2Duration_NonConsolidatedMember_ForecastMember	/disc/58700/081220250812539564_tse-qnedjpsm-58700-20250812358700-ixbrl.htm
2025-08-12		当期第2四半期累計	単体	予想		経常利益の増減率	ChangeInOrdinaryIncome	0.686	Pure	68.6	CurrentAccumulatedQ2Duration_NonConsolidatedMember_ForecastMember	/disc/58700/081220250812539564_tse-qnedjpsm-58700-20250812358700-ixbrl.htm
2025-08-12		当期第2四半期累計	単体	予想		当期純利益	NetIncome	153000000	JPY	153	CurrentAccumulatedQ2Duration_NonConsolidatedMember_ForecastMember	/disc/58700/081220250812539564_tse-qnedjpsm-58700-20250812358700-ixbrl.htm
2025-08-12		当期第2四半期累計	単体	予想		当期純利益の増減率	ChangeInNetIncome	0.869	Pure	86.9	CurrentAccumulatedQ2Duration_NonConsolidatedMember_ForecastMember	/disc/58700/081220250812539564_tse-qnedjpsm-58700-20250812358700-ixbrl.htm
2025-08-12		当期第2四半期累計	単体	予想		1株当たり当期純利益	NetIncomePerShare	28.73	JPYPerShares	28.73	CurrentAccumulatedQ2Duration_NonConsolidatedMember_ForecastMember	/disc/58700/081220250812539564_tse-qnedjpsm-58700-20250812358700-ixbrl.htm
2025-08-12		当期	単体	予想		売上高	NetSales	10410000000	JPY	10,410	CurrentYearDuration_NonConsolidatedMember_ForecastMember	/disc/58700/081220250812539564_tse-qnedjpsm-58700-20250812358700-ixbrl.htm
2025-08-12		当期	単体	予想		売上高の増減率	ChangeInNetSales	0.219	Pure	21.9	CurrentYearDuration_NonConsolidatedMember_ForecastMember	/disc/58700/081220250812539564_tse-qnedjpsm-58700-20250812358700-ixbrl.htm
2025-08-12		当期	単体	予想		営業利益	OperatingIncome	692000000	JPY	692	CurrentYearDuration_NonConsolidatedMember_ForecastMember	/disc/58700/081220250812539564_tse-qnedjpsm-58700-20250812358700-ixbrl.htm
2025-08-12		当期	単体	予想		営業利益の増減率	ChangeInOperatingIncome	0.567	Pure	56.7	CurrentYearDuration_NonConsolidatedMember_ForecastMember	/disc/58700/081220250812539564_tse-qnedjpsm-58700-20250812358700-ixbrl.htm
2025-08-12		当期	単体	予想		経常利益	OrdinaryIncome	678000000	JPY	678	CurrentYearDuration_NonConsolidatedMember_ForecastMember	/disc/58700/081220250812539564_tse-qnedjpsm-58700-20250812358700-ixbrl.htm
2025-08-12		当期	単体	予想		経常利益の増減率	ChangeInOrdinaryIncome	0.576	Pure	57.6	CurrentYearDuration_NonConsolidatedMember_ForecastMember	/disc/58700/081220250812539564_tse-qnedjpsm-58700-20250812358700-ixbrl.htm
2025-08-12		当期	単体	予想		当期純利益	NetIncome	410000000	JPY	410	CurrentYearDuration_NonConsolidatedMember_ForecastMember	/disc/58700/081220250812539564_tse-qnedjpsm-58700-20250812358700-ixbrl.htm
2025-08-12		当期	単体	予想		当期純利益の増減率	ChangeInNetIncome	0.721	Pure	72.1	CurrentYearDuration_NonConsolidatedMember_ForecastMember	/disc/58700/081220250812539564_tse-qnedjpsm-58700-20250812358700-ixbrl.htm
2025-08-12		当期	単体	予想		1株当たり当期純利益	NetIncomePerShare	76.90	JPYPerShares	76.90	CurrentYearDuration_NonConsolidatedMember_ForecastMember	/disc/58700/081220250812539564_tse-qnedjpsm-58700-20250812358700-ixbrl.htm
2025-08-12		当期	単体	予想			CorrectionOfFinancialForecastInThisQuarter			無	CurrentYearDuration_NonConsolidatedMember_ForecastMember	/disc/58700/081220250812539564_tse-qnedjpsm-58700-20250812358700-ixbrl.htm
2025-08-12		当期第1四半期累計	単体	実績			ApplyingOfSpecificAccountingOfTheQuarterlyFinancialStatements			無	CurrentAccumulatedQ1Duration_NonConsolidatedMember_ResultMember	/disc/58700/081220250812539564_tse-qnedjpsm-58700-20250812358700-ixbrl.htm
2025-08-12		当期第1四半期累計	単体	実績		会計基準等の改正に伴う変更	ChangesBasedOnRevisionsOfAccountingStandard			無	CurrentAccumulatedQ1Duration_NonConsolidatedMember_ResultMember	/disc/58700/081220250812539564_tse-qnedjpsm-58700-20250812358700-ixbrl.htm
2025-08-12		当期第1四半期累計	単体	実績		それ以外の会計方針の変更	ChangesOtherThanOnesBasedOnRevisionsOfAccountingStandard			無	CurrentAccumulatedQ1Duration_NonConsolidatedMember_ResultMember	/disc/58700/081220250812539564_tse-qnedjpsm-58700-20250812358700-ixbrl.htm
2025-08-12		当期第1四半期累計	単体	実績		会計上の見積りの変更	ChangesInAccountingEstimates			無	CurrentAccumulatedQ1Duration_NonConsolidatedMember_ResultMember	/disc/58700/081220250812539564_tse-qnedjpsm-58700-20250812358700-ixbrl.htm
2025-08-12		当期第1四半期累計	単体	実績		修正再表示	RetrospectiveRestatement			無	CurrentAccumulatedQ1Duration_NonConsolidatedMember_ResultMember	/disc/58700/081220250812539564_tse-qnedjpsm-58700-20250812358700-ixbrl.htm
2025-08-12		当期第1四半期累計	単体	実績		期末発行済株式数(自己株式を含む)	NumberOfIssuedAndOutstandingSharesAtTheEndOfFiscalYearIncludingTreasuryStock	5332100	Shares	5,332,100	CurrentAccumulatedQ1Instant_NonConsolidatedMember_ResultMember	/disc/58700/081220250812539564_tse-qnedjpsm-58700-20250812358700-ixbrl.htm
2025-08-12		前期	単体	実績		期末発行済株式数(自己株式を含む)	NumberOfIssuedAndOutstandingSharesAtTheEndOfFiscalYearIncludingTreasuryStock	5332100	Shares	5,332,100	PriorYearInstant_NonConsolidatedMember_ResultMember	/disc/58700/081220250812539564_tse-qnedjpsm-58700-20250812358700-ixbrl.htm
2025-08-12		当期第1四半期累計	単体	実績		期中平均株式数	AverageNumberOfShares	5332100	Shares	5,332,100	CurrentAccumulatedQ1Duration_NonConsolidatedMember_ResultMember	/disc/58700/081220250812539564_tse-qnedjpsm-58700-20250812358700-ixbrl.htm
2025-08-12		前期第1四半期累計	単体	実績		期中平均株式数	AverageNumberOfShares	5332100	Shares	5,332,100	PriorAccumulatedQ1Duration_NonConsolidatedMember_ResultMember	/disc/58700/081220250812539564_tse-qnedjpsm-58700-20250812358700-ixbrl.htm
2025-08-12		当期第1四半期累計					ReviewOfAttachedQuarterlyFinancialStatementsByACertifiedPublicAccountantOrAnAuditFirm			無	CurrentAccumulatedQ1Duration	/disc/58700/081220250812539564_tse-qnedjpsm-58700-20250812358700-ixbrl.htm
2025-08-12		当期				将来情報の利用に関する注意	NotesForUsingForecastedInformationAndOthers			本資料に記載されている業績見通し等の将来に関する記述は、当社が現在入手している情報及び合理的であると判断する一定の前提に基づいており、実際の業績等は様々な要因により大きく異なる可能性があります。業績予想の前提となる条件及び業績予想のご利用にあたっての注意事項等については、添付資料２ページ「１．経営成績等の概況（３）業績予想などの将来予測情報に関する説明」をご覧ください。	CurrentYearDuration	/disc/58700/081220250812539564_tse-qnedjpsm-58700-20250812358700-ixbrl.htm
2025-08-12		当期第1四半期累計					TokyoStockExchangePrime			false	CurrentAccumulatedQ1Instant	/disc/58700/081220250812539564_tse-qnedjpsm-58700-20250812358700-ixbrl.htm
2025-08-12		当期第1四半期累計					TokyoStockExchangeStandard			false	CurrentAccumulatedQ1Instant	/disc/58700/081220250812539564_tse-qnedjpsm-58700-20250812358700-ixbrl.htm
2025-08-12		当期第1四半期累計					TokyoStockExchangeGrowth			true	CurrentAccumulatedQ1Instant	/disc/58700/081220250812539564_tse-qnedjpsm-58700-20250812358700-ixbrl.htm
2025-08-12		当期第1四半期累計					TokyoStockExchangePROMarket			false	CurrentAccumulatedQ1Instant	/disc/58700/081220250812539564_tse-qnedjpsm-58700-20250812358700-ixbrl.htm
2025-08-12		当期第1四半期累計					TokyoStockExchangeOthers			false	CurrentAccumulatedQ1Instant	/disc/58700/081220250812539564_tse-qnedjpsm-58700-20250812358700-ixbrl.htm
2025-08-12		当期第1四半期累計					NagoyaStockExchange1stSection			false	CurrentAccumulatedQ1Instant	/disc/58700/081220250812539564_tse-qnedjpsm-58700-20250812358700-ixbrl.htm
2025-08-12		当期第1四半期累計					NagoyaStockExchange2ndSection			false	CurrentAccumulatedQ1Instant	/disc/58700/081220250812539564_tse-qnedjpsm-58700-20250812358700-ixbrl.htm
2025-08-12		当期第1四半期累計					NagoyaStockExchangeCentrex			false	CurrentAccumulatedQ1Instant	/disc/58700/081220250812539564_tse-qnedjpsm-58700-20250812358700-ixbrl.htm
2025-08-12		当期第1四半期累計					NagoyaStockExchangeOthers			false	CurrentAccumulatedQ1Instant	/disc/58700/081220250812539564_tse-qnedjpsm-58700-20250812358700-ixbrl.htm
2025-08-12		当期第1四半期累計					SapporoStockExchangeEstablished			false	CurrentAccumulatedQ1Instant	/disc/58700/081220250812539564_tse-qnedjpsm-58700-20250812358700-ixbrl.htm
2025-08-12		当期第1四半期累計					SapporoStockExchangeAmbitious			false	CurrentAccumulatedQ1Instant	/disc/58700/081220250812539564_tse-qnedjpsm-58700-20250812358700-ixbrl.htm
2025-08-12		当期第1四半期累計					SapporoStockExchangeOthers			false	CurrentAccumulatedQ1Instant	/disc/58700/081220250812539564_tse-qnedjpsm-58700-20250812358700-ixbrl.htm
2025-08-12		当期第1四半期累計					FukuokaStockExchangeEstablished			false	CurrentAccumulatedQ1Instant	/disc/58700/081220250812539564_tse-qnedjpsm-58700-20250812358700-ixbrl.htm
2025-08-12		当期第1四半期累計					FukuokaStockExchangeQBoard			false	CurrentAccumulatedQ1Instant	/disc/58700/081220250812539564_tse-qnedjpsm-58700-20250812358700-ixbrl.htm
2025-08-12		当期第1四半期累計					FukuokaStockExchangeOthers			false	CurrentAccumulatedQ1Instant	/disc/58700/081220250812539564_tse-qnedjpsm-58700-20250812358700-ixbrl.htm
2025-08-12		当期第1四半期累計					JapanSecuritiesDealersAssociationGreenSheet			false	CurrentAccumulatedQ1Instant	/disc/58700/081220250812539564_tse-qnedjpsm-58700-20250812358700-ixbrl.htm
2025-08-12		当期					GeneralBusiness			true	CurrentYearInstant	/disc/58700/081220250812539564_tse-qnedjpsm-58700-20250812358700-ixbrl.htm
2025-08-12		当期					SpecificBusiness			false	CurrentYearInstant	/disc/58700/081220250812539564_tse-qnedjpsm-58700-20250812358700-ixbrl.htm
2025-08-12		当期				決算期末	FiscalYearEnd			2026-03-31	CurrentYearInstant	/disc/58700/081220250812539564_tse-qnedjpsm-58700-20250812358700-ixbrl.htm
2025-08-12		当期第1四半期累計				四半期	QuarterlyPeriod	1	Pure	1	CurrentAccumulatedQ1Instant	/disc/58700/081220250812539564_tse-qnedjpsm-58700-20250812358700-ixbrl.htm
2025-11-14		当期第2四半期累計				書類名	DocumentName			第２四半期（中間期）決算短信〔日本基準〕(非連結)	CurrentAccumulatedQ2Instant	/disc/58700/081220251114503611_tse-snedjpsy-58700-20251114358700-ixbrl.htm
2025-11-14		当期第2四半期累計				提出日	FilingDate			2025年11月14日	CurrentAccumulatedQ2Instant	/disc/58700/081220251114503611_tse-snedjpsy-58700-20251114358700-ixbrl.htm
2025-11-14		当期第2四半期累計				会社名	CompanyName			株式会社ナルネットコミュニケーションズ	CurrentAccumulatedQ2Instant	/disc/58700/081220251114503611_tse-snedjpsy-58700-20251114358700-ixbrl.htm
2025-11-14		当期第2四半期累計					TokyoStockExchange			東	CurrentAccumulatedQ2Instant	/disc/58700/081220251114503611_tse-snedjpsy-58700-20251114358700-ixbrl.htm
2025-11-14		当期第2四半期累計				証券コード	SecuritiesCode			58700	CurrentAccumulatedQ2Instant	/disc/58700/081220251114503611_tse-snedjpsy-58700-20251114358700-ixbrl.htm
2025-11-14		当期第2四半期累計				URL	URL			https://www.nal-mt.co.jp/	CurrentAccumulatedQ2Instant	/disc/58700/081220251114503611_tse-snedjpsy-58700-20251114358700-ixbrl.htm
2025-11-14		当期第2四半期累計				代表者の役職	TitleRepresentative			代表取締役社長	CurrentAccumulatedQ2Instant	/disc/58700/081220251114503611_tse-snedjpsy-58700-20251114358700-ixbrl.htm
2025-11-14		当期第2四半期累計				代表者名	NameRepresentative			鈴木 隆志	CurrentAccumulatedQ2Instant	/disc/58700/081220251114503611_tse-snedjpsy-58700-20251114358700-ixbrl.htm
2025-11-14		当期第2四半期累計					TitleInquiries			常務取締役	CurrentAccumulatedQ2Instant	/disc/58700/081220251114503611_tse-snedjpsy-58700-20251114358700-ixbrl.htm
2025-11-14		当期第2四半期累計					NameInquiries			東村 大介	CurrentAccumulatedQ2Instant	/disc/58700/081220251114503611_tse-snedjpsy-58700-20251114358700-ixbrl.htm
2025-11-14		当期第2四半期累計					Tel			0568(20)9111	CurrentAccumulatedQ2Instant	/disc/58700/081220251114503611_tse-snedjpsy-58700-20251114358700-ixbrl.htm
2025-11-14		当期第2四半期累計					SemiAnnualStatementFilingDateAsPlanned			2025年11月14日	CurrentAccumulatedQ2Instant	/disc/58700/081220251114503611_tse-snedjpsy-58700-20251114358700-ixbrl.htm
2025-11-14		当期第2四半期累計					SupplementalMaterialOfResults			有	CurrentAccumulatedQ2Instant	/disc/58700/081220251114503611_tse-snedjpsy-58700-20251114358700-ixbrl.htm
2025-11-14		当期第2四半期累計					ConveningBriefingOfResults			有	CurrentAccumulatedQ2Instant	/disc/58700/081220251114503611_tse-snedjpsy-58700-20251114358700-ixbrl.htm
2025-11-14		当期第2四半期累計					TargetForBriefingOfResults			(機関投資家・アナリスト向け)	CurrentAccumulatedQ2Instant	/disc/58700/081220251114503611_tse-snedjpsy-58700-20251114358700-ixbrl.htm
2025-11-14		当期第2四半期累計					NoteToFractionProcessingMethod			(百万円未満切捨て)	CurrentAccumulatedQ2Instant	/disc/58700/081220251114503611_tse-snedjpsy-58700-20251114358700-ixbrl.htm
2025-11-14		当期第2四半期累計	単体	実績		売上高	NetSales	4623000000	JPY	4,623	CurrentAccumulatedQ2Duration_NonConsolidatedMember_ResultMember	/disc/58700/081220251114503611_tse-snedjpsy-58700-20251114358700-ixbrl.htm
2025-11-14		当期第2四半期累計	単体	実績		売上高の増減率	ChangeInNetSales	0.196	Pure	19.6	CurrentAccumulatedQ2Duration_NonConsolidatedMember_ResultMember	/disc/58700/081220251114503611_tse-snedjpsy-58700-20251114358700-ixbrl.htm
2025-11-14		当期第2四半期累計	単体	実績		営業利益	OperatingIncome	391000000	JPY	391	CurrentAccumulatedQ2Duration_NonConsolidatedMember_ResultMember	/disc/58700/081220251114503611_tse-snedjpsy-58700-20251114358700-ixbrl.htm
2025-11-14		当期第2四半期累計	単体	実績		営業利益の増減率	ChangeInOperatingIncome	1.460	Pure	146.0	CurrentAccumulatedQ2Duration_NonConsolidatedMember_ResultMember	/disc/58700/081220251114503611_tse-snedjpsy-58700-20251114358700-ixbrl.htm
2025-11-14		当期第2四半期累計	単体	実績		経常利益	OrdinaryIncome	384000000	JPY	384	CurrentAccumulatedQ2Duration_NonConsolidatedMember_ResultMember	/disc/58700/081220251114503611_tse-snedjpsy-58700-20251114358700-ixbrl.htm
2025-11-14		当期第2四半期累計	単体	実績		経常利益の増減率	ChangeInOrdinaryIncome	1.489	Pure	148.9	CurrentAccumulatedQ2Duration_NonConsolidatedMember_ResultMember	/disc/58700/081220251114503611_tse-snedjpsy-58700-20251114358700-ixbrl.htm
2025-11-14		当期第2四半期累計	単体	実績		当期純利益	NetIncome	235000000	JPY	235	CurrentAccumulatedQ2Duration_NonConsolidatedMember_ResultMember	/disc/58700/081220251114503611_tse-snedjpsy-58700-20251114358700-ixbrl.htm
2025-11-14		当期第2四半期累計	単体	実績		当期純利益の増減率	ChangeInNetIncome	1.870	Pure	187.0	CurrentAccumulatedQ2Duration_NonConsolidatedMember_ResultMember	/disc/58700/081220251114503611_tse-snedjpsy-58700-20251114358700-ixbrl.htm
2025-11-14		前期第2四半期累計	単体	実績		売上高	NetSales	3865000000	JPY	3,865	PriorAccumulatedQ2Duration_NonConsolidatedMember_ResultMember	/disc/58700/081220251114503611_tse-snedjpsy-58700-20251114358700-ixbrl.htm
2025-11-14		前期第2四半期累計	単体	実績		売上高の増減率	ChangeInNetSales	0.051	Pure	5.1	PriorAccumulatedQ2Duration_NonConsolidatedMember_ResultMember	/disc/58700/081220251114503611_tse-snedjpsy-58700-20251114358700-ixbrl.htm
2025-11-14		前期第2四半期累計	単体	実績		営業利益	OperatingIncome	159000000	JPY	159	PriorAccumulatedQ2Duration_NonConsolidatedMember_ResultMember	/disc/58700/081220251114503611_tse-snedjpsy-58700-20251114358700-ixbrl.htm
2025-11-14		前期第2四半期累計	単体	実績		営業利益の増減率	ChangeInOperatingIncome	-0.520	Pure	52.0	PriorAccumulatedQ2Duration_NonConsolidatedMember_ResultMember	/disc/58700/081220251114503611_tse-snedjpsy-58700-20251114358700-ixbrl.htm
2025-11-14		前期第2四半期累計	単体	実績		経常利益	OrdinaryIncome	154000000	JPY	154	PriorAccumulatedQ2Duration_NonConsolidatedMember_ResultMember	/disc/58700/081220251114503611_tse-snedjpsy-58700-20251114358700-ixbrl.htm
2025-11-14		前期第2四半期累計	単体	実績		経常利益の増減率	ChangeInOrdinaryIncome	-0.526	Pure	52.6	PriorAccumulatedQ2Duration_NonConsolidatedMember_ResultMember	/disc/58700/081220251114503611_tse-snedjpsy-58700-20251114358700-ixbrl.htm
2025-11-14		前期第2四半期累計	単体	実績		当期純利益	NetIncome	81000000	JPY	81	PriorAccumulatedQ2Duration_NonConsolidatedMember_ResultMember	/disc/58700/081220251114503611_tse-snedjpsy-58700-20251114358700-ixbrl.htm
2025-11-14		前期第2四半期累計	単体	実績		当期純利益の増減率	ChangeInNetIncome	-0.577	Pure	57.7	PriorAccumulatedQ2Duration_NonConsolidatedMember_ResultMember	/disc/58700/081220251114503611_tse-snedjpsy-58700-20251114358700-ixbrl.htm
2025-11-14		当期第2四半期累計	単体	実績		1株当たり当期純利益	NetIncomePerShare	44.11	JPYPerShares	44.11	CurrentAccumulatedQ2Duration_NonConsolidatedMember_ResultMember	/disc/58700/081220251114503611_tse-snedjpsy-58700-20251114358700-ixbrl.htm
2025-11-14		前期第2四半期累計	単体	実績		1株当たり当期純利益	NetIncomePerShare	15.37	JPYPerShares	15.37	PriorAccumulatedQ2Duration_NonConsolidatedMember_ResultMember	/disc/58700/081220251114503611_tse-snedjpsy-58700-20251114358700-ixbrl.htm
2025-11-14		当期第2四半期累計	単体	実績		経営成績の注記	NoteToOperatingResults			(注) 潜在株式調整後１株当たり中間純利益については、希薄化効果を有している潜在株式が存在しないため、記載しておりません。	CurrentAccumulatedQ2Duration_NonConsolidatedMember_ResultMember	/disc/58700/081220251114503611_tse-snedjpsy-58700-20251114358700-ixbrl.htm
2025-11-14		当期第2四半期累計	単体	実績		総資産	TotalAssets	9837000000	JPY	9,837	CurrentAccumulatedQ2Instant_NonConsolidatedMember_ResultMember	/disc/58700/081220251114503611_tse-snedjpsy-58700-20251114358700-ixbrl.htm
2025-11-14		当期第2四半期累計	単体	実績		純資産	NetAssets	3585000000	JPY	3,585	CurrentAccumulatedQ2Instant_NonConsolidatedMember_ResultMember	/disc/58700/081220251114503611_tse-snedjpsy-58700-20251114358700-ixbrl.htm
2025-11-14		当期第2四半期累計	単体	実績		自己資本比率	CapitalAdequacyRatio	0.364	Pure	36.4	CurrentAccumulatedQ2Instant_NonConsolidatedMember_ResultMember	/disc/58700/081220251114503611_tse-snedjpsy-58700-20251114358700-ixbrl.htm
2025-11-14		前期	単体	実績		総資産	TotalAssets	9916000000	JPY	9,916	PriorYearInstant_NonConsolidatedMember_ResultMember	/disc/58700/081220251114503611_tse-snedjpsy-58700-20251114358700-ixbrl.htm
2025-11-14		前期	単体	実績		純資産	NetAssets	3428000000	JPY	3,428	PriorYearInstant_NonConsolidatedMember_ResultMember	/disc/58700/081220251114503611_tse-snedjpsy-58700-20251114358700-ixbrl.htm
2025-11-14		前期	単体	実績		自己資本比率	CapitalAdequacyRatio	0.346	Pure	34.6	PriorYearInstant_NonConsolidatedMember_ResultMember	/disc/58700/081220251114503611_tse-snedjpsy-58700-20251114358700-ixbrl.htm
2025-11-14		当期第2四半期累計	単体	実績		自己資本	OwnersEquity	3585000000	JPY	3,585	CurrentAccumulatedQ2Instant_NonConsolidatedMember_ResultMember	/disc/58700/081220251114503611_tse-snedjpsy-58700-20251114358700-ixbrl.htm
2025-11-14		前期	単体	実績		自己資本	OwnersEquity	3428000000	JPY	3,428	PriorYearInstant_NonConsolidatedMember_ResultMember	/disc/58700/081220251114503611_tse-snedjpsy-58700-20251114358700-ixbrl.htm
2025-11-14		前期	単体	実績	第2四半期末	1株当たり配当金	DividendPerShare	0.00	JPYPerShares	0.00	PriorYearDuration_SecondQuarterMember_NonConsolidatedMember_ResultMember	/disc/58700/081220251114503611_tse-snedjpsy-58700-20251114358700-ixbrl.htm
2025-11-14		前期	単体	実績	期末	1株当たり配当金	DividendPerShare	15.00	JPYPerShares	15.00	PriorYearDuration_YearEndMember_NonConsolidatedMember_ResultMember	/disc/58700/081220251114503611_tse-snedjpsy-58700-20251114358700-ixbrl.htm
2025-11-14		前期	単体	実績	合計	1株当たり配当金	DividendPerShare	15.00	JPYPerShares	15.00	PriorYearDuration_AnnualMember_NonConsolidatedMember_ResultMember	/disc/58700/081220251114503611_tse-snedjpsy-58700-20251114358700-ixbrl.htm
2025-11-14		当期	単体	実績	第2四半期末	1株当たり配当金	DividendPerShare	0.00	JPYPerShares	0.00	CurrentYearDuration_SecondQuarterMember_NonConsolidatedMember_ResultMember	/disc/58700/081220251114503611_tse-snedjpsy-58700-20251114358700-ixbrl.htm
2025-11-14		当期	単体	予想	期末	1株当たり配当金	DividendPerShare	24.00	JPYPerShares	24.00	CurrentYearDuration_YearEndMember_NonConsolidatedMember_ForecastMember	/disc/58700/081220251114503611_tse-snedjpsy-58700-20251114358700-ixbrl.htm
2025-11-14		当期	単体	予想	合計	1株当たり配当金	DividendPerShare	24.00	JPYPerShares	24.00	CurrentYearDuration_AnnualMember_NonConsolidatedMember_ForecastMember	/disc/58700/081220251114503611_tse-snedjpsy-58700-20251114358700-ixbrl.htm
2025-11-14		当期	単体	実績	合計	当四半期における配当予想の修正	CorrectionOfDividendForecastInThisQuarter			無	CurrentYearDuration_AnnualMember_NonConsolidatedMember_ResultMember	/disc/58700/081220251114503611_tse-snedjpsy-58700-20251114358700-ixbrl.htm
2025-11-14		当期	単体	予想		業績予想の見出し	TitleForForecasts			３．2026年３月期の業績予想（2025年４月１日～2026年３月31日）	CurrentYearDuration_NonConsolidatedMember_ForecastMember	/disc/58700/081220251114503611_tse-snedjpsy-58700-20251114358700-ixbrl.htm
2025-11-14		当期	単体	予想		売上高	NetSales	9762000000	JPY	9,762	CurrentYearDuration_NonConsolidatedMember_ForecastMember	/disc/58700/081220251114503611_tse-snedjpsy-58700-20251114358700-ixbrl.htm
2025-11-14		当期	単体	予想		売上高の増減率	ChangeInNetSales	0.143	Pure	14.3	CurrentYearDuration_NonConsolidatedMember_ForecastMember	/disc/58700/081220251114503611_tse-snedjpsy-58700-20251114358700-ixbrl.htm
2025-11-14		当期	単体	予想		営業利益	OperatingIncome	723000000	JPY	723	CurrentYearDuration_NonConsolidatedMember_ForecastMember	/disc/58700/081220251114503611_tse-snedjpsy-58700-20251114358700-ixbrl.htm
2025-11-14		当期	単体	予想		営業利益の増減率	ChangeInOperatingIncome	0.637	Pure	63.7	CurrentYearDuration_NonConsolidatedMember_ForecastMember	/disc/58700/081220251114503611_tse-snedjpsy-58700-20251114358700-ixbrl.htm
2025-11-14		当期	単体	予想		経常利益	OrdinaryIncome	708000000	JPY	708	CurrentYearDuration_NonConsolidatedMember_ForecastMember	/disc/58700/081220251114503611_tse-snedjpsy-58700-20251114358700-ixbrl.htm
2025-11-14		当期	単体	予想		経常利益の増減率	ChangeInOrdinaryIncome	0.646	Pure	64.6	CurrentYearDuration_NonConsolidatedMember_ForecastMember	/disc/58700/081220251114503611_tse-snedjpsy-58700-20251114358700-ixbrl.htm
2025-11-14		当期	単体	予想		当期純利益	NetIncome	430000000	JPY	430	CurrentYearDuration_NonConsolidatedMember_ForecastMember	/disc/58700/081220251114503611_tse-snedjpsy-58700-20251114358700-ixbrl.htm
2025-11-14		当期	単体	予想		当期純利益の増減率	ChangeInNetIncome	0.806	Pure	80.6	CurrentYearDuration_NonConsolidatedMember_ForecastMember	/disc/58700/081220251114503611_tse-snedjpsy-58700-20251114358700-ixbrl.htm
2025-11-14		当期	単体	予想		1株当たり当期純利益	NetIncomePerShare	80.73	JPYPerShares	80.73	CurrentYearDuration_NonConsolidatedMember_ForecastMember	/disc/58700/081220251114503611_tse-snedjpsy-58700-20251114358700-ixbrl.htm
2025-11-14		当期	単体	予想			CorrectionOfFinancialForecastInThisQuarter			有	CurrentYearDuration_NonConsolidatedMember_ForecastMember	/disc/58700/081220251114503611_tse-snedjpsy-58700-20251114358700-ixbrl.htm
2025-11-14		当期	単体	予想		業績予想の注記	NoteToForecasts			本日（2025年11月14日）公表の「2026年３月期第２四半期（中間期）業績予想と実績値との差異及び通期業績予想の修正に関するお知らせ」をご参照ください。	CurrentYearDuration_NonConsolidatedMember_ForecastMember	/disc/58700/081220251114503611_tse-snedjpsy-58700-20251114358700-ixbrl.htm
2025-11-14		当期第2四半期累計	単体	実績			ApplyingOfSpecificAccountingOfTheSemiAnnualFinancialStatements			無	CurrentAccumulatedQ2Duration_NonConsolidatedMember_ResultMember	/disc/58700/081220251114503611_tse-snedjpsy-58700-20251114358700-ixbrl.htm
2025-11-14		当期第2四半期累計	単体	実績		会計基準等の改正に伴う変更	ChangesBasedOnRevisionsOfAccountingStandard			無	CurrentAccumulatedQ2Duration_NonConsolidatedMember_ResultMember	/disc/58700/081220251114503611_tse-snedjpsy-58700-20251114358700-ixbrl.htm
2025-11-14		当期第2四半期累計	単体	実績		それ以外の会計方針の変更	ChangesOtherThanOnesBasedOnRevisionsOfAccountingStandard			無	CurrentAccumulatedQ2Duration_NonConsolidatedMember_ResultMember	/disc/58700/081220251114503611_tse-snedjpsy-58700-20251114358700-ixbrl.htm
2025-11-14		当期第2四半期累計	単体	実績		会計上の見積りの変更	ChangesInAccountingEstimates			無	CurrentAccumulatedQ2Duration_NonConsolidatedMember_ResultMember	/disc/58700/081220251114503611_tse-snedjpsy-58700-20251114358700-ixbrl.htm
2025-11-14		当期第2四半期累計	単体	実績		修正再表示	RetrospectiveRestatement			無	CurrentAccumulatedQ2Duration_NonConsolidatedMember_ResultMember	/disc/58700/081220251114503611_tse-snedjpsy-58700-20251114358700-ixbrl.htm
2025-11-14		当期第2四半期累計	単体	実績		期末発行済株式数(自己株式を含む)	NumberOfIssuedAndOutstandingSharesAtTheEndOfFiscalYearIncludingTreasuryStock	5332100	Shares	5,332,100	CurrentAccumulatedQ2Instant_NonConsolidatedMember_ResultMember	/disc/58700/081220251114503611_tse-snedjpsy-58700-20251114358700-ixbrl.htm
2025-11-14		前期	単体	実績		期末発行済株式数(自己株式を含む)	NumberOfIssuedAndOutstandingSharesAtTheEndOfFiscalYearIncludingTreasuryStock	5332100	Shares	5,332,100	PriorYearInstant_NonConsolidatedMember_ResultMember	/disc/58700/081220251114503611_tse-snedjpsy-58700-20251114358700-ixbrl.htm
2025-11-14		当期第2四半期累計	単体	実績		期中平均株式数	AverageNumberOfShares	5332100	Shares	5,332,100	CurrentAccumulatedQ2Duration_NonConsolidatedMember_ResultMember	/disc/58700/081220251114503611_tse-snedjpsy-58700-20251114358700-ixbrl.htm
2025-11-14		前期第2四半期累計	単体	実績		期中平均株式数	AverageNumberOfShares	5332100	Shares	5,332,100	PriorAccumulatedQ2Duration_NonConsolidatedMember_ResultMember	/disc/58700/081220251114503611_tse-snedjpsy-58700-20251114358700-ixbrl.htm
2025-11-14		当期				将来情報の利用に関する注意	NotesForUsingForecastedInformationAndOthers			本資料に記載されている業績見通し等の将来に関する記述は、当社が現在入手している情報及び合理的であると判断する一定の前提に基づいており、実際の業績等は様々な要因により大きく異なる可能性があります。業績予想の前提となる条件及び業績予想のご利用にあたっての注意事項等については、添付資料３ページ「１．経営成績等の概況（３）業績予想などの将来予測情報に関する説明」をご覧ください。	CurrentYearDuration	/disc/58700/081220251114503611_tse-snedjpsy-58700-20251114358700-ixbrl.htm
2025-11-14		当期第2四半期累計					TokyoStockExchangePrime			false	CurrentAccumulatedQ2Instant	/disc/58700/081220251114503611_tse-snedjpsy-58700-20251114358700-ixbrl.htm
2025-11-14		当期第2四半期累計					TokyoStockExchangeStandard			false	CurrentAccumulatedQ2Instant	/disc/58700/081220251114503611_tse-snedjpsy-58700-20251114358700-ixbrl.htm
2025-11-14		当期第2四半期累計					TokyoStockExchangeGrowth			true	CurrentAccumulatedQ2Instant	/disc/58700/081220251114503611_tse-snedjpsy-58700-20251114358700-ixbrl.htm
2025-11-14		当期第2四半期累計					TokyoStockExchangePROMarket			false	CurrentAccumulatedQ2Instant	/disc/58700/081220251114503611_tse-snedjpsy-58700-20251114358700-ixbrl.htm
2025-11-14		当期第2四半期累計					TokyoStockExchangeOthers			false	CurrentAccumulatedQ2Instant	/disc/58700/081220251114503611_tse-snedjpsy-58700-20251114358700-ixbrl.htm
2025-11-14		当期第2四半期累計					NagoyaStockExchange1stSection			false	CurrentAccumulatedQ2Instant	/disc/58700/081220251114503611_tse-snedjpsy-58700-20251114358700-ixbrl.htm
2025-11-14		当期第2四半期累計					NagoyaStockExchange2ndSection			false	CurrentAccumulatedQ2Instant	/disc/58700/081220251114503611_tse-snedjpsy-58700-20251114358700-ixbrl.htm
2025-11-14		当期第2四半期累計					NagoyaStockExchangeCentrex			false	CurrentAccumulatedQ2Instant	/disc/58700/081220251114503611_tse-snedjpsy-58700-20251114358700-ixbrl.htm
2025-11-14		当期第2四半期累計					NagoyaStockExchangeOthers			false	CurrentAccumulatedQ2Instant	/disc/58700/081220251114503611_tse-snedjpsy-58700-20251114358700-ixbrl.htm
2025-11-14		当期第2四半期累計					SapporoStockExchangeEstablished			false	CurrentAccumulatedQ2Instant	/disc/58700/081220251114503611_tse-snedjpsy-58700-20251114358700-ixbrl.htm
2025-11-14		当期第2四半期累計					SapporoStockExchangeAmbitious			false	CurrentAccumulatedQ2Instant	/disc/58700/081220251114503611_tse-snedjpsy-58700-20251114358700-ixbrl.htm
2025-11-14		当期第2四半期累計					SapporoStockExchangeOthers			false	CurrentAccumulatedQ2Instant	/disc/58700/081220251114503611_tse-snedjpsy-58700-20251114358700-ixbrl.htm
2025-11-14		当期第2四半期累計					FukuokaStockExchangeEstablished			false	CurrentAccumulatedQ2Instant	/disc/58700/081220251114503611_tse-snedjpsy-58700-20251114358700-ixbrl.htm
2025-11-14		当期第2四半期累計					FukuokaStockExchangeQBoard			false	CurrentAccumulatedQ2Instant	/disc/58700/081220251114503611_tse-snedjpsy-58700-20251114358700-ixbrl.htm
2025-11-14		当期第2四半期累計					FukuokaStockExchangeOthers			false	CurrentAccumulatedQ2Instant	/disc/58700/081220251114503611_tse-snedjpsy-58700-20251114358700-ixbrl.htm
2025-11-14		当期第2四半期累計					JapanSecuritiesDealersAssociationGreenSheet			false	CurrentAccumulatedQ2Instant	/disc/58700/081220251114503611_tse-snedjpsy-58700-20251114358700-ixbrl.htm
2025-11-14		当期					GeneralBusiness			true	CurrentYearInstant	/disc/58700/081220251114503611_tse-snedjpsy-58700-20251114358700-ixbrl.htm
2025-11-14		当期					SpecificBusiness			false	CurrentYearInstant	/disc/58700/081220251114503611_tse-snedjpsy-58700-20251114358700-ixbrl.htm
2025-11-14		当期				決算期末	FiscalYearEnd			2026-03-31	CurrentYearInstant	/disc/58700/081220251114503611_tse-snedjpsy-58700-20251114358700-ixbrl.htm
2025-11-14		当期第2四半期累計				四半期	QuarterlyPeriod	2	Pure	2	CurrentAccumulatedQ2Instant	/disc/58700/081220251114503611_tse-snedjpsy-58700-20251114358700-ixbrl.htm
2026-02-13		当期第3四半期累計				書類名	DocumentName			第３四半期決算短信〔日本基準〕(非連結)	CurrentAccumulatedQ3Instant	/disc/58700/081220260213561446_tse-qnedjpsm-58700-20260213358700-ixbrl.htm
2026-02-13		当期第3四半期累計				提出日	FilingDate			2026年２月13日	CurrentAccumulatedQ3Instant	/disc/58700/081220260213561446_tse-qnedjpsm-58700-20260213358700-ixbrl.htm
2026-02-13		当期第3四半期累計				会社名	CompanyName			株式会社ナルネットコミュニケーションズ	CurrentAccumulatedQ3Instant	/disc/58700/081220260213561446_tse-qnedjpsm-58700-20260213358700-ixbrl.htm
2026-02-13		当期第3四半期累計					TokyoStockExchange			東	CurrentAccumulatedQ3Instant	/disc/58700/081220260213561446_tse-qnedjpsm-58700-20260213358700-ixbrl.htm
2026-02-13		当期第3四半期累計				証券コード	SecuritiesCode			58700	CurrentAccumulatedQ3Instant	/disc/58700/081220260213561446_tse-qnedjpsm-58700-20260213358700-ixbrl.htm
2026-02-13		当期第3四半期累計				URL	URL			https://www.nal-mt.co.jp/	CurrentAccumulatedQ3Instant	/disc/58700/081220260213561446_tse-qnedjpsm-58700-20260213358700-ixbrl.htm
2026-02-13		当期第3四半期累計				代表者の役職	TitleRepresentative			代表取締役社長	CurrentAccumulatedQ3Instant	/disc/58700/081220260213561446_tse-qnedjpsm-58700-20260213358700-ixbrl.htm
2026-02-13		当期第3四半期累計				代表者名	NameRepresentative			鈴木 隆志	CurrentAccumulatedQ3Instant	/disc/58700/081220260213561446_tse-qnedjpsm-58700-20260213358700-ixbrl.htm
2026-02-13		当期第3四半期累計					TitleInquiries			常務取締役	CurrentAccumulatedQ3Instant	/disc/58700/081220260213561446_tse-qnedjpsm-58700-20260213358700-ixbrl.htm
2026-02-13		当期第3四半期累計					NameInquiries			東村 大介	CurrentAccumulatedQ3Instant	/disc/58700/081220260213561446_tse-qnedjpsm-58700-20260213358700-ixbrl.htm
2026-02-13		当期第3四半期累計					Tel			0568(20)9111	CurrentAccumulatedQ3Instant	/disc/58700/081220260213561446_tse-qnedjpsm-58700-20260213358700-ixbrl.htm
2026-02-13		当期第3四半期累計					SupplementalMaterialOfResults			有	CurrentAccumulatedQ3Instant	/disc/58700/081220260213561446_tse-qnedjpsm-58700-20260213358700-ixbrl.htm
2026-02-13		当期第3四半期累計					ConveningBriefingOfResults			無	CurrentAccumulatedQ3Instant	/disc/58700/081220260213561446_tse-qnedjpsm-58700-20260213358700-ixbrl.htm
2026-02-13		当期第3四半期累計					NoteToFractionProcessingMethod			(百万円未満切捨て)	CurrentAccumulatedQ3Instant	/disc/58700/081220260213561446_tse-qnedjpsm-58700-20260213358700-ixbrl.htm
2026-02-13		当期第3四半期累計	単体	実績		売上高	NetSales	7368000000	JPY	7,368	CurrentAccumulatedQ3Duration_NonConsolidatedMember_ResultMember	/disc/58700/081220260213561446_tse-qnedjpsm-58700-20260213358700-ixbrl.htm
2026-02-13		当期第3四半期累計	単体	実績		売上高の増減率	ChangeInNetSales	0.193	Pure	19.3	CurrentAccumulatedQ3Duration_NonConsolidatedMember_ResultMember	/disc/58700/081220260213561446_tse-qnedjpsm-58700-20260213358700-ixbrl.htm
2026-02-13		当期第3四半期累計	単体	実績		営業利益	OperatingIncome	561000000	JPY	561	CurrentAccumulatedQ3Duration_NonConsolidatedMember_ResultMember	/disc/58700/081220260213561446_tse-qnedjpsm-58700-20260213358700-ixbrl.htm
2026-02-13		当期第3四半期累計	単体	実績		営業利益の増減率	ChangeInOperatingIncome	2.692	Pure	269.2	CurrentAccumulatedQ3Duration_NonConsolidatedMember_ResultMember	/disc/58700/081220260213561446_tse-qnedjpsm-58700-20260213358700-ixbrl.htm
2026-02-13		当期第3四半期累計	単体	実績		経常利益	OrdinaryIncome	549000000	JPY	549	CurrentAccumulatedQ3Duration_NonConsolidatedMember_ResultMember	/disc/58700/081220260213561446_tse-qnedjpsm-58700-20260213358700-ixbrl.htm
2026-02-13		当期第3四半期累計	単体	実績		経常利益の増減率	ChangeInOrdinaryIncome	2.807	Pure	280.7	CurrentAccumulatedQ3Duration_NonConsolidatedMember_ResultMember	/disc/58700/081220260213561446_tse-qnedjpsm-58700-20260213358700-ixbrl.htm
2026-02-13		当期第3四半期累計	単体	実績		当期純利益	NetIncome	334000000	JPY	334	CurrentAccumulatedQ3Duration_NonConsolidatedMember_ResultMember	/disc/58700/081220260213561446_tse-qnedjpsm-58700-20260213358700-ixbrl.htm
2026-02-13		当期第3四半期累計	単体	実績		当期純利益の増減率	ChangeInNetIncome	4.131	Pure	413.1	CurrentAccumulatedQ3Duration_NonConsolidatedMember_ResultMember	/disc/58700/081220260213561446_tse-qnedjpsm-58700-20260213358700-ixbrl.htm
2026-02-13		前期第3四半期累計	単体	実績		売上高	NetSales	6176000000	JPY	6,176	PriorAccumulatedQ3Duration_NonConsolidatedMember_ResultMember	/disc/58700/081220260213561446_tse-qnedjpsm-58700-20260213358700-ixbrl.htm
2026-02-13		前期第3四半期累計	単体	実績		売上高の増減率	ChangeInNetSales	0.075	Pure	7.5	PriorAccumulatedQ3Duration_NonConsolidatedMember_ResultMember	/disc/58700/081220260213561446_tse-qnedjpsm-58700-20260213358700-ixbrl.htm
2026-02-13		前期第3四半期累計	単体	実績		営業利益	OperatingIncome	152000000	JPY	152	PriorAccumulatedQ3Duration_NonConsolidatedMember_ResultMember	/disc/58700/081220260213561446_tse-qnedjpsm-58700-20260213358700-ixbrl.htm
2026-02-13		前期第3四半期累計	単体	実績		営業利益の増減率	ChangeInOperatingIncome	-0.554	Pure	55.4	PriorAccumulatedQ3Duration_NonConsolidatedMember_ResultMember	/disc/58700/081220260213561446_tse-qnedjpsm-58700-20260213358700-ixbrl.htm
2026-02-13		前期第3四半期累計	単体	実績		経常利益	OrdinaryIncome	144000000	JPY	144	PriorAccumulatedQ3Duration_NonConsolidatedMember_ResultMember	/disc/58700/081220260213561446_tse-qnedjpsm-58700-20260213358700-ixbrl.htm
2026-02-13		前期第3四半期累計	単体	実績		経常利益の増減率	ChangeInOrdinaryIncome	-0.561	Pure	56.1	PriorAccumulatedQ3Duration_NonConsolidatedMember_ResultMember	/disc/58700/081220260213561446_tse-qnedjpsm-58700-20260213358700-ixbrl.htm
2026-02-13		前期第3四半期累計	単体	実績		当期純利益	NetIncome	65000000	JPY	65	PriorAccumulatedQ3Duration_NonConsolidatedMember_ResultMember	/disc/58700/081220260213561446_tse-qnedjpsm-58700-20260213358700-ixbrl.htm
2026-02-13		前期第3四半期累計	単体	実績		当期純利益の増減率	ChangeInNetIncome	-0.648	Pure	64.8	PriorAccumulatedQ3Duration_NonConsolidatedMember_ResultMember	/disc/58700/081220260213561446_tse-qnedjpsm-58700-20260213358700-ixbrl.htm
2026-02-13		当期第3四半期累計	単体	実績		1株当たり当期純利益	NetIncomePerShare	62.67	JPYPerShares	62.67	CurrentAccumulatedQ3Duration_NonConsolidatedMember_ResultMember	/disc/58700/081220260213561446_tse-qnedjpsm-58700-20260213358700-ixbrl.htm
2026-02-13		前期第3四半期累計	単体	実績		1株当たり当期純利益	NetIncomePerShare	12.21	JPYPerShares	12.21	PriorAccumulatedQ3Duration_NonConsolidatedMember_ResultMember	/disc/58700/081220260213561446_tse-qnedjpsm-58700-20260213358700-ixbrl.htm
2026-02-13		当期第3四半期累計	単体	実績		経営成績の注記	NoteToOperatingResults			(注) 「潜在株式調整後１株当たり四半期純利益」については、希薄化効果を有している潜在株式が存在しないため、記載しておりません。	CurrentAccumulatedQ3Duration_NonConsolidatedMember_ResultMember	/disc/58700/081220260213561446_tse-qnedjpsm-58700-20260213358700-ixbrl.htm
2026-02-13		当期第3四半期累計	単体	実績		総資産	TotalAssets	10024000000	JPY	10,024	CurrentAccumulatedQ3Instant_NonConsolidatedMember_ResultMember	/disc/58700/081220260213561446_tse-qnedjpsm-58700-20260213358700-ixbrl.htm
2026-02-13		当期第3四半期累計	単体	実績		純資産	NetAssets	3685000000	JPY	3,685	CurrentAccumulatedQ3Instant_NonConsolidatedMember_ResultMember	/disc/58700/081220260213561446_tse-qnedjpsm-58700-20260213358700-ixbrl.htm
2026-02-13		当期第3四半期累計	単体	実績		自己資本比率	CapitalAdequacyRatio	0.368	Pure	36.8	CurrentAccumulatedQ3Instant_NonConsolidatedMember_ResultMember	/disc/58700/081220260213561446_tse-qnedjpsm-58700-20260213358700-ixbrl.htm
2026-02-13		前期	単体	実績		総資産	TotalAssets	9916000000	JPY	9,916	PriorYearInstant_NonConsolidatedMember_ResultMember	/disc/58700/081220260213561446_tse-qnedjpsm-58700-20260213358700-ixbrl.htm
2026-02-13		前期	単体	実績		純資産	NetAssets	3428000000	JPY	3,428	PriorYearInstant_NonConsolidatedMember_ResultMember	/disc/58700/081220260213561446_tse-qnedjpsm-58700-20260213358700-ixbrl.htm
2026-02-13		前期	単体	実績		自己資本比率	CapitalAdequacyRatio	0.346	Pure	34.6	PriorYearInstant_NonConsolidatedMember_ResultMember	/disc/58700/081220260213561446_tse-qnedjpsm-58700-20260213358700-ixbrl.htm
2026-02-13		当期第3四半期累計	単体	実績		自己資本	OwnersEquity	3685000000	JPY	3,685	CurrentAccumulatedQ3Instant_NonConsolidatedMember_ResultMember	/disc/58700/081220260213561446_tse-qnedjpsm-58700-20260213358700-ixbrl.htm
2026-02-13		前期	単体	実績		自己資本	OwnersEquity	3428000000	JPY	3,428	PriorYearInstant_NonConsolidatedMember_ResultMember	/disc/58700/081220260213561446_tse-qnedjpsm-58700-20260213358700-ixbrl.htm
2026-02-13		前期	単体	実績	第2四半期末	1株当たり配当金	DividendPerShare	0.00	JPYPerShares	0.00	PriorYearDuration_SecondQuarterMember_NonConsolidatedMember_ResultMember	/disc/58700/081220260213561446_tse-qnedjpsm-58700-20260213358700-ixbrl.htm
2026-02-13		前期	単体	実績	期末	1株当たり配当金	DividendPerShare	15.00	JPYPerShares	15.00	PriorYearDuration_YearEndMember_NonConsolidatedMember_ResultMember	/disc/58700/081220260213561446_tse-qnedjpsm-58700-20260213358700-ixbrl.htm
2026-02-13		前期	単体	実績	合計	1株当たり配当金	DividendPerShare	15.00	JPYPerShares	15.00	PriorYearDuration_AnnualMember_NonConsolidatedMember_ResultMember	/disc/58700/081220260213561446_tse-qnedjpsm-58700-20260213358700-ixbrl.htm
2026-02-13		当期	単体	実績	第2四半期末	1株当たり配当金	DividendPerShare	0.00	JPYPerShares	0.00	CurrentYearDuration_SecondQuarterMember_NonConsolidatedMember_ResultMember	/disc/58700/081220260213561446_tse-qnedjpsm-58700-20260213358700-ixbrl.htm
2026-02-13		当期	単体	予想	期末	1株当たり配当金	DividendPerShare	24.00	JPYPerShares	24.00	CurrentYearDuration_YearEndMember_NonConsolidatedMember_ForecastMember	/disc/58700/081220260213561446_tse-qnedjpsm-58700-20260213358700-ixbrl.htm
2026-02-13		当期	単体	予想	合計	1株当たり配当金	DividendPerShare	24.00	JPYPerShares	24.00	CurrentYearDuration_AnnualMember_NonConsolidatedMember_ForecastMember	/disc/58700/081220260213561446_tse-qnedjpsm-58700-20260213358700-ixbrl.htm
2026-02-13		当期	単体	実績	合計	当四半期における配当予想の修正	CorrectionOfDividendForecastInThisQuarter			無	CurrentYearDuration_AnnualMember_NonConsolidatedMember_ResultMember	/disc/58700/081220260213561446_tse-qnedjpsm-58700-20260213358700-ixbrl.htm
2026-02-13		当期	単体	予想		業績予想の見出し	TitleForForecasts			３．2026年３月期の業績予想（2025年４月１日～2026年３月31日）	CurrentYearDuration_NonConsolidatedMember_ForecastMember	/disc/58700/081220260213561446_tse-qnedjpsm-58700-20260213358700-ixbrl.htm
2026-02-13		当期	単体	予想		売上高	NetSales	9762000000	JPY	9,762	CurrentYearDuration_NonConsolidatedMember_ForecastMember	/disc/58700/081220260213561446_tse-qnedjpsm-58700-20260213358700-ixbrl.htm
2026-02-13		当期	単体	予想		売上高の増減率	ChangeInNetSales	0.143	Pure	14.3	CurrentYearDuration_NonConsolidatedMember_ForecastMember	/disc/58700/081220260213561446_tse-qnedjpsm-58700-20260213358700-ixbrl.htm
2026-02-13		当期	単体	予想		営業利益	OperatingIncome	723000000	JPY	723	CurrentYearDuration_NonConsolidatedMember_ForecastMember	/disc/58700/081220260213561446_tse-qnedjpsm-58700-20260213358700-ixbrl.htm
2026-02-13		当期	単体	予想		営業利益の増減率	ChangeInOperatingIncome	0.637	Pure	63.7	CurrentYearDuration_NonConsolidatedMember_ForecastMember	/disc/58700/081220260213561446_tse-qnedjpsm-58700-20260213358700-ixbrl.htm
2026-02-13		当期	単体	予想		経常利益	OrdinaryIncome	708000000	JPY	708	CurrentYearDuration_NonConsolidatedMember_ForecastMember	/disc/58700/081220260213561446_tse-qnedjpsm-58700-20260213358700-ixbrl.htm
2026-02-13		当期	単体	予想		経常利益の増減率	ChangeInOrdinaryIncome	0.646	Pure	64.6	CurrentYearDuration_NonConsolidatedMember_ForecastMember	/disc/58700/081220260213561446_tse-qnedjpsm-58700-20260213358700-ixbrl.htm
2026-02-13		当期	単体	予想		当期純利益	NetIncome	430000000	JPY	430	CurrentYearDuration_NonConsolidatedMember_ForecastMember	/disc/58700/081220260213561446_tse-qnedjpsm-58700-20260213358700-ixbrl.htm
2026-02-13		当期	単体	予想		当期純利益の増減率	ChangeInNetIncome	0.806	Pure	80.6	CurrentYearDuration_NonConsolidatedMember_ForecastMember	/disc/58700/081220260213561446_tse-qnedjpsm-58700-20260213358700-ixbrl.htm
2026-02-13		当期	単体	予想		1株当たり当期純利益	NetIncomePerShare	80.73	JPYPerShares	80.73	CurrentYearDuration_NonConsolidatedMember_ForecastMember	/disc/58700/081220260213561446_tse-qnedjpsm-58700-20260213358700-ixbrl.htm
2026-02-13		当期	単体	予想			CorrectionOfFinancialForecastInThisQuarter			無	CurrentYearDuration_NonConsolidatedMember_ForecastMember	/disc/58700/081220260213561446_tse-qnedjpsm-58700-20260213358700-ixbrl.htm
2026-02-13		当期第3四半期累計	単体	実績			ApplyingOfSpecificAccountingOfTheQuarterlyFinancialStatements			無	CurrentAccumulatedQ3Duration_NonConsolidatedMember_ResultMember	/disc/58700/081220260213561446_tse-qnedjpsm-58700-20260213358700-ixbrl.htm
2026-02-13		当期第3四半期累計	単体	実績		会計基準等の改正に伴う変更	ChangesBasedOnRevisionsOfAccountingStandard			無	CurrentAccumulatedQ3Duration_NonConsolidatedMember_ResultMember	/disc/58700/081220260213561446_tse-qnedjpsm-58700-20260213358700-ixbrl.htm
2026-02-13		当期第3四半期累計	単体	実績		それ以外の会計方針の変更	ChangesOtherThanOnesBasedOnRevisionsOfAccountingStandard			無	CurrentAccumulatedQ3Duration_NonConsolidatedMember_ResultMember	/disc/58700/081220260213561446_tse-qnedjpsm-58700-20260213358700-ixbrl.htm
2026-02-13		当期第3四半期累計	単体	実績		会計上の見積りの変更	ChangesInAccountingEstimates			無	CurrentAccumulatedQ3Duration_NonConsolidatedMember_ResultMember	/disc/58700/081220260213561446_tse-qnedjpsm-58700-20260213358700-ixbrl.htm
2026-02-13		当期第3四半期累計	単体	実績		修正再表示	RetrospectiveRestatement			無	CurrentAccumulatedQ3Duration_NonConsolidatedMember_ResultMember	/disc/58700/081220260213561446_tse-qnedjpsm-58700-20260213358700-ixbrl.htm
2026-02-13		当期第3四半期累計	単体	実績		期末発行済株式数(自己株式を含む)	NumberOfIssuedAndOutstandingSharesAtTheEndOfFiscalYearIncludingTreasuryStock	5332100	Shares	5,332,100	CurrentAccumulatedQ3Instant_NonConsolidatedMember_ResultMember	/disc/58700/081220260213561446_tse-qnedjpsm-58700-20260213358700-ixbrl.htm
2026-02-13		前期	単体	実績		期末発行済株式数(自己株式を含む)	NumberOfIssuedAndOutstandingSharesAtTheEndOfFiscalYearIncludingTreasuryStock	5332100	Shares	5,332,100	PriorYearInstant_NonConsolidatedMember_ResultMember	/disc/58700/081220260213561446_tse-qnedjpsm-58700-20260213358700-ixbrl.htm
2026-02-13		当期第3四半期累計	単体	実績		期中平均株式数	AverageNumberOfShares	5332100	Shares	5,332,100	CurrentAccumulatedQ3Duration_NonConsolidatedMember_ResultMember	/disc/58700/081220260213561446_tse-qnedjpsm-58700-20260213358700-ixbrl.htm
2026-02-13		前期第3四半期累計	単体	実績		期中平均株式数	AverageNumberOfShares	5332100	Shares	5,332,100	PriorAccumulatedQ3Duration_NonConsolidatedMember_ResultMember	/disc/58700/081220260213561446_tse-qnedjpsm-58700-20260213358700-ixbrl.htm
2026-02-13		当期第3四半期累計					ReviewOfAttachedQuarterlyFinancialStatementsByACertifiedPublicAccountantOrAnAuditFirm			無	CurrentAccumulatedQ3Duration	/disc/58700/081220260213561446_tse-qnedjpsm-58700-20260213358700-ixbrl.htm
2026-02-13		当期				将来情報の利用に関する注意	NotesForUsingForecastedInformationAndOthers			本資料に記載されている業績見通し等の将来に関する記述は、当社が現在入手している情報及び合理的であると判断する一定の前提に基づいており、実際の業績等は様々な要因により大きく異なる可能性があります。業績予想の前提となる条件及び業績予想のご利用にあたっての注意事項等については、添付資料３ページ「１.経営成績等の概況（３）業績予想などの将来予測情報に関する説明」をご覧ください。	CurrentYearDuration	/disc/58700/081220260213561446_tse-qnedjpsm-58700-20260213358700-ixbrl.htm
2026-02-13		当期第3四半期累計					TokyoStockExchangePrime			false	CurrentAccumulatedQ3Instant	/disc/58700/081220260213561446_tse-qnedjpsm-58700-20260213358700-ixbrl.htm
2026-02-13		当期第3四半期累計					TokyoStockExchangeStandard			false	CurrentAccumulatedQ3Instant	/disc/58700/081220260213561446_tse-qnedjpsm-58700-20260213358700-ixbrl.htm
2026-02-13		当期第3四半期累計					TokyoStockExchangeGrowth			true	CurrentAccumulatedQ3Instant	/disc/58700/081220260213561446_tse-qnedjpsm-58700-20260213358700-ixbrl.htm
2026-02-13		当期第3四半期累計					TokyoStockExchangePROMarket			false	CurrentAccumulatedQ3Instant	/disc/58700/081220260213561446_tse-qnedjpsm-58700-20260213358700-ixbrl.htm
2026-02-13		当期第3四半期累計					TokyoStockExchangeOthers			false	CurrentAccumulatedQ3Instant	/disc/58700/081220260213561446_tse-qnedjpsm-58700-20260213358700-ixbrl.htm
2026-02-13		当期第3四半期累計					NagoyaStockExchange1stSection			false	CurrentAccumulatedQ3Instant	/disc/58700/081220260213561446_tse-qnedjpsm-58700-20260213358700-ixbrl.htm
2026-02-13		当期第3四半期累計					NagoyaStockExchange2ndSection			false	CurrentAccumulatedQ3Instant	/disc/58700/081220260213561446_tse-qnedjpsm-58700-20260213358700-ixbrl.htm
2026-02-13		当期第3四半期累計					NagoyaStockExchangeCentrex			false	CurrentAccumulatedQ3Instant	/disc/58700/081220260213561446_tse-qnedjpsm-58700-20260213358700-ixbrl.htm
2026-02-13		当期第3四半期累計					NagoyaStockExchangeOthers			false	CurrentAccumulatedQ3Instant	/disc/58700/081220260213561446_tse-qnedjpsm-58700-20260213358700-ixbrl.htm
2026-02-13		当期第3四半期累計					SapporoStockExchangeEstablished			false	CurrentAccumulatedQ3Instant	/disc/58700/081220260213561446_tse-qnedjpsm-58700-20260213358700-ixbrl.htm
2026-02-13		当期第3四半期累計					SapporoStockExchangeAmbitious			false	CurrentAccumulatedQ3Instant	/disc/58700/081220260213561446_tse-qnedjpsm-58700-20260213358700-ixbrl.htm
2026-02-13		当期第3四半期累計					SapporoStockExchangeOthers			false	CurrentAccumulatedQ3Instant	/disc/58700/081220260213561446_tse-qnedjpsm-58700-20260213358700-ixbrl.htm
2026-02-13		当期第3四半期累計					FukuokaStockExchangeEstablished			false	CurrentAccumulatedQ3Instant	/disc/58700/081220260213561446_tse-qnedjpsm-58700-20260213358700-ixbrl.htm
2026-02-13		当期第3四半期累計					FukuokaStockExchangeQBoard			false	CurrentAccumulatedQ3Instant	/disc/58700/081220260213561446_tse-qnedjpsm-58700-20260213358700-ixbrl.htm
2026-02-13		当期第3四半期累計					FukuokaStockExchangeOthers			false	CurrentAccumulatedQ3Instant	/disc/58700/081220260213561446_tse-qnedjpsm-58700-20260213358700-ixbrl.htm
2026-02-13		当期第3四半期累計					JapanSecuritiesDealersAssociationGreenSheet			false	CurrentAccumulatedQ3Instant	/disc/58700/081220260213561446_tse-qnedjpsm-58700-20260213358700-ixbrl.htm
2026-02-13		当期					GeneralBusiness			true	CurrentYearInstant	/disc/58700/081220260213561446_tse-qnedjpsm-58700-20260213358700-ixbrl.htm
2026-02-13		当期					SpecificBusiness			false	CurrentYearInstant	/disc/58700/081220260213561446_tse-qnedjpsm-58700-20260213358700-ixbrl.htm
2026-02-13		当期				決算期末	FiscalYearEnd			2026-03-31	CurrentYearInstant	/disc/58700/081220260213561446_tse-qnedjpsm-58700-20260213358700-ixbrl.htm
2026-02-13		当期第3四半期累計				四半期	QuarterlyPeriod	3	Pure	3	CurrentAccumulatedQ3Instant	/disc/58700/081220260213561446_tse-qnedjpsm-58700-20260213358700-ixbrl.htm
2026-05-15		当期				書類名	DocumentName			決算短信〔日本基準〕(非連結)	CurrentYearInstant	/disc/58700/081220260515537640_tse-anedjpsm-58700-20260515358700-ixbrl.htm
2026-05-15		当期				提出日	FilingDate			2026年５月15日	CurrentYearInstant	/disc/58700/081220260515537640_tse-anedjpsm-58700-20260515358700-ixbrl.htm
2026-05-15		当期				会社名	CompanyName			株式会社ナルネットコミュニケーションズ	CurrentYearInstant	/disc/58700/081220260515537640_tse-anedjpsm-58700-20260515358700-ixbrl.htm
2026-05-15		当期					TokyoStockExchange			東	CurrentYearInstant	/disc/58700/081220260515537640_tse-anedjpsm-58700-20260515358700-ixbrl.htm
2026-05-15		当期				証券コード	SecuritiesCode			58700	CurrentYearInstant	/disc/58700/081220260515537640_tse-anedjpsm-58700-20260515358700-ixbrl.htm
2026-05-15		当期				URL	URL			https://www.nal-mt.co.jp/	CurrentYearInstant	/disc/58700/081220260515537640_tse-anedjpsm-58700-20260515358700-ixbrl.htm
2026-05-15		当期				代表者の役職	TitleRepresentative			代表取締役社長	CurrentYearInstant	/disc/58700/081220260515537640_tse-anedjpsm-58700-20260515358700-ixbrl.htm
2026-05-15		当期				代表者名	NameRepresentative			鈴木 隆志	CurrentYearInstant	/disc/58700/081220260515537640_tse-anedjpsm-58700-20260515358700-ixbrl.htm
2026-05-15		当期					TitleInquiries			常務取締役	CurrentYearInstant	/disc/58700/081220260515537640_tse-anedjpsm-58700-20260515358700-ixbrl.htm
2026-05-15		当期					NameInquiries			東村 大介	CurrentYearInstant	/disc/58700/081220260515537640_tse-anedjpsm-58700-20260515358700-ixbrl.htm
2026-05-15		当期					Tel			0568-20-9111	CurrentYearInstant	/disc/58700/081220260515537640_tse-anedjpsm-58700-20260515358700-ixbrl.htm
2026-05-15		当期					DateOfGeneralShareholdersMeetingAsPlanned			2026年６月25日	CurrentYearInstant	/disc/58700/081220260515537640_tse-anedjpsm-58700-20260515358700-ixbrl.htm
2026-05-15		当期					DividendPayableDateAsPlanned			2026年６月11日	CurrentYearInstant	/disc/58700/081220260515537640_tse-anedjpsm-58700-20260515358700-ixbrl.htm
2026-05-15		当期					AnnualSecuritiesReportFilingDateAsPlanned			2026年６月24日	CurrentYearInstant	/disc/58700/081220260515537640_tse-anedjpsm-58700-20260515358700-ixbrl.htm
2026-05-15		当期					SupplementalMaterialOfAnnualResults			有	CurrentYearInstant	/disc/58700/081220260515537640_tse-anedjpsm-58700-20260515358700-ixbrl.htm
2026-05-15		当期					ConveningBriefingOfAnnualResults			有	CurrentYearInstant	/disc/58700/081220260515537640_tse-anedjpsm-58700-20260515358700-ixbrl.htm
2026-05-15		当期					TargetAudienceBriefingOfAnnualResults			アナリスト・機関投資家向け	CurrentYearInstant	/disc/58700/081220260515537640_tse-anedjpsm-58700-20260515358700-ixbrl.htm
2026-05-15		当期					NoteToFractionProcessingMethod			(百万円未満切捨て)	CurrentYearInstant	/disc/58700/081220260515537640_tse-anedjpsm-58700-20260515358700-ixbrl.htm
2026-05-15		当期	単体	実績		売上高	NetSales	9925000000	JPY	9,925	CurrentYearDuration_NonConsolidatedMember_ResultMember	/disc/58700/081220260515537640_tse-anedjpsm-58700-20260515358700-ixbrl.htm
2026-05-15		当期	単体	実績		売上高の増減率	ChangeInNetSales	0.162	Pure	16.2	CurrentYearDuration_NonConsolidatedMember_ResultMember	/disc/58700/081220260515537640_tse-anedjpsm-58700-20260515358700-ixbrl.htm
2026-05-15		当期	単体	実績		営業利益	OperatingIncome	811000000	JPY	811	CurrentYearDuration_NonConsolidatedMember_ResultMember	/disc/58700/081220260515537640_tse-anedjpsm-58700-20260515358700-ixbrl.htm
2026-05-15		当期	単体	実績		営業利益の増減率	ChangeInOperatingIncome	0.836	Pure	83.6	CurrentYearDuration_NonConsolidatedMember_ResultMember	/disc/58700/081220260515537640_tse-anedjpsm-58700-20260515358700-ixbrl.htm
2026-05-15		当期	単体	実績		経常利益	OrdinaryIncome	799000000	JPY	799	CurrentYearDuration_NonConsolidatedMember_ResultMember	/disc/58700/081220260515537640_tse-anedjpsm-58700-20260515358700-ixbrl.htm
2026-05-15		当期	単体	実績		経常利益の増減率	ChangeInOrdinaryIncome	0.857	Pure	85.7	CurrentYearDuration_NonConsolidatedMember_ResultMember	/disc/58700/081220260515537640_tse-anedjpsm-58700-20260515358700-ixbrl.htm
2026-05-15		当期	単体	実績		当期純利益	NetIncome	501000000	JPY	501	CurrentYearDuration_NonConsolidatedMember_ResultMember	/disc/58700/081220260515537640_tse-anedjpsm-58700-20260515358700-ixbrl.htm
2026-05-15		当期	単体	実績		当期純利益の増減率	ChangeInNetIncome	1.106	Pure	110.6	CurrentYearDuration_NonConsolidatedMember_ResultMember	/disc/58700/081220260515537640_tse-anedjpsm-58700-20260515358700-ixbrl.htm
2026-05-15		前期	単体	実績		売上高	NetSales	8542000000	JPY	8,542	PriorYearDuration_NonConsolidatedMember_ResultMember	/disc/58700/081220260515537640_tse-anedjpsm-58700-20260515358700-ixbrl.htm
2026-05-15		前期	単体	実績		売上高の増減率	ChangeInNetSales	0.113	Pure	11.3	PriorYearDuration_NonConsolidatedMember_ResultMember	/disc/58700/081220260515537640_tse-anedjpsm-58700-20260515358700-ixbrl.htm
2026-05-15		前期	単体	実績		営業利益	OperatingIncome	442000000	JPY	442	PriorYearDuration_NonConsolidatedMember_ResultMember	/disc/58700/081220260515537640_tse-anedjpsm-58700-20260515358700-ixbrl.htm
2026-05-15		前期	単体	実績		営業利益の増減率	ChangeInOperatingIncome	-0.161	Pure	16.1	PriorYearDuration_NonConsolidatedMember_ResultMember	/disc/58700/081220260515537640_tse-anedjpsm-58700-20260515358700-ixbrl.htm
2026-05-15		前期	単体	実績		経常利益	OrdinaryIncome	430000000	JPY	430	PriorYearDuration_NonConsolidatedMember_ResultMember	/disc/58700/081220260515537640_tse-anedjpsm-58700-20260515358700-ixbrl.htm
2026-05-15		前期	単体	実績		経常利益の増減率	ChangeInOrdinaryIncome	-0.158	Pure	15.8	PriorYearDuration_NonConsolidatedMember_ResultMember	/disc/58700/081220260515537640_tse-anedjpsm-58700-20260515358700-ixbrl.htm
2026-05-15		前期	単体	実績		当期純利益	NetIncome	238000000	JPY	238	PriorYearDuration_NonConsolidatedMember_ResultMember	/disc/58700/081220260515537640_tse-anedjpsm-58700-20260515358700-ixbrl.htm
2026-05-15		前期	単体	実績		当期純利益の増減率	ChangeInNetIncome	-0.219	Pure	21.9	PriorYearDuration_NonConsolidatedMember_ResultMember	/disc/58700/081220260515537640_tse-anedjpsm-58700-20260515358700-ixbrl.htm
2026-05-15		当期	単体	実績		1株当たり当期純利益	NetIncomePerShare	94.12	JPYPerShares	94.12	CurrentYearDuration_NonConsolidatedMember_ResultMember	/disc/58700/081220260515537640_tse-anedjpsm-58700-20260515358700-ixbrl.htm
2026-05-15		当期	単体	実績		自己資本当期純利益率(ROE)	NetIncomeToShareholdersEquityRatio	0.138	Pure	13.8	CurrentYearDuration_NonConsolidatedMember_ResultMember	/disc/58700/081220260515537640_tse-anedjpsm-58700-20260515358700-ixbrl.htm
2026-05-15		当期	単体	実績		総資産経常利益率(ROA)	OrdinaryIncomeToTotalAssetsRatio	0.080	Pure	8.0	CurrentYearDuration_NonConsolidatedMember_ResultMember	/disc/58700/081220260515537640_tse-anedjpsm-58700-20260515358700-ixbrl.htm
2026-05-15		当期	単体	実績		売上高営業利益率	OperatingIncomeToNetSalesRatio	0.082	Pure	8.2	CurrentYearDuration_NonConsolidatedMember_ResultMember	/disc/58700/081220260515537640_tse-anedjpsm-58700-20260515358700-ixbrl.htm
2026-05-15		前期	単体	実績		1株当たり当期純利益	NetIncomePerShare	44.70	JPYPerShares	44.70	PriorYearDuration_NonConsolidatedMember_ResultMember	/disc/58700/081220260515537640_tse-anedjpsm-58700-20260515358700-ixbrl.htm
2026-05-15		前期	単体	実績		自己資本当期純利益率(ROE)	NetIncomeToShareholdersEquityRatio	0.071	Pure	7.1	PriorYearDuration_NonConsolidatedMember_ResultMember	/disc/58700/081220260515537640_tse-anedjpsm-58700-20260515358700-ixbrl.htm
2026-05-15		前期	単体	実績		総資産経常利益率(ROA)	OrdinaryIncomeToTotalAssetsRatio	0.044	Pure	4.4	PriorYearDuration_NonConsolidatedMember_ResultMember	/disc/58700/081220260515537640_tse-anedjpsm-58700-20260515358700-ixbrl.htm
2026-05-15		前期	単体	実績		売上高営業利益率	OperatingIncomeToNetSalesRatio	0.052	Pure	5.2	PriorYearDuration_NonConsolidatedMember_ResultMember	/disc/58700/081220260515537640_tse-anedjpsm-58700-20260515358700-ixbrl.htm
2026-05-15		当期	単体	実績		経営成績の注記	NoteToOperatingResults			(注) 潜在株式調整後１株当たり当期純利益については、希薄化効果を有している潜在株式が存在しないため、記載しておりません。	CurrentYearDuration_NonConsolidatedMember_ResultMember	/disc/58700/081220260515537640_tse-anedjpsm-58700-20260515358700-ixbrl.htm
2026-05-15		当期	単体	実績		総資産	TotalAssets	9995000000	JPY	9,995	CurrentYearInstant_NonConsolidatedMember_ResultMember	/disc/58700/081220260515537640_tse-anedjpsm-58700-20260515358700-ixbrl.htm
2026-05-15		当期	単体	実績		純資産	NetAssets	3853000000	JPY	3,853	CurrentYearInstant_NonConsolidatedMember_ResultMember	/disc/58700/081220260515537640_tse-anedjpsm-58700-20260515358700-ixbrl.htm
2026-05-15		当期	単体	実績		自己資本比率	CapitalAdequacyRatio	0.386	Pure	38.6	CurrentYearInstant_NonConsolidatedMember_ResultMember	/disc/58700/081220260515537640_tse-anedjpsm-58700-20260515358700-ixbrl.htm
2026-05-15		当期	単体	実績		1株当たり純資産	NetAssetsPerShare	722.74	JPYPerShares	722.74	CurrentYearInstant_NonConsolidatedMember_ResultMember	/disc/58700/081220260515537640_tse-anedjpsm-58700-20260515358700-ixbrl.htm
2026-05-15		前期	単体	実績		総資産	TotalAssets	9916000000	JPY	9,916	PriorYearInstant_NonConsolidatedMember_ResultMember	/disc/58700/081220260515537640_tse-anedjpsm-58700-20260515358700-ixbrl.htm
2026-05-15		前期	単体	実績		純資産	NetAssets	3428000000	JPY	3,428	PriorYearInstant_NonConsolidatedMember_ResultMember	/disc/58700/081220260515537640_tse-anedjpsm-58700-20260515358700-ixbrl.htm
2026-05-15		前期	単体	実績		自己資本比率	CapitalAdequacyRatio	0.346	Pure	34.6	PriorYearInstant_NonConsolidatedMember_ResultMember	/disc/58700/081220260515537640_tse-anedjpsm-58700-20260515358700-ixbrl.htm
2026-05-15		前期	単体	実績		1株当たり純資産	NetAssetsPerShare	643.02	JPYPerShares	643.02	PriorYearInstant_NonConsolidatedMember_ResultMember	/disc/58700/081220260515537640_tse-anedjpsm-58700-20260515358700-ixbrl.htm
2026-05-15		当期	単体	実績		自己資本	OwnersEquity	3853000000	JPY	3,853	CurrentYearInstant_NonConsolidatedMember_ResultMember	/disc/58700/081220260515537640_tse-anedjpsm-58700-20260515358700-ixbrl.htm
2026-05-15		前期	単体	実績		自己資本	OwnersEquity	3428000000	JPY	3,428	PriorYearInstant_NonConsolidatedMember_ResultMember	/disc/58700/081220260515537640_tse-anedjpsm-58700-20260515358700-ixbrl.htm
2026-05-15		当期	単体	実績		営業キャッシュフロー	CashFlowsFromOperatingActivities	838000000	JPY	838	CurrentYearDuration_NonConsolidatedMember_ResultMember	/disc/58700/081220260515537640_tse-anedjpsm-58700-20260515358700-ixbrl.htm
2026-05-15		当期	単体	実績		投資キャッシュフロー	CashFlowsFromInvestingActivities	-84000000	JPY	84	CurrentYearDuration_NonConsolidatedMember_ResultMember	/disc/58700/081220260515537640_tse-anedjpsm-58700-20260515358700-ixbrl.htm
2026-05-15		当期	単体	実績		財務キャッシュフロー	CashFlowsFromFinancingActivities	-588000000	JPY	588	CurrentYearDuration_NonConsolidatedMember_ResultMember	/disc/58700/081220260515537640_tse-anedjpsm-58700-20260515358700-ixbrl.htm
2026-05-15		当期	単体	実績		現金及び現金同等物の期末残高	CashAndEquivalentsEndOfPeriod	995000000	JPY	995	CurrentYearInstant_NonConsolidatedMember_ResultMember	/disc/58700/081220260515537640_tse-anedjpsm-58700-20260515358700-ixbrl.htm
2026-05-15		前期	単体	実績		営業キャッシュフロー	CashFlowsFromOperatingActivities	427000000	JPY	427	PriorYearDuration_NonConsolidatedMember_ResultMember	/disc/58700/081220260515537640_tse-anedjpsm-58700-20260515358700-ixbrl.htm
2026-05-15		前期	単体	実績		投資キャッシュフロー	CashFlowsFromInvestingActivities	-91000000	JPY	91	PriorYearDuration_NonConsolidatedMember_ResultMember	/disc/58700/081220260515537640_tse-anedjpsm-58700-20260515358700-ixbrl.htm
2026-05-15		前期	単体	実績		財務キャッシュフロー	CashFlowsFromFinancingActivities	-503000000	JPY	503	PriorYearDuration_NonConsolidatedMember_ResultMember	/disc/58700/081220260515537640_tse-anedjpsm-58700-20260515358700-ixbrl.htm
2026-05-15		前期	単体	実績		現金及び現金同等物の期末残高	CashAndEquivalentsEndOfPeriod	829000000	JPY	829	PriorYearInstant_NonConsolidatedMember_ResultMember	/disc/58700/081220260515537640_tse-anedjpsm-58700-20260515358700-ixbrl.htm
2026-05-15		前期	単体	実績	第2四半期末	1株当たり配当金	DividendPerShare	0.00	JPYPerShares	0.00	PriorYearDuration_SecondQuarterMember_NonConsolidatedMember_ResultMember	/disc/58700/081220260515537640_tse-anedjpsm-58700-20260515358700-ixbrl.htm
2026-05-15		前期	単体	実績	期末	1株当たり配当金	DividendPerShare	15.00	JPYPerShares	15.00	PriorYearDuration_YearEndMember_NonConsolidatedMember_ResultMember	/disc/58700/081220260515537640_tse-anedjpsm-58700-20260515358700-ixbrl.htm
2026-05-15		前期	単体	実績	合計	1株当たり配当金	DividendPerShare	15.00	JPYPerShares	15.00	PriorYearDuration_AnnualMember_NonConsolidatedMember_ResultMember	/disc/58700/081220260515537640_tse-anedjpsm-58700-20260515358700-ixbrl.htm
2026-05-15		前期	単体	実績	合計	配当金総額	TotalDividendPaidAnnual	79000000	JPY	79	PriorYearDuration_AnnualMember_NonConsolidatedMember_ResultMember	/disc/58700/081220260515537640_tse-anedjpsm-58700-20260515358700-ixbrl.htm
2026-05-15		前期	単体	実績	合計	配当性向	PayoutRatio	0.336	Pure	33.6	PriorYearDuration_AnnualMember_NonConsolidatedMember_ResultMember	/disc/58700/081220260515537640_tse-anedjpsm-58700-20260515358700-ixbrl.htm
2026-05-15		前期	単体	実績	合計	純資産配当率	RatioOfTotalAmountOfDividendsToNetAssets	0.024	Pure	2.4	PriorYearDuration_AnnualMember_NonConsolidatedMember_ResultMember	/disc/58700/081220260515537640_tse-anedjpsm-58700-20260515358700-ixbrl.htm
2026-05-15		当期	単体	実績	第2四半期末	1株当たり配当金	DividendPerShare	0.00	JPYPerShares	0.00	CurrentYearDuration_SecondQuarterMember_NonConsolidatedMember_ResultMember	/disc/58700/081220260515537640_tse-anedjpsm-58700-20260515358700-ixbrl.htm
2026-05-15		当期	単体	実績	期末	1株当たり配当金	DividendPerShare	29.00	JPYPerShares	29.00	CurrentYearDuration_YearEndMember_NonConsolidatedMember_ResultMember	/disc/58700/081220260515537640_tse-anedjpsm-58700-20260515358700-ixbrl.htm
2026-05-15		当期	単体	実績	合計	1株当たり配当金	DividendPerShare	29.00	JPYPerShares	29.00	CurrentYearDuration_AnnualMember_NonConsolidatedMember_ResultMember	/disc/58700/081220260515537640_tse-anedjpsm-58700-20260515358700-ixbrl.htm
2026-05-15		当期	単体	実績	合計	配当金総額	TotalDividendPaidAnnual	154000000	JPY	154	CurrentYearDuration_AnnualMember_NonConsolidatedMember_ResultMember	/disc/58700/081220260515537640_tse-anedjpsm-58700-20260515358700-ixbrl.htm
2026-05-15		当期	単体	実績	合計	配当性向	PayoutRatio	0.308	Pure	30.8	CurrentYearDuration_AnnualMember_NonConsolidatedMember_ResultMember	/disc/58700/081220260515537640_tse-anedjpsm-58700-20260515358700-ixbrl.htm
2026-05-15		当期	単体	実績	合計	純資産配当率	RatioOfTotalAmountOfDividendsToNetAssets	0.042	Pure	4.2	CurrentYearDuration_AnnualMember_NonConsolidatedMember_ResultMember	/disc/58700/081220260515537640_tse-anedjpsm-58700-20260515358700-ixbrl.htm
2026-05-15		来期	単体	予想	第2四半期末	1株当たり配当金	DividendPerShare	0.00	JPYPerShares	0.00	NextYearDuration_SecondQuarterMember_NonConsolidatedMember_ForecastMember	/disc/58700/081220260515537640_tse-anedjpsm-58700-20260515358700-ixbrl.htm
2026-05-15		来期	単体	予想	期末	1株当たり配当金	DividendPerShare	30.00	JPYPerShares	30.00	NextYearDuration_YearEndMember_NonConsolidatedMember_ForecastMember	/disc/58700/081220260515537640_tse-anedjpsm-58700-20260515358700-ixbrl.htm
2026-05-15		来期	単体	予想	合計	1株当たり配当金	DividendPerShare	30.00	JPYPerShares	30.00	NextYearDuration_AnnualMember_NonConsolidatedMember_ForecastMember	/disc/58700/081220260515537640_tse-anedjpsm-58700-20260515358700-ixbrl.htm
2026-05-15		来期	単体	予想	合計	配当性向	PayoutRatio	0.312	Pure	31.2	NextYearDuration_AnnualMember_NonConsolidatedMember_ForecastMember	/disc/58700/081220260515537640_tse-anedjpsm-58700-20260515358700-ixbrl.htm
2026-05-15		来期	単体	予想		業績予想の見出し	TitleForForecasts			３．2027年３月期の業績予想（2026年４月１日～2027年３月31日）	NextYearDuration_NonConsolidatedMember_ForecastMember	/disc/58700/081220260515537640_tse-anedjpsm-58700-20260515358700-ixbrl.htm
2026-05-15			単体	予想		売上高	NetSales	4976000000	JPY	4,976	NextAccumulatedQ2Duration_NonConsolidatedMember_ForecastMember	/disc/58700/081220260515537640_tse-anedjpsm-58700-20260515358700-ixbrl.htm
2026-05-15			単体	予想		売上高の増減率	ChangeInNetSales	0.076	Pure	7.6	NextAccumulatedQ2Duration_NonConsolidatedMember_ForecastMember	/disc/58700/081220260515537640_tse-anedjpsm-58700-20260515358700-ixbrl.htm
2026-05-15			単体	予想		営業利益	OperatingIncome	399000000	JPY	399	NextAccumulatedQ2Duration_NonConsolidatedMember_ForecastMember	/disc/58700/081220260515537640_tse-anedjpsm-58700-20260515358700-ixbrl.htm
2026-05-15			単体	予想		営業利益の増減率	ChangeInOperatingIncome	0.020	Pure	2.0	NextAccumulatedQ2Duration_NonConsolidatedMember_ForecastMember	/disc/58700/081220260515537640_tse-anedjpsm-58700-20260515358700-ixbrl.htm
2026-05-15			単体	予想		経常利益	OrdinaryIncome	391000000	JPY	391	NextAccumulatedQ2Duration_NonConsolidatedMember_ForecastMember	/disc/58700/081220260515537640_tse-anedjpsm-58700-20260515358700-ixbrl.htm
2026-05-15			単体	予想		経常利益の増減率	ChangeInOrdinaryIncome	0.019	Pure	1.9	NextAccumulatedQ2Duration_NonConsolidatedMember_ForecastMember	/disc/58700/081220260515537640_tse-anedjpsm-58700-20260515358700-ixbrl.htm
2026-05-15			単体	予想		当期純利益	NetIncome	235000000	JPY	235	NextAccumulatedQ2Duration_NonConsolidatedMember_ForecastMember	/disc/58700/081220260515537640_tse-anedjpsm-58700-20260515358700-ixbrl.htm
2026-05-15			単体	予想		当期純利益の増減率	ChangeInNetIncome	0.002	Pure	0.2	NextAccumulatedQ2Duration_NonConsolidatedMember_ForecastMember	/disc/58700/081220260515537640_tse-anedjpsm-58700-20260515358700-ixbrl.htm
2026-05-15			単体	予想		1株当たり当期純利益	NetIncomePerShare	44.18	JPYPerShares	44.18	NextAccumulatedQ2Duration_NonConsolidatedMember_ForecastMember	/disc/58700/081220260515537640_tse-anedjpsm-58700-20260515358700-ixbrl.htm
2026-05-15		来期	単体	予想		売上高	NetSales	10767000000	JPY	10,767	NextYearDuration_NonConsolidatedMember_ForecastMember	/disc/58700/081220260515537640_tse-anedjpsm-58700-20260515358700-ixbrl.htm
2026-05-15		来期	単体	予想		売上高の増減率	ChangeInNetSales	0.085	Pure	8.5	NextYearDuration_NonConsolidatedMember_ForecastMember	/disc/58700/081220260515537640_tse-anedjpsm-58700-20260515358700-ixbrl.htm
2026-05-15		来期	単体	予想		営業利益	OperatingIncome	860000000	JPY	860	NextYearDuration_NonConsolidatedMember_ForecastMember	/disc/58700/081220260515537640_tse-anedjpsm-58700-20260515358700-ixbrl.htm
2026-05-15		来期	単体	予想		営業利益の増減率	ChangeInOperatingIncome	0.060	Pure	6.0	NextYearDuration_NonConsolidatedMember_ForecastMember	/disc/58700/081220260515537640_tse-anedjpsm-58700-20260515358700-ixbrl.htm
2026-05-15		来期	単体	予想		経常利益	OrdinaryIncome	847000000	JPY	847	NextYearDuration_NonConsolidatedMember_ForecastMember	/disc/58700/081220260515537640_tse-anedjpsm-58700-20260515358700-ixbrl.htm
2026-05-15		来期	単体	予想		経常利益の増減率	ChangeInOrdinaryIncome	0.060	Pure	6.0	NextYearDuration_NonConsolidatedMember_ForecastMember	/disc/58700/081220260515537640_tse-anedjpsm-58700-20260515358700-ixbrl.htm
2026-05-15		来期	単体	予想		当期純利益	NetIncome	512000000	JPY	512	NextYearDuration_NonConsolidatedMember_ForecastMember	/disc/58700/081220260515537640_tse-anedjpsm-58700-20260515358700-ixbrl.htm
2026-05-15		来期	単体	予想		当期純利益の増減率	ChangeInNetIncome	0.022	Pure	2.2	NextYearDuration_NonConsolidatedMember_ForecastMember	/disc/58700/081220260515537640_tse-anedjpsm-58700-20260515358700-ixbrl.htm
2026-05-15		来期	単体	予想		1株当たり当期純利益	NetIncomePerShare	96.20	JPYPerShares	96.20	NextYearDuration_NonConsolidatedMember_ForecastMember	/disc/58700/081220260515537640_tse-anedjpsm-58700-20260515358700-ixbrl.htm
2026-05-15		当期	単体	実績		会計基準等の改正に伴う変更	ChangesBasedOnRevisionsOfAccountingStandard			無	CurrentYearDuration_NonConsolidatedMember_ResultMember	/disc/58700/081220260515537640_tse-anedjpsm-58700-20260515358700-ixbrl.htm
2026-05-15		当期	単体	実績		それ以外の会計方針の変更	ChangesOtherThanOnesBasedOnRevisionsOfAccountingStandard			無	CurrentYearDuration_NonConsolidatedMember_ResultMember	/disc/58700/081220260515537640_tse-anedjpsm-58700-20260515358700-ixbrl.htm
2026-05-15		当期	単体	実績		会計上の見積りの変更	ChangesInAccountingEstimates			無	CurrentYearDuration_NonConsolidatedMember_ResultMember	/disc/58700/081220260515537640_tse-anedjpsm-58700-20260515358700-ixbrl.htm
2026-05-15		当期	単体	実績		修正再表示	RetrospectiveRestatement			無	CurrentYearDuration_NonConsolidatedMember_ResultMember	/disc/58700/081220260515537640_tse-anedjpsm-58700-20260515358700-ixbrl.htm
2026-05-15		当期	単体	実績		期末発行済株式数(自己株式を含む)	NumberOfIssuedAndOutstandingSharesAtTheEndOfFiscalYearIncludingTreasuryStock	5332100	Shares	5,332,100	CurrentYearInstant_NonConsolidatedMember_ResultMember	/disc/58700/081220260515537640_tse-anedjpsm-58700-20260515358700-ixbrl.htm
2026-05-15		前期	単体	実績		期末発行済株式数(自己株式を含む)	NumberOfIssuedAndOutstandingSharesAtTheEndOfFiscalYearIncludingTreasuryStock	5332100	Shares	5,332,100	PriorYearInstant_NonConsolidatedMember_ResultMember	/disc/58700/081220260515537640_tse-anedjpsm-58700-20260515358700-ixbrl.htm
2026-05-15		当期	単体	実績		期中平均株式数	AverageNumberOfShares	5332100	Shares	5,332,100	CurrentYearDuration_NonConsolidatedMember_ResultMember	/disc/58700/081220260515537640_tse-anedjpsm-58700-20260515358700-ixbrl.htm
2026-05-15		前期	単体	実績		期中平均株式数	AverageNumberOfShares	5332100	Shares	5,332,100	PriorYearDuration_NonConsolidatedMember_ResultMember	/disc/58700/081220260515537640_tse-anedjpsm-58700-20260515358700-ixbrl.htm
2026-05-15		来期				将来情報の利用に関する注意	NotesForUsingForecastedInformationAndOthers			(業績見通し等の将来に関する記述等について)本資料に記載されている業績見通し等の将来に関する記述は、当社が現在入手している情報及び合理的であると判断する一定の前提に基づいており、その達成を当社として約束する趣旨のものではありません。また、実際の業績等は様々な要因により大きく異なる可能性があります。業績予想の前提となる条件及び業績予想のご利用にあたっての注意事項等については、[添付資料]３ページ「１．経営成績等の概況（４）今後の見通し」をご覧ください。(決算説明会、決算補足説明資料の入手方法について)当社は、2026年６月２日（火）にアナリスト及び機関投資家向け決算説明会を開催いたします。決算補足説明資料については、「事業計画及び成長可能性に関する事項」と併せて、当社ホームページで2026年５月15日(金)に開示予定です。	NextYearDuration	/disc/58700/081220260515537640_tse-anedjpsm-58700-20260515358700-ixbrl.htm
2026-05-15		当期					TokyoStockExchangePrime			false	CurrentYearInstant	/disc/58700/081220260515537640_tse-anedjpsm-58700-20260515358700-ixbrl.htm
2026-05-15		当期					TokyoStockExchangeStandard			false	CurrentYearInstant	/disc/58700/081220260515537640_tse-anedjpsm-58700-20260515358700-ixbrl.htm
2026-05-15		当期					TokyoStockExchangeGrowth			true	CurrentYearInstant	/disc/58700/081220260515537640_tse-anedjpsm-58700-20260515358700-ixbrl.htm
2026-05-15		当期					TokyoStockExchange1stSection			false	CurrentYearInstant	/disc/58700/081220260515537640_tse-anedjpsm-58700-20260515358700-ixbrl.htm
2026-05-15		当期					TokyoStockExchange2ndSection			false	CurrentYearInstant	/disc/58700/081220260515537640_tse-anedjpsm-58700-20260515358700-ixbrl.htm
2026-05-15		当期					TokyoStockExchangeMothers			false	CurrentYearInstant	/disc/58700/081220260515537640_tse-anedjpsm-58700-20260515358700-ixbrl.htm
2026-05-15		当期					TokyoStockExchangeJASDAQ			false	CurrentYearInstant	/disc/58700/081220260515537640_tse-anedjpsm-58700-20260515358700-ixbrl.htm
2026-05-15		当期					TokyoStockExchangePROMarket			false	CurrentYearInstant	/disc/58700/081220260515537640_tse-anedjpsm-58700-20260515358700-ixbrl.htm
2026-05-15		当期					TokyoStockExchangeOthers			false	CurrentYearInstant	/disc/58700/081220260515537640_tse-anedjpsm-58700-20260515358700-ixbrl.htm
2026-05-15		当期					NagoyaStockExchange1stSection			false	CurrentYearInstant	/disc/58700/081220260515537640_tse-anedjpsm-58700-20260515358700-ixbrl.htm
2026-05-15		当期					NagoyaStockExchange2ndSection			false	CurrentYearInstant	/disc/58700/081220260515537640_tse-anedjpsm-58700-20260515358700-ixbrl.htm
2026-05-15		当期					NagoyaStockExchangeCentrex			false	CurrentYearInstant	/disc/58700/081220260515537640_tse-anedjpsm-58700-20260515358700-ixbrl.htm
2026-05-15		当期					NagoyaStockExchangeOthers			false	CurrentYearInstant	/disc/58700/081220260515537640_tse-anedjpsm-58700-20260515358700-ixbrl.htm
2026-05-15		当期					SapporoStockExchangeEstablished			false	CurrentYearInstant	/disc/58700/081220260515537640_tse-anedjpsm-58700-20260515358700-ixbrl.htm
2026-05-15		当期					SapporoStockExchangeAmbitious			false	CurrentYearInstant	/disc/58700/081220260515537640_tse-anedjpsm-58700-20260515358700-ixbrl.htm
2026-05-15		当期					SapporoStockExchangeOthers			false	CurrentYearInstant	/disc/58700/081220260515537640_tse-anedjpsm-58700-20260515358700-ixbrl.htm
2026-05-15		当期					FukuokaStockExchangeEstablished			false	CurrentYearInstant	/disc/58700/081220260515537640_tse-anedjpsm-58700-20260515358700-ixbrl.htm
2026-05-15		当期					FukuokaStockExchangeQBoard			false	CurrentYearInstant	/disc/58700/081220260515537640_tse-anedjpsm-58700-20260515358700-ixbrl.htm
2026-05-15		当期					FukuokaStockExchangeOthers			false	CurrentYearInstant	/disc/58700/081220260515537640_tse-anedjpsm-58700-20260515358700-ixbrl.htm
2026-05-15		当期					JapanSecuritiesDealersAssociationGreenSheet			false	CurrentYearInstant	/disc/58700/081220260515537640_tse-anedjpsm-58700-20260515358700-ixbrl.htm
2026-05-15		当期					GeneralBusiness			true	CurrentYearInstant	/disc/58700/081220260515537640_tse-anedjpsm-58700-20260515358700-ixbrl.htm
2026-05-15		当期					SpecificBusiness			false	CurrentYearInstant	/disc/58700/081220260515537640_tse-anedjpsm-58700-20260515358700-ixbrl.htm
2026-05-15		当期				決算期末	FiscalYearEnd			2026-03-31	CurrentYearInstant	/disc/58700/081220260515537640_tse-anedjpsm-58700-20260515358700-ixbrl.htm
2026-08-12		当期第1四半期累計				書類名	DocumentName			第１四半期決算短信〔日本基準〕(非連結)	CurrentAccumulatedQ1Instant	/disc/58700/081220260812517745_tse-qnedjpsm-58700-20260812358700-ixbrl.htm
2026-08-12		当期第1四半期累計				提出日	FilingDate			2026年８月12日	CurrentAccumulatedQ1Instant	/disc/58700/081220260812517745_tse-qnedjpsm-58700-20260812358700-ixbrl.htm
2026-08-12		当期第1四半期累計				会社名	CompanyName			株式会社ナルネットコミュニケーションズ	CurrentAccumulatedQ1Instant	/disc/58700/081220260812517745_tse-qnedjpsm-58700-20260812358700-ixbrl.htm
2026-08-12		当期第1四半期累計					TokyoStockExchange			東	CurrentAccumulatedQ1Instant	/disc/58700/081220260812517745_tse-qnedjpsm-58700-20260812358700-ixbrl.htm
2026-08-12		当期第1四半期累計				証券コード	SecuritiesCode			58700	CurrentAccumulatedQ1Instant	/disc/58700/081220260812517745_tse-qnedjpsm-58700-20260812358700-ixbrl.htm
2026-08-12		当期第1四半期累計				URL	URL			https://www.nal-mt.co.jp/	CurrentAccumulatedQ1Instant	/disc/58700/081220260812517745_tse-qnedjpsm-58700-20260812358700-ixbrl.htm
2026-08-12		当期第1四半期累計				代表者の役職	TitleRepresentative			代表取締役社長	CurrentAccumulatedQ1Instant	/disc/58700/081220260812517745_tse-qnedjpsm-58700-20260812358700-ixbrl.htm
2026-08-12		当期第1四半期累計				代表者名	NameRepresentative			田中 慎二郎	CurrentAccumulatedQ1Instant	/disc/58700/081220260812517745_tse-qnedjpsm-58700-20260812358700-ixbrl.htm
2026-08-12		当期第1四半期累計					TitleInquiries			常務取締役	CurrentAccumulatedQ1Instant	/disc/58700/081220260812517745_tse-qnedjpsm-58700-20260812358700-ixbrl.htm
2026-08-12		当期第1四半期累計					NameInquiries			東村 大介	CurrentAccumulatedQ1Instant	/disc/58700/081220260812517745_tse-qnedjpsm-58700-20260812358700-ixbrl.htm
2026-08-12		当期第1四半期累計					Tel			0568(20)9111	CurrentAccumulatedQ1Instant	/disc/58700/081220260812517745_tse-qnedjpsm-58700-20260812358700-ixbrl.htm
2026-08-12		当期第1四半期累計					SupplementalMaterialOfResults			有	CurrentAccumulatedQ1Instant	/disc/58700/081220260812517745_tse-qnedjpsm-58700-20260812358700-ixbrl.htm
2026-08-12		当期第1四半期累計					ConveningBriefingOfResults			無	CurrentAccumulatedQ1Instant	/disc/58700/081220260812517745_tse-qnedjpsm-58700-20260812358700-ixbrl.htm
2026-08-12		当期第1四半期累計					NoteToFractionProcessingMethod			(百万円未満切捨て)	CurrentAccumulatedQ1Instant	/disc/58700/081220260812517745_tse-qnedjpsm-58700-20260812358700-ixbrl.htm
2026-08-12		当期第1四半期累計	単体	実績		売上高	NetSales	2500000000	JPY	2,500	CurrentAccumulatedQ1Duration_NonConsolidatedMember_ResultMember	/disc/58700/081220260812517745_tse-qnedjpsm-58700-20260812358700-ixbrl.htm
2026-08-12		当期第1四半期累計	単体	実績		売上高の増減率	ChangeInNetSales	0.093	Pure	9.3	CurrentAccumulatedQ1Duration_NonConsolidatedMember_ResultMember	/disc/58700/081220260812517745_tse-qnedjpsm-58700-20260812358700-ixbrl.htm
2026-08-12		当期第1四半期累計	単体	実績		営業利益	OperatingIncome	213000000	JPY	213	CurrentAccumulatedQ1Duration_NonConsolidatedMember_ResultMember	/disc/58700/081220260812517745_tse-qnedjpsm-58700-20260812358700-ixbrl.htm
2026-08-12		当期第1四半期累計	単体	実績		営業利益の増減率	ChangeInOperatingIncome	0.793	Pure	79.3	CurrentAccumulatedQ1Duration_NonConsolidatedMember_ResultMember	/disc/58700/081220260812517745_tse-qnedjpsm-58700-20260812358700-ixbrl.htm
2026-08-12		当期第1四半期累計	単体	実績		経常利益	OrdinaryIncome	210000000	JPY	210	CurrentAccumulatedQ1Duration_NonConsolidatedMember_ResultMember	/disc/58700/081220260812517745_tse-qnedjpsm-58700-20260812358700-ixbrl.htm
2026-08-12		当期第1四半期累計	単体	実績		経常利益の増減率	ChangeInOrdinaryIncome	0.824	Pure	82.4	CurrentAccumulatedQ1Duration_NonConsolidatedMember_ResultMember	/disc/58700/081220260812517745_tse-qnedjpsm-58700-20260812358700-ixbrl.htm
2026-08-12		当期第1四半期累計	単体	実績		当期純利益	NetIncome	127000000	JPY	127	CurrentAccumulatedQ1Duration_NonConsolidatedMember_ResultMember	/disc/58700/081220260812517745_tse-qnedjpsm-58700-20260812358700-ixbrl.htm
2026-08-12		当期第1四半期累計	単体	実績		当期純利益の増減率	ChangeInNetIncome	0.889	Pure	88.9	CurrentAccumulatedQ1Duration_NonConsolidatedMember_ResultMember	/disc/58700/081220260812517745_tse-qnedjpsm-58700-20260812358700-ixbrl.htm
2026-08-12		前期第1四半期累計	単体	実績		売上高	NetSales	2287000000	JPY	2,287	PriorAccumulatedQ1Duration_NonConsolidatedMember_ResultMember	/disc/58700/081220260812517745_tse-qnedjpsm-58700-20260812358700-ixbrl.htm
2026-08-12		前期第1四半期累計	単体	実績		売上高の増減率	ChangeInNetSales	0.204	Pure	20.4	PriorAccumulatedQ1Duration_NonConsolidatedMember_ResultMember	/disc/58700/081220260812517745_tse-qnedjpsm-58700-20260812358700-ixbrl.htm
2026-08-12		前期第1四半期累計	単体	実績		営業利益	OperatingIncome	119000000	JPY	119	PriorAccumulatedQ1Duration_NonConsolidatedMember_ResultMember	/disc/58700/081220260812517745_tse-qnedjpsm-58700-20260812358700-ixbrl.htm
2026-08-12		前期第1四半期累計	単体	実績		営業利益の増減率	ChangeInOperatingIncome	1.116	Pure	111.6	PriorAccumulatedQ1Duration_NonConsolidatedMember_ResultMember	/disc/58700/081220260812517745_tse-qnedjpsm-58700-20260812358700-ixbrl.htm
2026-08-12		前期第1四半期累計	単体	実績		経常利益	OrdinaryIncome	115000000	JPY	115	PriorAccumulatedQ1Duration_NonConsolidatedMember_ResultMember	/disc/58700/081220260812517745_tse-qnedjpsm-58700-20260812358700-ixbrl.htm
2026-08-12		前期第1四半期累計	単体	実績		経常利益の増減率	ChangeInOrdinaryIncome	1.147	Pure	114.7	PriorAccumulatedQ1Duration_NonConsolidatedMember_ResultMember	/disc/58700/081220260812517745_tse-qnedjpsm-58700-20260812358700-ixbrl.htm
2026-08-12		前期第1四半期累計	単体	実績		当期純利益	NetIncome	67000000	JPY	67	PriorAccumulatedQ1Duration_NonConsolidatedMember_ResultMember	/disc/58700/081220260812517745_tse-qnedjpsm-58700-20260812358700-ixbrl.htm
2026-08-12		前期第1四半期累計	単体	実績		当期純利益の増減率	ChangeInNetIncome	1.631	Pure	163.1	PriorAccumulatedQ1Duration_NonConsolidatedMember_ResultMember	/disc/58700/081220260812517745_tse-qnedjpsm-58700-20260812358700-ixbrl.htm
2026-08-12		当期第1四半期累計	単体	実績		1株当たり当期純利益	NetIncomePerShare	23.94	JPYPerShares	23.94	CurrentAccumulatedQ1Duration_NonConsolidatedMember_ResultMember	/disc/58700/081220260812517745_tse-qnedjpsm-58700-20260812358700-ixbrl.htm
2026-08-12		前期第1四半期累計	単体	実績		1株当たり当期純利益	NetIncomePerShare	12.68	JPYPerShares	12.68	PriorAccumulatedQ1Duration_NonConsolidatedMember_ResultMember	/disc/58700/081220260812517745_tse-qnedjpsm-58700-20260812358700-ixbrl.htm
2026-08-12		当期第1四半期累計	単体	実績		経営成績の注記	NoteToOperatingResults			(注) 潜在株式調整後１株当たり四半期純利益については、希薄化効果を有している潜在株式が存在しないため、記載しておりません。	CurrentAccumulatedQ1Duration_NonConsolidatedMember_ResultMember	/disc/58700/081220260812517745_tse-qnedjpsm-58700-20260812358700-ixbrl.htm
2026-08-12		当期第1四半期累計	単体	実績		総資産	TotalAssets	9435000000	JPY	9,435	CurrentAccumulatedQ1Instant_NonConsolidatedMember_ResultMember	/disc/58700/081220260812517745_tse-qnedjpsm-58700-20260812358700-ixbrl.htm
2026-08-12		当期第1四半期累計	単体	実績		純資産	NetAssets	3827000000	JPY	3,827	CurrentAccumulatedQ1Instant_NonConsolidatedMember_ResultMember	/disc/58700/081220260812517745_tse-qnedjpsm-58700-20260812358700-ixbrl.htm
2026-08-12		当期第1四半期累計	単体	実績		自己資本比率	CapitalAdequacyRatio	0.406	Pure	40.6	CurrentAccumulatedQ1Instant_NonConsolidatedMember_ResultMember	/disc/58700/081220260812517745_tse-qnedjpsm-58700-20260812358700-ixbrl.htm
2026-08-12		前期	単体	実績		総資産	TotalAssets	9995000000	JPY	9,995	PriorYearInstant_NonConsolidatedMember_ResultMember	/disc/58700/081220260812517745_tse-qnedjpsm-58700-20260812358700-ixbrl.htm
2026-08-12		前期	単体	実績		純資産	NetAssets	3853000000	JPY	3,853	PriorYearInstant_NonConsolidatedMember_ResultMember	/disc/58700/081220260812517745_tse-qnedjpsm-58700-20260812358700-ixbrl.htm
2026-08-12		前期	単体	実績		自己資本比率	CapitalAdequacyRatio	0.386	Pure	38.6	PriorYearInstant_NonConsolidatedMember_ResultMember	/disc/58700/081220260812517745_tse-qnedjpsm-58700-20260812358700-ixbrl.htm
2026-08-12		当期第1四半期累計	単体	実績		自己資本	OwnersEquity	3827000000	JPY	3,827	CurrentAccumulatedQ1Instant_NonConsolidatedMember_ResultMember	/disc/58700/081220260812517745_tse-qnedjpsm-58700-20260812358700-ixbrl.htm
2026-08-12		前期	単体	実績		自己資本	OwnersEquity	3853000000	JPY	3,853	PriorYearInstant_NonConsolidatedMember_ResultMember	/disc/58700/081220260812517745_tse-qnedjpsm-58700-20260812358700-ixbrl.htm
2026-08-12		前期	単体	実績	第2四半期末	1株当たり配当金	DividendPerShare	0.00	JPYPerShares	0.00	PriorYearDuration_SecondQuarterMember_NonConsolidatedMember_ResultMember	/disc/58700/081220260812517745_tse-qnedjpsm-58700-20260812358700-ixbrl.htm
2026-08-12		前期	単体	実績	期末	1株当たり配当金	DividendPerShare	29.00	JPYPerShares	29.00	PriorYearDuration_YearEndMember_NonConsolidatedMember_ResultMember	/disc/58700/081220260812517745_tse-qnedjpsm-58700-20260812358700-ixbrl.htm
2026-08-12		前期	単体	実績	合計	1株当たり配当金	DividendPerShare	29.00	JPYPerShares	29.00	PriorYearDuration_AnnualMember_NonConsolidatedMember_ResultMember	/disc/58700/081220260812517745_tse-qnedjpsm-58700-20260812358700-ixbrl.htm
2026-08-12		当期	単体	予想	第2四半期末	1株当たり配当金	DividendPerShare	0.00	JPYPerShares	0.00	CurrentYearDuration_SecondQuarterMember_NonConsolidatedMember_ForecastMember	/disc/58700/081220260812517745_tse-qnedjpsm-58700-20260812358700-ixbrl.htm
2026-08-12		当期	単体	予想	期末	1株当たり配当金	DividendPerShare	30.00	JPYPerShares	30.00	CurrentYearDuration_YearEndMember_NonConsolidatedMember_ForecastMember	/disc/58700/081220260812517745_tse-qnedjpsm-58700-20260812358700-ixbrl.htm
2026-08-12		当期	単体	予想	合計	1株当たり配当金	DividendPerShare	30.00	JPYPerShares	30.00	CurrentYearDuration_AnnualMember_NonConsolidatedMember_ForecastMember	/disc/58700/081220260812517745_tse-qnedjpsm-58700-20260812358700-ixbrl.htm
2026-08-12		当期	単体	実績	合計	当四半期における配当予想の修正	CorrectionOfDividendForecastInThisQuarter			無	CurrentYearDuration_AnnualMember_NonConsolidatedMember_ResultMember	/disc/58700/081220260812517745_tse-qnedjpsm-58700-20260812358700-ixbrl.htm
2026-08-12		当期	単体	予想		業績予想の見出し	TitleForForecasts			３．2027年３月期の業績予想（2026年４月１日～2027年３月31日）	CurrentYearDuration_NonConsolidatedMember_ForecastMember	/disc/58700/081220260812517745_tse-qnedjpsm-58700-20260812358700-ixbrl.htm
2026-08-12		当期第2四半期累計	単体	予想		売上高	NetSales	4976000000	JPY	4,976	CurrentAccumulatedQ2Duration_NonConsolidatedMember_ForecastMember	/disc/58700/081220260812517745_tse-qnedjpsm-58700-20260812358700-ixbrl.htm
2026-08-12		当期第2四半期累計	単体	予想		売上高の増減率	ChangeInNetSales	0.076	Pure	7.6	CurrentAccumulatedQ2Duration_NonConsolidatedMember_ForecastMember	/disc/58700/081220260812517745_tse-qnedjpsm-58700-20260812358700-ixbrl.htm
2026-08-12		当期第2四半期累計	単体	予想		営業利益	OperatingIncome	399000000	JPY	399	CurrentAccumulatedQ2Duration_NonConsolidatedMember_ForecastMember	/disc/58700/081220260812517745_tse-qnedjpsm-58700-20260812358700-ixbrl.htm
2026-08-12		当期第2四半期累計	単体	予想		営業利益の増減率	ChangeInOperatingIncome	0.020	Pure	2.0	CurrentAccumulatedQ2Duration_NonConsolidatedMember_ForecastMember	/disc/58700/081220260812517745_tse-qnedjpsm-58700-20260812358700-ixbrl.htm
2026-08-12		当期第2四半期累計	単体	予想		経常利益	OrdinaryIncome	391000000	JPY	391	CurrentAccumulatedQ2Duration_NonConsolidatedMember_ForecastMember	/disc/58700/081220260812517745_tse-qnedjpsm-58700-20260812358700-ixbrl.htm
2026-08-12		当期第2四半期累計	単体	予想		経常利益の増減率	ChangeInOrdinaryIncome	0.019	Pure	1.9	CurrentAccumulatedQ2Duration_NonConsolidatedMember_ForecastMember	/disc/58700/081220260812517745_tse-qnedjpsm-58700-20260812358700-ixbrl.htm
2026-08-12		当期第2四半期累計	単体	予想		当期純利益	NetIncome	235000000	JPY	235	CurrentAccumulatedQ2Duration_NonConsolidatedMember_ForecastMember	/disc/58700/081220260812517745_tse-qnedjpsm-58700-20260812358700-ixbrl.htm
2026-08-12		当期第2四半期累計	単体	予想		当期純利益の増減率	ChangeInNetIncome	0.002	Pure	0.2	CurrentAccumulatedQ2Duration_NonConsolidatedMember_ForecastMember	/disc/58700/081220260812517745_tse-qnedjpsm-58700-20260812358700-ixbrl.htm
2026-08-12		当期第2四半期累計	単体	予想		1株当たり当期純利益	NetIncomePerShare	44.18	JPYPerShares	44.18	CurrentAccumulatedQ2Duration_NonConsolidatedMember_ForecastMember	/disc/58700/081220260812517745_tse-qnedjpsm-58700-20260812358700-ixbrl.htm
2026-08-12		当期	単体	予想		売上高	NetSales	10767000000	JPY	10,767	CurrentYearDuration_NonConsolidatedMember_ForecastMember	/disc/58700/081220260812517745_tse-qnedjpsm-58700-20260812358700-ixbrl.htm
2026-08-12		当期	単体	予想		売上高の増減率	ChangeInNetSales	0.085	Pure	8.5	CurrentYearDuration_NonConsolidatedMember_ForecastMember	/disc/58700/081220260812517745_tse-qnedjpsm-58700-20260812358700-ixbrl.htm
2026-08-12		当期	単体	予想		営業利益	OperatingIncome	860000000	JPY	860	CurrentYearDuration_NonConsolidatedMember_ForecastMember	/disc/58700/081220260812517745_tse-qnedjpsm-58700-20260812358700-ixbrl.htm
2026-08-12		当期	単体	予想		営業利益の増減率	ChangeInOperatingIncome	0.060	Pure	6.0	CurrentYearDuration_NonConsolidatedMember_ForecastMember	/disc/58700/081220260812517745_tse-qnedjpsm-58700-20260812358700-ixbrl.htm
2026-08-12		当期	単体	予想		経常利益	OrdinaryIncome	847000000	JPY	847	CurrentYearDuration_NonConsolidatedMember_ForecastMember	/disc/58700/081220260812517745_tse-qnedjpsm-58700-20260812358700-ixbrl.htm
2026-08-12		当期	単体	予想		経常利益の増減率	ChangeInOrdinaryIncome	0.060	Pure	6.0	CurrentYearDuration_NonConsolidatedMember_ForecastMember	/disc/58700/081220260812517745_tse-qnedjpsm-58700-20260812358700-ixbrl.htm
2026-08-12		当期	単体	予想		当期純利益	NetIncome	512000000	JPY	512	CurrentYearDuration_NonConsolidatedMember_ForecastMember	/disc/58700/081220260812517745_tse-qnedjpsm-58700-20260812358700-ixbrl.htm
2026-08-12		当期	単体	予想		当期純利益の増減率	ChangeInNetIncome	0.022	Pure	2.2	CurrentYearDuration_NonConsolidatedMember_ForecastMember	/disc/58700/081220260812517745_tse-qnedjpsm-58700-20260812358700-ixbrl.htm
2026-08-12		当期	単体	予想		1株当たり当期純利益	NetIncomePerShare	96.20	JPYPerShares	96.20	CurrentYearDuration_NonConsolidatedMember_ForecastMember	/disc/58700/081220260812517745_tse-qnedjpsm-58700-20260812358700-ixbrl.htm
2026-08-12		当期	単体	予想			CorrectionOfFinancialForecastInThisQuarter			無	CurrentYearDuration_NonConsolidatedMember_ForecastMember	/disc/58700/081220260812517745_tse-qnedjpsm-58700-20260812358700-ixbrl.htm
2026-08-12		当期第1四半期累計	単体	実績			ApplyingOfSpecificAccountingOfTheQuarterlyFinancialStatements			無	CurrentAccumulatedQ1Duration_NonConsolidatedMember_ResultMember	/disc/58700/081220260812517745_tse-qnedjpsm-58700-20260812358700-ixbrl.htm
2026-08-12		当期第1四半期累計	単体	実績		会計基準等の改正に伴う変更	ChangesBasedOnRevisionsOfAccountingStandard			無	CurrentAccumulatedQ1Duration_NonConsolidatedMember_ResultMember	/disc/58700/081220260812517745_tse-qnedjpsm-58700-20260812358700-ixbrl.htm
2026-08-12		当期第1四半期累計	単体	実績		それ以外の会計方針の変更	ChangesOtherThanOnesBasedOnRevisionsOfAccountingStandard			無	CurrentAccumulatedQ1Duration_NonConsolidatedMember_ResultMember	/disc/58700/081220260812517745_tse-qnedjpsm-58700-20260812358700-ixbrl.htm
2026-08-12		当期第1四半期累計	単体	実績		会計上の見積りの変更	ChangesInAccountingEstimates			無	CurrentAccumulatedQ1Duration_NonConsolidatedMember_ResultMember	/disc/58700/081220260812517745_tse-qnedjpsm-58700-20260812358700-ixbrl.htm
2026-08-12		当期第1四半期累計	単体	実績		修正再表示	RetrospectiveRestatement			無	CurrentAccumulatedQ1Duration_NonConsolidatedMember_ResultMember	/disc/58700/081220260812517745_tse-qnedjpsm-58700-20260812358700-ixbrl.htm
2026-08-12		当期第1四半期累計	単体	実績		期末発行済株式数(自己株式を含む)	NumberOfIssuedAndOutstandingSharesAtTheEndOfFiscalYearIncludingTreasuryStock	5332100	Shares	5,332,100	CurrentAccumulatedQ1Instant_NonConsolidatedMember_ResultMember	/disc/58700/081220260812517745_tse-qnedjpsm-58700-20260812358700-ixbrl.htm
2026-08-12		前期	単体	実績		期末発行済株式数(自己株式を含む)	NumberOfIssuedAndOutstandingSharesAtTheEndOfFiscalYearIncludingTreasuryStock	5332100	Shares	5,332,100	PriorYearInstant_NonConsolidatedMember_ResultMember	/disc/58700/081220260812517745_tse-qnedjpsm-58700-20260812358700-ixbrl.htm
2026-08-12		当期第1四半期累計	単体	実績		期中平均株式数	AverageNumberOfShares	5332100	Shares	5,332,100	CurrentAccumulatedQ1Duration_NonConsolidatedMember_ResultMember	/disc/58700/081220260812517745_tse-qnedjpsm-58700-20260812358700-ixbrl.htm
2026-08-12		前期第1四半期累計	単体	実績		期中平均株式数	AverageNumberOfShares	5332100	Shares	5,332,100	PriorAccumulatedQ1Duration_NonConsolidatedMember_ResultMember	/disc/58700/081220260812517745_tse-qnedjpsm-58700-20260812358700-ixbrl.htm
2026-08-12		当期第1四半期累計					ReviewOfAttachedQuarterlyFinancialStatementsByACertifiedPublicAccountantOrAnAuditFirm			無	CurrentAccumulatedQ1Duration	/disc/58700/081220260812517745_tse-qnedjpsm-58700-20260812358700-ixbrl.htm
2026-08-12		当期				将来情報の利用に関する注意	NotesForUsingForecastedInformationAndOthers			本資料に記載されている業績見通し等の将来に関する記述は、当社が現在入手している情報及び合理的であると判断する一定の前提に基づいており、実際の業績等は様々な要因により大きく異なる可能性があります。業績予想の前提となる条件及び業績予想のご利用にあたっての注意事項等については、添付資料３ページ「１．経営成績等の概況（３）業績予想などの将来予測情報に関する説明」をご覧ください。	CurrentYearDuration	/disc/58700/081220260812517745_tse-qnedjpsm-58700-20260812358700-ixbrl.htm
2026-08-12		当期第1四半期累計					TokyoStockExchangePrime			false	CurrentAccumulatedQ1Instant	/disc/58700/081220260812517745_tse-qnedjpsm-58700-20260812358700-ixbrl.htm
2026-08-12		当期第1四半期累計					TokyoStockExchangeStandard			false	CurrentAccumulatedQ1Instant	/disc/58700/081220260812517745_tse-qnedjpsm-58700-20260812358700-ixbrl.htm
2026-08-12		当期第1四半期累計					TokyoStockExchangeGrowth			true	CurrentAccumulatedQ1Instant	/disc/58700/081220260812517745_tse-qnedjpsm-58700-20260812358700-ixbrl.htm
2026-08-12		当期第1四半期累計					TokyoStockExchangePROMarket			false	CurrentAccumulatedQ1Instant	/disc/58700/081220260812517745_tse-qnedjpsm-58700-20260812358700-ixbrl.htm
2026-08-12		当期第1四半期累計					TokyoStockExchangeOthers			false	CurrentAccumulatedQ1Instant	/disc/58700/081220260812517745_tse-qnedjpsm-58700-20260812358700-ixbrl.htm
2026-08-12		当期第1四半期累計					NagoyaStockExchange1stSection			false	CurrentAccumulatedQ1Instant	/disc/58700/081220260812517745_tse-qnedjpsm-58700-20260812358700-ixbrl.htm
2026-08-12		当期第1四半期累計					NagoyaStockExchange2ndSection			false	CurrentAccumulatedQ1Instant	/disc/58700/081220260812517745_tse-qnedjpsm-58700-20260812358700-ixbrl.htm
2026-08-12		当期第1四半期累計					NagoyaStockExchangeCentrex			false	CurrentAccumulatedQ1Instant	/disc/58700/081220260812517745_tse-qnedjpsm-58700-20260812358700-ixbrl.htm
2026-08-12		当期第1四半期累計					NagoyaStockExchangeOthers			false	CurrentAccumulatedQ1Instant	/disc/58700/081220260812517745_tse-qnedjpsm-58700-20260812358700-ixbrl.htm
2026-08-12		当期第1四半期累計					SapporoStockExchangeEstablished			false	CurrentAccumulatedQ1Instant	/disc/58700/081220260812517745_tse-qnedjpsm-58700-20260812358700-ixbrl.htm
2026-08-12		当期第1四半期累計					SapporoStockExchangeAmbitious			false	CurrentAccumulatedQ1Instant	/disc/58700/081220260812517745_tse-qnedjpsm-58700-20260812358700-ixbrl.htm
2026-08-12		当期第1四半期累計					SapporoStockExchangeOthers			false	CurrentAccumulatedQ1Instant	/disc/58700/081220260812517745_tse-qnedjpsm-58700-20260812358700-ixbrl.htm
2026-08-12		当期第1四半期累計					FukuokaStockExchangeEstablished			false	CurrentAccumulatedQ1Instant	/disc/58700/081220260812517745_tse-qnedjpsm-58700-20260812358700-ixbrl.htm
2026-08-12		当期第1四半期累計					FukuokaStockExchangeQBoard			false	CurrentAccumulatedQ1Instant	/disc/58700/081220260812517745_tse-qnedjpsm-58700-20260812358700-ixbrl.htm
2026-08-12		当期第1四半期累計					FukuokaStockExchangeOthers			false	CurrentAccumulatedQ1Instant	/disc/58700/081220260812517745_tse-qnedjpsm-58700-20260812358700-ixbrl.htm
2026-08-12		当期第1四半期累計					JapanSecuritiesDealersAssociationGreenSheet			false	CurrentAccumulatedQ1Instant	/disc/58700/081220260812517745_tse-qnedjpsm-58700-20260812358700-ixbrl.htm
2026-08-12		当期					GeneralBusiness			true	CurrentYearInstant	/disc/58700/081220260812517745_tse-qnedjpsm-58700-20260812358700-ixbrl.htm
2026-08-12		当期					SpecificBusiness			false	CurrentYearInstant	/disc/58700/081220260812517745_tse-qnedjpsm-58700-20260812358700-ixbrl.htm
2026-08-12		当期				決算期末	FiscalYearEnd			2027-03-31	CurrentYearInstant	/disc/58700/081220260812517745_tse-qnedjpsm-58700-20260812358700-ixbrl.htm
2026-08-12		当期第1四半期累計				四半期	QuarterlyPeriod	1	Pure	1	CurrentAccumulatedQ1Instant	/disc/58700/081220260812517745_tse-qnedjpsm-58700-20260812358700-ixbrl.htm
