日付	書類	期	連単	区分	四半期	項目名	タグ	値	単位	表示	コンテキスト	出所
2023-02-14	年次	当期				書類名	DocumentName			決算短信〔日本基準〕（連結）	CurrentYearInstant	/disc/71150/081220230214510978_tse-acedjpsm-71150-20230214371150-ixbrl.htm
2023-02-14	年次	当期				提出日	FilingDate			2023年2月14日	CurrentYearInstant	/disc/71150/081220230214510978_tse-acedjpsm-71150-20230214371150-ixbrl.htm
2023-02-14	年次	当期				会社名	CompanyName			株式会社アルファパーチェス	CurrentYearInstant	/disc/71150/081220230214510978_tse-acedjpsm-71150-20230214371150-ixbrl.htm
2023-02-14	年次	当期					TokyoStockExchange			東	CurrentYearInstant	/disc/71150/081220230214510978_tse-acedjpsm-71150-20230214371150-ixbrl.htm
2023-02-14	年次	当期				証券コード	SecuritiesCode			7115	CurrentYearInstant	/disc/71150/081220230214510978_tse-acedjpsm-71150-20230214371150-ixbrl.htm
2023-02-14	年次	当期				URL	URL			https://www.alphapurchase.co.jp/	CurrentYearInstant	/disc/71150/081220230214510978_tse-acedjpsm-71150-20230214371150-ixbrl.htm
2023-02-14	年次	当期				代表者の役職	TitleRepresentative			代表取締役 社長 兼 ＣＥＯ	CurrentYearInstant	/disc/71150/081220230214510978_tse-acedjpsm-71150-20230214371150-ixbrl.htm
2023-02-14	年次	当期				代表者名	NameRepresentative			多田 雅之	CurrentYearInstant	/disc/71150/081220230214510978_tse-acedjpsm-71150-20230214371150-ixbrl.htm
2023-02-14	年次	当期					TitleInquiries			取締役 ＣＦＯ	CurrentYearInstant	/disc/71150/081220230214510978_tse-acedjpsm-71150-20230214371150-ixbrl.htm
2023-02-14	年次	当期					NameInquiries			齋藤 正弘	CurrentYearInstant	/disc/71150/081220230214510978_tse-acedjpsm-71150-20230214371150-ixbrl.htm
2023-02-14	年次	当期					Tel			03-6628-8453	CurrentYearInstant	/disc/71150/081220230214510978_tse-acedjpsm-71150-20230214371150-ixbrl.htm
2023-02-14	年次	当期					DateOfGeneralShareholdersMeetingAsPlanned			2023年3月23日	CurrentYearInstant	/disc/71150/081220230214510978_tse-acedjpsm-71150-20230214371150-ixbrl.htm
2023-02-14	年次	当期					DividendPayableDateAsPlanned			2023年3月24日	CurrentYearInstant	/disc/71150/081220230214510978_tse-acedjpsm-71150-20230214371150-ixbrl.htm
2023-02-14	年次	当期					AnnualSecuritiesReportFilingDateAsPlanned			2023年3月24日	CurrentYearInstant	/disc/71150/081220230214510978_tse-acedjpsm-71150-20230214371150-ixbrl.htm
2023-02-14	年次	当期					SupplementalMaterialOfAnnualResults			有	CurrentYearInstant	/disc/71150/081220230214510978_tse-acedjpsm-71150-20230214371150-ixbrl.htm
2023-02-14	年次	当期					ConveningBriefingOfAnnualResults			有	CurrentYearInstant	/disc/71150/081220230214510978_tse-acedjpsm-71150-20230214371150-ixbrl.htm
2023-02-14	年次	当期					TargetAudienceBriefingOfAnnualResults			（個人投資家向け）	CurrentYearInstant	/disc/71150/081220230214510978_tse-acedjpsm-71150-20230214371150-ixbrl.htm
2023-02-14	年次	当期					NoteToFractionProcessingMethod			（百万円未満切捨て）	CurrentYearInstant	/disc/71150/081220230214510978_tse-acedjpsm-71150-20230214371150-ixbrl.htm
2023-02-14	年次	当期	連結	実績		売上高	NetSales	44383000000	JPY	44,383	CurrentYearDuration_ConsolidatedMember_ResultMember	/disc/71150/081220230214510978_tse-acedjpsm-71150-20230214371150-ixbrl.htm
2023-02-14	年次	当期	連結	実績		売上高の増減率	ChangeInNetSales	0.170	Pure	17.0	CurrentYearDuration_ConsolidatedMember_ResultMember	/disc/71150/081220230214510978_tse-acedjpsm-71150-20230214371150-ixbrl.htm
2023-02-14	年次	当期	連結	実績		営業利益	OperatingIncome	1042000000	JPY	1,042	CurrentYearDuration_ConsolidatedMember_ResultMember	/disc/71150/081220230214510978_tse-acedjpsm-71150-20230214371150-ixbrl.htm
2023-02-14	年次	当期	連結	実績		営業利益の増減率	ChangeInOperatingIncome	0.206	Pure	20.6	CurrentYearDuration_ConsolidatedMember_ResultMember	/disc/71150/081220230214510978_tse-acedjpsm-71150-20230214371150-ixbrl.htm
2023-02-14	年次	当期	連結	実績		経常利益	OrdinaryIncome	994000000	JPY	994	CurrentYearDuration_ConsolidatedMember_ResultMember	/disc/71150/081220230214510978_tse-acedjpsm-71150-20230214371150-ixbrl.htm
2023-02-14	年次	当期	連結	実績		経常利益の増減率	ChangeInOrdinaryIncome	0.201	Pure	20.1	CurrentYearDuration_ConsolidatedMember_ResultMember	/disc/71150/081220230214510978_tse-acedjpsm-71150-20230214371150-ixbrl.htm
2023-02-14	年次	当期	連結	実績		親会社株主に帰属する当期純利益	ProfitAttributableToOwnersOfParent	704000000	JPY	704	CurrentYearDuration_ConsolidatedMember_ResultMember	/disc/71150/081220230214510978_tse-acedjpsm-71150-20230214371150-ixbrl.htm
2023-02-14	年次	当期	連結	実績		親会社株主に帰属する当期純利益の増減率	ChangeInProfitAttributableToOwnersOfParent	0.378	Pure	37.8	CurrentYearDuration_ConsolidatedMember_ResultMember	/disc/71150/081220230214510978_tse-acedjpsm-71150-20230214371150-ixbrl.htm
2023-02-14	年次	前期	連結	実績		売上高	NetSales	37948000000	JPY	37,948	PriorYearDuration_ConsolidatedMember_ResultMember	/disc/71150/081220230214510978_tse-acedjpsm-71150-20230214371150-ixbrl.htm
2023-02-14	年次	前期	連結	実績		売上高の増減率	ChangeInNetSales	0.170	Pure	17.0	PriorYearDuration_ConsolidatedMember_ResultMember	/disc/71150/081220230214510978_tse-acedjpsm-71150-20230214371150-ixbrl.htm
2023-02-14	年次	前期	連結	実績		営業利益	OperatingIncome	864000000	JPY	864	PriorYearDuration_ConsolidatedMember_ResultMember	/disc/71150/081220230214510978_tse-acedjpsm-71150-20230214371150-ixbrl.htm
2023-02-14	年次	前期	連結	実績		営業利益の増減率	ChangeInOperatingIncome	0.166	Pure	16.6	PriorYearDuration_ConsolidatedMember_ResultMember	/disc/71150/081220230214510978_tse-acedjpsm-71150-20230214371150-ixbrl.htm
2023-02-14	年次	前期	連結	実績		経常利益	OrdinaryIncome	827000000	JPY	827	PriorYearDuration_ConsolidatedMember_ResultMember	/disc/71150/081220230214510978_tse-acedjpsm-71150-20230214371150-ixbrl.htm
2023-02-14	年次	前期	連結	実績		経常利益の増減率	ChangeInOrdinaryIncome	0.155	Pure	15.5	PriorYearDuration_ConsolidatedMember_ResultMember	/disc/71150/081220230214510978_tse-acedjpsm-71150-20230214371150-ixbrl.htm
2023-02-14	年次	前期	連結	実績		親会社株主に帰属する当期純利益	ProfitAttributableToOwnersOfParent	510000000	JPY	510	PriorYearDuration_ConsolidatedMember_ResultMember	/disc/71150/081220230214510978_tse-acedjpsm-71150-20230214371150-ixbrl.htm
2023-02-14	年次	前期	連結	実績		親会社株主に帰属する当期純利益の増減率	ChangeInProfitAttributableToOwnersOfParent	0.009	Pure	0.9	PriorYearDuration_ConsolidatedMember_ResultMember	/disc/71150/081220230214510978_tse-acedjpsm-71150-20230214371150-ixbrl.htm
2023-02-14	年次	当期	連結	実績		包括利益	ComprehensiveIncome	704000000	JPY	704	CurrentYearDuration_ConsolidatedMember_ResultMember	/disc/71150/081220230214510978_tse-acedjpsm-71150-20230214371150-ixbrl.htm
2023-02-14	年次	当期	連結	実績		包括利益の増減率	ChangeInComprehensiveIncome	0.378	Pure	37.8	CurrentYearDuration_ConsolidatedMember_ResultMember	/disc/71150/081220230214510978_tse-acedjpsm-71150-20230214371150-ixbrl.htm
2023-02-14	年次	前期	連結	実績		包括利益	ComprehensiveIncome	510000000	JPY	510	PriorYearDuration_ConsolidatedMember_ResultMember	/disc/71150/081220230214510978_tse-acedjpsm-71150-20230214371150-ixbrl.htm
2023-02-14	年次	前期	連結	実績		包括利益の増減率	ChangeInComprehensiveIncome	0.077	Pure	7.7	PriorYearDuration_ConsolidatedMember_ResultMember	/disc/71150/081220230214510978_tse-acedjpsm-71150-20230214371150-ixbrl.htm
2023-02-14	年次	当期	連結	実績		1株当たり当期純利益	NetIncomePerShare	84.91	JPYPerShares	84.91	CurrentYearDuration_ConsolidatedMember_ResultMember	/disc/71150/081220230214510978_tse-acedjpsm-71150-20230214371150-ixbrl.htm
2023-02-14	年次	当期	連結	実績		潜在株式調整後1株当たり当期純利益	DilutedNetIncomePerShare	83.49	JPYPerShares	83.49	CurrentYearDuration_ConsolidatedMember_ResultMember	/disc/71150/081220230214510978_tse-acedjpsm-71150-20230214371150-ixbrl.htm
2023-02-14	年次	当期	連結	実績		自己資本当期純利益率(ROE)	NetIncomeToShareholdersEquityRatio	0.184	Pure	18.4	CurrentYearDuration_ConsolidatedMember_ResultMember	/disc/71150/081220230214510978_tse-acedjpsm-71150-20230214371150-ixbrl.htm
2023-02-14	年次	当期	連結	実績		総資産経常利益率(ROA)	OrdinaryIncomeToTotalAssetsRatio	0.070	Pure	7.0	CurrentYearDuration_ConsolidatedMember_ResultMember	/disc/71150/081220230214510978_tse-acedjpsm-71150-20230214371150-ixbrl.htm
2023-02-14	年次	当期	連結	実績		売上高営業利益率	OperatingIncomeToNetSalesRatio	0.023	Pure	2.3	CurrentYearDuration_ConsolidatedMember_ResultMember	/disc/71150/081220230214510978_tse-acedjpsm-71150-20230214371150-ixbrl.htm
2023-02-14	年次	前期	連結	実績		1株当たり当期純利益	NetIncomePerShare	61.96	JPYPerShares	61.96	PriorYearDuration_ConsolidatedMember_ResultMember	/disc/71150/081220230214510978_tse-acedjpsm-71150-20230214371150-ixbrl.htm
2023-02-14	年次	前期	連結	実績		自己資本当期純利益率(ROE)	NetIncomeToShareholdersEquityRatio	0.181	Pure	18.1	PriorYearDuration_ConsolidatedMember_ResultMember	/disc/71150/081220230214510978_tse-acedjpsm-71150-20230214371150-ixbrl.htm
2023-02-14	年次	前期	連結	実績		総資産経常利益率(ROA)	OrdinaryIncomeToTotalAssetsRatio	0.065	Pure	6.5	PriorYearDuration_ConsolidatedMember_ResultMember	/disc/71150/081220230214510978_tse-acedjpsm-71150-20230214371150-ixbrl.htm
2023-02-14	年次	前期	連結	実績		売上高営業利益率	OperatingIncomeToNetSalesRatio	0.023	Pure	2.3	PriorYearDuration_ConsolidatedMember_ResultMember	/disc/71150/081220230214510978_tse-acedjpsm-71150-20230214371150-ixbrl.htm
2023-02-14	年次	当期	連結	実績		経営成績の注記	NoteToOperatingResults			（注）１．2022年８月１日付で普通株式１株につき500株の割合で株式分割を行っておりますが、前連結会計年度の期首に当該株式分割が行われたものと仮定して、１株当たり当期純利益及び潜在株式調整後１株当たり当期純利益を算定しております。 ２．2021年12月期の潜在株式調整後１株当たり当期純利益については、潜在株式は存在するものの、当時、当社株式は非上場であったため、期中平均株価が把握できず、記載しておりませんでしたが、2022年12月26日に東京証券取引所スタンダード市場に上場したため、2022年12月期の潜在株式調整後１株当たり当期純利益は、新規上場日から2022年12月期の末日までの平均株価を期中平均株価とみなして算定しております。	CurrentYearDuration_ConsolidatedMember_ResultMember	/disc/71150/081220230214510978_tse-acedjpsm-71150-20230214371150-ixbrl.htm
2023-02-14	年次	当期	連結	実績		総資産	TotalAssets	15284000000	JPY	15,284	CurrentYearInstant_ConsolidatedMember_ResultMember	/disc/71150/081220230214510978_tse-acedjpsm-71150-20230214371150-ixbrl.htm
2023-02-14	年次	当期	連結	実績		純資産	NetAssets	4594000000	JPY	4,594	CurrentYearInstant_ConsolidatedMember_ResultMember	/disc/71150/081220230214510978_tse-acedjpsm-71150-20230214371150-ixbrl.htm
2023-02-14	年次	当期	連結	実績		自己資本比率	CapitalAdequacyRatio	0.301	Pure	30.1	CurrentYearInstant_ConsolidatedMember_ResultMember	/disc/71150/081220230214510978_tse-acedjpsm-71150-20230214371150-ixbrl.htm
2023-02-14	年次	当期	連結	実績		1株当たり純資産	NetAssetsPerShare	486.78	JPYPerShares	486.78	CurrentYearInstant_ConsolidatedMember_ResultMember	/disc/71150/081220230214510978_tse-acedjpsm-71150-20230214371150-ixbrl.htm
2023-02-14	年次	前期	連結	実績		総資産	TotalAssets	13244000000	JPY	13,244	PriorYearInstant_ConsolidatedMember_ResultMember	/disc/71150/081220230214510978_tse-acedjpsm-71150-20230214371150-ixbrl.htm
2023-02-14	年次	前期	連結	実績		純資産	NetAssets	3046000000	JPY	3,046	PriorYearInstant_ConsolidatedMember_ResultMember	/disc/71150/081220230214510978_tse-acedjpsm-71150-20230214371150-ixbrl.htm
2023-02-14	年次	前期	連結	実績		自己資本比率	CapitalAdequacyRatio	0.230	Pure	23.0	PriorYearInstant_ConsolidatedMember_ResultMember	/disc/71150/081220230214510978_tse-acedjpsm-71150-20230214371150-ixbrl.htm
2023-02-14	年次	前期	連結	実績		1株当たり純資産	NetAssetsPerShare	369.33	JPYPerShares	369.33	PriorYearInstant_ConsolidatedMember_ResultMember	/disc/71150/081220230214510978_tse-acedjpsm-71150-20230214371150-ixbrl.htm
2023-02-14	年次	当期	連結	実績		自己資本	OwnersEquity	4593000000	JPY	4,593	CurrentYearInstant_ConsolidatedMember_ResultMember	/disc/71150/081220230214510978_tse-acedjpsm-71150-20230214371150-ixbrl.htm
2023-02-14	年次	前期	連結	実績		自己資本	OwnersEquity	3045000000	JPY	3,045	PriorYearInstant_ConsolidatedMember_ResultMember	/disc/71150/081220230214510978_tse-acedjpsm-71150-20230214371150-ixbrl.htm
2023-02-14	年次	当期	連結	実績			NoteToFinancialPositions			（注）１．2022年８月１日付で普通株式１株につき500株の割合で株式分割を行っておりますが、前連結会計年度の期首に当該株式分割が行われたものと仮定して、１株当たり純資産を算定しております。	CurrentYearInstant_ConsolidatedMember_ResultMember	/disc/71150/081220230214510978_tse-acedjpsm-71150-20230214371150-ixbrl.htm
2023-02-14	年次	当期	連結	実績		営業キャッシュフロー	CashFlowsFromOperatingActivities	1368000000	JPY	1,368	CurrentYearDuration_ConsolidatedMember_ResultMember	/disc/71150/081220230214510978_tse-acedjpsm-71150-20230214371150-ixbrl.htm
2023-02-14	年次	当期	連結	実績		投資キャッシュフロー	CashFlowsFromInvestingActivities	-679000000	JPY	679	CurrentYearDuration_ConsolidatedMember_ResultMember	/disc/71150/081220230214510978_tse-acedjpsm-71150-20230214371150-ixbrl.htm
2023-02-14	年次	当期	連結	実績		財務キャッシュフロー	CashFlowsFromFinancingActivities	342000000	JPY	342	CurrentYearDuration_ConsolidatedMember_ResultMember	/disc/71150/081220230214510978_tse-acedjpsm-71150-20230214371150-ixbrl.htm
2023-02-14	年次	当期	連結	実績		現金及び現金同等物の期末残高	CashAndEquivalentsEndOfPeriod	3896000000	JPY	3,896	CurrentYearInstant_ConsolidatedMember_ResultMember	/disc/71150/081220230214510978_tse-acedjpsm-71150-20230214371150-ixbrl.htm
2023-02-14	年次	前期	連結	実績		営業キャッシュフロー	CashFlowsFromOperatingActivities	472000000	JPY	472	PriorYearDuration_ConsolidatedMember_ResultMember	/disc/71150/081220230214510978_tse-acedjpsm-71150-20230214371150-ixbrl.htm
2023-02-14	年次	前期	連結	実績		投資キャッシュフロー	CashFlowsFromInvestingActivities	-635000000	JPY	635	PriorYearDuration_ConsolidatedMember_ResultMember	/disc/71150/081220230214510978_tse-acedjpsm-71150-20230214371150-ixbrl.htm
2023-02-14	年次	前期	連結	実績		財務キャッシュフロー	CashFlowsFromFinancingActivities	-263000000	JPY	263	PriorYearDuration_ConsolidatedMember_ResultMember	/disc/71150/081220230214510978_tse-acedjpsm-71150-20230214371150-ixbrl.htm
2023-02-14	年次	前期	連結	実績		現金及び現金同等物の期末残高	CashAndEquivalentsEndOfPeriod	2864000000	JPY	2,864	PriorYearInstant_ConsolidatedMember_ResultMember	/disc/71150/081220230214510978_tse-acedjpsm-71150-20230214371150-ixbrl.htm
2023-02-14	年次	前期	単体	実績	第2四半期末	1株当たり配当金	DividendPerShare	0.00	JPYPerShares	0.00	PriorYearDuration_SecondQuarterMember_NonConsolidatedMember_ResultMember	/disc/71150/081220230214510978_tse-acedjpsm-71150-20230214371150-ixbrl.htm
2023-02-14	年次	前期	単体	実績	期末	1株当たり配当金	DividendPerShare	6200.00	JPYPerShares	6,200.00	PriorYearDuration_YearEndMember_NonConsolidatedMember_ResultMember	/disc/71150/081220230214510978_tse-acedjpsm-71150-20230214371150-ixbrl.htm
2023-02-14	年次	前期	単体	実績	合計	1株当たり配当金	DividendPerShare	6200.00	JPYPerShares	6,200.00	PriorYearDuration_AnnualMember_NonConsolidatedMember_ResultMember	/disc/71150/081220230214510978_tse-acedjpsm-71150-20230214371150-ixbrl.htm
2023-02-14	年次	前期	単体	実績	合計	配当金総額	TotalDividendPaidAnnual	102000000	JPY	102	PriorYearDuration_AnnualMember_NonConsolidatedMember_ResultMember	/disc/71150/081220230214510978_tse-acedjpsm-71150-20230214371150-ixbrl.htm
2023-02-14	年次	前期	連結	実績	合計	配当性向	PayoutRatio	0.200	Pure	20.0	PriorYearDuration_AnnualMember_ConsolidatedMember_ResultMember	/disc/71150/081220230214510978_tse-acedjpsm-71150-20230214371150-ixbrl.htm
2023-02-14	年次	前期	連結	実績	合計	純資産配当率	RatioOfTotalAmountOfDividendsToNetAssets	0.036	Pure	3.6	PriorYearDuration_AnnualMember_ConsolidatedMember_ResultMember	/disc/71150/081220230214510978_tse-acedjpsm-71150-20230214371150-ixbrl.htm
2023-02-14	年次	当期	単体	実績	第2四半期末	1株当たり配当金	DividendPerShare	0.00	JPYPerShares	0.00	CurrentYearDuration_SecondQuarterMember_NonConsolidatedMember_ResultMember	/disc/71150/081220230214510978_tse-acedjpsm-71150-20230214371150-ixbrl.htm
2023-02-14	年次	当期	単体	実績	期末	1株当たり配当金	DividendPerShare	15.00	JPYPerShares	15.00	CurrentYearDuration_YearEndMember_NonConsolidatedMember_ResultMember	/disc/71150/081220230214510978_tse-acedjpsm-71150-20230214371150-ixbrl.htm
2023-02-14	年次	当期	単体	実績	合計	1株当たり配当金	DividendPerShare	15.00	JPYPerShares	15.00	CurrentYearDuration_AnnualMember_NonConsolidatedMember_ResultMember	/disc/71150/081220230214510978_tse-acedjpsm-71150-20230214371150-ixbrl.htm
2023-02-14	年次	当期	単体	実績	合計	配当金総額	TotalDividendPaidAnnual	141000000	JPY	141	CurrentYearDuration_AnnualMember_NonConsolidatedMember_ResultMember	/disc/71150/081220230214510978_tse-acedjpsm-71150-20230214371150-ixbrl.htm
2023-02-14	年次	当期	連結	実績	合計	配当性向	PayoutRatio	0.177	Pure	17.7	CurrentYearDuration_AnnualMember_ConsolidatedMember_ResultMember	/disc/71150/081220230214510978_tse-acedjpsm-71150-20230214371150-ixbrl.htm
2023-02-14	年次	当期	連結	実績	合計	純資産配当率	RatioOfTotalAmountOfDividendsToNetAssets	0.035	Pure	3.5	CurrentYearDuration_AnnualMember_ConsolidatedMember_ResultMember	/disc/71150/081220230214510978_tse-acedjpsm-71150-20230214371150-ixbrl.htm
2023-02-14	年次	来期	単体	予想	第2四半期末	1株当たり配当金	DividendPerShare	0.00	JPYPerShares	0.00	NextYearDuration_SecondQuarterMember_NonConsolidatedMember_ForecastMember	/disc/71150/081220230214510978_tse-acedjpsm-71150-20230214371150-ixbrl.htm
2023-02-14	年次	来期	単体	予想	期末	1株当たり配当金	DividendPerShare	18.00	JPYPerShares	18.00	NextYearDuration_YearEndMember_NonConsolidatedMember_ForecastMember	/disc/71150/081220230214510978_tse-acedjpsm-71150-20230214371150-ixbrl.htm
2023-02-14	年次	来期	単体	予想	合計	1株当たり配当金	DividendPerShare	18.00	JPYPerShares	18.00	NextYearDuration_AnnualMember_NonConsolidatedMember_ForecastMember	/disc/71150/081220230214510978_tse-acedjpsm-71150-20230214371150-ixbrl.htm
2023-02-14	年次	来期	連結	予想	合計	配当性向	PayoutRatio	0.251	Pure	25.1	NextYearDuration_AnnualMember_ConsolidatedMember_ForecastMember	/disc/71150/081220230214510978_tse-acedjpsm-71150-20230214371150-ixbrl.htm
2023-02-14	年次	当期	単体	実績	合計	配当の注記	NoteToDividends			（注）１．2022年８月１日付で普通株式１株につき500株の割合で株式分割を行っております。2021年12月期については、当該株式分割前の実際の配当金の額を記載しております。 ２．2022年12月期における１株当たり期末配当金の詳細については、本日（2023年２月14日）公表いたしました、「業績予想値と実績値との差異及び剰余金の配当に関するお知らせ」をご覧ください。	CurrentYearDuration_AnnualMember_NonConsolidatedMember_ResultMember	/disc/71150/081220230214510978_tse-acedjpsm-71150-20230214371150-ixbrl.htm
2023-02-14	年次	来期	連結	予想		業績予想の見出し	TitleForForecasts			３．2023年12月期の連結業績予想（2023年１月１日～2023年12月31日）	NextYearDuration_ConsolidatedMember_ForecastMember	/disc/71150/081220230214510978_tse-acedjpsm-71150-20230214371150-ixbrl.htm
2023-02-14	年次	来期	連結	予想		売上高	NetSales	48600000000	JPY	48,600	NextYearDuration_ConsolidatedMember_ForecastMember	/disc/71150/081220230214510978_tse-acedjpsm-71150-20230214371150-ixbrl.htm
2023-02-14	年次	来期	連結	予想		売上高の増減率	ChangeInNetSales	0.095	Pure	9.5	NextYearDuration_ConsolidatedMember_ForecastMember	/disc/71150/081220230214510978_tse-acedjpsm-71150-20230214371150-ixbrl.htm
2023-02-14	年次	来期	連結	予想		営業利益	OperatingIncome	950000000	JPY	950	NextYearDuration_ConsolidatedMember_ForecastMember	/disc/71150/081220230214510978_tse-acedjpsm-71150-20230214371150-ixbrl.htm
2023-02-14	年次	来期	連結	予想		営業利益の増減率	ChangeInOperatingIncome	-0.088	Pure	8.8	NextYearDuration_ConsolidatedMember_ForecastMember	/disc/71150/081220230214510978_tse-acedjpsm-71150-20230214371150-ixbrl.htm
2023-02-14	年次	来期	連結	予想		経常利益	OrdinaryIncome	948000000	JPY	948	NextYearDuration_ConsolidatedMember_ForecastMember	/disc/71150/081220230214510978_tse-acedjpsm-71150-20230214371150-ixbrl.htm
2023-02-14	年次	来期	連結	予想		経常利益の増減率	ChangeInOrdinaryIncome	-0.047	Pure	4.7	NextYearDuration_ConsolidatedMember_ForecastMember	/disc/71150/081220230214510978_tse-acedjpsm-71150-20230214371150-ixbrl.htm
2023-02-14	年次	来期	連結	予想		親会社株主に帰属する当期純利益	ProfitAttributableToOwnersOfParent	677000000	JPY	677	NextYearDuration_ConsolidatedMember_ForecastMember	/disc/71150/081220230214510978_tse-acedjpsm-71150-20230214371150-ixbrl.htm
2023-02-14	年次	来期	連結	予想		親会社株主に帰属する当期純利益の増減率	ChangeInProfitAttributableToOwnersOfParent	-0.038	Pure	3.8	NextYearDuration_ConsolidatedMember_ForecastMember	/disc/71150/081220230214510978_tse-acedjpsm-71150-20230214371150-ixbrl.htm
2023-02-14	年次	来期	連結	予想		1株当たり当期純利益	NetIncomePerShare	71.74	JPYPerShares	71.74	NextYearDuration_ConsolidatedMember_ForecastMember	/disc/71150/081220230214510978_tse-acedjpsm-71150-20230214371150-ixbrl.htm
2023-02-14	年次	当期	連結	実績			MaterialChangesInSubsidiariesDuringThisPeriodChangesInScopeOfConsolidationsResultingFromChangeIsSubsidiaries			無	CurrentYearDuration_ConsolidatedMember_ResultMember	/disc/71150/081220230214510978_tse-acedjpsm-71150-20230214371150-ixbrl.htm
2023-02-14	年次	当期	連結	実績		会計基準等の改正に伴う変更	ChangesBasedOnRevisionsOfAccountingStandard			無	CurrentYearDuration_ConsolidatedMember_ResultMember	/disc/71150/081220230214510978_tse-acedjpsm-71150-20230214371150-ixbrl.htm
2023-02-14	年次	当期	連結	実績		それ以外の会計方針の変更	ChangesOtherThanOnesBasedOnRevisionsOfAccountingStandard			無	CurrentYearDuration_ConsolidatedMember_ResultMember	/disc/71150/081220230214510978_tse-acedjpsm-71150-20230214371150-ixbrl.htm
2023-02-14	年次	当期	連結	実績		会計上の見積りの変更	ChangesInAccountingEstimates			無	CurrentYearDuration_ConsolidatedMember_ResultMember	/disc/71150/081220230214510978_tse-acedjpsm-71150-20230214371150-ixbrl.htm
2023-02-14	年次	当期	連結	実績		修正再表示	RetrospectiveRestatement			無	CurrentYearDuration_ConsolidatedMember_ResultMember	/disc/71150/081220230214510978_tse-acedjpsm-71150-20230214371150-ixbrl.htm
2023-02-14	年次	当期	単体	実績		期末発行済株式数(自己株式を含む)	NumberOfIssuedAndOutstandingSharesAtTheEndOfFiscalYearIncludingTreasuryStock	9436500	Shares	9,436,500	CurrentYearInstant_NonConsolidatedMember_ResultMember	/disc/71150/081220230214510978_tse-acedjpsm-71150-20230214371150-ixbrl.htm
2023-02-14	年次	前期	単体	実績		期末発行済株式数(自己株式を含む)	NumberOfIssuedAndOutstandingSharesAtTheEndOfFiscalYearIncludingTreasuryStock	8246000	Shares	8,246,000	PriorYearInstant_NonConsolidatedMember_ResultMember	/disc/71150/081220230214510978_tse-acedjpsm-71150-20230214371150-ixbrl.htm
2023-02-14	年次	当期	単体	実績		期中平均株式数	AverageNumberOfShares	8292797	Shares	8,292,797	CurrentYearDuration_NonConsolidatedMember_ResultMember	/disc/71150/081220230214510978_tse-acedjpsm-71150-20230214371150-ixbrl.htm
2023-02-14	年次	前期	単体	実績		期中平均株式数	AverageNumberOfShares	8246000	Shares	8,246,000	PriorYearDuration_NonConsolidatedMember_ResultMember	/disc/71150/081220230214510978_tse-acedjpsm-71150-20230214371150-ixbrl.htm
2023-02-14	年次	当期	単体	実績			NoteToNumberOfIssuedAndOutstandingSharesCommonStock			（注）2022年８月１日付で普通株式１株につき500株の割合で株式分割を行っております。前連結会計年度の期首に当該株式分割が行われたものと仮定して、「期末発行済株式数」および「期中平均株式数」を算定しております。	CurrentYearInstant_NonConsolidatedMember_ResultMember	/disc/71150/081220230214510978_tse-acedjpsm-71150-20230214371150-ixbrl.htm
2023-02-14	年次	当期	単体	実績		売上高	NetSales	44343000000	JPY	44,343	CurrentYearDuration_NonConsolidatedMember_ResultMember	/disc/71150/081220230214510978_tse-acedjpsm-71150-20230214371150-ixbrl.htm
2023-02-14	年次	当期	単体	実績		売上高の増減率	ChangeInNetSales	0.171	Pure	17.1	CurrentYearDuration_NonConsolidatedMember_ResultMember	/disc/71150/081220230214510978_tse-acedjpsm-71150-20230214371150-ixbrl.htm
2023-02-14	年次	当期	単体	実績		営業利益	OperatingIncome	987000000	JPY	987	CurrentYearDuration_NonConsolidatedMember_ResultMember	/disc/71150/081220230214510978_tse-acedjpsm-71150-20230214371150-ixbrl.htm
2023-02-14	年次	当期	単体	実績		営業利益の増減率	ChangeInOperatingIncome	0.243	Pure	24.3	CurrentYearDuration_NonConsolidatedMember_ResultMember	/disc/71150/081220230214510978_tse-acedjpsm-71150-20230214371150-ixbrl.htm
2023-02-14	年次	当期	単体	実績		経常利益	OrdinaryIncome	1004000000	JPY	1,004	CurrentYearDuration_NonConsolidatedMember_ResultMember	/disc/71150/081220230214510978_tse-acedjpsm-71150-20230214371150-ixbrl.htm
2023-02-14	年次	当期	単体	実績		経常利益の増減率	ChangeInOrdinaryIncome	0.326	Pure	32.6	CurrentYearDuration_NonConsolidatedMember_ResultMember	/disc/71150/081220230214510978_tse-acedjpsm-71150-20230214371150-ixbrl.htm
2023-02-14	年次	当期	単体	実績		当期純利益	NetIncome	723000000	JPY	723	CurrentYearDuration_NonConsolidatedMember_ResultMember	/disc/71150/081220230214510978_tse-acedjpsm-71150-20230214371150-ixbrl.htm
2023-02-14	年次	当期	単体	実績		当期純利益の増減率	ChangeInNetIncome	0.687	Pure	68.7	CurrentYearDuration_NonConsolidatedMember_ResultMember	/disc/71150/081220230214510978_tse-acedjpsm-71150-20230214371150-ixbrl.htm
2023-02-14	年次	前期	単体	実績		売上高	NetSales	37853000000	JPY	37,853	PriorYearDuration_NonConsolidatedMember_ResultMember	/disc/71150/081220230214510978_tse-acedjpsm-71150-20230214371150-ixbrl.htm
2023-02-14	年次	前期	単体	実績		売上高の増減率	ChangeInNetSales	0.169	Pure	16.9	PriorYearDuration_NonConsolidatedMember_ResultMember	/disc/71150/081220230214510978_tse-acedjpsm-71150-20230214371150-ixbrl.htm
2023-02-14	年次	前期	単体	実績		営業利益	OperatingIncome	794000000	JPY	794	PriorYearDuration_NonConsolidatedMember_ResultMember	/disc/71150/081220230214510978_tse-acedjpsm-71150-20230214371150-ixbrl.htm
2023-02-14	年次	前期	単体	実績		営業利益の増減率	ChangeInOperatingIncome	0.173	Pure	17.3	PriorYearDuration_NonConsolidatedMember_ResultMember	/disc/71150/081220230214510978_tse-acedjpsm-71150-20230214371150-ixbrl.htm
2023-02-14	年次	前期	単体	実績		経常利益	OrdinaryIncome	757000000	JPY	757	PriorYearDuration_NonConsolidatedMember_ResultMember	/disc/71150/081220230214510978_tse-acedjpsm-71150-20230214371150-ixbrl.htm
2023-02-14	年次	前期	単体	実績		経常利益の増減率	ChangeInOrdinaryIncome	0.162	Pure	16.2	PriorYearDuration_NonConsolidatedMember_ResultMember	/disc/71150/081220230214510978_tse-acedjpsm-71150-20230214371150-ixbrl.htm
2023-02-14	年次	前期	単体	実績		当期純利益	NetIncome	429000000	JPY	429	PriorYearDuration_NonConsolidatedMember_ResultMember	/disc/71150/081220230214510978_tse-acedjpsm-71150-20230214371150-ixbrl.htm
2023-02-14	年次	前期	単体	実績		当期純利益の増減率	ChangeInNetIncome	-0.020	Pure	2.0	PriorYearDuration_NonConsolidatedMember_ResultMember	/disc/71150/081220230214510978_tse-acedjpsm-71150-20230214371150-ixbrl.htm
2023-02-14	年次	当期	単体	実績		1株当たり当期純利益	NetIncomePerShare	87.28	JPYPerShares	87.28	CurrentYearDuration_NonConsolidatedMember_ResultMember	/disc/71150/081220230214510978_tse-acedjpsm-71150-20230214371150-ixbrl.htm
2023-02-14	年次	当期	単体	実績		潜在株式調整後1株当たり当期純利益	DilutedNetIncomePerShare	85.83	JPYPerShares	85.83	CurrentYearDuration_NonConsolidatedMember_ResultMember	/disc/71150/081220230214510978_tse-acedjpsm-71150-20230214371150-ixbrl.htm
2023-02-14	年次	前期	単体	実績		1株当たり当期純利益	NetIncomePerShare	52.04	JPYPerShares	52.04	PriorYearDuration_NonConsolidatedMember_ResultMember	/disc/71150/081220230214510978_tse-acedjpsm-71150-20230214371150-ixbrl.htm
2023-02-14	年次	当期	単体	実績		経営成績の注記	NoteToOperatingResults			（注）2022年８月１日付で普通株式１株につき500株の割合で株式分割を行っておりますが、前事業年度の期首に当該株式分割が行われたものと仮定して、１株当たり当期純利益及び潜在株式調整後１株当たり当期純利益を算定しております。	CurrentYearDuration_NonConsolidatedMember_ResultMember	/disc/71150/081220230214510978_tse-acedjpsm-71150-20230214371150-ixbrl.htm
2023-02-14	年次	当期	単体	実績		総資産	TotalAssets	15159000000	JPY	15,159	CurrentYearInstant_NonConsolidatedMember_ResultMember	/disc/71150/081220230214510978_tse-acedjpsm-71150-20230214371150-ixbrl.htm
2023-02-14	年次	当期	単体	実績		純資産	NetAssets	4480000000	JPY	4,480	CurrentYearInstant_NonConsolidatedMember_ResultMember	/disc/71150/081220230214510978_tse-acedjpsm-71150-20230214371150-ixbrl.htm
2023-02-14	年次	当期	単体	実績		自己資本比率	CapitalAdequacyRatio	0.295	Pure	29.5	CurrentYearInstant_NonConsolidatedMember_ResultMember	/disc/71150/081220230214510978_tse-acedjpsm-71150-20230214371150-ixbrl.htm
2023-02-14	年次	当期	単体	実績		1株当たり純資産	NetAssetsPerShare	474.72	JPYPerShares	474.72	CurrentYearInstant_NonConsolidatedMember_ResultMember	/disc/71150/081220230214510978_tse-acedjpsm-71150-20230214371150-ixbrl.htm
2023-02-14	年次	前期	単体	実績		総資産	TotalAssets	13090000000	JPY	13,090	PriorYearInstant_NonConsolidatedMember_ResultMember	/disc/71150/081220230214510978_tse-acedjpsm-71150-20230214371150-ixbrl.htm
2023-02-14	年次	前期	単体	実績		純資産	NetAssets	2912000000	JPY	2,912	PriorYearInstant_NonConsolidatedMember_ResultMember	/disc/71150/081220230214510978_tse-acedjpsm-71150-20230214371150-ixbrl.htm
2023-02-14	年次	前期	単体	実績		自己資本比率	CapitalAdequacyRatio	0.222	Pure	22.2	PriorYearInstant_NonConsolidatedMember_ResultMember	/disc/71150/081220230214510978_tse-acedjpsm-71150-20230214371150-ixbrl.htm
2023-02-14	年次	前期	単体	実績		1株当たり純資産	NetAssetsPerShare	353.14	JPYPerShares	353.14	PriorYearInstant_NonConsolidatedMember_ResultMember	/disc/71150/081220230214510978_tse-acedjpsm-71150-20230214371150-ixbrl.htm
2023-02-14	年次	当期	単体	実績		自己資本	OwnersEquity	4479000000	JPY	4,479	CurrentYearInstant_NonConsolidatedMember_ResultMember	/disc/71150/081220230214510978_tse-acedjpsm-71150-20230214371150-ixbrl.htm
2023-02-14	年次	前期	単体	実績		自己資本	OwnersEquity	2912000000	JPY	2,912	PriorYearInstant_NonConsolidatedMember_ResultMember	/disc/71150/081220230214510978_tse-acedjpsm-71150-20230214371150-ixbrl.htm
2023-02-14	年次	当期	単体	実績			NoteToFinancialPositions			（注）2022年８月１日付で普通株式１株につき500株の割合で株式分割を行っておりますが、前事業年度の期首に当該株式分割が行われたものと仮定して、１株当たり純資産を算定しております。	CurrentYearInstant_NonConsolidatedMember_ResultMember	/disc/71150/081220230214510978_tse-acedjpsm-71150-20230214371150-ixbrl.htm
2023-02-14	年次	来期				将来情報の利用に関する注意	NotesForUsingForecastedInformationAndOthers			本資料に記載されている業績見通し等の将来に関する記述は、当社が現在入手している情報および合理的であると判断する一定の前提に基づいており、その達成を当社として約束する趣旨のものではありません。また、実際の業績は様々な要因により大きく異なる可能性があります。 なお、上記予想に関する事項は添付資料のP3、4を参照ください。 決算補足説明資料については、当社ウェブサイトに掲載する予定です。 https://www.alphapurchase.co.jp/ir/	NextYearDuration	/disc/71150/081220230214510978_tse-acedjpsm-71150-20230214371150-ixbrl.htm
2023-02-14	年次	当期				決算期末	FiscalYearEnd			2022-12-31	CurrentYearInstant	/disc/71150/081220230214510978_tse-acedjpsm-71150-20230214371150-ixbrl.htm
2023-03-03	年次	当期				書類名	DocumentName			決算短信〔日本基準〕（連結）	CurrentYearInstant	/disc/71150/081220230302523457_tse-acedjpsm-71150-20230303371150-ixbrl.htm
2023-03-03	年次	当期				提出日	FilingDate			2023年３月３日	CurrentYearInstant	/disc/71150/081220230302523457_tse-acedjpsm-71150-20230303371150-ixbrl.htm
2023-03-03	年次	当期				会社名	CompanyName			株式会社アルファパーチェス	CurrentYearInstant	/disc/71150/081220230302523457_tse-acedjpsm-71150-20230303371150-ixbrl.htm
2023-03-03	年次	当期					TokyoStockExchange			東	CurrentYearInstant	/disc/71150/081220230302523457_tse-acedjpsm-71150-20230303371150-ixbrl.htm
2023-03-03	年次	当期				証券コード	SecuritiesCode			7115	CurrentYearInstant	/disc/71150/081220230302523457_tse-acedjpsm-71150-20230303371150-ixbrl.htm
2023-03-03	年次	当期				URL	URL			https://www.alphapurchase.co.jp/	CurrentYearInstant	/disc/71150/081220230302523457_tse-acedjpsm-71150-20230303371150-ixbrl.htm
2023-03-03	年次	当期				代表者の役職	TitleRepresentative			代表取締役 社長 兼 ＣＥＯ	CurrentYearInstant	/disc/71150/081220230302523457_tse-acedjpsm-71150-20230303371150-ixbrl.htm
2023-03-03	年次	当期				代表者名	NameRepresentative			多田 雅之	CurrentYearInstant	/disc/71150/081220230302523457_tse-acedjpsm-71150-20230303371150-ixbrl.htm
2023-03-03	年次	当期					TitleInquiries			取締役 ＣＦＯ	CurrentYearInstant	/disc/71150/081220230302523457_tse-acedjpsm-71150-20230303371150-ixbrl.htm
2023-03-03	年次	当期					NameInquiries			齋藤 正弘	CurrentYearInstant	/disc/71150/081220230302523457_tse-acedjpsm-71150-20230303371150-ixbrl.htm
2023-03-03	年次	当期					Tel			03-6628-8453	CurrentYearInstant	/disc/71150/081220230302523457_tse-acedjpsm-71150-20230303371150-ixbrl.htm
2023-03-03	年次	当期					DateOfGeneralShareholdersMeetingAsPlanned			2023年3月23日	CurrentYearInstant	/disc/71150/081220230302523457_tse-acedjpsm-71150-20230303371150-ixbrl.htm
2023-03-03	年次	当期					DividendPayableDateAsPlanned			2023年3月24日	CurrentYearInstant	/disc/71150/081220230302523457_tse-acedjpsm-71150-20230303371150-ixbrl.htm
2023-03-03	年次	当期					AnnualSecuritiesReportFilingDateAsPlanned			2023年3月24日	CurrentYearInstant	/disc/71150/081220230302523457_tse-acedjpsm-71150-20230303371150-ixbrl.htm
2023-03-03	年次	当期					SupplementalMaterialOfAnnualResults			有	CurrentYearInstant	/disc/71150/081220230302523457_tse-acedjpsm-71150-20230303371150-ixbrl.htm
2023-03-03	年次	当期					ConveningBriefingOfAnnualResults			有	CurrentYearInstant	/disc/71150/081220230302523457_tse-acedjpsm-71150-20230303371150-ixbrl.htm
2023-03-03	年次	当期					TargetAudienceBriefingOfAnnualResults			（個人投資家向け）	CurrentYearInstant	/disc/71150/081220230302523457_tse-acedjpsm-71150-20230303371150-ixbrl.htm
2023-03-03	年次	当期					NoteToFractionProcessingMethod			（百万円未満切捨て）	CurrentYearInstant	/disc/71150/081220230302523457_tse-acedjpsm-71150-20230303371150-ixbrl.htm
2023-03-03	年次	当期	連結	実績		売上高	NetSales	44383000000	JPY	44,383	CurrentYearDuration_ConsolidatedMember_ResultMember	/disc/71150/081220230302523457_tse-acedjpsm-71150-20230303371150-ixbrl.htm
2023-03-03	年次	当期	連結	実績		売上高の増減率	ChangeInNetSales	0.170	Pure	17.0	CurrentYearDuration_ConsolidatedMember_ResultMember	/disc/71150/081220230302523457_tse-acedjpsm-71150-20230303371150-ixbrl.htm
2023-03-03	年次	当期	連結	実績		営業利益	OperatingIncome	1042000000	JPY	1,042	CurrentYearDuration_ConsolidatedMember_ResultMember	/disc/71150/081220230302523457_tse-acedjpsm-71150-20230303371150-ixbrl.htm
2023-03-03	年次	当期	連結	実績		営業利益の増減率	ChangeInOperatingIncome	0.206	Pure	20.6	CurrentYearDuration_ConsolidatedMember_ResultMember	/disc/71150/081220230302523457_tse-acedjpsm-71150-20230303371150-ixbrl.htm
2023-03-03	年次	当期	連結	実績		経常利益	OrdinaryIncome	994000000	JPY	994	CurrentYearDuration_ConsolidatedMember_ResultMember	/disc/71150/081220230302523457_tse-acedjpsm-71150-20230303371150-ixbrl.htm
2023-03-03	年次	当期	連結	実績		経常利益の増減率	ChangeInOrdinaryIncome	0.201	Pure	20.1	CurrentYearDuration_ConsolidatedMember_ResultMember	/disc/71150/081220230302523457_tse-acedjpsm-71150-20230303371150-ixbrl.htm
2023-03-03	年次	当期	連結	実績		親会社株主に帰属する当期純利益	ProfitAttributableToOwnersOfParent	704000000	JPY	704	CurrentYearDuration_ConsolidatedMember_ResultMember	/disc/71150/081220230302523457_tse-acedjpsm-71150-20230303371150-ixbrl.htm
2023-03-03	年次	当期	連結	実績		親会社株主に帰属する当期純利益の増減率	ChangeInProfitAttributableToOwnersOfParent	0.378	Pure	37.8	CurrentYearDuration_ConsolidatedMember_ResultMember	/disc/71150/081220230302523457_tse-acedjpsm-71150-20230303371150-ixbrl.htm
2023-03-03	年次	前期	連結	実績		売上高	NetSales	37948000000	JPY	37,948	PriorYearDuration_ConsolidatedMember_ResultMember	/disc/71150/081220230302523457_tse-acedjpsm-71150-20230303371150-ixbrl.htm
2023-03-03	年次	前期	連結	実績		売上高の増減率	ChangeInNetSales	0.170	Pure	17.0	PriorYearDuration_ConsolidatedMember_ResultMember	/disc/71150/081220230302523457_tse-acedjpsm-71150-20230303371150-ixbrl.htm
2023-03-03	年次	前期	連結	実績		営業利益	OperatingIncome	864000000	JPY	864	PriorYearDuration_ConsolidatedMember_ResultMember	/disc/71150/081220230302523457_tse-acedjpsm-71150-20230303371150-ixbrl.htm
2023-03-03	年次	前期	連結	実績		営業利益の増減率	ChangeInOperatingIncome	0.166	Pure	16.6	PriorYearDuration_ConsolidatedMember_ResultMember	/disc/71150/081220230302523457_tse-acedjpsm-71150-20230303371150-ixbrl.htm
2023-03-03	年次	前期	連結	実績		経常利益	OrdinaryIncome	827000000	JPY	827	PriorYearDuration_ConsolidatedMember_ResultMember	/disc/71150/081220230302523457_tse-acedjpsm-71150-20230303371150-ixbrl.htm
2023-03-03	年次	前期	連結	実績		経常利益の増減率	ChangeInOrdinaryIncome	0.155	Pure	15.5	PriorYearDuration_ConsolidatedMember_ResultMember	/disc/71150/081220230302523457_tse-acedjpsm-71150-20230303371150-ixbrl.htm
2023-03-03	年次	前期	連結	実績		親会社株主に帰属する当期純利益	ProfitAttributableToOwnersOfParent	510000000	JPY	510	PriorYearDuration_ConsolidatedMember_ResultMember	/disc/71150/081220230302523457_tse-acedjpsm-71150-20230303371150-ixbrl.htm
2023-03-03	年次	前期	連結	実績		親会社株主に帰属する当期純利益の増減率	ChangeInProfitAttributableToOwnersOfParent	0.009	Pure	0.9	PriorYearDuration_ConsolidatedMember_ResultMember	/disc/71150/081220230302523457_tse-acedjpsm-71150-20230303371150-ixbrl.htm
2023-03-03	年次	当期	連結	実績		包括利益	ComprehensiveIncome	704000000	JPY	704	CurrentYearDuration_ConsolidatedMember_ResultMember	/disc/71150/081220230302523457_tse-acedjpsm-71150-20230303371150-ixbrl.htm
2023-03-03	年次	当期	連結	実績		包括利益の増減率	ChangeInComprehensiveIncome	0.378	Pure	37.8	CurrentYearDuration_ConsolidatedMember_ResultMember	/disc/71150/081220230302523457_tse-acedjpsm-71150-20230303371150-ixbrl.htm
2023-03-03	年次	前期	連結	実績		包括利益	ComprehensiveIncome	510000000	JPY	510	PriorYearDuration_ConsolidatedMember_ResultMember	/disc/71150/081220230302523457_tse-acedjpsm-71150-20230303371150-ixbrl.htm
2023-03-03	年次	前期	連結	実績		包括利益の増減率	ChangeInComprehensiveIncome	0.077	Pure	7.7	PriorYearDuration_ConsolidatedMember_ResultMember	/disc/71150/081220230302523457_tse-acedjpsm-71150-20230303371150-ixbrl.htm
2023-03-03	年次	当期	連結	実績		1株当たり当期純利益	NetIncomePerShare	84.91	JPYPerShares	84.91	CurrentYearDuration_ConsolidatedMember_ResultMember	/disc/71150/081220230302523457_tse-acedjpsm-71150-20230303371150-ixbrl.htm
2023-03-03	年次	当期	連結	実績		潜在株式調整後1株当たり当期純利益	DilutedNetIncomePerShare	83.49	JPYPerShares	83.49	CurrentYearDuration_ConsolidatedMember_ResultMember	/disc/71150/081220230302523457_tse-acedjpsm-71150-20230303371150-ixbrl.htm
2023-03-03	年次	当期	連結	実績		自己資本当期純利益率(ROE)	NetIncomeToShareholdersEquityRatio	0.184	Pure	18.4	CurrentYearDuration_ConsolidatedMember_ResultMember	/disc/71150/081220230302523457_tse-acedjpsm-71150-20230303371150-ixbrl.htm
2023-03-03	年次	当期	連結	実績		総資産経常利益率(ROA)	OrdinaryIncomeToTotalAssetsRatio	0.070	Pure	7.0	CurrentYearDuration_ConsolidatedMember_ResultMember	/disc/71150/081220230302523457_tse-acedjpsm-71150-20230303371150-ixbrl.htm
2023-03-03	年次	当期	連結	実績		売上高営業利益率	OperatingIncomeToNetSalesRatio	0.023	Pure	2.3	CurrentYearDuration_ConsolidatedMember_ResultMember	/disc/71150/081220230302523457_tse-acedjpsm-71150-20230303371150-ixbrl.htm
2023-03-03	年次	前期	連結	実績		1株当たり当期純利益	NetIncomePerShare	61.96	JPYPerShares	61.96	PriorYearDuration_ConsolidatedMember_ResultMember	/disc/71150/081220230302523457_tse-acedjpsm-71150-20230303371150-ixbrl.htm
2023-03-03	年次	前期	連結	実績		自己資本当期純利益率(ROE)	NetIncomeToShareholdersEquityRatio	0.181	Pure	18.1	PriorYearDuration_ConsolidatedMember_ResultMember	/disc/71150/081220230302523457_tse-acedjpsm-71150-20230303371150-ixbrl.htm
2023-03-03	年次	前期	連結	実績		総資産経常利益率(ROA)	OrdinaryIncomeToTotalAssetsRatio	0.065	Pure	6.5	PriorYearDuration_ConsolidatedMember_ResultMember	/disc/71150/081220230302523457_tse-acedjpsm-71150-20230303371150-ixbrl.htm
2023-03-03	年次	前期	連結	実績		売上高営業利益率	OperatingIncomeToNetSalesRatio	0.023	Pure	2.3	PriorYearDuration_ConsolidatedMember_ResultMember	/disc/71150/081220230302523457_tse-acedjpsm-71150-20230303371150-ixbrl.htm
2023-03-03	年次	当期	連結	実績		経営成績の注記	NoteToOperatingResults			（注）１．2022年８月１日付で普通株式１株につき500株の割合で株式分割を行っておりますが、前連結会計年度の期首に当該株式分割が行われたものと仮定して、１株当たり当期純利益及び潜在株式調整後１株当たり当期純利益を算定しております。 ２．2021年12月期の潜在株式調整後１株当たり当期純利益については、潜在株式は存在するものの、当時、当社株式は非上場であったため、期中平均株価が把握できず、記載しておりませんでしたが、2022年12月26日に東京証券取引所スタンダード市場に上場したため、2022年12月期の潜在株式調整後１株当たり当期純利益は、新規上場日から2022年12月期の末日までの平均株価を期中平均株価とみなして算定しております。	CurrentYearDuration_ConsolidatedMember_ResultMember	/disc/71150/081220230302523457_tse-acedjpsm-71150-20230303371150-ixbrl.htm
2023-03-03	年次	当期	連結	実績		総資産	TotalAssets	15284000000	JPY	15,284	CurrentYearInstant_ConsolidatedMember_ResultMember	/disc/71150/081220230302523457_tse-acedjpsm-71150-20230303371150-ixbrl.htm
2023-03-03	年次	当期	連結	実績		純資産	NetAssets	4594000000	JPY	4,594	CurrentYearInstant_ConsolidatedMember_ResultMember	/disc/71150/081220230302523457_tse-acedjpsm-71150-20230303371150-ixbrl.htm
2023-03-03	年次	当期	連結	実績		自己資本比率	CapitalAdequacyRatio	0.301	Pure	30.1	CurrentYearInstant_ConsolidatedMember_ResultMember	/disc/71150/081220230302523457_tse-acedjpsm-71150-20230303371150-ixbrl.htm
2023-03-03	年次	当期	連結	実績		1株当たり純資産	NetAssetsPerShare	486.78	JPYPerShares	486.78	CurrentYearInstant_ConsolidatedMember_ResultMember	/disc/71150/081220230302523457_tse-acedjpsm-71150-20230303371150-ixbrl.htm
2023-03-03	年次	前期	連結	実績		総資産	TotalAssets	13244000000	JPY	13,244	PriorYearInstant_ConsolidatedMember_ResultMember	/disc/71150/081220230302523457_tse-acedjpsm-71150-20230303371150-ixbrl.htm
2023-03-03	年次	前期	連結	実績		純資産	NetAssets	3046000000	JPY	3,046	PriorYearInstant_ConsolidatedMember_ResultMember	/disc/71150/081220230302523457_tse-acedjpsm-71150-20230303371150-ixbrl.htm
2023-03-03	年次	前期	連結	実績		自己資本比率	CapitalAdequacyRatio	0.230	Pure	23.0	PriorYearInstant_ConsolidatedMember_ResultMember	/disc/71150/081220230302523457_tse-acedjpsm-71150-20230303371150-ixbrl.htm
2023-03-03	年次	前期	連結	実績		1株当たり純資産	NetAssetsPerShare	369.33	JPYPerShares	369.33	PriorYearInstant_ConsolidatedMember_ResultMember	/disc/71150/081220230302523457_tse-acedjpsm-71150-20230303371150-ixbrl.htm
2023-03-03	年次	当期	連結	実績		自己資本	OwnersEquity	4593000000	JPY	4,593	CurrentYearInstant_ConsolidatedMember_ResultMember	/disc/71150/081220230302523457_tse-acedjpsm-71150-20230303371150-ixbrl.htm
2023-03-03	年次	前期	連結	実績		自己資本	OwnersEquity	3045000000	JPY	3,045	PriorYearInstant_ConsolidatedMember_ResultMember	/disc/71150/081220230302523457_tse-acedjpsm-71150-20230303371150-ixbrl.htm
2023-03-03	年次	当期	連結	実績			NoteToFinancialPositions			（注）１．2022年８月１日付で普通株式１株につき500株の割合で株式分割を行っておりますが、前連結会計年度の期首に当該株式分割が行われたものと仮定して、１株当たり純資産を算定しております。	CurrentYearInstant_ConsolidatedMember_ResultMember	/disc/71150/081220230302523457_tse-acedjpsm-71150-20230303371150-ixbrl.htm
2023-03-03	年次	当期	連結	実績		営業キャッシュフロー	CashFlowsFromOperatingActivities	1377000000	JPY	1,377	CurrentYearDuration_ConsolidatedMember_ResultMember	/disc/71150/081220230302523457_tse-acedjpsm-71150-20230303371150-ixbrl.htm
2023-03-03	年次	当期	連結	実績		投資キャッシュフロー	CashFlowsFromInvestingActivities	-679000000	JPY	679	CurrentYearDuration_ConsolidatedMember_ResultMember	/disc/71150/081220230302523457_tse-acedjpsm-71150-20230303371150-ixbrl.htm
2023-03-03	年次	当期	連結	実績		財務キャッシュフロー	CashFlowsFromFinancingActivities	333000000	JPY	333	CurrentYearDuration_ConsolidatedMember_ResultMember	/disc/71150/081220230302523457_tse-acedjpsm-71150-20230303371150-ixbrl.htm
2023-03-03	年次	当期	連結	実績		現金及び現金同等物の期末残高	CashAndEquivalentsEndOfPeriod	3896000000	JPY	3,896	CurrentYearInstant_ConsolidatedMember_ResultMember	/disc/71150/081220230302523457_tse-acedjpsm-71150-20230303371150-ixbrl.htm
2023-03-03	年次	前期	連結	実績		営業キャッシュフロー	CashFlowsFromOperatingActivities	472000000	JPY	472	PriorYearDuration_ConsolidatedMember_ResultMember	/disc/71150/081220230302523457_tse-acedjpsm-71150-20230303371150-ixbrl.htm
2023-03-03	年次	前期	連結	実績		投資キャッシュフロー	CashFlowsFromInvestingActivities	-635000000	JPY	635	PriorYearDuration_ConsolidatedMember_ResultMember	/disc/71150/081220230302523457_tse-acedjpsm-71150-20230303371150-ixbrl.htm
2023-03-03	年次	前期	連結	実績		財務キャッシュフロー	CashFlowsFromFinancingActivities	-263000000	JPY	263	PriorYearDuration_ConsolidatedMember_ResultMember	/disc/71150/081220230302523457_tse-acedjpsm-71150-20230303371150-ixbrl.htm
2023-03-03	年次	前期	連結	実績		現金及び現金同等物の期末残高	CashAndEquivalentsEndOfPeriod	2864000000	JPY	2,864	PriorYearInstant_ConsolidatedMember_ResultMember	/disc/71150/081220230302523457_tse-acedjpsm-71150-20230303371150-ixbrl.htm
2023-03-03	年次	前期	単体	実績	第2四半期末	1株当たり配当金	DividendPerShare	0.00	JPYPerShares	0.00	PriorYearDuration_SecondQuarterMember_NonConsolidatedMember_ResultMember	/disc/71150/081220230302523457_tse-acedjpsm-71150-20230303371150-ixbrl.htm
2023-03-03	年次	前期	単体	実績	期末	1株当たり配当金	DividendPerShare	6200.00	JPYPerShares	6,200.00	PriorYearDuration_YearEndMember_NonConsolidatedMember_ResultMember	/disc/71150/081220230302523457_tse-acedjpsm-71150-20230303371150-ixbrl.htm
2023-03-03	年次	前期	単体	実績	合計	1株当たり配当金	DividendPerShare	6200.00	JPYPerShares	6,200.00	PriorYearDuration_AnnualMember_NonConsolidatedMember_ResultMember	/disc/71150/081220230302523457_tse-acedjpsm-71150-20230303371150-ixbrl.htm
2023-03-03	年次	前期	単体	実績	合計	配当金総額	TotalDividendPaidAnnual	102000000	JPY	102	PriorYearDuration_AnnualMember_NonConsolidatedMember_ResultMember	/disc/71150/081220230302523457_tse-acedjpsm-71150-20230303371150-ixbrl.htm
2023-03-03	年次	前期	連結	実績	合計	配当性向	PayoutRatio	0.200	Pure	20.0	PriorYearDuration_AnnualMember_ConsolidatedMember_ResultMember	/disc/71150/081220230302523457_tse-acedjpsm-71150-20230303371150-ixbrl.htm
2023-03-03	年次	前期	連結	実績	合計	純資産配当率	RatioOfTotalAmountOfDividendsToNetAssets	0.036	Pure	3.6	PriorYearDuration_AnnualMember_ConsolidatedMember_ResultMember	/disc/71150/081220230302523457_tse-acedjpsm-71150-20230303371150-ixbrl.htm
2023-03-03	年次	当期	単体	実績	第2四半期末	1株当たり配当金	DividendPerShare	0.00	JPYPerShares	0.00	CurrentYearDuration_SecondQuarterMember_NonConsolidatedMember_ResultMember	/disc/71150/081220230302523457_tse-acedjpsm-71150-20230303371150-ixbrl.htm
2023-03-03	年次	当期	単体	実績	期末	1株当たり配当金	DividendPerShare	15.00	JPYPerShares	15.00	CurrentYearDuration_YearEndMember_NonConsolidatedMember_ResultMember	/disc/71150/081220230302523457_tse-acedjpsm-71150-20230303371150-ixbrl.htm
2023-03-03	年次	当期	単体	実績	合計	1株当たり配当金	DividendPerShare	15.00	JPYPerShares	15.00	CurrentYearDuration_AnnualMember_NonConsolidatedMember_ResultMember	/disc/71150/081220230302523457_tse-acedjpsm-71150-20230303371150-ixbrl.htm
2023-03-03	年次	当期	単体	実績	合計	配当金総額	TotalDividendPaidAnnual	141000000	JPY	141	CurrentYearDuration_AnnualMember_NonConsolidatedMember_ResultMember	/disc/71150/081220230302523457_tse-acedjpsm-71150-20230303371150-ixbrl.htm
2023-03-03	年次	当期	連結	実績	合計	配当性向	PayoutRatio	0.177	Pure	17.7	CurrentYearDuration_AnnualMember_ConsolidatedMember_ResultMember	/disc/71150/081220230302523457_tse-acedjpsm-71150-20230303371150-ixbrl.htm
2023-03-03	年次	当期	連結	実績	合計	純資産配当率	RatioOfTotalAmountOfDividendsToNetAssets	0.035	Pure	3.5	CurrentYearDuration_AnnualMember_ConsolidatedMember_ResultMember	/disc/71150/081220230302523457_tse-acedjpsm-71150-20230303371150-ixbrl.htm
2023-03-03	年次	来期	単体	予想	第2四半期末	1株当たり配当金	DividendPerShare	0.00	JPYPerShares	0.00	NextYearDuration_SecondQuarterMember_NonConsolidatedMember_ForecastMember	/disc/71150/081220230302523457_tse-acedjpsm-71150-20230303371150-ixbrl.htm
2023-03-03	年次	来期	単体	予想	期末	1株当たり配当金	DividendPerShare	18.00	JPYPerShares	18.00	NextYearDuration_YearEndMember_NonConsolidatedMember_ForecastMember	/disc/71150/081220230302523457_tse-acedjpsm-71150-20230303371150-ixbrl.htm
2023-03-03	年次	来期	単体	予想	合計	1株当たり配当金	DividendPerShare	18.00	JPYPerShares	18.00	NextYearDuration_AnnualMember_NonConsolidatedMember_ForecastMember	/disc/71150/081220230302523457_tse-acedjpsm-71150-20230303371150-ixbrl.htm
2023-03-03	年次	来期	連結	予想	合計	配当性向	PayoutRatio	0.251	Pure	25.1	NextYearDuration_AnnualMember_ConsolidatedMember_ForecastMember	/disc/71150/081220230302523457_tse-acedjpsm-71150-20230303371150-ixbrl.htm
2023-03-03	年次	当期	単体	実績	合計	配当の注記	NoteToDividends			（注）１．2022年８月１日付で普通株式１株につき500株の割合で株式分割を行っております。2021年12月期については、当該株式分割前の実際の配当金の額を記載しております。 ２．2022年12月期における１株当たり期末配当金の詳細については、本日（2023年２月14日）公表いたしました、「業績予想値と実績値との差異及び剰余金の配当に関するお知らせ」をご覧ください。	CurrentYearDuration_AnnualMember_NonConsolidatedMember_ResultMember	/disc/71150/081220230302523457_tse-acedjpsm-71150-20230303371150-ixbrl.htm
2023-03-03	年次	来期	連結	予想		業績予想の見出し	TitleForForecasts			３．2023年12月期の連結業績予想（2023年１月１日～2023年12月31日）	NextYearDuration_ConsolidatedMember_ForecastMember	/disc/71150/081220230302523457_tse-acedjpsm-71150-20230303371150-ixbrl.htm
2023-03-03	年次	来期	連結	予想		売上高	NetSales	48600000000	JPY	48,600	NextYearDuration_ConsolidatedMember_ForecastMember	/disc/71150/081220230302523457_tse-acedjpsm-71150-20230303371150-ixbrl.htm
2023-03-03	年次	来期	連結	予想		売上高の増減率	ChangeInNetSales	0.095	Pure	9.5	NextYearDuration_ConsolidatedMember_ForecastMember	/disc/71150/081220230302523457_tse-acedjpsm-71150-20230303371150-ixbrl.htm
2023-03-03	年次	来期	連結	予想		営業利益	OperatingIncome	950000000	JPY	950	NextYearDuration_ConsolidatedMember_ForecastMember	/disc/71150/081220230302523457_tse-acedjpsm-71150-20230303371150-ixbrl.htm
2023-03-03	年次	来期	連結	予想		営業利益の増減率	ChangeInOperatingIncome	-0.088	Pure	8.8	NextYearDuration_ConsolidatedMember_ForecastMember	/disc/71150/081220230302523457_tse-acedjpsm-71150-20230303371150-ixbrl.htm
2023-03-03	年次	来期	連結	予想		経常利益	OrdinaryIncome	948000000	JPY	948	NextYearDuration_ConsolidatedMember_ForecastMember	/disc/71150/081220230302523457_tse-acedjpsm-71150-20230303371150-ixbrl.htm
2023-03-03	年次	来期	連結	予想		経常利益の増減率	ChangeInOrdinaryIncome	-0.047	Pure	4.7	NextYearDuration_ConsolidatedMember_ForecastMember	/disc/71150/081220230302523457_tse-acedjpsm-71150-20230303371150-ixbrl.htm
2023-03-03	年次	来期	連結	予想		親会社株主に帰属する当期純利益	ProfitAttributableToOwnersOfParent	677000000	JPY	677	NextYearDuration_ConsolidatedMember_ForecastMember	/disc/71150/081220230302523457_tse-acedjpsm-71150-20230303371150-ixbrl.htm
2023-03-03	年次	来期	連結	予想		親会社株主に帰属する当期純利益の増減率	ChangeInProfitAttributableToOwnersOfParent	-0.038	Pure	3.8	NextYearDuration_ConsolidatedMember_ForecastMember	/disc/71150/081220230302523457_tse-acedjpsm-71150-20230303371150-ixbrl.htm
2023-03-03	年次	来期	連結	予想		1株当たり当期純利益	NetIncomePerShare	71.74	JPYPerShares	71.74	NextYearDuration_ConsolidatedMember_ForecastMember	/disc/71150/081220230302523457_tse-acedjpsm-71150-20230303371150-ixbrl.htm
2023-03-03	年次	当期	連結	実績			MaterialChangesInSubsidiariesDuringThisPeriodChangesInScopeOfConsolidationsResultingFromChangeIsSubsidiaries			無	CurrentYearDuration_ConsolidatedMember_ResultMember	/disc/71150/081220230302523457_tse-acedjpsm-71150-20230303371150-ixbrl.htm
2023-03-03	年次	当期	連結	実績		会計基準等の改正に伴う変更	ChangesBasedOnRevisionsOfAccountingStandard			無	CurrentYearDuration_ConsolidatedMember_ResultMember	/disc/71150/081220230302523457_tse-acedjpsm-71150-20230303371150-ixbrl.htm
2023-03-03	年次	当期	連結	実績		それ以外の会計方針の変更	ChangesOtherThanOnesBasedOnRevisionsOfAccountingStandard			無	CurrentYearDuration_ConsolidatedMember_ResultMember	/disc/71150/081220230302523457_tse-acedjpsm-71150-20230303371150-ixbrl.htm
2023-03-03	年次	当期	連結	実績		会計上の見積りの変更	ChangesInAccountingEstimates			無	CurrentYearDuration_ConsolidatedMember_ResultMember	/disc/71150/081220230302523457_tse-acedjpsm-71150-20230303371150-ixbrl.htm
2023-03-03	年次	当期	連結	実績		修正再表示	RetrospectiveRestatement			無	CurrentYearDuration_ConsolidatedMember_ResultMember	/disc/71150/081220230302523457_tse-acedjpsm-71150-20230303371150-ixbrl.htm
2023-03-03	年次	当期	単体	実績		期末発行済株式数(自己株式を含む)	NumberOfIssuedAndOutstandingSharesAtTheEndOfFiscalYearIncludingTreasuryStock	9436500	Shares	9,436,500	CurrentYearInstant_NonConsolidatedMember_ResultMember	/disc/71150/081220230302523457_tse-acedjpsm-71150-20230303371150-ixbrl.htm
2023-03-03	年次	前期	単体	実績		期末発行済株式数(自己株式を含む)	NumberOfIssuedAndOutstandingSharesAtTheEndOfFiscalYearIncludingTreasuryStock	8246000	Shares	8,246,000	PriorYearInstant_NonConsolidatedMember_ResultMember	/disc/71150/081220230302523457_tse-acedjpsm-71150-20230303371150-ixbrl.htm
2023-03-03	年次	当期	単体	実績		期中平均株式数	AverageNumberOfShares	8292797	Shares	8,292,797	CurrentYearDuration_NonConsolidatedMember_ResultMember	/disc/71150/081220230302523457_tse-acedjpsm-71150-20230303371150-ixbrl.htm
2023-03-03	年次	前期	単体	実績		期中平均株式数	AverageNumberOfShares	8246000	Shares	8,246,000	PriorYearDuration_NonConsolidatedMember_ResultMember	/disc/71150/081220230302523457_tse-acedjpsm-71150-20230303371150-ixbrl.htm
2023-03-03	年次	当期	単体	実績			NoteToNumberOfIssuedAndOutstandingSharesCommonStock			（注）2022年８月１日付で普通株式１株につき500株の割合で株式分割を行っております。前連結会計年度の期首に当該株式分割が行われたものと仮定して、「期末発行済株式数」および「期中平均株式数」を算定しております。	CurrentYearInstant_NonConsolidatedMember_ResultMember	/disc/71150/081220230302523457_tse-acedjpsm-71150-20230303371150-ixbrl.htm
2023-03-03	年次	当期	単体	実績		売上高	NetSales	44343000000	JPY	44,343	CurrentYearDuration_NonConsolidatedMember_ResultMember	/disc/71150/081220230302523457_tse-acedjpsm-71150-20230303371150-ixbrl.htm
2023-03-03	年次	当期	単体	実績		売上高の増減率	ChangeInNetSales	0.171	Pure	17.1	CurrentYearDuration_NonConsolidatedMember_ResultMember	/disc/71150/081220230302523457_tse-acedjpsm-71150-20230303371150-ixbrl.htm
2023-03-03	年次	当期	単体	実績		営業利益	OperatingIncome	987000000	JPY	987	CurrentYearDuration_NonConsolidatedMember_ResultMember	/disc/71150/081220230302523457_tse-acedjpsm-71150-20230303371150-ixbrl.htm
2023-03-03	年次	当期	単体	実績		営業利益の増減率	ChangeInOperatingIncome	0.243	Pure	24.3	CurrentYearDuration_NonConsolidatedMember_ResultMember	/disc/71150/081220230302523457_tse-acedjpsm-71150-20230303371150-ixbrl.htm
2023-03-03	年次	当期	単体	実績		経常利益	OrdinaryIncome	1004000000	JPY	1,004	CurrentYearDuration_NonConsolidatedMember_ResultMember	/disc/71150/081220230302523457_tse-acedjpsm-71150-20230303371150-ixbrl.htm
2023-03-03	年次	当期	単体	実績		経常利益の増減率	ChangeInOrdinaryIncome	0.326	Pure	32.6	CurrentYearDuration_NonConsolidatedMember_ResultMember	/disc/71150/081220230302523457_tse-acedjpsm-71150-20230303371150-ixbrl.htm
2023-03-03	年次	当期	単体	実績		当期純利益	NetIncome	723000000	JPY	723	CurrentYearDuration_NonConsolidatedMember_ResultMember	/disc/71150/081220230302523457_tse-acedjpsm-71150-20230303371150-ixbrl.htm
2023-03-03	年次	当期	単体	実績		当期純利益の増減率	ChangeInNetIncome	0.687	Pure	68.7	CurrentYearDuration_NonConsolidatedMember_ResultMember	/disc/71150/081220230302523457_tse-acedjpsm-71150-20230303371150-ixbrl.htm
2023-03-03	年次	前期	単体	実績		売上高	NetSales	37853000000	JPY	37,853	PriorYearDuration_NonConsolidatedMember_ResultMember	/disc/71150/081220230302523457_tse-acedjpsm-71150-20230303371150-ixbrl.htm
2023-03-03	年次	前期	単体	実績		売上高の増減率	ChangeInNetSales	0.169	Pure	16.9	PriorYearDuration_NonConsolidatedMember_ResultMember	/disc/71150/081220230302523457_tse-acedjpsm-71150-20230303371150-ixbrl.htm
2023-03-03	年次	前期	単体	実績		営業利益	OperatingIncome	794000000	JPY	794	PriorYearDuration_NonConsolidatedMember_ResultMember	/disc/71150/081220230302523457_tse-acedjpsm-71150-20230303371150-ixbrl.htm
2023-03-03	年次	前期	単体	実績		営業利益の増減率	ChangeInOperatingIncome	0.173	Pure	17.3	PriorYearDuration_NonConsolidatedMember_ResultMember	/disc/71150/081220230302523457_tse-acedjpsm-71150-20230303371150-ixbrl.htm
2023-03-03	年次	前期	単体	実績		経常利益	OrdinaryIncome	757000000	JPY	757	PriorYearDuration_NonConsolidatedMember_ResultMember	/disc/71150/081220230302523457_tse-acedjpsm-71150-20230303371150-ixbrl.htm
2023-03-03	年次	前期	単体	実績		経常利益の増減率	ChangeInOrdinaryIncome	0.162	Pure	16.2	PriorYearDuration_NonConsolidatedMember_ResultMember	/disc/71150/081220230302523457_tse-acedjpsm-71150-20230303371150-ixbrl.htm
2023-03-03	年次	前期	単体	実績		当期純利益	NetIncome	429000000	JPY	429	PriorYearDuration_NonConsolidatedMember_ResultMember	/disc/71150/081220230302523457_tse-acedjpsm-71150-20230303371150-ixbrl.htm
2023-03-03	年次	前期	単体	実績		当期純利益の増減率	ChangeInNetIncome	-0.020	Pure	2.0	PriorYearDuration_NonConsolidatedMember_ResultMember	/disc/71150/081220230302523457_tse-acedjpsm-71150-20230303371150-ixbrl.htm
2023-03-03	年次	当期	単体	実績		1株当たり当期純利益	NetIncomePerShare	87.28	JPYPerShares	87.28	CurrentYearDuration_NonConsolidatedMember_ResultMember	/disc/71150/081220230302523457_tse-acedjpsm-71150-20230303371150-ixbrl.htm
2023-03-03	年次	当期	単体	実績		潜在株式調整後1株当たり当期純利益	DilutedNetIncomePerShare	85.83	JPYPerShares	85.83	CurrentYearDuration_NonConsolidatedMember_ResultMember	/disc/71150/081220230302523457_tse-acedjpsm-71150-20230303371150-ixbrl.htm
2023-03-03	年次	前期	単体	実績		1株当たり当期純利益	NetIncomePerShare	52.04	JPYPerShares	52.04	PriorYearDuration_NonConsolidatedMember_ResultMember	/disc/71150/081220230302523457_tse-acedjpsm-71150-20230303371150-ixbrl.htm
2023-03-03	年次	当期	単体	実績		経営成績の注記	NoteToOperatingResults			（注）2022年８月１日付で普通株式１株につき500株の割合で株式分割を行っておりますが、前事業年度の期首に当該株式分割が行われたものと仮定して、１株当たり当期純利益及び潜在株式調整後１株当たり当期純利益を算定しております。	CurrentYearDuration_NonConsolidatedMember_ResultMember	/disc/71150/081220230302523457_tse-acedjpsm-71150-20230303371150-ixbrl.htm
2023-03-03	年次	当期	単体	実績		総資産	TotalAssets	15159000000	JPY	15,159	CurrentYearInstant_NonConsolidatedMember_ResultMember	/disc/71150/081220230302523457_tse-acedjpsm-71150-20230303371150-ixbrl.htm
2023-03-03	年次	当期	単体	実績		純資産	NetAssets	4480000000	JPY	4,480	CurrentYearInstant_NonConsolidatedMember_ResultMember	/disc/71150/081220230302523457_tse-acedjpsm-71150-20230303371150-ixbrl.htm
2023-03-03	年次	当期	単体	実績		自己資本比率	CapitalAdequacyRatio	0.295	Pure	29.5	CurrentYearInstant_NonConsolidatedMember_ResultMember	/disc/71150/081220230302523457_tse-acedjpsm-71150-20230303371150-ixbrl.htm
2023-03-03	年次	当期	単体	実績		1株当たり純資産	NetAssetsPerShare	474.72	JPYPerShares	474.72	CurrentYearInstant_NonConsolidatedMember_ResultMember	/disc/71150/081220230302523457_tse-acedjpsm-71150-20230303371150-ixbrl.htm
2023-03-03	年次	前期	単体	実績		総資産	TotalAssets	13090000000	JPY	13,090	PriorYearInstant_NonConsolidatedMember_ResultMember	/disc/71150/081220230302523457_tse-acedjpsm-71150-20230303371150-ixbrl.htm
2023-03-03	年次	前期	単体	実績		純資産	NetAssets	2912000000	JPY	2,912	PriorYearInstant_NonConsolidatedMember_ResultMember	/disc/71150/081220230302523457_tse-acedjpsm-71150-20230303371150-ixbrl.htm
2023-03-03	年次	前期	単体	実績		自己資本比率	CapitalAdequacyRatio	0.222	Pure	22.2	PriorYearInstant_NonConsolidatedMember_ResultMember	/disc/71150/081220230302523457_tse-acedjpsm-71150-20230303371150-ixbrl.htm
2023-03-03	年次	前期	単体	実績		1株当たり純資産	NetAssetsPerShare	353.14	JPYPerShares	353.14	PriorYearInstant_NonConsolidatedMember_ResultMember	/disc/71150/081220230302523457_tse-acedjpsm-71150-20230303371150-ixbrl.htm
2023-03-03	年次	当期	単体	実績		自己資本	OwnersEquity	4479000000	JPY	4,479	CurrentYearInstant_NonConsolidatedMember_ResultMember	/disc/71150/081220230302523457_tse-acedjpsm-71150-20230303371150-ixbrl.htm
2023-03-03	年次	前期	単体	実績		自己資本	OwnersEquity	2912000000	JPY	2,912	PriorYearInstant_NonConsolidatedMember_ResultMember	/disc/71150/081220230302523457_tse-acedjpsm-71150-20230303371150-ixbrl.htm
2023-03-03	年次	当期	単体	実績			NoteToFinancialPositions			（注）2022年８月１日付で普通株式１株につき500株の割合で株式分割を行っておりますが、前事業年度の期首に当該株式分割が行われたものと仮定して、１株当たり純資産を算定しております。	CurrentYearInstant_NonConsolidatedMember_ResultMember	/disc/71150/081220230302523457_tse-acedjpsm-71150-20230303371150-ixbrl.htm
2023-03-03	年次	来期				将来情報の利用に関する注意	NotesForUsingForecastedInformationAndOthers			本資料に記載されている業績見通し等の将来に関する記述は、当社が現在入手している情報および合理的であると判断する一定の前提に基づいており、その達成を当社として約束する趣旨のものではありません。また、実際の業績は様々な要因により大きく異なる可能性があります。 なお、上記予想に関する事項は添付資料のP3、4を参照ください。 決算補足説明資料については、当社ウェブサイトに掲載する予定です。 https://www.alphapurchase.co.jp/ir/	NextYearDuration	/disc/71150/081220230302523457_tse-acedjpsm-71150-20230303371150-ixbrl.htm
2023-03-03	年次	当期				決算期末	FiscalYearEnd			2022-12-31	CurrentYearInstant	/disc/71150/081220230302523457_tse-acedjpsm-71150-20230303371150-ixbrl.htm
2023-05-15	四半期	当期第1四半期累計				書類名	DocumentName			第１四半期決算短信〔日本基準〕（連結）	CurrentAccumulatedQ1Instant	/disc/71150/081220230512571126_tse-qcedjpsm-71150-20230515371150-ixbrl.htm
2023-05-15	四半期	当期第1四半期累計				提出日	FilingDate			2023年５月15日	CurrentAccumulatedQ1Instant	/disc/71150/081220230512571126_tse-qcedjpsm-71150-20230515371150-ixbrl.htm
2023-05-15	四半期	当期第1四半期累計				会社名	CompanyName			株式会社アルファパーチェス	CurrentAccumulatedQ1Instant	/disc/71150/081220230512571126_tse-qcedjpsm-71150-20230515371150-ixbrl.htm
2023-05-15	四半期	当期第1四半期累計					TokyoStockExchange			東	CurrentAccumulatedQ1Instant	/disc/71150/081220230512571126_tse-qcedjpsm-71150-20230515371150-ixbrl.htm
2023-05-15	四半期	当期第1四半期累計				証券コード	SecuritiesCode			7115	CurrentAccumulatedQ1Instant	/disc/71150/081220230512571126_tse-qcedjpsm-71150-20230515371150-ixbrl.htm
2023-05-15	四半期	当期第1四半期累計				URL	URL			https://www.alphapurchase.co.jp/	CurrentAccumulatedQ1Instant	/disc/71150/081220230512571126_tse-qcedjpsm-71150-20230515371150-ixbrl.htm
2023-05-15	四半期	当期第1四半期累計				代表者の役職	TitleRepresentative			代表取締役 社長 兼 ＣＥＯ	CurrentAccumulatedQ1Instant	/disc/71150/081220230512571126_tse-qcedjpsm-71150-20230515371150-ixbrl.htm
2023-05-15	四半期	当期第1四半期累計				代表者名	NameRepresentative			多田 雅之	CurrentAccumulatedQ1Instant	/disc/71150/081220230512571126_tse-qcedjpsm-71150-20230515371150-ixbrl.htm
2023-05-15	四半期	当期第1四半期累計					TitleInquiries			取締役 ＣＦＯ	CurrentAccumulatedQ1Instant	/disc/71150/081220230512571126_tse-qcedjpsm-71150-20230515371150-ixbrl.htm
2023-05-15	四半期	当期第1四半期累計					NameInquiries			齋藤 正弘	CurrentAccumulatedQ1Instant	/disc/71150/081220230512571126_tse-qcedjpsm-71150-20230515371150-ixbrl.htm
2023-05-15	四半期	当期第1四半期累計					Tel			03-6628-8453	CurrentAccumulatedQ1Instant	/disc/71150/081220230512571126_tse-qcedjpsm-71150-20230515371150-ixbrl.htm
2023-05-15	四半期	当期第1四半期累計					QuarterlyStatementFilingDateAsPlanned			2023年５月15日	CurrentAccumulatedQ1Instant	/disc/71150/081220230512571126_tse-qcedjpsm-71150-20230515371150-ixbrl.htm
2023-05-15	四半期	当期第1四半期累計					SupplementalMaterialOfQuarterlyResults			有	CurrentAccumulatedQ1Instant	/disc/71150/081220230512571126_tse-qcedjpsm-71150-20230515371150-ixbrl.htm
2023-05-15	四半期	当期第1四半期累計					ConveningBriefingOfQuarterlyResults			有	CurrentAccumulatedQ1Instant	/disc/71150/081220230512571126_tse-qcedjpsm-71150-20230515371150-ixbrl.htm
2023-05-15	四半期	当期第1四半期累計					TargetForBriefingOfQuarterlyResults			（個人投資家向け）	CurrentAccumulatedQ1Instant	/disc/71150/081220230512571126_tse-qcedjpsm-71150-20230515371150-ixbrl.htm
2023-05-15	四半期	当期第1四半期累計					NoteToFractionProcessingMethod			（百万円未満切捨て）	CurrentAccumulatedQ1Instant	/disc/71150/081220230512571126_tse-qcedjpsm-71150-20230515371150-ixbrl.htm
2023-05-15	四半期	当期第1四半期累計	連結	実績		売上高	NetSales	12258000000	JPY	12,258	CurrentAccumulatedQ1Duration_ConsolidatedMember_ResultMember	/disc/71150/081220230512571126_tse-qcedjpsm-71150-20230515371150-ixbrl.htm
2023-05-15	四半期	当期第1四半期累計	連結	実績		営業利益	OperatingIncome	340000000	JPY	340	CurrentAccumulatedQ1Duration_ConsolidatedMember_ResultMember	/disc/71150/081220230512571126_tse-qcedjpsm-71150-20230515371150-ixbrl.htm
2023-05-15	四半期	当期第1四半期累計	連結	実績		経常利益	OrdinaryIncome	332000000	JPY	332	CurrentAccumulatedQ1Duration_ConsolidatedMember_ResultMember	/disc/71150/081220230512571126_tse-qcedjpsm-71150-20230515371150-ixbrl.htm
2023-05-15	四半期	当期第1四半期累計	連結	実績		親会社株主に帰属する当期純利益	ProfitAttributableToOwnersOfParent	236000000	JPY	236	CurrentAccumulatedQ1Duration_ConsolidatedMember_ResultMember	/disc/71150/081220230512571126_tse-qcedjpsm-71150-20230515371150-ixbrl.htm
2023-05-15	四半期	当期第1四半期累計	連結	実績		包括利益	ComprehensiveIncome	236000000	JPY	236	CurrentAccumulatedQ1Duration_ConsolidatedMember_ResultMember	/disc/71150/081220230512571126_tse-qcedjpsm-71150-20230515371150-ixbrl.htm
2023-05-15	四半期	当期第1四半期累計	連結	実績		1株当たり当期純利益	NetIncomePerShare	25.10	JPYPerShares	25.10	CurrentAccumulatedQ1Duration_ConsolidatedMember_ResultMember	/disc/71150/081220230512571126_tse-qcedjpsm-71150-20230515371150-ixbrl.htm
2023-05-15	四半期	当期第1四半期累計	連結	実績		潜在株式調整後1株当たり当期純利益	DilutedNetIncomePerShare	24.61	JPYPerShares	24.61	CurrentAccumulatedQ1Duration_ConsolidatedMember_ResultMember	/disc/71150/081220230512571126_tse-qcedjpsm-71150-20230515371150-ixbrl.htm
2023-05-15	四半期	当期第1四半期累計	連結	実績		経営成績の注記	NoteToOperatingResults			（注）当社は、2022年12月26日に東京証券取引所スタンダード市場に上場したことに伴い、業績開示は2022年12月期第３四半期から行っているため、2022年12月期第１四半期の数値及び対前年同四半期増減率並びに2023年12月期第１四半期対前年同四半期増減率を記載しておりません。	CurrentAccumulatedQ1Duration_ConsolidatedMember_ResultMember	/disc/71150/081220230512571126_tse-qcedjpsm-71150-20230515371150-ixbrl.htm
2023-05-15	四半期	当期第1四半期累計	連結	実績		総資産	TotalAssets	13395000000	JPY	13,395	CurrentAccumulatedQ1Instant_ConsolidatedMember_ResultMember	/disc/71150/081220230512571126_tse-qcedjpsm-71150-20230515371150-ixbrl.htm
2023-05-15	四半期	当期第1四半期累計	連結	実績		純資産	NetAssets	4691000000	JPY	4,691	CurrentAccumulatedQ1Instant_ConsolidatedMember_ResultMember	/disc/71150/081220230512571126_tse-qcedjpsm-71150-20230515371150-ixbrl.htm
2023-05-15	四半期	当期第1四半期累計	連結	実績		自己資本比率	CapitalAdequacyRatio	0.350	Pure	35.0	CurrentAccumulatedQ1Instant_ConsolidatedMember_ResultMember	/disc/71150/081220230512571126_tse-qcedjpsm-71150-20230515371150-ixbrl.htm
2023-05-15	四半期	前期	連結	実績		総資産	TotalAssets	15284000000	JPY	15,284	PriorYearInstant_ConsolidatedMember_ResultMember	/disc/71150/081220230512571126_tse-qcedjpsm-71150-20230515371150-ixbrl.htm
2023-05-15	四半期	前期	連結	実績		純資産	NetAssets	4594000000	JPY	4,594	PriorYearInstant_ConsolidatedMember_ResultMember	/disc/71150/081220230512571126_tse-qcedjpsm-71150-20230515371150-ixbrl.htm
2023-05-15	四半期	前期	連結	実績		自己資本比率	CapitalAdequacyRatio	0.301	Pure	30.1	PriorYearInstant_ConsolidatedMember_ResultMember	/disc/71150/081220230512571126_tse-qcedjpsm-71150-20230515371150-ixbrl.htm
2023-05-15	四半期	当期第1四半期累計	連結	実績		自己資本	OwnersEquity	4690000000	JPY	4,690	CurrentAccumulatedQ1Instant_ConsolidatedMember_ResultMember	/disc/71150/081220230512571126_tse-qcedjpsm-71150-20230515371150-ixbrl.htm
2023-05-15	四半期	前期	連結	実績		自己資本	OwnersEquity	4593000000	JPY	4,593	PriorYearInstant_ConsolidatedMember_ResultMember	/disc/71150/081220230512571126_tse-qcedjpsm-71150-20230515371150-ixbrl.htm
2023-05-15	四半期	前期	単体	実績	第2四半期末	1株当たり配当金	DividendPerShare	0.00	JPYPerShares	0.00	PriorYearDuration_SecondQuarterMember_NonConsolidatedMember_ResultMember	/disc/71150/081220230512571126_tse-qcedjpsm-71150-20230515371150-ixbrl.htm
2023-05-15	四半期	前期	単体	実績	期末	1株当たり配当金	DividendPerShare	15.00	JPYPerShares	15.00	PriorYearDuration_YearEndMember_NonConsolidatedMember_ResultMember	/disc/71150/081220230512571126_tse-qcedjpsm-71150-20230515371150-ixbrl.htm
2023-05-15	四半期	前期	単体	実績	合計	1株当たり配当金	DividendPerShare	15.00	JPYPerShares	15.00	PriorYearDuration_AnnualMember_NonConsolidatedMember_ResultMember	/disc/71150/081220230512571126_tse-qcedjpsm-71150-20230515371150-ixbrl.htm
2023-05-15	四半期	当期	単体	予想	第2四半期末	1株当たり配当金	DividendPerShare	0.00	JPYPerShares	0.00	CurrentYearDuration_SecondQuarterMember_NonConsolidatedMember_ForecastMember	/disc/71150/081220230512571126_tse-qcedjpsm-71150-20230515371150-ixbrl.htm
2023-05-15	四半期	当期	単体	予想	期末	1株当たり配当金	DividendPerShare	18.00	JPYPerShares	18.00	CurrentYearDuration_YearEndMember_NonConsolidatedMember_ForecastMember	/disc/71150/081220230512571126_tse-qcedjpsm-71150-20230515371150-ixbrl.htm
2023-05-15	四半期	当期	単体	予想	合計	1株当たり配当金	DividendPerShare	18.00	JPYPerShares	18.00	CurrentYearDuration_AnnualMember_NonConsolidatedMember_ForecastMember	/disc/71150/081220230512571126_tse-qcedjpsm-71150-20230515371150-ixbrl.htm
2023-05-15	四半期	当期	単体	実績	合計	当四半期における配当予想の修正	CorrectionOfDividendForecastInThisQuarter			無	CurrentYearDuration_AnnualMember_NonConsolidatedMember_ResultMember	/disc/71150/081220230512571126_tse-qcedjpsm-71150-20230515371150-ixbrl.htm
2023-05-15	四半期	当期	連結	予想		業績予想の見出し	TitleForForecasts			３．2023年12月期の連結業績予想（2023年１月１日～2023年12月31日）	CurrentYearDuration_ConsolidatedMember_ForecastMember	/disc/71150/081220230512571126_tse-qcedjpsm-71150-20230515371150-ixbrl.htm
2023-05-15	四半期	当期	連結	予想		売上高	NetSales	48600000000	JPY	48,600	CurrentYearDuration_ConsolidatedMember_ForecastMember	/disc/71150/081220230512571126_tse-qcedjpsm-71150-20230515371150-ixbrl.htm
2023-05-15	四半期	当期	連結	予想		売上高の増減率	ChangeInNetSales	0.095	Pure	9.5	CurrentYearDuration_ConsolidatedMember_ForecastMember	/disc/71150/081220230512571126_tse-qcedjpsm-71150-20230515371150-ixbrl.htm
2023-05-15	四半期	当期	連結	予想		営業利益	OperatingIncome	950000000	JPY	950	CurrentYearDuration_ConsolidatedMember_ForecastMember	/disc/71150/081220230512571126_tse-qcedjpsm-71150-20230515371150-ixbrl.htm
2023-05-15	四半期	当期	連結	予想		営業利益の増減率	ChangeInOperatingIncome	-0.088	Pure	8.8	CurrentYearDuration_ConsolidatedMember_ForecastMember	/disc/71150/081220230512571126_tse-qcedjpsm-71150-20230515371150-ixbrl.htm
2023-05-15	四半期	当期	連結	予想		経常利益	OrdinaryIncome	948000000	JPY	948	CurrentYearDuration_ConsolidatedMember_ForecastMember	/disc/71150/081220230512571126_tse-qcedjpsm-71150-20230515371150-ixbrl.htm
2023-05-15	四半期	当期	連結	予想		経常利益の増減率	ChangeInOrdinaryIncome	-0.047	Pure	4.7	CurrentYearDuration_ConsolidatedMember_ForecastMember	/disc/71150/081220230512571126_tse-qcedjpsm-71150-20230515371150-ixbrl.htm
2023-05-15	四半期	当期	連結	予想		親会社株主に帰属する当期純利益	ProfitAttributableToOwnersOfParent	677000000	JPY	677	CurrentYearDuration_ConsolidatedMember_ForecastMember	/disc/71150/081220230512571126_tse-qcedjpsm-71150-20230515371150-ixbrl.htm
2023-05-15	四半期	当期	連結	予想		親会社株主に帰属する当期純利益の増減率	ChangeInProfitAttributableToOwnersOfParent	-0.038	Pure	3.8	CurrentYearDuration_ConsolidatedMember_ForecastMember	/disc/71150/081220230512571126_tse-qcedjpsm-71150-20230515371150-ixbrl.htm
2023-05-15	四半期	当期	連結	予想		1株当たり当期純利益	NetIncomePerShare	71.74	JPYPerShares	71.74	CurrentYearDuration_ConsolidatedMember_ForecastMember	/disc/71150/081220230512571126_tse-qcedjpsm-71150-20230515371150-ixbrl.htm
2023-05-15	四半期	当期	連結	予想		当四半期における業績予想の修正	CorrectionOfConsolidatedFinancialForecastInThisQuarter			無	CurrentYearDuration_ConsolidatedMember_ForecastMember	/disc/71150/081220230512571126_tse-qcedjpsm-71150-20230515371150-ixbrl.htm
2023-05-15	四半期	当期第1四半期累計	連結	実績			MaterialChangesInSubsidiariesDuringThisPeriodChangesInScopeOfConsolidationsResultingFromChangeIsSubsidiaries			無	CurrentAccumulatedQ1Duration_ConsolidatedMember_ResultMember	/disc/71150/081220230512571126_tse-qcedjpsm-71150-20230515371150-ixbrl.htm
2023-05-15	四半期	当期第1四半期累計	連結	実績			ApplyingOfSpecificAccountingOfTheConsolidatedQuarterlyFinancialStatements			無	CurrentAccumulatedQ1Duration_ConsolidatedMember_ResultMember	/disc/71150/081220230512571126_tse-qcedjpsm-71150-20230515371150-ixbrl.htm
2023-05-15	四半期	当期第1四半期累計	連結	実績		会計基準等の改正に伴う変更	ChangesBasedOnRevisionsOfAccountingStandard			無	CurrentAccumulatedQ1Duration_ConsolidatedMember_ResultMember	/disc/71150/081220230512571126_tse-qcedjpsm-71150-20230515371150-ixbrl.htm
2023-05-15	四半期	当期第1四半期累計	連結	実績		それ以外の会計方針の変更	ChangesOtherThanOnesBasedOnRevisionsOfAccountingStandard			無	CurrentAccumulatedQ1Duration_ConsolidatedMember_ResultMember	/disc/71150/081220230512571126_tse-qcedjpsm-71150-20230515371150-ixbrl.htm
2023-05-15	四半期	当期第1四半期累計	連結	実績		会計上の見積りの変更	ChangesInAccountingEstimates			無	CurrentAccumulatedQ1Duration_ConsolidatedMember_ResultMember	/disc/71150/081220230512571126_tse-qcedjpsm-71150-20230515371150-ixbrl.htm
2023-05-15	四半期	当期第1四半期累計	連結	実績		修正再表示	RetrospectiveRestatement			無	CurrentAccumulatedQ1Duration_ConsolidatedMember_ResultMember	/disc/71150/081220230512571126_tse-qcedjpsm-71150-20230515371150-ixbrl.htm
2023-05-15	四半期	当期第1四半期累計	単体	実績		期末発行済株式数(自己株式を含む)	NumberOfIssuedAndOutstandingSharesAtTheEndOfFiscalYearIncludingTreasuryStock	9448500	Shares	9,448,500	CurrentAccumulatedQ1Instant_NonConsolidatedMember_ResultMember	/disc/71150/081220230512571126_tse-qcedjpsm-71150-20230515371150-ixbrl.htm
2023-05-15	四半期	前期	単体	実績		期末発行済株式数(自己株式を含む)	NumberOfIssuedAndOutstandingSharesAtTheEndOfFiscalYearIncludingTreasuryStock	9436500	Shares	9,436,500	PriorYearInstant_NonConsolidatedMember_ResultMember	/disc/71150/081220230512571126_tse-qcedjpsm-71150-20230515371150-ixbrl.htm
2023-05-15	四半期	当期第1四半期累計	単体	実績		期中平均株式数	AverageNumberOfShares	9437567	Shares	9,437,567	CurrentAccumulatedQ1Duration_NonConsolidatedMember_ResultMember	/disc/71150/081220230512571126_tse-qcedjpsm-71150-20230515371150-ixbrl.htm
2023-05-15	四半期	前期第1四半期累計	単体	実績		期中平均株式数	AverageNumberOfShares	8248139	Shares	8,248,139	PriorAccumulatedQ1Duration_NonConsolidatedMember_ResultMember	/disc/71150/081220230512571126_tse-qcedjpsm-71150-20230515371150-ixbrl.htm
2023-05-15	四半期	当期				将来情報の利用に関する注意	NotesForUsingForecastedInformationAndOthers			本資料に記載されている業績見通し等の将来に関する記述は、当社が現在入手している情報および合理的であると判断する一定の前提に基づいており、その達成を当社として約束する趣旨のものではありません。また、実際の業績は様々な要因により大きく異なる可能性があります。 決算補足説明資料については、当社ウェブサイトに掲載する予定です。 https://www.alphapurchase.co.jp/ir/	CurrentYearDuration	/disc/71150/081220230512571126_tse-qcedjpsm-71150-20230515371150-ixbrl.htm
2023-05-15	四半期	当期				決算期末	FiscalYearEnd			2023-12-31	CurrentYearInstant	/disc/71150/081220230512571126_tse-qcedjpsm-71150-20230515371150-ixbrl.htm
2023-05-15	四半期	当期第1四半期累計				四半期	QuarterlyPeriod	1	Pure	1	CurrentAccumulatedQ1Instant	/disc/71150/081220230512571126_tse-qcedjpsm-71150-20230515371150-ixbrl.htm
2023-08-14	四半期	当期第2四半期累計				書類名	DocumentName			第２四半期決算短信〔日本基準〕（連結）	CurrentAccumulatedQ2Instant	/disc/71150/081220230810541469_tse-qcedjpsm-71150-20230814371150-ixbrl.htm
2023-08-14	四半期	当期第2四半期累計				提出日	FilingDate			2023年８月14日	CurrentAccumulatedQ2Instant	/disc/71150/081220230810541469_tse-qcedjpsm-71150-20230814371150-ixbrl.htm
2023-08-14	四半期	当期第2四半期累計				会社名	CompanyName			株式会社アルファパーチェス	CurrentAccumulatedQ2Instant	/disc/71150/081220230810541469_tse-qcedjpsm-71150-20230814371150-ixbrl.htm
2023-08-14	四半期	当期第2四半期累計					TokyoStockExchange			東	CurrentAccumulatedQ2Instant	/disc/71150/081220230810541469_tse-qcedjpsm-71150-20230814371150-ixbrl.htm
2023-08-14	四半期	当期第2四半期累計				証券コード	SecuritiesCode			7115	CurrentAccumulatedQ2Instant	/disc/71150/081220230810541469_tse-qcedjpsm-71150-20230814371150-ixbrl.htm
2023-08-14	四半期	当期第2四半期累計				URL	URL			https://www.alphapurchase.co.jp/	CurrentAccumulatedQ2Instant	/disc/71150/081220230810541469_tse-qcedjpsm-71150-20230814371150-ixbrl.htm
2023-08-14	四半期	当期第2四半期累計				代表者の役職	TitleRepresentative			代表取締役 社長 兼 ＣＥＯ	CurrentAccumulatedQ2Instant	/disc/71150/081220230810541469_tse-qcedjpsm-71150-20230814371150-ixbrl.htm
2023-08-14	四半期	当期第2四半期累計				代表者名	NameRepresentative			多田 雅之	CurrentAccumulatedQ2Instant	/disc/71150/081220230810541469_tse-qcedjpsm-71150-20230814371150-ixbrl.htm
2023-08-14	四半期	当期第2四半期累計					TitleInquiries			取締役 ＣＦＯ	CurrentAccumulatedQ2Instant	/disc/71150/081220230810541469_tse-qcedjpsm-71150-20230814371150-ixbrl.htm
2023-08-14	四半期	当期第2四半期累計					NameInquiries			齋藤 正弘	CurrentAccumulatedQ2Instant	/disc/71150/081220230810541469_tse-qcedjpsm-71150-20230814371150-ixbrl.htm
2023-08-14	四半期	当期第2四半期累計					Tel			03-6628-8453	CurrentAccumulatedQ2Instant	/disc/71150/081220230810541469_tse-qcedjpsm-71150-20230814371150-ixbrl.htm
2023-08-14	四半期	当期第2四半期累計					QuarterlyStatementFilingDateAsPlanned			2023年８月14日	CurrentAccumulatedQ2Instant	/disc/71150/081220230810541469_tse-qcedjpsm-71150-20230814371150-ixbrl.htm
2023-08-14	四半期	当期第2四半期累計					SupplementalMaterialOfQuarterlyResults			有	CurrentAccumulatedQ2Instant	/disc/71150/081220230810541469_tse-qcedjpsm-71150-20230814371150-ixbrl.htm
2023-08-14	四半期	当期第2四半期累計					ConveningBriefingOfQuarterlyResults			有	CurrentAccumulatedQ2Instant	/disc/71150/081220230810541469_tse-qcedjpsm-71150-20230814371150-ixbrl.htm
2023-08-14	四半期	当期第2四半期累計					TargetForBriefingOfQuarterlyResults			（個人投資家向け）	CurrentAccumulatedQ2Instant	/disc/71150/081220230810541469_tse-qcedjpsm-71150-20230814371150-ixbrl.htm
2023-08-14	四半期	当期第2四半期累計					NoteToFractionProcessingMethod			（百万円未満切捨て）	CurrentAccumulatedQ2Instant	/disc/71150/081220230810541469_tse-qcedjpsm-71150-20230814371150-ixbrl.htm
2023-08-14	四半期	当期第2四半期累計	連結	実績		売上高	NetSales	24932000000	JPY	24,932	CurrentAccumulatedQ2Duration_ConsolidatedMember_ResultMember	/disc/71150/081220230810541469_tse-qcedjpsm-71150-20230814371150-ixbrl.htm
2023-08-14	四半期	当期第2四半期累計	連結	実績		営業利益	OperatingIncome	603000000	JPY	603	CurrentAccumulatedQ2Duration_ConsolidatedMember_ResultMember	/disc/71150/081220230810541469_tse-qcedjpsm-71150-20230814371150-ixbrl.htm
2023-08-14	四半期	当期第2四半期累計	連結	実績		経常利益	OrdinaryIncome	595000000	JPY	595	CurrentAccumulatedQ2Duration_ConsolidatedMember_ResultMember	/disc/71150/081220230810541469_tse-qcedjpsm-71150-20230814371150-ixbrl.htm
2023-08-14	四半期	当期第2四半期累計	連結	実績		親会社株主に帰属する当期純利益	ProfitAttributableToOwnersOfParent	417000000	JPY	417	CurrentAccumulatedQ2Duration_ConsolidatedMember_ResultMember	/disc/71150/081220230810541469_tse-qcedjpsm-71150-20230814371150-ixbrl.htm
2023-08-14	四半期	当期第2四半期累計	連結	実績		包括利益	ComprehensiveIncome	417000000	JPY	417	CurrentAccumulatedQ2Duration_ConsolidatedMember_ResultMember	/disc/71150/081220230810541469_tse-qcedjpsm-71150-20230814371150-ixbrl.htm
2023-08-14	四半期	当期第2四半期累計	連結	実績		1株当たり当期純利益	NetIncomePerShare	44.15	JPYPerShares	44.15	CurrentAccumulatedQ2Duration_ConsolidatedMember_ResultMember	/disc/71150/081220230810541469_tse-qcedjpsm-71150-20230814371150-ixbrl.htm
2023-08-14	四半期	当期第2四半期累計	連結	実績		潜在株式調整後1株当たり当期純利益	DilutedNetIncomePerShare	42.90	JPYPerShares	42.90	CurrentAccumulatedQ2Duration_ConsolidatedMember_ResultMember	/disc/71150/081220230810541469_tse-qcedjpsm-71150-20230814371150-ixbrl.htm
2023-08-14	四半期	当期第2四半期累計	連結	実績			NoteToConsolidatedFinancialResults			（注）当社は、2022年12月26日に東京証券取引所スタンダード市場に上場したことに伴い、業績開示は2022年12月期第３四半期から行っているため、2022年12月期第２四半期の数値及び対前年同四半期増減率並びに2023年12月期第２四半期対前年同四半期増減率を記載しておりません。	CurrentAccumulatedQ2Duration_ConsolidatedMember_ResultMember	/disc/71150/081220230810541469_tse-qcedjpsm-71150-20230814371150-ixbrl.htm
2023-08-14	四半期	当期第2四半期累計	連結	実績		総資産	TotalAssets	13532000000	JPY	13,532	CurrentAccumulatedQ2Instant_ConsolidatedMember_ResultMember	/disc/71150/081220230810541469_tse-qcedjpsm-71150-20230814371150-ixbrl.htm
2023-08-14	四半期	当期第2四半期累計	連結	実績		純資産	NetAssets	4882000000	JPY	4,882	CurrentAccumulatedQ2Instant_ConsolidatedMember_ResultMember	/disc/71150/081220230810541469_tse-qcedjpsm-71150-20230814371150-ixbrl.htm
2023-08-14	四半期	当期第2四半期累計	連結	実績		自己資本比率	CapitalAdequacyRatio	0.361	Pure	36.1	CurrentAccumulatedQ2Instant_ConsolidatedMember_ResultMember	/disc/71150/081220230810541469_tse-qcedjpsm-71150-20230814371150-ixbrl.htm
2023-08-14	四半期	前期	連結	実績		総資産	TotalAssets	15284000000	JPY	15,284	PriorYearInstant_ConsolidatedMember_ResultMember	/disc/71150/081220230810541469_tse-qcedjpsm-71150-20230814371150-ixbrl.htm
2023-08-14	四半期	前期	連結	実績		純資産	NetAssets	4594000000	JPY	4,594	PriorYearInstant_ConsolidatedMember_ResultMember	/disc/71150/081220230810541469_tse-qcedjpsm-71150-20230814371150-ixbrl.htm
2023-08-14	四半期	前期	連結	実績		自己資本比率	CapitalAdequacyRatio	0.301	Pure	30.1	PriorYearInstant_ConsolidatedMember_ResultMember	/disc/71150/081220230810541469_tse-qcedjpsm-71150-20230814371150-ixbrl.htm
2023-08-14	四半期	当期第2四半期累計	連結	実績		自己資本	OwnersEquity	4881000000	JPY	4,881	CurrentAccumulatedQ2Instant_ConsolidatedMember_ResultMember	/disc/71150/081220230810541469_tse-qcedjpsm-71150-20230814371150-ixbrl.htm
2023-08-14	四半期	前期	連結	実績		自己資本	OwnersEquity	4593000000	JPY	4,593	PriorYearInstant_ConsolidatedMember_ResultMember	/disc/71150/081220230810541469_tse-qcedjpsm-71150-20230814371150-ixbrl.htm
2023-08-14	四半期	前期	単体	実績	第2四半期末	1株当たり配当金	DividendPerShare	0.00	JPYPerShares	0.00	PriorYearDuration_SecondQuarterMember_NonConsolidatedMember_ResultMember	/disc/71150/081220230810541469_tse-qcedjpsm-71150-20230814371150-ixbrl.htm
2023-08-14	四半期	前期	単体	実績	期末	1株当たり配当金	DividendPerShare	15.00	JPYPerShares	15.00	PriorYearDuration_YearEndMember_NonConsolidatedMember_ResultMember	/disc/71150/081220230810541469_tse-qcedjpsm-71150-20230814371150-ixbrl.htm
2023-08-14	四半期	前期	単体	実績	合計	1株当たり配当金	DividendPerShare	15.00	JPYPerShares	15.00	PriorYearDuration_AnnualMember_NonConsolidatedMember_ResultMember	/disc/71150/081220230810541469_tse-qcedjpsm-71150-20230814371150-ixbrl.htm
2023-08-14	四半期	当期	単体	実績	第2四半期末	1株当たり配当金	DividendPerShare	0.00	JPYPerShares	0.00	CurrentYearDuration_SecondQuarterMember_NonConsolidatedMember_ResultMember	/disc/71150/081220230810541469_tse-qcedjpsm-71150-20230814371150-ixbrl.htm
2023-08-14	四半期	当期	単体	予想	期末	1株当たり配当金	DividendPerShare	20.00	JPYPerShares	20.00	CurrentYearDuration_YearEndMember_NonConsolidatedMember_ForecastMember	/disc/71150/081220230810541469_tse-qcedjpsm-71150-20230814371150-ixbrl.htm
2023-08-14	四半期	当期	単体	予想	合計	1株当たり配当金	DividendPerShare	20.00	JPYPerShares	20.00	CurrentYearDuration_AnnualMember_NonConsolidatedMember_ForecastMember	/disc/71150/081220230810541469_tse-qcedjpsm-71150-20230814371150-ixbrl.htm
2023-08-14	四半期	当期	単体	実績	合計	当四半期における配当予想の修正	CorrectionOfDividendForecastInThisQuarter			有	CurrentYearDuration_AnnualMember_NonConsolidatedMember_ResultMember	/disc/71150/081220230810541469_tse-qcedjpsm-71150-20230814371150-ixbrl.htm
2023-08-14	四半期	当期	連結	予想		業績予想の見出し	TitleForForecasts			３．2023年12月期の連結業績予想（2023年１月１日～2023年12月31日）	CurrentYearDuration_ConsolidatedMember_ForecastMember	/disc/71150/081220230810541469_tse-qcedjpsm-71150-20230814371150-ixbrl.htm
2023-08-14	四半期	当期	連結	予想		売上高	NetSales	50000000000	JPY	50,000	CurrentYearDuration_ConsolidatedMember_ForecastMember	/disc/71150/081220230810541469_tse-qcedjpsm-71150-20230814371150-ixbrl.htm
2023-08-14	四半期	当期	連結	予想		売上高の増減率	ChangeInNetSales	0.127	Pure	12.7	CurrentYearDuration_ConsolidatedMember_ForecastMember	/disc/71150/081220230810541469_tse-qcedjpsm-71150-20230814371150-ixbrl.htm
2023-08-14	四半期	当期	連結	予想		営業利益	OperatingIncome	1100000000	JPY	1,100	CurrentYearDuration_ConsolidatedMember_ForecastMember	/disc/71150/081220230810541469_tse-qcedjpsm-71150-20230814371150-ixbrl.htm
2023-08-14	四半期	当期	連結	予想		営業利益の増減率	ChangeInOperatingIncome	0.055	Pure	5.5	CurrentYearDuration_ConsolidatedMember_ForecastMember	/disc/71150/081220230810541469_tse-qcedjpsm-71150-20230814371150-ixbrl.htm
2023-08-14	四半期	当期	連結	予想		経常利益	OrdinaryIncome	1090000000	JPY	1,090	CurrentYearDuration_ConsolidatedMember_ForecastMember	/disc/71150/081220230810541469_tse-qcedjpsm-71150-20230814371150-ixbrl.htm
2023-08-14	四半期	当期	連結	予想		経常利益の増減率	ChangeInOrdinaryIncome	0.096	Pure	9.6	CurrentYearDuration_ConsolidatedMember_ForecastMember	/disc/71150/081220230810541469_tse-qcedjpsm-71150-20230814371150-ixbrl.htm
2023-08-14	四半期	当期	連結	予想		親会社株主に帰属する当期純利益	ProfitAttributableToOwnersOfParent	760000000	JPY	760	CurrentYearDuration_ConsolidatedMember_ForecastMember	/disc/71150/081220230810541469_tse-qcedjpsm-71150-20230814371150-ixbrl.htm
2023-08-14	四半期	当期	連結	予想		親会社株主に帰属する当期純利益の増減率	ChangeInProfitAttributableToOwnersOfParent	0.079	Pure	7.9	CurrentYearDuration_ConsolidatedMember_ForecastMember	/disc/71150/081220230810541469_tse-qcedjpsm-71150-20230814371150-ixbrl.htm
2023-08-14	四半期	当期	連結	予想		1株当たり当期純利益	NetIncomePerShare	79.83	JPYPerShares	79.83	CurrentYearDuration_ConsolidatedMember_ForecastMember	/disc/71150/081220230810541469_tse-qcedjpsm-71150-20230814371150-ixbrl.htm
2023-08-14	四半期	当期	連結	予想		当四半期における業績予想の修正	CorrectionOfConsolidatedFinancialForecastInThisQuarter			有	CurrentYearDuration_ConsolidatedMember_ForecastMember	/disc/71150/081220230810541469_tse-qcedjpsm-71150-20230814371150-ixbrl.htm
2023-08-14	四半期	当期第2四半期累計	連結	実績			MaterialChangesInSubsidiariesDuringThisPeriodChangesInScopeOfConsolidationsResultingFromChangeIsSubsidiaries			無	CurrentAccumulatedQ2Duration_ConsolidatedMember_ResultMember	/disc/71150/081220230810541469_tse-qcedjpsm-71150-20230814371150-ixbrl.htm
2023-08-14	四半期	当期第2四半期累計	連結	実績			ApplyingOfSpecificAccountingOfTheConsolidatedQuarterlyFinancialStatements			無	CurrentAccumulatedQ2Duration_ConsolidatedMember_ResultMember	/disc/71150/081220230810541469_tse-qcedjpsm-71150-20230814371150-ixbrl.htm
2023-08-14	四半期	当期第2四半期累計	連結	実績		会計基準等の改正に伴う変更	ChangesBasedOnRevisionsOfAccountingStandard			無	CurrentAccumulatedQ2Duration_ConsolidatedMember_ResultMember	/disc/71150/081220230810541469_tse-qcedjpsm-71150-20230814371150-ixbrl.htm
2023-08-14	四半期	当期第2四半期累計	連結	実績		それ以外の会計方針の変更	ChangesOtherThanOnesBasedOnRevisionsOfAccountingStandard			無	CurrentAccumulatedQ2Duration_ConsolidatedMember_ResultMember	/disc/71150/081220230810541469_tse-qcedjpsm-71150-20230814371150-ixbrl.htm
2023-08-14	四半期	当期第2四半期累計	連結	実績		会計上の見積りの変更	ChangesInAccountingEstimates			無	CurrentAccumulatedQ2Duration_ConsolidatedMember_ResultMember	/disc/71150/081220230810541469_tse-qcedjpsm-71150-20230814371150-ixbrl.htm
2023-08-14	四半期	当期第2四半期累計	連結	実績		修正再表示	RetrospectiveRestatement			無	CurrentAccumulatedQ2Duration_ConsolidatedMember_ResultMember	/disc/71150/081220230810541469_tse-qcedjpsm-71150-20230814371150-ixbrl.htm
2023-08-14	四半期	当期第2四半期累計	単体	実績		期末発行済株式数(自己株式を含む)	NumberOfIssuedAndOutstandingSharesAtTheEndOfFiscalYearIncludingTreasuryStock	9472000	Shares	9,472,000	CurrentAccumulatedQ2Instant_NonConsolidatedMember_ResultMember	/disc/71150/081220230810541469_tse-qcedjpsm-71150-20230814371150-ixbrl.htm
2023-08-14	四半期	前期	単体	実績		期末発行済株式数(自己株式を含む)	NumberOfIssuedAndOutstandingSharesAtTheEndOfFiscalYearIncludingTreasuryStock	9436500	Shares	9,436,500	PriorYearInstant_NonConsolidatedMember_ResultMember	/disc/71150/081220230810541469_tse-qcedjpsm-71150-20230814371150-ixbrl.htm
2023-08-14	四半期	当期第2四半期累計	単体	実績		期末自己株式数	NumberOfTreasuryStockAtTheEndOfFiscalYear	49	Shares	49	CurrentAccumulatedQ2Instant_NonConsolidatedMember_ResultMember	/disc/71150/081220230810541469_tse-qcedjpsm-71150-20230814371150-ixbrl.htm
2023-08-14	四半期	当期第2四半期累計	単体	実績		期中平均株式数	AverageNumberOfShares	9448796	Shares	9,448,796	CurrentAccumulatedQ2Duration_NonConsolidatedMember_ResultMember	/disc/71150/081220230810541469_tse-qcedjpsm-71150-20230814371150-ixbrl.htm
2023-08-14	四半期	前期第2四半期累計	単体	実績		期中平均株式数	AverageNumberOfShares	8260890	Shares	8,260,890	PriorAccumulatedQ2Duration_NonConsolidatedMember_ResultMember	/disc/71150/081220230810541469_tse-qcedjpsm-71150-20230814371150-ixbrl.htm
2023-08-14	四半期	当期				将来情報の利用に関する注意	NotesForUsingForecastedInformationAndOthers			本資料に記載されている業績見通し等の将来に関する記述は、当社が現在入手している情報および合理的であると判断する一定の前提に基づいており、その達成を当社として約束する趣旨のものではありません。また、実際の業績は様々な要因により大きく異なる可能性があります。 決算補足説明資料については、当社ウェブサイトに掲載する予定です。 https://www.alphapurchase.co.jp/ir/	CurrentYearDuration	/disc/71150/081220230810541469_tse-qcedjpsm-71150-20230814371150-ixbrl.htm
2023-08-14	四半期	当期				決算期末	FiscalYearEnd			2023-12-31	CurrentYearInstant	/disc/71150/081220230810541469_tse-qcedjpsm-71150-20230814371150-ixbrl.htm
2023-08-14	四半期	当期第2四半期累計				四半期	QuarterlyPeriod	2	Pure	2	CurrentAccumulatedQ2Instant	/disc/71150/081220230810541469_tse-qcedjpsm-71150-20230814371150-ixbrl.htm
2023-11-14	四半期	当期第3四半期累計				書類名	DocumentName			第３四半期決算短信〔日本基準〕（連結）	CurrentAccumulatedQ3Instant	/disc/71150/081220231113588678_tse-qcedjpsm-71150-20231114371150-ixbrl.htm
2023-11-14	四半期	当期第3四半期累計				提出日	FilingDate			2023年11月14日	CurrentAccumulatedQ3Instant	/disc/71150/081220231113588678_tse-qcedjpsm-71150-20231114371150-ixbrl.htm
2023-11-14	四半期	当期第3四半期累計				会社名	CompanyName			株式会社アルファパーチェス	CurrentAccumulatedQ3Instant	/disc/71150/081220231113588678_tse-qcedjpsm-71150-20231114371150-ixbrl.htm
2023-11-14	四半期	当期第3四半期累計					TokyoStockExchange			東	CurrentAccumulatedQ3Instant	/disc/71150/081220231113588678_tse-qcedjpsm-71150-20231114371150-ixbrl.htm
2023-11-14	四半期	当期第3四半期累計				証券コード	SecuritiesCode			7115	CurrentAccumulatedQ3Instant	/disc/71150/081220231113588678_tse-qcedjpsm-71150-20231114371150-ixbrl.htm
2023-11-14	四半期	当期第3四半期累計				URL	URL			https://www.alphapurchase.co.jp/	CurrentAccumulatedQ3Instant	/disc/71150/081220231113588678_tse-qcedjpsm-71150-20231114371150-ixbrl.htm
2023-11-14	四半期	当期第3四半期累計				代表者の役職	TitleRepresentative			代表取締役 社長 兼 ＣＥＯ	CurrentAccumulatedQ3Instant	/disc/71150/081220231113588678_tse-qcedjpsm-71150-20231114371150-ixbrl.htm
2023-11-14	四半期	当期第3四半期累計				代表者名	NameRepresentative			多田 雅之	CurrentAccumulatedQ3Instant	/disc/71150/081220231113588678_tse-qcedjpsm-71150-20231114371150-ixbrl.htm
2023-11-14	四半期	当期第3四半期累計					TitleInquiries			取締役 ＣＦＯ	CurrentAccumulatedQ3Instant	/disc/71150/081220231113588678_tse-qcedjpsm-71150-20231114371150-ixbrl.htm
2023-11-14	四半期	当期第3四半期累計					NameInquiries			齋藤 正弘	CurrentAccumulatedQ3Instant	/disc/71150/081220231113588678_tse-qcedjpsm-71150-20231114371150-ixbrl.htm
2023-11-14	四半期	当期第3四半期累計					Tel			03-6628-8453	CurrentAccumulatedQ3Instant	/disc/71150/081220231113588678_tse-qcedjpsm-71150-20231114371150-ixbrl.htm
2023-11-14	四半期	当期第3四半期累計					QuarterlyStatementFilingDateAsPlanned			2023年11月14日	CurrentAccumulatedQ3Instant	/disc/71150/081220231113588678_tse-qcedjpsm-71150-20231114371150-ixbrl.htm
2023-11-14	四半期	当期第3四半期累計					SupplementalMaterialOfQuarterlyResults			有	CurrentAccumulatedQ3Instant	/disc/71150/081220231113588678_tse-qcedjpsm-71150-20231114371150-ixbrl.htm
2023-11-14	四半期	当期第3四半期累計					ConveningBriefingOfQuarterlyResults			有	CurrentAccumulatedQ3Instant	/disc/71150/081220231113588678_tse-qcedjpsm-71150-20231114371150-ixbrl.htm
2023-11-14	四半期	当期第3四半期累計					TargetForBriefingOfQuarterlyResults			（個人投資家向け）	CurrentAccumulatedQ3Instant	/disc/71150/081220231113588678_tse-qcedjpsm-71150-20231114371150-ixbrl.htm
2023-11-14	四半期	当期第3四半期累計					NoteToFractionProcessingMethod			（百万円未満切捨て）	CurrentAccumulatedQ3Instant	/disc/71150/081220231113588678_tse-qcedjpsm-71150-20231114371150-ixbrl.htm
2023-11-14	四半期	当期第3四半期累計	連結	実績		売上高	NetSales	37336000000	JPY	37,336	CurrentAccumulatedQ3Duration_ConsolidatedMember_ResultMember	/disc/71150/081220231113588678_tse-qcedjpsm-71150-20231114371150-ixbrl.htm
2023-11-14	四半期	当期第3四半期累計	連結	実績		売上高の増減率	ChangeInNetSales	0.177	Pure	17.7	CurrentAccumulatedQ3Duration_ConsolidatedMember_ResultMember	/disc/71150/081220231113588678_tse-qcedjpsm-71150-20231114371150-ixbrl.htm
2023-11-14	四半期	当期第3四半期累計	連結	実績		営業利益	OperatingIncome	802000000	JPY	802	CurrentAccumulatedQ3Duration_ConsolidatedMember_ResultMember	/disc/71150/081220231113588678_tse-qcedjpsm-71150-20231114371150-ixbrl.htm
2023-11-14	四半期	当期第3四半期累計	連結	実績		営業利益の増減率	ChangeInOperatingIncome	0.058	Pure	5.8	CurrentAccumulatedQ3Duration_ConsolidatedMember_ResultMember	/disc/71150/081220231113588678_tse-qcedjpsm-71150-20231114371150-ixbrl.htm
2023-11-14	四半期	当期第3四半期累計	連結	実績		経常利益	OrdinaryIncome	793000000	JPY	793	CurrentAccumulatedQ3Duration_ConsolidatedMember_ResultMember	/disc/71150/081220231113588678_tse-qcedjpsm-71150-20231114371150-ixbrl.htm
2023-11-14	四半期	当期第3四半期累計	連結	実績		経常利益の増減率	ChangeInOrdinaryIncome	0.116	Pure	11.6	CurrentAccumulatedQ3Duration_ConsolidatedMember_ResultMember	/disc/71150/081220231113588678_tse-qcedjpsm-71150-20231114371150-ixbrl.htm
2023-11-14	四半期	当期第3四半期累計	連結	実績		親会社株主に帰属する当期純利益	ProfitAttributableToOwnersOfParent	561000000	JPY	561	CurrentAccumulatedQ3Duration_ConsolidatedMember_ResultMember	/disc/71150/081220231113588678_tse-qcedjpsm-71150-20231114371150-ixbrl.htm
2023-11-14	四半期	当期第3四半期累計	連結	実績		親会社株主に帰属する当期純利益の増減率	ChangeInProfitAttributableToOwnersOfParent	0.128	Pure	12.8	CurrentAccumulatedQ3Duration_ConsolidatedMember_ResultMember	/disc/71150/081220231113588678_tse-qcedjpsm-71150-20231114371150-ixbrl.htm
2023-11-14	四半期	前期第3四半期累計	連結	実績		売上高	NetSales	31722000000	JPY	31,722	PriorAccumulatedQ3Duration_ConsolidatedMember_ResultMember	/disc/71150/081220231113588678_tse-qcedjpsm-71150-20231114371150-ixbrl.htm
2023-11-14	四半期	前期第3四半期累計	連結	実績		営業利益	OperatingIncome	758000000	JPY	758	PriorAccumulatedQ3Duration_ConsolidatedMember_ResultMember	/disc/71150/081220231113588678_tse-qcedjpsm-71150-20231114371150-ixbrl.htm
2023-11-14	四半期	前期第3四半期累計	連結	実績		経常利益	OrdinaryIncome	710000000	JPY	710	PriorAccumulatedQ3Duration_ConsolidatedMember_ResultMember	/disc/71150/081220231113588678_tse-qcedjpsm-71150-20231114371150-ixbrl.htm
2023-11-14	四半期	前期第3四半期累計	連結	実績		親会社株主に帰属する当期純利益	ProfitAttributableToOwnersOfParent	497000000	JPY	497	PriorAccumulatedQ3Duration_ConsolidatedMember_ResultMember	/disc/71150/081220231113588678_tse-qcedjpsm-71150-20231114371150-ixbrl.htm
2023-11-14	四半期	当期第3四半期累計	連結	実績		包括利益	ComprehensiveIncome	561000000	JPY	561	CurrentAccumulatedQ3Duration_ConsolidatedMember_ResultMember	/disc/71150/081220231113588678_tse-qcedjpsm-71150-20231114371150-ixbrl.htm
2023-11-14	四半期	当期第3四半期累計	連結	実績		包括利益の増減率	ChangeInComprehensiveIncome	0.128	Pure	12.8	CurrentAccumulatedQ3Duration_ConsolidatedMember_ResultMember	/disc/71150/081220231113588678_tse-qcedjpsm-71150-20231114371150-ixbrl.htm
2023-11-14	四半期	前期第3四半期累計	連結	実績		包括利益	ComprehensiveIncome	497000000	JPY	497	PriorAccumulatedQ3Duration_ConsolidatedMember_ResultMember	/disc/71150/081220231113588678_tse-qcedjpsm-71150-20231114371150-ixbrl.htm
2023-11-14	四半期	当期第3四半期累計	連結	実績		1株当たり当期純利益	NetIncomePerShare	59.31	JPYPerShares	59.31	CurrentAccumulatedQ3Duration_ConsolidatedMember_ResultMember	/disc/71150/081220231113588678_tse-qcedjpsm-71150-20231114371150-ixbrl.htm
2023-11-14	四半期	当期第3四半期累計	連結	実績		潜在株式調整後1株当たり当期純利益	DilutedNetIncomePerShare	57.57	JPYPerShares	57.57	CurrentAccumulatedQ3Duration_ConsolidatedMember_ResultMember	/disc/71150/081220231113588678_tse-qcedjpsm-71150-20231114371150-ixbrl.htm
2023-11-14	四半期	前期第3四半期累計	連結	実績		1株当たり当期純利益	NetIncomePerShare	60.24	JPYPerShares	60.24	PriorAccumulatedQ3Duration_ConsolidatedMember_ResultMember	/disc/71150/081220231113588678_tse-qcedjpsm-71150-20231114371150-ixbrl.htm
2023-11-14	四半期	当期第3四半期累計	連結	実績			NoteToConsolidatedFinancialResults			（注） 2022年12月期第３四半期の潜在株式調整後１株当たり四半期純利益については、潜在株式は存在するものの、当社株式は非上場であったことから、期中平均株価が把握できないため、記載しておりません。&#160;	CurrentAccumulatedQ3Duration_ConsolidatedMember_ResultMember	/disc/71150/081220231113588678_tse-qcedjpsm-71150-20231114371150-ixbrl.htm
2023-11-14	四半期	当期第3四半期累計	連結	実績		総資産	TotalAssets	15314000000	JPY	15,314	CurrentAccumulatedQ3Instant_ConsolidatedMember_ResultMember	/disc/71150/081220231113588678_tse-qcedjpsm-71150-20231114371150-ixbrl.htm
2023-11-14	四半期	当期第3四半期累計	連結	実績		純資産	NetAssets	5054000000	JPY	5,054	CurrentAccumulatedQ3Instant_ConsolidatedMember_ResultMember	/disc/71150/081220231113588678_tse-qcedjpsm-71150-20231114371150-ixbrl.htm
2023-11-14	四半期	当期第3四半期累計	連結	実績		自己資本比率	CapitalAdequacyRatio	0.330	Pure	33.0	CurrentAccumulatedQ3Instant_ConsolidatedMember_ResultMember	/disc/71150/081220231113588678_tse-qcedjpsm-71150-20231114371150-ixbrl.htm
2023-11-14	四半期	前期	連結	実績		総資産	TotalAssets	15284000000	JPY	15,284	PriorYearInstant_ConsolidatedMember_ResultMember	/disc/71150/081220231113588678_tse-qcedjpsm-71150-20231114371150-ixbrl.htm
2023-11-14	四半期	前期	連結	実績		純資産	NetAssets	4594000000	JPY	4,594	PriorYearInstant_ConsolidatedMember_ResultMember	/disc/71150/081220231113588678_tse-qcedjpsm-71150-20231114371150-ixbrl.htm
2023-11-14	四半期	前期	連結	実績		自己資本比率	CapitalAdequacyRatio	0.301	Pure	30.1	PriorYearInstant_ConsolidatedMember_ResultMember	/disc/71150/081220231113588678_tse-qcedjpsm-71150-20231114371150-ixbrl.htm
2023-11-14	四半期	当期第3四半期累計	連結	実績		自己資本	OwnersEquity	5053000000	JPY	5,053	CurrentAccumulatedQ3Instant_ConsolidatedMember_ResultMember	/disc/71150/081220231113588678_tse-qcedjpsm-71150-20231114371150-ixbrl.htm
2023-11-14	四半期	前期	連結	実績		自己資本	OwnersEquity	4593000000	JPY	4,593	PriorYearInstant_ConsolidatedMember_ResultMember	/disc/71150/081220231113588678_tse-qcedjpsm-71150-20231114371150-ixbrl.htm
2023-11-14	四半期	前期	単体	実績	第2四半期末	1株当たり配当金	DividendPerShare	0.00	JPYPerShares	0.00	PriorYearDuration_SecondQuarterMember_NonConsolidatedMember_ResultMember	/disc/71150/081220231113588678_tse-qcedjpsm-71150-20231114371150-ixbrl.htm
2023-11-14	四半期	前期	単体	実績	期末	1株当たり配当金	DividendPerShare	15.00	JPYPerShares	15.00	PriorYearDuration_YearEndMember_NonConsolidatedMember_ResultMember	/disc/71150/081220231113588678_tse-qcedjpsm-71150-20231114371150-ixbrl.htm
2023-11-14	四半期	前期	単体	実績	合計	1株当たり配当金	DividendPerShare	15.00	JPYPerShares	15.00	PriorYearDuration_AnnualMember_NonConsolidatedMember_ResultMember	/disc/71150/081220231113588678_tse-qcedjpsm-71150-20231114371150-ixbrl.htm
2023-11-14	四半期	当期	単体	実績	第2四半期末	1株当たり配当金	DividendPerShare	0.00	JPYPerShares	0.00	CurrentYearDuration_SecondQuarterMember_NonConsolidatedMember_ResultMember	/disc/71150/081220231113588678_tse-qcedjpsm-71150-20231114371150-ixbrl.htm
2023-11-14	四半期	当期	単体	予想	期末	1株当たり配当金	DividendPerShare	20.00	JPYPerShares	20.00	CurrentYearDuration_YearEndMember_NonConsolidatedMember_ForecastMember	/disc/71150/081220231113588678_tse-qcedjpsm-71150-20231114371150-ixbrl.htm
2023-11-14	四半期	当期	単体	予想	合計	1株当たり配当金	DividendPerShare	20.00	JPYPerShares	20.00	CurrentYearDuration_AnnualMember_NonConsolidatedMember_ForecastMember	/disc/71150/081220231113588678_tse-qcedjpsm-71150-20231114371150-ixbrl.htm
2023-11-14	四半期	当期	単体	実績	合計	当四半期における配当予想の修正	CorrectionOfDividendForecastInThisQuarter			無	CurrentYearDuration_AnnualMember_NonConsolidatedMember_ResultMember	/disc/71150/081220231113588678_tse-qcedjpsm-71150-20231114371150-ixbrl.htm
2023-11-14	四半期	当期	連結	予想		業績予想の見出し	TitleForForecasts			３．2023年12月期の連結業績予想（2023年１月１日～2023年12月31日）	CurrentYearDuration_ConsolidatedMember_ForecastMember	/disc/71150/081220231113588678_tse-qcedjpsm-71150-20231114371150-ixbrl.htm
2023-11-14	四半期	当期	連結	予想		売上高	NetSales	50000000000	JPY	50,000	CurrentYearDuration_ConsolidatedMember_ForecastMember	/disc/71150/081220231113588678_tse-qcedjpsm-71150-20231114371150-ixbrl.htm
2023-11-14	四半期	当期	連結	予想		売上高の増減率	ChangeInNetSales	0.127	Pure	12.7	CurrentYearDuration_ConsolidatedMember_ForecastMember	/disc/71150/081220231113588678_tse-qcedjpsm-71150-20231114371150-ixbrl.htm
2023-11-14	四半期	当期	連結	予想		営業利益	OperatingIncome	1100000000	JPY	1,100	CurrentYearDuration_ConsolidatedMember_ForecastMember	/disc/71150/081220231113588678_tse-qcedjpsm-71150-20231114371150-ixbrl.htm
2023-11-14	四半期	当期	連結	予想		営業利益の増減率	ChangeInOperatingIncome	0.055	Pure	5.5	CurrentYearDuration_ConsolidatedMember_ForecastMember	/disc/71150/081220231113588678_tse-qcedjpsm-71150-20231114371150-ixbrl.htm
2023-11-14	四半期	当期	連結	予想		経常利益	OrdinaryIncome	1090000000	JPY	1,090	CurrentYearDuration_ConsolidatedMember_ForecastMember	/disc/71150/081220231113588678_tse-qcedjpsm-71150-20231114371150-ixbrl.htm
2023-11-14	四半期	当期	連結	予想		経常利益の増減率	ChangeInOrdinaryIncome	0.096	Pure	9.6	CurrentYearDuration_ConsolidatedMember_ForecastMember	/disc/71150/081220231113588678_tse-qcedjpsm-71150-20231114371150-ixbrl.htm
2023-11-14	四半期	当期	連結	予想		親会社株主に帰属する当期純利益	ProfitAttributableToOwnersOfParent	760000000	JPY	760	CurrentYearDuration_ConsolidatedMember_ForecastMember	/disc/71150/081220231113588678_tse-qcedjpsm-71150-20231114371150-ixbrl.htm
2023-11-14	四半期	当期	連結	予想		親会社株主に帰属する当期純利益の増減率	ChangeInProfitAttributableToOwnersOfParent	0.079	Pure	7.9	CurrentYearDuration_ConsolidatedMember_ForecastMember	/disc/71150/081220231113588678_tse-qcedjpsm-71150-20231114371150-ixbrl.htm
2023-11-14	四半期	当期	連結	予想		1株当たり当期純利益	NetIncomePerShare	79.83	JPYPerShares	79.83	CurrentYearDuration_ConsolidatedMember_ForecastMember	/disc/71150/081220231113588678_tse-qcedjpsm-71150-20231114371150-ixbrl.htm
2023-11-14	四半期	当期	連結	予想		当四半期における業績予想の修正	CorrectionOfConsolidatedFinancialForecastInThisQuarter			無	CurrentYearDuration_ConsolidatedMember_ForecastMember	/disc/71150/081220231113588678_tse-qcedjpsm-71150-20231114371150-ixbrl.htm
2023-11-14	四半期	当期第3四半期累計	連結	実績			MaterialChangesInSubsidiariesDuringThisPeriodChangesInScopeOfConsolidationsResultingFromChangeIsSubsidiaries			無	CurrentAccumulatedQ3Duration_ConsolidatedMember_ResultMember	/disc/71150/081220231113588678_tse-qcedjpsm-71150-20231114371150-ixbrl.htm
2023-11-14	四半期	当期第3四半期累計	連結	実績			ApplyingOfSpecificAccountingOfTheConsolidatedQuarterlyFinancialStatements			無	CurrentAccumulatedQ3Duration_ConsolidatedMember_ResultMember	/disc/71150/081220231113588678_tse-qcedjpsm-71150-20231114371150-ixbrl.htm
2023-11-14	四半期	当期第3四半期累計	連結	実績		会計基準等の改正に伴う変更	ChangesBasedOnRevisionsOfAccountingStandard			無	CurrentAccumulatedQ3Duration_ConsolidatedMember_ResultMember	/disc/71150/081220231113588678_tse-qcedjpsm-71150-20231114371150-ixbrl.htm
2023-11-14	四半期	当期第3四半期累計	連結	実績		それ以外の会計方針の変更	ChangesOtherThanOnesBasedOnRevisionsOfAccountingStandard			無	CurrentAccumulatedQ3Duration_ConsolidatedMember_ResultMember	/disc/71150/081220231113588678_tse-qcedjpsm-71150-20231114371150-ixbrl.htm
2023-11-14	四半期	当期第3四半期累計	連結	実績		会計上の見積りの変更	ChangesInAccountingEstimates			無	CurrentAccumulatedQ3Duration_ConsolidatedMember_ResultMember	/disc/71150/081220231113588678_tse-qcedjpsm-71150-20231114371150-ixbrl.htm
2023-11-14	四半期	当期第3四半期累計	連結	実績		修正再表示	RetrospectiveRestatement			無	CurrentAccumulatedQ3Duration_ConsolidatedMember_ResultMember	/disc/71150/081220231113588678_tse-qcedjpsm-71150-20231114371150-ixbrl.htm
2023-11-14	四半期	当期第3四半期累計	単体	実績		期末発行済株式数(自己株式を含む)	NumberOfIssuedAndOutstandingSharesAtTheEndOfFiscalYearIncludingTreasuryStock	9549500	Shares	9,549,500	CurrentAccumulatedQ3Instant_NonConsolidatedMember_ResultMember	/disc/71150/081220231113588678_tse-qcedjpsm-71150-20231114371150-ixbrl.htm
2023-11-14	四半期	前期	単体	実績		期末発行済株式数(自己株式を含む)	NumberOfIssuedAndOutstandingSharesAtTheEndOfFiscalYearIncludingTreasuryStock	9436500	Shares	9,436,500	PriorYearInstant_NonConsolidatedMember_ResultMember	/disc/71150/081220231113588678_tse-qcedjpsm-71150-20231114371150-ixbrl.htm
2023-11-14	四半期	当期第3四半期累計	単体	実績		期末自己株式数	NumberOfTreasuryStockAtTheEndOfFiscalYear	49	Shares	49	CurrentAccumulatedQ3Instant_NonConsolidatedMember_ResultMember	/disc/71150/081220231113588678_tse-qcedjpsm-71150-20231114371150-ixbrl.htm
2023-11-14	四半期	当期第3四半期累計	単体	実績		期中平均株式数	AverageNumberOfShares	9474656	Shares	9,474,656	CurrentAccumulatedQ3Duration_NonConsolidatedMember_ResultMember	/disc/71150/081220231113588678_tse-qcedjpsm-71150-20231114371150-ixbrl.htm
2023-11-14	四半期	前期第3四半期累計	単体	実績		期中平均株式数	AverageNumberOfShares	8265108	Shares	8,265,108	PriorAccumulatedQ3Duration_NonConsolidatedMember_ResultMember	/disc/71150/081220231113588678_tse-qcedjpsm-71150-20231114371150-ixbrl.htm
2023-11-14	四半期	当期				将来情報の利用に関する注意	NotesForUsingForecastedInformationAndOthers			本資料に記載されている業績見通し等の将来に関する記述は、当社が現在入手している情報および合理的であると判断する一定の前提に基づいており、その達成を当社として約束する趣旨のものではありません。また、実際の業績は様々な要因により大きく異なる可能性があります。 決算補足説明資料については、当社ウェブサイトに掲載する予定です。 https://www.alphapurchase.co.jp/ir/	CurrentYearDuration	/disc/71150/081220231113588678_tse-qcedjpsm-71150-20231114371150-ixbrl.htm
2023-11-14	四半期	当期				決算期末	FiscalYearEnd			2023-12-31	CurrentYearInstant	/disc/71150/081220231113588678_tse-qcedjpsm-71150-20231114371150-ixbrl.htm
2023-11-14	四半期	当期第3四半期累計				四半期	QuarterlyPeriod	3	Pure	3	CurrentAccumulatedQ3Instant	/disc/71150/081220231113588678_tse-qcedjpsm-71150-20231114371150-ixbrl.htm
2024-02-14	年次	当期				書類名	DocumentName			決算短信〔日本基準〕（連結）	CurrentYearInstant	/disc/71150/081220240214535595_tse-acedjpsm-71150-20240214371150-ixbrl.htm
2024-02-14	年次	当期				提出日	FilingDate			2024年２月14日	CurrentYearInstant	/disc/71150/081220240214535595_tse-acedjpsm-71150-20240214371150-ixbrl.htm
2024-02-14	年次	当期				会社名	CompanyName			株式会社アルファパーチェス	CurrentYearInstant	/disc/71150/081220240214535595_tse-acedjpsm-71150-20240214371150-ixbrl.htm
2024-02-14	年次	当期					TokyoStockExchange			東	CurrentYearInstant	/disc/71150/081220240214535595_tse-acedjpsm-71150-20240214371150-ixbrl.htm
2024-02-14	年次	当期				証券コード	SecuritiesCode			7115	CurrentYearInstant	/disc/71150/081220240214535595_tse-acedjpsm-71150-20240214371150-ixbrl.htm
2024-02-14	年次	当期				URL	URL			https://www.alphapurchase.co.jp/	CurrentYearInstant	/disc/71150/081220240214535595_tse-acedjpsm-71150-20240214371150-ixbrl.htm
2024-02-14	年次	当期				代表者の役職	TitleRepresentative			代表取締役 社長 兼 ＣＥＯ	CurrentYearInstant	/disc/71150/081220240214535595_tse-acedjpsm-71150-20240214371150-ixbrl.htm
2024-02-14	年次	当期				代表者名	NameRepresentative			多田 雅之	CurrentYearInstant	/disc/71150/081220240214535595_tse-acedjpsm-71150-20240214371150-ixbrl.htm
2024-02-14	年次	当期					TitleInquiries			取締役 ＣＦＯ	CurrentYearInstant	/disc/71150/081220240214535595_tse-acedjpsm-71150-20240214371150-ixbrl.htm
2024-02-14	年次	当期					NameInquiries			齋藤 正弘	CurrentYearInstant	/disc/71150/081220240214535595_tse-acedjpsm-71150-20240214371150-ixbrl.htm
2024-02-14	年次	当期					Tel			03-6628-8453	CurrentYearInstant	/disc/71150/081220240214535595_tse-acedjpsm-71150-20240214371150-ixbrl.htm
2024-02-14	年次	当期					DateOfGeneralShareholdersMeetingAsPlanned			2024年３月26日	CurrentYearInstant	/disc/71150/081220240214535595_tse-acedjpsm-71150-20240214371150-ixbrl.htm
2024-02-14	年次	当期					DividendPayableDateAsPlanned			2024年３月27日	CurrentYearInstant	/disc/71150/081220240214535595_tse-acedjpsm-71150-20240214371150-ixbrl.htm
2024-02-14	年次	当期					AnnualSecuritiesReportFilingDateAsPlanned			2024年３月27日	CurrentYearInstant	/disc/71150/081220240214535595_tse-acedjpsm-71150-20240214371150-ixbrl.htm
2024-02-14	年次	当期					SupplementalMaterialOfAnnualResults			有	CurrentYearInstant	/disc/71150/081220240214535595_tse-acedjpsm-71150-20240214371150-ixbrl.htm
2024-02-14	年次	当期					ConveningBriefingOfAnnualResults			有	CurrentYearInstant	/disc/71150/081220240214535595_tse-acedjpsm-71150-20240214371150-ixbrl.htm
2024-02-14	年次	当期					TargetAudienceBriefingOfAnnualResults			（個人投資家向け）	CurrentYearInstant	/disc/71150/081220240214535595_tse-acedjpsm-71150-20240214371150-ixbrl.htm
2024-02-14	年次	当期					NoteToFractionProcessingMethod			（百万円未満切捨て）	CurrentYearInstant	/disc/71150/081220240214535595_tse-acedjpsm-71150-20240214371150-ixbrl.htm
2024-02-14	年次	当期	連結	実績		売上高	NetSales	51951000000	JPY	51,951	CurrentYearDuration_ConsolidatedMember_ResultMember	/disc/71150/081220240214535595_tse-acedjpsm-71150-20240214371150-ixbrl.htm
2024-02-14	年次	当期	連結	実績		売上高の増減率	ChangeInNetSales	0.171	Pure	17.1	CurrentYearDuration_ConsolidatedMember_ResultMember	/disc/71150/081220240214535595_tse-acedjpsm-71150-20240214371150-ixbrl.htm
2024-02-14	年次	当期	連結	実績		営業利益	OperatingIncome	1188000000	JPY	1,188	CurrentYearDuration_ConsolidatedMember_ResultMember	/disc/71150/081220240214535595_tse-acedjpsm-71150-20240214371150-ixbrl.htm
2024-02-14	年次	当期	連結	実績		営業利益の増減率	ChangeInOperatingIncome	0.140	Pure	14.0	CurrentYearDuration_ConsolidatedMember_ResultMember	/disc/71150/081220240214535595_tse-acedjpsm-71150-20240214371150-ixbrl.htm
2024-02-14	年次	当期	連結	実績		経常利益	OrdinaryIncome	1183000000	JPY	1,183	CurrentYearDuration_ConsolidatedMember_ResultMember	/disc/71150/081220240214535595_tse-acedjpsm-71150-20240214371150-ixbrl.htm
2024-02-14	年次	当期	連結	実績		経常利益の増減率	ChangeInOrdinaryIncome	0.190	Pure	19.0	CurrentYearDuration_ConsolidatedMember_ResultMember	/disc/71150/081220240214535595_tse-acedjpsm-71150-20240214371150-ixbrl.htm
2024-02-14	年次	当期	連結	実績		親会社株主に帰属する当期純利益	ProfitAttributableToOwnersOfParent	850000000	JPY	850	CurrentYearDuration_ConsolidatedMember_ResultMember	/disc/71150/081220240214535595_tse-acedjpsm-71150-20240214371150-ixbrl.htm
2024-02-14	年次	当期	連結	実績		親会社株主に帰属する当期純利益の増減率	ChangeInProfitAttributableToOwnersOfParent	0.208	Pure	20.8	CurrentYearDuration_ConsolidatedMember_ResultMember	/disc/71150/081220240214535595_tse-acedjpsm-71150-20240214371150-ixbrl.htm
2024-02-14	年次	前期	連結	実績		売上高	NetSales	44383000000	JPY	44,383	PriorYearDuration_ConsolidatedMember_ResultMember	/disc/71150/081220240214535595_tse-acedjpsm-71150-20240214371150-ixbrl.htm
2024-02-14	年次	前期	連結	実績		売上高の増減率	ChangeInNetSales	0.170	Pure	17.0	PriorYearDuration_ConsolidatedMember_ResultMember	/disc/71150/081220240214535595_tse-acedjpsm-71150-20240214371150-ixbrl.htm
2024-02-14	年次	前期	連結	実績		営業利益	OperatingIncome	1042000000	JPY	1,042	PriorYearDuration_ConsolidatedMember_ResultMember	/disc/71150/081220240214535595_tse-acedjpsm-71150-20240214371150-ixbrl.htm
2024-02-14	年次	前期	連結	実績		営業利益の増減率	ChangeInOperatingIncome	0.206	Pure	20.6	PriorYearDuration_ConsolidatedMember_ResultMember	/disc/71150/081220240214535595_tse-acedjpsm-71150-20240214371150-ixbrl.htm
2024-02-14	年次	前期	連結	実績		経常利益	OrdinaryIncome	994000000	JPY	994	PriorYearDuration_ConsolidatedMember_ResultMember	/disc/71150/081220240214535595_tse-acedjpsm-71150-20240214371150-ixbrl.htm
2024-02-14	年次	前期	連結	実績		経常利益の増減率	ChangeInOrdinaryIncome	0.201	Pure	20.1	PriorYearDuration_ConsolidatedMember_ResultMember	/disc/71150/081220240214535595_tse-acedjpsm-71150-20240214371150-ixbrl.htm
2024-02-14	年次	前期	連結	実績		親会社株主に帰属する当期純利益	ProfitAttributableToOwnersOfParent	704000000	JPY	704	PriorYearDuration_ConsolidatedMember_ResultMember	/disc/71150/081220240214535595_tse-acedjpsm-71150-20240214371150-ixbrl.htm
2024-02-14	年次	前期	連結	実績		親会社株主に帰属する当期純利益の増減率	ChangeInProfitAttributableToOwnersOfParent	0.378	Pure	37.8	PriorYearDuration_ConsolidatedMember_ResultMember	/disc/71150/081220240214535595_tse-acedjpsm-71150-20240214371150-ixbrl.htm
2024-02-14	年次	当期	連結	実績		包括利益	ComprehensiveIncome	850000000	JPY	850	CurrentYearDuration_ConsolidatedMember_ResultMember	/disc/71150/081220240214535595_tse-acedjpsm-71150-20240214371150-ixbrl.htm
2024-02-14	年次	当期	連結	実績		包括利益の増減率	ChangeInComprehensiveIncome	0.208	Pure	20.8	CurrentYearDuration_ConsolidatedMember_ResultMember	/disc/71150/081220240214535595_tse-acedjpsm-71150-20240214371150-ixbrl.htm
2024-02-14	年次	前期	連結	実績		包括利益	ComprehensiveIncome	704000000	JPY	704	PriorYearDuration_ConsolidatedMember_ResultMember	/disc/71150/081220240214535595_tse-acedjpsm-71150-20240214371150-ixbrl.htm
2024-02-14	年次	前期	連結	実績		包括利益の増減率	ChangeInComprehensiveIncome	0.378	Pure	37.8	PriorYearDuration_ConsolidatedMember_ResultMember	/disc/71150/081220240214535595_tse-acedjpsm-71150-20240214371150-ixbrl.htm
2024-02-14	年次	当期	連結	実績		1株当たり当期純利益	NetIncomePerShare	89.51	JPYPerShares	89.51	CurrentYearDuration_ConsolidatedMember_ResultMember	/disc/71150/081220240214535595_tse-acedjpsm-71150-20240214371150-ixbrl.htm
2024-02-14	年次	当期	連結	実績		潜在株式調整後1株当たり当期純利益	DilutedNetIncomePerShare	87.01	JPYPerShares	87.01	CurrentYearDuration_ConsolidatedMember_ResultMember	/disc/71150/081220240214535595_tse-acedjpsm-71150-20240214371150-ixbrl.htm
2024-02-14	年次	当期	連結	実績		自己資本当期純利益率(ROE)	NetIncomeToShareholdersEquityRatio	0.171	Pure	17.1	CurrentYearDuration_ConsolidatedMember_ResultMember	/disc/71150/081220240214535595_tse-acedjpsm-71150-20240214371150-ixbrl.htm
2024-02-14	年次	当期	連結	実績		総資産経常利益率(ROA)	OrdinaryIncomeToTotalAssetsRatio	0.073	Pure	7.3	CurrentYearDuration_ConsolidatedMember_ResultMember	/disc/71150/081220240214535595_tse-acedjpsm-71150-20240214371150-ixbrl.htm
2024-02-14	年次	当期	連結	実績		売上高営業利益率	OperatingIncomeToNetSalesRatio	0.023	Pure	2.3	CurrentYearDuration_ConsolidatedMember_ResultMember	/disc/71150/081220240214535595_tse-acedjpsm-71150-20240214371150-ixbrl.htm
2024-02-14	年次	前期	連結	実績		1株当たり当期純利益	NetIncomePerShare	84.91	JPYPerShares	84.91	PriorYearDuration_ConsolidatedMember_ResultMember	/disc/71150/081220240214535595_tse-acedjpsm-71150-20240214371150-ixbrl.htm
2024-02-14	年次	前期	連結	実績		潜在株式調整後1株当たり当期純利益	DilutedNetIncomePerShare	83.49	JPYPerShares	83.49	PriorYearDuration_ConsolidatedMember_ResultMember	/disc/71150/081220240214535595_tse-acedjpsm-71150-20240214371150-ixbrl.htm
2024-02-14	年次	前期	連結	実績		自己資本当期純利益率(ROE)	NetIncomeToShareholdersEquityRatio	0.184	Pure	18.4	PriorYearDuration_ConsolidatedMember_ResultMember	/disc/71150/081220240214535595_tse-acedjpsm-71150-20240214371150-ixbrl.htm
2024-02-14	年次	前期	連結	実績		総資産経常利益率(ROA)	OrdinaryIncomeToTotalAssetsRatio	0.070	Pure	7.0	PriorYearDuration_ConsolidatedMember_ResultMember	/disc/71150/081220240214535595_tse-acedjpsm-71150-20240214371150-ixbrl.htm
2024-02-14	年次	前期	連結	実績		売上高営業利益率	OperatingIncomeToNetSalesRatio	0.023	Pure	2.3	PriorYearDuration_ConsolidatedMember_ResultMember	/disc/71150/081220240214535595_tse-acedjpsm-71150-20240214371150-ixbrl.htm
2024-02-14	年次	当期	連結	実績		経営成績の注記	NoteToOperatingResults			（注）１．2022年８月１日付で普通株式１株につき500株の割合で株式分割を行っておりますが、前連結会計年度の期首に当該株式分割が行われたものと仮定して、１株当たり当期純利益及び潜在株式調整後１株当たり当期純利益を算定しております。 ２．2022年12月期の潜在株式調整後１株当たり当期純利益は、2022年12月26日に東京証券取引所スタンダード市場に上場したため、2022年12月期の期末日時点の株価を期中平均株価とみなして算定しております。	CurrentYearDuration_ConsolidatedMember_ResultMember	/disc/71150/081220240214535595_tse-acedjpsm-71150-20240214371150-ixbrl.htm
2024-02-14	年次	当期	連結	実績		総資産	TotalAssets	17115000000	JPY	17,115	CurrentYearInstant_ConsolidatedMember_ResultMember	/disc/71150/081220240214535595_tse-acedjpsm-71150-20240214371150-ixbrl.htm
2024-02-14	年次	当期	連結	実績		純資産	NetAssets	5370000000	JPY	5,370	CurrentYearInstant_ConsolidatedMember_ResultMember	/disc/71150/081220240214535595_tse-acedjpsm-71150-20240214371150-ixbrl.htm
2024-02-14	年次	当期	連結	実績		自己資本比率	CapitalAdequacyRatio	0.314	Pure	31.4	CurrentYearInstant_ConsolidatedMember_ResultMember	/disc/71150/081220240214535595_tse-acedjpsm-71150-20240214371150-ixbrl.htm
2024-02-14	年次	当期	連結	実績		1株当たり純資産	NetAssetsPerShare	557.96	JPYPerShares	557.96	CurrentYearInstant_ConsolidatedMember_ResultMember	/disc/71150/081220240214535595_tse-acedjpsm-71150-20240214371150-ixbrl.htm
2024-02-14	年次	前期	連結	実績		総資産	TotalAssets	15284000000	JPY	15,284	PriorYearInstant_ConsolidatedMember_ResultMember	/disc/71150/081220240214535595_tse-acedjpsm-71150-20240214371150-ixbrl.htm
2024-02-14	年次	前期	連結	実績		純資産	NetAssets	4594000000	JPY	4,594	PriorYearInstant_ConsolidatedMember_ResultMember	/disc/71150/081220240214535595_tse-acedjpsm-71150-20240214371150-ixbrl.htm
2024-02-14	年次	前期	連結	実績		自己資本比率	CapitalAdequacyRatio	0.301	Pure	30.1	PriorYearInstant_ConsolidatedMember_ResultMember	/disc/71150/081220240214535595_tse-acedjpsm-71150-20240214371150-ixbrl.htm
2024-02-14	年次	前期	連結	実績		1株当たり純資産	NetAssetsPerShare	486.78	JPYPerShares	486.78	PriorYearInstant_ConsolidatedMember_ResultMember	/disc/71150/081220240214535595_tse-acedjpsm-71150-20240214371150-ixbrl.htm
2024-02-14	年次	当期	連結	実績		自己資本	OwnersEquity	5370000000	JPY	5,370	CurrentYearInstant_ConsolidatedMember_ResultMember	/disc/71150/081220240214535595_tse-acedjpsm-71150-20240214371150-ixbrl.htm
2024-02-14	年次	前期	連結	実績		自己資本	OwnersEquity	4593000000	JPY	4,593	PriorYearInstant_ConsolidatedMember_ResultMember	/disc/71150/081220240214535595_tse-acedjpsm-71150-20240214371150-ixbrl.htm
2024-02-14	年次	当期	連結	実績		営業キャッシュフロー	CashFlowsFromOperatingActivities	1224000000	JPY	1,224	CurrentYearDuration_ConsolidatedMember_ResultMember	/disc/71150/081220240214535595_tse-acedjpsm-71150-20240214371150-ixbrl.htm
2024-02-14	年次	当期	連結	実績		投資キャッシュフロー	CashFlowsFromInvestingActivities	-722000000	JPY	722	CurrentYearDuration_ConsolidatedMember_ResultMember	/disc/71150/081220240214535595_tse-acedjpsm-71150-20240214371150-ixbrl.htm
2024-02-14	年次	当期	連結	実績		財務キャッシュフロー	CashFlowsFromFinancingActivities	-229000000	JPY	229	CurrentYearDuration_ConsolidatedMember_ResultMember	/disc/71150/081220240214535595_tse-acedjpsm-71150-20240214371150-ixbrl.htm
2024-02-14	年次	当期	連結	実績		現金及び現金同等物の期末残高	CashAndEquivalentsEndOfPeriod	4169000000	JPY	4,169	CurrentYearInstant_ConsolidatedMember_ResultMember	/disc/71150/081220240214535595_tse-acedjpsm-71150-20240214371150-ixbrl.htm
2024-02-14	年次	前期	連結	実績		営業キャッシュフロー	CashFlowsFromOperatingActivities	1377000000	JPY	1,377	PriorYearDuration_ConsolidatedMember_ResultMember	/disc/71150/081220240214535595_tse-acedjpsm-71150-20240214371150-ixbrl.htm
2024-02-14	年次	前期	連結	実績		投資キャッシュフロー	CashFlowsFromInvestingActivities	-679000000	JPY	679	PriorYearDuration_ConsolidatedMember_ResultMember	/disc/71150/081220240214535595_tse-acedjpsm-71150-20240214371150-ixbrl.htm
2024-02-14	年次	前期	連結	実績		財務キャッシュフロー	CashFlowsFromFinancingActivities	333000000	JPY	333	PriorYearDuration_ConsolidatedMember_ResultMember	/disc/71150/081220240214535595_tse-acedjpsm-71150-20240214371150-ixbrl.htm
2024-02-14	年次	前期	連結	実績		現金及び現金同等物の期末残高	CashAndEquivalentsEndOfPeriod	3896000000	JPY	3,896	PriorYearInstant_ConsolidatedMember_ResultMember	/disc/71150/081220240214535595_tse-acedjpsm-71150-20240214371150-ixbrl.htm
2024-02-14	年次	前期	単体	実績	第2四半期末	1株当たり配当金	DividendPerShare	0.00	JPYPerShares	0.00	PriorYearDuration_SecondQuarterMember_NonConsolidatedMember_ResultMember	/disc/71150/081220240214535595_tse-acedjpsm-71150-20240214371150-ixbrl.htm
2024-02-14	年次	前期	単体	実績	期末	1株当たり配当金	DividendPerShare	15.00	JPYPerShares	15.00	PriorYearDuration_YearEndMember_NonConsolidatedMember_ResultMember	/disc/71150/081220240214535595_tse-acedjpsm-71150-20240214371150-ixbrl.htm
2024-02-14	年次	前期	単体	実績	合計	1株当たり配当金	DividendPerShare	15.00	JPYPerShares	15.00	PriorYearDuration_AnnualMember_NonConsolidatedMember_ResultMember	/disc/71150/081220240214535595_tse-acedjpsm-71150-20240214371150-ixbrl.htm
2024-02-14	年次	前期	単体	実績	合計	配当金総額	TotalDividendPaidAnnual	141000000	JPY	141	PriorYearDuration_AnnualMember_NonConsolidatedMember_ResultMember	/disc/71150/081220240214535595_tse-acedjpsm-71150-20240214371150-ixbrl.htm
2024-02-14	年次	前期	連結	実績	合計	配当性向	PayoutRatio	0.177	Pure	17.7	PriorYearDuration_AnnualMember_ConsolidatedMember_ResultMember	/disc/71150/081220240214535595_tse-acedjpsm-71150-20240214371150-ixbrl.htm
2024-02-14	年次	前期	連結	実績	合計	純資産配当率	RatioOfTotalAmountOfDividendsToNetAssets	0.035	Pure	3.5	PriorYearDuration_AnnualMember_ConsolidatedMember_ResultMember	/disc/71150/081220240214535595_tse-acedjpsm-71150-20240214371150-ixbrl.htm
2024-02-14	年次	当期	単体	実績	第2四半期末	1株当たり配当金	DividendPerShare	0.00	JPYPerShares	0.00	CurrentYearDuration_SecondQuarterMember_NonConsolidatedMember_ResultMember	/disc/71150/081220240214535595_tse-acedjpsm-71150-20240214371150-ixbrl.htm
2024-02-14	年次	当期	単体	実績	期末	1株当たり配当金	DividendPerShare	22.00	JPYPerShares	22.00	CurrentYearDuration_YearEndMember_NonConsolidatedMember_ResultMember	/disc/71150/081220240214535595_tse-acedjpsm-71150-20240214371150-ixbrl.htm
2024-02-14	年次	当期	単体	実績	合計	1株当たり配当金	DividendPerShare	22.00	JPYPerShares	22.00	CurrentYearDuration_AnnualMember_NonConsolidatedMember_ResultMember	/disc/71150/081220240214535595_tse-acedjpsm-71150-20240214371150-ixbrl.htm
2024-02-14	年次	当期	単体	実績	合計	配当金総額	TotalDividendPaidAnnual	211000000	JPY	211	CurrentYearDuration_AnnualMember_NonConsolidatedMember_ResultMember	/disc/71150/081220240214535595_tse-acedjpsm-71150-20240214371150-ixbrl.htm
2024-02-14	年次	当期	連結	実績	合計	配当性向	PayoutRatio	0.246	Pure	24.6	CurrentYearDuration_AnnualMember_ConsolidatedMember_ResultMember	/disc/71150/081220240214535595_tse-acedjpsm-71150-20240214371150-ixbrl.htm
2024-02-14	年次	当期	連結	実績	合計	純資産配当率	RatioOfTotalAmountOfDividendsToNetAssets	0.042	Pure	4.2	CurrentYearDuration_AnnualMember_ConsolidatedMember_ResultMember	/disc/71150/081220240214535595_tse-acedjpsm-71150-20240214371150-ixbrl.htm
2024-02-14	年次	来期	単体	予想	第2四半期末	1株当たり配当金	DividendPerShare	0.00	JPYPerShares	0.00	NextYearDuration_SecondQuarterMember_NonConsolidatedMember_ForecastMember	/disc/71150/081220240214535595_tse-acedjpsm-71150-20240214371150-ixbrl.htm
2024-02-14	年次	来期	単体	予想	期末	1株当たり配当金	DividendPerShare	27.00	JPYPerShares	27.00	NextYearDuration_YearEndMember_NonConsolidatedMember_ForecastMember	/disc/71150/081220240214535595_tse-acedjpsm-71150-20240214371150-ixbrl.htm
2024-02-14	年次	来期	単体	予想	合計	1株当たり配当金	DividendPerShare	27.00	JPYPerShares	27.00	NextYearDuration_AnnualMember_NonConsolidatedMember_ForecastMember	/disc/71150/081220240214535595_tse-acedjpsm-71150-20240214371150-ixbrl.htm
2024-02-14	年次	来期	連結	予想	合計	配当性向	PayoutRatio	0.304	Pure	30.4	NextYearDuration_AnnualMember_ConsolidatedMember_ForecastMember	/disc/71150/081220240214535595_tse-acedjpsm-71150-20240214371150-ixbrl.htm
2024-02-14	年次	当期	単体	実績	合計	配当の注記	NoteToDividends			（注）１．2022年８月１日付で普通株式１株につき500株の割合で株式分割を行っております。 ２．2023年12月期における１株当たり期末配当金の詳細については、本日（2024年２月14日）公表いたしました、「剰余金の配当に関するお知らせ」をご覧ください。	CurrentYearDuration_AnnualMember_NonConsolidatedMember_ResultMember	/disc/71150/081220240214535595_tse-acedjpsm-71150-20240214371150-ixbrl.htm
2024-02-14	年次	来期	連結	予想		業績予想の見出し	TitleForForecasts			３．2024年12月期の連結業績予想（2024年１月１日～2024年12月31日）	NextYearDuration_ConsolidatedMember_ForecastMember	/disc/71150/081220240214535595_tse-acedjpsm-71150-20240214371150-ixbrl.htm
2024-02-14	年次	来期	連結	予想		売上高	NetSales	57122000000	JPY	57,122	NextYearDuration_ConsolidatedMember_ForecastMember	/disc/71150/081220240214535595_tse-acedjpsm-71150-20240214371150-ixbrl.htm
2024-02-14	年次	来期	連結	予想		売上高の増減率	ChangeInNetSales	0.100	Pure	10.0	NextYearDuration_ConsolidatedMember_ForecastMember	/disc/71150/081220240214535595_tse-acedjpsm-71150-20240214371150-ixbrl.htm
2024-02-14	年次	来期	連結	予想		営業利益	OperatingIncome	1210000000	JPY	1,210	NextYearDuration_ConsolidatedMember_ForecastMember	/disc/71150/081220240214535595_tse-acedjpsm-71150-20240214371150-ixbrl.htm
2024-02-14	年次	来期	連結	予想		営業利益の増減率	ChangeInOperatingIncome	0.018	Pure	1.8	NextYearDuration_ConsolidatedMember_ForecastMember	/disc/71150/081220240214535595_tse-acedjpsm-71150-20240214371150-ixbrl.htm
2024-02-14	年次	来期	連結	予想		経常利益	OrdinaryIncome	1200000000	JPY	1,200	NextYearDuration_ConsolidatedMember_ForecastMember	/disc/71150/081220240214535595_tse-acedjpsm-71150-20240214371150-ixbrl.htm
2024-02-14	年次	来期	連結	予想		経常利益の増減率	ChangeInOrdinaryIncome	0.014	Pure	1.4	NextYearDuration_ConsolidatedMember_ForecastMember	/disc/71150/081220240214535595_tse-acedjpsm-71150-20240214371150-ixbrl.htm
2024-02-14	年次	来期	連結	予想		親会社株主に帰属する当期純利益	ProfitAttributableToOwnersOfParent	854000000	JPY	854	NextYearDuration_ConsolidatedMember_ForecastMember	/disc/71150/081220240214535595_tse-acedjpsm-71150-20240214371150-ixbrl.htm
2024-02-14	年次	来期	連結	予想		親会社株主に帰属する当期純利益の増減率	ChangeInProfitAttributableToOwnersOfParent	0.004	Pure	0.4	NextYearDuration_ConsolidatedMember_ForecastMember	/disc/71150/081220240214535595_tse-acedjpsm-71150-20240214371150-ixbrl.htm
2024-02-14	年次	来期	連結	予想		1株当たり当期純利益	NetIncomePerShare	88.76	JPYPerShares	88.76	NextYearDuration_ConsolidatedMember_ForecastMember	/disc/71150/081220240214535595_tse-acedjpsm-71150-20240214371150-ixbrl.htm
2024-02-14	年次	当期	連結	実績			MaterialChangesInSubsidiariesDuringThisPeriodChangesInScopeOfConsolidationsResultingFromChangeIsSubsidiaries			無	CurrentYearDuration_ConsolidatedMember_ResultMember	/disc/71150/081220240214535595_tse-acedjpsm-71150-20240214371150-ixbrl.htm
2024-02-14	年次	当期	連結	実績		会計基準等の改正に伴う変更	ChangesBasedOnRevisionsOfAccountingStandard			無	CurrentYearDuration_ConsolidatedMember_ResultMember	/disc/71150/081220240214535595_tse-acedjpsm-71150-20240214371150-ixbrl.htm
2024-02-14	年次	当期	連結	実績		それ以外の会計方針の変更	ChangesOtherThanOnesBasedOnRevisionsOfAccountingStandard			無	CurrentYearDuration_ConsolidatedMember_ResultMember	/disc/71150/081220240214535595_tse-acedjpsm-71150-20240214371150-ixbrl.htm
2024-02-14	年次	当期	連結	実績		会計上の見積りの変更	ChangesInAccountingEstimates			無	CurrentYearDuration_ConsolidatedMember_ResultMember	/disc/71150/081220240214535595_tse-acedjpsm-71150-20240214371150-ixbrl.htm
2024-02-14	年次	当期	連結	実績		修正再表示	RetrospectiveRestatement			無	CurrentYearDuration_ConsolidatedMember_ResultMember	/disc/71150/081220240214535595_tse-acedjpsm-71150-20240214371150-ixbrl.htm
2024-02-14	年次	当期	単体	実績		期末発行済株式数(自己株式を含む)	NumberOfIssuedAndOutstandingSharesAtTheEndOfFiscalYearIncludingTreasuryStock	9624500	Shares	9,624,500	CurrentYearInstant_NonConsolidatedMember_ResultMember	/disc/71150/081220240214535595_tse-acedjpsm-71150-20240214371150-ixbrl.htm
2024-02-14	年次	前期	単体	実績		期末発行済株式数(自己株式を含む)	NumberOfIssuedAndOutstandingSharesAtTheEndOfFiscalYearIncludingTreasuryStock	9436500	Shares	9,436,500	PriorYearInstant_NonConsolidatedMember_ResultMember	/disc/71150/081220240214535595_tse-acedjpsm-71150-20240214371150-ixbrl.htm
2024-02-14	年次	当期	単体	実績		期末自己株式数	NumberOfTreasuryStockAtTheEndOfFiscalYear	49	Shares	49	CurrentYearInstant_NonConsolidatedMember_ResultMember	/disc/71150/081220240214535595_tse-acedjpsm-71150-20240214371150-ixbrl.htm
2024-02-14	年次	当期	単体	実績		期中平均株式数	AverageNumberOfShares	9504433	Shares	9,504,433	CurrentYearDuration_NonConsolidatedMember_ResultMember	/disc/71150/081220240214535595_tse-acedjpsm-71150-20240214371150-ixbrl.htm
2024-02-14	年次	前期	単体	実績		期中平均株式数	AverageNumberOfShares	8292797	Shares	8,292,797	PriorYearDuration_NonConsolidatedMember_ResultMember	/disc/71150/081220240214535595_tse-acedjpsm-71150-20240214371150-ixbrl.htm
2024-02-14	年次	当期	単体	実績			NoteToNumberOfIssuedAndOutstandingSharesCommonStock			（注）2022年８月１日付で普通株式１株につき500株の割合で株式分割を行っております。前連結会計年度の期首に当該株式分割が行われたものと仮定して、「期中平均株式数」を算定しております。	CurrentYearInstant_NonConsolidatedMember_ResultMember	/disc/71150/081220240214535595_tse-acedjpsm-71150-20240214371150-ixbrl.htm
2024-02-14	年次	当期	単体	実績		売上高	NetSales	51875000000	JPY	51,875	CurrentYearDuration_NonConsolidatedMember_ResultMember	/disc/71150/081220240214535595_tse-acedjpsm-71150-20240214371150-ixbrl.htm
2024-02-14	年次	当期	単体	実績		売上高の増減率	ChangeInNetSales	0.170	Pure	17.0	CurrentYearDuration_NonConsolidatedMember_ResultMember	/disc/71150/081220240214535595_tse-acedjpsm-71150-20240214371150-ixbrl.htm
2024-02-14	年次	当期	単体	実績		営業利益	OperatingIncome	1119000000	JPY	1,119	CurrentYearDuration_NonConsolidatedMember_ResultMember	/disc/71150/081220240214535595_tse-acedjpsm-71150-20240214371150-ixbrl.htm
2024-02-14	年次	当期	単体	実績		営業利益の増減率	ChangeInOperatingIncome	0.134	Pure	13.4	CurrentYearDuration_NonConsolidatedMember_ResultMember	/disc/71150/081220240214535595_tse-acedjpsm-71150-20240214371150-ixbrl.htm
2024-02-14	年次	当期	単体	実績		経常利益	OrdinaryIncome	1154000000	JPY	1,154	CurrentYearDuration_NonConsolidatedMember_ResultMember	/disc/71150/081220240214535595_tse-acedjpsm-71150-20240214371150-ixbrl.htm
2024-02-14	年次	当期	単体	実績		経常利益の増減率	ChangeInOrdinaryIncome	0.149	Pure	14.9	CurrentYearDuration_NonConsolidatedMember_ResultMember	/disc/71150/081220240214535595_tse-acedjpsm-71150-20240214371150-ixbrl.htm
2024-02-14	年次	当期	単体	実績		当期純利益	NetIncome	846000000	JPY	846	CurrentYearDuration_NonConsolidatedMember_ResultMember	/disc/71150/081220240214535595_tse-acedjpsm-71150-20240214371150-ixbrl.htm
2024-02-14	年次	当期	単体	実績		当期純利益の増減率	ChangeInNetIncome	0.170	Pure	17.0	CurrentYearDuration_NonConsolidatedMember_ResultMember	/disc/71150/081220240214535595_tse-acedjpsm-71150-20240214371150-ixbrl.htm
2024-02-14	年次	前期	単体	実績		売上高	NetSales	44343000000	JPY	44,343	PriorYearDuration_NonConsolidatedMember_ResultMember	/disc/71150/081220240214535595_tse-acedjpsm-71150-20240214371150-ixbrl.htm
2024-02-14	年次	前期	単体	実績		売上高の増減率	ChangeInNetSales	0.171	Pure	17.1	PriorYearDuration_NonConsolidatedMember_ResultMember	/disc/71150/081220240214535595_tse-acedjpsm-71150-20240214371150-ixbrl.htm
2024-02-14	年次	前期	単体	実績		営業利益	OperatingIncome	987000000	JPY	987	PriorYearDuration_NonConsolidatedMember_ResultMember	/disc/71150/081220240214535595_tse-acedjpsm-71150-20240214371150-ixbrl.htm
2024-02-14	年次	前期	単体	実績		営業利益の増減率	ChangeInOperatingIncome	0.243	Pure	24.3	PriorYearDuration_NonConsolidatedMember_ResultMember	/disc/71150/081220240214535595_tse-acedjpsm-71150-20240214371150-ixbrl.htm
2024-02-14	年次	前期	単体	実績		経常利益	OrdinaryIncome	1004000000	JPY	1,004	PriorYearDuration_NonConsolidatedMember_ResultMember	/disc/71150/081220240214535595_tse-acedjpsm-71150-20240214371150-ixbrl.htm
2024-02-14	年次	前期	単体	実績		経常利益の増減率	ChangeInOrdinaryIncome	0.326	Pure	32.6	PriorYearDuration_NonConsolidatedMember_ResultMember	/disc/71150/081220240214535595_tse-acedjpsm-71150-20240214371150-ixbrl.htm
2024-02-14	年次	前期	単体	実績		当期純利益	NetIncome	723000000	JPY	723	PriorYearDuration_NonConsolidatedMember_ResultMember	/disc/71150/081220240214535595_tse-acedjpsm-71150-20240214371150-ixbrl.htm
2024-02-14	年次	前期	単体	実績		当期純利益の増減率	ChangeInNetIncome	0.687	Pure	68.7	PriorYearDuration_NonConsolidatedMember_ResultMember	/disc/71150/081220240214535595_tse-acedjpsm-71150-20240214371150-ixbrl.htm
2024-02-14	年次	当期	単体	実績		1株当たり当期純利益	NetIncomePerShare	89.07	JPYPerShares	89.07	CurrentYearDuration_NonConsolidatedMember_ResultMember	/disc/71150/081220240214535595_tse-acedjpsm-71150-20240214371150-ixbrl.htm
2024-02-14	年次	当期	単体	実績		潜在株式調整後1株当たり当期純利益	DilutedNetIncomePerShare	86.59	JPYPerShares	86.59	CurrentYearDuration_NonConsolidatedMember_ResultMember	/disc/71150/081220240214535595_tse-acedjpsm-71150-20240214371150-ixbrl.htm
2024-02-14	年次	前期	単体	実績		1株当たり当期純利益	NetIncomePerShare	87.28	JPYPerShares	87.28	PriorYearDuration_NonConsolidatedMember_ResultMember	/disc/71150/081220240214535595_tse-acedjpsm-71150-20240214371150-ixbrl.htm
2024-02-14	年次	前期	単体	実績		潜在株式調整後1株当たり当期純利益	DilutedNetIncomePerShare	85.83	JPYPerShares	85.83	PriorYearDuration_NonConsolidatedMember_ResultMember	/disc/71150/081220240214535595_tse-acedjpsm-71150-20240214371150-ixbrl.htm
2024-02-14	年次	当期	単体	実績		経営成績の注記	NoteToOperatingResults			（注）2022年８月１日付で普通株式１株につき500株の割合で株式分割を行っておりますが、前事業年度の期首に当該株式分割が行われたものと仮定して、１株当たり当期純利益及び潜在株式調整後１株当たり当期純利益を算定しております。	CurrentYearDuration_NonConsolidatedMember_ResultMember	/disc/71150/081220240214535595_tse-acedjpsm-71150-20240214371150-ixbrl.htm
2024-02-14	年次	当期	単体	実績		総資産	TotalAssets	16990000000	JPY	16,990	CurrentYearInstant_NonConsolidatedMember_ResultMember	/disc/71150/081220240214535595_tse-acedjpsm-71150-20240214371150-ixbrl.htm
2024-02-14	年次	当期	単体	実績		純資産	NetAssets	5252000000	JPY	5,252	CurrentYearInstant_NonConsolidatedMember_ResultMember	/disc/71150/081220240214535595_tse-acedjpsm-71150-20240214371150-ixbrl.htm
2024-02-14	年次	当期	単体	実績		自己資本比率	CapitalAdequacyRatio	0.309	Pure	30.9	CurrentYearInstant_NonConsolidatedMember_ResultMember	/disc/71150/081220240214535595_tse-acedjpsm-71150-20240214371150-ixbrl.htm
2024-02-14	年次	当期	単体	実績		1株当たり純資産	NetAssetsPerShare	545.71	JPYPerShares	545.71	CurrentYearInstant_NonConsolidatedMember_ResultMember	/disc/71150/081220240214535595_tse-acedjpsm-71150-20240214371150-ixbrl.htm
2024-02-14	年次	前期	単体	実績		総資産	TotalAssets	15159000000	JPY	15,159	PriorYearInstant_NonConsolidatedMember_ResultMember	/disc/71150/081220240214535595_tse-acedjpsm-71150-20240214371150-ixbrl.htm
2024-02-14	年次	前期	単体	実績		純資産	NetAssets	4480000000	JPY	4,480	PriorYearInstant_NonConsolidatedMember_ResultMember	/disc/71150/081220240214535595_tse-acedjpsm-71150-20240214371150-ixbrl.htm
2024-02-14	年次	前期	単体	実績		自己資本比率	CapitalAdequacyRatio	0.295	Pure	29.5	PriorYearInstant_NonConsolidatedMember_ResultMember	/disc/71150/081220240214535595_tse-acedjpsm-71150-20240214371150-ixbrl.htm
2024-02-14	年次	前期	単体	実績		1株当たり純資産	NetAssetsPerShare	474.72	JPYPerShares	474.72	PriorYearInstant_NonConsolidatedMember_ResultMember	/disc/71150/081220240214535595_tse-acedjpsm-71150-20240214371150-ixbrl.htm
2024-02-14	年次	当期	単体	実績		自己資本	OwnersEquity	5252000000	JPY	5,252	CurrentYearInstant_NonConsolidatedMember_ResultMember	/disc/71150/081220240214535595_tse-acedjpsm-71150-20240214371150-ixbrl.htm
2024-02-14	年次	前期	単体	実績		自己資本	OwnersEquity	4479000000	JPY	4,479	PriorYearInstant_NonConsolidatedMember_ResultMember	/disc/71150/081220240214535595_tse-acedjpsm-71150-20240214371150-ixbrl.htm
2024-02-14	年次	来期				将来情報の利用に関する注意	NotesForUsingForecastedInformationAndOthers			本資料に記載されている業績見通し等の将来に関する記述は、当社が現在入手している情報および合理的であると判断する一定の前提に基づいており、その達成を当社として約束する趣旨のものではありません。また、実際の業績は様々な要因により大きく異なる可能性があります。 なお、上記予想に関する事項は添付資料のP3を参照ください。 決算補足説明資料については、当社ウェブサイトに掲載する予定です。 https://www.alphapurchase.co.jp/ir/	NextYearDuration	/disc/71150/081220240214535595_tse-acedjpsm-71150-20240214371150-ixbrl.htm
2024-02-14	年次	当期				決算期末	FiscalYearEnd			2023-12-31	CurrentYearInstant	/disc/71150/081220240214535595_tse-acedjpsm-71150-20240214371150-ixbrl.htm
2024-05-15	四半期	当期第1四半期累計				書類名	DocumentName			第１四半期決算短信〔日本基準〕（連結）	CurrentAccumulatedQ1Instant	/disc/71150/081220240515597259_tse-qcedjpsm-71150-20240515371150-ixbrl.htm
2024-05-15	四半期	当期第1四半期累計				提出日	FilingDate			2024年5月15日	CurrentAccumulatedQ1Instant	/disc/71150/081220240515597259_tse-qcedjpsm-71150-20240515371150-ixbrl.htm
2024-05-15	四半期	当期第1四半期累計				会社名	CompanyName			株式会社アルファパーチェス	CurrentAccumulatedQ1Instant	/disc/71150/081220240515597259_tse-qcedjpsm-71150-20240515371150-ixbrl.htm
2024-05-15	四半期	当期第1四半期累計					TokyoStockExchange			東	CurrentAccumulatedQ1Instant	/disc/71150/081220240515597259_tse-qcedjpsm-71150-20240515371150-ixbrl.htm
2024-05-15	四半期	当期第1四半期累計				証券コード	SecuritiesCode			7115	CurrentAccumulatedQ1Instant	/disc/71150/081220240515597259_tse-qcedjpsm-71150-20240515371150-ixbrl.htm
2024-05-15	四半期	当期第1四半期累計				URL	URL			https://www.alphapurchase.co.jp/	CurrentAccumulatedQ1Instant	/disc/71150/081220240515597259_tse-qcedjpsm-71150-20240515371150-ixbrl.htm
2024-05-15	四半期	当期第1四半期累計				代表者の役職	TitleRepresentative			代表取締役 社長 兼 ＣＥＯ	CurrentAccumulatedQ1Instant	/disc/71150/081220240515597259_tse-qcedjpsm-71150-20240515371150-ixbrl.htm
2024-05-15	四半期	当期第1四半期累計				代表者名	NameRepresentative			多田 雅之	CurrentAccumulatedQ1Instant	/disc/71150/081220240515597259_tse-qcedjpsm-71150-20240515371150-ixbrl.htm
2024-05-15	四半期	当期第1四半期累計					TitleInquiries			取締役 ＣＦＯ	CurrentAccumulatedQ1Instant	/disc/71150/081220240515597259_tse-qcedjpsm-71150-20240515371150-ixbrl.htm
2024-05-15	四半期	当期第1四半期累計					NameInquiries			齋藤 正弘	CurrentAccumulatedQ1Instant	/disc/71150/081220240515597259_tse-qcedjpsm-71150-20240515371150-ixbrl.htm
2024-05-15	四半期	当期第1四半期累計					Tel			03-6628-8453	CurrentAccumulatedQ1Instant	/disc/71150/081220240515597259_tse-qcedjpsm-71150-20240515371150-ixbrl.htm
2024-05-15	四半期	当期第1四半期累計					QuarterlyStatementFilingDateAsPlanned			2024年５月15日	CurrentAccumulatedQ1Instant	/disc/71150/081220240515597259_tse-qcedjpsm-71150-20240515371150-ixbrl.htm
2024-05-15	四半期	当期第1四半期累計					SupplementalMaterialOfQuarterlyResults			有	CurrentAccumulatedQ1Instant	/disc/71150/081220240515597259_tse-qcedjpsm-71150-20240515371150-ixbrl.htm
2024-05-15	四半期	当期第1四半期累計					ConveningBriefingOfQuarterlyResults			有	CurrentAccumulatedQ1Instant	/disc/71150/081220240515597259_tse-qcedjpsm-71150-20240515371150-ixbrl.htm
2024-05-15	四半期	当期第1四半期累計					TargetForBriefingOfQuarterlyResults			（個人投資家向け）	CurrentAccumulatedQ1Instant	/disc/71150/081220240515597259_tse-qcedjpsm-71150-20240515371150-ixbrl.htm
2024-05-15	四半期	当期第1四半期累計					NoteToFractionProcessingMethod			（百万円未満切捨て）	CurrentAccumulatedQ1Instant	/disc/71150/081220240515597259_tse-qcedjpsm-71150-20240515371150-ixbrl.htm
2024-05-15	四半期	当期第1四半期累計	連結	実績		売上高	NetSales	13566000000	JPY	13,566	CurrentAccumulatedQ1Duration_ConsolidatedMember_ResultMember	/disc/71150/081220240515597259_tse-qcedjpsm-71150-20240515371150-ixbrl.htm
2024-05-15	四半期	当期第1四半期累計	連結	実績		売上高の増減率	ChangeInNetSales	0.107	Pure	10.7	CurrentAccumulatedQ1Duration_ConsolidatedMember_ResultMember	/disc/71150/081220240515597259_tse-qcedjpsm-71150-20240515371150-ixbrl.htm
2024-05-15	四半期	当期第1四半期累計	連結	実績		営業利益	OperatingIncome	289000000	JPY	289	CurrentAccumulatedQ1Duration_ConsolidatedMember_ResultMember	/disc/71150/081220240515597259_tse-qcedjpsm-71150-20240515371150-ixbrl.htm
2024-05-15	四半期	当期第1四半期累計	連結	実績		営業利益の増減率	ChangeInOperatingIncome	-0.149	Pure	14.9	CurrentAccumulatedQ1Duration_ConsolidatedMember_ResultMember	/disc/71150/081220240515597259_tse-qcedjpsm-71150-20240515371150-ixbrl.htm
2024-05-15	四半期	当期第1四半期累計	連結	実績		経常利益	OrdinaryIncome	273000000	JPY	273	CurrentAccumulatedQ1Duration_ConsolidatedMember_ResultMember	/disc/71150/081220240515597259_tse-qcedjpsm-71150-20240515371150-ixbrl.htm
2024-05-15	四半期	当期第1四半期累計	連結	実績		経常利益の増減率	ChangeInOrdinaryIncome	-0.179	Pure	17.9	CurrentAccumulatedQ1Duration_ConsolidatedMember_ResultMember	/disc/71150/081220240515597259_tse-qcedjpsm-71150-20240515371150-ixbrl.htm
2024-05-15	四半期	当期第1四半期累計	連結	実績		親会社株主に帰属する当期純利益	ProfitAttributableToOwnersOfParent	192000000	JPY	192	CurrentAccumulatedQ1Duration_ConsolidatedMember_ResultMember	/disc/71150/081220240515597259_tse-qcedjpsm-71150-20240515371150-ixbrl.htm
2024-05-15	四半期	当期第1四半期累計	連結	実績		親会社株主に帰属する当期純利益の増減率	ChangeInProfitAttributableToOwnersOfParent	-0.188	Pure	18.8	CurrentAccumulatedQ1Duration_ConsolidatedMember_ResultMember	/disc/71150/081220240515597259_tse-qcedjpsm-71150-20240515371150-ixbrl.htm
2024-05-15	四半期	前期第1四半期累計	連結	実績		売上高	NetSales	12258000000	JPY	12,258	PriorAccumulatedQ1Duration_ConsolidatedMember_ResultMember	/disc/71150/081220240515597259_tse-qcedjpsm-71150-20240515371150-ixbrl.htm
2024-05-15	四半期	前期第1四半期累計	連結	実績		営業利益	OperatingIncome	340000000	JPY	340	PriorAccumulatedQ1Duration_ConsolidatedMember_ResultMember	/disc/71150/081220240515597259_tse-qcedjpsm-71150-20240515371150-ixbrl.htm
2024-05-15	四半期	前期第1四半期累計	連結	実績		経常利益	OrdinaryIncome	332000000	JPY	332	PriorAccumulatedQ1Duration_ConsolidatedMember_ResultMember	/disc/71150/081220240515597259_tse-qcedjpsm-71150-20240515371150-ixbrl.htm
2024-05-15	四半期	前期第1四半期累計	連結	実績		親会社株主に帰属する当期純利益	ProfitAttributableToOwnersOfParent	236000000	JPY	236	PriorAccumulatedQ1Duration_ConsolidatedMember_ResultMember	/disc/71150/081220240515597259_tse-qcedjpsm-71150-20240515371150-ixbrl.htm
2024-05-15	四半期	当期第1四半期累計	連結	実績		包括利益	ComprehensiveIncome	192000000	JPY	192	CurrentAccumulatedQ1Duration_ConsolidatedMember_ResultMember	/disc/71150/081220240515597259_tse-qcedjpsm-71150-20240515371150-ixbrl.htm
2024-05-15	四半期	当期第1四半期累計	連結	実績		包括利益の増減率	ChangeInComprehensiveIncome	-0.188	Pure	18.8	CurrentAccumulatedQ1Duration_ConsolidatedMember_ResultMember	/disc/71150/081220240515597259_tse-qcedjpsm-71150-20240515371150-ixbrl.htm
2024-05-15	四半期	前期第1四半期累計	連結	実績		包括利益	ComprehensiveIncome	236000000	JPY	236	PriorAccumulatedQ1Duration_ConsolidatedMember_ResultMember	/disc/71150/081220240515597259_tse-qcedjpsm-71150-20240515371150-ixbrl.htm
2024-05-15	四半期	当期第1四半期累計	連結	実績		1株当たり当期純利益	NetIncomePerShare	19.97	JPYPerShares	19.97	CurrentAccumulatedQ1Duration_ConsolidatedMember_ResultMember	/disc/71150/081220240515597259_tse-qcedjpsm-71150-20240515371150-ixbrl.htm
2024-05-15	四半期	当期第1四半期累計	連結	実績		潜在株式調整後1株当たり当期純利益	DilutedNetIncomePerShare	19.53	JPYPerShares	19.53	CurrentAccumulatedQ1Duration_ConsolidatedMember_ResultMember	/disc/71150/081220240515597259_tse-qcedjpsm-71150-20240515371150-ixbrl.htm
2024-05-15	四半期	前期第1四半期累計	連結	実績		1株当たり当期純利益	NetIncomePerShare	25.10	JPYPerShares	25.10	PriorAccumulatedQ1Duration_ConsolidatedMember_ResultMember	/disc/71150/081220240515597259_tse-qcedjpsm-71150-20240515371150-ixbrl.htm
2024-05-15	四半期	前期第1四半期累計	連結	実績		潜在株式調整後1株当たり当期純利益	DilutedNetIncomePerShare	24.61	JPYPerShares	24.61	PriorAccumulatedQ1Duration_ConsolidatedMember_ResultMember	/disc/71150/081220240515597259_tse-qcedjpsm-71150-20240515371150-ixbrl.htm
2024-05-15	四半期	当期第1四半期累計	連結	実績		経営成績の注記	NoteToOperatingResults			（注）当社は、2022年12月26日に東京証券取引所スタンダード市場に上場したことに伴い、業績開示は2022年12月期第３四半期から行っているため、2023年12月期第１四半期対前年同四半期増減率を記載しておりません。	CurrentAccumulatedQ1Duration_ConsolidatedMember_ResultMember	/disc/71150/081220240515597259_tse-qcedjpsm-71150-20240515371150-ixbrl.htm
2024-05-15	四半期	当期第1四半期累計	連結	実績		総資産	TotalAssets	16819000000	JPY	16,819	CurrentAccumulatedQ1Instant_ConsolidatedMember_ResultMember	/disc/71150/081220240515597259_tse-qcedjpsm-71150-20240515371150-ixbrl.htm
2024-05-15	四半期	当期第1四半期累計	連結	実績		純資産	NetAssets	5353000000	JPY	5,353	CurrentAccumulatedQ1Instant_ConsolidatedMember_ResultMember	/disc/71150/081220240515597259_tse-qcedjpsm-71150-20240515371150-ixbrl.htm
2024-05-15	四半期	当期第1四半期累計	連結	実績		自己資本比率	CapitalAdequacyRatio	0.318	Pure	31.8	CurrentAccumulatedQ1Instant_ConsolidatedMember_ResultMember	/disc/71150/081220240515597259_tse-qcedjpsm-71150-20240515371150-ixbrl.htm
2024-05-15	四半期	前期	連結	実績		総資産	TotalAssets	17115000000	JPY	17,115	PriorYearInstant_ConsolidatedMember_ResultMember	/disc/71150/081220240515597259_tse-qcedjpsm-71150-20240515371150-ixbrl.htm
2024-05-15	四半期	前期	連結	実績		純資産	NetAssets	5370000000	JPY	5,370	PriorYearInstant_ConsolidatedMember_ResultMember	/disc/71150/081220240515597259_tse-qcedjpsm-71150-20240515371150-ixbrl.htm
2024-05-15	四半期	前期	連結	実績		自己資本比率	CapitalAdequacyRatio	0.314	Pure	31.4	PriorYearInstant_ConsolidatedMember_ResultMember	/disc/71150/081220240515597259_tse-qcedjpsm-71150-20240515371150-ixbrl.htm
2024-05-15	四半期	当期第1四半期累計	連結	実績		自己資本	OwnersEquity	5353000000	JPY	5,353	CurrentAccumulatedQ1Instant_ConsolidatedMember_ResultMember	/disc/71150/081220240515597259_tse-qcedjpsm-71150-20240515371150-ixbrl.htm
2024-05-15	四半期	前期	連結	実績		自己資本	OwnersEquity	5370000000	JPY	5,370	PriorYearInstant_ConsolidatedMember_ResultMember	/disc/71150/081220240515597259_tse-qcedjpsm-71150-20240515371150-ixbrl.htm
2024-05-15	四半期	前期	単体	実績	第2四半期末	1株当たり配当金	DividendPerShare	0.00	JPYPerShares	0.00	PriorYearDuration_SecondQuarterMember_NonConsolidatedMember_ResultMember	/disc/71150/081220240515597259_tse-qcedjpsm-71150-20240515371150-ixbrl.htm
2024-05-15	四半期	前期	単体	実績	期末	1株当たり配当金	DividendPerShare	22.00	JPYPerShares	22.00	PriorYearDuration_YearEndMember_NonConsolidatedMember_ResultMember	/disc/71150/081220240515597259_tse-qcedjpsm-71150-20240515371150-ixbrl.htm
2024-05-15	四半期	前期	単体	実績	合計	1株当たり配当金	DividendPerShare	22.00	JPYPerShares	22.00	PriorYearDuration_AnnualMember_NonConsolidatedMember_ResultMember	/disc/71150/081220240515597259_tse-qcedjpsm-71150-20240515371150-ixbrl.htm
2024-05-15	四半期	当期	単体	予想	第2四半期末	1株当たり配当金	DividendPerShare	0.00	JPYPerShares	0.00	CurrentYearDuration_SecondQuarterMember_NonConsolidatedMember_ForecastMember	/disc/71150/081220240515597259_tse-qcedjpsm-71150-20240515371150-ixbrl.htm
2024-05-15	四半期	当期	単体	予想	期末	1株当たり配当金	DividendPerShare	27.00	JPYPerShares	27.00	CurrentYearDuration_YearEndMember_NonConsolidatedMember_ForecastMember	/disc/71150/081220240515597259_tse-qcedjpsm-71150-20240515371150-ixbrl.htm
2024-05-15	四半期	当期	単体	予想	合計	1株当たり配当金	DividendPerShare	27.00	JPYPerShares	27.00	CurrentYearDuration_AnnualMember_NonConsolidatedMember_ForecastMember	/disc/71150/081220240515597259_tse-qcedjpsm-71150-20240515371150-ixbrl.htm
2024-05-15	四半期	当期	単体	実績	合計	当四半期における配当予想の修正	CorrectionOfDividendForecastInThisQuarter			無	CurrentYearDuration_AnnualMember_NonConsolidatedMember_ResultMember	/disc/71150/081220240515597259_tse-qcedjpsm-71150-20240515371150-ixbrl.htm
2024-05-15	四半期	当期	連結	予想		業績予想の見出し	TitleForForecasts			３．2024年12月期の連結業績予想（2024年１月１日～2024年12月31日）	CurrentYearDuration_ConsolidatedMember_ForecastMember	/disc/71150/081220240515597259_tse-qcedjpsm-71150-20240515371150-ixbrl.htm
2024-05-15	四半期	当期	連結	予想		売上高	NetSales	57122000000	JPY	57,122	CurrentYearDuration_ConsolidatedMember_ForecastMember	/disc/71150/081220240515597259_tse-qcedjpsm-71150-20240515371150-ixbrl.htm
2024-05-15	四半期	当期	連結	予想		売上高の増減率	ChangeInNetSales	0.100	Pure	10.0	CurrentYearDuration_ConsolidatedMember_ForecastMember	/disc/71150/081220240515597259_tse-qcedjpsm-71150-20240515371150-ixbrl.htm
2024-05-15	四半期	当期	連結	予想		営業利益	OperatingIncome	1210000000	JPY	1,210	CurrentYearDuration_ConsolidatedMember_ForecastMember	/disc/71150/081220240515597259_tse-qcedjpsm-71150-20240515371150-ixbrl.htm
2024-05-15	四半期	当期	連結	予想		営業利益の増減率	ChangeInOperatingIncome	0.018	Pure	1.8	CurrentYearDuration_ConsolidatedMember_ForecastMember	/disc/71150/081220240515597259_tse-qcedjpsm-71150-20240515371150-ixbrl.htm
2024-05-15	四半期	当期	連結	予想		経常利益	OrdinaryIncome	1200000000	JPY	1,200	CurrentYearDuration_ConsolidatedMember_ForecastMember	/disc/71150/081220240515597259_tse-qcedjpsm-71150-20240515371150-ixbrl.htm
2024-05-15	四半期	当期	連結	予想		経常利益の増減率	ChangeInOrdinaryIncome	0.014	Pure	1.4	CurrentYearDuration_ConsolidatedMember_ForecastMember	/disc/71150/081220240515597259_tse-qcedjpsm-71150-20240515371150-ixbrl.htm
2024-05-15	四半期	当期	連結	予想		親会社株主に帰属する当期純利益	ProfitAttributableToOwnersOfParent	854000000	JPY	854	CurrentYearDuration_ConsolidatedMember_ForecastMember	/disc/71150/081220240515597259_tse-qcedjpsm-71150-20240515371150-ixbrl.htm
2024-05-15	四半期	当期	連結	予想		親会社株主に帰属する当期純利益の増減率	ChangeInProfitAttributableToOwnersOfParent	0.004	Pure	0.4	CurrentYearDuration_ConsolidatedMember_ForecastMember	/disc/71150/081220240515597259_tse-qcedjpsm-71150-20240515371150-ixbrl.htm
2024-05-15	四半期	当期	連結	予想		1株当たり当期純利益	NetIncomePerShare	88.76	JPYPerShares	88.76	CurrentYearDuration_ConsolidatedMember_ForecastMember	/disc/71150/081220240515597259_tse-qcedjpsm-71150-20240515371150-ixbrl.htm
2024-05-15	四半期	当期	連結	予想		当四半期における業績予想の修正	CorrectionOfConsolidatedFinancialForecastInThisQuarter			無	CurrentYearDuration_ConsolidatedMember_ForecastMember	/disc/71150/081220240515597259_tse-qcedjpsm-71150-20240515371150-ixbrl.htm
2024-05-15	四半期	当期第1四半期累計	連結	実績			MaterialChangesInSubsidiariesDuringThisPeriodChangesInScopeOfConsolidationsResultingFromChangeIsSubsidiaries			無	CurrentAccumulatedQ1Duration_ConsolidatedMember_ResultMember	/disc/71150/081220240515597259_tse-qcedjpsm-71150-20240515371150-ixbrl.htm
2024-05-15	四半期	当期第1四半期累計	連結	実績			ApplyingOfSpecificAccountingOfTheConsolidatedQuarterlyFinancialStatements			無	CurrentAccumulatedQ1Duration_ConsolidatedMember_ResultMember	/disc/71150/081220240515597259_tse-qcedjpsm-71150-20240515371150-ixbrl.htm
2024-05-15	四半期	当期第1四半期累計	連結	実績		会計基準等の改正に伴う変更	ChangesBasedOnRevisionsOfAccountingStandard			無	CurrentAccumulatedQ1Duration_ConsolidatedMember_ResultMember	/disc/71150/081220240515597259_tse-qcedjpsm-71150-20240515371150-ixbrl.htm
2024-05-15	四半期	当期第1四半期累計	連結	実績		それ以外の会計方針の変更	ChangesOtherThanOnesBasedOnRevisionsOfAccountingStandard			無	CurrentAccumulatedQ1Duration_ConsolidatedMember_ResultMember	/disc/71150/081220240515597259_tse-qcedjpsm-71150-20240515371150-ixbrl.htm
2024-05-15	四半期	当期第1四半期累計	連結	実績		会計上の見積りの変更	ChangesInAccountingEstimates			無	CurrentAccumulatedQ1Duration_ConsolidatedMember_ResultMember	/disc/71150/081220240515597259_tse-qcedjpsm-71150-20240515371150-ixbrl.htm
2024-05-15	四半期	当期第1四半期累計	連結	実績		修正再表示	RetrospectiveRestatement			無	CurrentAccumulatedQ1Duration_ConsolidatedMember_ResultMember	/disc/71150/081220240515597259_tse-qcedjpsm-71150-20240515371150-ixbrl.htm
2024-05-15	四半期	当期第1四半期累計	単体	実績		期末発行済株式数(自己株式を含む)	NumberOfIssuedAndOutstandingSharesAtTheEndOfFiscalYearIncludingTreasuryStock	9631000	Shares	9,631,000	CurrentAccumulatedQ1Instant_NonConsolidatedMember_ResultMember	/disc/71150/081220240515597259_tse-qcedjpsm-71150-20240515371150-ixbrl.htm
2024-05-15	四半期	前期	単体	実績		期末発行済株式数(自己株式を含む)	NumberOfIssuedAndOutstandingSharesAtTheEndOfFiscalYearIncludingTreasuryStock	9624500	Shares	9,624,500	PriorYearInstant_NonConsolidatedMember_ResultMember	/disc/71150/081220240515597259_tse-qcedjpsm-71150-20240515371150-ixbrl.htm
2024-05-15	四半期	当期第1四半期累計	単体	実績		期末自己株式数	NumberOfTreasuryStockAtTheEndOfFiscalYear	49	Shares	49	CurrentAccumulatedQ1Instant_NonConsolidatedMember_ResultMember	/disc/71150/081220240515597259_tse-qcedjpsm-71150-20240515371150-ixbrl.htm
2024-05-15	四半期	前期	単体	実績		期末自己株式数	NumberOfTreasuryStockAtTheEndOfFiscalYear	49	Shares	49	PriorYearInstant_NonConsolidatedMember_ResultMember	/disc/71150/081220240515597259_tse-qcedjpsm-71150-20240515371150-ixbrl.htm
2024-05-15	四半期	当期第1四半期累計	単体	実績		期中平均株式数	AverageNumberOfShares	9628237	Shares	9,628,237	CurrentAccumulatedQ1Duration_NonConsolidatedMember_ResultMember	/disc/71150/081220240515597259_tse-qcedjpsm-71150-20240515371150-ixbrl.htm
2024-05-15	四半期	前期第1四半期累計	単体	実績		期中平均株式数	AverageNumberOfShares	9437567	Shares	9,437,567	PriorAccumulatedQ1Duration_NonConsolidatedMember_ResultMember	/disc/71150/081220240515597259_tse-qcedjpsm-71150-20240515371150-ixbrl.htm
2024-05-15	四半期	当期				将来情報の利用に関する注意	NotesForUsingForecastedInformationAndOthers			本資料に記載されている業績見通し等の将来に関する記述は、当社が現在入手している情報および合理的であると判断する一定の前提に基づいており、その達成を当社として約束する趣旨のものではありません。また、実際の業績は様々な要因により大きく異なる可能性があります。 決算補足説明資料については、当社ウェブサイトに掲載する予定です。 https://www.alphapurchase.co.jp/ir/	CurrentYearDuration	/disc/71150/081220240515597259_tse-qcedjpsm-71150-20240515371150-ixbrl.htm
2024-05-15	四半期	当期				決算期末	FiscalYearEnd			2024-12-31	CurrentYearInstant	/disc/71150/081220240515597259_tse-qcedjpsm-71150-20240515371150-ixbrl.htm
2024-05-15	四半期	当期第1四半期累計				四半期	QuarterlyPeriod	1	Pure	1	CurrentAccumulatedQ1Instant	/disc/71150/081220240515597259_tse-qcedjpsm-71150-20240515371150-ixbrl.htm
2024-08-14	半期	当期第2四半期累計				書類名	DocumentName			第２四半期（中間期）決算短信〔日本基準〕（連結）	CurrentAccumulatedQ2Instant	/disc/71150/081220240813571588_tse-scedjpsy-71150-20240814371150-ixbrl.htm
2024-08-14	半期	当期第2四半期累計				提出日	FilingDate			2024年８月14日	CurrentAccumulatedQ2Instant	/disc/71150/081220240813571588_tse-scedjpsy-71150-20240814371150-ixbrl.htm
2024-08-14	半期	当期第2四半期累計				会社名	CompanyName			株式会社アルファパーチェス	CurrentAccumulatedQ2Instant	/disc/71150/081220240813571588_tse-scedjpsy-71150-20240814371150-ixbrl.htm
2024-08-14	半期	当期第2四半期累計					TokyoStockExchange			東	CurrentAccumulatedQ2Instant	/disc/71150/081220240813571588_tse-scedjpsy-71150-20240814371150-ixbrl.htm
2024-08-14	半期	当期第2四半期累計				証券コード	SecuritiesCode			7115	CurrentAccumulatedQ2Instant	/disc/71150/081220240813571588_tse-scedjpsy-71150-20240814371150-ixbrl.htm
2024-08-14	半期	当期第2四半期累計				URL	URL			https://www.alphapurchase.co.jp/	CurrentAccumulatedQ2Instant	/disc/71150/081220240813571588_tse-scedjpsy-71150-20240814371150-ixbrl.htm
2024-08-14	半期	当期第2四半期累計				代表者の役職	TitleRepresentative			代表取締役 社長 兼 ＣＥＯ	CurrentAccumulatedQ2Instant	/disc/71150/081220240813571588_tse-scedjpsy-71150-20240814371150-ixbrl.htm
2024-08-14	半期	当期第2四半期累計				代表者名	NameRepresentative			多田 雅之	CurrentAccumulatedQ2Instant	/disc/71150/081220240813571588_tse-scedjpsy-71150-20240814371150-ixbrl.htm
2024-08-14	半期	当期第2四半期累計					TitleInquiries			取締役 ＣＦＯ	CurrentAccumulatedQ2Instant	/disc/71150/081220240813571588_tse-scedjpsy-71150-20240814371150-ixbrl.htm
2024-08-14	半期	当期第2四半期累計					NameInquiries			齋藤 正弘	CurrentAccumulatedQ2Instant	/disc/71150/081220240813571588_tse-scedjpsy-71150-20240814371150-ixbrl.htm
2024-08-14	半期	当期第2四半期累計					Tel			03-6628-8453	CurrentAccumulatedQ2Instant	/disc/71150/081220240813571588_tse-scedjpsy-71150-20240814371150-ixbrl.htm
2024-08-14	半期	当期第2四半期累計					SemiAnnualStatementFilingDateAsPlanned			2024年８月14日	CurrentAccumulatedQ2Instant	/disc/71150/081220240813571588_tse-scedjpsy-71150-20240814371150-ixbrl.htm
2024-08-14	半期	当期第2四半期累計					SupplementalMaterialOfResults			有	CurrentAccumulatedQ2Instant	/disc/71150/081220240813571588_tse-scedjpsy-71150-20240814371150-ixbrl.htm
2024-08-14	半期	当期第2四半期累計					ConveningBriefingOfResults			有	CurrentAccumulatedQ2Instant	/disc/71150/081220240813571588_tse-scedjpsy-71150-20240814371150-ixbrl.htm
2024-08-14	半期	当期第2四半期累計					TargetForBriefingOfResults			（個人投資家向け）	CurrentAccumulatedQ2Instant	/disc/71150/081220240813571588_tse-scedjpsy-71150-20240814371150-ixbrl.htm
2024-08-14	半期	当期第2四半期累計					NoteToFractionProcessingMethod			（百万円未満切捨て）	CurrentAccumulatedQ2Instant	/disc/71150/081220240813571588_tse-scedjpsy-71150-20240814371150-ixbrl.htm
2024-08-14	半期	当期第2四半期累計	連結	実績		売上高	NetSales	26787000000	JPY	26,787	CurrentAccumulatedQ2Duration_ConsolidatedMember_ResultMember	/disc/71150/081220240813571588_tse-scedjpsy-71150-20240814371150-ixbrl.htm
2024-08-14	半期	当期第2四半期累計	連結	実績		売上高の増減率	ChangeInNetSales	0.074	Pure	7.4	CurrentAccumulatedQ2Duration_ConsolidatedMember_ResultMember	/disc/71150/081220240813571588_tse-scedjpsy-71150-20240814371150-ixbrl.htm
2024-08-14	半期	当期第2四半期累計	連結	実績		営業利益	OperatingIncome	563000000	JPY	563	CurrentAccumulatedQ2Duration_ConsolidatedMember_ResultMember	/disc/71150/081220240813571588_tse-scedjpsy-71150-20240814371150-ixbrl.htm
2024-08-14	半期	当期第2四半期累計	連結	実績		営業利益の増減率	ChangeInOperatingIncome	-0.067	Pure	6.7	CurrentAccumulatedQ2Duration_ConsolidatedMember_ResultMember	/disc/71150/081220240813571588_tse-scedjpsy-71150-20240814371150-ixbrl.htm
2024-08-14	半期	当期第2四半期累計	連結	実績		経常利益	OrdinaryIncome	548000000	JPY	548	CurrentAccumulatedQ2Duration_ConsolidatedMember_ResultMember	/disc/71150/081220240813571588_tse-scedjpsy-71150-20240814371150-ixbrl.htm
2024-08-14	半期	当期第2四半期累計	連結	実績		経常利益の増減率	ChangeInOrdinaryIncome	-0.079	Pure	7.9	CurrentAccumulatedQ2Duration_ConsolidatedMember_ResultMember	/disc/71150/081220240813571588_tse-scedjpsy-71150-20240814371150-ixbrl.htm
2024-08-14	半期	当期第2四半期累計	連結	実績		親会社株主に帰属する当期純利益	ProfitAttributableToOwnersOfParent	396000000	JPY	396	CurrentAccumulatedQ2Duration_ConsolidatedMember_ResultMember	/disc/71150/081220240813571588_tse-scedjpsy-71150-20240814371150-ixbrl.htm
2024-08-14	半期	当期第2四半期累計	連結	実績		親会社株主に帰属する当期純利益の増減率	ChangeInProfitAttributableToOwnersOfParent	-0.048	Pure	4.8	CurrentAccumulatedQ2Duration_ConsolidatedMember_ResultMember	/disc/71150/081220240813571588_tse-scedjpsy-71150-20240814371150-ixbrl.htm
2024-08-14	半期	前期第2四半期累計	連結	実績		売上高	NetSales	24932000000	JPY	24,932	PriorAccumulatedQ2Duration_ConsolidatedMember_ResultMember	/disc/71150/081220240813571588_tse-scedjpsy-71150-20240814371150-ixbrl.htm
2024-08-14	半期	前期第2四半期累計	連結	実績		営業利益	OperatingIncome	603000000	JPY	603	PriorAccumulatedQ2Duration_ConsolidatedMember_ResultMember	/disc/71150/081220240813571588_tse-scedjpsy-71150-20240814371150-ixbrl.htm
2024-08-14	半期	前期第2四半期累計	連結	実績		経常利益	OrdinaryIncome	595000000	JPY	595	PriorAccumulatedQ2Duration_ConsolidatedMember_ResultMember	/disc/71150/081220240813571588_tse-scedjpsy-71150-20240814371150-ixbrl.htm
2024-08-14	半期	前期第2四半期累計	連結	実績		親会社株主に帰属する当期純利益	ProfitAttributableToOwnersOfParent	417000000	JPY	417	PriorAccumulatedQ2Duration_ConsolidatedMember_ResultMember	/disc/71150/081220240813571588_tse-scedjpsy-71150-20240814371150-ixbrl.htm
2024-08-14	半期	当期第2四半期累計	連結	実績		包括利益	ComprehensiveIncome	396000000	JPY	396	CurrentAccumulatedQ2Duration_ConsolidatedMember_ResultMember	/disc/71150/081220240813571588_tse-scedjpsy-71150-20240814371150-ixbrl.htm
2024-08-14	半期	当期第2四半期累計	連結	実績		包括利益の増減率	ChangeInComprehensiveIncome	-0.048	Pure	4.8	CurrentAccumulatedQ2Duration_ConsolidatedMember_ResultMember	/disc/71150/081220240813571588_tse-scedjpsy-71150-20240814371150-ixbrl.htm
2024-08-14	半期	前期第2四半期累計	連結	実績		包括利益	ComprehensiveIncome	417000000	JPY	417	PriorAccumulatedQ2Duration_ConsolidatedMember_ResultMember	/disc/71150/081220240813571588_tse-scedjpsy-71150-20240814371150-ixbrl.htm
2024-08-14	半期	当期第2四半期累計	連結	実績		1株当たり当期純利益	NetIncomePerShare	41.21	JPYPerShares	41.21	CurrentAccumulatedQ2Duration_ConsolidatedMember_ResultMember	/disc/71150/081220240813571588_tse-scedjpsy-71150-20240814371150-ixbrl.htm
2024-08-14	半期	当期第2四半期累計	連結	実績		潜在株式調整後1株当たり当期純利益	DilutedNetIncomePerShare	40.36	JPYPerShares	40.36	CurrentAccumulatedQ2Duration_ConsolidatedMember_ResultMember	/disc/71150/081220240813571588_tse-scedjpsy-71150-20240814371150-ixbrl.htm
2024-08-14	半期	前期第2四半期累計	連結	実績		1株当たり当期純利益	NetIncomePerShare	44.15	JPYPerShares	44.15	PriorAccumulatedQ2Duration_ConsolidatedMember_ResultMember	/disc/71150/081220240813571588_tse-scedjpsy-71150-20240814371150-ixbrl.htm
2024-08-14	半期	前期第2四半期累計	連結	実績		潜在株式調整後1株当たり当期純利益	DilutedNetIncomePerShare	42.90	JPYPerShares	42.90	PriorAccumulatedQ2Duration_ConsolidatedMember_ResultMember	/disc/71150/081220240813571588_tse-scedjpsy-71150-20240814371150-ixbrl.htm
2024-08-14	半期	当期第2四半期累計	連結	実績			NoteToConsolidatedFinancialResults			（注）当社は、2022年12月26日に東京証券取引所スタンダード市場に上場したことに伴い、業績開示は2022年12月期第３四半期から行っているため、2023年12月期中間期対前年中間期増減率を記載しておりません。	CurrentAccumulatedQ2Duration_ConsolidatedMember_ResultMember	/disc/71150/081220240813571588_tse-scedjpsy-71150-20240814371150-ixbrl.htm
2024-08-14	半期	当期第2四半期累計	連結	実績		総資産	TotalAssets	16575000000	JPY	16,575	CurrentAccumulatedQ2Instant_ConsolidatedMember_ResultMember	/disc/71150/081220240813571588_tse-scedjpsy-71150-20240814371150-ixbrl.htm
2024-08-14	半期	当期第2四半期累計	連結	実績		純資産	NetAssets	5561000000	JPY	5,561	CurrentAccumulatedQ2Instant_ConsolidatedMember_ResultMember	/disc/71150/081220240813571588_tse-scedjpsy-71150-20240814371150-ixbrl.htm
2024-08-14	半期	当期第2四半期累計	連結	実績		自己資本比率	CapitalAdequacyRatio	0.336	Pure	33.6	CurrentAccumulatedQ2Instant_ConsolidatedMember_ResultMember	/disc/71150/081220240813571588_tse-scedjpsy-71150-20240814371150-ixbrl.htm
2024-08-14	半期	前期	連結	実績		総資産	TotalAssets	17115000000	JPY	17,115	PriorYearInstant_ConsolidatedMember_ResultMember	/disc/71150/081220240813571588_tse-scedjpsy-71150-20240814371150-ixbrl.htm
2024-08-14	半期	前期	連結	実績		純資産	NetAssets	5370000000	JPY	5,370	PriorYearInstant_ConsolidatedMember_ResultMember	/disc/71150/081220240813571588_tse-scedjpsy-71150-20240814371150-ixbrl.htm
2024-08-14	半期	前期	連結	実績		自己資本比率	CapitalAdequacyRatio	0.314	Pure	31.4	PriorYearInstant_ConsolidatedMember_ResultMember	/disc/71150/081220240813571588_tse-scedjpsy-71150-20240814371150-ixbrl.htm
2024-08-14	半期	当期第2四半期累計	連結	実績		自己資本	OwnersEquity	5561000000	JPY	5,561	CurrentAccumulatedQ2Instant_ConsolidatedMember_ResultMember	/disc/71150/081220240813571588_tse-scedjpsy-71150-20240814371150-ixbrl.htm
2024-08-14	半期	前期	連結	実績		自己資本	OwnersEquity	5370000000	JPY	5,370	PriorYearInstant_ConsolidatedMember_ResultMember	/disc/71150/081220240813571588_tse-scedjpsy-71150-20240814371150-ixbrl.htm
2024-08-14	半期	前期	単体	実績	第2四半期末	1株当たり配当金	DividendPerShare	0.00	JPYPerShares	0.00	PriorYearDuration_SecondQuarterMember_NonConsolidatedMember_ResultMember	/disc/71150/081220240813571588_tse-scedjpsy-71150-20240814371150-ixbrl.htm
2024-08-14	半期	前期	単体	実績	期末	1株当たり配当金	DividendPerShare	22.00	JPYPerShares	22.00	PriorYearDuration_YearEndMember_NonConsolidatedMember_ResultMember	/disc/71150/081220240813571588_tse-scedjpsy-71150-20240814371150-ixbrl.htm
2024-08-14	半期	前期	単体	実績	合計	1株当たり配当金	DividendPerShare	22.00	JPYPerShares	22.00	PriorYearDuration_AnnualMember_NonConsolidatedMember_ResultMember	/disc/71150/081220240813571588_tse-scedjpsy-71150-20240814371150-ixbrl.htm
2024-08-14	半期	当期	単体	実績	第2四半期末	1株当たり配当金	DividendPerShare	0.00	JPYPerShares	0.00	CurrentYearDuration_SecondQuarterMember_NonConsolidatedMember_ResultMember	/disc/71150/081220240813571588_tse-scedjpsy-71150-20240814371150-ixbrl.htm
2024-08-14	半期	当期	単体	予想	期末	1株当たり配当金	DividendPerShare	27.00	JPYPerShares	27.00	CurrentYearDuration_YearEndMember_NonConsolidatedMember_ForecastMember	/disc/71150/081220240813571588_tse-scedjpsy-71150-20240814371150-ixbrl.htm
2024-08-14	半期	当期	単体	予想	合計	1株当たり配当金	DividendPerShare	27.00	JPYPerShares	27.00	CurrentYearDuration_AnnualMember_NonConsolidatedMember_ForecastMember	/disc/71150/081220240813571588_tse-scedjpsy-71150-20240814371150-ixbrl.htm
2024-08-14	半期	当期	単体	実績	合計	当四半期における配当予想の修正	CorrectionOfDividendForecastInThisQuarter			無	CurrentYearDuration_AnnualMember_NonConsolidatedMember_ResultMember	/disc/71150/081220240813571588_tse-scedjpsy-71150-20240814371150-ixbrl.htm
2024-08-14	半期	当期	連結	予想		業績予想の見出し	TitleForForecasts			３．2024年12月期の連結業績予想（2024年１月１日～2024年12月31日）	CurrentYearDuration_ConsolidatedMember_ForecastMember	/disc/71150/081220240813571588_tse-scedjpsy-71150-20240814371150-ixbrl.htm
2024-08-14	半期	当期	連結	予想		売上高	NetSales	57122000000	JPY	57,122	CurrentYearDuration_ConsolidatedMember_ForecastMember	/disc/71150/081220240813571588_tse-scedjpsy-71150-20240814371150-ixbrl.htm
2024-08-14	半期	当期	連結	予想		売上高の増減率	ChangeInNetSales	0.100	Pure	10.0	CurrentYearDuration_ConsolidatedMember_ForecastMember	/disc/71150/081220240813571588_tse-scedjpsy-71150-20240814371150-ixbrl.htm
2024-08-14	半期	当期	連結	予想		営業利益	OperatingIncome	1210000000	JPY	1,210	CurrentYearDuration_ConsolidatedMember_ForecastMember	/disc/71150/081220240813571588_tse-scedjpsy-71150-20240814371150-ixbrl.htm
2024-08-14	半期	当期	連結	予想		営業利益の増減率	ChangeInOperatingIncome	0.018	Pure	1.8	CurrentYearDuration_ConsolidatedMember_ForecastMember	/disc/71150/081220240813571588_tse-scedjpsy-71150-20240814371150-ixbrl.htm
2024-08-14	半期	当期	連結	予想		経常利益	OrdinaryIncome	1200000000	JPY	1,200	CurrentYearDuration_ConsolidatedMember_ForecastMember	/disc/71150/081220240813571588_tse-scedjpsy-71150-20240814371150-ixbrl.htm
2024-08-14	半期	当期	連結	予想		経常利益の増減率	ChangeInOrdinaryIncome	0.014	Pure	1.4	CurrentYearDuration_ConsolidatedMember_ForecastMember	/disc/71150/081220240813571588_tse-scedjpsy-71150-20240814371150-ixbrl.htm
2024-08-14	半期	当期	連結	予想		親会社株主に帰属する当期純利益	ProfitAttributableToOwnersOfParent	854000000	JPY	854	CurrentYearDuration_ConsolidatedMember_ForecastMember	/disc/71150/081220240813571588_tse-scedjpsy-71150-20240814371150-ixbrl.htm
2024-08-14	半期	当期	連結	予想		親会社株主に帰属する当期純利益の増減率	ChangeInProfitAttributableToOwnersOfParent	0.004	Pure	0.4	CurrentYearDuration_ConsolidatedMember_ForecastMember	/disc/71150/081220240813571588_tse-scedjpsy-71150-20240814371150-ixbrl.htm
2024-08-14	半期	当期	連結	予想		1株当たり当期純利益	NetIncomePerShare	88.76	JPYPerShares	88.76	CurrentYearDuration_ConsolidatedMember_ForecastMember	/disc/71150/081220240813571588_tse-scedjpsy-71150-20240814371150-ixbrl.htm
2024-08-14	半期	当期	連結	予想		当四半期における業績予想の修正	CorrectionOfConsolidatedFinancialForecastInThisQuarter			無	CurrentYearDuration_ConsolidatedMember_ForecastMember	/disc/71150/081220240813571588_tse-scedjpsy-71150-20240814371150-ixbrl.htm
2024-08-14	半期	当期第2四半期累計	連結	実績		期中の連結範囲の重要な変更	SignificantChangesInTheScopeOfConsolidationDuringThePeriod			有	CurrentAccumulatedQ2Duration_ConsolidatedMember_ResultMember	/disc/71150/081220240813571588_tse-scedjpsy-71150-20240814371150-ixbrl.htm
2024-08-14	半期	当期第2四半期累計	連結	実績		新規連結子会社数	NumberOfSubsidiariesNewlyConsolidated	1	NumberOfCompanies	1	CurrentAccumulatedQ2Duration_ConsolidatedMember_ResultMember	/disc/71150/081220240813571588_tse-scedjpsy-71150-20240814371150-ixbrl.htm
2024-08-14	半期	当期第2四半期累計	連結	実績		新規連結子会社の名称	NameOfSubsidiariesNewlyConsolidated			APリノベーションズ株式会社	CurrentAccumulatedQ2Duration_ConsolidatedMember_ResultMember	/disc/71150/081220240813571588_tse-scedjpsy-71150-20240814371150-ixbrl.htm
2024-08-14	半期	当期第2四半期累計	連結	実績			ApplyingOfSpecificAccountingOfTheConsolidatedSemiAnnualFinancialStatements			無	CurrentAccumulatedQ2Duration_ConsolidatedMember_ResultMember	/disc/71150/081220240813571588_tse-scedjpsy-71150-20240814371150-ixbrl.htm
2024-08-14	半期	当期第2四半期累計	連結	実績		会計基準等の改正に伴う変更	ChangesBasedOnRevisionsOfAccountingStandard			無	CurrentAccumulatedQ2Duration_ConsolidatedMember_ResultMember	/disc/71150/081220240813571588_tse-scedjpsy-71150-20240814371150-ixbrl.htm
2024-08-14	半期	当期第2四半期累計	連結	実績		それ以外の会計方針の変更	ChangesOtherThanOnesBasedOnRevisionsOfAccountingStandard			無	CurrentAccumulatedQ2Duration_ConsolidatedMember_ResultMember	/disc/71150/081220240813571588_tse-scedjpsy-71150-20240814371150-ixbrl.htm
2024-08-14	半期	当期第2四半期累計	連結	実績		会計上の見積りの変更	ChangesInAccountingEstimates			無	CurrentAccumulatedQ2Duration_ConsolidatedMember_ResultMember	/disc/71150/081220240813571588_tse-scedjpsy-71150-20240814371150-ixbrl.htm
2024-08-14	半期	当期第2四半期累計	連結	実績		修正再表示	RetrospectiveRestatement			無	CurrentAccumulatedQ2Duration_ConsolidatedMember_ResultMember	/disc/71150/081220240813571588_tse-scedjpsy-71150-20240814371150-ixbrl.htm
2024-08-14	半期	当期第2四半期累計	単体	実績		期末発行済株式数(自己株式を含む)	NumberOfIssuedAndOutstandingSharesAtTheEndOfFiscalYearIncludingTreasuryStock	9639000	Shares	9,639,000	CurrentAccumulatedQ2Instant_NonConsolidatedMember_ResultMember	/disc/71150/081220240813571588_tse-scedjpsy-71150-20240814371150-ixbrl.htm
2024-08-14	半期	前期	単体	実績		期末発行済株式数(自己株式を含む)	NumberOfIssuedAndOutstandingSharesAtTheEndOfFiscalYearIncludingTreasuryStock	9624500	Shares	9,624,500	PriorYearInstant_NonConsolidatedMember_ResultMember	/disc/71150/081220240813571588_tse-scedjpsy-71150-20240814371150-ixbrl.htm
2024-08-14	半期	当期第2四半期累計	単体	実績		期末自己株式数	NumberOfTreasuryStockAtTheEndOfFiscalYear	49	Shares	49	CurrentAccumulatedQ2Instant_NonConsolidatedMember_ResultMember	/disc/71150/081220240813571588_tse-scedjpsy-71150-20240814371150-ixbrl.htm
2024-08-14	半期	前期	単体	実績		期末自己株式数	NumberOfTreasuryStockAtTheEndOfFiscalYear	49	Shares	49	PriorYearInstant_NonConsolidatedMember_ResultMember	/disc/71150/081220240813571588_tse-scedjpsy-71150-20240814371150-ixbrl.htm
2024-08-14	半期	当期第2四半期累計	単体	実績		期中平均株式数	AverageNumberOfShares	9631924	Shares	9,631,924	CurrentAccumulatedQ2Duration_NonConsolidatedMember_ResultMember	/disc/71150/081220240813571588_tse-scedjpsy-71150-20240814371150-ixbrl.htm
2024-08-14	半期	前期第2四半期累計	単体	実績		期中平均株式数	AverageNumberOfShares	9448796	Shares	9,448,796	PriorAccumulatedQ2Duration_NonConsolidatedMember_ResultMember	/disc/71150/081220240813571588_tse-scedjpsy-71150-20240814371150-ixbrl.htm
2024-08-14	半期	当期				将来情報の利用に関する注意	NotesForUsingForecastedInformationAndOthers			本資料に記載されている業績見通し等の将来に関する記述は、当社が現在入手している情報および合理的であると判断する一定の前提に基づいており、その達成を当社として約束する趣旨のものではありません。また、実際の業績は様々な要因により大きく異なる可能性があります。 決算補足説明資料については、当社ウェブサイトに掲載する予定です。 https://www.alphapurchase.co.jp/ir/	CurrentYearDuration	/disc/71150/081220240813571588_tse-scedjpsy-71150-20240814371150-ixbrl.htm
2024-08-14	半期	当期				決算期末	FiscalYearEnd			2024-12-31	CurrentYearInstant	/disc/71150/081220240813571588_tse-scedjpsy-71150-20240814371150-ixbrl.htm
2024-08-14	半期	当期第2四半期累計				四半期	QuarterlyPeriod	2	Pure	2	CurrentAccumulatedQ2Instant	/disc/71150/081220240813571588_tse-scedjpsy-71150-20240814371150-ixbrl.htm
2024-11-14	四半期	当期第3四半期累計				書類名	DocumentName			第３四半期決算短信〔日本基準〕（連結）	CurrentAccumulatedQ3Instant	/disc/71150/081220241113522594_tse-qcedjpsm-71150-20241114371150-ixbrl.htm
2024-11-14	四半期	当期第3四半期累計				提出日	FilingDate			2024年11月14日	CurrentAccumulatedQ3Instant	/disc/71150/081220241113522594_tse-qcedjpsm-71150-20241114371150-ixbrl.htm
2024-11-14	四半期	当期第3四半期累計				会社名	CompanyName			株式会社アルファパーチェス	CurrentAccumulatedQ3Instant	/disc/71150/081220241113522594_tse-qcedjpsm-71150-20241114371150-ixbrl.htm
2024-11-14	四半期	当期第3四半期累計					TokyoStockExchange			東	CurrentAccumulatedQ3Instant	/disc/71150/081220241113522594_tse-qcedjpsm-71150-20241114371150-ixbrl.htm
2024-11-14	四半期	当期第3四半期累計				証券コード	SecuritiesCode			7115	CurrentAccumulatedQ3Instant	/disc/71150/081220241113522594_tse-qcedjpsm-71150-20241114371150-ixbrl.htm
2024-11-14	四半期	当期第3四半期累計				URL	URL			https://www.alphapurchase.co.jp/	CurrentAccumulatedQ3Instant	/disc/71150/081220241113522594_tse-qcedjpsm-71150-20241114371150-ixbrl.htm
2024-11-14	四半期	当期第3四半期累計				代表者の役職	TitleRepresentative			代表取締役 社長 兼 ＣＥＯ	CurrentAccumulatedQ3Instant	/disc/71150/081220241113522594_tse-qcedjpsm-71150-20241114371150-ixbrl.htm
2024-11-14	四半期	当期第3四半期累計				代表者名	NameRepresentative			多田 雅之	CurrentAccumulatedQ3Instant	/disc/71150/081220241113522594_tse-qcedjpsm-71150-20241114371150-ixbrl.htm
2024-11-14	四半期	当期第3四半期累計					TitleInquiries			取締役 ＣＦＯ	CurrentAccumulatedQ3Instant	/disc/71150/081220241113522594_tse-qcedjpsm-71150-20241114371150-ixbrl.htm
2024-11-14	四半期	当期第3四半期累計					NameInquiries			齋藤 正弘	CurrentAccumulatedQ3Instant	/disc/71150/081220241113522594_tse-qcedjpsm-71150-20241114371150-ixbrl.htm
2024-11-14	四半期	当期第3四半期累計					Tel			03-6628-8453	CurrentAccumulatedQ3Instant	/disc/71150/081220241113522594_tse-qcedjpsm-71150-20241114371150-ixbrl.htm
2024-11-14	四半期	当期第3四半期累計					SupplementalMaterialOfResults			有	CurrentAccumulatedQ3Instant	/disc/71150/081220241113522594_tse-qcedjpsm-71150-20241114371150-ixbrl.htm
2024-11-14	四半期	当期第3四半期累計					ConveningBriefingOfResults			有	CurrentAccumulatedQ3Instant	/disc/71150/081220241113522594_tse-qcedjpsm-71150-20241114371150-ixbrl.htm
2024-11-14	四半期	当期第3四半期累計					TargetForBriefingOfResults			（個人投資家向け）	CurrentAccumulatedQ3Instant	/disc/71150/081220241113522594_tse-qcedjpsm-71150-20241114371150-ixbrl.htm
2024-11-14	四半期	当期第3四半期累計					NoteToFractionProcessingMethod			（百万円未満切捨て）	CurrentAccumulatedQ3Instant	/disc/71150/081220241113522594_tse-qcedjpsm-71150-20241114371150-ixbrl.htm
2024-11-14	四半期	当期第3四半期累計	連結	実績		売上高	NetSales	40363000000	JPY	40,363	CurrentAccumulatedQ3Duration_ConsolidatedMember_ResultMember	/disc/71150/081220241113522594_tse-qcedjpsm-71150-20241114371150-ixbrl.htm
2024-11-14	四半期	当期第3四半期累計	連結	実績		売上高の増減率	ChangeInNetSales	0.081	Pure	8.1	CurrentAccumulatedQ3Duration_ConsolidatedMember_ResultMember	/disc/71150/081220241113522594_tse-qcedjpsm-71150-20241114371150-ixbrl.htm
2024-11-14	四半期	当期第3四半期累計	連結	実績		営業利益	OperatingIncome	842000000	JPY	842	CurrentAccumulatedQ3Duration_ConsolidatedMember_ResultMember	/disc/71150/081220241113522594_tse-qcedjpsm-71150-20241114371150-ixbrl.htm
2024-11-14	四半期	当期第3四半期累計	連結	実績		営業利益の増減率	ChangeInOperatingIncome	0.049	Pure	4.9	CurrentAccumulatedQ3Duration_ConsolidatedMember_ResultMember	/disc/71150/081220241113522594_tse-qcedjpsm-71150-20241114371150-ixbrl.htm
2024-11-14	四半期	当期第3四半期累計	連結	実績		経常利益	OrdinaryIncome	827000000	JPY	827	CurrentAccumulatedQ3Duration_ConsolidatedMember_ResultMember	/disc/71150/081220241113522594_tse-qcedjpsm-71150-20241114371150-ixbrl.htm
2024-11-14	四半期	当期第3四半期累計	連結	実績		経常利益の増減率	ChangeInOrdinaryIncome	0.043	Pure	4.3	CurrentAccumulatedQ3Duration_ConsolidatedMember_ResultMember	/disc/71150/081220241113522594_tse-qcedjpsm-71150-20241114371150-ixbrl.htm
2024-11-14	四半期	当期第3四半期累計	連結	実績		親会社株主に帰属する当期純利益	ProfitAttributableToOwnersOfParent	594000000	JPY	594	CurrentAccumulatedQ3Duration_ConsolidatedMember_ResultMember	/disc/71150/081220241113522594_tse-qcedjpsm-71150-20241114371150-ixbrl.htm
2024-11-14	四半期	当期第3四半期累計	連結	実績		親会社株主に帰属する当期純利益の増減率	ChangeInProfitAttributableToOwnersOfParent	0.058	Pure	5.8	CurrentAccumulatedQ3Duration_ConsolidatedMember_ResultMember	/disc/71150/081220241113522594_tse-qcedjpsm-71150-20241114371150-ixbrl.htm
2024-11-14	四半期	前期第3四半期累計	連結	実績		売上高	NetSales	37336000000	JPY	37,336	PriorAccumulatedQ3Duration_ConsolidatedMember_ResultMember	/disc/71150/081220241113522594_tse-qcedjpsm-71150-20241114371150-ixbrl.htm
2024-11-14	四半期	前期第3四半期累計	連結	実績		売上高の増減率	ChangeInNetSales	0.177	Pure	17.7	PriorAccumulatedQ3Duration_ConsolidatedMember_ResultMember	/disc/71150/081220241113522594_tse-qcedjpsm-71150-20241114371150-ixbrl.htm
2024-11-14	四半期	前期第3四半期累計	連結	実績		営業利益	OperatingIncome	802000000	JPY	802	PriorAccumulatedQ3Duration_ConsolidatedMember_ResultMember	/disc/71150/081220241113522594_tse-qcedjpsm-71150-20241114371150-ixbrl.htm
2024-11-14	四半期	前期第3四半期累計	連結	実績		営業利益の増減率	ChangeInOperatingIncome	0.058	Pure	5.8	PriorAccumulatedQ3Duration_ConsolidatedMember_ResultMember	/disc/71150/081220241113522594_tse-qcedjpsm-71150-20241114371150-ixbrl.htm
2024-11-14	四半期	前期第3四半期累計	連結	実績		経常利益	OrdinaryIncome	793000000	JPY	793	PriorAccumulatedQ3Duration_ConsolidatedMember_ResultMember	/disc/71150/081220241113522594_tse-qcedjpsm-71150-20241114371150-ixbrl.htm
2024-11-14	四半期	前期第3四半期累計	連結	実績		経常利益の増減率	ChangeInOrdinaryIncome	0.116	Pure	11.6	PriorAccumulatedQ3Duration_ConsolidatedMember_ResultMember	/disc/71150/081220241113522594_tse-qcedjpsm-71150-20241114371150-ixbrl.htm
2024-11-14	四半期	前期第3四半期累計	連結	実績		親会社株主に帰属する当期純利益	ProfitAttributableToOwnersOfParent	561000000	JPY	561	PriorAccumulatedQ3Duration_ConsolidatedMember_ResultMember	/disc/71150/081220241113522594_tse-qcedjpsm-71150-20241114371150-ixbrl.htm
2024-11-14	四半期	前期第3四半期累計	連結	実績		親会社株主に帰属する当期純利益の増減率	ChangeInProfitAttributableToOwnersOfParent	0.128	Pure	12.8	PriorAccumulatedQ3Duration_ConsolidatedMember_ResultMember	/disc/71150/081220241113522594_tse-qcedjpsm-71150-20241114371150-ixbrl.htm
2024-11-14	四半期	当期第3四半期累計	連結	実績		包括利益	ComprehensiveIncome	594000000	JPY	594	CurrentAccumulatedQ3Duration_ConsolidatedMember_ResultMember	/disc/71150/081220241113522594_tse-qcedjpsm-71150-20241114371150-ixbrl.htm
2024-11-14	四半期	当期第3四半期累計	連結	実績		包括利益の増減率	ChangeInComprehensiveIncome	0.058	Pure	5.8	CurrentAccumulatedQ3Duration_ConsolidatedMember_ResultMember	/disc/71150/081220241113522594_tse-qcedjpsm-71150-20241114371150-ixbrl.htm
2024-11-14	四半期	前期第3四半期累計	連結	実績		包括利益	ComprehensiveIncome	561000000	JPY	561	PriorAccumulatedQ3Duration_ConsolidatedMember_ResultMember	/disc/71150/081220241113522594_tse-qcedjpsm-71150-20241114371150-ixbrl.htm
2024-11-14	四半期	前期第3四半期累計	連結	実績		包括利益の増減率	ChangeInComprehensiveIncome	0.128	Pure	12.8	PriorAccumulatedQ3Duration_ConsolidatedMember_ResultMember	/disc/71150/081220241113522594_tse-qcedjpsm-71150-20241114371150-ixbrl.htm
2024-11-14	四半期	当期第3四半期累計	連結	実績		1株当たり当期純利益	NetIncomePerShare	61.66	JPYPerShares	61.66	CurrentAccumulatedQ3Duration_ConsolidatedMember_ResultMember	/disc/71150/081220241113522594_tse-qcedjpsm-71150-20241114371150-ixbrl.htm
2024-11-14	四半期	当期第3四半期累計	連結	実績		潜在株式調整後1株当たり当期純利益	DilutedNetIncomePerShare	60.49	JPYPerShares	60.49	CurrentAccumulatedQ3Duration_ConsolidatedMember_ResultMember	/disc/71150/081220241113522594_tse-qcedjpsm-71150-20241114371150-ixbrl.htm
2024-11-14	四半期	前期第3四半期累計	連結	実績		1株当たり当期純利益	NetIncomePerShare	59.31	JPYPerShares	59.31	PriorAccumulatedQ3Duration_ConsolidatedMember_ResultMember	/disc/71150/081220241113522594_tse-qcedjpsm-71150-20241114371150-ixbrl.htm
2024-11-14	四半期	前期第3四半期累計	連結	実績		潜在株式調整後1株当たり当期純利益	DilutedNetIncomePerShare	57.57	JPYPerShares	57.57	PriorAccumulatedQ3Duration_ConsolidatedMember_ResultMember	/disc/71150/081220241113522594_tse-qcedjpsm-71150-20241114371150-ixbrl.htm
2024-11-14	四半期	当期第3四半期累計	連結	実績		総資産	TotalAssets	14313000000	JPY	14,313	CurrentAccumulatedQ3Instant_ConsolidatedMember_ResultMember	/disc/71150/081220241113522594_tse-qcedjpsm-71150-20241114371150-ixbrl.htm
2024-11-14	四半期	当期第3四半期累計	連結	実績		純資産	NetAssets	5776000000	JPY	5,776	CurrentAccumulatedQ3Instant_ConsolidatedMember_ResultMember	/disc/71150/081220241113522594_tse-qcedjpsm-71150-20241114371150-ixbrl.htm
2024-11-14	四半期	当期第3四半期累計	連結	実績		自己資本比率	CapitalAdequacyRatio	0.404	Pure	40.4	CurrentAccumulatedQ3Instant_ConsolidatedMember_ResultMember	/disc/71150/081220241113522594_tse-qcedjpsm-71150-20241114371150-ixbrl.htm
2024-11-14	四半期	前期	連結	実績		総資産	TotalAssets	17115000000	JPY	17,115	PriorYearInstant_ConsolidatedMember_ResultMember	/disc/71150/081220241113522594_tse-qcedjpsm-71150-20241114371150-ixbrl.htm
2024-11-14	四半期	前期	連結	実績		純資産	NetAssets	5370000000	JPY	5,370	PriorYearInstant_ConsolidatedMember_ResultMember	/disc/71150/081220241113522594_tse-qcedjpsm-71150-20241114371150-ixbrl.htm
2024-11-14	四半期	前期	連結	実績		自己資本比率	CapitalAdequacyRatio	0.314	Pure	31.4	PriorYearInstant_ConsolidatedMember_ResultMember	/disc/71150/081220241113522594_tse-qcedjpsm-71150-20241114371150-ixbrl.htm
2024-11-14	四半期	当期第3四半期累計	連結	実績		自己資本	OwnersEquity	5776000000	JPY	5,776	CurrentAccumulatedQ3Instant_ConsolidatedMember_ResultMember	/disc/71150/081220241113522594_tse-qcedjpsm-71150-20241114371150-ixbrl.htm
2024-11-14	四半期	前期	連結	実績		自己資本	OwnersEquity	5370000000	JPY	5,370	PriorYearInstant_ConsolidatedMember_ResultMember	/disc/71150/081220241113522594_tse-qcedjpsm-71150-20241114371150-ixbrl.htm
2024-11-14	四半期	前期	単体	実績	第2四半期末	1株当たり配当金	DividendPerShare	0.00	JPYPerShares	0.00	PriorYearDuration_SecondQuarterMember_NonConsolidatedMember_ResultMember	/disc/71150/081220241113522594_tse-qcedjpsm-71150-20241114371150-ixbrl.htm
2024-11-14	四半期	前期	単体	実績	期末	1株当たり配当金	DividendPerShare	22.00	JPYPerShares	22.00	PriorYearDuration_YearEndMember_NonConsolidatedMember_ResultMember	/disc/71150/081220241113522594_tse-qcedjpsm-71150-20241114371150-ixbrl.htm
2024-11-14	四半期	前期	単体	実績	合計	1株当たり配当金	DividendPerShare	22.00	JPYPerShares	22.00	PriorYearDuration_AnnualMember_NonConsolidatedMember_ResultMember	/disc/71150/081220241113522594_tse-qcedjpsm-71150-20241114371150-ixbrl.htm
2024-11-14	四半期	当期	単体	実績	第2四半期末	1株当たり配当金	DividendPerShare	0.00	JPYPerShares	0.00	CurrentYearDuration_SecondQuarterMember_NonConsolidatedMember_ResultMember	/disc/71150/081220241113522594_tse-qcedjpsm-71150-20241114371150-ixbrl.htm
2024-11-14	四半期	当期	単体	予想	期末	1株当たり配当金	DividendPerShare	27.00	JPYPerShares	27.00	CurrentYearDuration_YearEndMember_NonConsolidatedMember_ForecastMember	/disc/71150/081220241113522594_tse-qcedjpsm-71150-20241114371150-ixbrl.htm
2024-11-14	四半期	当期	単体	予想	合計	1株当たり配当金	DividendPerShare	27.00	JPYPerShares	27.00	CurrentYearDuration_AnnualMember_NonConsolidatedMember_ForecastMember	/disc/71150/081220241113522594_tse-qcedjpsm-71150-20241114371150-ixbrl.htm
2024-11-14	四半期	当期	単体	実績	合計	当四半期における配当予想の修正	CorrectionOfDividendForecastInThisQuarter			無	CurrentYearDuration_AnnualMember_NonConsolidatedMember_ResultMember	/disc/71150/081220241113522594_tse-qcedjpsm-71150-20241114371150-ixbrl.htm
2024-11-14	四半期	当期	連結	予想		業績予想の見出し	TitleForForecasts			３．2024年12月期の連結業績予想（2024年１月１日～2024年12月31日）	CurrentYearDuration_ConsolidatedMember_ForecastMember	/disc/71150/081220241113522594_tse-qcedjpsm-71150-20241114371150-ixbrl.htm
2024-11-14	四半期	当期	連結	予想		売上高	NetSales	57122000000	JPY	57,122	CurrentYearDuration_ConsolidatedMember_ForecastMember	/disc/71150/081220241113522594_tse-qcedjpsm-71150-20241114371150-ixbrl.htm
2024-11-14	四半期	当期	連結	予想		売上高の増減率	ChangeInNetSales	0.100	Pure	10.0	CurrentYearDuration_ConsolidatedMember_ForecastMember	/disc/71150/081220241113522594_tse-qcedjpsm-71150-20241114371150-ixbrl.htm
2024-11-14	四半期	当期	連結	予想		営業利益	OperatingIncome	1210000000	JPY	1,210	CurrentYearDuration_ConsolidatedMember_ForecastMember	/disc/71150/081220241113522594_tse-qcedjpsm-71150-20241114371150-ixbrl.htm
2024-11-14	四半期	当期	連結	予想		営業利益の増減率	ChangeInOperatingIncome	0.018	Pure	1.8	CurrentYearDuration_ConsolidatedMember_ForecastMember	/disc/71150/081220241113522594_tse-qcedjpsm-71150-20241114371150-ixbrl.htm
2024-11-14	四半期	当期	連結	予想		経常利益	OrdinaryIncome	1200000000	JPY	1,200	CurrentYearDuration_ConsolidatedMember_ForecastMember	/disc/71150/081220241113522594_tse-qcedjpsm-71150-20241114371150-ixbrl.htm
2024-11-14	四半期	当期	連結	予想		経常利益の増減率	ChangeInOrdinaryIncome	0.014	Pure	1.4	CurrentYearDuration_ConsolidatedMember_ForecastMember	/disc/71150/081220241113522594_tse-qcedjpsm-71150-20241114371150-ixbrl.htm
2024-11-14	四半期	当期	連結	予想		親会社株主に帰属する当期純利益	ProfitAttributableToOwnersOfParent	854000000	JPY	854	CurrentYearDuration_ConsolidatedMember_ForecastMember	/disc/71150/081220241113522594_tse-qcedjpsm-71150-20241114371150-ixbrl.htm
2024-11-14	四半期	当期	連結	予想		親会社株主に帰属する当期純利益の増減率	ChangeInProfitAttributableToOwnersOfParent	0.004	Pure	0.4	CurrentYearDuration_ConsolidatedMember_ForecastMember	/disc/71150/081220241113522594_tse-qcedjpsm-71150-20241114371150-ixbrl.htm
2024-11-14	四半期	当期	連結	予想		1株当たり当期純利益	NetIncomePerShare	88.76	JPYPerShares	88.76	CurrentYearDuration_ConsolidatedMember_ForecastMember	/disc/71150/081220241113522594_tse-qcedjpsm-71150-20241114371150-ixbrl.htm
2024-11-14	四半期	当期	連結	予想		当四半期における業績予想の修正	CorrectionOfConsolidatedFinancialForecastInThisQuarter			無	CurrentYearDuration_ConsolidatedMember_ForecastMember	/disc/71150/081220241113522594_tse-qcedjpsm-71150-20241114371150-ixbrl.htm
2024-11-14	四半期	当期第3四半期累計	連結	実績		期中の連結範囲の重要な変更	SignificantChangesInTheScopeOfConsolidationDuringThePeriod			有	CurrentAccumulatedQ3Duration_ConsolidatedMember_ResultMember	/disc/71150/081220241113522594_tse-qcedjpsm-71150-20241114371150-ixbrl.htm
2024-11-14	四半期	当期第3四半期累計	連結	実績		新規連結子会社数	NumberOfSubsidiariesNewlyConsolidated	1	NumberOfCompanies	1	CurrentAccumulatedQ3Duration_ConsolidatedMember_ResultMember	/disc/71150/081220241113522594_tse-qcedjpsm-71150-20241114371150-ixbrl.htm
2024-11-14	四半期	当期第3四半期累計	連結	実績		新規連結子会社の名称	NameOfSubsidiariesNewlyConsolidated			APリノベーションズ株式会社	CurrentAccumulatedQ3Duration_ConsolidatedMember_ResultMember	/disc/71150/081220241113522594_tse-qcedjpsm-71150-20241114371150-ixbrl.htm
2024-11-14	四半期	当期第3四半期累計	連結	実績			ApplyingOfSpecificAccountingOfTheConsolidatedQuarterlyFinancialStatements			無	CurrentAccumulatedQ3Duration_ConsolidatedMember_ResultMember	/disc/71150/081220241113522594_tse-qcedjpsm-71150-20241114371150-ixbrl.htm
2024-11-14	四半期	当期第3四半期累計	連結	実績		会計基準等の改正に伴う変更	ChangesBasedOnRevisionsOfAccountingStandard			無	CurrentAccumulatedQ3Duration_ConsolidatedMember_ResultMember	/disc/71150/081220241113522594_tse-qcedjpsm-71150-20241114371150-ixbrl.htm
2024-11-14	四半期	当期第3四半期累計	連結	実績		それ以外の会計方針の変更	ChangesOtherThanOnesBasedOnRevisionsOfAccountingStandard			無	CurrentAccumulatedQ3Duration_ConsolidatedMember_ResultMember	/disc/71150/081220241113522594_tse-qcedjpsm-71150-20241114371150-ixbrl.htm
2024-11-14	四半期	当期第3四半期累計	連結	実績		会計上の見積りの変更	ChangesInAccountingEstimates			無	CurrentAccumulatedQ3Duration_ConsolidatedMember_ResultMember	/disc/71150/081220241113522594_tse-qcedjpsm-71150-20241114371150-ixbrl.htm
2024-11-14	四半期	当期第3四半期累計	連結	実績		修正再表示	RetrospectiveRestatement			無	CurrentAccumulatedQ3Duration_ConsolidatedMember_ResultMember	/disc/71150/081220241113522594_tse-qcedjpsm-71150-20241114371150-ixbrl.htm
2024-11-14	四半期	当期第3四半期累計	単体	実績		期末発行済株式数(自己株式を含む)	NumberOfIssuedAndOutstandingSharesAtTheEndOfFiscalYearIncludingTreasuryStock	9664000	Shares	9,664,000	CurrentAccumulatedQ3Instant_NonConsolidatedMember_ResultMember	/disc/71150/081220241113522594_tse-qcedjpsm-71150-20241114371150-ixbrl.htm
2024-11-14	四半期	前期	単体	実績		期末発行済株式数(自己株式を含む)	NumberOfIssuedAndOutstandingSharesAtTheEndOfFiscalYearIncludingTreasuryStock	9624500	Shares	9,624,500	PriorYearInstant_NonConsolidatedMember_ResultMember	/disc/71150/081220241113522594_tse-qcedjpsm-71150-20241114371150-ixbrl.htm
2024-11-14	四半期	当期第3四半期累計	単体	実績		期末自己株式数	NumberOfTreasuryStockAtTheEndOfFiscalYear	49	Shares	49	CurrentAccumulatedQ3Instant_NonConsolidatedMember_ResultMember	/disc/71150/081220241113522594_tse-qcedjpsm-71150-20241114371150-ixbrl.htm
2024-11-14	四半期	前期	単体	実績		期末自己株式数	NumberOfTreasuryStockAtTheEndOfFiscalYear	49	Shares	49	PriorYearInstant_NonConsolidatedMember_ResultMember	/disc/71150/081220241113522594_tse-qcedjpsm-71150-20241114371150-ixbrl.htm
2024-11-14	四半期	当期第3四半期累計	単体	実績		期中平均株式数	AverageNumberOfShares	9639432	Shares	9,639,432	CurrentAccumulatedQ3Duration_NonConsolidatedMember_ResultMember	/disc/71150/081220241113522594_tse-qcedjpsm-71150-20241114371150-ixbrl.htm
2024-11-14	四半期	前期第3四半期累計	単体	実績		期中平均株式数	AverageNumberOfShares	9474656	Shares	9,474,656	PriorAccumulatedQ3Duration_NonConsolidatedMember_ResultMember	/disc/71150/081220241113522594_tse-qcedjpsm-71150-20241114371150-ixbrl.htm
2024-11-14	四半期	当期第3四半期累計					ReviewOfAttachedConsolidatedQuarterlyFinancialStatementsByACertifiedPublicAccountantOrAnAuditFirm			無	CurrentAccumulatedQ3Duration	/disc/71150/081220241113522594_tse-qcedjpsm-71150-20241114371150-ixbrl.htm
2024-11-14	四半期	当期				将来情報の利用に関する注意	NotesForUsingForecastedInformationAndOthers			本資料に記載されている業績見通し等の将来に関する記述は、当社が現在入手している情報および合理的であると判断する一定の前提に基づいており、その達成を当社として約束する趣旨のものではありません。また、実際の業績は様々な要因により大きく異なる可能性があります。 決算補足説明資料については、当社ウェブサイトに掲載する予定です。 https://www.alphapurchase.co.jp/ir/	CurrentYearDuration	/disc/71150/081220241113522594_tse-qcedjpsm-71150-20241114371150-ixbrl.htm
2024-11-14	四半期	当期				決算期末	FiscalYearEnd			2024-12-31	CurrentYearInstant	/disc/71150/081220241113522594_tse-qcedjpsm-71150-20241114371150-ixbrl.htm
2024-11-14	四半期	当期第3四半期累計				四半期	QuarterlyPeriod	3	Pure	3	CurrentAccumulatedQ3Instant	/disc/71150/081220241113522594_tse-qcedjpsm-71150-20241114371150-ixbrl.htm
2025-02-14	年次	当期				書類名	DocumentName			決算短信〔日本基準〕（連結）	CurrentYearInstant	/disc/71150/081220250214576000_tse-acedjpsm-71150-20250214371150-ixbrl.htm
2025-02-14	年次	当期				提出日	FilingDate			2025年２月14日	CurrentYearInstant	/disc/71150/081220250214576000_tse-acedjpsm-71150-20250214371150-ixbrl.htm
2025-02-14	年次	当期				会社名	CompanyName			株式会社アルファパーチェス	CurrentYearInstant	/disc/71150/081220250214576000_tse-acedjpsm-71150-20250214371150-ixbrl.htm
2025-02-14	年次	当期					TokyoStockExchange			東	CurrentYearInstant	/disc/71150/081220250214576000_tse-acedjpsm-71150-20250214371150-ixbrl.htm
2025-02-14	年次	当期				証券コード	SecuritiesCode			7115	CurrentYearInstant	/disc/71150/081220250214576000_tse-acedjpsm-71150-20250214371150-ixbrl.htm
2025-02-14	年次	当期				URL	URL			https://www.alphapurchase.co.jp/	CurrentYearInstant	/disc/71150/081220250214576000_tse-acedjpsm-71150-20250214371150-ixbrl.htm
2025-02-14	年次	当期				代表者の役職	TitleRepresentative			代表取締役 社長 兼 ＣＥＯ	CurrentYearInstant	/disc/71150/081220250214576000_tse-acedjpsm-71150-20250214371150-ixbrl.htm
2025-02-14	年次	当期				代表者名	NameRepresentative			多田 雅之	CurrentYearInstant	/disc/71150/081220250214576000_tse-acedjpsm-71150-20250214371150-ixbrl.htm
2025-02-14	年次	当期					TitleInquiries			取締役 ＣＦＯ	CurrentYearInstant	/disc/71150/081220250214576000_tse-acedjpsm-71150-20250214371150-ixbrl.htm
2025-02-14	年次	当期					NameInquiries			齋藤 正弘	CurrentYearInstant	/disc/71150/081220250214576000_tse-acedjpsm-71150-20250214371150-ixbrl.htm
2025-02-14	年次	当期					Tel			03-6628-8453	CurrentYearInstant	/disc/71150/081220250214576000_tse-acedjpsm-71150-20250214371150-ixbrl.htm
2025-02-14	年次	当期					DateOfGeneralShareholdersMeetingAsPlanned			2025年３月26日	CurrentYearInstant	/disc/71150/081220250214576000_tse-acedjpsm-71150-20250214371150-ixbrl.htm
2025-02-14	年次	当期					DividendPayableDateAsPlanned			2025年３月27日	CurrentYearInstant	/disc/71150/081220250214576000_tse-acedjpsm-71150-20250214371150-ixbrl.htm
2025-02-14	年次	当期					AnnualSecuritiesReportFilingDateAsPlanned			2025年３月27日	CurrentYearInstant	/disc/71150/081220250214576000_tse-acedjpsm-71150-20250214371150-ixbrl.htm
2025-02-14	年次	当期					SupplementalMaterialOfAnnualResults			有	CurrentYearInstant	/disc/71150/081220250214576000_tse-acedjpsm-71150-20250214371150-ixbrl.htm
2025-02-14	年次	当期					ConveningBriefingOfAnnualResults			有	CurrentYearInstant	/disc/71150/081220250214576000_tse-acedjpsm-71150-20250214371150-ixbrl.htm
2025-02-14	年次	当期					TargetAudienceBriefingOfAnnualResults			（個人投資家向け）	CurrentYearInstant	/disc/71150/081220250214576000_tse-acedjpsm-71150-20250214371150-ixbrl.htm
2025-02-14	年次	当期					NoteToFractionProcessingMethod			（百万円未満切捨て）	CurrentYearInstant	/disc/71150/081220250214576000_tse-acedjpsm-71150-20250214371150-ixbrl.htm
2025-02-14	年次	当期	連結	実績		売上高	NetSales	55952000000	JPY	55,952	CurrentYearDuration_ConsolidatedMember_ResultMember	/disc/71150/081220250214576000_tse-acedjpsm-71150-20250214371150-ixbrl.htm
2025-02-14	年次	当期	連結	実績		売上高の増減率	ChangeInNetSales	0.077	Pure	7.7	CurrentYearDuration_ConsolidatedMember_ResultMember	/disc/71150/081220250214576000_tse-acedjpsm-71150-20250214371150-ixbrl.htm
2025-02-14	年次	当期	連結	実績		営業利益	OperatingIncome	1242000000	JPY	1,242	CurrentYearDuration_ConsolidatedMember_ResultMember	/disc/71150/081220250214576000_tse-acedjpsm-71150-20250214371150-ixbrl.htm
2025-02-14	年次	当期	連結	実績		営業利益の増減率	ChangeInOperatingIncome	0.046	Pure	4.6	CurrentYearDuration_ConsolidatedMember_ResultMember	/disc/71150/081220250214576000_tse-acedjpsm-71150-20250214371150-ixbrl.htm
2025-02-14	年次	当期	連結	実績		経常利益	OrdinaryIncome	1227000000	JPY	1,227	CurrentYearDuration_ConsolidatedMember_ResultMember	/disc/71150/081220250214576000_tse-acedjpsm-71150-20250214371150-ixbrl.htm
2025-02-14	年次	当期	連結	実績		経常利益の増減率	ChangeInOrdinaryIncome	0.038	Pure	3.8	CurrentYearDuration_ConsolidatedMember_ResultMember	/disc/71150/081220250214576000_tse-acedjpsm-71150-20250214371150-ixbrl.htm
2025-02-14	年次	当期	連結	実績		親会社株主に帰属する当期純利益	ProfitAttributableToOwnersOfParent	865000000	JPY	865	CurrentYearDuration_ConsolidatedMember_ResultMember	/disc/71150/081220250214576000_tse-acedjpsm-71150-20250214371150-ixbrl.htm
2025-02-14	年次	当期	連結	実績		親会社株主に帰属する当期純利益の増減率	ChangeInProfitAttributableToOwnersOfParent	0.018	Pure	1.8	CurrentYearDuration_ConsolidatedMember_ResultMember	/disc/71150/081220250214576000_tse-acedjpsm-71150-20250214371150-ixbrl.htm
2025-02-14	年次	前期	連結	実績		売上高	NetSales	51951000000	JPY	51,951	PriorYearDuration_ConsolidatedMember_ResultMember	/disc/71150/081220250214576000_tse-acedjpsm-71150-20250214371150-ixbrl.htm
2025-02-14	年次	前期	連結	実績		売上高の増減率	ChangeInNetSales	0.171	Pure	17.1	PriorYearDuration_ConsolidatedMember_ResultMember	/disc/71150/081220250214576000_tse-acedjpsm-71150-20250214371150-ixbrl.htm
2025-02-14	年次	前期	連結	実績		営業利益	OperatingIncome	1188000000	JPY	1,188	PriorYearDuration_ConsolidatedMember_ResultMember	/disc/71150/081220250214576000_tse-acedjpsm-71150-20250214371150-ixbrl.htm
2025-02-14	年次	前期	連結	実績		営業利益の増減率	ChangeInOperatingIncome	0.140	Pure	14.0	PriorYearDuration_ConsolidatedMember_ResultMember	/disc/71150/081220250214576000_tse-acedjpsm-71150-20250214371150-ixbrl.htm
2025-02-14	年次	前期	連結	実績		経常利益	OrdinaryIncome	1183000000	JPY	1,183	PriorYearDuration_ConsolidatedMember_ResultMember	/disc/71150/081220250214576000_tse-acedjpsm-71150-20250214371150-ixbrl.htm
2025-02-14	年次	前期	連結	実績		経常利益の増減率	ChangeInOrdinaryIncome	0.190	Pure	19.0	PriorYearDuration_ConsolidatedMember_ResultMember	/disc/71150/081220250214576000_tse-acedjpsm-71150-20250214371150-ixbrl.htm
2025-02-14	年次	前期	連結	実績		親会社株主に帰属する当期純利益	ProfitAttributableToOwnersOfParent	850000000	JPY	850	PriorYearDuration_ConsolidatedMember_ResultMember	/disc/71150/081220250214576000_tse-acedjpsm-71150-20250214371150-ixbrl.htm
2025-02-14	年次	前期	連結	実績		親会社株主に帰属する当期純利益の増減率	ChangeInProfitAttributableToOwnersOfParent	0.208	Pure	20.8	PriorYearDuration_ConsolidatedMember_ResultMember	/disc/71150/081220250214576000_tse-acedjpsm-71150-20250214371150-ixbrl.htm
2025-02-14	年次	当期	連結	実績		包括利益	ComprehensiveIncome	865000000	JPY	865	CurrentYearDuration_ConsolidatedMember_ResultMember	/disc/71150/081220250214576000_tse-acedjpsm-71150-20250214371150-ixbrl.htm
2025-02-14	年次	当期	連結	実績		包括利益の増減率	ChangeInComprehensiveIncome	0.018	Pure	1.8	CurrentYearDuration_ConsolidatedMember_ResultMember	/disc/71150/081220250214576000_tse-acedjpsm-71150-20250214371150-ixbrl.htm
2025-02-14	年次	前期	連結	実績		包括利益	ComprehensiveIncome	850000000	JPY	850	PriorYearDuration_ConsolidatedMember_ResultMember	/disc/71150/081220250214576000_tse-acedjpsm-71150-20250214371150-ixbrl.htm
2025-02-14	年次	前期	連結	実績		包括利益の増減率	ChangeInComprehensiveIncome	0.208	Pure	20.8	PriorYearDuration_ConsolidatedMember_ResultMember	/disc/71150/081220250214576000_tse-acedjpsm-71150-20250214371150-ixbrl.htm
2025-02-14	年次	当期	連結	実績		1株当たり当期純利益	NetIncomePerShare	89.73	JPYPerShares	89.73	CurrentYearDuration_ConsolidatedMember_ResultMember	/disc/71150/081220250214576000_tse-acedjpsm-71150-20250214371150-ixbrl.htm
2025-02-14	年次	当期	連結	実績		潜在株式調整後1株当たり当期純利益	DilutedNetIncomePerShare	88.08	JPYPerShares	88.08	CurrentYearDuration_ConsolidatedMember_ResultMember	/disc/71150/081220250214576000_tse-acedjpsm-71150-20250214371150-ixbrl.htm
2025-02-14	年次	当期	連結	実績		自己資本当期純利益率(ROE)	NetIncomeToShareholdersEquityRatio	0.151	Pure	15.1	CurrentYearDuration_ConsolidatedMember_ResultMember	/disc/71150/081220250214576000_tse-acedjpsm-71150-20250214371150-ixbrl.htm
2025-02-14	年次	当期	連結	実績		総資産経常利益率(ROA)	OrdinaryIncomeToTotalAssetsRatio	0.069	Pure	6.9	CurrentYearDuration_ConsolidatedMember_ResultMember	/disc/71150/081220250214576000_tse-acedjpsm-71150-20250214371150-ixbrl.htm
2025-02-14	年次	当期	連結	実績		売上高営業利益率	OperatingIncomeToNetSalesRatio	0.022	Pure	2.2	CurrentYearDuration_ConsolidatedMember_ResultMember	/disc/71150/081220250214576000_tse-acedjpsm-71150-20250214371150-ixbrl.htm
2025-02-14	年次	前期	連結	実績		1株当たり当期純利益	NetIncomePerShare	89.51	JPYPerShares	89.51	PriorYearDuration_ConsolidatedMember_ResultMember	/disc/71150/081220250214576000_tse-acedjpsm-71150-20250214371150-ixbrl.htm
2025-02-14	年次	前期	連結	実績		潜在株式調整後1株当たり当期純利益	DilutedNetIncomePerShare	87.01	JPYPerShares	87.01	PriorYearDuration_ConsolidatedMember_ResultMember	/disc/71150/081220250214576000_tse-acedjpsm-71150-20250214371150-ixbrl.htm
2025-02-14	年次	前期	連結	実績		自己資本当期純利益率(ROE)	NetIncomeToShareholdersEquityRatio	0.171	Pure	17.1	PriorYearDuration_ConsolidatedMember_ResultMember	/disc/71150/081220250214576000_tse-acedjpsm-71150-20250214371150-ixbrl.htm
2025-02-14	年次	前期	連結	実績		総資産経常利益率(ROA)	OrdinaryIncomeToTotalAssetsRatio	0.073	Pure	7.3	PriorYearDuration_ConsolidatedMember_ResultMember	/disc/71150/081220250214576000_tse-acedjpsm-71150-20250214371150-ixbrl.htm
2025-02-14	年次	前期	連結	実績		売上高営業利益率	OperatingIncomeToNetSalesRatio	0.023	Pure	2.3	PriorYearDuration_ConsolidatedMember_ResultMember	/disc/71150/081220250214576000_tse-acedjpsm-71150-20250214371150-ixbrl.htm
2025-02-14	年次	当期	連結	実績		総資産	TotalAssets	18381000000	JPY	18,381	CurrentYearInstant_ConsolidatedMember_ResultMember	/disc/71150/081220250214576000_tse-acedjpsm-71150-20250214371150-ixbrl.htm
2025-02-14	年次	当期	連結	実績		純資産	NetAssets	6071000000	JPY	6,071	CurrentYearInstant_ConsolidatedMember_ResultMember	/disc/71150/081220250214576000_tse-acedjpsm-71150-20250214371150-ixbrl.htm
2025-02-14	年次	当期	連結	実績		自己資本比率	CapitalAdequacyRatio	0.330	Pure	33.0	CurrentYearInstant_ConsolidatedMember_ResultMember	/disc/71150/081220250214576000_tse-acedjpsm-71150-20250214371150-ixbrl.htm
2025-02-14	年次	当期	連結	実績		1株当たり純資産	NetAssetsPerShare	626.43	JPYPerShares	626.43	CurrentYearInstant_ConsolidatedMember_ResultMember	/disc/71150/081220250214576000_tse-acedjpsm-71150-20250214371150-ixbrl.htm
2025-02-14	年次	前期	連結	実績		総資産	TotalAssets	17115000000	JPY	17,115	PriorYearInstant_ConsolidatedMember_ResultMember	/disc/71150/081220250214576000_tse-acedjpsm-71150-20250214371150-ixbrl.htm
2025-02-14	年次	前期	連結	実績		純資産	NetAssets	5370000000	JPY	5,370	PriorYearInstant_ConsolidatedMember_ResultMember	/disc/71150/081220250214576000_tse-acedjpsm-71150-20250214371150-ixbrl.htm
2025-02-14	年次	前期	連結	実績		自己資本比率	CapitalAdequacyRatio	0.314	Pure	31.4	PriorYearInstant_ConsolidatedMember_ResultMember	/disc/71150/081220250214576000_tse-acedjpsm-71150-20250214371150-ixbrl.htm
2025-02-14	年次	前期	連結	実績		1株当たり純資産	NetAssetsPerShare	557.96	JPYPerShares	557.96	PriorYearInstant_ConsolidatedMember_ResultMember	/disc/71150/081220250214576000_tse-acedjpsm-71150-20250214371150-ixbrl.htm
2025-02-14	年次	当期	連結	実績		自己資本	OwnersEquity	6071000000	JPY	6,071	CurrentYearInstant_ConsolidatedMember_ResultMember	/disc/71150/081220250214576000_tse-acedjpsm-71150-20250214371150-ixbrl.htm
2025-02-14	年次	前期	連結	実績		自己資本	OwnersEquity	5370000000	JPY	5,370	PriorYearInstant_ConsolidatedMember_ResultMember	/disc/71150/081220250214576000_tse-acedjpsm-71150-20250214371150-ixbrl.htm
2025-02-14	年次	当期	連結	実績		営業キャッシュフロー	CashFlowsFromOperatingActivities	2471000000	JPY	2,471	CurrentYearDuration_ConsolidatedMember_ResultMember	/disc/71150/081220250214576000_tse-acedjpsm-71150-20250214371150-ixbrl.htm
2025-02-14	年次	当期	連結	実績		投資キャッシュフロー	CashFlowsFromInvestingActivities	-665000000	JPY	665	CurrentYearDuration_ConsolidatedMember_ResultMember	/disc/71150/081220250214576000_tse-acedjpsm-71150-20250214371150-ixbrl.htm
2025-02-14	年次	当期	連結	実績		財務キャッシュフロー	CashFlowsFromFinancingActivities	-217000000	JPY	217	CurrentYearDuration_ConsolidatedMember_ResultMember	/disc/71150/081220250214576000_tse-acedjpsm-71150-20250214371150-ixbrl.htm
2025-02-14	年次	当期	連結	実績		現金及び現金同等物の期末残高	CashAndEquivalentsEndOfPeriod	5759000000	JPY	5,759	CurrentYearInstant_ConsolidatedMember_ResultMember	/disc/71150/081220250214576000_tse-acedjpsm-71150-20250214371150-ixbrl.htm
2025-02-14	年次	前期	連結	実績		営業キャッシュフロー	CashFlowsFromOperatingActivities	1224000000	JPY	1,224	PriorYearDuration_ConsolidatedMember_ResultMember	/disc/71150/081220250214576000_tse-acedjpsm-71150-20250214371150-ixbrl.htm
2025-02-14	年次	前期	連結	実績		投資キャッシュフロー	CashFlowsFromInvestingActivities	-722000000	JPY	722	PriorYearDuration_ConsolidatedMember_ResultMember	/disc/71150/081220250214576000_tse-acedjpsm-71150-20250214371150-ixbrl.htm
2025-02-14	年次	前期	連結	実績		財務キャッシュフロー	CashFlowsFromFinancingActivities	-229000000	JPY	229	PriorYearDuration_ConsolidatedMember_ResultMember	/disc/71150/081220250214576000_tse-acedjpsm-71150-20250214371150-ixbrl.htm
2025-02-14	年次	前期	連結	実績		現金及び現金同等物の期末残高	CashAndEquivalentsEndOfPeriod	4169000000	JPY	4,169	PriorYearInstant_ConsolidatedMember_ResultMember	/disc/71150/081220250214576000_tse-acedjpsm-71150-20250214371150-ixbrl.htm
2025-02-14	年次	前期	単体	実績	第2四半期末	1株当たり配当金	DividendPerShare	0.00	JPYPerShares	0.00	PriorYearDuration_SecondQuarterMember_NonConsolidatedMember_ResultMember	/disc/71150/081220250214576000_tse-acedjpsm-71150-20250214371150-ixbrl.htm
2025-02-14	年次	前期	単体	実績	期末	1株当たり配当金	DividendPerShare	22.00	JPYPerShares	22.00	PriorYearDuration_YearEndMember_NonConsolidatedMember_ResultMember	/disc/71150/081220250214576000_tse-acedjpsm-71150-20250214371150-ixbrl.htm
2025-02-14	年次	前期	単体	実績	合計	1株当たり配当金	DividendPerShare	22.00	JPYPerShares	22.00	PriorYearDuration_AnnualMember_NonConsolidatedMember_ResultMember	/disc/71150/081220250214576000_tse-acedjpsm-71150-20250214371150-ixbrl.htm
2025-02-14	年次	前期	単体	実績	合計	配当金総額	TotalDividendPaidAnnual	211000000	JPY	211	PriorYearDuration_AnnualMember_NonConsolidatedMember_ResultMember	/disc/71150/081220250214576000_tse-acedjpsm-71150-20250214371150-ixbrl.htm
2025-02-14	年次	前期	連結	実績	合計	配当性向	PayoutRatio	0.246	Pure	24.6	PriorYearDuration_AnnualMember_ConsolidatedMember_ResultMember	/disc/71150/081220250214576000_tse-acedjpsm-71150-20250214371150-ixbrl.htm
2025-02-14	年次	前期	連結	実績	合計	純資産配当率	RatioOfTotalAmountOfDividendsToNetAssets	0.042	Pure	4.2	PriorYearDuration_AnnualMember_ConsolidatedMember_ResultMember	/disc/71150/081220250214576000_tse-acedjpsm-71150-20250214371150-ixbrl.htm
2025-02-14	年次	当期	単体	実績	第2四半期末	1株当たり配当金	DividendPerShare	0.00	JPYPerShares	0.00	CurrentYearDuration_SecondQuarterMember_NonConsolidatedMember_ResultMember	/disc/71150/081220250214576000_tse-acedjpsm-71150-20250214371150-ixbrl.htm
2025-02-14	年次	当期	単体	実績	期末	1株当たり配当金	DividendPerShare	27.00	JPYPerShares	27.00	CurrentYearDuration_YearEndMember_NonConsolidatedMember_ResultMember	/disc/71150/081220250214576000_tse-acedjpsm-71150-20250214371150-ixbrl.htm
2025-02-14	年次	当期	単体	実績	合計	1株当たり配当金	DividendPerShare	27.00	JPYPerShares	27.00	CurrentYearDuration_AnnualMember_NonConsolidatedMember_ResultMember	/disc/71150/081220250214576000_tse-acedjpsm-71150-20250214371150-ixbrl.htm
2025-02-14	年次	当期	単体	実績	合計	配当金総額	TotalDividendPaidAnnual	261000000	JPY	261	CurrentYearDuration_AnnualMember_NonConsolidatedMember_ResultMember	/disc/71150/081220250214576000_tse-acedjpsm-71150-20250214371150-ixbrl.htm
2025-02-14	年次	当期	連結	実績	合計	配当性向	PayoutRatio	0.301	Pure	30.1	CurrentYearDuration_AnnualMember_ConsolidatedMember_ResultMember	/disc/71150/081220250214576000_tse-acedjpsm-71150-20250214371150-ixbrl.htm
2025-02-14	年次	当期	連結	実績	合計	純資産配当率	RatioOfTotalAmountOfDividendsToNetAssets	0.046	Pure	4.6	CurrentYearDuration_AnnualMember_ConsolidatedMember_ResultMember	/disc/71150/081220250214576000_tse-acedjpsm-71150-20250214371150-ixbrl.htm
2025-02-14	年次	来期	単体	予想	第2四半期末	1株当たり配当金	DividendPerShare	0.00	JPYPerShares	0.00	NextYearDuration_SecondQuarterMember_NonConsolidatedMember_ForecastMember	/disc/71150/081220250214576000_tse-acedjpsm-71150-20250214371150-ixbrl.htm
2025-02-14	年次	来期	単体	予想	期末	1株当たり配当金	DividendPerShare	35.00	JPYPerShares	35.00	NextYearDuration_YearEndMember_NonConsolidatedMember_ForecastMember	/disc/71150/081220250214576000_tse-acedjpsm-71150-20250214371150-ixbrl.htm
2025-02-14	年次	来期	単体	予想	合計	1株当たり配当金	DividendPerShare	35.00	JPYPerShares	35.00	NextYearDuration_AnnualMember_NonConsolidatedMember_ForecastMember	/disc/71150/081220250214576000_tse-acedjpsm-71150-20250214371150-ixbrl.htm
2025-02-14	年次	来期	連結	予想	合計	配当性向	PayoutRatio	0.347	Pure	34.7	NextYearDuration_AnnualMember_ConsolidatedMember_ForecastMember	/disc/71150/081220250214576000_tse-acedjpsm-71150-20250214371150-ixbrl.htm
2025-02-14	年次	当期	単体	実績	合計	配当の注記	NoteToDividends			（注）2025年12月期（予想） 期末配当金の内訳 普通配当30円00銭 記念配当５円00銭	CurrentYearDuration_AnnualMember_NonConsolidatedMember_ResultMember	/disc/71150/081220250214576000_tse-acedjpsm-71150-20250214371150-ixbrl.htm
2025-02-14	年次	来期	連結	予想		業績予想の見出し	TitleForForecasts			３．2025年12月期の連結業績予想（2025年１月１日～2025年12月31日）	NextYearDuration_ConsolidatedMember_ForecastMember	/disc/71150/081220250214576000_tse-acedjpsm-71150-20250214371150-ixbrl.htm
2025-02-14	年次	来期	連結	予想		売上高	NetSales	61975000000	JPY	61,975	NextYearDuration_ConsolidatedMember_ForecastMember	/disc/71150/081220250214576000_tse-acedjpsm-71150-20250214371150-ixbrl.htm
2025-02-14	年次	来期	連結	予想		売上高の増減率	ChangeInNetSales	0.108	Pure	10.8	NextYearDuration_ConsolidatedMember_ForecastMember	/disc/71150/081220250214576000_tse-acedjpsm-71150-20250214371150-ixbrl.htm
2025-02-14	年次	来期	連結	予想		営業利益	OperatingIncome	1410000000	JPY	1,410	NextYearDuration_ConsolidatedMember_ForecastMember	/disc/71150/081220250214576000_tse-acedjpsm-71150-20250214371150-ixbrl.htm
2025-02-14	年次	来期	連結	予想		営業利益の増減率	ChangeInOperatingIncome	0.135	Pure	13.5	NextYearDuration_ConsolidatedMember_ForecastMember	/disc/71150/081220250214576000_tse-acedjpsm-71150-20250214371150-ixbrl.htm
2025-02-14	年次	来期	連結	予想		経常利益	OrdinaryIncome	1400000000	JPY	1,400	NextYearDuration_ConsolidatedMember_ForecastMember	/disc/71150/081220250214576000_tse-acedjpsm-71150-20250214371150-ixbrl.htm
2025-02-14	年次	来期	連結	予想		経常利益の増減率	ChangeInOrdinaryIncome	0.140	Pure	14.0	NextYearDuration_ConsolidatedMember_ForecastMember	/disc/71150/081220250214576000_tse-acedjpsm-71150-20250214371150-ixbrl.htm
2025-02-14	年次	来期	連結	予想		親会社株主に帰属する当期純利益	ProfitAttributableToOwnersOfParent	979000000	JPY	979	NextYearDuration_ConsolidatedMember_ForecastMember	/disc/71150/081220250214576000_tse-acedjpsm-71150-20250214371150-ixbrl.htm
2025-02-14	年次	来期	連結	予想		親会社株主に帰属する当期純利益の増減率	ChangeInProfitAttributableToOwnersOfParent	0.131	Pure	13.1	NextYearDuration_ConsolidatedMember_ForecastMember	/disc/71150/081220250214576000_tse-acedjpsm-71150-20250214371150-ixbrl.htm
2025-02-14	年次	来期	連結	予想		1株当たり当期純利益	NetIncomePerShare	100.76	JPYPerShares	100.76	NextYearDuration_ConsolidatedMember_ForecastMember	/disc/71150/081220250214576000_tse-acedjpsm-71150-20250214371150-ixbrl.htm
2025-02-14	年次	当期	連結	実績		期中の連結範囲の重要な変更	SignificantChangesInTheScopeOfConsolidationDuringThePeriod			有	CurrentYearDuration_ConsolidatedMember_ResultMember	/disc/71150/081220250214576000_tse-acedjpsm-71150-20250214371150-ixbrl.htm
2025-02-14	年次	当期	連結	実績		新規連結子会社数	NumberOfSubsidiariesNewlyConsolidated	1	NumberOfCompanies	1	CurrentYearDuration_ConsolidatedMember_ResultMember	/disc/71150/081220250214576000_tse-acedjpsm-71150-20250214371150-ixbrl.htm
2025-02-14	年次	当期	連結	実績		新規連結子会社の名称	NameOfSubsidiariesNewlyConsolidated			APリノベーションズ株式会社	CurrentYearDuration_ConsolidatedMember_ResultMember	/disc/71150/081220250214576000_tse-acedjpsm-71150-20250214371150-ixbrl.htm
2025-02-14	年次	当期	連結	実績		会計基準等の改正に伴う変更	ChangesBasedOnRevisionsOfAccountingStandard			無	CurrentYearDuration_ConsolidatedMember_ResultMember	/disc/71150/081220250214576000_tse-acedjpsm-71150-20250214371150-ixbrl.htm
2025-02-14	年次	当期	連結	実績		それ以外の会計方針の変更	ChangesOtherThanOnesBasedOnRevisionsOfAccountingStandard			無	CurrentYearDuration_ConsolidatedMember_ResultMember	/disc/71150/081220250214576000_tse-acedjpsm-71150-20250214371150-ixbrl.htm
2025-02-14	年次	当期	連結	実績		会計上の見積りの変更	ChangesInAccountingEstimates			無	CurrentYearDuration_ConsolidatedMember_ResultMember	/disc/71150/081220250214576000_tse-acedjpsm-71150-20250214371150-ixbrl.htm
2025-02-14	年次	当期	連結	実績		修正再表示	RetrospectiveRestatement			無	CurrentYearDuration_ConsolidatedMember_ResultMember	/disc/71150/081220250214576000_tse-acedjpsm-71150-20250214371150-ixbrl.htm
2025-02-14	年次	当期	単体	実績		期末発行済株式数(自己株式を含む)	NumberOfIssuedAndOutstandingSharesAtTheEndOfFiscalYearIncludingTreasuryStock	9692500	Shares	9,692,500	CurrentYearInstant_NonConsolidatedMember_ResultMember	/disc/71150/081220250214576000_tse-acedjpsm-71150-20250214371150-ixbrl.htm
2025-02-14	年次	前期	単体	実績		期末発行済株式数(自己株式を含む)	NumberOfIssuedAndOutstandingSharesAtTheEndOfFiscalYearIncludingTreasuryStock	9624500	Shares	9,624,500	PriorYearInstant_NonConsolidatedMember_ResultMember	/disc/71150/081220250214576000_tse-acedjpsm-71150-20250214371150-ixbrl.htm
2025-02-14	年次	当期	単体	実績		期末自己株式数	NumberOfTreasuryStockAtTheEndOfFiscalYear	49	Shares	49	CurrentYearInstant_NonConsolidatedMember_ResultMember	/disc/71150/081220250214576000_tse-acedjpsm-71150-20250214371150-ixbrl.htm
2025-02-14	年次	前期	単体	実績		期末自己株式数	NumberOfTreasuryStockAtTheEndOfFiscalYear	49	Shares	49	PriorYearInstant_NonConsolidatedMember_ResultMember	/disc/71150/081220250214576000_tse-acedjpsm-71150-20250214371150-ixbrl.htm
2025-02-14	年次	当期	単体	実績		期中平均株式数	AverageNumberOfShares	9649764	Shares	9,649,764	CurrentYearDuration_NonConsolidatedMember_ResultMember	/disc/71150/081220250214576000_tse-acedjpsm-71150-20250214371150-ixbrl.htm
2025-02-14	年次	前期	単体	実績		期中平均株式数	AverageNumberOfShares	9504433	Shares	9,504,433	PriorYearDuration_NonConsolidatedMember_ResultMember	/disc/71150/081220250214576000_tse-acedjpsm-71150-20250214371150-ixbrl.htm
2025-02-14	年次	当期	単体	実績		売上高	NetSales	54920000000	JPY	54,920	CurrentYearDuration_NonConsolidatedMember_ResultMember	/disc/71150/081220250214576000_tse-acedjpsm-71150-20250214371150-ixbrl.htm
2025-02-14	年次	当期	単体	実績		売上高の増減率	ChangeInNetSales	0.059	Pure	5.9	CurrentYearDuration_NonConsolidatedMember_ResultMember	/disc/71150/081220250214576000_tse-acedjpsm-71150-20250214371150-ixbrl.htm
2025-02-14	年次	当期	単体	実績		営業利益	OperatingIncome	1209000000	JPY	1,209	CurrentYearDuration_NonConsolidatedMember_ResultMember	/disc/71150/081220250214576000_tse-acedjpsm-71150-20250214371150-ixbrl.htm
2025-02-14	年次	当期	単体	実績		営業利益の増減率	ChangeInOperatingIncome	0.080	Pure	8.0	CurrentYearDuration_NonConsolidatedMember_ResultMember	/disc/71150/081220250214576000_tse-acedjpsm-71150-20250214371150-ixbrl.htm
2025-02-14	年次	当期	単体	実績		経常利益	OrdinaryIncome	1229000000	JPY	1,229	CurrentYearDuration_NonConsolidatedMember_ResultMember	/disc/71150/081220250214576000_tse-acedjpsm-71150-20250214371150-ixbrl.htm
2025-02-14	年次	当期	単体	実績		経常利益の増減率	ChangeInOrdinaryIncome	0.065	Pure	6.5	CurrentYearDuration_NonConsolidatedMember_ResultMember	/disc/71150/081220250214576000_tse-acedjpsm-71150-20250214371150-ixbrl.htm
2025-02-14	年次	当期	単体	実績		当期純利益	NetIncome	872000000	JPY	872	CurrentYearDuration_NonConsolidatedMember_ResultMember	/disc/71150/081220250214576000_tse-acedjpsm-71150-20250214371150-ixbrl.htm
2025-02-14	年次	当期	単体	実績		当期純利益の増減率	ChangeInNetIncome	0.031	Pure	3.1	CurrentYearDuration_NonConsolidatedMember_ResultMember	/disc/71150/081220250214576000_tse-acedjpsm-71150-20250214371150-ixbrl.htm
2025-02-14	年次	前期	単体	実績		売上高	NetSales	51875000000	JPY	51,875	PriorYearDuration_NonConsolidatedMember_ResultMember	/disc/71150/081220250214576000_tse-acedjpsm-71150-20250214371150-ixbrl.htm
2025-02-14	年次	前期	単体	実績		売上高の増減率	ChangeInNetSales	0.170	Pure	17.0	PriorYearDuration_NonConsolidatedMember_ResultMember	/disc/71150/081220250214576000_tse-acedjpsm-71150-20250214371150-ixbrl.htm
2025-02-14	年次	前期	単体	実績		営業利益	OperatingIncome	1119000000	JPY	1,119	PriorYearDuration_NonConsolidatedMember_ResultMember	/disc/71150/081220250214576000_tse-acedjpsm-71150-20250214371150-ixbrl.htm
2025-02-14	年次	前期	単体	実績		営業利益の増減率	ChangeInOperatingIncome	0.134	Pure	13.4	PriorYearDuration_NonConsolidatedMember_ResultMember	/disc/71150/081220250214576000_tse-acedjpsm-71150-20250214371150-ixbrl.htm
2025-02-14	年次	前期	単体	実績		経常利益	OrdinaryIncome	1154000000	JPY	1,154	PriorYearDuration_NonConsolidatedMember_ResultMember	/disc/71150/081220250214576000_tse-acedjpsm-71150-20250214371150-ixbrl.htm
2025-02-14	年次	前期	単体	実績		経常利益の増減率	ChangeInOrdinaryIncome	0.149	Pure	14.9	PriorYearDuration_NonConsolidatedMember_ResultMember	/disc/71150/081220250214576000_tse-acedjpsm-71150-20250214371150-ixbrl.htm
2025-02-14	年次	前期	単体	実績		当期純利益	NetIncome	846000000	JPY	846	PriorYearDuration_NonConsolidatedMember_ResultMember	/disc/71150/081220250214576000_tse-acedjpsm-71150-20250214371150-ixbrl.htm
2025-02-14	年次	前期	単体	実績		当期純利益の増減率	ChangeInNetIncome	0.170	Pure	17.0	PriorYearDuration_NonConsolidatedMember_ResultMember	/disc/71150/081220250214576000_tse-acedjpsm-71150-20250214371150-ixbrl.htm
2025-02-14	年次	当期	単体	実績		1株当たり当期純利益	NetIncomePerShare	90.42	JPYPerShares	90.42	CurrentYearDuration_NonConsolidatedMember_ResultMember	/disc/71150/081220250214576000_tse-acedjpsm-71150-20250214371150-ixbrl.htm
2025-02-14	年次	当期	単体	実績		潜在株式調整後1株当たり当期純利益	DilutedNetIncomePerShare	88.75	JPYPerShares	88.75	CurrentYearDuration_NonConsolidatedMember_ResultMember	/disc/71150/081220250214576000_tse-acedjpsm-71150-20250214371150-ixbrl.htm
2025-02-14	年次	前期	単体	実績		1株当たり当期純利益	NetIncomePerShare	89.07	JPYPerShares	89.07	PriorYearDuration_NonConsolidatedMember_ResultMember	/disc/71150/081220250214576000_tse-acedjpsm-71150-20250214371150-ixbrl.htm
2025-02-14	年次	前期	単体	実績		潜在株式調整後1株当たり当期純利益	DilutedNetIncomePerShare	86.59	JPYPerShares	86.59	PriorYearDuration_NonConsolidatedMember_ResultMember	/disc/71150/081220250214576000_tse-acedjpsm-71150-20250214371150-ixbrl.htm
2025-02-14	年次	当期	単体	実績		総資産	TotalAssets	18002000000	JPY	18,002	CurrentYearInstant_NonConsolidatedMember_ResultMember	/disc/71150/081220250214576000_tse-acedjpsm-71150-20250214371150-ixbrl.htm
2025-02-14	年次	当期	単体	実績		純資産	NetAssets	5960000000	JPY	5,960	CurrentYearInstant_NonConsolidatedMember_ResultMember	/disc/71150/081220250214576000_tse-acedjpsm-71150-20250214371150-ixbrl.htm
2025-02-14	年次	当期	単体	実績		自己資本比率	CapitalAdequacyRatio	0.331	Pure	33.1	CurrentYearInstant_NonConsolidatedMember_ResultMember	/disc/71150/081220250214576000_tse-acedjpsm-71150-20250214371150-ixbrl.htm
2025-02-14	年次	当期	単体	実績		1株当たり純資産	NetAssetsPerShare	614.94	JPYPerShares	614.94	CurrentYearInstant_NonConsolidatedMember_ResultMember	/disc/71150/081220250214576000_tse-acedjpsm-71150-20250214371150-ixbrl.htm
2025-02-14	年次	前期	単体	実績		総資産	TotalAssets	16990000000	JPY	16,990	PriorYearInstant_NonConsolidatedMember_ResultMember	/disc/71150/081220250214576000_tse-acedjpsm-71150-20250214371150-ixbrl.htm
2025-02-14	年次	前期	単体	実績		純資産	NetAssets	5252000000	JPY	5,252	PriorYearInstant_NonConsolidatedMember_ResultMember	/disc/71150/081220250214576000_tse-acedjpsm-71150-20250214371150-ixbrl.htm
2025-02-14	年次	前期	単体	実績		自己資本比率	CapitalAdequacyRatio	0.309	Pure	30.9	PriorYearInstant_NonConsolidatedMember_ResultMember	/disc/71150/081220250214576000_tse-acedjpsm-71150-20250214371150-ixbrl.htm
2025-02-14	年次	前期	単体	実績		1株当たり純資産	NetAssetsPerShare	545.71	JPYPerShares	545.71	PriorYearInstant_NonConsolidatedMember_ResultMember	/disc/71150/081220250214576000_tse-acedjpsm-71150-20250214371150-ixbrl.htm
2025-02-14	年次	当期	単体	実績		自己資本	OwnersEquity	5960000000	JPY	5,960	CurrentYearInstant_NonConsolidatedMember_ResultMember	/disc/71150/081220250214576000_tse-acedjpsm-71150-20250214371150-ixbrl.htm
2025-02-14	年次	前期	単体	実績		自己資本	OwnersEquity	5252000000	JPY	5,252	PriorYearInstant_NonConsolidatedMember_ResultMember	/disc/71150/081220250214576000_tse-acedjpsm-71150-20250214371150-ixbrl.htm
2025-02-14	年次	来期				将来情報の利用に関する注意	NotesForUsingForecastedInformationAndOthers			本資料に記載されている業績見通し等の将来に関する記述は、当社が現在入手している情報および合理的であると判断する一定の前提に基づいており、その達成を当社として約束する趣旨のものではありません。また、実際の業績は様々な要因により大きく異なる可能性があります。 なお、上記予想に関する事項は添付資料のP3を参照ください。 決算補足説明資料については、当社ウェブサイトに掲載する予定です。 https://www.alphapurchase.co.jp/ir/	NextYearDuration	/disc/71150/081220250214576000_tse-acedjpsm-71150-20250214371150-ixbrl.htm
2025-02-14	年次	当期				決算期末	FiscalYearEnd			2024-12-31	CurrentYearInstant	/disc/71150/081220250214576000_tse-acedjpsm-71150-20250214371150-ixbrl.htm
2025-05-14	四半期	当期第1四半期累計				書類名	DocumentName			第１四半期決算短信〔日本基準〕（連結）	CurrentAccumulatedQ1Instant	/disc/71150/081220250514548344_tse-qcedjpsm-71150-20250514371150-ixbrl.htm
2025-05-14	四半期	当期第1四半期累計				提出日	FilingDate			2025年５月14日	CurrentAccumulatedQ1Instant	/disc/71150/081220250514548344_tse-qcedjpsm-71150-20250514371150-ixbrl.htm
2025-05-14	四半期	当期第1四半期累計				会社名	CompanyName			株式会社アルファパーチェス	CurrentAccumulatedQ1Instant	/disc/71150/081220250514548344_tse-qcedjpsm-71150-20250514371150-ixbrl.htm
2025-05-14	四半期	当期第1四半期累計					TokyoStockExchange			東	CurrentAccumulatedQ1Instant	/disc/71150/081220250514548344_tse-qcedjpsm-71150-20250514371150-ixbrl.htm
2025-05-14	四半期	当期第1四半期累計				証券コード	SecuritiesCode			7115	CurrentAccumulatedQ1Instant	/disc/71150/081220250514548344_tse-qcedjpsm-71150-20250514371150-ixbrl.htm
2025-05-14	四半期	当期第1四半期累計				URL	URL			https://www.alphapurchase.co.jp/	CurrentAccumulatedQ1Instant	/disc/71150/081220250514548344_tse-qcedjpsm-71150-20250514371150-ixbrl.htm
2025-05-14	四半期	当期第1四半期累計				代表者の役職	TitleRepresentative			代表取締役 社長	CurrentAccumulatedQ1Instant	/disc/71150/081220250514548344_tse-qcedjpsm-71150-20250514371150-ixbrl.htm
2025-05-14	四半期	当期第1四半期累計				代表者名	NameRepresentative			田辺 孝夫	CurrentAccumulatedQ1Instant	/disc/71150/081220250514548344_tse-qcedjpsm-71150-20250514371150-ixbrl.htm
2025-05-14	四半期	当期第1四半期累計					TitleInquiries			取締役	CurrentAccumulatedQ1Instant	/disc/71150/081220250514548344_tse-qcedjpsm-71150-20250514371150-ixbrl.htm
2025-05-14	四半期	当期第1四半期累計					NameInquiries			齋藤 正弘	CurrentAccumulatedQ1Instant	/disc/71150/081220250514548344_tse-qcedjpsm-71150-20250514371150-ixbrl.htm
2025-05-14	四半期	当期第1四半期累計					Tel			03-6628-8453	CurrentAccumulatedQ1Instant	/disc/71150/081220250514548344_tse-qcedjpsm-71150-20250514371150-ixbrl.htm
2025-05-14	四半期	当期第1四半期累計					SupplementalMaterialOfResults			有	CurrentAccumulatedQ1Instant	/disc/71150/081220250514548344_tse-qcedjpsm-71150-20250514371150-ixbrl.htm
2025-05-14	四半期	当期第1四半期累計					ConveningBriefingOfResults			有	CurrentAccumulatedQ1Instant	/disc/71150/081220250514548344_tse-qcedjpsm-71150-20250514371150-ixbrl.htm
2025-05-14	四半期	当期第1四半期累計					TargetForBriefingOfResults			（個人投資家向け）	CurrentAccumulatedQ1Instant	/disc/71150/081220250514548344_tse-qcedjpsm-71150-20250514371150-ixbrl.htm
2025-05-14	四半期	当期第1四半期累計					NoteToFractionProcessingMethod			（百万円未満切捨て）	CurrentAccumulatedQ1Instant	/disc/71150/081220250514548344_tse-qcedjpsm-71150-20250514371150-ixbrl.htm
2025-05-14	四半期	当期第1四半期累計	連結	実績		売上高	NetSales	14418000000	JPY	14,418	CurrentAccumulatedQ1Duration_ConsolidatedMember_ResultMember	/disc/71150/081220250514548344_tse-qcedjpsm-71150-20250514371150-ixbrl.htm
2025-05-14	四半期	当期第1四半期累計	連結	実績		売上高の増減率	ChangeInNetSales	0.063	Pure	6.3	CurrentAccumulatedQ1Duration_ConsolidatedMember_ResultMember	/disc/71150/081220250514548344_tse-qcedjpsm-71150-20250514371150-ixbrl.htm
2025-05-14	四半期	当期第1四半期累計	連結	実績		営業利益	OperatingIncome	389000000	JPY	389	CurrentAccumulatedQ1Duration_ConsolidatedMember_ResultMember	/disc/71150/081220250514548344_tse-qcedjpsm-71150-20250514371150-ixbrl.htm
2025-05-14	四半期	当期第1四半期累計	連結	実績		営業利益の増減率	ChangeInOperatingIncome	0.345	Pure	34.5	CurrentAccumulatedQ1Duration_ConsolidatedMember_ResultMember	/disc/71150/081220250514548344_tse-qcedjpsm-71150-20250514371150-ixbrl.htm
2025-05-14	四半期	当期第1四半期累計	連結	実績		経常利益	OrdinaryIncome	390000000	JPY	390	CurrentAccumulatedQ1Duration_ConsolidatedMember_ResultMember	/disc/71150/081220250514548344_tse-qcedjpsm-71150-20250514371150-ixbrl.htm
2025-05-14	四半期	当期第1四半期累計	連結	実績		経常利益の増減率	ChangeInOrdinaryIncome	0.430	Pure	43.0	CurrentAccumulatedQ1Duration_ConsolidatedMember_ResultMember	/disc/71150/081220250514548344_tse-qcedjpsm-71150-20250514371150-ixbrl.htm
2025-05-14	四半期	当期第1四半期累計	連結	実績		親会社株主に帰属する当期純利益	ProfitAttributableToOwnersOfParent	278000000	JPY	278	CurrentAccumulatedQ1Duration_ConsolidatedMember_ResultMember	/disc/71150/081220250514548344_tse-qcedjpsm-71150-20250514371150-ixbrl.htm
2025-05-14	四半期	当期第1四半期累計	連結	実績		親会社株主に帰属する当期純利益の増減率	ChangeInProfitAttributableToOwnersOfParent	0.451	Pure	45.1	CurrentAccumulatedQ1Duration_ConsolidatedMember_ResultMember	/disc/71150/081220250514548344_tse-qcedjpsm-71150-20250514371150-ixbrl.htm
2025-05-14	四半期	前期第1四半期累計	連結	実績		売上高	NetSales	13566000000	JPY	13,566	PriorAccumulatedQ1Duration_ConsolidatedMember_ResultMember	/disc/71150/081220250514548344_tse-qcedjpsm-71150-20250514371150-ixbrl.htm
2025-05-14	四半期	前期第1四半期累計	連結	実績		売上高の増減率	ChangeInNetSales	0.107	Pure	10.7	PriorAccumulatedQ1Duration_ConsolidatedMember_ResultMember	/disc/71150/081220250514548344_tse-qcedjpsm-71150-20250514371150-ixbrl.htm
2025-05-14	四半期	前期第1四半期累計	連結	実績		営業利益	OperatingIncome	289000000	JPY	289	PriorAccumulatedQ1Duration_ConsolidatedMember_ResultMember	/disc/71150/081220250514548344_tse-qcedjpsm-71150-20250514371150-ixbrl.htm
2025-05-14	四半期	前期第1四半期累計	連結	実績		営業利益の増減率	ChangeInOperatingIncome	-0.149	Pure	14.9	PriorAccumulatedQ1Duration_ConsolidatedMember_ResultMember	/disc/71150/081220250514548344_tse-qcedjpsm-71150-20250514371150-ixbrl.htm
2025-05-14	四半期	前期第1四半期累計	連結	実績		経常利益	OrdinaryIncome	273000000	JPY	273	PriorAccumulatedQ1Duration_ConsolidatedMember_ResultMember	/disc/71150/081220250514548344_tse-qcedjpsm-71150-20250514371150-ixbrl.htm
2025-05-14	四半期	前期第1四半期累計	連結	実績		経常利益の増減率	ChangeInOrdinaryIncome	-0.179	Pure	17.9	PriorAccumulatedQ1Duration_ConsolidatedMember_ResultMember	/disc/71150/081220250514548344_tse-qcedjpsm-71150-20250514371150-ixbrl.htm
2025-05-14	四半期	前期第1四半期累計	連結	実績		親会社株主に帰属する当期純利益	ProfitAttributableToOwnersOfParent	192000000	JPY	192	PriorAccumulatedQ1Duration_ConsolidatedMember_ResultMember	/disc/71150/081220250514548344_tse-qcedjpsm-71150-20250514371150-ixbrl.htm
2025-05-14	四半期	前期第1四半期累計	連結	実績		親会社株主に帰属する当期純利益の増減率	ChangeInProfitAttributableToOwnersOfParent	-0.188	Pure	18.8	PriorAccumulatedQ1Duration_ConsolidatedMember_ResultMember	/disc/71150/081220250514548344_tse-qcedjpsm-71150-20250514371150-ixbrl.htm
2025-05-14	四半期	当期第1四半期累計	連結	実績		包括利益	ComprehensiveIncome	278000000	JPY	278	CurrentAccumulatedQ1Duration_ConsolidatedMember_ResultMember	/disc/71150/081220250514548344_tse-qcedjpsm-71150-20250514371150-ixbrl.htm
2025-05-14	四半期	当期第1四半期累計	連結	実績		包括利益の増減率	ChangeInComprehensiveIncome	0.451	Pure	45.1	CurrentAccumulatedQ1Duration_ConsolidatedMember_ResultMember	/disc/71150/081220250514548344_tse-qcedjpsm-71150-20250514371150-ixbrl.htm
2025-05-14	四半期	前期第1四半期累計	連結	実績		包括利益	ComprehensiveIncome	192000000	JPY	192	PriorAccumulatedQ1Duration_ConsolidatedMember_ResultMember	/disc/71150/081220250514548344_tse-qcedjpsm-71150-20250514371150-ixbrl.htm
2025-05-14	四半期	前期第1四半期累計	連結	実績		包括利益の増減率	ChangeInComprehensiveIncome	-0.188	Pure	18.8	PriorAccumulatedQ1Duration_ConsolidatedMember_ResultMember	/disc/71150/081220250514548344_tse-qcedjpsm-71150-20250514371150-ixbrl.htm
2025-05-14	四半期	当期第1四半期累計	連結	実績		1株当たり当期純利益	NetIncomePerShare	28.76	JPYPerShares	28.76	CurrentAccumulatedQ1Duration_ConsolidatedMember_ResultMember	/disc/71150/081220250514548344_tse-qcedjpsm-71150-20250514371150-ixbrl.htm
2025-05-14	四半期	当期第1四半期累計	連結	実績		潜在株式調整後1株当たり当期純利益	DilutedNetIncomePerShare	27.89	JPYPerShares	27.89	CurrentAccumulatedQ1Duration_ConsolidatedMember_ResultMember	/disc/71150/081220250514548344_tse-qcedjpsm-71150-20250514371150-ixbrl.htm
2025-05-14	四半期	前期第1四半期累計	連結	実績		1株当たり当期純利益	NetIncomePerShare	19.97	JPYPerShares	19.97	PriorAccumulatedQ1Duration_ConsolidatedMember_ResultMember	/disc/71150/081220250514548344_tse-qcedjpsm-71150-20250514371150-ixbrl.htm
2025-05-14	四半期	前期第1四半期累計	連結	実績		潜在株式調整後1株当たり当期純利益	DilutedNetIncomePerShare	19.53	JPYPerShares	19.53	PriorAccumulatedQ1Duration_ConsolidatedMember_ResultMember	/disc/71150/081220250514548344_tse-qcedjpsm-71150-20250514371150-ixbrl.htm
2025-05-14	四半期	当期第1四半期累計	連結	実績		総資産	TotalAssets	16011000000	JPY	16,011	CurrentAccumulatedQ1Instant_ConsolidatedMember_ResultMember	/disc/71150/081220250514548344_tse-qcedjpsm-71150-20250514371150-ixbrl.htm
2025-05-14	四半期	当期第1四半期累計	連結	実績		純資産	NetAssets	6099000000	JPY	6,099	CurrentAccumulatedQ1Instant_ConsolidatedMember_ResultMember	/disc/71150/081220250514548344_tse-qcedjpsm-71150-20250514371150-ixbrl.htm
2025-05-14	四半期	当期第1四半期累計	連結	実績		自己資本比率	CapitalAdequacyRatio	0.381	Pure	38.1	CurrentAccumulatedQ1Instant_ConsolidatedMember_ResultMember	/disc/71150/081220250514548344_tse-qcedjpsm-71150-20250514371150-ixbrl.htm
2025-05-14	四半期	前期	連結	実績		総資産	TotalAssets	18381000000	JPY	18,381	PriorYearInstant_ConsolidatedMember_ResultMember	/disc/71150/081220250514548344_tse-qcedjpsm-71150-20250514371150-ixbrl.htm
2025-05-14	四半期	前期	連結	実績		純資産	NetAssets	6071000000	JPY	6,071	PriorYearInstant_ConsolidatedMember_ResultMember	/disc/71150/081220250514548344_tse-qcedjpsm-71150-20250514371150-ixbrl.htm
2025-05-14	四半期	前期	連結	実績		自己資本比率	CapitalAdequacyRatio	0.330	Pure	33.0	PriorYearInstant_ConsolidatedMember_ResultMember	/disc/71150/081220250514548344_tse-qcedjpsm-71150-20250514371150-ixbrl.htm
2025-05-14	四半期	当期第1四半期累計	連結	実績		自己資本	OwnersEquity	6099000000	JPY	6,099	CurrentAccumulatedQ1Instant_ConsolidatedMember_ResultMember	/disc/71150/081220250514548344_tse-qcedjpsm-71150-20250514371150-ixbrl.htm
2025-05-14	四半期	前期	連結	実績		自己資本	OwnersEquity	6071000000	JPY	6,071	PriorYearInstant_ConsolidatedMember_ResultMember	/disc/71150/081220250514548344_tse-qcedjpsm-71150-20250514371150-ixbrl.htm
2025-05-14	四半期	前期	単体	実績	第2四半期末	1株当たり配当金	DividendPerShare	0.00	JPYPerShares	0.00	PriorYearDuration_SecondQuarterMember_NonConsolidatedMember_ResultMember	/disc/71150/081220250514548344_tse-qcedjpsm-71150-20250514371150-ixbrl.htm
2025-05-14	四半期	前期	単体	実績	期末	1株当たり配当金	DividendPerShare	27.00	JPYPerShares	27.00	PriorYearDuration_YearEndMember_NonConsolidatedMember_ResultMember	/disc/71150/081220250514548344_tse-qcedjpsm-71150-20250514371150-ixbrl.htm
2025-05-14	四半期	前期	単体	実績	合計	1株当たり配当金	DividendPerShare	27.00	JPYPerShares	27.00	PriorYearDuration_AnnualMember_NonConsolidatedMember_ResultMember	/disc/71150/081220250514548344_tse-qcedjpsm-71150-20250514371150-ixbrl.htm
2025-05-14	四半期	当期	単体	予想	第2四半期末	1株当たり配当金	DividendPerShare	0.00	JPYPerShares	0.00	CurrentYearDuration_SecondQuarterMember_NonConsolidatedMember_ForecastMember	/disc/71150/081220250514548344_tse-qcedjpsm-71150-20250514371150-ixbrl.htm
2025-05-14	四半期	当期	単体	予想	期末	1株当たり配当金	DividendPerShare	35.00	JPYPerShares	35.00	CurrentYearDuration_YearEndMember_NonConsolidatedMember_ForecastMember	/disc/71150/081220250514548344_tse-qcedjpsm-71150-20250514371150-ixbrl.htm
2025-05-14	四半期	当期	単体	予想	合計	1株当たり配当金	DividendPerShare	35.00	JPYPerShares	35.00	CurrentYearDuration_AnnualMember_NonConsolidatedMember_ForecastMember	/disc/71150/081220250514548344_tse-qcedjpsm-71150-20250514371150-ixbrl.htm
2025-05-14	四半期	当期	単体	実績	合計	当四半期における配当予想の修正	CorrectionOfDividendForecastInThisQuarter			無	CurrentYearDuration_AnnualMember_NonConsolidatedMember_ResultMember	/disc/71150/081220250514548344_tse-qcedjpsm-71150-20250514371150-ixbrl.htm
2025-05-14	四半期	当期	連結	予想		業績予想の見出し	TitleForForecasts			３．2025年12月期の連結業績予想（2025年１月１日～2025年12月31日）	CurrentYearDuration_ConsolidatedMember_ForecastMember	/disc/71150/081220250514548344_tse-qcedjpsm-71150-20250514371150-ixbrl.htm
2025-05-14	四半期	当期	連結	予想		売上高	NetSales	61975000000	JPY	61,975	CurrentYearDuration_ConsolidatedMember_ForecastMember	/disc/71150/081220250514548344_tse-qcedjpsm-71150-20250514371150-ixbrl.htm
2025-05-14	四半期	当期	連結	予想		売上高の増減率	ChangeInNetSales	0.108	Pure	10.8	CurrentYearDuration_ConsolidatedMember_ForecastMember	/disc/71150/081220250514548344_tse-qcedjpsm-71150-20250514371150-ixbrl.htm
2025-05-14	四半期	当期	連結	予想		営業利益	OperatingIncome	1410000000	JPY	1,410	CurrentYearDuration_ConsolidatedMember_ForecastMember	/disc/71150/081220250514548344_tse-qcedjpsm-71150-20250514371150-ixbrl.htm
2025-05-14	四半期	当期	連結	予想		営業利益の増減率	ChangeInOperatingIncome	0.135	Pure	13.5	CurrentYearDuration_ConsolidatedMember_ForecastMember	/disc/71150/081220250514548344_tse-qcedjpsm-71150-20250514371150-ixbrl.htm
2025-05-14	四半期	当期	連結	予想		経常利益	OrdinaryIncome	1400000000	JPY	1,400	CurrentYearDuration_ConsolidatedMember_ForecastMember	/disc/71150/081220250514548344_tse-qcedjpsm-71150-20250514371150-ixbrl.htm
2025-05-14	四半期	当期	連結	予想		経常利益の増減率	ChangeInOrdinaryIncome	0.140	Pure	14.0	CurrentYearDuration_ConsolidatedMember_ForecastMember	/disc/71150/081220250514548344_tse-qcedjpsm-71150-20250514371150-ixbrl.htm
2025-05-14	四半期	当期	連結	予想		親会社株主に帰属する当期純利益	ProfitAttributableToOwnersOfParent	979000000	JPY	979	CurrentYearDuration_ConsolidatedMember_ForecastMember	/disc/71150/081220250514548344_tse-qcedjpsm-71150-20250514371150-ixbrl.htm
2025-05-14	四半期	当期	連結	予想		親会社株主に帰属する当期純利益の増減率	ChangeInProfitAttributableToOwnersOfParent	0.131	Pure	13.1	CurrentYearDuration_ConsolidatedMember_ForecastMember	/disc/71150/081220250514548344_tse-qcedjpsm-71150-20250514371150-ixbrl.htm
2025-05-14	四半期	当期	連結	予想		1株当たり当期純利益	NetIncomePerShare	100.76	JPYPerShares	100.76	CurrentYearDuration_ConsolidatedMember_ForecastMember	/disc/71150/081220250514548344_tse-qcedjpsm-71150-20250514371150-ixbrl.htm
2025-05-14	四半期	当期	連結	予想		当四半期における業績予想の修正	CorrectionOfConsolidatedFinancialForecastInThisQuarter			無	CurrentYearDuration_ConsolidatedMember_ForecastMember	/disc/71150/081220250514548344_tse-qcedjpsm-71150-20250514371150-ixbrl.htm
2025-05-14	四半期	当期第1四半期累計	連結	実績		期中の連結範囲の重要な変更	SignificantChangesInTheScopeOfConsolidationDuringThePeriod			無	CurrentAccumulatedQ1Duration_ConsolidatedMember_ResultMember	/disc/71150/081220250514548344_tse-qcedjpsm-71150-20250514371150-ixbrl.htm
2025-05-14	四半期	当期第1四半期累計	連結	実績			ApplyingOfSpecificAccountingOfTheConsolidatedQuarterlyFinancialStatements			無	CurrentAccumulatedQ1Duration_ConsolidatedMember_ResultMember	/disc/71150/081220250514548344_tse-qcedjpsm-71150-20250514371150-ixbrl.htm
2025-05-14	四半期	当期第1四半期累計	連結	実績		会計基準等の改正に伴う変更	ChangesBasedOnRevisionsOfAccountingStandard			有	CurrentAccumulatedQ1Duration_ConsolidatedMember_ResultMember	/disc/71150/081220250514548344_tse-qcedjpsm-71150-20250514371150-ixbrl.htm
2025-05-14	四半期	当期第1四半期累計	連結	実績		それ以外の会計方針の変更	ChangesOtherThanOnesBasedOnRevisionsOfAccountingStandard			無	CurrentAccumulatedQ1Duration_ConsolidatedMember_ResultMember	/disc/71150/081220250514548344_tse-qcedjpsm-71150-20250514371150-ixbrl.htm
2025-05-14	四半期	当期第1四半期累計	連結	実績		会計上の見積りの変更	ChangesInAccountingEstimates			無	CurrentAccumulatedQ1Duration_ConsolidatedMember_ResultMember	/disc/71150/081220250514548344_tse-qcedjpsm-71150-20250514371150-ixbrl.htm
2025-05-14	四半期	当期第1四半期累計	連結	実績		修正再表示	RetrospectiveRestatement			無	CurrentAccumulatedQ1Duration_ConsolidatedMember_ResultMember	/disc/71150/081220250514548344_tse-qcedjpsm-71150-20250514371150-ixbrl.htm
2025-05-14	四半期	当期第1四半期累計	単体	実績		期末発行済株式数(自己株式を含む)	NumberOfIssuedAndOutstandingSharesAtTheEndOfFiscalYearIncludingTreasuryStock	9705000	Shares	9,705,000	CurrentAccumulatedQ1Instant_NonConsolidatedMember_ResultMember	/disc/71150/081220250514548344_tse-qcedjpsm-71150-20250514371150-ixbrl.htm
2025-05-14	四半期	前期	単体	実績		期末発行済株式数(自己株式を含む)	NumberOfIssuedAndOutstandingSharesAtTheEndOfFiscalYearIncludingTreasuryStock	9692500	Shares	9,692,500	PriorYearInstant_NonConsolidatedMember_ResultMember	/disc/71150/081220250514548344_tse-qcedjpsm-71150-20250514371150-ixbrl.htm
2025-05-14	四半期	当期第1四半期累計	単体	実績		期末自己株式数	NumberOfTreasuryStockAtTheEndOfFiscalYear	90	Shares	90	CurrentAccumulatedQ1Instant_NonConsolidatedMember_ResultMember	/disc/71150/081220250514548344_tse-qcedjpsm-71150-20250514371150-ixbrl.htm
2025-05-14	四半期	前期	単体	実績		期末自己株式数	NumberOfTreasuryStockAtTheEndOfFiscalYear	49	Shares	49	PriorYearInstant_NonConsolidatedMember_ResultMember	/disc/71150/081220250514548344_tse-qcedjpsm-71150-20250514371150-ixbrl.htm
2025-05-14	四半期	当期第1四半期累計	単体	実績		期中平均株式数	AverageNumberOfShares	9699758	Shares	9,699,758	CurrentAccumulatedQ1Duration_NonConsolidatedMember_ResultMember	/disc/71150/081220250514548344_tse-qcedjpsm-71150-20250514371150-ixbrl.htm
2025-05-14	四半期	前期第1四半期累計	単体	実績		期中平均株式数	AverageNumberOfShares	9628237	Shares	9,628,237	PriorAccumulatedQ1Duration_NonConsolidatedMember_ResultMember	/disc/71150/081220250514548344_tse-qcedjpsm-71150-20250514371150-ixbrl.htm
2025-05-14	四半期	当期第1四半期累計					ReviewOfAttachedConsolidatedQuarterlyFinancialStatementsByACertifiedPublicAccountantOrAnAuditFirm			無	CurrentAccumulatedQ1Duration	/disc/71150/081220250514548344_tse-qcedjpsm-71150-20250514371150-ixbrl.htm
2025-05-14	四半期	当期				将来情報の利用に関する注意	NotesForUsingForecastedInformationAndOthers			本資料に記載されている業績見通し等の将来に関する記述は、当社が現在入手している情報および合理的であると判断する一定の前提に基づいており、その達成を当社として約束する趣旨のものではありません。また、実際の業績は様々な要因により大きく異なる可能性があります。 決算補足説明資料については、当社ウェブサイトに掲載する予定です。 https://www.alphapurchase.co.jp/ir/	CurrentYearDuration	/disc/71150/081220250514548344_tse-qcedjpsm-71150-20250514371150-ixbrl.htm
2025-05-14	四半期	当期				決算期末	FiscalYearEnd			2025-12-31	CurrentYearInstant	/disc/71150/081220250514548344_tse-qcedjpsm-71150-20250514371150-ixbrl.htm
2025-05-14	四半期	当期第1四半期累計				四半期	QuarterlyPeriod	1	Pure	1	CurrentAccumulatedQ1Instant	/disc/71150/081220250514548344_tse-qcedjpsm-71150-20250514371150-ixbrl.htm
2025-08-08	半期	当期第2四半期累計				書類名	DocumentName			第２四半期（中間期）決算短信〔日本基準〕（連結）	CurrentAccumulatedQ2Instant	/disc/71150/081220250807535687_tse-scedjpsy-71150-20250808371150-ixbrl.htm
2025-08-08	半期	当期第2四半期累計				提出日	FilingDate			2025年８月８日	CurrentAccumulatedQ2Instant	/disc/71150/081220250807535687_tse-scedjpsy-71150-20250808371150-ixbrl.htm
2025-08-08	半期	当期第2四半期累計				会社名	CompanyName			株式会社アルファパーチェス	CurrentAccumulatedQ2Instant	/disc/71150/081220250807535687_tse-scedjpsy-71150-20250808371150-ixbrl.htm
2025-08-08	半期	当期第2四半期累計					TokyoStockExchange			東	CurrentAccumulatedQ2Instant	/disc/71150/081220250807535687_tse-scedjpsy-71150-20250808371150-ixbrl.htm
2025-08-08	半期	当期第2四半期累計				証券コード	SecuritiesCode			7115	CurrentAccumulatedQ2Instant	/disc/71150/081220250807535687_tse-scedjpsy-71150-20250808371150-ixbrl.htm
2025-08-08	半期	当期第2四半期累計				URL	URL			https://www.alphapurchase.co.jp/	CurrentAccumulatedQ2Instant	/disc/71150/081220250807535687_tse-scedjpsy-71150-20250808371150-ixbrl.htm
2025-08-08	半期	当期第2四半期累計				代表者の役職	TitleRepresentative			代表取締役 社長	CurrentAccumulatedQ2Instant	/disc/71150/081220250807535687_tse-scedjpsy-71150-20250808371150-ixbrl.htm
2025-08-08	半期	当期第2四半期累計				代表者名	NameRepresentative			田辺 孝夫	CurrentAccumulatedQ2Instant	/disc/71150/081220250807535687_tse-scedjpsy-71150-20250808371150-ixbrl.htm
2025-08-08	半期	当期第2四半期累計					TitleInquiries			取締役	CurrentAccumulatedQ2Instant	/disc/71150/081220250807535687_tse-scedjpsy-71150-20250808371150-ixbrl.htm
2025-08-08	半期	当期第2四半期累計					NameInquiries			齋藤 正弘	CurrentAccumulatedQ2Instant	/disc/71150/081220250807535687_tse-scedjpsy-71150-20250808371150-ixbrl.htm
2025-08-08	半期	当期第2四半期累計					Tel			03-6628-8453	CurrentAccumulatedQ2Instant	/disc/71150/081220250807535687_tse-scedjpsy-71150-20250808371150-ixbrl.htm
2025-08-08	半期	当期第2四半期累計					SemiAnnualStatementFilingDateAsPlanned			2025年８月８日	CurrentAccumulatedQ2Instant	/disc/71150/081220250807535687_tse-scedjpsy-71150-20250808371150-ixbrl.htm
2025-08-08	半期	当期第2四半期累計					SupplementalMaterialOfResults			有	CurrentAccumulatedQ2Instant	/disc/71150/081220250807535687_tse-scedjpsy-71150-20250808371150-ixbrl.htm
2025-08-08	半期	当期第2四半期累計					ConveningBriefingOfResults			有	CurrentAccumulatedQ2Instant	/disc/71150/081220250807535687_tse-scedjpsy-71150-20250808371150-ixbrl.htm
2025-08-08	半期	当期第2四半期累計					TargetForBriefingOfResults			（個人投資家向け）	CurrentAccumulatedQ2Instant	/disc/71150/081220250807535687_tse-scedjpsy-71150-20250808371150-ixbrl.htm
2025-08-08	半期	当期第2四半期累計					NoteToFractionProcessingMethod			（百万円未満切捨て）	CurrentAccumulatedQ2Instant	/disc/71150/081220250807535687_tse-scedjpsy-71150-20250808371150-ixbrl.htm
2025-08-08	半期	当期第2四半期累計	連結	実績		売上高	NetSales	28631000000	JPY	28,631	CurrentAccumulatedQ2Duration_ConsolidatedMember_ResultMember	/disc/71150/081220250807535687_tse-scedjpsy-71150-20250808371150-ixbrl.htm
2025-08-08	半期	当期第2四半期累計	連結	実績		売上高の増減率	ChangeInNetSales	0.069	Pure	6.9	CurrentAccumulatedQ2Duration_ConsolidatedMember_ResultMember	/disc/71150/081220250807535687_tse-scedjpsy-71150-20250808371150-ixbrl.htm
2025-08-08	半期	当期第2四半期累計	連結	実績		営業利益	OperatingIncome	717000000	JPY	717	CurrentAccumulatedQ2Duration_ConsolidatedMember_ResultMember	/disc/71150/081220250807535687_tse-scedjpsy-71150-20250808371150-ixbrl.htm
2025-08-08	半期	当期第2四半期累計	連結	実績		営業利益の増減率	ChangeInOperatingIncome	0.274	Pure	27.4	CurrentAccumulatedQ2Duration_ConsolidatedMember_ResultMember	/disc/71150/081220250807535687_tse-scedjpsy-71150-20250808371150-ixbrl.htm
2025-08-08	半期	当期第2四半期累計	連結	実績		経常利益	OrdinaryIncome	714000000	JPY	714	CurrentAccumulatedQ2Duration_ConsolidatedMember_ResultMember	/disc/71150/081220250807535687_tse-scedjpsy-71150-20250808371150-ixbrl.htm
2025-08-08	半期	当期第2四半期累計	連結	実績		経常利益の増減率	ChangeInOrdinaryIncome	0.303	Pure	30.3	CurrentAccumulatedQ2Duration_ConsolidatedMember_ResultMember	/disc/71150/081220250807535687_tse-scedjpsy-71150-20250808371150-ixbrl.htm
2025-08-08	半期	当期第2四半期累計	連結	実績		親会社株主に帰属する当期純利益	ProfitAttributableToOwnersOfParent	506000000	JPY	506	CurrentAccumulatedQ2Duration_ConsolidatedMember_ResultMember	/disc/71150/081220250807535687_tse-scedjpsy-71150-20250808371150-ixbrl.htm
2025-08-08	半期	当期第2四半期累計	連結	実績		親会社株主に帰属する当期純利益の増減率	ChangeInProfitAttributableToOwnersOfParent	0.276	Pure	27.6	CurrentAccumulatedQ2Duration_ConsolidatedMember_ResultMember	/disc/71150/081220250807535687_tse-scedjpsy-71150-20250808371150-ixbrl.htm
2025-08-08	半期	前期第2四半期累計	連結	実績		売上高	NetSales	26787000000	JPY	26,787	PriorAccumulatedQ2Duration_ConsolidatedMember_ResultMember	/disc/71150/081220250807535687_tse-scedjpsy-71150-20250808371150-ixbrl.htm
2025-08-08	半期	前期第2四半期累計	連結	実績		売上高の増減率	ChangeInNetSales	0.074	Pure	7.4	PriorAccumulatedQ2Duration_ConsolidatedMember_ResultMember	/disc/71150/081220250807535687_tse-scedjpsy-71150-20250808371150-ixbrl.htm
2025-08-08	半期	前期第2四半期累計	連結	実績		営業利益	OperatingIncome	563000000	JPY	563	PriorAccumulatedQ2Duration_ConsolidatedMember_ResultMember	/disc/71150/081220250807535687_tse-scedjpsy-71150-20250808371150-ixbrl.htm
2025-08-08	半期	前期第2四半期累計	連結	実績		営業利益の増減率	ChangeInOperatingIncome	-0.067	Pure	6.7	PriorAccumulatedQ2Duration_ConsolidatedMember_ResultMember	/disc/71150/081220250807535687_tse-scedjpsy-71150-20250808371150-ixbrl.htm
2025-08-08	半期	前期第2四半期累計	連結	実績		経常利益	OrdinaryIncome	548000000	JPY	548	PriorAccumulatedQ2Duration_ConsolidatedMember_ResultMember	/disc/71150/081220250807535687_tse-scedjpsy-71150-20250808371150-ixbrl.htm
2025-08-08	半期	前期第2四半期累計	連結	実績		経常利益の増減率	ChangeInOrdinaryIncome	-0.079	Pure	7.9	PriorAccumulatedQ2Duration_ConsolidatedMember_ResultMember	/disc/71150/081220250807535687_tse-scedjpsy-71150-20250808371150-ixbrl.htm
2025-08-08	半期	前期第2四半期累計	連結	実績		親会社株主に帰属する当期純利益	ProfitAttributableToOwnersOfParent	396000000	JPY	396	PriorAccumulatedQ2Duration_ConsolidatedMember_ResultMember	/disc/71150/081220250807535687_tse-scedjpsy-71150-20250808371150-ixbrl.htm
2025-08-08	半期	前期第2四半期累計	連結	実績		親会社株主に帰属する当期純利益の増減率	ChangeInProfitAttributableToOwnersOfParent	-0.048	Pure	4.8	PriorAccumulatedQ2Duration_ConsolidatedMember_ResultMember	/disc/71150/081220250807535687_tse-scedjpsy-71150-20250808371150-ixbrl.htm
2025-08-08	半期	当期第2四半期累計	連結	実績		包括利益	ComprehensiveIncome	506000000	JPY	506	CurrentAccumulatedQ2Duration_ConsolidatedMember_ResultMember	/disc/71150/081220250807535687_tse-scedjpsy-71150-20250808371150-ixbrl.htm
2025-08-08	半期	当期第2四半期累計	連結	実績		包括利益の増減率	ChangeInComprehensiveIncome	0.276	Pure	27.6	CurrentAccumulatedQ2Duration_ConsolidatedMember_ResultMember	/disc/71150/081220250807535687_tse-scedjpsy-71150-20250808371150-ixbrl.htm
2025-08-08	半期	前期第2四半期累計	連結	実績		包括利益	ComprehensiveIncome	396000000	JPY	396	PriorAccumulatedQ2Duration_ConsolidatedMember_ResultMember	/disc/71150/081220250807535687_tse-scedjpsy-71150-20250808371150-ixbrl.htm
2025-08-08	半期	前期第2四半期累計	連結	実績		包括利益の増減率	ChangeInComprehensiveIncome	-0.048	Pure	4.8	PriorAccumulatedQ2Duration_ConsolidatedMember_ResultMember	/disc/71150/081220250807535687_tse-scedjpsy-71150-20250808371150-ixbrl.htm
2025-08-08	半期	当期第2四半期累計	連結	実績		1株当たり当期純利益	NetIncomePerShare	52.22	JPYPerShares	52.22	CurrentAccumulatedQ2Duration_ConsolidatedMember_ResultMember	/disc/71150/081220250807535687_tse-scedjpsy-71150-20250808371150-ixbrl.htm
2025-08-08	半期	当期第2四半期累計	連結	実績		潜在株式調整後1株当たり当期純利益	DilutedNetIncomePerShare	50.23	JPYPerShares	50.23	CurrentAccumulatedQ2Duration_ConsolidatedMember_ResultMember	/disc/71150/081220250807535687_tse-scedjpsy-71150-20250808371150-ixbrl.htm
2025-08-08	半期	前期第2四半期累計	連結	実績		1株当たり当期純利益	NetIncomePerShare	41.21	JPYPerShares	41.21	PriorAccumulatedQ2Duration_ConsolidatedMember_ResultMember	/disc/71150/081220250807535687_tse-scedjpsy-71150-20250808371150-ixbrl.htm
2025-08-08	半期	前期第2四半期累計	連結	実績		潜在株式調整後1株当たり当期純利益	DilutedNetIncomePerShare	40.36	JPYPerShares	40.36	PriorAccumulatedQ2Duration_ConsolidatedMember_ResultMember	/disc/71150/081220250807535687_tse-scedjpsy-71150-20250808371150-ixbrl.htm
2025-08-08	半期	当期第2四半期累計	連結	実績		総資産	TotalAssets	15830000000	JPY	15,830	CurrentAccumulatedQ2Instant_ConsolidatedMember_ResultMember	/disc/71150/081220250807535687_tse-scedjpsy-71150-20250808371150-ixbrl.htm
2025-08-08	半期	当期第2四半期累計	連結	実績		純資産	NetAssets	6129000000	JPY	6,129	CurrentAccumulatedQ2Instant_ConsolidatedMember_ResultMember	/disc/71150/081220250807535687_tse-scedjpsy-71150-20250808371150-ixbrl.htm
2025-08-08	半期	当期第2四半期累計	連結	実績		自己資本比率	CapitalAdequacyRatio	0.387	Pure	38.7	CurrentAccumulatedQ2Instant_ConsolidatedMember_ResultMember	/disc/71150/081220250807535687_tse-scedjpsy-71150-20250808371150-ixbrl.htm
2025-08-08	半期	前期	連結	実績		総資産	TotalAssets	18381000000	JPY	18,381	PriorYearInstant_ConsolidatedMember_ResultMember	/disc/71150/081220250807535687_tse-scedjpsy-71150-20250808371150-ixbrl.htm
2025-08-08	半期	前期	連結	実績		純資産	NetAssets	6071000000	JPY	6,071	PriorYearInstant_ConsolidatedMember_ResultMember	/disc/71150/081220250807535687_tse-scedjpsy-71150-20250808371150-ixbrl.htm
2025-08-08	半期	前期	連結	実績		自己資本比率	CapitalAdequacyRatio	0.330	Pure	33.0	PriorYearInstant_ConsolidatedMember_ResultMember	/disc/71150/081220250807535687_tse-scedjpsy-71150-20250808371150-ixbrl.htm
2025-08-08	半期	当期第2四半期累計	連結	実績		自己資本	OwnersEquity	6129000000	JPY	6,129	CurrentAccumulatedQ2Instant_ConsolidatedMember_ResultMember	/disc/71150/081220250807535687_tse-scedjpsy-71150-20250808371150-ixbrl.htm
2025-08-08	半期	前期	連結	実績		自己資本	OwnersEquity	6071000000	JPY	6,071	PriorYearInstant_ConsolidatedMember_ResultMember	/disc/71150/081220250807535687_tse-scedjpsy-71150-20250808371150-ixbrl.htm
2025-08-08	半期	前期	単体	実績	第2四半期末	1株当たり配当金	DividendPerShare	0.00	JPYPerShares	0.00	PriorYearDuration_SecondQuarterMember_NonConsolidatedMember_ResultMember	/disc/71150/081220250807535687_tse-scedjpsy-71150-20250808371150-ixbrl.htm
2025-08-08	半期	前期	単体	実績	期末	1株当たり配当金	DividendPerShare	27.00	JPYPerShares	27.00	PriorYearDuration_YearEndMember_NonConsolidatedMember_ResultMember	/disc/71150/081220250807535687_tse-scedjpsy-71150-20250808371150-ixbrl.htm
2025-08-08	半期	前期	単体	実績	合計	1株当たり配当金	DividendPerShare	27.00	JPYPerShares	27.00	PriorYearDuration_AnnualMember_NonConsolidatedMember_ResultMember	/disc/71150/081220250807535687_tse-scedjpsy-71150-20250808371150-ixbrl.htm
2025-08-08	半期	当期	単体	実績	第2四半期末	1株当たり配当金	DividendPerShare	0.00	JPYPerShares	0.00	CurrentYearDuration_SecondQuarterMember_NonConsolidatedMember_ResultMember	/disc/71150/081220250807535687_tse-scedjpsy-71150-20250808371150-ixbrl.htm
2025-08-08	半期	当期	単体	予想	期末	1株当たり配当金	DividendPerShare	35.00	JPYPerShares	35.00	CurrentYearDuration_YearEndMember_NonConsolidatedMember_ForecastMember	/disc/71150/081220250807535687_tse-scedjpsy-71150-20250808371150-ixbrl.htm
2025-08-08	半期	当期	単体	予想	合計	1株当たり配当金	DividendPerShare	35.00	JPYPerShares	35.00	CurrentYearDuration_AnnualMember_NonConsolidatedMember_ForecastMember	/disc/71150/081220250807535687_tse-scedjpsy-71150-20250808371150-ixbrl.htm
2025-08-08	半期	当期	単体	実績	合計	当四半期における配当予想の修正	CorrectionOfDividendForecastInThisQuarter			無	CurrentYearDuration_AnnualMember_NonConsolidatedMember_ResultMember	/disc/71150/081220250807535687_tse-scedjpsy-71150-20250808371150-ixbrl.htm
2025-08-08	半期	当期	連結	予想		業績予想の見出し	TitleForForecasts			３．2025年12月期の連結業績予想（2025年１月１日～2025年12月31日）	CurrentYearDuration_ConsolidatedMember_ForecastMember	/disc/71150/081220250807535687_tse-scedjpsy-71150-20250808371150-ixbrl.htm
2025-08-08	半期	当期	連結	予想		売上高	NetSales	61975000000	JPY	61,975	CurrentYearDuration_ConsolidatedMember_ForecastMember	/disc/71150/081220250807535687_tse-scedjpsy-71150-20250808371150-ixbrl.htm
2025-08-08	半期	当期	連結	予想		売上高の増減率	ChangeInNetSales	0.108	Pure	10.8	CurrentYearDuration_ConsolidatedMember_ForecastMember	/disc/71150/081220250807535687_tse-scedjpsy-71150-20250808371150-ixbrl.htm
2025-08-08	半期	当期	連結	予想		営業利益	OperatingIncome	1510000000	JPY	1,510	CurrentYearDuration_ConsolidatedMember_ForecastMember	/disc/71150/081220250807535687_tse-scedjpsy-71150-20250808371150-ixbrl.htm
2025-08-08	半期	当期	連結	予想		営業利益の増減率	ChangeInOperatingIncome	0.215	Pure	21.5	CurrentYearDuration_ConsolidatedMember_ForecastMember	/disc/71150/081220250807535687_tse-scedjpsy-71150-20250808371150-ixbrl.htm
2025-08-08	半期	当期	連結	予想		経常利益	OrdinaryIncome	1500000000	JPY	1,500	CurrentYearDuration_ConsolidatedMember_ForecastMember	/disc/71150/081220250807535687_tse-scedjpsy-71150-20250808371150-ixbrl.htm
2025-08-08	半期	当期	連結	予想		経常利益の増減率	ChangeInOrdinaryIncome	0.222	Pure	22.2	CurrentYearDuration_ConsolidatedMember_ForecastMember	/disc/71150/081220250807535687_tse-scedjpsy-71150-20250808371150-ixbrl.htm
2025-08-08	半期	当期	連結	予想		親会社株主に帰属する当期純利益	ProfitAttributableToOwnersOfParent	1050000000	JPY	1,050	CurrentYearDuration_ConsolidatedMember_ForecastMember	/disc/71150/081220250807535687_tse-scedjpsy-71150-20250808371150-ixbrl.htm
2025-08-08	半期	当期	連結	予想		親会社株主に帰属する当期純利益の増減率	ChangeInProfitAttributableToOwnersOfParent	0.213	Pure	21.3	CurrentYearDuration_ConsolidatedMember_ForecastMember	/disc/71150/081220250807535687_tse-scedjpsy-71150-20250808371150-ixbrl.htm
2025-08-08	半期	当期	連結	予想		1株当たり当期純利益	NetIncomePerShare	107.80	JPYPerShares	107.80	CurrentYearDuration_ConsolidatedMember_ForecastMember	/disc/71150/081220250807535687_tse-scedjpsy-71150-20250808371150-ixbrl.htm
2025-08-08	半期	当期	連結	予想		当四半期における業績予想の修正	CorrectionOfConsolidatedFinancialForecastInThisQuarter			有	CurrentYearDuration_ConsolidatedMember_ForecastMember	/disc/71150/081220250807535687_tse-scedjpsy-71150-20250808371150-ixbrl.htm
2025-08-08	半期	当期第2四半期累計	連結	実績		期中の連結範囲の重要な変更	SignificantChangesInTheScopeOfConsolidationDuringThePeriod			無	CurrentAccumulatedQ2Duration_ConsolidatedMember_ResultMember	/disc/71150/081220250807535687_tse-scedjpsy-71150-20250808371150-ixbrl.htm
2025-08-08	半期	当期第2四半期累計	連結	実績			ApplyingOfSpecificAccountingOfTheConsolidatedSemiAnnualFinancialStatements			無	CurrentAccumulatedQ2Duration_ConsolidatedMember_ResultMember	/disc/71150/081220250807535687_tse-scedjpsy-71150-20250808371150-ixbrl.htm
2025-08-08	半期	当期第2四半期累計	連結	実績		会計基準等の改正に伴う変更	ChangesBasedOnRevisionsOfAccountingStandard			有	CurrentAccumulatedQ2Duration_ConsolidatedMember_ResultMember	/disc/71150/081220250807535687_tse-scedjpsy-71150-20250808371150-ixbrl.htm
2025-08-08	半期	当期第2四半期累計	連結	実績		それ以外の会計方針の変更	ChangesOtherThanOnesBasedOnRevisionsOfAccountingStandard			無	CurrentAccumulatedQ2Duration_ConsolidatedMember_ResultMember	/disc/71150/081220250807535687_tse-scedjpsy-71150-20250808371150-ixbrl.htm
2025-08-08	半期	当期第2四半期累計	連結	実績		会計上の見積りの変更	ChangesInAccountingEstimates			無	CurrentAccumulatedQ2Duration_ConsolidatedMember_ResultMember	/disc/71150/081220250807535687_tse-scedjpsy-71150-20250808371150-ixbrl.htm
2025-08-08	半期	当期第2四半期累計	連結	実績		修正再表示	RetrospectiveRestatement			無	CurrentAccumulatedQ2Duration_ConsolidatedMember_ResultMember	/disc/71150/081220250807535687_tse-scedjpsy-71150-20250808371150-ixbrl.htm
2025-08-08	半期	当期第2四半期累計	単体	実績		期末発行済株式数(自己株式を含む)	NumberOfIssuedAndOutstandingSharesAtTheEndOfFiscalYearIncludingTreasuryStock	9736500	Shares	9,736,500	CurrentAccumulatedQ2Instant_NonConsolidatedMember_ResultMember	/disc/71150/081220250807535687_tse-scedjpsy-71150-20250808371150-ixbrl.htm
2025-08-08	半期	前期	単体	実績		期末発行済株式数(自己株式を含む)	NumberOfIssuedAndOutstandingSharesAtTheEndOfFiscalYearIncludingTreasuryStock	9692500	Shares	9,692,500	PriorYearInstant_NonConsolidatedMember_ResultMember	/disc/71150/081220250807535687_tse-scedjpsy-71150-20250808371150-ixbrl.htm
2025-08-08	半期	当期第2四半期累計	単体	実績		期末自己株式数	NumberOfTreasuryStockAtTheEndOfFiscalYear	87490	Shares	87,490	CurrentAccumulatedQ2Instant_NonConsolidatedMember_ResultMember	/disc/71150/081220250807535687_tse-scedjpsy-71150-20250808371150-ixbrl.htm
2025-08-08	半期	前期	単体	実績		期末自己株式数	NumberOfTreasuryStockAtTheEndOfFiscalYear	49	Shares	49	PriorYearInstant_NonConsolidatedMember_ResultMember	/disc/71150/081220250807535687_tse-scedjpsy-71150-20250808371150-ixbrl.htm
2025-08-08	半期	当期第2四半期累計	単体	実績		期中平均株式数	AverageNumberOfShares	9699301	Shares	9,699,301	CurrentAccumulatedQ2Duration_NonConsolidatedMember_ResultMember	/disc/71150/081220250807535687_tse-scedjpsy-71150-20250808371150-ixbrl.htm
2025-08-08	半期	前期第2四半期累計	単体	実績		期中平均株式数	AverageNumberOfShares	9631924	Shares	9,631,924	PriorAccumulatedQ2Duration_NonConsolidatedMember_ResultMember	/disc/71150/081220250807535687_tse-scedjpsy-71150-20250808371150-ixbrl.htm
2025-08-08	半期	当期第2四半期累計	単体	実績			NoteToNumberOfIssuedAndOutstandingSharesCommonStock			（注）当社は役員株式給付信託（BBT）を導入しております。このため、期末自己株式数については、当該信託保有の当社株式（2025年12月期中間期末87,400株）を含めて記載しております。また、期中平均株式数については、当該信託保有の当社株式の期中平均株式数（2025年12月期中間期12,039株）を控除する自己株式数に含めております。	CurrentAccumulatedQ2Instant_NonConsolidatedMember_ResultMember	/disc/71150/081220250807535687_tse-scedjpsy-71150-20250808371150-ixbrl.htm
2025-08-08	半期	当期				将来情報の利用に関する注意	NotesForUsingForecastedInformationAndOthers			本資料に記載されている業績見通し等の将来に関する記述は、当社が現在入手している情報及び合理的であると判断する一定の前提に基づいており、その達成を当社として約束する趣旨のものではありません。また、実際の業績は様々な要因により大きく異なる可能性があります。決算補足説明資料については、当社ウェブサイトに掲載する予定です。https://www.alphapurchase.co.jp/ir/	CurrentYearDuration	/disc/71150/081220250807535687_tse-scedjpsy-71150-20250808371150-ixbrl.htm
2025-08-08	半期	当期				決算期末	FiscalYearEnd			2025-12-31	CurrentYearInstant	/disc/71150/081220250807535687_tse-scedjpsy-71150-20250808371150-ixbrl.htm
2025-08-08	半期	当期第2四半期累計				四半期	QuarterlyPeriod	2	Pure	2	CurrentAccumulatedQ2Instant	/disc/71150/081220250807535687_tse-scedjpsy-71150-20250808371150-ixbrl.htm
2025-11-13	四半期	当期第3四半期累計				書類名	DocumentName			第３四半期決算短信〔日本基準〕（連結）	CurrentAccumulatedQ3Instant	/disc/71150/081220251112597131_tse-qcedjpsm-71150-20251113371150-ixbrl.htm
2025-11-13	四半期	当期第3四半期累計				提出日	FilingDate			2025年11月13日	CurrentAccumulatedQ3Instant	/disc/71150/081220251112597131_tse-qcedjpsm-71150-20251113371150-ixbrl.htm
2025-11-13	四半期	当期第3四半期累計				会社名	CompanyName			株式会社アルファパーチェス	CurrentAccumulatedQ3Instant	/disc/71150/081220251112597131_tse-qcedjpsm-71150-20251113371150-ixbrl.htm
2025-11-13	四半期	当期第3四半期累計					TokyoStockExchange			東	CurrentAccumulatedQ3Instant	/disc/71150/081220251112597131_tse-qcedjpsm-71150-20251113371150-ixbrl.htm
2025-11-13	四半期	当期第3四半期累計				証券コード	SecuritiesCode			7115	CurrentAccumulatedQ3Instant	/disc/71150/081220251112597131_tse-qcedjpsm-71150-20251113371150-ixbrl.htm
2025-11-13	四半期	当期第3四半期累計				URL	URL			https://www.alphapurchase.co.jp/	CurrentAccumulatedQ3Instant	/disc/71150/081220251112597131_tse-qcedjpsm-71150-20251113371150-ixbrl.htm
2025-11-13	四半期	当期第3四半期累計				代表者の役職	TitleRepresentative			代表取締役 社長	CurrentAccumulatedQ3Instant	/disc/71150/081220251112597131_tse-qcedjpsm-71150-20251113371150-ixbrl.htm
2025-11-13	四半期	当期第3四半期累計				代表者名	NameRepresentative			田辺 孝夫	CurrentAccumulatedQ3Instant	/disc/71150/081220251112597131_tse-qcedjpsm-71150-20251113371150-ixbrl.htm
2025-11-13	四半期	当期第3四半期累計					TitleInquiries			取締役	CurrentAccumulatedQ3Instant	/disc/71150/081220251112597131_tse-qcedjpsm-71150-20251113371150-ixbrl.htm
2025-11-13	四半期	当期第3四半期累計					NameInquiries			齋藤 正弘	CurrentAccumulatedQ3Instant	/disc/71150/081220251112597131_tse-qcedjpsm-71150-20251113371150-ixbrl.htm
2025-11-13	四半期	当期第3四半期累計					Tel			03-6628-8453	CurrentAccumulatedQ3Instant	/disc/71150/081220251112597131_tse-qcedjpsm-71150-20251113371150-ixbrl.htm
2025-11-13	四半期	当期第3四半期累計					SupplementalMaterialOfResults			有	CurrentAccumulatedQ3Instant	/disc/71150/081220251112597131_tse-qcedjpsm-71150-20251113371150-ixbrl.htm
2025-11-13	四半期	当期第3四半期累計					ConveningBriefingOfResults			有	CurrentAccumulatedQ3Instant	/disc/71150/081220251112597131_tse-qcedjpsm-71150-20251113371150-ixbrl.htm
2025-11-13	四半期	当期第3四半期累計					TargetForBriefingOfResults			（個人投資家向け）	CurrentAccumulatedQ3Instant	/disc/71150/081220251112597131_tse-qcedjpsm-71150-20251113371150-ixbrl.htm
2025-11-13	四半期	当期第3四半期累計					NoteToFractionProcessingMethod			（百万円未満切捨て）	CurrentAccumulatedQ3Instant	/disc/71150/081220251112597131_tse-qcedjpsm-71150-20251113371150-ixbrl.htm
2025-11-13	四半期	当期第3四半期累計	連結	実績		売上高	NetSales	42822000000	JPY	42,822	CurrentAccumulatedQ3Duration_ConsolidatedMember_ResultMember	/disc/71150/081220251112597131_tse-qcedjpsm-71150-20251113371150-ixbrl.htm
2025-11-13	四半期	当期第3四半期累計	連結	実績		売上高の増減率	ChangeInNetSales	0.061	Pure	6.1	CurrentAccumulatedQ3Duration_ConsolidatedMember_ResultMember	/disc/71150/081220251112597131_tse-qcedjpsm-71150-20251113371150-ixbrl.htm
2025-11-13	四半期	当期第3四半期累計	連結	実績		営業利益	OperatingIncome	1033000000	JPY	1,033	CurrentAccumulatedQ3Duration_ConsolidatedMember_ResultMember	/disc/71150/081220251112597131_tse-qcedjpsm-71150-20251113371150-ixbrl.htm
2025-11-13	四半期	当期第3四半期累計	連結	実績		営業利益の増減率	ChangeInOperatingIncome	0.226	Pure	22.6	CurrentAccumulatedQ3Duration_ConsolidatedMember_ResultMember	/disc/71150/081220251112597131_tse-qcedjpsm-71150-20251113371150-ixbrl.htm
2025-11-13	四半期	当期第3四半期累計	連結	実績		経常利益	OrdinaryIncome	1037000000	JPY	1,037	CurrentAccumulatedQ3Duration_ConsolidatedMember_ResultMember	/disc/71150/081220251112597131_tse-qcedjpsm-71150-20251113371150-ixbrl.htm
2025-11-13	四半期	当期第3四半期累計	連結	実績		経常利益の増減率	ChangeInOrdinaryIncome	0.253	Pure	25.3	CurrentAccumulatedQ3Duration_ConsolidatedMember_ResultMember	/disc/71150/081220251112597131_tse-qcedjpsm-71150-20251113371150-ixbrl.htm
2025-11-13	四半期	当期第3四半期累計	連結	実績		親会社株主に帰属する当期純利益	ProfitAttributableToOwnersOfParent	717000000	JPY	717	CurrentAccumulatedQ3Duration_ConsolidatedMember_ResultMember	/disc/71150/081220251112597131_tse-qcedjpsm-71150-20251113371150-ixbrl.htm
2025-11-13	四半期	当期第3四半期累計	連結	実績		親会社株主に帰属する当期純利益の増減率	ChangeInProfitAttributableToOwnersOfParent	0.207	Pure	20.7	CurrentAccumulatedQ3Duration_ConsolidatedMember_ResultMember	/disc/71150/081220251112597131_tse-qcedjpsm-71150-20251113371150-ixbrl.htm
2025-11-13	四半期	前期第3四半期累計	連結	実績		売上高	NetSales	40363000000	JPY	40,363	PriorAccumulatedQ3Duration_ConsolidatedMember_ResultMember	/disc/71150/081220251112597131_tse-qcedjpsm-71150-20251113371150-ixbrl.htm
2025-11-13	四半期	前期第3四半期累計	連結	実績		売上高の増減率	ChangeInNetSales	0.081	Pure	8.1	PriorAccumulatedQ3Duration_ConsolidatedMember_ResultMember	/disc/71150/081220251112597131_tse-qcedjpsm-71150-20251113371150-ixbrl.htm
2025-11-13	四半期	前期第3四半期累計	連結	実績		営業利益	OperatingIncome	842000000	JPY	842	PriorAccumulatedQ3Duration_ConsolidatedMember_ResultMember	/disc/71150/081220251112597131_tse-qcedjpsm-71150-20251113371150-ixbrl.htm
2025-11-13	四半期	前期第3四半期累計	連結	実績		営業利益の増減率	ChangeInOperatingIncome	0.049	Pure	4.9	PriorAccumulatedQ3Duration_ConsolidatedMember_ResultMember	/disc/71150/081220251112597131_tse-qcedjpsm-71150-20251113371150-ixbrl.htm
2025-11-13	四半期	前期第3四半期累計	連結	実績		経常利益	OrdinaryIncome	827000000	JPY	827	PriorAccumulatedQ3Duration_ConsolidatedMember_ResultMember	/disc/71150/081220251112597131_tse-qcedjpsm-71150-20251113371150-ixbrl.htm
2025-11-13	四半期	前期第3四半期累計	連結	実績		経常利益の増減率	ChangeInOrdinaryIncome	0.043	Pure	4.3	PriorAccumulatedQ3Duration_ConsolidatedMember_ResultMember	/disc/71150/081220251112597131_tse-qcedjpsm-71150-20251113371150-ixbrl.htm
2025-11-13	四半期	前期第3四半期累計	連結	実績		親会社株主に帰属する当期純利益	ProfitAttributableToOwnersOfParent	594000000	JPY	594	PriorAccumulatedQ3Duration_ConsolidatedMember_ResultMember	/disc/71150/081220251112597131_tse-qcedjpsm-71150-20251113371150-ixbrl.htm
2025-11-13	四半期	前期第3四半期累計	連結	実績		親会社株主に帰属する当期純利益の増減率	ChangeInProfitAttributableToOwnersOfParent	0.058	Pure	5.8	PriorAccumulatedQ3Duration_ConsolidatedMember_ResultMember	/disc/71150/081220251112597131_tse-qcedjpsm-71150-20251113371150-ixbrl.htm
2025-11-13	四半期	当期第3四半期累計	連結	実績		包括利益	ComprehensiveIncome	717000000	JPY	717	CurrentAccumulatedQ3Duration_ConsolidatedMember_ResultMember	/disc/71150/081220251112597131_tse-qcedjpsm-71150-20251113371150-ixbrl.htm
2025-11-13	四半期	当期第3四半期累計	連結	実績		包括利益の増減率	ChangeInComprehensiveIncome	0.207	Pure	20.7	CurrentAccumulatedQ3Duration_ConsolidatedMember_ResultMember	/disc/71150/081220251112597131_tse-qcedjpsm-71150-20251113371150-ixbrl.htm
2025-11-13	四半期	前期第3四半期累計	連結	実績		包括利益	ComprehensiveIncome	594000000	JPY	594	PriorAccumulatedQ3Duration_ConsolidatedMember_ResultMember	/disc/71150/081220251112597131_tse-qcedjpsm-71150-20251113371150-ixbrl.htm
2025-11-13	四半期	前期第3四半期累計	連結	実績		包括利益の増減率	ChangeInComprehensiveIncome	0.058	Pure	5.8	PriorAccumulatedQ3Duration_ConsolidatedMember_ResultMember	/disc/71150/081220251112597131_tse-qcedjpsm-71150-20251113371150-ixbrl.htm
2025-11-13	四半期	当期第3四半期累計	連結	実績		1株当たり当期純利益	NetIncomePerShare	73.97	JPYPerShares	73.97	CurrentAccumulatedQ3Duration_ConsolidatedMember_ResultMember	/disc/71150/081220251112597131_tse-qcedjpsm-71150-20251113371150-ixbrl.htm
2025-11-13	四半期	当期第3四半期累計	連結	実績		潜在株式調整後1株当たり当期純利益	DilutedNetIncomePerShare	70.91	JPYPerShares	70.91	CurrentAccumulatedQ3Duration_ConsolidatedMember_ResultMember	/disc/71150/081220251112597131_tse-qcedjpsm-71150-20251113371150-ixbrl.htm
2025-11-13	四半期	前期第3四半期累計	連結	実績		1株当たり当期純利益	NetIncomePerShare	61.66	JPYPerShares	61.66	PriorAccumulatedQ3Duration_ConsolidatedMember_ResultMember	/disc/71150/081220251112597131_tse-qcedjpsm-71150-20251113371150-ixbrl.htm
2025-11-13	四半期	前期第3四半期累計	連結	実績		潜在株式調整後1株当たり当期純利益	DilutedNetIncomePerShare	60.49	JPYPerShares	60.49	PriorAccumulatedQ3Duration_ConsolidatedMember_ResultMember	/disc/71150/081220251112597131_tse-qcedjpsm-71150-20251113371150-ixbrl.htm
2025-11-13	四半期	当期第3四半期累計	連結	実績		総資産	TotalAssets	15784000000	JPY	15,784	CurrentAccumulatedQ3Instant_ConsolidatedMember_ResultMember	/disc/71150/081220251112597131_tse-qcedjpsm-71150-20251113371150-ixbrl.htm
2025-11-13	四半期	当期第3四半期累計	連結	実績		純資産	NetAssets	6391000000	JPY	6,391	CurrentAccumulatedQ3Instant_ConsolidatedMember_ResultMember	/disc/71150/081220251112597131_tse-qcedjpsm-71150-20251113371150-ixbrl.htm
2025-11-13	四半期	当期第3四半期累計	連結	実績		自己資本比率	CapitalAdequacyRatio	0.405	Pure	40.5	CurrentAccumulatedQ3Instant_ConsolidatedMember_ResultMember	/disc/71150/081220251112597131_tse-qcedjpsm-71150-20251113371150-ixbrl.htm
2025-11-13	四半期	前期	連結	実績		総資産	TotalAssets	18381000000	JPY	18,381	PriorYearInstant_ConsolidatedMember_ResultMember	/disc/71150/081220251112597131_tse-qcedjpsm-71150-20251113371150-ixbrl.htm
2025-11-13	四半期	前期	連結	実績		純資産	NetAssets	6071000000	JPY	6,071	PriorYearInstant_ConsolidatedMember_ResultMember	/disc/71150/081220251112597131_tse-qcedjpsm-71150-20251113371150-ixbrl.htm
2025-11-13	四半期	前期	連結	実績		自己資本比率	CapitalAdequacyRatio	0.330	Pure	33.0	PriorYearInstant_ConsolidatedMember_ResultMember	/disc/71150/081220251112597131_tse-qcedjpsm-71150-20251113371150-ixbrl.htm
2025-11-13	四半期	当期第3四半期累計	連結	実績		自己資本	OwnersEquity	6391000000	JPY	6,391	CurrentAccumulatedQ3Instant_ConsolidatedMember_ResultMember	/disc/71150/081220251112597131_tse-qcedjpsm-71150-20251113371150-ixbrl.htm
2025-11-13	四半期	前期	連結	実績		自己資本	OwnersEquity	6071000000	JPY	6,071	PriorYearInstant_ConsolidatedMember_ResultMember	/disc/71150/081220251112597131_tse-qcedjpsm-71150-20251113371150-ixbrl.htm
2025-11-13	四半期	前期	単体	実績	第2四半期末	1株当たり配当金	DividendPerShare	0.00	JPYPerShares	0.00	PriorYearDuration_SecondQuarterMember_NonConsolidatedMember_ResultMember	/disc/71150/081220251112597131_tse-qcedjpsm-71150-20251113371150-ixbrl.htm
2025-11-13	四半期	前期	単体	実績	期末	1株当たり配当金	DividendPerShare	27.00	JPYPerShares	27.00	PriorYearDuration_YearEndMember_NonConsolidatedMember_ResultMember	/disc/71150/081220251112597131_tse-qcedjpsm-71150-20251113371150-ixbrl.htm
2025-11-13	四半期	前期	単体	実績	合計	1株当たり配当金	DividendPerShare	27.00	JPYPerShares	27.00	PriorYearDuration_AnnualMember_NonConsolidatedMember_ResultMember	/disc/71150/081220251112597131_tse-qcedjpsm-71150-20251113371150-ixbrl.htm
2025-11-13	四半期	当期	単体	実績	第2四半期末	1株当たり配当金	DividendPerShare	0.00	JPYPerShares	0.00	CurrentYearDuration_SecondQuarterMember_NonConsolidatedMember_ResultMember	/disc/71150/081220251112597131_tse-qcedjpsm-71150-20251113371150-ixbrl.htm
2025-11-13	四半期	当期	単体	予想	期末	1株当たり配当金	DividendPerShare	37.00	JPYPerShares	37.00	CurrentYearDuration_YearEndMember_NonConsolidatedMember_ForecastMember	/disc/71150/081220251112597131_tse-qcedjpsm-71150-20251113371150-ixbrl.htm
2025-11-13	四半期	当期	単体	予想	合計	1株当たり配当金	DividendPerShare	37.00	JPYPerShares	37.00	CurrentYearDuration_AnnualMember_NonConsolidatedMember_ForecastMember	/disc/71150/081220251112597131_tse-qcedjpsm-71150-20251113371150-ixbrl.htm
2025-11-13	四半期	当期	単体	実績	合計	当四半期における配当予想の修正	CorrectionOfDividendForecastInThisQuarter			有	CurrentYearDuration_AnnualMember_NonConsolidatedMember_ResultMember	/disc/71150/081220251112597131_tse-qcedjpsm-71150-20251113371150-ixbrl.htm
2025-11-13	四半期	当期	連結	予想		業績予想の見出し	TitleForForecasts			３．2025年12月期の連結業績予想（2025年１月１日～2025年12月31日）	CurrentYearDuration_ConsolidatedMember_ForecastMember	/disc/71150/081220251112597131_tse-qcedjpsm-71150-20251113371150-ixbrl.htm
2025-11-13	四半期	当期	連結	予想		売上高	NetSales	59500000000	JPY	59,500	CurrentYearDuration_ConsolidatedMember_ForecastMember	/disc/71150/081220251112597131_tse-qcedjpsm-71150-20251113371150-ixbrl.htm
2025-11-13	四半期	当期	連結	予想		売上高の増減率	ChangeInNetSales	0.063	Pure	6.3	CurrentYearDuration_ConsolidatedMember_ForecastMember	/disc/71150/081220251112597131_tse-qcedjpsm-71150-20251113371150-ixbrl.htm
2025-11-13	四半期	当期	連結	予想		営業利益	OperatingIncome	1500000000	JPY	1,500	CurrentYearDuration_ConsolidatedMember_ForecastMember	/disc/71150/081220251112597131_tse-qcedjpsm-71150-20251113371150-ixbrl.htm
2025-11-13	四半期	当期	連結	予想		営業利益の増減率	ChangeInOperatingIncome	0.207	Pure	20.7	CurrentYearDuration_ConsolidatedMember_ForecastMember	/disc/71150/081220251112597131_tse-qcedjpsm-71150-20251113371150-ixbrl.htm
2025-11-13	四半期	当期	連結	予想		経常利益	OrdinaryIncome	1500000000	JPY	1,500	CurrentYearDuration_ConsolidatedMember_ForecastMember	/disc/71150/081220251112597131_tse-qcedjpsm-71150-20251113371150-ixbrl.htm
2025-11-13	四半期	当期	連結	予想		経常利益の増減率	ChangeInOrdinaryIncome	0.222	Pure	22.2	CurrentYearDuration_ConsolidatedMember_ForecastMember	/disc/71150/081220251112597131_tse-qcedjpsm-71150-20251113371150-ixbrl.htm
2025-11-13	四半期	当期	連結	予想		親会社株主に帰属する当期純利益	ProfitAttributableToOwnersOfParent	1050000000	JPY	1,050	CurrentYearDuration_ConsolidatedMember_ForecastMember	/disc/71150/081220251112597131_tse-qcedjpsm-71150-20251113371150-ixbrl.htm
2025-11-13	四半期	当期	連結	予想		親会社株主に帰属する当期純利益の増減率	ChangeInProfitAttributableToOwnersOfParent	0.213	Pure	21.3	CurrentYearDuration_ConsolidatedMember_ForecastMember	/disc/71150/081220251112597131_tse-qcedjpsm-71150-20251113371150-ixbrl.htm
2025-11-13	四半期	当期	連結	予想		1株当たり当期純利益	NetIncomePerShare	107.80	JPYPerShares	107.80	CurrentYearDuration_ConsolidatedMember_ForecastMember	/disc/71150/081220251112597131_tse-qcedjpsm-71150-20251113371150-ixbrl.htm
2025-11-13	四半期	当期	連結	予想		当四半期における業績予想の修正	CorrectionOfConsolidatedFinancialForecastInThisQuarter			有	CurrentYearDuration_ConsolidatedMember_ForecastMember	/disc/71150/081220251112597131_tse-qcedjpsm-71150-20251113371150-ixbrl.htm
2025-11-13	四半期	当期第3四半期累計	連結	実績		期中の連結範囲の重要な変更	SignificantChangesInTheScopeOfConsolidationDuringThePeriod			無	CurrentAccumulatedQ3Duration_ConsolidatedMember_ResultMember	/disc/71150/081220251112597131_tse-qcedjpsm-71150-20251113371150-ixbrl.htm
2025-11-13	四半期	当期第3四半期累計	連結	実績			ApplyingOfSpecificAccountingOfTheConsolidatedQuarterlyFinancialStatements			無	CurrentAccumulatedQ3Duration_ConsolidatedMember_ResultMember	/disc/71150/081220251112597131_tse-qcedjpsm-71150-20251113371150-ixbrl.htm
2025-11-13	四半期	当期第3四半期累計	連結	実績		会計基準等の改正に伴う変更	ChangesBasedOnRevisionsOfAccountingStandard			有	CurrentAccumulatedQ3Duration_ConsolidatedMember_ResultMember	/disc/71150/081220251112597131_tse-qcedjpsm-71150-20251113371150-ixbrl.htm
2025-11-13	四半期	当期第3四半期累計	連結	実績		それ以外の会計方針の変更	ChangesOtherThanOnesBasedOnRevisionsOfAccountingStandard			無	CurrentAccumulatedQ3Duration_ConsolidatedMember_ResultMember	/disc/71150/081220251112597131_tse-qcedjpsm-71150-20251113371150-ixbrl.htm
2025-11-13	四半期	当期第3四半期累計	連結	実績		会計上の見積りの変更	ChangesInAccountingEstimates			無	CurrentAccumulatedQ3Duration_ConsolidatedMember_ResultMember	/disc/71150/081220251112597131_tse-qcedjpsm-71150-20251113371150-ixbrl.htm
2025-11-13	四半期	当期第3四半期累計	連結	実績		修正再表示	RetrospectiveRestatement			無	CurrentAccumulatedQ3Duration_ConsolidatedMember_ResultMember	/disc/71150/081220251112597131_tse-qcedjpsm-71150-20251113371150-ixbrl.htm
2025-11-13	四半期	当期第3四半期累計	単体	実績		期末発行済株式数(自己株式を含む)	NumberOfIssuedAndOutstandingSharesAtTheEndOfFiscalYearIncludingTreasuryStock	9812500	Shares	9,812,500	CurrentAccumulatedQ3Instant_NonConsolidatedMember_ResultMember	/disc/71150/081220251112597131_tse-qcedjpsm-71150-20251113371150-ixbrl.htm
2025-11-13	四半期	前期	単体	実績		期末発行済株式数(自己株式を含む)	NumberOfIssuedAndOutstandingSharesAtTheEndOfFiscalYearIncludingTreasuryStock	9692500	Shares	9,692,500	PriorYearInstant_NonConsolidatedMember_ResultMember	/disc/71150/081220251112597131_tse-qcedjpsm-71150-20251113371150-ixbrl.htm
2025-11-13	四半期	当期第3四半期累計	単体	実績		期末自己株式数	NumberOfTreasuryStockAtTheEndOfFiscalYear	87512	Shares	87,512	CurrentAccumulatedQ3Instant_NonConsolidatedMember_ResultMember	/disc/71150/081220251112597131_tse-qcedjpsm-71150-20251113371150-ixbrl.htm
2025-11-13	四半期	前期	単体	実績		期末自己株式数	NumberOfTreasuryStockAtTheEndOfFiscalYear	49	Shares	49	PriorYearInstant_NonConsolidatedMember_ResultMember	/disc/71150/081220251112597131_tse-qcedjpsm-71150-20251113371150-ixbrl.htm
2025-11-13	四半期	当期第3四半期累計	単体	実績		期中平均株式数	AverageNumberOfShares	9697064	Shares	9,697,064	CurrentAccumulatedQ3Duration_NonConsolidatedMember_ResultMember	/disc/71150/081220251112597131_tse-qcedjpsm-71150-20251113371150-ixbrl.htm
2025-11-13	四半期	前期第3四半期累計	単体	実績		期中平均株式数	AverageNumberOfShares	9639432	Shares	9,639,432	PriorAccumulatedQ3Duration_NonConsolidatedMember_ResultMember	/disc/71150/081220251112597131_tse-qcedjpsm-71150-20251113371150-ixbrl.htm
2025-11-13	四半期	当期第3四半期累計	単体	実績			NoteToNumberOfIssuedAndOutstandingSharesCommonStock			（注）当社は役員株式給付信託（BBT）を導入しております。このため、期末自己株式数については、当該信託保有の当社株式（2025年12月期３Ｑ末87,400株）を含めて記載しております。また、期中平均株式数については、当該信託保有の当社株式の期中平均株式数（2025年12月期３Ｑ37,436株）を控除する自己株式数に含めております。	CurrentAccumulatedQ3Instant_NonConsolidatedMember_ResultMember	/disc/71150/081220251112597131_tse-qcedjpsm-71150-20251113371150-ixbrl.htm
2025-11-13	四半期	当期第3四半期累計					ReviewOfAttachedConsolidatedQuarterlyFinancialStatementsByACertifiedPublicAccountantOrAnAuditFirm			無	CurrentAccumulatedQ3Duration	/disc/71150/081220251112597131_tse-qcedjpsm-71150-20251113371150-ixbrl.htm
2025-11-13	四半期	当期				将来情報の利用に関する注意	NotesForUsingForecastedInformationAndOthers			本資料に記載されている業績見通し等の将来に関する記述は、当社が現在入手している情報および合理的であると判断する一定の前提に基づいており、その達成を当社として約束する趣旨のものではありません。また、実際の業績は様々な要因により大きく異なる可能性があります。決算補足説明資料については、当社ウェブサイトに掲載する予定です。https://www.alphapurchase.co.jp/ir/	CurrentYearDuration	/disc/71150/081220251112597131_tse-qcedjpsm-71150-20251113371150-ixbrl.htm
2025-11-13	四半期	当期				決算期末	FiscalYearEnd			2025-12-31	CurrentYearInstant	/disc/71150/081220251112597131_tse-qcedjpsm-71150-20251113371150-ixbrl.htm
2025-11-13	四半期	当期第3四半期累計				四半期	QuarterlyPeriod	3	Pure	3	CurrentAccumulatedQ3Instant	/disc/71150/081220251112597131_tse-qcedjpsm-71150-20251113371150-ixbrl.htm
2026-02-13	年次	当期				書類名	DocumentName			決算短信〔日本基準〕（連結）	CurrentYearInstant	/disc/71150/081220260212557912_tse-acedjpsm-71150-20260213371150-ixbrl.htm
2026-02-13	年次	当期				提出日	FilingDate			2026年２月13日	CurrentYearInstant	/disc/71150/081220260212557912_tse-acedjpsm-71150-20260213371150-ixbrl.htm
2026-02-13	年次	当期				会社名	CompanyName			株式会社アルファパーチェス	CurrentYearInstant	/disc/71150/081220260212557912_tse-acedjpsm-71150-20260213371150-ixbrl.htm
2026-02-13	年次	当期					TokyoStockExchange			東	CurrentYearInstant	/disc/71150/081220260212557912_tse-acedjpsm-71150-20260213371150-ixbrl.htm
2026-02-13	年次	当期				証券コード	SecuritiesCode			7115	CurrentYearInstant	/disc/71150/081220260212557912_tse-acedjpsm-71150-20260213371150-ixbrl.htm
2026-02-13	年次	当期				URL	URL			https://www.alphapurchase.co.jp/	CurrentYearInstant	/disc/71150/081220260212557912_tse-acedjpsm-71150-20260213371150-ixbrl.htm
2026-02-13	年次	当期				代表者の役職	TitleRepresentative			代表取締役 社長	CurrentYearInstant	/disc/71150/081220260212557912_tse-acedjpsm-71150-20260213371150-ixbrl.htm
2026-02-13	年次	当期				代表者名	NameRepresentative			田辺 孝夫	CurrentYearInstant	/disc/71150/081220260212557912_tse-acedjpsm-71150-20260213371150-ixbrl.htm
2026-02-13	年次	当期					TitleInquiries			取締役	CurrentYearInstant	/disc/71150/081220260212557912_tse-acedjpsm-71150-20260213371150-ixbrl.htm
2026-02-13	年次	当期					NameInquiries			齋藤 正弘	CurrentYearInstant	/disc/71150/081220260212557912_tse-acedjpsm-71150-20260213371150-ixbrl.htm
2026-02-13	年次	当期					Tel			03-6628-8453	CurrentYearInstant	/disc/71150/081220260212557912_tse-acedjpsm-71150-20260213371150-ixbrl.htm
2026-02-13	年次	当期					DateOfGeneralShareholdersMeetingAsPlanned			2026年３月26日	CurrentYearInstant	/disc/71150/081220260212557912_tse-acedjpsm-71150-20260213371150-ixbrl.htm
2026-02-13	年次	当期					DividendPayableDateAsPlanned			2026年３月27日	CurrentYearInstant	/disc/71150/081220260212557912_tse-acedjpsm-71150-20260213371150-ixbrl.htm
2026-02-13	年次	当期					AnnualSecuritiesReportFilingDateAsPlanned			2026年３月24日	CurrentYearInstant	/disc/71150/081220260212557912_tse-acedjpsm-71150-20260213371150-ixbrl.htm
2026-02-13	年次	当期					SupplementalMaterialOfAnnualResults			有	CurrentYearInstant	/disc/71150/081220260212557912_tse-acedjpsm-71150-20260213371150-ixbrl.htm
2026-02-13	年次	当期					ConveningBriefingOfAnnualResults			有	CurrentYearInstant	/disc/71150/081220260212557912_tse-acedjpsm-71150-20260213371150-ixbrl.htm
2026-02-13	年次	当期					TargetAudienceBriefingOfAnnualResults			（個人投資家向け）	CurrentYearInstant	/disc/71150/081220260212557912_tse-acedjpsm-71150-20260213371150-ixbrl.htm
2026-02-13	年次	当期					NoteToFractionProcessingMethod			（百万円未満切捨て）	CurrentYearInstant	/disc/71150/081220260212557912_tse-acedjpsm-71150-20260213371150-ixbrl.htm
2026-02-13	年次	当期	連結	実績		売上高	NetSales	58922000000	JPY	58,922	CurrentYearDuration_ConsolidatedMember_ResultMember	/disc/71150/081220260212557912_tse-acedjpsm-71150-20260213371150-ixbrl.htm
2026-02-13	年次	当期	連結	実績		売上高の増減率	ChangeInNetSales	0.053	Pure	5.3	CurrentYearDuration_ConsolidatedMember_ResultMember	/disc/71150/081220260212557912_tse-acedjpsm-71150-20260213371150-ixbrl.htm
2026-02-13	年次	当期	連結	実績		営業利益	OperatingIncome	1468000000	JPY	1,468	CurrentYearDuration_ConsolidatedMember_ResultMember	/disc/71150/081220260212557912_tse-acedjpsm-71150-20260213371150-ixbrl.htm
2026-02-13	年次	当期	連結	実績		営業利益の増減率	ChangeInOperatingIncome	0.182	Pure	18.2	CurrentYearDuration_ConsolidatedMember_ResultMember	/disc/71150/081220260212557912_tse-acedjpsm-71150-20260213371150-ixbrl.htm
2026-02-13	年次	当期	連結	実績		経常利益	OrdinaryIncome	1483000000	JPY	1,483	CurrentYearDuration_ConsolidatedMember_ResultMember	/disc/71150/081220260212557912_tse-acedjpsm-71150-20260213371150-ixbrl.htm
2026-02-13	年次	当期	連結	実績		経常利益の増減率	ChangeInOrdinaryIncome	0.208	Pure	20.8	CurrentYearDuration_ConsolidatedMember_ResultMember	/disc/71150/081220260212557912_tse-acedjpsm-71150-20260213371150-ixbrl.htm
2026-02-13	年次	当期	連結	実績		親会社株主に帰属する当期純利益	ProfitAttributableToOwnersOfParent	1031000000	JPY	1,031	CurrentYearDuration_ConsolidatedMember_ResultMember	/disc/71150/081220260212557912_tse-acedjpsm-71150-20260213371150-ixbrl.htm
2026-02-13	年次	当期	連結	実績		親会社株主に帰属する当期純利益の増減率	ChangeInProfitAttributableToOwnersOfParent	0.191	Pure	19.1	CurrentYearDuration_ConsolidatedMember_ResultMember	/disc/71150/081220260212557912_tse-acedjpsm-71150-20260213371150-ixbrl.htm
2026-02-13	年次	前期	連結	実績		売上高	NetSales	55952000000	JPY	55,952	PriorYearDuration_ConsolidatedMember_ResultMember	/disc/71150/081220260212557912_tse-acedjpsm-71150-20260213371150-ixbrl.htm
2026-02-13	年次	前期	連結	実績		売上高の増減率	ChangeInNetSales	0.077	Pure	7.7	PriorYearDuration_ConsolidatedMember_ResultMember	/disc/71150/081220260212557912_tse-acedjpsm-71150-20260213371150-ixbrl.htm
2026-02-13	年次	前期	連結	実績		営業利益	OperatingIncome	1242000000	JPY	1,242	PriorYearDuration_ConsolidatedMember_ResultMember	/disc/71150/081220260212557912_tse-acedjpsm-71150-20260213371150-ixbrl.htm
2026-02-13	年次	前期	連結	実績		営業利益の増減率	ChangeInOperatingIncome	0.046	Pure	4.6	PriorYearDuration_ConsolidatedMember_ResultMember	/disc/71150/081220260212557912_tse-acedjpsm-71150-20260213371150-ixbrl.htm
2026-02-13	年次	前期	連結	実績		経常利益	OrdinaryIncome	1227000000	JPY	1,227	PriorYearDuration_ConsolidatedMember_ResultMember	/disc/71150/081220260212557912_tse-acedjpsm-71150-20260213371150-ixbrl.htm
2026-02-13	年次	前期	連結	実績		経常利益の増減率	ChangeInOrdinaryIncome	0.038	Pure	3.8	PriorYearDuration_ConsolidatedMember_ResultMember	/disc/71150/081220260212557912_tse-acedjpsm-71150-20260213371150-ixbrl.htm
2026-02-13	年次	前期	連結	実績		親会社株主に帰属する当期純利益	ProfitAttributableToOwnersOfParent	865000000	JPY	865	PriorYearDuration_ConsolidatedMember_ResultMember	/disc/71150/081220260212557912_tse-acedjpsm-71150-20260213371150-ixbrl.htm
2026-02-13	年次	前期	連結	実績		親会社株主に帰属する当期純利益の増減率	ChangeInProfitAttributableToOwnersOfParent	0.018	Pure	1.8	PriorYearDuration_ConsolidatedMember_ResultMember	/disc/71150/081220260212557912_tse-acedjpsm-71150-20260213371150-ixbrl.htm
2026-02-13	年次	当期	連結	実績		包括利益	ComprehensiveIncome	1031000000	JPY	1,031	CurrentYearDuration_ConsolidatedMember_ResultMember	/disc/71150/081220260212557912_tse-acedjpsm-71150-20260213371150-ixbrl.htm
2026-02-13	年次	当期	連結	実績		包括利益の増減率	ChangeInComprehensiveIncome	0.191	Pure	19.1	CurrentYearDuration_ConsolidatedMember_ResultMember	/disc/71150/081220260212557912_tse-acedjpsm-71150-20260213371150-ixbrl.htm
2026-02-13	年次	前期	連結	実績		包括利益	ComprehensiveIncome	865000000	JPY	865	PriorYearDuration_ConsolidatedMember_ResultMember	/disc/71150/081220260212557912_tse-acedjpsm-71150-20260213371150-ixbrl.htm
2026-02-13	年次	前期	連結	実績		包括利益の増減率	ChangeInComprehensiveIncome	0.018	Pure	1.8	PriorYearDuration_ConsolidatedMember_ResultMember	/disc/71150/081220260212557912_tse-acedjpsm-71150-20260213371150-ixbrl.htm
2026-02-13	年次	当期	連結	実績		1株当たり当期純利益	NetIncomePerShare	106.21	JPYPerShares	106.21	CurrentYearDuration_ConsolidatedMember_ResultMember	/disc/71150/081220260212557912_tse-acedjpsm-71150-20260213371150-ixbrl.htm
2026-02-13	年次	当期	連結	実績		潜在株式調整後1株当たり当期純利益	DilutedNetIncomePerShare	102.02	JPYPerShares	102.02	CurrentYearDuration_ConsolidatedMember_ResultMember	/disc/71150/081220260212557912_tse-acedjpsm-71150-20260213371150-ixbrl.htm
2026-02-13	年次	当期	連結	実績		自己資本当期純利益率(ROE)	NetIncomeToShareholdersEquityRatio	0.161	Pure	16.1	CurrentYearDuration_ConsolidatedMember_ResultMember	/disc/71150/081220260212557912_tse-acedjpsm-71150-20260213371150-ixbrl.htm
2026-02-13	年次	当期	連結	実績		総資産経常利益率(ROA)	OrdinaryIncomeToTotalAssetsRatio	0.078	Pure	7.8	CurrentYearDuration_ConsolidatedMember_ResultMember	/disc/71150/081220260212557912_tse-acedjpsm-71150-20260213371150-ixbrl.htm
2026-02-13	年次	当期	連結	実績		売上高営業利益率	OperatingIncomeToNetSalesRatio	0.025	Pure	2.5	CurrentYearDuration_ConsolidatedMember_ResultMember	/disc/71150/081220260212557912_tse-acedjpsm-71150-20260213371150-ixbrl.htm
2026-02-13	年次	前期	連結	実績		1株当たり当期純利益	NetIncomePerShare	89.73	JPYPerShares	89.73	PriorYearDuration_ConsolidatedMember_ResultMember	/disc/71150/081220260212557912_tse-acedjpsm-71150-20260213371150-ixbrl.htm
2026-02-13	年次	前期	連結	実績		潜在株式調整後1株当たり当期純利益	DilutedNetIncomePerShare	88.08	JPYPerShares	88.08	PriorYearDuration_ConsolidatedMember_ResultMember	/disc/71150/081220260212557912_tse-acedjpsm-71150-20260213371150-ixbrl.htm
2026-02-13	年次	前期	連結	実績		自己資本当期純利益率(ROE)	NetIncomeToShareholdersEquityRatio	0.151	Pure	15.1	PriorYearDuration_ConsolidatedMember_ResultMember	/disc/71150/081220260212557912_tse-acedjpsm-71150-20260213371150-ixbrl.htm
2026-02-13	年次	前期	連結	実績		総資産経常利益率(ROA)	OrdinaryIncomeToTotalAssetsRatio	0.069	Pure	6.9	PriorYearDuration_ConsolidatedMember_ResultMember	/disc/71150/081220260212557912_tse-acedjpsm-71150-20260213371150-ixbrl.htm
2026-02-13	年次	前期	連結	実績		売上高営業利益率	OperatingIncomeToNetSalesRatio	0.022	Pure	2.2	PriorYearDuration_ConsolidatedMember_ResultMember	/disc/71150/081220260212557912_tse-acedjpsm-71150-20260213371150-ixbrl.htm
2026-02-13	年次	当期	連結	実績		総資産	TotalAssets	19854000000	JPY	19,854	CurrentYearInstant_ConsolidatedMember_ResultMember	/disc/71150/081220260212557912_tse-acedjpsm-71150-20260213371150-ixbrl.htm
2026-02-13	年次	当期	連結	実績		純資産	NetAssets	6742000000	JPY	6,742	CurrentYearInstant_ConsolidatedMember_ResultMember	/disc/71150/081220260212557912_tse-acedjpsm-71150-20260213371150-ixbrl.htm
2026-02-13	年次	当期	連結	実績		自己資本比率	CapitalAdequacyRatio	0.340	Pure	34.0	CurrentYearInstant_ConsolidatedMember_ResultMember	/disc/71150/081220260212557912_tse-acedjpsm-71150-20260213371150-ixbrl.htm
2026-02-13	年次	当期	連結	実績		1株当たり純資産	NetAssetsPerShare	690.36	JPYPerShares	690.36	CurrentYearInstant_ConsolidatedMember_ResultMember	/disc/71150/081220260212557912_tse-acedjpsm-71150-20260213371150-ixbrl.htm
2026-02-13	年次	前期	連結	実績		総資産	TotalAssets	18381000000	JPY	18,381	PriorYearInstant_ConsolidatedMember_ResultMember	/disc/71150/081220260212557912_tse-acedjpsm-71150-20260213371150-ixbrl.htm
2026-02-13	年次	前期	連結	実績		純資産	NetAssets	6071000000	JPY	6,071	PriorYearInstant_ConsolidatedMember_ResultMember	/disc/71150/081220260212557912_tse-acedjpsm-71150-20260213371150-ixbrl.htm
2026-02-13	年次	前期	連結	実績		自己資本比率	CapitalAdequacyRatio	0.330	Pure	33.0	PriorYearInstant_ConsolidatedMember_ResultMember	/disc/71150/081220260212557912_tse-acedjpsm-71150-20260213371150-ixbrl.htm
2026-02-13	年次	前期	連結	実績		1株当たり純資産	NetAssetsPerShare	626.43	JPYPerShares	626.43	PriorYearInstant_ConsolidatedMember_ResultMember	/disc/71150/081220260212557912_tse-acedjpsm-71150-20260213371150-ixbrl.htm
2026-02-13	年次	当期	連結	実績		自己資本	OwnersEquity	6742000000	JPY	6,742	CurrentYearInstant_ConsolidatedMember_ResultMember	/disc/71150/081220260212557912_tse-acedjpsm-71150-20260213371150-ixbrl.htm
2026-02-13	年次	前期	連結	実績		自己資本	OwnersEquity	6071000000	JPY	6,071	PriorYearInstant_ConsolidatedMember_ResultMember	/disc/71150/081220260212557912_tse-acedjpsm-71150-20260213371150-ixbrl.htm
2026-02-13	年次	当期	連結	実績		営業キャッシュフロー	CashFlowsFromOperatingActivities	903000000	JPY	903	CurrentYearDuration_ConsolidatedMember_ResultMember	/disc/71150/081220260212557912_tse-acedjpsm-71150-20260213371150-ixbrl.htm
2026-02-13	年次	当期	連結	実績		投資キャッシュフロー	CashFlowsFromInvestingActivities	-923000000	JPY	923	CurrentYearDuration_ConsolidatedMember_ResultMember	/disc/71150/081220260212557912_tse-acedjpsm-71150-20260213371150-ixbrl.htm
2026-02-13	年次	当期	連結	実績		財務キャッシュフロー	CashFlowsFromFinancingActivities	-380000000	JPY	380	CurrentYearDuration_ConsolidatedMember_ResultMember	/disc/71150/081220260212557912_tse-acedjpsm-71150-20260213371150-ixbrl.htm
2026-02-13	年次	当期	連結	実績		現金及び現金同等物の期末残高	CashAndEquivalentsEndOfPeriod	5360000000	JPY	5,360	CurrentYearInstant_ConsolidatedMember_ResultMember	/disc/71150/081220260212557912_tse-acedjpsm-71150-20260213371150-ixbrl.htm
2026-02-13	年次	前期	連結	実績		営業キャッシュフロー	CashFlowsFromOperatingActivities	2471000000	JPY	2,471	PriorYearDuration_ConsolidatedMember_ResultMember	/disc/71150/081220260212557912_tse-acedjpsm-71150-20260213371150-ixbrl.htm
2026-02-13	年次	前期	連結	実績		投資キャッシュフロー	CashFlowsFromInvestingActivities	-665000000	JPY	665	PriorYearDuration_ConsolidatedMember_ResultMember	/disc/71150/081220260212557912_tse-acedjpsm-71150-20260213371150-ixbrl.htm
2026-02-13	年次	前期	連結	実績		財務キャッシュフロー	CashFlowsFromFinancingActivities	-217000000	JPY	217	PriorYearDuration_ConsolidatedMember_ResultMember	/disc/71150/081220260212557912_tse-acedjpsm-71150-20260213371150-ixbrl.htm
2026-02-13	年次	前期	連結	実績		現金及び現金同等物の期末残高	CashAndEquivalentsEndOfPeriod	5759000000	JPY	5,759	PriorYearInstant_ConsolidatedMember_ResultMember	/disc/71150/081220260212557912_tse-acedjpsm-71150-20260213371150-ixbrl.htm
2026-02-13	年次	前期	単体	実績	第2四半期末	1株当たり配当金	DividendPerShare	0.00	JPYPerShares	0.00	PriorYearDuration_SecondQuarterMember_NonConsolidatedMember_ResultMember	/disc/71150/081220260212557912_tse-acedjpsm-71150-20260213371150-ixbrl.htm
2026-02-13	年次	前期	単体	実績	期末	1株当たり配当金	DividendPerShare	27.00	JPYPerShares	27.00	PriorYearDuration_YearEndMember_NonConsolidatedMember_ResultMember	/disc/71150/081220260212557912_tse-acedjpsm-71150-20260213371150-ixbrl.htm
2026-02-13	年次	前期	単体	実績	合計	1株当たり配当金	DividendPerShare	27.00	JPYPerShares	27.00	PriorYearDuration_AnnualMember_NonConsolidatedMember_ResultMember	/disc/71150/081220260212557912_tse-acedjpsm-71150-20260213371150-ixbrl.htm
2026-02-13	年次	前期	単体	実績	合計	配当金総額	TotalDividendPaidAnnual	261000000	JPY	261	PriorYearDuration_AnnualMember_NonConsolidatedMember_ResultMember	/disc/71150/081220260212557912_tse-acedjpsm-71150-20260213371150-ixbrl.htm
2026-02-13	年次	前期	連結	実績	合計	配当性向	PayoutRatio	0.301	Pure	30.1	PriorYearDuration_AnnualMember_ConsolidatedMember_ResultMember	/disc/71150/081220260212557912_tse-acedjpsm-71150-20260213371150-ixbrl.htm
2026-02-13	年次	前期	連結	実績	合計	純資産配当率	RatioOfTotalAmountOfDividendsToNetAssets	0.046	Pure	4.6	PriorYearDuration_AnnualMember_ConsolidatedMember_ResultMember	/disc/71150/081220260212557912_tse-acedjpsm-71150-20260213371150-ixbrl.htm
2026-02-13	年次	当期	単体	実績	第2四半期末	1株当たり配当金	DividendPerShare	0.00	JPYPerShares	0.00	CurrentYearDuration_SecondQuarterMember_NonConsolidatedMember_ResultMember	/disc/71150/081220260212557912_tse-acedjpsm-71150-20260213371150-ixbrl.htm
2026-02-13	年次	当期	単体	実績	期末	1株当たり配当金	DividendPerShare	37.00	JPYPerShares	37.00	CurrentYearDuration_YearEndMember_NonConsolidatedMember_ResultMember	/disc/71150/081220260212557912_tse-acedjpsm-71150-20260213371150-ixbrl.htm
2026-02-13	年次	当期	単体	実績	合計	1株当たり配当金	DividendPerShare	37.00	JPYPerShares	37.00	CurrentYearDuration_AnnualMember_NonConsolidatedMember_ResultMember	/disc/71150/081220260212557912_tse-acedjpsm-71150-20260213371150-ixbrl.htm
2026-02-13	年次	当期	単体	実績	合計	配当金総額	TotalDividendPaidAnnual	364000000	JPY	364	CurrentYearDuration_AnnualMember_NonConsolidatedMember_ResultMember	/disc/71150/081220260212557912_tse-acedjpsm-71150-20260213371150-ixbrl.htm
2026-02-13	年次	当期	連結	実績	合計	配当性向	PayoutRatio	0.348	Pure	34.8	CurrentYearDuration_AnnualMember_ConsolidatedMember_ResultMember	/disc/71150/081220260212557912_tse-acedjpsm-71150-20260213371150-ixbrl.htm
2026-02-13	年次	当期	連結	実績	合計	純資産配当率	RatioOfTotalAmountOfDividendsToNetAssets	0.056	Pure	5.6	CurrentYearDuration_AnnualMember_ConsolidatedMember_ResultMember	/disc/71150/081220260212557912_tse-acedjpsm-71150-20260213371150-ixbrl.htm
2026-02-13	年次	来期	単体	予想	第2四半期末	1株当たり配当金	DividendPerShare	0.00	JPYPerShares	0.00	NextYearDuration_SecondQuarterMember_NonConsolidatedMember_ForecastMember	/disc/71150/081220260212557912_tse-acedjpsm-71150-20260213371150-ixbrl.htm
2026-02-13	年次	来期	単体	予想	期末	1株当たり配当金	DividendPerShare	37.00	JPYPerShares	37.00	NextYearDuration_YearEndMember_NonConsolidatedMember_ForecastMember	/disc/71150/081220260212557912_tse-acedjpsm-71150-20260213371150-ixbrl.htm
2026-02-13	年次	来期	単体	予想	合計	1株当たり配当金	DividendPerShare	37.00	JPYPerShares	37.00	NextYearDuration_AnnualMember_NonConsolidatedMember_ForecastMember	/disc/71150/081220260212557912_tse-acedjpsm-71150-20260213371150-ixbrl.htm
2026-02-13	年次	来期	連結	予想	合計	配当性向	PayoutRatio	0.320	Pure	32.0	NextYearDuration_AnnualMember_ConsolidatedMember_ForecastMember	/disc/71150/081220260212557912_tse-acedjpsm-71150-20260213371150-ixbrl.htm
2026-02-13	年次	当期	単体	実績	合計	配当の注記	NoteToDividends			（注）2025年12月期 期末配当金の内訳 普通配当32円00銭 記念配当５円00銭	CurrentYearDuration_AnnualMember_NonConsolidatedMember_ResultMember	/disc/71150/081220260212557912_tse-acedjpsm-71150-20260213371150-ixbrl.htm
2026-02-13	年次	来期	連結	予想		業績予想の見出し	TitleForForecasts			３．2026年12月期の連結業績予想（2026年１月１日～2026年12月31日）	NextYearDuration_ConsolidatedMember_ForecastMember	/disc/71150/081220260212557912_tse-acedjpsm-71150-20260213371150-ixbrl.htm
2026-02-13	年次	来期	連結	予想		売上高	NetSales	65300000000	JPY	65,300	NextYearDuration_ConsolidatedMember_ForecastMember	/disc/71150/081220260212557912_tse-acedjpsm-71150-20260213371150-ixbrl.htm
2026-02-13	年次	来期	連結	予想		売上高の増減率	ChangeInNetSales	0.108	Pure	10.8	NextYearDuration_ConsolidatedMember_ForecastMember	/disc/71150/081220260212557912_tse-acedjpsm-71150-20260213371150-ixbrl.htm
2026-02-13	年次	来期	連結	予想		営業利益	OperatingIncome	1650000000	JPY	1,650	NextYearDuration_ConsolidatedMember_ForecastMember	/disc/71150/081220260212557912_tse-acedjpsm-71150-20260213371150-ixbrl.htm
2026-02-13	年次	来期	連結	予想		営業利益の増減率	ChangeInOperatingIncome	0.124	Pure	12.4	NextYearDuration_ConsolidatedMember_ForecastMember	/disc/71150/081220260212557912_tse-acedjpsm-71150-20260213371150-ixbrl.htm
2026-02-13	年次	来期	連結	予想		経常利益	OrdinaryIncome	1650000000	JPY	1,650	NextYearDuration_ConsolidatedMember_ForecastMember	/disc/71150/081220260212557912_tse-acedjpsm-71150-20260213371150-ixbrl.htm
2026-02-13	年次	来期	連結	予想		経常利益の増減率	ChangeInOrdinaryIncome	0.112	Pure	11.2	NextYearDuration_ConsolidatedMember_ForecastMember	/disc/71150/081220260212557912_tse-acedjpsm-71150-20260213371150-ixbrl.htm
2026-02-13	年次	来期	連結	予想		親会社株主に帰属する当期純利益	ProfitAttributableToOwnersOfParent	1130000000	JPY	1,130	NextYearDuration_ConsolidatedMember_ForecastMember	/disc/71150/081220260212557912_tse-acedjpsm-71150-20260213371150-ixbrl.htm
2026-02-13	年次	来期	連結	予想		親会社株主に帰属する当期純利益の増減率	ChangeInProfitAttributableToOwnersOfParent	0.096	Pure	9.6	NextYearDuration_ConsolidatedMember_ForecastMember	/disc/71150/081220260212557912_tse-acedjpsm-71150-20260213371150-ixbrl.htm
2026-02-13	年次	来期	連結	予想		1株当たり当期純利益	NetIncomePerShare	115.70	JPYPerShares	115.70	NextYearDuration_ConsolidatedMember_ForecastMember	/disc/71150/081220260212557912_tse-acedjpsm-71150-20260213371150-ixbrl.htm
2026-02-13	年次	当期	連結	実績		期中の連結範囲の重要な変更	SignificantChangesInTheScopeOfConsolidationDuringThePeriod			無	CurrentYearDuration_ConsolidatedMember_ResultMember	/disc/71150/081220260212557912_tse-acedjpsm-71150-20260213371150-ixbrl.htm
2026-02-13	年次	当期	連結	実績		会計基準等の改正に伴う変更	ChangesBasedOnRevisionsOfAccountingStandard			有	CurrentYearDuration_ConsolidatedMember_ResultMember	/disc/71150/081220260212557912_tse-acedjpsm-71150-20260213371150-ixbrl.htm
2026-02-13	年次	当期	連結	実績		それ以外の会計方針の変更	ChangesOtherThanOnesBasedOnRevisionsOfAccountingStandard			無	CurrentYearDuration_ConsolidatedMember_ResultMember	/disc/71150/081220260212557912_tse-acedjpsm-71150-20260213371150-ixbrl.htm
2026-02-13	年次	当期	連結	実績		会計上の見積りの変更	ChangesInAccountingEstimates			無	CurrentYearDuration_ConsolidatedMember_ResultMember	/disc/71150/081220260212557912_tse-acedjpsm-71150-20260213371150-ixbrl.htm
2026-02-13	年次	当期	連結	実績		修正再表示	RetrospectiveRestatement			無	CurrentYearDuration_ConsolidatedMember_ResultMember	/disc/71150/081220260212557912_tse-acedjpsm-71150-20260213371150-ixbrl.htm
2026-02-13	年次	当期	単体	実績		期末発行済株式数(自己株式を含む)	NumberOfIssuedAndOutstandingSharesAtTheEndOfFiscalYearIncludingTreasuryStock	9854500	Shares	9,854,500	CurrentYearInstant_NonConsolidatedMember_ResultMember	/disc/71150/081220260212557912_tse-acedjpsm-71150-20260213371150-ixbrl.htm
2026-02-13	年次	前期	単体	実績		期末発行済株式数(自己株式を含む)	NumberOfIssuedAndOutstandingSharesAtTheEndOfFiscalYearIncludingTreasuryStock	9692500	Shares	9,692,500	PriorYearInstant_NonConsolidatedMember_ResultMember	/disc/71150/081220260212557912_tse-acedjpsm-71150-20260213371150-ixbrl.htm
2026-02-13	年次	当期	単体	実績		期末自己株式数	NumberOfTreasuryStockAtTheEndOfFiscalYear	87512	Shares	87,512	CurrentYearInstant_NonConsolidatedMember_ResultMember	/disc/71150/081220260212557912_tse-acedjpsm-71150-20260213371150-ixbrl.htm
2026-02-13	年次	前期	単体	実績		期末自己株式数	NumberOfTreasuryStockAtTheEndOfFiscalYear	49	Shares	49	PriorYearInstant_NonConsolidatedMember_ResultMember	/disc/71150/081220260212557912_tse-acedjpsm-71150-20260213371150-ixbrl.htm
2026-02-13	年次	当期	単体	実績		期中平均株式数	AverageNumberOfShares	9709776	Shares	9,709,776	CurrentYearDuration_NonConsolidatedMember_ResultMember	/disc/71150/081220260212557912_tse-acedjpsm-71150-20260213371150-ixbrl.htm
2026-02-13	年次	前期	単体	実績		期中平均株式数	AverageNumberOfShares	9649764	Shares	9,649,764	PriorYearDuration_NonConsolidatedMember_ResultMember	/disc/71150/081220260212557912_tse-acedjpsm-71150-20260213371150-ixbrl.htm
2026-02-13	年次	当期	単体	実績			NoteToNumberOfIssuedAndOutstandingSharesCommonStock			（注）当社は役員株式給付信託（BBT）を導入しております。このため、期末自己株式数については、当該信託保有の当社株式（2025年12月期末87,400株）を含めて記載しております。また、期中平均株式数については、当該信託保有の当社株式の期中平均株式数（2025年12月期50,029株）を控除する自己株式数に含めております。	CurrentYearInstant_NonConsolidatedMember_ResultMember	/disc/71150/081220260212557912_tse-acedjpsm-71150-20260213371150-ixbrl.htm
2026-02-13	年次	当期	単体	実績		売上高	NetSales	55671000000	JPY	55,671	CurrentYearDuration_NonConsolidatedMember_ResultMember	/disc/71150/081220260212557912_tse-acedjpsm-71150-20260213371150-ixbrl.htm
2026-02-13	年次	当期	単体	実績		売上高の増減率	ChangeInNetSales	0.014	Pure	1.4	CurrentYearDuration_NonConsolidatedMember_ResultMember	/disc/71150/081220260212557912_tse-acedjpsm-71150-20260213371150-ixbrl.htm
2026-02-13	年次	当期	単体	実績		営業利益	OperatingIncome	1306000000	JPY	1,306	CurrentYearDuration_NonConsolidatedMember_ResultMember	/disc/71150/081220260212557912_tse-acedjpsm-71150-20260213371150-ixbrl.htm
2026-02-13	年次	当期	単体	実績		営業利益の増減率	ChangeInOperatingIncome	0.081	Pure	8.1	CurrentYearDuration_NonConsolidatedMember_ResultMember	/disc/71150/081220260212557912_tse-acedjpsm-71150-20260213371150-ixbrl.htm
2026-02-13	年次	当期	単体	実績		経常利益	OrdinaryIncome	1364000000	JPY	1,364	CurrentYearDuration_NonConsolidatedMember_ResultMember	/disc/71150/081220260212557912_tse-acedjpsm-71150-20260213371150-ixbrl.htm
2026-02-13	年次	当期	単体	実績		経常利益の増減率	ChangeInOrdinaryIncome	0.110	Pure	11.0	CurrentYearDuration_NonConsolidatedMember_ResultMember	/disc/71150/081220260212557912_tse-acedjpsm-71150-20260213371150-ixbrl.htm
2026-02-13	年次	当期	単体	実績		当期純利益	NetIncome	955000000	JPY	955	CurrentYearDuration_NonConsolidatedMember_ResultMember	/disc/71150/081220260212557912_tse-acedjpsm-71150-20260213371150-ixbrl.htm
2026-02-13	年次	当期	単体	実績		当期純利益の増減率	ChangeInNetIncome	0.095	Pure	9.5	CurrentYearDuration_NonConsolidatedMember_ResultMember	/disc/71150/081220260212557912_tse-acedjpsm-71150-20260213371150-ixbrl.htm
2026-02-13	年次	前期	単体	実績		売上高	NetSales	54920000000	JPY	54,920	PriorYearDuration_NonConsolidatedMember_ResultMember	/disc/71150/081220260212557912_tse-acedjpsm-71150-20260213371150-ixbrl.htm
2026-02-13	年次	前期	単体	実績		売上高の増減率	ChangeInNetSales	0.059	Pure	5.9	PriorYearDuration_NonConsolidatedMember_ResultMember	/disc/71150/081220260212557912_tse-acedjpsm-71150-20260213371150-ixbrl.htm
2026-02-13	年次	前期	単体	実績		営業利益	OperatingIncome	1209000000	JPY	1,209	PriorYearDuration_NonConsolidatedMember_ResultMember	/disc/71150/081220260212557912_tse-acedjpsm-71150-20260213371150-ixbrl.htm
2026-02-13	年次	前期	単体	実績		営業利益の増減率	ChangeInOperatingIncome	0.080	Pure	8.0	PriorYearDuration_NonConsolidatedMember_ResultMember	/disc/71150/081220260212557912_tse-acedjpsm-71150-20260213371150-ixbrl.htm
2026-02-13	年次	前期	単体	実績		経常利益	OrdinaryIncome	1229000000	JPY	1,229	PriorYearDuration_NonConsolidatedMember_ResultMember	/disc/71150/081220260212557912_tse-acedjpsm-71150-20260213371150-ixbrl.htm
2026-02-13	年次	前期	単体	実績		経常利益の増減率	ChangeInOrdinaryIncome	0.065	Pure	6.5	PriorYearDuration_NonConsolidatedMember_ResultMember	/disc/71150/081220260212557912_tse-acedjpsm-71150-20260213371150-ixbrl.htm
2026-02-13	年次	前期	単体	実績		当期純利益	NetIncome	872000000	JPY	872	PriorYearDuration_NonConsolidatedMember_ResultMember	/disc/71150/081220260212557912_tse-acedjpsm-71150-20260213371150-ixbrl.htm
2026-02-13	年次	前期	単体	実績		当期純利益の増減率	ChangeInNetIncome	0.031	Pure	3.1	PriorYearDuration_NonConsolidatedMember_ResultMember	/disc/71150/081220260212557912_tse-acedjpsm-71150-20260213371150-ixbrl.htm
2026-02-13	年次	当期	単体	実績		1株当たり当期純利益	NetIncomePerShare	98.36	JPYPerShares	98.36	CurrentYearDuration_NonConsolidatedMember_ResultMember	/disc/71150/081220260212557912_tse-acedjpsm-71150-20260213371150-ixbrl.htm
2026-02-13	年次	当期	単体	実績		潜在株式調整後1株当たり当期純利益	DilutedNetIncomePerShare	94.49	JPYPerShares	94.49	CurrentYearDuration_NonConsolidatedMember_ResultMember	/disc/71150/081220260212557912_tse-acedjpsm-71150-20260213371150-ixbrl.htm
2026-02-13	年次	前期	単体	実績		1株当たり当期純利益	NetIncomePerShare	90.42	JPYPerShares	90.42	PriorYearDuration_NonConsolidatedMember_ResultMember	/disc/71150/081220260212557912_tse-acedjpsm-71150-20260213371150-ixbrl.htm
2026-02-13	年次	前期	単体	実績		潜在株式調整後1株当たり当期純利益	DilutedNetIncomePerShare	88.75	JPYPerShares	88.75	PriorYearDuration_NonConsolidatedMember_ResultMember	/disc/71150/081220260212557912_tse-acedjpsm-71150-20260213371150-ixbrl.htm
2026-02-13	年次	当期	単体	実績		総資産	TotalAssets	19201000000	JPY	19,201	CurrentYearInstant_NonConsolidatedMember_ResultMember	/disc/71150/081220260212557912_tse-acedjpsm-71150-20260213371150-ixbrl.htm
2026-02-13	年次	当期	単体	実績		純資産	NetAssets	6555000000	JPY	6,555	CurrentYearInstant_NonConsolidatedMember_ResultMember	/disc/71150/081220260212557912_tse-acedjpsm-71150-20260213371150-ixbrl.htm
2026-02-13	年次	当期	単体	実績		自己資本比率	CapitalAdequacyRatio	0.341	Pure	34.1	CurrentYearInstant_NonConsolidatedMember_ResultMember	/disc/71150/081220260212557912_tse-acedjpsm-71150-20260213371150-ixbrl.htm
2026-02-13	年次	当期	単体	実績		1株当たり純資産	NetAssetsPerShare	671.17	JPYPerShares	671.17	CurrentYearInstant_NonConsolidatedMember_ResultMember	/disc/71150/081220260212557912_tse-acedjpsm-71150-20260213371150-ixbrl.htm
2026-02-13	年次	前期	単体	実績		総資産	TotalAssets	18002000000	JPY	18,002	PriorYearInstant_NonConsolidatedMember_ResultMember	/disc/71150/081220260212557912_tse-acedjpsm-71150-20260213371150-ixbrl.htm
2026-02-13	年次	前期	単体	実績		純資産	NetAssets	5960000000	JPY	5,960	PriorYearInstant_NonConsolidatedMember_ResultMember	/disc/71150/081220260212557912_tse-acedjpsm-71150-20260213371150-ixbrl.htm
2026-02-13	年次	前期	単体	実績		自己資本比率	CapitalAdequacyRatio	0.331	Pure	33.1	PriorYearInstant_NonConsolidatedMember_ResultMember	/disc/71150/081220260212557912_tse-acedjpsm-71150-20260213371150-ixbrl.htm
2026-02-13	年次	前期	単体	実績		1株当たり純資産	NetAssetsPerShare	614.94	JPYPerShares	614.94	PriorYearInstant_NonConsolidatedMember_ResultMember	/disc/71150/081220260212557912_tse-acedjpsm-71150-20260213371150-ixbrl.htm
2026-02-13	年次	当期	単体	実績		自己資本	OwnersEquity	6555000000	JPY	6,555	CurrentYearInstant_NonConsolidatedMember_ResultMember	/disc/71150/081220260212557912_tse-acedjpsm-71150-20260213371150-ixbrl.htm
2026-02-13	年次	前期	単体	実績		自己資本	OwnersEquity	5960000000	JPY	5,960	PriorYearInstant_NonConsolidatedMember_ResultMember	/disc/71150/081220260212557912_tse-acedjpsm-71150-20260213371150-ixbrl.htm
2026-02-13	年次	来期				将来情報の利用に関する注意	NotesForUsingForecastedInformationAndOthers			本資料に記載されている業績見通し等の将来に関する記述は、当社が現在入手している情報および合理的であると判断する一定の前提に基づいており、その達成を当社として約束する趣旨のものではありません。また、実際の業績は様々な要因により大きく異なる可能性があります。 なお、上記予想に関する事項は添付資料のP4を参照ください。 決算補足説明資料については、当社ウェブサイトに掲載する予定です。 https://www.alphapurchase.co.jp/ir/	NextYearDuration	/disc/71150/081220260212557912_tse-acedjpsm-71150-20260213371150-ixbrl.htm
2026-02-13	年次	当期				決算期末	FiscalYearEnd			2025-12-31	CurrentYearInstant	/disc/71150/081220260212557912_tse-acedjpsm-71150-20260213371150-ixbrl.htm
2026-05-14	四半期	当期第1四半期累計				書類名	DocumentName			第１四半期決算短信〔日本基準〕（連結）	CurrentAccumulatedQ1Instant	/disc/71150/081220260512527117_tse-qcedjpsm-71150-20260514371150-ixbrl.htm
2026-05-14	四半期	当期第1四半期累計				提出日	FilingDate			2026年５月14日	CurrentAccumulatedQ1Instant	/disc/71150/081220260512527117_tse-qcedjpsm-71150-20260514371150-ixbrl.htm
2026-05-14	四半期	当期第1四半期累計				会社名	CompanyName			株式会社アルファパーチェス	CurrentAccumulatedQ1Instant	/disc/71150/081220260512527117_tse-qcedjpsm-71150-20260514371150-ixbrl.htm
2026-05-14	四半期	当期第1四半期累計					TokyoStockExchange			東	CurrentAccumulatedQ1Instant	/disc/71150/081220260512527117_tse-qcedjpsm-71150-20260514371150-ixbrl.htm
2026-05-14	四半期	当期第1四半期累計				証券コード	SecuritiesCode			7115	CurrentAccumulatedQ1Instant	/disc/71150/081220260512527117_tse-qcedjpsm-71150-20260514371150-ixbrl.htm
2026-05-14	四半期	当期第1四半期累計				URL	URL			https://www.alphapurchase.co.jp/	CurrentAccumulatedQ1Instant	/disc/71150/081220260512527117_tse-qcedjpsm-71150-20260514371150-ixbrl.htm
2026-05-14	四半期	当期第1四半期累計				代表者の役職	TitleRepresentative			代表取締役 社長	CurrentAccumulatedQ1Instant	/disc/71150/081220260512527117_tse-qcedjpsm-71150-20260514371150-ixbrl.htm
2026-05-14	四半期	当期第1四半期累計				代表者名	NameRepresentative			田辺 孝夫	CurrentAccumulatedQ1Instant	/disc/71150/081220260512527117_tse-qcedjpsm-71150-20260514371150-ixbrl.htm
2026-05-14	四半期	当期第1四半期累計					TitleInquiries			執行役員	CurrentAccumulatedQ1Instant	/disc/71150/081220260512527117_tse-qcedjpsm-71150-20260514371150-ixbrl.htm
2026-05-14	四半期	当期第1四半期累計					NameInquiries			陰山 英明	CurrentAccumulatedQ1Instant	/disc/71150/081220260512527117_tse-qcedjpsm-71150-20260514371150-ixbrl.htm
2026-05-14	四半期	当期第1四半期累計					Tel			03-6628-8453	CurrentAccumulatedQ1Instant	/disc/71150/081220260512527117_tse-qcedjpsm-71150-20260514371150-ixbrl.htm
2026-05-14	四半期	当期第1四半期累計					SupplementalMaterialOfResults			有	CurrentAccumulatedQ1Instant	/disc/71150/081220260512527117_tse-qcedjpsm-71150-20260514371150-ixbrl.htm
2026-05-14	四半期	当期第1四半期累計					ConveningBriefingOfResults			有	CurrentAccumulatedQ1Instant	/disc/71150/081220260512527117_tse-qcedjpsm-71150-20260514371150-ixbrl.htm
2026-05-14	四半期	当期第1四半期累計					TargetForBriefingOfResults			（個人投資家向け）	CurrentAccumulatedQ1Instant	/disc/71150/081220260512527117_tse-qcedjpsm-71150-20260514371150-ixbrl.htm
2026-05-14	四半期	当期第1四半期累計					NoteToFractionProcessingMethod			（百万円未満切捨て）	CurrentAccumulatedQ1Instant	/disc/71150/081220260512527117_tse-qcedjpsm-71150-20260514371150-ixbrl.htm
2026-05-14	四半期	当期第1四半期累計	連結	実績		売上高	NetSales	15313000000	JPY	15,313	CurrentAccumulatedQ1Duration_ConsolidatedMember_ResultMember	/disc/71150/081220260512527117_tse-qcedjpsm-71150-20260514371150-ixbrl.htm
2026-05-14	四半期	当期第1四半期累計	連結	実績		売上高の増減率	ChangeInNetSales	0.062	Pure	6.2	CurrentAccumulatedQ1Duration_ConsolidatedMember_ResultMember	/disc/71150/081220260512527117_tse-qcedjpsm-71150-20260514371150-ixbrl.htm
2026-05-14	四半期	当期第1四半期累計	連結	実績		営業利益	OperatingIncome	416000000	JPY	416	CurrentAccumulatedQ1Duration_ConsolidatedMember_ResultMember	/disc/71150/081220260512527117_tse-qcedjpsm-71150-20260514371150-ixbrl.htm
2026-05-14	四半期	当期第1四半期累計	連結	実績		営業利益の増減率	ChangeInOperatingIncome	0.069	Pure	6.9	CurrentAccumulatedQ1Duration_ConsolidatedMember_ResultMember	/disc/71150/081220260512527117_tse-qcedjpsm-71150-20260514371150-ixbrl.htm
2026-05-14	四半期	当期第1四半期累計	連結	実績		経常利益	OrdinaryIncome	420000000	JPY	420	CurrentAccumulatedQ1Duration_ConsolidatedMember_ResultMember	/disc/71150/081220260512527117_tse-qcedjpsm-71150-20260514371150-ixbrl.htm
2026-05-14	四半期	当期第1四半期累計	連結	実績		経常利益の増減率	ChangeInOrdinaryIncome	0.075	Pure	7.5	CurrentAccumulatedQ1Duration_ConsolidatedMember_ResultMember	/disc/71150/081220260512527117_tse-qcedjpsm-71150-20260514371150-ixbrl.htm
2026-05-14	四半期	当期第1四半期累計	連結	実績		親会社株主に帰属する当期純利益	ProfitAttributableToOwnersOfParent	287000000	JPY	287	CurrentAccumulatedQ1Duration_ConsolidatedMember_ResultMember	/disc/71150/081220260512527117_tse-qcedjpsm-71150-20260514371150-ixbrl.htm
2026-05-14	四半期	当期第1四半期累計	連結	実績		親会社株主に帰属する当期純利益の増減率	ChangeInProfitAttributableToOwnersOfParent	0.030	Pure	3.0	CurrentAccumulatedQ1Duration_ConsolidatedMember_ResultMember	/disc/71150/081220260512527117_tse-qcedjpsm-71150-20260514371150-ixbrl.htm
2026-05-14	四半期	前期第1四半期累計	連結	実績		売上高	NetSales	14418000000	JPY	14,418	PriorAccumulatedQ1Duration_ConsolidatedMember_ResultMember	/disc/71150/081220260512527117_tse-qcedjpsm-71150-20260514371150-ixbrl.htm
2026-05-14	四半期	前期第1四半期累計	連結	実績		売上高の増減率	ChangeInNetSales	0.063	Pure	6.3	PriorAccumulatedQ1Duration_ConsolidatedMember_ResultMember	/disc/71150/081220260512527117_tse-qcedjpsm-71150-20260514371150-ixbrl.htm
2026-05-14	四半期	前期第1四半期累計	連結	実績		営業利益	OperatingIncome	389000000	JPY	389	PriorAccumulatedQ1Duration_ConsolidatedMember_ResultMember	/disc/71150/081220260512527117_tse-qcedjpsm-71150-20260514371150-ixbrl.htm
2026-05-14	四半期	前期第1四半期累計	連結	実績		営業利益の増減率	ChangeInOperatingIncome	0.345	Pure	34.5	PriorAccumulatedQ1Duration_ConsolidatedMember_ResultMember	/disc/71150/081220260512527117_tse-qcedjpsm-71150-20260514371150-ixbrl.htm
2026-05-14	四半期	前期第1四半期累計	連結	実績		経常利益	OrdinaryIncome	390000000	JPY	390	PriorAccumulatedQ1Duration_ConsolidatedMember_ResultMember	/disc/71150/081220260512527117_tse-qcedjpsm-71150-20260514371150-ixbrl.htm
2026-05-14	四半期	前期第1四半期累計	連結	実績		経常利益の増減率	ChangeInOrdinaryIncome	0.430	Pure	43.0	PriorAccumulatedQ1Duration_ConsolidatedMember_ResultMember	/disc/71150/081220260512527117_tse-qcedjpsm-71150-20260514371150-ixbrl.htm
2026-05-14	四半期	前期第1四半期累計	連結	実績		親会社株主に帰属する当期純利益	ProfitAttributableToOwnersOfParent	278000000	JPY	278	PriorAccumulatedQ1Duration_ConsolidatedMember_ResultMember	/disc/71150/081220260512527117_tse-qcedjpsm-71150-20260514371150-ixbrl.htm
2026-05-14	四半期	前期第1四半期累計	連結	実績		親会社株主に帰属する当期純利益の増減率	ChangeInProfitAttributableToOwnersOfParent	0.451	Pure	45.1	PriorAccumulatedQ1Duration_ConsolidatedMember_ResultMember	/disc/71150/081220260512527117_tse-qcedjpsm-71150-20260514371150-ixbrl.htm
2026-05-14	四半期	当期第1四半期累計	連結	実績		包括利益	ComprehensiveIncome	287000000	JPY	287	CurrentAccumulatedQ1Duration_ConsolidatedMember_ResultMember	/disc/71150/081220260512527117_tse-qcedjpsm-71150-20260514371150-ixbrl.htm
2026-05-14	四半期	当期第1四半期累計	連結	実績		包括利益の増減率	ChangeInComprehensiveIncome	0.030	Pure	3.0	CurrentAccumulatedQ1Duration_ConsolidatedMember_ResultMember	/disc/71150/081220260512527117_tse-qcedjpsm-71150-20260514371150-ixbrl.htm
2026-05-14	四半期	前期第1四半期累計	連結	実績		包括利益	ComprehensiveIncome	278000000	JPY	278	PriorAccumulatedQ1Duration_ConsolidatedMember_ResultMember	/disc/71150/081220260512527117_tse-qcedjpsm-71150-20260514371150-ixbrl.htm
2026-05-14	四半期	前期第1四半期累計	連結	実績		包括利益の増減率	ChangeInComprehensiveIncome	0.451	Pure	45.1	PriorAccumulatedQ1Duration_ConsolidatedMember_ResultMember	/disc/71150/081220260512527117_tse-qcedjpsm-71150-20260514371150-ixbrl.htm
2026-05-14	四半期	当期第1四半期累計	連結	実績		1株当たり当期純利益	NetIncomePerShare	29.34	JPYPerShares	29.34	CurrentAccumulatedQ1Duration_ConsolidatedMember_ResultMember	/disc/71150/081220260512527117_tse-qcedjpsm-71150-20260514371150-ixbrl.htm
2026-05-14	四半期	当期第1四半期累計	連結	実績		潜在株式調整後1株当たり当期純利益	DilutedNetIncomePerShare	28.58	JPYPerShares	28.58	CurrentAccumulatedQ1Duration_ConsolidatedMember_ResultMember	/disc/71150/081220260512527117_tse-qcedjpsm-71150-20260514371150-ixbrl.htm
2026-05-14	四半期	前期第1四半期累計	連結	実績		1株当たり当期純利益	NetIncomePerShare	28.76	JPYPerShares	28.76	PriorAccumulatedQ1Duration_ConsolidatedMember_ResultMember	/disc/71150/081220260512527117_tse-qcedjpsm-71150-20260514371150-ixbrl.htm
2026-05-14	四半期	前期第1四半期累計	連結	実績		潜在株式調整後1株当たり当期純利益	DilutedNetIncomePerShare	27.89	JPYPerShares	27.89	PriorAccumulatedQ1Duration_ConsolidatedMember_ResultMember	/disc/71150/081220260512527117_tse-qcedjpsm-71150-20260514371150-ixbrl.htm
2026-05-14	四半期	当期第1四半期累計	連結	実績		総資産	TotalAssets	16782000000	JPY	16,782	CurrentAccumulatedQ1Instant_ConsolidatedMember_ResultMember	/disc/71150/081220260512527117_tse-qcedjpsm-71150-20260514371150-ixbrl.htm
2026-05-14	四半期	当期第1四半期累計	連結	実績		純資産	NetAssets	6686000000	JPY	6,686	CurrentAccumulatedQ1Instant_ConsolidatedMember_ResultMember	/disc/71150/081220260512527117_tse-qcedjpsm-71150-20260514371150-ixbrl.htm
2026-05-14	四半期	当期第1四半期累計	連結	実績		自己資本比率	CapitalAdequacyRatio	0.398	Pure	39.8	CurrentAccumulatedQ1Instant_ConsolidatedMember_ResultMember	/disc/71150/081220260512527117_tse-qcedjpsm-71150-20260514371150-ixbrl.htm
2026-05-14	四半期	前期	連結	実績		総資産	TotalAssets	19854000000	JPY	19,854	PriorYearInstant_ConsolidatedMember_ResultMember	/disc/71150/081220260512527117_tse-qcedjpsm-71150-20260514371150-ixbrl.htm
2026-05-14	四半期	前期	連結	実績		純資産	NetAssets	6742000000	JPY	6,742	PriorYearInstant_ConsolidatedMember_ResultMember	/disc/71150/081220260512527117_tse-qcedjpsm-71150-20260514371150-ixbrl.htm
2026-05-14	四半期	前期	連結	実績		自己資本比率	CapitalAdequacyRatio	0.340	Pure	34.0	PriorYearInstant_ConsolidatedMember_ResultMember	/disc/71150/081220260512527117_tse-qcedjpsm-71150-20260514371150-ixbrl.htm
2026-05-14	四半期	当期第1四半期累計	連結	実績		自己資本	OwnersEquity	6686000000	JPY	6,686	CurrentAccumulatedQ1Instant_ConsolidatedMember_ResultMember	/disc/71150/081220260512527117_tse-qcedjpsm-71150-20260514371150-ixbrl.htm
2026-05-14	四半期	前期	連結	実績		自己資本	OwnersEquity	6742000000	JPY	6,742	PriorYearInstant_ConsolidatedMember_ResultMember	/disc/71150/081220260512527117_tse-qcedjpsm-71150-20260514371150-ixbrl.htm
2026-05-14	四半期	前期	単体	実績	第2四半期末	1株当たり配当金	DividendPerShare	0.00	JPYPerShares	0.00	PriorYearDuration_SecondQuarterMember_NonConsolidatedMember_ResultMember	/disc/71150/081220260512527117_tse-qcedjpsm-71150-20260514371150-ixbrl.htm
2026-05-14	四半期	前期	単体	実績	期末	1株当たり配当金	DividendPerShare	37.00	JPYPerShares	37.00	PriorYearDuration_YearEndMember_NonConsolidatedMember_ResultMember	/disc/71150/081220260512527117_tse-qcedjpsm-71150-20260514371150-ixbrl.htm
2026-05-14	四半期	前期	単体	実績	合計	1株当たり配当金	DividendPerShare	37.00	JPYPerShares	37.00	PriorYearDuration_AnnualMember_NonConsolidatedMember_ResultMember	/disc/71150/081220260512527117_tse-qcedjpsm-71150-20260514371150-ixbrl.htm
2026-05-14	四半期	当期	単体	予想	第2四半期末	1株当たり配当金	DividendPerShare	0.00	JPYPerShares	0.00	CurrentYearDuration_SecondQuarterMember_NonConsolidatedMember_ForecastMember	/disc/71150/081220260512527117_tse-qcedjpsm-71150-20260514371150-ixbrl.htm
2026-05-14	四半期	当期	単体	予想	期末	1株当たり配当金	DividendPerShare	37.00	JPYPerShares	37.00	CurrentYearDuration_YearEndMember_NonConsolidatedMember_ForecastMember	/disc/71150/081220260512527117_tse-qcedjpsm-71150-20260514371150-ixbrl.htm
2026-05-14	四半期	当期	単体	予想	合計	1株当たり配当金	DividendPerShare	37.00	JPYPerShares	37.00	CurrentYearDuration_AnnualMember_NonConsolidatedMember_ForecastMember	/disc/71150/081220260512527117_tse-qcedjpsm-71150-20260514371150-ixbrl.htm
2026-05-14	四半期	当期	単体	実績	合計	当四半期における配当予想の修正	CorrectionOfDividendForecastInThisQuarter			無	CurrentYearDuration_AnnualMember_NonConsolidatedMember_ResultMember	/disc/71150/081220260512527117_tse-qcedjpsm-71150-20260514371150-ixbrl.htm
2026-05-14	四半期	当期	連結	予想		業績予想の見出し	TitleForForecasts			３．2026年12月期の連結業績予想（2026年１月１日～2026年12月31日）	CurrentYearDuration_ConsolidatedMember_ForecastMember	/disc/71150/081220260512527117_tse-qcedjpsm-71150-20260514371150-ixbrl.htm
2026-05-14	四半期	当期	連結	予想		売上高	NetSales	65300000000	JPY	65,300	CurrentYearDuration_ConsolidatedMember_ForecastMember	/disc/71150/081220260512527117_tse-qcedjpsm-71150-20260514371150-ixbrl.htm
2026-05-14	四半期	当期	連結	予想		売上高の増減率	ChangeInNetSales	0.108	Pure	10.8	CurrentYearDuration_ConsolidatedMember_ForecastMember	/disc/71150/081220260512527117_tse-qcedjpsm-71150-20260514371150-ixbrl.htm
2026-05-14	四半期	当期	連結	予想		営業利益	OperatingIncome	1650000000	JPY	1,650	CurrentYearDuration_ConsolidatedMember_ForecastMember	/disc/71150/081220260512527117_tse-qcedjpsm-71150-20260514371150-ixbrl.htm
2026-05-14	四半期	当期	連結	予想		営業利益の増減率	ChangeInOperatingIncome	0.124	Pure	12.4	CurrentYearDuration_ConsolidatedMember_ForecastMember	/disc/71150/081220260512527117_tse-qcedjpsm-71150-20260514371150-ixbrl.htm
2026-05-14	四半期	当期	連結	予想		経常利益	OrdinaryIncome	1650000000	JPY	1,650	CurrentYearDuration_ConsolidatedMember_ForecastMember	/disc/71150/081220260512527117_tse-qcedjpsm-71150-20260514371150-ixbrl.htm
2026-05-14	四半期	当期	連結	予想		経常利益の増減率	ChangeInOrdinaryIncome	0.112	Pure	11.2	CurrentYearDuration_ConsolidatedMember_ForecastMember	/disc/71150/081220260512527117_tse-qcedjpsm-71150-20260514371150-ixbrl.htm
2026-05-14	四半期	当期	連結	予想		親会社株主に帰属する当期純利益	ProfitAttributableToOwnersOfParent	1130000000	JPY	1,130	CurrentYearDuration_ConsolidatedMember_ForecastMember	/disc/71150/081220260512527117_tse-qcedjpsm-71150-20260514371150-ixbrl.htm
2026-05-14	四半期	当期	連結	予想		親会社株主に帰属する当期純利益の増減率	ChangeInProfitAttributableToOwnersOfParent	0.096	Pure	9.6	CurrentYearDuration_ConsolidatedMember_ForecastMember	/disc/71150/081220260512527117_tse-qcedjpsm-71150-20260514371150-ixbrl.htm
2026-05-14	四半期	当期	連結	予想		1株当たり当期純利益	NetIncomePerShare	115.70	JPYPerShares	115.70	CurrentYearDuration_ConsolidatedMember_ForecastMember	/disc/71150/081220260512527117_tse-qcedjpsm-71150-20260514371150-ixbrl.htm
2026-05-14	四半期	当期	連結	予想		当四半期における業績予想の修正	CorrectionOfConsolidatedFinancialForecastInThisQuarter			無	CurrentYearDuration_ConsolidatedMember_ForecastMember	/disc/71150/081220260512527117_tse-qcedjpsm-71150-20260514371150-ixbrl.htm
2026-05-14	四半期	当期第1四半期累計	連結	実績		期中の連結範囲の重要な変更	SignificantChangesInTheScopeOfConsolidationDuringThePeriod			無	CurrentAccumulatedQ1Duration_ConsolidatedMember_ResultMember	/disc/71150/081220260512527117_tse-qcedjpsm-71150-20260514371150-ixbrl.htm
2026-05-14	四半期	当期第1四半期累計	連結	実績			ApplyingOfSpecificAccountingOfTheConsolidatedQuarterlyFinancialStatements			無	CurrentAccumulatedQ1Duration_ConsolidatedMember_ResultMember	/disc/71150/081220260512527117_tse-qcedjpsm-71150-20260514371150-ixbrl.htm
2026-05-14	四半期	当期第1四半期累計	連結	実績		会計基準等の改正に伴う変更	ChangesBasedOnRevisionsOfAccountingStandard			無	CurrentAccumulatedQ1Duration_ConsolidatedMember_ResultMember	/disc/71150/081220260512527117_tse-qcedjpsm-71150-20260514371150-ixbrl.htm
2026-05-14	四半期	当期第1四半期累計	連結	実績		それ以外の会計方針の変更	ChangesOtherThanOnesBasedOnRevisionsOfAccountingStandard			無	CurrentAccumulatedQ1Duration_ConsolidatedMember_ResultMember	/disc/71150/081220260512527117_tse-qcedjpsm-71150-20260514371150-ixbrl.htm
2026-05-14	四半期	当期第1四半期累計	連結	実績		会計上の見積りの変更	ChangesInAccountingEstimates			無	CurrentAccumulatedQ1Duration_ConsolidatedMember_ResultMember	/disc/71150/081220260512527117_tse-qcedjpsm-71150-20260514371150-ixbrl.htm
2026-05-14	四半期	当期第1四半期累計	連結	実績		修正再表示	RetrospectiveRestatement			無	CurrentAccumulatedQ1Duration_ConsolidatedMember_ResultMember	/disc/71150/081220260512527117_tse-qcedjpsm-71150-20260514371150-ixbrl.htm
2026-05-14	四半期	当期第1四半期累計	単体	実績		期末発行済株式数(自己株式を含む)	NumberOfIssuedAndOutstandingSharesAtTheEndOfFiscalYearIncludingTreasuryStock	9906000	Shares	9,906,000	CurrentAccumulatedQ1Instant_NonConsolidatedMember_ResultMember	/disc/71150/081220260512527117_tse-qcedjpsm-71150-20260514371150-ixbrl.htm
2026-05-14	四半期	前期	単体	実績		期末発行済株式数(自己株式を含む)	NumberOfIssuedAndOutstandingSharesAtTheEndOfFiscalYearIncludingTreasuryStock	9854500	Shares	9,854,500	PriorYearInstant_NonConsolidatedMember_ResultMember	/disc/71150/081220260512527117_tse-qcedjpsm-71150-20260514371150-ixbrl.htm
2026-05-14	四半期	当期第1四半期累計	単体	実績		期末自己株式数	NumberOfTreasuryStockAtTheEndOfFiscalYear	87512	Shares	87,512	CurrentAccumulatedQ1Instant_NonConsolidatedMember_ResultMember	/disc/71150/081220260512527117_tse-qcedjpsm-71150-20260514371150-ixbrl.htm
2026-05-14	四半期	前期	単体	実績		期末自己株式数	NumberOfTreasuryStockAtTheEndOfFiscalYear	87512	Shares	87,512	PriorYearInstant_NonConsolidatedMember_ResultMember	/disc/71150/081220260512527117_tse-qcedjpsm-71150-20260514371150-ixbrl.htm
2026-05-14	四半期	当期第1四半期累計	単体	実績		期中平均株式数	AverageNumberOfShares	9795866	Shares	9,795,866	CurrentAccumulatedQ1Duration_NonConsolidatedMember_ResultMember	/disc/71150/081220260512527117_tse-qcedjpsm-71150-20260514371150-ixbrl.htm
2026-05-14	四半期	前期第1四半期累計	単体	実績		期中平均株式数	AverageNumberOfShares	9699758	Shares	9,699,758	PriorAccumulatedQ1Duration_NonConsolidatedMember_ResultMember	/disc/71150/081220260512527117_tse-qcedjpsm-71150-20260514371150-ixbrl.htm
2026-05-14	四半期	当期第1四半期累計	単体	実績			NoteToNumberOfIssuedAndOutstandingSharesCommonStock			（注）当社は役員株式給付信託（BBT）を導入しております。このため、期末自己株式数については、当該信託保有の当社株式（2026年12月期１Ｑ：87,400株、2025年12月期：87,400株）を含めて記載しております。また、期中平均株式数については、当該信託保有の当社株式の期中平均株式数（2026年12月期１Ｑ：87,400株）を控除する自己株式数に含めております。	CurrentAccumulatedQ1Instant_NonConsolidatedMember_ResultMember	/disc/71150/081220260512527117_tse-qcedjpsm-71150-20260514371150-ixbrl.htm
2026-05-14	四半期	当期第1四半期累計					ReviewOfAttachedConsolidatedQuarterlyFinancialStatementsByACertifiedPublicAccountantOrAnAuditFirm			無	CurrentAccumulatedQ1Duration	/disc/71150/081220260512527117_tse-qcedjpsm-71150-20260514371150-ixbrl.htm
2026-05-14	四半期	当期				将来情報の利用に関する注意	NotesForUsingForecastedInformationAndOthers			本資料に記載されている業績見通し等の将来に関する記述は、当社が現在入手している情報および合理的であると判断する一定の前提に基づいており、その達成を当社として約束する趣旨のものではありません。また、実際の業績は様々な要因により大きく異なる可能性があります。決算補足説明資料については、当社ウェブサイトに掲載する予定です。https://www.alphapurchase.co.jp/ir/	CurrentYearDuration	/disc/71150/081220260512527117_tse-qcedjpsm-71150-20260514371150-ixbrl.htm
2026-05-14	四半期	当期				決算期末	FiscalYearEnd			2026-12-31	CurrentYearInstant	/disc/71150/081220260512527117_tse-qcedjpsm-71150-20260514371150-ixbrl.htm
2026-05-14	四半期	当期第1四半期累計				四半期	QuarterlyPeriod	1	Pure	1	CurrentAccumulatedQ1Instant	/disc/71150/081220260512527117_tse-qcedjpsm-71150-20260514371150-ixbrl.htm
2026-08-10	半期	当期第2四半期累計				書類名	DocumentName			第２四半期（中間期）決算短信〔日本基準〕（連結）	CurrentAccumulatedQ2Instant	/disc/71150/081220260807514396_tse-scedjpsy-71150-20260810371150-ixbrl.htm
2026-08-10	半期	当期第2四半期累計				提出日	FilingDate			2026年８月10日	CurrentAccumulatedQ2Instant	/disc/71150/081220260807514396_tse-scedjpsy-71150-20260810371150-ixbrl.htm
2026-08-10	半期	当期第2四半期累計				会社名	CompanyName			株式会社アルファパーチェス	CurrentAccumulatedQ2Instant	/disc/71150/081220260807514396_tse-scedjpsy-71150-20260810371150-ixbrl.htm
2026-08-10	半期	当期第2四半期累計					TokyoStockExchange			東	CurrentAccumulatedQ2Instant	/disc/71150/081220260807514396_tse-scedjpsy-71150-20260810371150-ixbrl.htm
2026-08-10	半期	当期第2四半期累計				証券コード	SecuritiesCode			7115	CurrentAccumulatedQ2Instant	/disc/71150/081220260807514396_tse-scedjpsy-71150-20260810371150-ixbrl.htm
2026-08-10	半期	当期第2四半期累計				URL	URL			https://www.alphapurchase.co.jp/	CurrentAccumulatedQ2Instant	/disc/71150/081220260807514396_tse-scedjpsy-71150-20260810371150-ixbrl.htm
2026-08-10	半期	当期第2四半期累計				代表者の役職	TitleRepresentative			代表取締役 社長	CurrentAccumulatedQ2Instant	/disc/71150/081220260807514396_tse-scedjpsy-71150-20260810371150-ixbrl.htm
2026-08-10	半期	当期第2四半期累計				代表者名	NameRepresentative			田辺 孝夫	CurrentAccumulatedQ2Instant	/disc/71150/081220260807514396_tse-scedjpsy-71150-20260810371150-ixbrl.htm
2026-08-10	半期	当期第2四半期累計					TitleInquiries			執行役員	CurrentAccumulatedQ2Instant	/disc/71150/081220260807514396_tse-scedjpsy-71150-20260810371150-ixbrl.htm
2026-08-10	半期	当期第2四半期累計					NameInquiries			芝村 健太	CurrentAccumulatedQ2Instant	/disc/71150/081220260807514396_tse-scedjpsy-71150-20260810371150-ixbrl.htm
2026-08-10	半期	当期第2四半期累計					Tel			03-6628-8453	CurrentAccumulatedQ2Instant	/disc/71150/081220260807514396_tse-scedjpsy-71150-20260810371150-ixbrl.htm
2026-08-10	半期	当期第2四半期累計					SemiAnnualStatementFilingDateAsPlanned			2026年８月10日	CurrentAccumulatedQ2Instant	/disc/71150/081220260807514396_tse-scedjpsy-71150-20260810371150-ixbrl.htm
2026-08-10	半期	当期第2四半期累計					SupplementalMaterialOfResults			有	CurrentAccumulatedQ2Instant	/disc/71150/081220260807514396_tse-scedjpsy-71150-20260810371150-ixbrl.htm
2026-08-10	半期	当期第2四半期累計					ConveningBriefingOfResults			有	CurrentAccumulatedQ2Instant	/disc/71150/081220260807514396_tse-scedjpsy-71150-20260810371150-ixbrl.htm
2026-08-10	半期	当期第2四半期累計					TargetForBriefingOfResults			（個人投資家向け）	CurrentAccumulatedQ2Instant	/disc/71150/081220260807514396_tse-scedjpsy-71150-20260810371150-ixbrl.htm
2026-08-10	半期	当期第2四半期累計					NoteToFractionProcessingMethod			（百万円未満切捨て）	CurrentAccumulatedQ2Instant	/disc/71150/081220260807514396_tse-scedjpsy-71150-20260810371150-ixbrl.htm
2026-08-10	半期	当期第2四半期累計	連結	実績		売上高	NetSales	30852000000	JPY	30,852	CurrentAccumulatedQ2Duration_ConsolidatedMember_ResultMember	/disc/71150/081220260807514396_tse-scedjpsy-71150-20260810371150-ixbrl.htm
2026-08-10	半期	当期第2四半期累計	連結	実績		売上高の増減率	ChangeInNetSales	0.078	Pure	7.8	CurrentAccumulatedQ2Duration_ConsolidatedMember_ResultMember	/disc/71150/081220260807514396_tse-scedjpsy-71150-20260810371150-ixbrl.htm
2026-08-10	半期	当期第2四半期累計	連結	実績		営業利益	OperatingIncome	757000000	JPY	757	CurrentAccumulatedQ2Duration_ConsolidatedMember_ResultMember	/disc/71150/081220260807514396_tse-scedjpsy-71150-20260810371150-ixbrl.htm
2026-08-10	半期	当期第2四半期累計	連結	実績		営業利益の増減率	ChangeInOperatingIncome	0.055	Pure	5.5	CurrentAccumulatedQ2Duration_ConsolidatedMember_ResultMember	/disc/71150/081220260807514396_tse-scedjpsy-71150-20260810371150-ixbrl.htm
2026-08-10	半期	当期第2四半期累計	連結	実績		経常利益	OrdinaryIncome	764000000	JPY	764	CurrentAccumulatedQ2Duration_ConsolidatedMember_ResultMember	/disc/71150/081220260807514396_tse-scedjpsy-71150-20260810371150-ixbrl.htm
2026-08-10	半期	当期第2四半期累計	連結	実績		経常利益の増減率	ChangeInOrdinaryIncome	0.069	Pure	6.9	CurrentAccumulatedQ2Duration_ConsolidatedMember_ResultMember	/disc/71150/081220260807514396_tse-scedjpsy-71150-20260810371150-ixbrl.htm
2026-08-10	半期	当期第2四半期累計	連結	実績		親会社株主に帰属する当期純利益	ProfitAttributableToOwnersOfParent	514000000	JPY	514	CurrentAccumulatedQ2Duration_ConsolidatedMember_ResultMember	/disc/71150/081220260807514396_tse-scedjpsy-71150-20260810371150-ixbrl.htm
2026-08-10	半期	当期第2四半期累計	連結	実績		親会社株主に帰属する当期純利益の増減率	ChangeInProfitAttributableToOwnersOfParent	0.017	Pure	1.7	CurrentAccumulatedQ2Duration_ConsolidatedMember_ResultMember	/disc/71150/081220260807514396_tse-scedjpsy-71150-20260810371150-ixbrl.htm
2026-08-10	半期	前期第2四半期累計	連結	実績		売上高	NetSales	28631000000	JPY	28,631	PriorAccumulatedQ2Duration_ConsolidatedMember_ResultMember	/disc/71150/081220260807514396_tse-scedjpsy-71150-20260810371150-ixbrl.htm
2026-08-10	半期	前期第2四半期累計	連結	実績		売上高の増減率	ChangeInNetSales	0.069	Pure	6.9	PriorAccumulatedQ2Duration_ConsolidatedMember_ResultMember	/disc/71150/081220260807514396_tse-scedjpsy-71150-20260810371150-ixbrl.htm
2026-08-10	半期	前期第2四半期累計	連結	実績		営業利益	OperatingIncome	717000000	JPY	717	PriorAccumulatedQ2Duration_ConsolidatedMember_ResultMember	/disc/71150/081220260807514396_tse-scedjpsy-71150-20260810371150-ixbrl.htm
2026-08-10	半期	前期第2四半期累計	連結	実績		営業利益の増減率	ChangeInOperatingIncome	0.274	Pure	27.4	PriorAccumulatedQ2Duration_ConsolidatedMember_ResultMember	/disc/71150/081220260807514396_tse-scedjpsy-71150-20260810371150-ixbrl.htm
2026-08-10	半期	前期第2四半期累計	連結	実績		経常利益	OrdinaryIncome	714000000	JPY	714	PriorAccumulatedQ2Duration_ConsolidatedMember_ResultMember	/disc/71150/081220260807514396_tse-scedjpsy-71150-20260810371150-ixbrl.htm
2026-08-10	半期	前期第2四半期累計	連結	実績		経常利益の増減率	ChangeInOrdinaryIncome	0.303	Pure	30.3	PriorAccumulatedQ2Duration_ConsolidatedMember_ResultMember	/disc/71150/081220260807514396_tse-scedjpsy-71150-20260810371150-ixbrl.htm
2026-08-10	半期	前期第2四半期累計	連結	実績		親会社株主に帰属する当期純利益	ProfitAttributableToOwnersOfParent	506000000	JPY	506	PriorAccumulatedQ2Duration_ConsolidatedMember_ResultMember	/disc/71150/081220260807514396_tse-scedjpsy-71150-20260810371150-ixbrl.htm
2026-08-10	半期	前期第2四半期累計	連結	実績		親会社株主に帰属する当期純利益の増減率	ChangeInProfitAttributableToOwnersOfParent	0.276	Pure	27.6	PriorAccumulatedQ2Duration_ConsolidatedMember_ResultMember	/disc/71150/081220260807514396_tse-scedjpsy-71150-20260810371150-ixbrl.htm
2026-08-10	半期	当期第2四半期累計	連結	実績		包括利益	ComprehensiveIncome	514000000	JPY	514	CurrentAccumulatedQ2Duration_ConsolidatedMember_ResultMember	/disc/71150/081220260807514396_tse-scedjpsy-71150-20260810371150-ixbrl.htm
2026-08-10	半期	当期第2四半期累計	連結	実績		包括利益の増減率	ChangeInComprehensiveIncome	0.017	Pure	1.7	CurrentAccumulatedQ2Duration_ConsolidatedMember_ResultMember	/disc/71150/081220260807514396_tse-scedjpsy-71150-20260810371150-ixbrl.htm
2026-08-10	半期	前期第2四半期累計	連結	実績		包括利益	ComprehensiveIncome	506000000	JPY	506	PriorAccumulatedQ2Duration_ConsolidatedMember_ResultMember	/disc/71150/081220260807514396_tse-scedjpsy-71150-20260810371150-ixbrl.htm
2026-08-10	半期	前期第2四半期累計	連結	実績		包括利益の増減率	ChangeInComprehensiveIncome	0.276	Pure	27.6	PriorAccumulatedQ2Duration_ConsolidatedMember_ResultMember	/disc/71150/081220260807514396_tse-scedjpsy-71150-20260810371150-ixbrl.htm
2026-08-10	半期	当期第2四半期累計	連結	実績		1株当たり当期純利益	NetIncomePerShare	52.49	JPYPerShares	52.49	CurrentAccumulatedQ2Duration_ConsolidatedMember_ResultMember	/disc/71150/081220260807514396_tse-scedjpsy-71150-20260810371150-ixbrl.htm
2026-08-10	半期	当期第2四半期累計	連結	実績		潜在株式調整後1株当たり当期純利益	DilutedNetIncomePerShare	51.27	JPYPerShares	51.27	CurrentAccumulatedQ2Duration_ConsolidatedMember_ResultMember	/disc/71150/081220260807514396_tse-scedjpsy-71150-20260810371150-ixbrl.htm
2026-08-10	半期	前期第2四半期累計	連結	実績		1株当たり当期純利益	NetIncomePerShare	52.22	JPYPerShares	52.22	PriorAccumulatedQ2Duration_ConsolidatedMember_ResultMember	/disc/71150/081220260807514396_tse-scedjpsy-71150-20260810371150-ixbrl.htm
2026-08-10	半期	前期第2四半期累計	連結	実績		潜在株式調整後1株当たり当期純利益	DilutedNetIncomePerShare	50.23	JPYPerShares	50.23	PriorAccumulatedQ2Duration_ConsolidatedMember_ResultMember	/disc/71150/081220260807514396_tse-scedjpsy-71150-20260810371150-ixbrl.htm
2026-08-10	半期	当期第2四半期累計	連結	実績		総資産	TotalAssets	17426000000	JPY	17,426	CurrentAccumulatedQ2Instant_ConsolidatedMember_ResultMember	/disc/71150/081220260807514396_tse-scedjpsy-71150-20260810371150-ixbrl.htm
2026-08-10	半期	当期第2四半期累計	連結	実績		純資産	NetAssets	6926000000	JPY	6,926	CurrentAccumulatedQ2Instant_ConsolidatedMember_ResultMember	/disc/71150/081220260807514396_tse-scedjpsy-71150-20260810371150-ixbrl.htm
2026-08-10	半期	当期第2四半期累計	連結	実績		自己資本比率	CapitalAdequacyRatio	0.397	Pure	39.7	CurrentAccumulatedQ2Instant_ConsolidatedMember_ResultMember	/disc/71150/081220260807514396_tse-scedjpsy-71150-20260810371150-ixbrl.htm
2026-08-10	半期	前期	連結	実績		総資産	TotalAssets	19854000000	JPY	19,854	PriorYearInstant_ConsolidatedMember_ResultMember	/disc/71150/081220260807514396_tse-scedjpsy-71150-20260810371150-ixbrl.htm
2026-08-10	半期	前期	連結	実績		純資産	NetAssets	6742000000	JPY	6,742	PriorYearInstant_ConsolidatedMember_ResultMember	/disc/71150/081220260807514396_tse-scedjpsy-71150-20260810371150-ixbrl.htm
2026-08-10	半期	前期	連結	実績		自己資本比率	CapitalAdequacyRatio	0.340	Pure	34.0	PriorYearInstant_ConsolidatedMember_ResultMember	/disc/71150/081220260807514396_tse-scedjpsy-71150-20260810371150-ixbrl.htm
2026-08-10	半期	当期第2四半期累計	連結	実績		自己資本	OwnersEquity	6926000000	JPY	6,926	CurrentAccumulatedQ2Instant_ConsolidatedMember_ResultMember	/disc/71150/081220260807514396_tse-scedjpsy-71150-20260810371150-ixbrl.htm
2026-08-10	半期	前期	連結	実績		自己資本	OwnersEquity	6742000000	JPY	6,742	PriorYearInstant_ConsolidatedMember_ResultMember	/disc/71150/081220260807514396_tse-scedjpsy-71150-20260810371150-ixbrl.htm
2026-08-10	半期	前期	単体	実績	第2四半期末	1株当たり配当金	DividendPerShare	0.00	JPYPerShares	0.00	PriorYearDuration_SecondQuarterMember_NonConsolidatedMember_ResultMember	/disc/71150/081220260807514396_tse-scedjpsy-71150-20260810371150-ixbrl.htm
2026-08-10	半期	前期	単体	実績	期末	1株当たり配当金	DividendPerShare	37.00	JPYPerShares	37.00	PriorYearDuration_YearEndMember_NonConsolidatedMember_ResultMember	/disc/71150/081220260807514396_tse-scedjpsy-71150-20260810371150-ixbrl.htm
2026-08-10	半期	前期	単体	実績	合計	1株当たり配当金	DividendPerShare	37.00	JPYPerShares	37.00	PriorYearDuration_AnnualMember_NonConsolidatedMember_ResultMember	/disc/71150/081220260807514396_tse-scedjpsy-71150-20260810371150-ixbrl.htm
2026-08-10	半期	当期	単体	実績	第2四半期末	1株当たり配当金	DividendPerShare	0.00	JPYPerShares	0.00	CurrentYearDuration_SecondQuarterMember_NonConsolidatedMember_ResultMember	/disc/71150/081220260807514396_tse-scedjpsy-71150-20260810371150-ixbrl.htm
2026-08-10	半期	当期	単体	予想	期末	1株当たり配当金	DividendPerShare	37.00	JPYPerShares	37.00	CurrentYearDuration_YearEndMember_NonConsolidatedMember_ForecastMember	/disc/71150/081220260807514396_tse-scedjpsy-71150-20260810371150-ixbrl.htm
2026-08-10	半期	当期	単体	予想	合計	1株当たり配当金	DividendPerShare	37.00	JPYPerShares	37.00	CurrentYearDuration_AnnualMember_NonConsolidatedMember_ForecastMember	/disc/71150/081220260807514396_tse-scedjpsy-71150-20260810371150-ixbrl.htm
2026-08-10	半期	当期	単体	実績	合計	当四半期における配当予想の修正	CorrectionOfDividendForecastInThisQuarter			無	CurrentYearDuration_AnnualMember_NonConsolidatedMember_ResultMember	/disc/71150/081220260807514396_tse-scedjpsy-71150-20260810371150-ixbrl.htm
2026-08-10	半期	当期	連結	予想		業績予想の見出し	TitleForForecasts			３．2026年12月期の連結業績予想（2026年１月１日～2026年12月31日）	CurrentYearDuration_ConsolidatedMember_ForecastMember	/disc/71150/081220260807514396_tse-scedjpsy-71150-20260810371150-ixbrl.htm
2026-08-10	半期	当期	連結	予想		売上高	NetSales	65300000000	JPY	65,300	CurrentYearDuration_ConsolidatedMember_ForecastMember	/disc/71150/081220260807514396_tse-scedjpsy-71150-20260810371150-ixbrl.htm
2026-08-10	半期	当期	連結	予想		売上高の増減率	ChangeInNetSales	0.108	Pure	10.8	CurrentYearDuration_ConsolidatedMember_ForecastMember	/disc/71150/081220260807514396_tse-scedjpsy-71150-20260810371150-ixbrl.htm
2026-08-10	半期	当期	連結	予想		営業利益	OperatingIncome	1650000000	JPY	1,650	CurrentYearDuration_ConsolidatedMember_ForecastMember	/disc/71150/081220260807514396_tse-scedjpsy-71150-20260810371150-ixbrl.htm
2026-08-10	半期	当期	連結	予想		営業利益の増減率	ChangeInOperatingIncome	0.124	Pure	12.4	CurrentYearDuration_ConsolidatedMember_ForecastMember	/disc/71150/081220260807514396_tse-scedjpsy-71150-20260810371150-ixbrl.htm
2026-08-10	半期	当期	連結	予想		経常利益	OrdinaryIncome	1650000000	JPY	1,650	CurrentYearDuration_ConsolidatedMember_ForecastMember	/disc/71150/081220260807514396_tse-scedjpsy-71150-20260810371150-ixbrl.htm
2026-08-10	半期	当期	連結	予想		経常利益の増減率	ChangeInOrdinaryIncome	0.112	Pure	11.2	CurrentYearDuration_ConsolidatedMember_ForecastMember	/disc/71150/081220260807514396_tse-scedjpsy-71150-20260810371150-ixbrl.htm
2026-08-10	半期	当期	連結	予想		親会社株主に帰属する当期純利益	ProfitAttributableToOwnersOfParent	1130000000	JPY	1,130	CurrentYearDuration_ConsolidatedMember_ForecastMember	/disc/71150/081220260807514396_tse-scedjpsy-71150-20260810371150-ixbrl.htm
2026-08-10	半期	当期	連結	予想		親会社株主に帰属する当期純利益の増減率	ChangeInProfitAttributableToOwnersOfParent	0.096	Pure	9.6	CurrentYearDuration_ConsolidatedMember_ForecastMember	/disc/71150/081220260807514396_tse-scedjpsy-71150-20260810371150-ixbrl.htm
2026-08-10	半期	当期	連結	予想		1株当たり当期純利益	NetIncomePerShare	115.70	JPYPerShares	115.70	CurrentYearDuration_ConsolidatedMember_ForecastMember	/disc/71150/081220260807514396_tse-scedjpsy-71150-20260810371150-ixbrl.htm
2026-08-10	半期	当期	連結	予想		当四半期における業績予想の修正	CorrectionOfConsolidatedFinancialForecastInThisQuarter			無	CurrentYearDuration_ConsolidatedMember_ForecastMember	/disc/71150/081220260807514396_tse-scedjpsy-71150-20260810371150-ixbrl.htm
2026-08-10	半期	当期第2四半期累計	連結	実績		期中の連結範囲の重要な変更	SignificantChangesInTheScopeOfConsolidationDuringThePeriod			無	CurrentAccumulatedQ2Duration_ConsolidatedMember_ResultMember	/disc/71150/081220260807514396_tse-scedjpsy-71150-20260810371150-ixbrl.htm
2026-08-10	半期	当期第2四半期累計	連結	実績			ApplyingOfSpecificAccountingOfTheConsolidatedSemiAnnualFinancialStatements			無	CurrentAccumulatedQ2Duration_ConsolidatedMember_ResultMember	/disc/71150/081220260807514396_tse-scedjpsy-71150-20260810371150-ixbrl.htm
2026-08-10	半期	当期第2四半期累計	連結	実績		会計基準等の改正に伴う変更	ChangesBasedOnRevisionsOfAccountingStandard			無	CurrentAccumulatedQ2Duration_ConsolidatedMember_ResultMember	/disc/71150/081220260807514396_tse-scedjpsy-71150-20260810371150-ixbrl.htm
2026-08-10	半期	当期第2四半期累計	連結	実績		それ以外の会計方針の変更	ChangesOtherThanOnesBasedOnRevisionsOfAccountingStandard			無	CurrentAccumulatedQ2Duration_ConsolidatedMember_ResultMember	/disc/71150/081220260807514396_tse-scedjpsy-71150-20260810371150-ixbrl.htm
2026-08-10	半期	当期第2四半期累計	連結	実績		会計上の見積りの変更	ChangesInAccountingEstimates			無	CurrentAccumulatedQ2Duration_ConsolidatedMember_ResultMember	/disc/71150/081220260807514396_tse-scedjpsy-71150-20260810371150-ixbrl.htm
2026-08-10	半期	当期第2四半期累計	連結	実績		修正再表示	RetrospectiveRestatement			無	CurrentAccumulatedQ2Duration_ConsolidatedMember_ResultMember	/disc/71150/081220260807514396_tse-scedjpsy-71150-20260810371150-ixbrl.htm
2026-08-10	半期	当期第2四半期累計	単体	実績		期末発行済株式数(自己株式を含む)	NumberOfIssuedAndOutstandingSharesAtTheEndOfFiscalYearIncludingTreasuryStock	9911500	Shares	9,911,500	CurrentAccumulatedQ2Instant_NonConsolidatedMember_ResultMember	/disc/71150/081220260807514396_tse-scedjpsy-71150-20260810371150-ixbrl.htm
2026-08-10	半期	前期	単体	実績		期末発行済株式数(自己株式を含む)	NumberOfIssuedAndOutstandingSharesAtTheEndOfFiscalYearIncludingTreasuryStock	9854500	Shares	9,854,500	PriorYearInstant_NonConsolidatedMember_ResultMember	/disc/71150/081220260807514396_tse-scedjpsy-71150-20260810371150-ixbrl.htm
2026-08-10	半期	当期第2四半期累計	単体	実績		期末自己株式数	NumberOfTreasuryStockAtTheEndOfFiscalYear	84712	Shares	84,712	CurrentAccumulatedQ2Instant_NonConsolidatedMember_ResultMember	/disc/71150/081220260807514396_tse-scedjpsy-71150-20260810371150-ixbrl.htm
2026-08-10	半期	前期	単体	実績		期末自己株式数	NumberOfTreasuryStockAtTheEndOfFiscalYear	87512	Shares	87,512	PriorYearInstant_NonConsolidatedMember_ResultMember	/disc/71150/081220260807514396_tse-scedjpsy-71150-20260810371150-ixbrl.htm
2026-08-10	半期	当期第2四半期累計	単体	実績		期中平均株式数	AverageNumberOfShares	9809825	Shares	9,809,825	CurrentAccumulatedQ2Duration_NonConsolidatedMember_ResultMember	/disc/71150/081220260807514396_tse-scedjpsy-71150-20260810371150-ixbrl.htm
2026-08-10	半期	前期第2四半期累計	単体	実績		期中平均株式数	AverageNumberOfShares	9699301	Shares	9,699,301	PriorAccumulatedQ2Duration_NonConsolidatedMember_ResultMember	/disc/71150/081220260807514396_tse-scedjpsy-71150-20260810371150-ixbrl.htm
2026-08-10	半期	当期第2四半期累計	単体	実績			NoteToNumberOfIssuedAndOutstandingSharesCommonStock			（注）当社は役員株式給付信託（BBT）を導入しております。このため、期末自己株式数については、当該信託保有の当社株式（2026年12月期中間期84,600株、2025年12月期：87,400株）を含めて記載しております。また、期中平均株式数については、当該信託保有の当社株式の期中平均株式数（2026年12月期中間期86,364株、2025年12月期中間期12,039株）を控除する自己株式数に含めております。	CurrentAccumulatedQ2Instant_NonConsolidatedMember_ResultMember	/disc/71150/081220260807514396_tse-scedjpsy-71150-20260810371150-ixbrl.htm
2026-08-10	半期	当期				将来情報の利用に関する注意	NotesForUsingForecastedInformationAndOthers			本資料に記載されている業績見通し等の将来に関する記述は、当社が現在入手している情報及び合理的であると判断する一定の前提に基づいており、その達成を当社として約束する趣旨のものではありません。また、実際の業績は様々な要因により大きく異なる可能性があります。決算補足説明資料については、当社ウェブサイトに掲載する予定です。https://www.alphapurchase.co.jp/ir/	CurrentYearDuration	/disc/71150/081220260807514396_tse-scedjpsy-71150-20260810371150-ixbrl.htm
2026-08-10	半期	当期				決算期末	FiscalYearEnd			2026-12-31	CurrentYearInstant	/disc/71150/081220260807514396_tse-scedjpsy-71150-20260810371150-ixbrl.htm
2026-08-10	半期	当期第2四半期累計				四半期	QuarterlyPeriod	2	Pure	2	CurrentAccumulatedQ2Instant	/disc/71150/081220260807514396_tse-scedjpsy-71150-20260810371150-ixbrl.htm
