日付	書類	期	連単	区分	四半期	項目名	タグ	値	単位	表示	コンテキスト	出所
2018-05-14	四半期	当期第3四半期累計				書類名	DocumentName			第3四半期決算短信〔日本基準〕（連結）	CurrentAccumulatedQ3Instant	/disc/73200/081220180427423971_tse-qcedjpsm-73200-20180427423971-ixbrl.htm
2018-05-14	四半期	当期第3四半期累計				提出日	FilingDate			平成30年5月14日	CurrentAccumulatedQ3Instant	/disc/73200/081220180427423971_tse-qcedjpsm-73200-20180427423971-ixbrl.htm
2018-05-14	四半期	当期第3四半期累計				会社名	CompanyName			日本リビング保証株式会社	CurrentAccumulatedQ3Instant	/disc/73200/081220180427423971_tse-qcedjpsm-73200-20180427423971-ixbrl.htm
2018-05-14	四半期	当期第3四半期累計					TokyoStockExchange			東	CurrentAccumulatedQ3Instant	/disc/73200/081220180427423971_tse-qcedjpsm-73200-20180427423971-ixbrl.htm
2018-05-14	四半期	当期第3四半期累計				証券コード	SecuritiesCode			73200	CurrentAccumulatedQ3Instant	/disc/73200/081220180427423971_tse-qcedjpsm-73200-20180427423971-ixbrl.htm
2018-05-14	四半期	当期第3四半期累計				URL	URL			https://www.jlw.jp	CurrentAccumulatedQ3Instant	/disc/73200/081220180427423971_tse-qcedjpsm-73200-20180427423971-ixbrl.htm
2018-05-14	四半期	当期第3四半期累計				代表者の役職	TitleRepresentative			代表取締役社長	CurrentAccumulatedQ3Instant	/disc/73200/081220180427423971_tse-qcedjpsm-73200-20180427423971-ixbrl.htm
2018-05-14	四半期	当期第3四半期累計				代表者名	NameRepresentative			安達 慶高	CurrentAccumulatedQ3Instant	/disc/73200/081220180427423971_tse-qcedjpsm-73200-20180427423971-ixbrl.htm
2018-05-14	四半期	当期第3四半期累計					TitleInquiries			取締役管理グループ管掌	CurrentAccumulatedQ3Instant	/disc/73200/081220180427423971_tse-qcedjpsm-73200-20180427423971-ixbrl.htm
2018-05-14	四半期	当期第3四半期累計					NameInquiries			竹林 俊介	CurrentAccumulatedQ3Instant	/disc/73200/081220180427423971_tse-qcedjpsm-73200-20180427423971-ixbrl.htm
2018-05-14	四半期	当期第3四半期累計					Tel			03-6276-0401	CurrentAccumulatedQ3Instant	/disc/73200/081220180427423971_tse-qcedjpsm-73200-20180427423971-ixbrl.htm
2018-05-14	四半期	当期第3四半期累計					QuarterlyStatementFilingDateAsPlanned			平成30年5月15日	CurrentAccumulatedQ3Instant	/disc/73200/081220180427423971_tse-qcedjpsm-73200-20180427423971-ixbrl.htm
2018-05-14	四半期	当期第3四半期累計					SupplementalMaterialOfQuarterlyResults			無	CurrentAccumulatedQ3Instant	/disc/73200/081220180427423971_tse-qcedjpsm-73200-20180427423971-ixbrl.htm
2018-05-14	四半期	当期第3四半期累計					ConveningBriefingOfQuarterlyResults			無	CurrentAccumulatedQ3Instant	/disc/73200/081220180427423971_tse-qcedjpsm-73200-20180427423971-ixbrl.htm
2018-05-14	四半期	当期第3四半期累計					NoteToFractionProcessingMethod			（百万円未満切捨て）	CurrentAccumulatedQ3Instant	/disc/73200/081220180427423971_tse-qcedjpsm-73200-20180427423971-ixbrl.htm
2018-05-14	四半期	当期第3四半期累計	連結	実績		売上高	NetSales	911000000	JPY	911	CurrentAccumulatedQ3Duration_ConsolidatedMember_ResultMember	/disc/73200/081220180427423971_tse-qcedjpsm-73200-20180427423971-ixbrl.htm
2018-05-14	四半期	当期第3四半期累計	連結	実績		営業利益	OperatingIncome	110000000	JPY	110	CurrentAccumulatedQ3Duration_ConsolidatedMember_ResultMember	/disc/73200/081220180427423971_tse-qcedjpsm-73200-20180427423971-ixbrl.htm
2018-05-14	四半期	当期第3四半期累計	連結	実績		経常利益	OrdinaryIncome	106000000	JPY	106	CurrentAccumulatedQ3Duration_ConsolidatedMember_ResultMember	/disc/73200/081220180427423971_tse-qcedjpsm-73200-20180427423971-ixbrl.htm
2018-05-14	四半期	当期第3四半期累計	連結	実績		親会社株主に帰属する当期純利益	ProfitAttributableToOwnersOfParent	80000000	JPY	80	CurrentAccumulatedQ3Duration_ConsolidatedMember_ResultMember	/disc/73200/081220180427423971_tse-qcedjpsm-73200-20180427423971-ixbrl.htm
2018-05-14	四半期	当期第3四半期累計	連結	実績		包括利益	ComprehensiveIncome	82000000	JPY	82	CurrentAccumulatedQ3Duration_ConsolidatedMember_ResultMember	/disc/73200/081220180427423971_tse-qcedjpsm-73200-20180427423971-ixbrl.htm
2018-05-14	四半期	当期第3四半期累計	連結	実績		1株当たり当期純利益	NetIncomePerShare	57.39	JPYPerShares	57.39	CurrentAccumulatedQ3Duration_ConsolidatedMember_ResultMember	/disc/73200/081220180427423971_tse-qcedjpsm-73200-20180427423971-ixbrl.htm
2018-05-14	四半期	当期第3四半期累計	連結	実績		潜在株式調整後1株当たり当期純利益	DilutedNetIncomePerShare	54.02	JPYPerShares	54.02	CurrentAccumulatedQ3Duration_ConsolidatedMember_ResultMember	/disc/73200/081220180427423971_tse-qcedjpsm-73200-20180427423971-ixbrl.htm
2018-05-14	四半期	当期第3四半期累計	連結	実績		経営成績の注記	NoteToOperatingResults			（注） １．平成29年６月期第３四半期については四半期連結財務諸表を作成していないため、平成29年６月期第３四半期の数値及び平成30年６月期第３ 四半期の対前年同四半期増減率については記載しておりません。 ２．平成30年６月期第３四半期累計期間の潜在株式調整後１株当たり四半期純利益については、当社株式が平成30年３月30日に東京証券取引所 マザーズ市場に上場したため、新規上場日から当第３四半期連結会計期間末までの平均株価（気配値を含む）を期中平均株価とみなして算出 しております。	CurrentAccumulatedQ3Duration_ConsolidatedMember_ResultMember	/disc/73200/081220180427423971_tse-qcedjpsm-73200-20180427423971-ixbrl.htm
2018-05-14	四半期	当期第3四半期累計	連結	実績		総資産	TotalAssets	4690000000	JPY	4,690	CurrentAccumulatedQ3Instant_ConsolidatedMember_ResultMember	/disc/73200/081220180427423971_tse-qcedjpsm-73200-20180427423971-ixbrl.htm
2018-05-14	四半期	当期第3四半期累計	連結	実績		純資産	NetAssets	264000000	JPY	264	CurrentAccumulatedQ3Instant_ConsolidatedMember_ResultMember	/disc/73200/081220180427423971_tse-qcedjpsm-73200-20180427423971-ixbrl.htm
2018-05-14	四半期	当期第3四半期累計	連結	実績		自己資本比率	CapitalAdequacyRatio	0.056	Pure	5.6	CurrentAccumulatedQ3Instant_ConsolidatedMember_ResultMember	/disc/73200/081220180427423971_tse-qcedjpsm-73200-20180427423971-ixbrl.htm
2018-05-14	四半期	前期	連結	実績		総資産	TotalAssets	3455000000	JPY	3,455	PriorYearInstant_ConsolidatedMember_ResultMember	/disc/73200/081220180427423971_tse-qcedjpsm-73200-20180427423971-ixbrl.htm
2018-05-14	四半期	前期	連結	実績		純資産	NetAssets	-88000000	JPY	88	PriorYearInstant_ConsolidatedMember_ResultMember	/disc/73200/081220180427423971_tse-qcedjpsm-73200-20180427423971-ixbrl.htm
2018-05-14	四半期	前期	連結	実績		自己資本比率	CapitalAdequacyRatio	-0.026	Pure	2.6	PriorYearInstant_ConsolidatedMember_ResultMember	/disc/73200/081220180427423971_tse-qcedjpsm-73200-20180427423971-ixbrl.htm
2018-05-14	四半期	当期第3四半期累計	連結	実績		自己資本	OwnersEquity	264000000	JPY	264	CurrentAccumulatedQ3Instant_ConsolidatedMember_ResultMember	/disc/73200/081220180427423971_tse-qcedjpsm-73200-20180427423971-ixbrl.htm
2018-05-14	四半期	前期	連結	実績		自己資本	OwnersEquity	-88000000	JPY	88	PriorYearInstant_ConsolidatedMember_ResultMember	/disc/73200/081220180427423971_tse-qcedjpsm-73200-20180427423971-ixbrl.htm
2018-05-14	四半期	前期	単体	実績	第2四半期末	1株当たり配当金	DividendPerShare	0.00	JPYPerShares	0.00	PriorYearDuration_SecondQuarterMember_NonConsolidatedMember_ResultMember	/disc/73200/081220180427423971_tse-qcedjpsm-73200-20180427423971-ixbrl.htm
2018-05-14	四半期	前期	単体	実績	期末	1株当たり配当金	DividendPerShare	0.00	JPYPerShares	0.00	PriorYearDuration_YearEndMember_NonConsolidatedMember_ResultMember	/disc/73200/081220180427423971_tse-qcedjpsm-73200-20180427423971-ixbrl.htm
2018-05-14	四半期	前期	単体	実績	合計	1株当たり配当金	DividendPerShare	0.00	JPYPerShares	0.00	PriorYearDuration_AnnualMember_NonConsolidatedMember_ResultMember	/disc/73200/081220180427423971_tse-qcedjpsm-73200-20180427423971-ixbrl.htm
2018-05-14	四半期	当期	単体	実績	第2四半期末	1株当たり配当金	DividendPerShare	0.00	JPYPerShares	0.00	CurrentYearDuration_SecondQuarterMember_NonConsolidatedMember_ResultMember	/disc/73200/081220180427423971_tse-qcedjpsm-73200-20180427423971-ixbrl.htm
2018-05-14	四半期	当期	単体	予想	期末	1株当たり配当金	DividendPerShare	0.00	JPYPerShares	0.00	CurrentYearDuration_YearEndMember_NonConsolidatedMember_ForecastMember	/disc/73200/081220180427423971_tse-qcedjpsm-73200-20180427423971-ixbrl.htm
2018-05-14	四半期	当期	単体	予想	合計	1株当たり配当金	DividendPerShare	0.00	JPYPerShares	0.00	CurrentYearDuration_AnnualMember_NonConsolidatedMember_ForecastMember	/disc/73200/081220180427423971_tse-qcedjpsm-73200-20180427423971-ixbrl.htm
2018-05-14	四半期	当期	単体	実績	合計	当四半期における配当予想の修正	CorrectionOfDividendForecastInThisQuarter			無	CurrentYearDuration_AnnualMember_NonConsolidatedMember_ResultMember	/disc/73200/081220180427423971_tse-qcedjpsm-73200-20180427423971-ixbrl.htm
2018-05-14	四半期	当期	連結	予想		業績予想の見出し	TitleForForecasts			3. 平成30年 6月期の連結業績予想（平成29年 7月 1日～平成30年 6月30日）	CurrentYearDuration_ConsolidatedMember_ForecastMember	/disc/73200/081220180427423971_tse-qcedjpsm-73200-20180427423971-ixbrl.htm
2018-05-14	四半期	当期	連結	予想		売上高	NetSales	1270000000	JPY	1,270	CurrentYearDuration_ConsolidatedMember_ForecastMember	/disc/73200/081220180427423971_tse-qcedjpsm-73200-20180427423971-ixbrl.htm
2018-05-14	四半期	当期	連結	予想		売上高の増減率	ChangeInNetSales	0.231	Pure	23.1	CurrentYearDuration_ConsolidatedMember_ForecastMember	/disc/73200/081220180427423971_tse-qcedjpsm-73200-20180427423971-ixbrl.htm
2018-05-14	四半期	当期	連結	予想		営業利益	OperatingIncome	144000000	JPY	144	CurrentYearDuration_ConsolidatedMember_ForecastMember	/disc/73200/081220180427423971_tse-qcedjpsm-73200-20180427423971-ixbrl.htm
2018-05-14	四半期	当期	連結	予想		営業利益の増減率	ChangeInOperatingIncome	1.140	Pure	114.0	CurrentYearDuration_ConsolidatedMember_ForecastMember	/disc/73200/081220180427423971_tse-qcedjpsm-73200-20180427423971-ixbrl.htm
2018-05-14	四半期	当期	連結	予想		経常利益	OrdinaryIncome	141000000	JPY	141	CurrentYearDuration_ConsolidatedMember_ForecastMember	/disc/73200/081220180427423971_tse-qcedjpsm-73200-20180427423971-ixbrl.htm
2018-05-14	四半期	当期	連結	予想		経常利益の増減率	ChangeInOrdinaryIncome	0.837	Pure	83.7	CurrentYearDuration_ConsolidatedMember_ForecastMember	/disc/73200/081220180427423971_tse-qcedjpsm-73200-20180427423971-ixbrl.htm
2018-05-14	四半期	当期	連結	予想		親会社株主に帰属する当期純利益	ProfitAttributableToOwnersOfParent	112000000	JPY	112	CurrentYearDuration_ConsolidatedMember_ForecastMember	/disc/73200/081220180427423971_tse-qcedjpsm-73200-20180427423971-ixbrl.htm
2018-05-14	四半期	当期	連結	予想		親会社株主に帰属する当期純利益の増減率	ChangeInProfitAttributableToOwnersOfParent	0.251	Pure	25.1	CurrentYearDuration_ConsolidatedMember_ForecastMember	/disc/73200/081220180427423971_tse-qcedjpsm-73200-20180427423971-ixbrl.htm
2018-05-14	四半期	当期	連結	予想		1株当たり当期純利益	NetIncomePerShare	77.55	JPYPerShares	77.55	CurrentYearDuration_ConsolidatedMember_ForecastMember	/disc/73200/081220180427423971_tse-qcedjpsm-73200-20180427423971-ixbrl.htm
2018-05-14	四半期	当期	連結	予想		当四半期における業績予想の修正	CorrectionOfConsolidatedFinancialForecastInThisQuarter			有	CurrentYearDuration_ConsolidatedMember_ForecastMember	/disc/73200/081220180427423971_tse-qcedjpsm-73200-20180427423971-ixbrl.htm
2018-05-14	四半期	当期	連結	予想		業績予想の注記	NoteToForecasts			連結業績予想の修正につきましては、本日（平成30年５月14日）に公表いたしました「通期業績予想の修正に関するお知らせ」をご覧ください。	CurrentYearDuration_ConsolidatedMember_ForecastMember	/disc/73200/081220180427423971_tse-qcedjpsm-73200-20180427423971-ixbrl.htm
2018-05-14	四半期	当期第3四半期累計	連結	実績			MaterialChangesInSubsidiariesDuringThisPeriodChangesInScopeOfConsolidationsResultingFromChangeIsSubsidiaries			無	CurrentAccumulatedQ3Duration_ConsolidatedMember_ResultMember	/disc/73200/081220180427423971_tse-qcedjpsm-73200-20180427423971-ixbrl.htm
2018-05-14	四半期	当期第3四半期累計	連結	実績			ApplyingOfSpecificAccountingOfTheConsolidatedQuarterlyFinancialStatements			有	CurrentAccumulatedQ3Duration_ConsolidatedMember_ResultMember	/disc/73200/081220180427423971_tse-qcedjpsm-73200-20180427423971-ixbrl.htm
2018-05-14	四半期	当期第3四半期累計	連結	実績			NoteToApplyingOfSpecificAccountingOfTheConsolidatedQuarterlyFinancialStatements			（注） 詳細は、添付資料Ｐ．６ 「２．四半期連結財務諸表及び主な注記 （４）四半期連結財務諸表に関する注記事項 （四半期連結財務諸表の作成に 特有の会計処理の適用）」をご覧ください。	CurrentAccumulatedQ3Duration_ConsolidatedMember_ResultMember	/disc/73200/081220180427423971_tse-qcedjpsm-73200-20180427423971-ixbrl.htm
2018-05-14	四半期	当期第3四半期累計	連結	実績		会計基準等の改正に伴う変更	ChangesBasedOnRevisionsOfAccountingStandard			無	CurrentAccumulatedQ3Duration_ConsolidatedMember_ResultMember	/disc/73200/081220180427423971_tse-qcedjpsm-73200-20180427423971-ixbrl.htm
2018-05-14	四半期	当期第3四半期累計	連結	実績		それ以外の会計方針の変更	ChangesOtherThanOnesBasedOnRevisionsOfAccountingStandard			無	CurrentAccumulatedQ3Duration_ConsolidatedMember_ResultMember	/disc/73200/081220180427423971_tse-qcedjpsm-73200-20180427423971-ixbrl.htm
2018-05-14	四半期	当期第3四半期累計	連結	実績		会計上の見積りの変更	ChangesInAccountingEstimates			無	CurrentAccumulatedQ3Duration_ConsolidatedMember_ResultMember	/disc/73200/081220180427423971_tse-qcedjpsm-73200-20180427423971-ixbrl.htm
2018-05-14	四半期	当期第3四半期累計	連結	実績		修正再表示	RetrospectiveRestatement			無	CurrentAccumulatedQ3Duration_ConsolidatedMember_ResultMember	/disc/73200/081220180427423971_tse-qcedjpsm-73200-20180427423971-ixbrl.htm
2018-05-14	四半期	当期第3四半期累計	単体	実績		期末発行済株式数(自己株式を含む)	NumberOfIssuedAndOutstandingSharesAtTheEndOfFiscalYearIncludingTreasuryStock	1562000	Shares	1,562,000	CurrentAccumulatedQ3Instant_NonConsolidatedMember_ResultMember	/disc/73200/081220180427423971_tse-qcedjpsm-73200-20180427423971-ixbrl.htm
2018-05-14	四半期	前期	単体	実績		期末発行済株式数(自己株式を含む)	NumberOfIssuedAndOutstandingSharesAtTheEndOfFiscalYearIncludingTreasuryStock	1376000	Shares	1,376,000	PriorYearInstant_NonConsolidatedMember_ResultMember	/disc/73200/081220180427423971_tse-qcedjpsm-73200-20180427423971-ixbrl.htm
2018-05-14	四半期	当期第3四半期累計	単体	実績		期中平均株式数	AverageNumberOfShares	1403448	Shares	1,403,448	CurrentAccumulatedQ3Duration_NonConsolidatedMember_ResultMember	/disc/73200/081220180427423971_tse-qcedjpsm-73200-20180427423971-ixbrl.htm
2018-05-14	四半期	当期第3四半期累計	単体	実績			NoteToNumberOfIssuedAndOutstandingSharesCommonStock			（注） 当社は平成29年６月期第３四半期においては、四半期連結財務諸表を作成していないため、平成29年６月期第３四半期における期中平均株数 （四半期累計）を記載しておりません。	CurrentAccumulatedQ3Instant_NonConsolidatedMember_ResultMember	/disc/73200/081220180427423971_tse-qcedjpsm-73200-20180427423971-ixbrl.htm
2018-05-14	四半期	当期				将来情報の利用に関する注意	NotesForUsingForecastedInformationAndOthers			本資料に記載されている業績見通し等の将来に関する記述は、当社が入手している情報及び合理的であると判断する一定の前提に基づいており、その達成を当社として約束する趣旨のものではありません。また実際の業績等は様々な要因により大きく異なる場合があります。業績予想の前提となる条件及び業績予想のご利用に当たっての注意事項等については、添付資料Ｐ．３ 「１．当四半期決算に関する定性的情報 （３）連結業績予想などの将来予測情報に関する説明」をご覧ください。	CurrentYearDuration	/disc/73200/081220180427423971_tse-qcedjpsm-73200-20180427423971-ixbrl.htm
2018-05-14	四半期	当期				決算期末	FiscalYearEnd			2018-06-30	CurrentYearInstant	/disc/73200/081220180427423971_tse-qcedjpsm-73200-20180427423971-ixbrl.htm
2018-05-14	四半期	当期第3四半期累計				四半期	QuarterlyPeriod	3	Pure	3	CurrentAccumulatedQ3Instant	/disc/73200/081220180427423971_tse-qcedjpsm-73200-20180427423971-ixbrl.htm
2018-08-14	年次	当期				書類名	DocumentName			決算短信〔日本基準〕（連結）	CurrentYearInstant	/disc/73200/081220180814497604_tse-acedjpsm-73200-20180814373200-ixbrl.htm
2018-08-14	年次	当期				提出日	FilingDate			平成30年８月14日	CurrentYearInstant	/disc/73200/081220180814497604_tse-acedjpsm-73200-20180814373200-ixbrl.htm
2018-08-14	年次	当期				会社名	CompanyName			日本リビング保証株式会社	CurrentYearInstant	/disc/73200/081220180814497604_tse-acedjpsm-73200-20180814373200-ixbrl.htm
2018-08-14	年次	当期					TokyoStockExchange			東	CurrentYearInstant	/disc/73200/081220180814497604_tse-acedjpsm-73200-20180814373200-ixbrl.htm
2018-08-14	年次	当期				証券コード	SecuritiesCode			73200	CurrentYearInstant	/disc/73200/081220180814497604_tse-acedjpsm-73200-20180814373200-ixbrl.htm
2018-08-14	年次	当期				URL	URL			https://www.jlw.jp	CurrentYearInstant	/disc/73200/081220180814497604_tse-acedjpsm-73200-20180814373200-ixbrl.htm
2018-08-14	年次	当期				代表者の役職	TitleRepresentative			代表取締役社長	CurrentYearInstant	/disc/73200/081220180814497604_tse-acedjpsm-73200-20180814373200-ixbrl.htm
2018-08-14	年次	当期				代表者名	NameRepresentative			安達 慶高	CurrentYearInstant	/disc/73200/081220180814497604_tse-acedjpsm-73200-20180814373200-ixbrl.htm
2018-08-14	年次	当期					TitleInquiries			取締役管理グループ管掌	CurrentYearInstant	/disc/73200/081220180814497604_tse-acedjpsm-73200-20180814373200-ixbrl.htm
2018-08-14	年次	当期					NameInquiries			竹林 俊介	CurrentYearInstant	/disc/73200/081220180814497604_tse-acedjpsm-73200-20180814373200-ixbrl.htm
2018-08-14	年次	当期					Tel			03-6276-0401	CurrentYearInstant	/disc/73200/081220180814497604_tse-acedjpsm-73200-20180814373200-ixbrl.htm
2018-08-14	年次	当期					DateOfGeneralShareholdersMeetingAsPlanned			平成30年９月26日	CurrentYearInstant	/disc/73200/081220180814497604_tse-acedjpsm-73200-20180814373200-ixbrl.htm
2018-08-14	年次	当期					AnnualSecuritiesReportFilingDateAsPlanned			平成30年９月27日	CurrentYearInstant	/disc/73200/081220180814497604_tse-acedjpsm-73200-20180814373200-ixbrl.htm
2018-08-14	年次	当期					SupplementalMaterialOfAnnualResults			有	CurrentYearInstant	/disc/73200/081220180814497604_tse-acedjpsm-73200-20180814373200-ixbrl.htm
2018-08-14	年次	当期					ConveningBriefingOfAnnualResults			有	CurrentYearInstant	/disc/73200/081220180814497604_tse-acedjpsm-73200-20180814373200-ixbrl.htm
2018-08-14	年次	当期					TargetAudienceBriefingOfAnnualResults			（機関投資家・アナリスト向け）	CurrentYearInstant	/disc/73200/081220180814497604_tse-acedjpsm-73200-20180814373200-ixbrl.htm
2018-08-14	年次	当期					NoteToFractionProcessingMethod			（百万円未満切捨て）	CurrentYearInstant	/disc/73200/081220180814497604_tse-acedjpsm-73200-20180814373200-ixbrl.htm
2018-08-14	年次	当期	連結	実績		売上高	NetSales	1287000000	JPY	1,287	CurrentYearDuration_ConsolidatedMember_ResultMember	/disc/73200/081220180814497604_tse-acedjpsm-73200-20180814373200-ixbrl.htm
2018-08-14	年次	当期	連結	実績		売上高の増減率	ChangeInNetSales	0.248	Pure	24.8	CurrentYearDuration_ConsolidatedMember_ResultMember	/disc/73200/081220180814497604_tse-acedjpsm-73200-20180814373200-ixbrl.htm
2018-08-14	年次	当期	連結	実績		営業利益	OperatingIncome	162000000	JPY	162	CurrentYearDuration_ConsolidatedMember_ResultMember	/disc/73200/081220180814497604_tse-acedjpsm-73200-20180814373200-ixbrl.htm
2018-08-14	年次	当期	連結	実績		営業利益の増減率	ChangeInOperatingIncome	1.401	Pure	140.1	CurrentYearDuration_ConsolidatedMember_ResultMember	/disc/73200/081220180814497604_tse-acedjpsm-73200-20180814373200-ixbrl.htm
2018-08-14	年次	当期	連結	実績		経常利益	OrdinaryIncome	158000000	JPY	158	CurrentYearDuration_ConsolidatedMember_ResultMember	/disc/73200/081220180814497604_tse-acedjpsm-73200-20180814373200-ixbrl.htm
2018-08-14	年次	当期	連結	実績		経常利益の増減率	ChangeInOrdinaryIncome	1.064	Pure	106.4	CurrentYearDuration_ConsolidatedMember_ResultMember	/disc/73200/081220180814497604_tse-acedjpsm-73200-20180814373200-ixbrl.htm
2018-08-14	年次	当期	連結	実績		親会社株主に帰属する当期純利益	ProfitAttributableToOwnersOfParent	103000000	JPY	103	CurrentYearDuration_ConsolidatedMember_ResultMember	/disc/73200/081220180814497604_tse-acedjpsm-73200-20180814373200-ixbrl.htm
2018-08-14	年次	当期	連結	実績		親会社株主に帰属する当期純利益の増減率	ChangeInProfitAttributableToOwnersOfParent	0.149	Pure	14.9	CurrentYearDuration_ConsolidatedMember_ResultMember	/disc/73200/081220180814497604_tse-acedjpsm-73200-20180814373200-ixbrl.htm
2018-08-14	年次	前期	連結	実績		売上高	NetSales	1031000000	JPY	1,031	PriorYearDuration_ConsolidatedMember_ResultMember	/disc/73200/081220180814497604_tse-acedjpsm-73200-20180814373200-ixbrl.htm
2018-08-14	年次	前期	連結	実績		売上高の増減率	ChangeInNetSales	0.187	Pure	18.7	PriorYearDuration_ConsolidatedMember_ResultMember	/disc/73200/081220180814497604_tse-acedjpsm-73200-20180814373200-ixbrl.htm
2018-08-14	年次	前期	連結	実績		営業利益	OperatingIncome	67000000	JPY	67	PriorYearDuration_ConsolidatedMember_ResultMember	/disc/73200/081220180814497604_tse-acedjpsm-73200-20180814373200-ixbrl.htm
2018-08-14	年次	前期	連結	実績		営業利益の増減率	ChangeInOperatingIncome	0.684	Pure	68.4	PriorYearDuration_ConsolidatedMember_ResultMember	/disc/73200/081220180814497604_tse-acedjpsm-73200-20180814373200-ixbrl.htm
2018-08-14	年次	前期	連結	実績		経常利益	OrdinaryIncome	76000000	JPY	76	PriorYearDuration_ConsolidatedMember_ResultMember	/disc/73200/081220180814497604_tse-acedjpsm-73200-20180814373200-ixbrl.htm
2018-08-14	年次	前期	連結	実績		経常利益の増減率	ChangeInOrdinaryIncome	0.682	Pure	68.2	PriorYearDuration_ConsolidatedMember_ResultMember	/disc/73200/081220180814497604_tse-acedjpsm-73200-20180814373200-ixbrl.htm
2018-08-14	年次	前期	連結	実績		親会社株主に帰属する当期純利益	ProfitAttributableToOwnersOfParent	89000000	JPY	89	PriorYearDuration_ConsolidatedMember_ResultMember	/disc/73200/081220180814497604_tse-acedjpsm-73200-20180814373200-ixbrl.htm
2018-08-14	年次	前期	連結	実績		親会社株主に帰属する当期純利益の増減率	ChangeInProfitAttributableToOwnersOfParent	0.229	Pure	22.9	PriorYearDuration_ConsolidatedMember_ResultMember	/disc/73200/081220180814497604_tse-acedjpsm-73200-20180814373200-ixbrl.htm
2018-08-14	年次	当期	連結	実績		包括利益	ComprehensiveIncome	101000000	JPY	101	CurrentYearDuration_ConsolidatedMember_ResultMember	/disc/73200/081220180814497604_tse-acedjpsm-73200-20180814373200-ixbrl.htm
2018-08-14	年次	当期	連結	実績		包括利益の増減率	ChangeInComprehensiveIncome	0.100	Pure	10.0	CurrentYearDuration_ConsolidatedMember_ResultMember	/disc/73200/081220180814497604_tse-acedjpsm-73200-20180814373200-ixbrl.htm
2018-08-14	年次	前期	連結	実績		包括利益	ComprehensiveIncome	92000000	JPY	92	PriorYearDuration_ConsolidatedMember_ResultMember	/disc/73200/081220180814497604_tse-acedjpsm-73200-20180814373200-ixbrl.htm
2018-08-14	年次	前期	連結	実績		包括利益の増減率	ChangeInComprehensiveIncome	0.418	Pure	41.8	PriorYearDuration_ConsolidatedMember_ResultMember	/disc/73200/081220180814497604_tse-acedjpsm-73200-20180814373200-ixbrl.htm
2018-08-14	年次	当期	連結	実績		1株当たり当期純利益	NetIncomePerShare	71.19	JPYPerShares	71.19	CurrentYearDuration_ConsolidatedMember_ResultMember	/disc/73200/081220180814497604_tse-acedjpsm-73200-20180814373200-ixbrl.htm
2018-08-14	年次	当期	連結	実績		潜在株式調整後1株当たり当期純利益	DilutedNetIncomePerShare	65.88	JPYPerShares	65.88	CurrentYearDuration_ConsolidatedMember_ResultMember	/disc/73200/081220180814497604_tse-acedjpsm-73200-20180814373200-ixbrl.htm
2018-08-14	年次	当期	連結	実績		自己資本当期純利益率(ROE)	NetIncomeToShareholdersEquityRatio	0.882	Pure	88.2	CurrentYearDuration_ConsolidatedMember_ResultMember	/disc/73200/081220180814497604_tse-acedjpsm-73200-20180814373200-ixbrl.htm
2018-08-14	年次	当期	連結	実績		総資産経常利益率(ROA)	OrdinaryIncomeToTotalAssetsRatio	0.037	Pure	3.7	CurrentYearDuration_ConsolidatedMember_ResultMember	/disc/73200/081220180814497604_tse-acedjpsm-73200-20180814373200-ixbrl.htm
2018-08-14	年次	当期	連結	実績		売上高営業利益率	OperatingIncomeToNetSalesRatio	0.126	Pure	12.6	CurrentYearDuration_ConsolidatedMember_ResultMember	/disc/73200/081220180814497604_tse-acedjpsm-73200-20180814373200-ixbrl.htm
2018-08-14	年次	前期	連結	実績		1株当たり当期純利益	NetIncomePerShare	65.19	JPYPerShares	65.19	PriorYearDuration_ConsolidatedMember_ResultMember	/disc/73200/081220180814497604_tse-acedjpsm-73200-20180814373200-ixbrl.htm
2018-08-14	年次	前期	連結	実績		総資産経常利益率(ROA)	OrdinaryIncomeToTotalAssetsRatio	0.027	Pure	2.7	PriorYearDuration_ConsolidatedMember_ResultMember	/disc/73200/081220180814497604_tse-acedjpsm-73200-20180814373200-ixbrl.htm
2018-08-14	年次	前期	連結	実績		売上高営業利益率	OperatingIncomeToNetSalesRatio	0.066	Pure	6.6	PriorYearDuration_ConsolidatedMember_ResultMember	/disc/73200/081220180814497604_tse-acedjpsm-73200-20180814373200-ixbrl.htm
2018-08-14	年次	当期	連結	実績		経営成績の注記	NoteToOperatingResults			（注）１．平成30年６月期の潜在株式調整後１株当たり当期純利益については、当社株式が平成30年３月30日に東京証券取引所マザーズ市場に上場したため、新規上場日から当連結会計年度末日までの平均株価（気配値を含む）を期中平均株価とみなして算出しております。 ２．平成29年６月期の潜在株式調整後１株当たり当期純利益については、当社株式は非上場であり、期中平均株価が把握できないため記載しておりません。&#160;	CurrentYearDuration_ConsolidatedMember_ResultMember	/disc/73200/081220180814497604_tse-acedjpsm-73200-20180814373200-ixbrl.htm
2018-08-14	年次	当期	連結	実績		総資産	TotalAssets	5142000000	JPY	5,142	CurrentYearInstant_ConsolidatedMember_ResultMember	/disc/73200/081220180814497604_tse-acedjpsm-73200-20180814373200-ixbrl.htm
2018-08-14	年次	当期	連結	実績		純資産	NetAssets	322000000	JPY	322	CurrentYearInstant_ConsolidatedMember_ResultMember	/disc/73200/081220180814497604_tse-acedjpsm-73200-20180814373200-ixbrl.htm
2018-08-14	年次	当期	連結	実績		自己資本比率	CapitalAdequacyRatio	0.063	Pure	6.3	CurrentYearInstant_ConsolidatedMember_ResultMember	/disc/73200/081220180814497604_tse-acedjpsm-73200-20180814373200-ixbrl.htm
2018-08-14	年次	当期	連結	実績		1株当たり純資産	NetAssetsPerShare	203.02	JPYPerShares	203.02	CurrentYearInstant_ConsolidatedMember_ResultMember	/disc/73200/081220180814497604_tse-acedjpsm-73200-20180814373200-ixbrl.htm
2018-08-14	年次	前期	連結	実績		総資産	TotalAssets	3455000000	JPY	3,455	PriorYearInstant_ConsolidatedMember_ResultMember	/disc/73200/081220180814497604_tse-acedjpsm-73200-20180814373200-ixbrl.htm
2018-08-14	年次	前期	連結	実績		純資産	NetAssets	-88000000	JPY	88	PriorYearInstant_ConsolidatedMember_ResultMember	/disc/73200/081220180814497604_tse-acedjpsm-73200-20180814373200-ixbrl.htm
2018-08-14	年次	前期	連結	実績		自己資本比率	CapitalAdequacyRatio	-0.026	Pure	2.6	PriorYearInstant_ConsolidatedMember_ResultMember	/disc/73200/081220180814497604_tse-acedjpsm-73200-20180814373200-ixbrl.htm
2018-08-14	年次	前期	連結	実績		1株当たり純資産	NetAssetsPerShare	-64.29	JPYPerShares	64.29	PriorYearInstant_ConsolidatedMember_ResultMember	/disc/73200/081220180814497604_tse-acedjpsm-73200-20180814373200-ixbrl.htm
2018-08-14	年次	当期	連結	実績		自己資本	OwnersEquity	322000000	JPY	322	CurrentYearInstant_ConsolidatedMember_ResultMember	/disc/73200/081220180814497604_tse-acedjpsm-73200-20180814373200-ixbrl.htm
2018-08-14	年次	前期	連結	実績		自己資本	OwnersEquity	-88000000	JPY	88	PriorYearInstant_ConsolidatedMember_ResultMember	/disc/73200/081220180814497604_tse-acedjpsm-73200-20180814373200-ixbrl.htm
2018-08-14	年次	当期	連結	実績		営業キャッシュフロー	CashFlowsFromOperatingActivities	761000000	JPY	761	CurrentYearDuration_ConsolidatedMember_ResultMember	/disc/73200/081220180814497604_tse-acedjpsm-73200-20180814373200-ixbrl.htm
2018-08-14	年次	当期	連結	実績		投資キャッシュフロー	CashFlowsFromInvestingActivities	-128000000	JPY	128	CurrentYearDuration_ConsolidatedMember_ResultMember	/disc/73200/081220180814497604_tse-acedjpsm-73200-20180814373200-ixbrl.htm
2018-08-14	年次	当期	連結	実績		財務キャッシュフロー	CashFlowsFromFinancingActivities	296000000	JPY	296	CurrentYearDuration_ConsolidatedMember_ResultMember	/disc/73200/081220180814497604_tse-acedjpsm-73200-20180814373200-ixbrl.htm
2018-08-14	年次	当期	連結	実績		現金及び現金同等物の期末残高	CashAndEquivalentsEndOfPeriod	2463000000	JPY	2,463	CurrentYearInstant_ConsolidatedMember_ResultMember	/disc/73200/081220180814497604_tse-acedjpsm-73200-20180814373200-ixbrl.htm
2018-08-14	年次	前期	連結	実績		営業キャッシュフロー	CashFlowsFromOperatingActivities	819000000	JPY	819	PriorYearDuration_ConsolidatedMember_ResultMember	/disc/73200/081220180814497604_tse-acedjpsm-73200-20180814373200-ixbrl.htm
2018-08-14	年次	前期	連結	実績		投資キャッシュフロー	CashFlowsFromInvestingActivities	-278000000	JPY	278	PriorYearDuration_ConsolidatedMember_ResultMember	/disc/73200/081220180814497604_tse-acedjpsm-73200-20180814373200-ixbrl.htm
2018-08-14	年次	前期	連結	実績		現金及び現金同等物の期末残高	CashAndEquivalentsEndOfPeriod	1534000000	JPY	1,534	PriorYearInstant_ConsolidatedMember_ResultMember	/disc/73200/081220180814497604_tse-acedjpsm-73200-20180814373200-ixbrl.htm
2018-08-14	年次	前期	単体	実績	第2四半期末	1株当たり配当金	DividendPerShare	0.00	JPYPerShares	0.00	PriorYearDuration_SecondQuarterMember_NonConsolidatedMember_ResultMember	/disc/73200/081220180814497604_tse-acedjpsm-73200-20180814373200-ixbrl.htm
2018-08-14	年次	前期	単体	実績	期末	1株当たり配当金	DividendPerShare	0.00	JPYPerShares	0.00	PriorYearDuration_YearEndMember_NonConsolidatedMember_ResultMember	/disc/73200/081220180814497604_tse-acedjpsm-73200-20180814373200-ixbrl.htm
2018-08-14	年次	前期	単体	実績	合計	1株当たり配当金	DividendPerShare	0.00	JPYPerShares	0.00	PriorYearDuration_AnnualMember_NonConsolidatedMember_ResultMember	/disc/73200/081220180814497604_tse-acedjpsm-73200-20180814373200-ixbrl.htm
2018-08-14	年次	当期	単体	実績	第2四半期末	1株当たり配当金	DividendPerShare	0.00	JPYPerShares	0.00	CurrentYearDuration_SecondQuarterMember_NonConsolidatedMember_ResultMember	/disc/73200/081220180814497604_tse-acedjpsm-73200-20180814373200-ixbrl.htm
2018-08-14	年次	当期	単体	実績	期末	1株当たり配当金	DividendPerShare	0.00	JPYPerShares	0.00	CurrentYearDuration_YearEndMember_NonConsolidatedMember_ResultMember	/disc/73200/081220180814497604_tse-acedjpsm-73200-20180814373200-ixbrl.htm
2018-08-14	年次	当期	単体	実績	合計	1株当たり配当金	DividendPerShare	0.00	JPYPerShares	0.00	CurrentYearDuration_AnnualMember_NonConsolidatedMember_ResultMember	/disc/73200/081220180814497604_tse-acedjpsm-73200-20180814373200-ixbrl.htm
2018-08-14	年次	来期	単体	予想	第2四半期末	1株当たり配当金	DividendPerShare	0.00	JPYPerShares	0.00	NextYearDuration_SecondQuarterMember_NonConsolidatedMember_ForecastMember	/disc/73200/081220180814497604_tse-acedjpsm-73200-20180814373200-ixbrl.htm
2018-08-14	年次	来期	単体	予想	期末	1株当たり配当金	DividendPerShare	0.00	JPYPerShares	0.00	NextYearDuration_YearEndMember_NonConsolidatedMember_ForecastMember	/disc/73200/081220180814497604_tse-acedjpsm-73200-20180814373200-ixbrl.htm
2018-08-14	年次	来期	単体	予想	合計	1株当たり配当金	DividendPerShare	0.00	JPYPerShares	0.00	NextYearDuration_AnnualMember_NonConsolidatedMember_ForecastMember	/disc/73200/081220180814497604_tse-acedjpsm-73200-20180814373200-ixbrl.htm
2018-08-14	年次	来期	連結	予想		業績予想の見出し	TitleForForecasts			３．平成31年６月期の連結業績予想（平成30年７月１日～平成31年６月30日）	NextYearDuration_ConsolidatedMember_ForecastMember	/disc/73200/081220180814497604_tse-acedjpsm-73200-20180814373200-ixbrl.htm
2018-08-14	年次		連結	予想		売上高	NetSales	710000000	JPY	710	NextAccumulatedQ2Duration_ConsolidatedMember_ForecastMember	/disc/73200/081220180814497604_tse-acedjpsm-73200-20180814373200-ixbrl.htm
2018-08-14	年次		連結	予想		売上高の増減率	ChangeInNetSales	0.250	Pure	25.0	NextAccumulatedQ2Duration_ConsolidatedMember_ForecastMember	/disc/73200/081220180814497604_tse-acedjpsm-73200-20180814373200-ixbrl.htm
2018-08-14	年次		連結	予想		営業利益	OperatingIncome	77000000	JPY	77	NextAccumulatedQ2Duration_ConsolidatedMember_ForecastMember	/disc/73200/081220180814497604_tse-acedjpsm-73200-20180814373200-ixbrl.htm
2018-08-14	年次		連結	予想		営業利益の増減率	ChangeInOperatingIncome	0.425	Pure	42.5	NextAccumulatedQ2Duration_ConsolidatedMember_ForecastMember	/disc/73200/081220180814497604_tse-acedjpsm-73200-20180814373200-ixbrl.htm
2018-08-14	年次		連結	予想		経常利益	OrdinaryIncome	92000000	JPY	92	NextAccumulatedQ2Duration_ConsolidatedMember_ForecastMember	/disc/73200/081220180814497604_tse-acedjpsm-73200-20180814373200-ixbrl.htm
2018-08-14	年次		連結	予想		経常利益の増減率	ChangeInOrdinaryIncome	0.625	Pure	62.5	NextAccumulatedQ2Duration_ConsolidatedMember_ForecastMember	/disc/73200/081220180814497604_tse-acedjpsm-73200-20180814373200-ixbrl.htm
2018-08-14	年次		連結	予想		親会社株主に帰属する当期純利益	ProfitAttributableToOwnersOfParent	64000000	JPY	64	NextAccumulatedQ2Duration_ConsolidatedMember_ForecastMember	/disc/73200/081220180814497604_tse-acedjpsm-73200-20180814373200-ixbrl.htm
2018-08-14	年次		連結	予想		親会社株主に帰属する当期純利益の増減率	ChangeInProfitAttributableToOwnersOfParent	0.827	Pure	82.7	NextAccumulatedQ2Duration_ConsolidatedMember_ForecastMember	/disc/73200/081220180814497604_tse-acedjpsm-73200-20180814373200-ixbrl.htm
2018-08-14	年次		連結	予想		1株当たり当期純利益	NetIncomePerShare	44.88	JPYPerShares	44.88	NextAccumulatedQ2Duration_ConsolidatedMember_ForecastMember	/disc/73200/081220180814497604_tse-acedjpsm-73200-20180814373200-ixbrl.htm
2018-08-14	年次	来期	連結	予想		売上高	NetSales	1462000000	JPY	1,462	NextYearDuration_ConsolidatedMember_ForecastMember	/disc/73200/081220180814497604_tse-acedjpsm-73200-20180814373200-ixbrl.htm
2018-08-14	年次	来期	連結	予想		売上高の増減率	ChangeInNetSales	0.136	Pure	13.6	NextYearDuration_ConsolidatedMember_ForecastMember	/disc/73200/081220180814497604_tse-acedjpsm-73200-20180814373200-ixbrl.htm
2018-08-14	年次	来期	連結	予想		営業利益	OperatingIncome	138000000	JPY	138	NextYearDuration_ConsolidatedMember_ForecastMember	/disc/73200/081220180814497604_tse-acedjpsm-73200-20180814373200-ixbrl.htm
2018-08-14	年次	来期	連結	予想		営業利益の増減率	ChangeInOperatingIncome	-0.146	Pure	14.6	NextYearDuration_ConsolidatedMember_ForecastMember	/disc/73200/081220180814497604_tse-acedjpsm-73200-20180814373200-ixbrl.htm
2018-08-14	年次	来期	連結	予想		経常利益	OrdinaryIncome	176000000	JPY	176	NextYearDuration_ConsolidatedMember_ForecastMember	/disc/73200/081220180814497604_tse-acedjpsm-73200-20180814373200-ixbrl.htm
2018-08-14	年次	来期	連結	予想		経常利益の増減率	ChangeInOrdinaryIncome	0.116	Pure	11.6	NextYearDuration_ConsolidatedMember_ForecastMember	/disc/73200/081220180814497604_tse-acedjpsm-73200-20180814373200-ixbrl.htm
2018-08-14	年次	来期	連結	予想		親会社株主に帰属する当期純利益	ProfitAttributableToOwnersOfParent	124000000	JPY	124	NextYearDuration_ConsolidatedMember_ForecastMember	/disc/73200/081220180814497604_tse-acedjpsm-73200-20180814373200-ixbrl.htm
2018-08-14	年次	来期	連結	予想		親会社株主に帰属する当期純利益の増減率	ChangeInProfitAttributableToOwnersOfParent	0.203	Pure	20.3	NextYearDuration_ConsolidatedMember_ForecastMember	/disc/73200/081220180814497604_tse-acedjpsm-73200-20180814373200-ixbrl.htm
2018-08-14	年次	来期	連結	予想		1株当たり当期純利益	NetIncomePerShare	85.66	JPYPerShares	85.66	NextYearDuration_ConsolidatedMember_ForecastMember	/disc/73200/081220180814497604_tse-acedjpsm-73200-20180814373200-ixbrl.htm
2018-08-14	年次	当期	連結	実績			MaterialChangesInSubsidiariesDuringThisPeriodChangesInScopeOfConsolidationsResultingFromChangeIsSubsidiaries			無	CurrentYearDuration_ConsolidatedMember_ResultMember	/disc/73200/081220180814497604_tse-acedjpsm-73200-20180814373200-ixbrl.htm
2018-08-14	年次	当期	連結	実績		会計基準等の改正に伴う変更	ChangesBasedOnRevisionsOfAccountingStandard			無	CurrentYearDuration_ConsolidatedMember_ResultMember	/disc/73200/081220180814497604_tse-acedjpsm-73200-20180814373200-ixbrl.htm
2018-08-14	年次	当期	連結	実績		それ以外の会計方針の変更	ChangesOtherThanOnesBasedOnRevisionsOfAccountingStandard			無	CurrentYearDuration_ConsolidatedMember_ResultMember	/disc/73200/081220180814497604_tse-acedjpsm-73200-20180814373200-ixbrl.htm
2018-08-14	年次	当期	連結	実績		会計上の見積りの変更	ChangesInAccountingEstimates			無	CurrentYearDuration_ConsolidatedMember_ResultMember	/disc/73200/081220180814497604_tse-acedjpsm-73200-20180814373200-ixbrl.htm
2018-08-14	年次	当期	連結	実績		修正再表示	RetrospectiveRestatement			無	CurrentYearDuration_ConsolidatedMember_ResultMember	/disc/73200/081220180814497604_tse-acedjpsm-73200-20180814373200-ixbrl.htm
2018-08-14	年次	当期	単体	実績		期末発行済株式数(自己株式を含む)	NumberOfIssuedAndOutstandingSharesAtTheEndOfFiscalYearIncludingTreasuryStock	1586500	Shares	1,586,500	CurrentYearInstant_NonConsolidatedMember_ResultMember	/disc/73200/081220180814497604_tse-acedjpsm-73200-20180814373200-ixbrl.htm
2018-08-14	年次	前期	単体	実績		期末発行済株式数(自己株式を含む)	NumberOfIssuedAndOutstandingSharesAtTheEndOfFiscalYearIncludingTreasuryStock	1376000	Shares	1,376,000	PriorYearInstant_NonConsolidatedMember_ResultMember	/disc/73200/081220180814497604_tse-acedjpsm-73200-20180814373200-ixbrl.htm
2018-08-14	年次	当期	単体	実績		期中平均株式数	AverageNumberOfShares	1447508	Shares	1,447,508	CurrentYearDuration_NonConsolidatedMember_ResultMember	/disc/73200/081220180814497604_tse-acedjpsm-73200-20180814373200-ixbrl.htm
2018-08-14	年次	前期	単体	実績		期中平均株式数	AverageNumberOfShares	1376000	Shares	1,376,000	PriorYearDuration_NonConsolidatedMember_ResultMember	/disc/73200/081220180814497604_tse-acedjpsm-73200-20180814373200-ixbrl.htm
2018-08-14	年次	当期	単体	実績		売上高	NetSales	1174000000	JPY	1,174	CurrentYearDuration_NonConsolidatedMember_ResultMember	/disc/73200/081220180814497604_tse-acedjpsm-73200-20180814373200-ixbrl.htm
2018-08-14	年次	当期	単体	実績		売上高の増減率	ChangeInNetSales	0.225	Pure	22.5	CurrentYearDuration_NonConsolidatedMember_ResultMember	/disc/73200/081220180814497604_tse-acedjpsm-73200-20180814373200-ixbrl.htm
2018-08-14	年次	当期	単体	実績		営業利益	OperatingIncome	138000000	JPY	138	CurrentYearDuration_NonConsolidatedMember_ResultMember	/disc/73200/081220180814497604_tse-acedjpsm-73200-20180814373200-ixbrl.htm
2018-08-14	年次	当期	単体	実績		営業利益の増減率	ChangeInOperatingIncome	1.097	Pure	109.7	CurrentYearDuration_NonConsolidatedMember_ResultMember	/disc/73200/081220180814497604_tse-acedjpsm-73200-20180814373200-ixbrl.htm
2018-08-14	年次	当期	単体	実績		経常利益	OrdinaryIncome	133000000	JPY	133	CurrentYearDuration_NonConsolidatedMember_ResultMember	/disc/73200/081220180814497604_tse-acedjpsm-73200-20180814373200-ixbrl.htm
2018-08-14	年次	当期	単体	実績		経常利益の増減率	ChangeInOrdinaryIncome	0.799	Pure	79.9	CurrentYearDuration_NonConsolidatedMember_ResultMember	/disc/73200/081220180814497604_tse-acedjpsm-73200-20180814373200-ixbrl.htm
2018-08-14	年次	当期	単体	実績		当期純利益	NetIncome	85000000	JPY	85	CurrentYearDuration_NonConsolidatedMember_ResultMember	/disc/73200/081220180814497604_tse-acedjpsm-73200-20180814373200-ixbrl.htm
2018-08-14	年次	当期	単体	実績		当期純利益の増減率	ChangeInNetIncome	-0.030	Pure	3.0	CurrentYearDuration_NonConsolidatedMember_ResultMember	/disc/73200/081220180814497604_tse-acedjpsm-73200-20180814373200-ixbrl.htm
2018-08-14	年次	前期	単体	実績		売上高	NetSales	958000000	JPY	958	PriorYearDuration_NonConsolidatedMember_ResultMember	/disc/73200/081220180814497604_tse-acedjpsm-73200-20180814373200-ixbrl.htm
2018-08-14	年次	前期	単体	実績		売上高の増減率	ChangeInNetSales	0.198	Pure	19.8	PriorYearDuration_NonConsolidatedMember_ResultMember	/disc/73200/081220180814497604_tse-acedjpsm-73200-20180814373200-ixbrl.htm
2018-08-14	年次	前期	単体	実績		営業利益	OperatingIncome	65000000	JPY	65	PriorYearDuration_NonConsolidatedMember_ResultMember	/disc/73200/081220180814497604_tse-acedjpsm-73200-20180814373200-ixbrl.htm
2018-08-14	年次	前期	単体	実績		営業利益の増減率	ChangeInOperatingIncome	0.571	Pure	57.1	PriorYearDuration_NonConsolidatedMember_ResultMember	/disc/73200/081220180814497604_tse-acedjpsm-73200-20180814373200-ixbrl.htm
2018-08-14	年次	前期	単体	実績		経常利益	OrdinaryIncome	74000000	JPY	74	PriorYearDuration_NonConsolidatedMember_ResultMember	/disc/73200/081220180814497604_tse-acedjpsm-73200-20180814373200-ixbrl.htm
2018-08-14	年次	前期	単体	実績		経常利益の増減率	ChangeInOrdinaryIncome	0.604	Pure	60.4	PriorYearDuration_NonConsolidatedMember_ResultMember	/disc/73200/081220180814497604_tse-acedjpsm-73200-20180814373200-ixbrl.htm
2018-08-14	年次	前期	単体	実績		当期純利益	NetIncome	87000000	JPY	87	PriorYearDuration_NonConsolidatedMember_ResultMember	/disc/73200/081220180814497604_tse-acedjpsm-73200-20180814373200-ixbrl.htm
2018-08-14	年次	前期	単体	実績		当期純利益の増減率	ChangeInNetIncome	0.286	Pure	28.6	PriorYearDuration_NonConsolidatedMember_ResultMember	/disc/73200/081220180814497604_tse-acedjpsm-73200-20180814373200-ixbrl.htm
2018-08-14	年次	当期	単体	実績		1株当たり当期純利益	NetIncomePerShare	58.93	JPYPerShares	58.93	CurrentYearDuration_NonConsolidatedMember_ResultMember	/disc/73200/081220180814497604_tse-acedjpsm-73200-20180814373200-ixbrl.htm
2018-08-14	年次	当期	単体	実績		潜在株式調整後1株当たり当期純利益	DilutedNetIncomePerShare	54.54	JPYPerShares	54.54	CurrentYearDuration_NonConsolidatedMember_ResultMember	/disc/73200/081220180814497604_tse-acedjpsm-73200-20180814373200-ixbrl.htm
2018-08-14	年次	前期	単体	実績		1株当たり当期純利益	NetIncomePerShare	63.94	JPYPerShares	63.94	PriorYearDuration_NonConsolidatedMember_ResultMember	/disc/73200/081220180814497604_tse-acedjpsm-73200-20180814373200-ixbrl.htm
2018-08-14	年次	当期	単体	実績		総資産	TotalAssets	3692000000	JPY	3,692	CurrentYearInstant_NonConsolidatedMember_ResultMember	/disc/73200/081220180814497604_tse-acedjpsm-73200-20180814373200-ixbrl.htm
2018-08-14	年次	当期	単体	実績		純資産	NetAssets	315000000	JPY	315	CurrentYearInstant_NonConsolidatedMember_ResultMember	/disc/73200/081220180814497604_tse-acedjpsm-73200-20180814373200-ixbrl.htm
2018-08-14	年次	当期	単体	実績		自己資本比率	CapitalAdequacyRatio	0.086	Pure	8.6	CurrentYearInstant_NonConsolidatedMember_ResultMember	/disc/73200/081220180814497604_tse-acedjpsm-73200-20180814373200-ixbrl.htm
2018-08-14	年次	当期	単体	実績		1株当たり純資産	NetAssetsPerShare	199.16	JPYPerShares	199.16	CurrentYearInstant_NonConsolidatedMember_ResultMember	/disc/73200/081220180814497604_tse-acedjpsm-73200-20180814373200-ixbrl.htm
2018-08-14	年次	前期	単体	実績		総資産	TotalAssets	2493000000	JPY	2,493	PriorYearInstant_NonConsolidatedMember_ResultMember	/disc/73200/081220180814497604_tse-acedjpsm-73200-20180814373200-ixbrl.htm
2018-08-14	年次	前期	単体	実績		純資産	NetAssets	-76000000	JPY	76	PriorYearInstant_NonConsolidatedMember_ResultMember	/disc/73200/081220180814497604_tse-acedjpsm-73200-20180814373200-ixbrl.htm
2018-08-14	年次	前期	単体	実績		自己資本比率	CapitalAdequacyRatio	-0.031	Pure	3.1	PriorYearInstant_NonConsolidatedMember_ResultMember	/disc/73200/081220180814497604_tse-acedjpsm-73200-20180814373200-ixbrl.htm
2018-08-14	年次	前期	単体	実績		1株当たり純資産	NetAssetsPerShare	-55.84	JPYPerShares	55.84	PriorYearInstant_NonConsolidatedMember_ResultMember	/disc/73200/081220180814497604_tse-acedjpsm-73200-20180814373200-ixbrl.htm
2018-08-14	年次	当期	単体	実績		自己資本	OwnersEquity	315000000	JPY	315	CurrentYearInstant_NonConsolidatedMember_ResultMember	/disc/73200/081220180814497604_tse-acedjpsm-73200-20180814373200-ixbrl.htm
2018-08-14	年次	前期	単体	実績		自己資本	OwnersEquity	-76000000	JPY	76	PriorYearInstant_NonConsolidatedMember_ResultMember	/disc/73200/081220180814497604_tse-acedjpsm-73200-20180814373200-ixbrl.htm
2018-08-14	年次	当期	単体	実績		業績の注記	NoteToFinancialResults			当社は、当事業年度において、市場開拓の余地が大きい新築住宅市場における長期保証契約の獲得が堅調に推移し、前受収益から振り替えられた売上が前事業年度を上回ったこと、及び既存住宅流通市場においてマーケットが拡大傾向にある建物状況調査の受注が増加したことから、前事業年度の実績値と当事業年度の実績値との間に差異が生じております。	CurrentYearDuration_NonConsolidatedMember_ResultMember	/disc/73200/081220180814497604_tse-acedjpsm-73200-20180814373200-ixbrl.htm
2018-08-14	年次	来期				将来情報の利用に関する注意	NotesForUsingForecastedInformationAndOthers			（将来に関する記述等についてのご注意） 本資料に記載されている業績見通し等の将来に関する記述は、当社が入手している情報及び合理的であると判断する一定の前提に基づいており、その達成を当社として約束する趣旨のものではありません。また、実際の業績等は様々な要因により大きく異なる場合があります。業績予想の前提となる条件及び業績予想のご利用に当たっての注意事項等については、添付資料Ｐ．５「１．経営成績等の概況 （４）今後の見通し」をご覧ください。&#160;（決算補足説明資料及び決算説明会内容の入手方法） 当社は、平成30年８月20日（月）に機関投資家及びアナリスト向け説明会を開催する予定です。この説明会で使用する説明会資料は、開催後速やかに当社ウェブサイトに掲載する予定です。	NextYearDuration	/disc/73200/081220180814497604_tse-acedjpsm-73200-20180814373200-ixbrl.htm
2018-08-14	年次	当期				決算期末	FiscalYearEnd			2018-06-30	CurrentYearInstant	/disc/73200/081220180814497604_tse-acedjpsm-73200-20180814373200-ixbrl.htm
2018-11-14	四半期	当期第1四半期累計				書類名	DocumentName			第１四半期決算短信〔日本基準〕（連結）	CurrentAccumulatedQ1Instant	/disc/73200/081220181112435895_tse-qcedjpsm-73200-20181114373200-ixbrl.htm
2018-11-14	四半期	当期第1四半期累計				提出日	FilingDate			2018年11月14日	CurrentAccumulatedQ1Instant	/disc/73200/081220181112435895_tse-qcedjpsm-73200-20181114373200-ixbrl.htm
2018-11-14	四半期	当期第1四半期累計				会社名	CompanyName			日本リビング保証株式会社	CurrentAccumulatedQ1Instant	/disc/73200/081220181112435895_tse-qcedjpsm-73200-20181114373200-ixbrl.htm
2018-11-14	四半期	当期第1四半期累計					TokyoStockExchange			東	CurrentAccumulatedQ1Instant	/disc/73200/081220181112435895_tse-qcedjpsm-73200-20181114373200-ixbrl.htm
2018-11-14	四半期	当期第1四半期累計				証券コード	SecuritiesCode			73200	CurrentAccumulatedQ1Instant	/disc/73200/081220181112435895_tse-qcedjpsm-73200-20181114373200-ixbrl.htm
2018-11-14	四半期	当期第1四半期累計				URL	URL			https://jlw.jp	CurrentAccumulatedQ1Instant	/disc/73200/081220181112435895_tse-qcedjpsm-73200-20181114373200-ixbrl.htm
2018-11-14	四半期	当期第1四半期累計				代表者の役職	TitleRepresentative			代表取締役社長	CurrentAccumulatedQ1Instant	/disc/73200/081220181112435895_tse-qcedjpsm-73200-20181114373200-ixbrl.htm
2018-11-14	四半期	当期第1四半期累計				代表者名	NameRepresentative			安達&#160; 慶高	CurrentAccumulatedQ1Instant	/disc/73200/081220181112435895_tse-qcedjpsm-73200-20181114373200-ixbrl.htm
2018-11-14	四半期	当期第1四半期累計					TitleInquiries			取締役管理グループ管掌	CurrentAccumulatedQ1Instant	/disc/73200/081220181112435895_tse-qcedjpsm-73200-20181114373200-ixbrl.htm
2018-11-14	四半期	当期第1四半期累計					NameInquiries			竹林&#160; 俊介	CurrentAccumulatedQ1Instant	/disc/73200/081220181112435895_tse-qcedjpsm-73200-20181114373200-ixbrl.htm
2018-11-14	四半期	当期第1四半期累計					Tel			03-6276-0401	CurrentAccumulatedQ1Instant	/disc/73200/081220181112435895_tse-qcedjpsm-73200-20181114373200-ixbrl.htm
2018-11-14	四半期	当期第1四半期累計					QuarterlyStatementFilingDateAsPlanned			2018年11月14日	CurrentAccumulatedQ1Instant	/disc/73200/081220181112435895_tse-qcedjpsm-73200-20181114373200-ixbrl.htm
2018-11-14	四半期	当期第1四半期累計					SupplementalMaterialOfQuarterlyResults			有	CurrentAccumulatedQ1Instant	/disc/73200/081220181112435895_tse-qcedjpsm-73200-20181114373200-ixbrl.htm
2018-11-14	四半期	当期第1四半期累計					ConveningBriefingOfQuarterlyResults			無	CurrentAccumulatedQ1Instant	/disc/73200/081220181112435895_tse-qcedjpsm-73200-20181114373200-ixbrl.htm
2018-11-14	四半期	当期第1四半期累計					NoteToFractionProcessingMethod			（百万円未満切捨て）	CurrentAccumulatedQ1Instant	/disc/73200/081220181112435895_tse-qcedjpsm-73200-20181114373200-ixbrl.htm
2018-11-14	四半期	当期第1四半期累計	連結	実績		売上高	NetSales	367000000	JPY	367	CurrentAccumulatedQ1Duration_ConsolidatedMember_ResultMember	/disc/73200/081220181112435895_tse-qcedjpsm-73200-20181114373200-ixbrl.htm
2018-11-14	四半期	当期第1四半期累計	連結	実績		営業利益	OperatingIncome	63000000	JPY	63	CurrentAccumulatedQ1Duration_ConsolidatedMember_ResultMember	/disc/73200/081220181112435895_tse-qcedjpsm-73200-20181114373200-ixbrl.htm
2018-11-14	四半期	当期第1四半期累計	連結	実績		経常利益	OrdinaryIncome	68000000	JPY	68	CurrentAccumulatedQ1Duration_ConsolidatedMember_ResultMember	/disc/73200/081220181112435895_tse-qcedjpsm-73200-20181114373200-ixbrl.htm
2018-11-14	四半期	当期第1四半期累計	連結	実績		親会社株主に帰属する当期純利益	ProfitAttributableToOwnersOfParent	48000000	JPY	48	CurrentAccumulatedQ1Duration_ConsolidatedMember_ResultMember	/disc/73200/081220181112435895_tse-qcedjpsm-73200-20181114373200-ixbrl.htm
2018-11-14	四半期	当期第1四半期累計	連結	実績		包括利益	ComprehensiveIncome	51000000	JPY	51	CurrentAccumulatedQ1Duration_ConsolidatedMember_ResultMember	/disc/73200/081220181112435895_tse-qcedjpsm-73200-20181114373200-ixbrl.htm
2018-11-14	四半期	当期第1四半期累計	連結	実績		1株当たり当期純利益	NetIncomePerShare	30.78	JPYPerShares	30.78	CurrentAccumulatedQ1Duration_ConsolidatedMember_ResultMember	/disc/73200/081220181112435895_tse-qcedjpsm-73200-20181114373200-ixbrl.htm
2018-11-14	四半期	当期第1四半期累計	連結	実績		潜在株式調整後1株当たり当期純利益	DilutedNetIncomePerShare	28.70	JPYPerShares	28.70	CurrentAccumulatedQ1Duration_ConsolidatedMember_ResultMember	/disc/73200/081220181112435895_tse-qcedjpsm-73200-20181114373200-ixbrl.htm
2018-11-14	四半期	当期第1四半期累計	連結	実績		経営成績の注記	NoteToOperatingResults			（注）2018年６月期第１四半期については四半期連結財務諸表を作成していないため、2018年６月期第１四半期の数値及び2019年６月期第１四半期の対前年同四半期増減率については記載しておりません。	CurrentAccumulatedQ1Duration_ConsolidatedMember_ResultMember	/disc/73200/081220181112435895_tse-qcedjpsm-73200-20181114373200-ixbrl.htm
2018-11-14	四半期	当期第1四半期累計	連結	実績		総資産	TotalAssets	5343000000	JPY	5,343	CurrentAccumulatedQ1Instant_ConsolidatedMember_ResultMember	/disc/73200/081220181112435895_tse-qcedjpsm-73200-20181114373200-ixbrl.htm
2018-11-14	四半期	当期第1四半期累計	連結	実績		純資産	NetAssets	378000000	JPY	378	CurrentAccumulatedQ1Instant_ConsolidatedMember_ResultMember	/disc/73200/081220181112435895_tse-qcedjpsm-73200-20181114373200-ixbrl.htm
2018-11-14	四半期	当期第1四半期累計	連結	実績		自己資本比率	CapitalAdequacyRatio	0.071	Pure	7.1	CurrentAccumulatedQ1Instant_ConsolidatedMember_ResultMember	/disc/73200/081220181112435895_tse-qcedjpsm-73200-20181114373200-ixbrl.htm
2018-11-14	四半期	前期	連結	実績		総資産	TotalAssets	5142000000	JPY	5,142	PriorYearInstant_ConsolidatedMember_ResultMember	/disc/73200/081220181112435895_tse-qcedjpsm-73200-20181114373200-ixbrl.htm
2018-11-14	四半期	前期	連結	実績		純資産	NetAssets	322000000	JPY	322	PriorYearInstant_ConsolidatedMember_ResultMember	/disc/73200/081220181112435895_tse-qcedjpsm-73200-20181114373200-ixbrl.htm
2018-11-14	四半期	前期	連結	実績		自己資本比率	CapitalAdequacyRatio	0.063	Pure	6.3	PriorYearInstant_ConsolidatedMember_ResultMember	/disc/73200/081220181112435895_tse-qcedjpsm-73200-20181114373200-ixbrl.htm
2018-11-14	四半期	当期第1四半期累計	連結	実績		自己資本	OwnersEquity	378000000	JPY	378	CurrentAccumulatedQ1Instant_ConsolidatedMember_ResultMember	/disc/73200/081220181112435895_tse-qcedjpsm-73200-20181114373200-ixbrl.htm
2018-11-14	四半期	前期	連結	実績		自己資本	OwnersEquity	322000000	JPY	322	PriorYearInstant_ConsolidatedMember_ResultMember	/disc/73200/081220181112435895_tse-qcedjpsm-73200-20181114373200-ixbrl.htm
2018-11-14	四半期	前期	単体	実績	第2四半期末	1株当たり配当金	DividendPerShare	0.00	JPYPerShares	0.00	PriorYearDuration_SecondQuarterMember_NonConsolidatedMember_ResultMember	/disc/73200/081220181112435895_tse-qcedjpsm-73200-20181114373200-ixbrl.htm
2018-11-14	四半期	前期	単体	実績	期末	1株当たり配当金	DividendPerShare	0.00	JPYPerShares	0.00	PriorYearDuration_YearEndMember_NonConsolidatedMember_ResultMember	/disc/73200/081220181112435895_tse-qcedjpsm-73200-20181114373200-ixbrl.htm
2018-11-14	四半期	前期	単体	実績	合計	1株当たり配当金	DividendPerShare	0.00	JPYPerShares	0.00	PriorYearDuration_AnnualMember_NonConsolidatedMember_ResultMember	/disc/73200/081220181112435895_tse-qcedjpsm-73200-20181114373200-ixbrl.htm
2018-11-14	四半期	当期	単体	予想	第2四半期末	1株当たり配当金	DividendPerShare	0.00	JPYPerShares	0.00	CurrentYearDuration_SecondQuarterMember_NonConsolidatedMember_ForecastMember	/disc/73200/081220181112435895_tse-qcedjpsm-73200-20181114373200-ixbrl.htm
2018-11-14	四半期	当期	単体	予想	期末	1株当たり配当金	DividendPerShare	0.00	JPYPerShares	0.00	CurrentYearDuration_YearEndMember_NonConsolidatedMember_ForecastMember	/disc/73200/081220181112435895_tse-qcedjpsm-73200-20181114373200-ixbrl.htm
2018-11-14	四半期	当期	単体	予想	合計	1株当たり配当金	DividendPerShare	0.00	JPYPerShares	0.00	CurrentYearDuration_AnnualMember_NonConsolidatedMember_ForecastMember	/disc/73200/081220181112435895_tse-qcedjpsm-73200-20181114373200-ixbrl.htm
2018-11-14	四半期	当期	単体	実績	合計	当四半期における配当予想の修正	CorrectionOfDividendForecastInThisQuarter			無	CurrentYearDuration_AnnualMember_NonConsolidatedMember_ResultMember	/disc/73200/081220181112435895_tse-qcedjpsm-73200-20181114373200-ixbrl.htm
2018-11-14	四半期	当期	連結	予想		業績予想の見出し	TitleForForecasts			３．2019年６月期の連結業績予想（2018年７月１日～2019年６月30日）	CurrentYearDuration_ConsolidatedMember_ForecastMember	/disc/73200/081220181112435895_tse-qcedjpsm-73200-20181114373200-ixbrl.htm
2018-11-14	四半期	当期第2四半期累計	連結	予想		売上高	NetSales	710000000	JPY	710	CurrentAccumulatedQ2Duration_ConsolidatedMember_ForecastMember	/disc/73200/081220181112435895_tse-qcedjpsm-73200-20181114373200-ixbrl.htm
2018-11-14	四半期	当期第2四半期累計	連結	予想		売上高の増減率	ChangeInNetSales	0.250	Pure	25.0	CurrentAccumulatedQ2Duration_ConsolidatedMember_ForecastMember	/disc/73200/081220181112435895_tse-qcedjpsm-73200-20181114373200-ixbrl.htm
2018-11-14	四半期	当期第2四半期累計	連結	予想		営業利益	OperatingIncome	77000000	JPY	77	CurrentAccumulatedQ2Duration_ConsolidatedMember_ForecastMember	/disc/73200/081220181112435895_tse-qcedjpsm-73200-20181114373200-ixbrl.htm
2018-11-14	四半期	当期第2四半期累計	連結	予想		営業利益の増減率	ChangeInOperatingIncome	0.425	Pure	42.5	CurrentAccumulatedQ2Duration_ConsolidatedMember_ForecastMember	/disc/73200/081220181112435895_tse-qcedjpsm-73200-20181114373200-ixbrl.htm
2018-11-14	四半期	当期第2四半期累計	連結	予想		経常利益	OrdinaryIncome	92000000	JPY	92	CurrentAccumulatedQ2Duration_ConsolidatedMember_ForecastMember	/disc/73200/081220181112435895_tse-qcedjpsm-73200-20181114373200-ixbrl.htm
2018-11-14	四半期	当期第2四半期累計	連結	予想		経常利益の増減率	ChangeInOrdinaryIncome	0.625	Pure	62.5	CurrentAccumulatedQ2Duration_ConsolidatedMember_ForecastMember	/disc/73200/081220181112435895_tse-qcedjpsm-73200-20181114373200-ixbrl.htm
2018-11-14	四半期	当期第2四半期累計	連結	予想		親会社株主に帰属する当期純利益	ProfitAttributableToOwnersOfParent	64000000	JPY	64	CurrentAccumulatedQ2Duration_ConsolidatedMember_ForecastMember	/disc/73200/081220181112435895_tse-qcedjpsm-73200-20181114373200-ixbrl.htm
2018-11-14	四半期	当期第2四半期累計	連結	予想		親会社株主に帰属する当期純利益の増減率	ChangeInProfitAttributableToOwnersOfParent	0.827	Pure	82.7	CurrentAccumulatedQ2Duration_ConsolidatedMember_ForecastMember	/disc/73200/081220181112435895_tse-qcedjpsm-73200-20181114373200-ixbrl.htm
2018-11-14	四半期	当期第2四半期累計	連結	予想		1株当たり当期純利益	NetIncomePerShare	44.88	JPYPerShares	44.88	CurrentAccumulatedQ2Duration_ConsolidatedMember_ForecastMember	/disc/73200/081220181112435895_tse-qcedjpsm-73200-20181114373200-ixbrl.htm
2018-11-14	四半期	当期	連結	予想		売上高	NetSales	1462000000	JPY	1,462	CurrentYearDuration_ConsolidatedMember_ForecastMember	/disc/73200/081220181112435895_tse-qcedjpsm-73200-20181114373200-ixbrl.htm
2018-11-14	四半期	当期	連結	予想		売上高の増減率	ChangeInNetSales	0.136	Pure	13.6	CurrentYearDuration_ConsolidatedMember_ForecastMember	/disc/73200/081220181112435895_tse-qcedjpsm-73200-20181114373200-ixbrl.htm
2018-11-14	四半期	当期	連結	予想		営業利益	OperatingIncome	138000000	JPY	138	CurrentYearDuration_ConsolidatedMember_ForecastMember	/disc/73200/081220181112435895_tse-qcedjpsm-73200-20181114373200-ixbrl.htm
2018-11-14	四半期	当期	連結	予想		営業利益の増減率	ChangeInOperatingIncome	-0.146	Pure	14.6	CurrentYearDuration_ConsolidatedMember_ForecastMember	/disc/73200/081220181112435895_tse-qcedjpsm-73200-20181114373200-ixbrl.htm
2018-11-14	四半期	当期	連結	予想		経常利益	OrdinaryIncome	176000000	JPY	176	CurrentYearDuration_ConsolidatedMember_ForecastMember	/disc/73200/081220181112435895_tse-qcedjpsm-73200-20181114373200-ixbrl.htm
2018-11-14	四半期	当期	連結	予想		経常利益の増減率	ChangeInOrdinaryIncome	0.116	Pure	11.6	CurrentYearDuration_ConsolidatedMember_ForecastMember	/disc/73200/081220181112435895_tse-qcedjpsm-73200-20181114373200-ixbrl.htm
2018-11-14	四半期	当期	連結	予想		親会社株主に帰属する当期純利益	ProfitAttributableToOwnersOfParent	124000000	JPY	124	CurrentYearDuration_ConsolidatedMember_ForecastMember	/disc/73200/081220181112435895_tse-qcedjpsm-73200-20181114373200-ixbrl.htm
2018-11-14	四半期	当期	連結	予想		親会社株主に帰属する当期純利益の増減率	ChangeInProfitAttributableToOwnersOfParent	0.203	Pure	20.3	CurrentYearDuration_ConsolidatedMember_ForecastMember	/disc/73200/081220181112435895_tse-qcedjpsm-73200-20181114373200-ixbrl.htm
2018-11-14	四半期	当期	連結	予想		1株当たり当期純利益	NetIncomePerShare	85.66	JPYPerShares	85.66	CurrentYearDuration_ConsolidatedMember_ForecastMember	/disc/73200/081220181112435895_tse-qcedjpsm-73200-20181114373200-ixbrl.htm
2018-11-14	四半期	当期	連結	予想		当四半期における業績予想の修正	CorrectionOfConsolidatedFinancialForecastInThisQuarter			無	CurrentYearDuration_ConsolidatedMember_ForecastMember	/disc/73200/081220181112435895_tse-qcedjpsm-73200-20181114373200-ixbrl.htm
2018-11-14	四半期	当期第1四半期累計	連結	実績			MaterialChangesInSubsidiariesDuringThisPeriodChangesInScopeOfConsolidationsResultingFromChangeIsSubsidiaries			無	CurrentAccumulatedQ1Duration_ConsolidatedMember_ResultMember	/disc/73200/081220181112435895_tse-qcedjpsm-73200-20181114373200-ixbrl.htm
2018-11-14	四半期	当期第1四半期累計	連結	実績			ApplyingOfSpecificAccountingOfTheConsolidatedQuarterlyFinancialStatements			有	CurrentAccumulatedQ1Duration_ConsolidatedMember_ResultMember	/disc/73200/081220181112435895_tse-qcedjpsm-73200-20181114373200-ixbrl.htm
2018-11-14	四半期	当期第1四半期累計	連結	実績			NoteToApplyingOfSpecificAccountingOfTheConsolidatedQuarterlyFinancialStatements			（注）詳細は、添付資料Ｐ．６「２．四半期連結財務諸表及び主な注記 （３）四半期連結財務諸表に関する注記事項 （四半期連結財務諸表の作成に特有の会計処理の適用）」をご覧ください。	CurrentAccumulatedQ1Duration_ConsolidatedMember_ResultMember	/disc/73200/081220181112435895_tse-qcedjpsm-73200-20181114373200-ixbrl.htm
2018-11-14	四半期	当期第1四半期累計	連結	実績		会計基準等の改正に伴う変更	ChangesBasedOnRevisionsOfAccountingStandard			無	CurrentAccumulatedQ1Duration_ConsolidatedMember_ResultMember	/disc/73200/081220181112435895_tse-qcedjpsm-73200-20181114373200-ixbrl.htm
2018-11-14	四半期	当期第1四半期累計	連結	実績		それ以外の会計方針の変更	ChangesOtherThanOnesBasedOnRevisionsOfAccountingStandard			無	CurrentAccumulatedQ1Duration_ConsolidatedMember_ResultMember	/disc/73200/081220181112435895_tse-qcedjpsm-73200-20181114373200-ixbrl.htm
2018-11-14	四半期	当期第1四半期累計	連結	実績		会計上の見積りの変更	ChangesInAccountingEstimates			無	CurrentAccumulatedQ1Duration_ConsolidatedMember_ResultMember	/disc/73200/081220181112435895_tse-qcedjpsm-73200-20181114373200-ixbrl.htm
2018-11-14	四半期	当期第1四半期累計	連結	実績		修正再表示	RetrospectiveRestatement			無	CurrentAccumulatedQ1Duration_ConsolidatedMember_ResultMember	/disc/73200/081220181112435895_tse-qcedjpsm-73200-20181114373200-ixbrl.htm
2018-11-14	四半期	当期第1四半期累計	単体	実績		期末発行済株式数(自己株式を含む)	NumberOfIssuedAndOutstandingSharesAtTheEndOfFiscalYearIncludingTreasuryStock	1586500	Shares	1,586,500	CurrentAccumulatedQ1Instant_NonConsolidatedMember_ResultMember	/disc/73200/081220181112435895_tse-qcedjpsm-73200-20181114373200-ixbrl.htm
2018-11-14	四半期	前期	単体	実績		期末発行済株式数(自己株式を含む)	NumberOfIssuedAndOutstandingSharesAtTheEndOfFiscalYearIncludingTreasuryStock	1586500	Shares	1,586,500	PriorYearInstant_NonConsolidatedMember_ResultMember	/disc/73200/081220181112435895_tse-qcedjpsm-73200-20181114373200-ixbrl.htm
2018-11-14	四半期	当期第1四半期累計	単体	実績		期中平均株式数	AverageNumberOfShares	1586500	Shares	1,586,500	CurrentAccumulatedQ1Duration_NonConsolidatedMember_ResultMember	/disc/73200/081220181112435895_tse-qcedjpsm-73200-20181114373200-ixbrl.htm
2018-11-14	四半期	当期第1四半期累計	単体	実績			NoteToNumberOfIssuedAndOutstandingSharesCommonStock			（注）2018年６月期第１四半期については、四半期連結財務諸表を作成していないため、期中平均株数を記載しておりません。	CurrentAccumulatedQ1Instant_NonConsolidatedMember_ResultMember	/disc/73200/081220181112435895_tse-qcedjpsm-73200-20181114373200-ixbrl.htm
2018-11-14	四半期	当期				将来情報の利用に関する注意	NotesForUsingForecastedInformationAndOthers			（将来に関する記述等についてのご注意） 本資料に記載されている業績見通し等の将来に関する記述は、当社が入手している情報及び合理的であると判断する一定の前提に基づいており、その達成を当社として約束する趣旨のものではありません。また、実際の業績等は様々な要因により大きく異なる場合があります。業績予想の前提となる条件及び業績予想のご利用に当たっての注意事項等については、添付資料Ｐ．３「１．当四半期決算に関する定性的情報 （３）連結業績予想などの将来予測情報に関する説明」をご覧ください。&#160;（四半期決算補足説明資料の入手方法） 四半期決算補足説明資料は、2018年11月14日(水)に当社ウェブサイトに掲載致します。&#160;（日付の表示方法の変更） 「2019年６月期 第１四半期決算短信」より日付の表示方法を和暦表示から西暦表示に変更しております。	CurrentYearDuration	/disc/73200/081220181112435895_tse-qcedjpsm-73200-20181114373200-ixbrl.htm
2018-11-14	四半期	当期				決算期末	FiscalYearEnd			2019-06-30	CurrentYearInstant	/disc/73200/081220181112435895_tse-qcedjpsm-73200-20181114373200-ixbrl.htm
2018-11-14	四半期	当期第1四半期累計				四半期	QuarterlyPeriod	1	Pure	1	CurrentAccumulatedQ1Instant	/disc/73200/081220181112435895_tse-qcedjpsm-73200-20181114373200-ixbrl.htm
2019-02-14	四半期	当期第2四半期累計				書類名	DocumentName			第２四半期決算短信〔日本基準〕（連結）	CurrentAccumulatedQ2Instant	/disc/73200/081220190214476946_tse-qcedjpsm-73200-20190214373200-ixbrl.htm
2019-02-14	四半期	当期第2四半期累計				提出日	FilingDate			2019年２月14日	CurrentAccumulatedQ2Instant	/disc/73200/081220190214476946_tse-qcedjpsm-73200-20190214373200-ixbrl.htm
2019-02-14	四半期	当期第2四半期累計				会社名	CompanyName			日本リビング保証株式会社	CurrentAccumulatedQ2Instant	/disc/73200/081220190214476946_tse-qcedjpsm-73200-20190214373200-ixbrl.htm
2019-02-14	四半期	当期第2四半期累計					TokyoStockExchange			東	CurrentAccumulatedQ2Instant	/disc/73200/081220190214476946_tse-qcedjpsm-73200-20190214373200-ixbrl.htm
2019-02-14	四半期	当期第2四半期累計				証券コード	SecuritiesCode			73200	CurrentAccumulatedQ2Instant	/disc/73200/081220190214476946_tse-qcedjpsm-73200-20190214373200-ixbrl.htm
2019-02-14	四半期	当期第2四半期累計				URL	URL			https://jlw.jp	CurrentAccumulatedQ2Instant	/disc/73200/081220190214476946_tse-qcedjpsm-73200-20190214373200-ixbrl.htm
2019-02-14	四半期	当期第2四半期累計				代表者の役職	TitleRepresentative			代表取締役社長	CurrentAccumulatedQ2Instant	/disc/73200/081220190214476946_tse-qcedjpsm-73200-20190214373200-ixbrl.htm
2019-02-14	四半期	当期第2四半期累計				代表者名	NameRepresentative			安達&#160; 慶高	CurrentAccumulatedQ2Instant	/disc/73200/081220190214476946_tse-qcedjpsm-73200-20190214373200-ixbrl.htm
2019-02-14	四半期	当期第2四半期累計					TitleInquiries			取締役管理グループ管掌	CurrentAccumulatedQ2Instant	/disc/73200/081220190214476946_tse-qcedjpsm-73200-20190214373200-ixbrl.htm
2019-02-14	四半期	当期第2四半期累計					NameInquiries			竹林&#160; 俊介	CurrentAccumulatedQ2Instant	/disc/73200/081220190214476946_tse-qcedjpsm-73200-20190214373200-ixbrl.htm
2019-02-14	四半期	当期第2四半期累計					Tel			03-6276-0401	CurrentAccumulatedQ2Instant	/disc/73200/081220190214476946_tse-qcedjpsm-73200-20190214373200-ixbrl.htm
2019-02-14	四半期	当期第2四半期累計					QuarterlyStatementFilingDateAsPlanned			2019年２月14日	CurrentAccumulatedQ2Instant	/disc/73200/081220190214476946_tse-qcedjpsm-73200-20190214373200-ixbrl.htm
2019-02-14	四半期	当期第2四半期累計					SupplementalMaterialOfQuarterlyResults			有	CurrentAccumulatedQ2Instant	/disc/73200/081220190214476946_tse-qcedjpsm-73200-20190214373200-ixbrl.htm
2019-02-14	四半期	当期第2四半期累計					ConveningBriefingOfQuarterlyResults			有	CurrentAccumulatedQ2Instant	/disc/73200/081220190214476946_tse-qcedjpsm-73200-20190214373200-ixbrl.htm
2019-02-14	四半期	当期第2四半期累計					TargetForBriefingOfQuarterlyResults			（機関投資家・アナリスト向け）	CurrentAccumulatedQ2Instant	/disc/73200/081220190214476946_tse-qcedjpsm-73200-20190214373200-ixbrl.htm
2019-02-14	四半期	当期第2四半期累計					NoteToFractionProcessingMethod			（百万円未満切捨て）	CurrentAccumulatedQ2Instant	/disc/73200/081220190214476946_tse-qcedjpsm-73200-20190214373200-ixbrl.htm
2019-02-14	四半期	当期第2四半期累計	連結	実績		売上高	NetSales	709000000	JPY	709	CurrentAccumulatedQ2Duration_ConsolidatedMember_ResultMember	/disc/73200/081220190214476946_tse-qcedjpsm-73200-20190214373200-ixbrl.htm
2019-02-14	四半期	当期第2四半期累計	連結	実績		売上高の増減率	ChangeInNetSales	0.248	Pure	24.8	CurrentAccumulatedQ2Duration_ConsolidatedMember_ResultMember	/disc/73200/081220190214476946_tse-qcedjpsm-73200-20190214373200-ixbrl.htm
2019-02-14	四半期	当期第2四半期累計	連結	実績		営業利益	OperatingIncome	94000000	JPY	94	CurrentAccumulatedQ2Duration_ConsolidatedMember_ResultMember	/disc/73200/081220190214476946_tse-qcedjpsm-73200-20190214373200-ixbrl.htm
2019-02-14	四半期	当期第2四半期累計	連結	実績		営業利益の増減率	ChangeInOperatingIncome	0.733	Pure	73.3	CurrentAccumulatedQ2Duration_ConsolidatedMember_ResultMember	/disc/73200/081220190214476946_tse-qcedjpsm-73200-20190214373200-ixbrl.htm
2019-02-14	四半期	当期第2四半期累計	連結	実績		経常利益	OrdinaryIncome	106000000	JPY	106	CurrentAccumulatedQ2Duration_ConsolidatedMember_ResultMember	/disc/73200/081220190214476946_tse-qcedjpsm-73200-20190214373200-ixbrl.htm
2019-02-14	四半期	当期第2四半期累計	連結	実績		経常利益の増減率	ChangeInOrdinaryIncome	0.871	Pure	87.1	CurrentAccumulatedQ2Duration_ConsolidatedMember_ResultMember	/disc/73200/081220190214476946_tse-qcedjpsm-73200-20190214373200-ixbrl.htm
2019-02-14	四半期	当期第2四半期累計	連結	実績		親会社株主に帰属する当期純利益	ProfitAttributableToOwnersOfParent	74000000	JPY	74	CurrentAccumulatedQ2Duration_ConsolidatedMember_ResultMember	/disc/73200/081220190214476946_tse-qcedjpsm-73200-20190214373200-ixbrl.htm
2019-02-14	四半期	当期第2四半期累計	連結	実績		親会社株主に帰属する当期純利益の増減率	ChangeInProfitAttributableToOwnersOfParent	1.098	Pure	109.8	CurrentAccumulatedQ2Duration_ConsolidatedMember_ResultMember	/disc/73200/081220190214476946_tse-qcedjpsm-73200-20190214373200-ixbrl.htm
2019-02-14	四半期	前期第2四半期累計	連結	実績		売上高	NetSales	568000000	JPY	568	PriorAccumulatedQ2Duration_ConsolidatedMember_ResultMember	/disc/73200/081220190214476946_tse-qcedjpsm-73200-20190214373200-ixbrl.htm
2019-02-14	四半期	前期第2四半期累計	連結	実績		営業利益	OperatingIncome	54000000	JPY	54	PriorAccumulatedQ2Duration_ConsolidatedMember_ResultMember	/disc/73200/081220190214476946_tse-qcedjpsm-73200-20190214373200-ixbrl.htm
2019-02-14	四半期	前期第2四半期累計	連結	実績		経常利益	OrdinaryIncome	57000000	JPY	57	PriorAccumulatedQ2Duration_ConsolidatedMember_ResultMember	/disc/73200/081220190214476946_tse-qcedjpsm-73200-20190214373200-ixbrl.htm
2019-02-14	四半期	前期第2四半期累計	連結	実績		親会社株主に帰属する当期純利益	ProfitAttributableToOwnersOfParent	35000000	JPY	35	PriorAccumulatedQ2Duration_ConsolidatedMember_ResultMember	/disc/73200/081220190214476946_tse-qcedjpsm-73200-20190214373200-ixbrl.htm
2019-02-14	四半期	当期第2四半期累計	連結	実績		包括利益	ComprehensiveIncome	73000000	JPY	73	CurrentAccumulatedQ2Duration_ConsolidatedMember_ResultMember	/disc/73200/081220190214476946_tse-qcedjpsm-73200-20190214373200-ixbrl.htm
2019-02-14	四半期	当期第2四半期累計	連結	実績		包括利益の増減率	ChangeInComprehensiveIncome	0.810	Pure	81.0	CurrentAccumulatedQ2Duration_ConsolidatedMember_ResultMember	/disc/73200/081220190214476946_tse-qcedjpsm-73200-20190214373200-ixbrl.htm
2019-02-14	四半期	前期第2四半期累計	連結	実績		包括利益	ComprehensiveIncome	40000000	JPY	40	PriorAccumulatedQ2Duration_ConsolidatedMember_ResultMember	/disc/73200/081220190214476946_tse-qcedjpsm-73200-20190214373200-ixbrl.htm
2019-02-14	四半期	当期第2四半期累計	連結	実績		1株当たり当期純利益	NetIncomePerShare	15.30	JPYPerShares	15.30	CurrentAccumulatedQ2Duration_ConsolidatedMember_ResultMember	/disc/73200/081220190214476946_tse-qcedjpsm-73200-20190214373200-ixbrl.htm
2019-02-14	四半期	当期第2四半期累計	連結	実績		潜在株式調整後1株当たり当期純利益	DilutedNetIncomePerShare	14.50	JPYPerShares	14.50	CurrentAccumulatedQ2Duration_ConsolidatedMember_ResultMember	/disc/73200/081220190214476946_tse-qcedjpsm-73200-20190214373200-ixbrl.htm
2019-02-14	四半期	前期第2四半期累計	連結	実績		1株当たり当期純利益	NetIncomePerShare	8.60	JPYPerShares	8.60	PriorAccumulatedQ2Duration_ConsolidatedMember_ResultMember	/disc/73200/081220190214476946_tse-qcedjpsm-73200-20190214373200-ixbrl.htm
2019-02-14	四半期	当期第2四半期累計	連結	実績		経営成績の注記	NoteToOperatingResults			（注）１．2017年６月期第２四半期については四半期連結財務諸表を作成していないため、2018年６月期第２四半期の対前年同四半期増減率については記載しておりません。 ２．当社は、2019年１月１日付で普通株式１株につき３株の割合で株式分割を行っております。前連結会計年度の期首に当該株式分割が行われたと仮定して、「１株当たり四半期純利益」及び「潜在株式調整後１株当たり四半期純利益」を算定しております。 ３．2018年６月期第２四半期の「潜在株式調整後１株当たり当期純利益」については、潜在株式は存在するものの、当社株式は非上場であったため、期中平均株価が把握できませんので記載しておりません。	CurrentAccumulatedQ2Duration_ConsolidatedMember_ResultMember	/disc/73200/081220190214476946_tse-qcedjpsm-73200-20190214373200-ixbrl.htm
2019-02-14	四半期	当期第2四半期累計	連結	実績		総資産	TotalAssets	5683000000	JPY	5,683	CurrentAccumulatedQ2Instant_ConsolidatedMember_ResultMember	/disc/73200/081220190214476946_tse-qcedjpsm-73200-20190214373200-ixbrl.htm
2019-02-14	四半期	当期第2四半期累計	連結	実績		純資産	NetAssets	401000000	JPY	401	CurrentAccumulatedQ2Instant_ConsolidatedMember_ResultMember	/disc/73200/081220190214476946_tse-qcedjpsm-73200-20190214373200-ixbrl.htm
2019-02-14	四半期	当期第2四半期累計	連結	実績		自己資本比率	CapitalAdequacyRatio	0.071	Pure	7.1	CurrentAccumulatedQ2Instant_ConsolidatedMember_ResultMember	/disc/73200/081220190214476946_tse-qcedjpsm-73200-20190214373200-ixbrl.htm
2019-02-14	四半期	前期	連結	実績		総資産	TotalAssets	5142000000	JPY	5,142	PriorYearInstant_ConsolidatedMember_ResultMember	/disc/73200/081220190214476946_tse-qcedjpsm-73200-20190214373200-ixbrl.htm
2019-02-14	四半期	前期	連結	実績		純資産	NetAssets	322000000	JPY	322	PriorYearInstant_ConsolidatedMember_ResultMember	/disc/73200/081220190214476946_tse-qcedjpsm-73200-20190214373200-ixbrl.htm
2019-02-14	四半期	前期	連結	実績		自己資本比率	CapitalAdequacyRatio	0.063	Pure	6.3	PriorYearInstant_ConsolidatedMember_ResultMember	/disc/73200/081220190214476946_tse-qcedjpsm-73200-20190214373200-ixbrl.htm
2019-02-14	四半期	当期第2四半期累計	連結	実績		自己資本	OwnersEquity	401000000	JPY	401	CurrentAccumulatedQ2Instant_ConsolidatedMember_ResultMember	/disc/73200/081220190214476946_tse-qcedjpsm-73200-20190214373200-ixbrl.htm
2019-02-14	四半期	前期	連結	実績		自己資本	OwnersEquity	322000000	JPY	322	PriorYearInstant_ConsolidatedMember_ResultMember	/disc/73200/081220190214476946_tse-qcedjpsm-73200-20190214373200-ixbrl.htm
2019-02-14	四半期	前期	単体	実績	第2四半期末	1株当たり配当金	DividendPerShare	0.00	JPYPerShares	0.00	PriorYearDuration_SecondQuarterMember_NonConsolidatedMember_ResultMember	/disc/73200/081220190214476946_tse-qcedjpsm-73200-20190214373200-ixbrl.htm
2019-02-14	四半期	前期	単体	実績	期末	1株当たり配当金	DividendPerShare	0.00	JPYPerShares	0.00	PriorYearDuration_YearEndMember_NonConsolidatedMember_ResultMember	/disc/73200/081220190214476946_tse-qcedjpsm-73200-20190214373200-ixbrl.htm
2019-02-14	四半期	前期	単体	実績	合計	1株当たり配当金	DividendPerShare	0.00	JPYPerShares	0.00	PriorYearDuration_AnnualMember_NonConsolidatedMember_ResultMember	/disc/73200/081220190214476946_tse-qcedjpsm-73200-20190214373200-ixbrl.htm
2019-02-14	四半期	当期	単体	実績	第2四半期末	1株当たり配当金	DividendPerShare	0.00	JPYPerShares	0.00	CurrentYearDuration_SecondQuarterMember_NonConsolidatedMember_ResultMember	/disc/73200/081220190214476946_tse-qcedjpsm-73200-20190214373200-ixbrl.htm
2019-02-14	四半期	当期	単体	予想	期末	1株当たり配当金	DividendPerShare	0.00	JPYPerShares	0.00	CurrentYearDuration_YearEndMember_NonConsolidatedMember_ForecastMember	/disc/73200/081220190214476946_tse-qcedjpsm-73200-20190214373200-ixbrl.htm
2019-02-14	四半期	当期	単体	予想	合計	1株当たり配当金	DividendPerShare	0.00	JPYPerShares	0.00	CurrentYearDuration_AnnualMember_NonConsolidatedMember_ForecastMember	/disc/73200/081220190214476946_tse-qcedjpsm-73200-20190214373200-ixbrl.htm
2019-02-14	四半期	当期	単体	実績	合計	当四半期における配当予想の修正	CorrectionOfDividendForecastInThisQuarter			無	CurrentYearDuration_AnnualMember_NonConsolidatedMember_ResultMember	/disc/73200/081220190214476946_tse-qcedjpsm-73200-20190214373200-ixbrl.htm
2019-02-14	四半期	当期	連結	予想		業績予想の見出し	TitleForForecasts			３．2019年６月期の連結業績予想（2018年７月１日～2019年６月30日）	CurrentYearDuration_ConsolidatedMember_ForecastMember	/disc/73200/081220190214476946_tse-qcedjpsm-73200-20190214373200-ixbrl.htm
2019-02-14	四半期	当期	連結	予想		売上高	NetSales	1462000000	JPY	1,462	CurrentYearDuration_ConsolidatedMember_ForecastMember	/disc/73200/081220190214476946_tse-qcedjpsm-73200-20190214373200-ixbrl.htm
2019-02-14	四半期	当期	連結	予想		売上高の増減率	ChangeInNetSales	0.136	Pure	13.6	CurrentYearDuration_ConsolidatedMember_ForecastMember	/disc/73200/081220190214476946_tse-qcedjpsm-73200-20190214373200-ixbrl.htm
2019-02-14	四半期	当期	連結	予想		営業利益	OperatingIncome	138000000	JPY	138	CurrentYearDuration_ConsolidatedMember_ForecastMember	/disc/73200/081220190214476946_tse-qcedjpsm-73200-20190214373200-ixbrl.htm
2019-02-14	四半期	当期	連結	予想		営業利益の増減率	ChangeInOperatingIncome	-0.146	Pure	14.6	CurrentYearDuration_ConsolidatedMember_ForecastMember	/disc/73200/081220190214476946_tse-qcedjpsm-73200-20190214373200-ixbrl.htm
2019-02-14	四半期	当期	連結	予想		経常利益	OrdinaryIncome	176000000	JPY	176	CurrentYearDuration_ConsolidatedMember_ForecastMember	/disc/73200/081220190214476946_tse-qcedjpsm-73200-20190214373200-ixbrl.htm
2019-02-14	四半期	当期	連結	予想		経常利益の増減率	ChangeInOrdinaryIncome	0.116	Pure	11.6	CurrentYearDuration_ConsolidatedMember_ForecastMember	/disc/73200/081220190214476946_tse-qcedjpsm-73200-20190214373200-ixbrl.htm
2019-02-14	四半期	当期	連結	予想		親会社株主に帰属する当期純利益	ProfitAttributableToOwnersOfParent	124000000	JPY	124	CurrentYearDuration_ConsolidatedMember_ForecastMember	/disc/73200/081220190214476946_tse-qcedjpsm-73200-20190214373200-ixbrl.htm
2019-02-14	四半期	当期	連結	予想		親会社株主に帰属する当期純利益の増減率	ChangeInProfitAttributableToOwnersOfParent	0.203	Pure	20.3	CurrentYearDuration_ConsolidatedMember_ForecastMember	/disc/73200/081220190214476946_tse-qcedjpsm-73200-20190214373200-ixbrl.htm
2019-02-14	四半期	当期	連結	予想		1株当たり当期純利益	NetIncomePerShare	25.16	JPYPerShares	25.16	CurrentYearDuration_ConsolidatedMember_ForecastMember	/disc/73200/081220190214476946_tse-qcedjpsm-73200-20190214373200-ixbrl.htm
2019-02-14	四半期	当期	連結	予想		当四半期における業績予想の修正	CorrectionOfConsolidatedFinancialForecastInThisQuarter			無	CurrentYearDuration_ConsolidatedMember_ForecastMember	/disc/73200/081220190214476946_tse-qcedjpsm-73200-20190214373200-ixbrl.htm
2019-02-14	四半期	当期	連結	予想			PreambleToForecasts			当社は、2019年１月１日付で普通株式１株につき３株の割合で株式分割を行っております。2019年６月期の連結業績予想における１株当たり当期純利益については、当該株式分割の影響を考慮しております。	CurrentYearDuration_ConsolidatedMember_ForecastMember	/disc/73200/081220190214476946_tse-qcedjpsm-73200-20190214373200-ixbrl.htm
2019-02-14	四半期	当期第2四半期累計	連結	実績			MaterialChangesInSubsidiariesDuringThisPeriodChangesInScopeOfConsolidationsResultingFromChangeIsSubsidiaries			無	CurrentAccumulatedQ2Duration_ConsolidatedMember_ResultMember	/disc/73200/081220190214476946_tse-qcedjpsm-73200-20190214373200-ixbrl.htm
2019-02-14	四半期	当期第2四半期累計	連結	実績			ApplyingOfSpecificAccountingOfTheConsolidatedQuarterlyFinancialStatements			有	CurrentAccumulatedQ2Duration_ConsolidatedMember_ResultMember	/disc/73200/081220190214476946_tse-qcedjpsm-73200-20190214373200-ixbrl.htm
2019-02-14	四半期	当期第2四半期累計	連結	実績			NoteToApplyingOfSpecificAccountingOfTheConsolidatedQuarterlyFinancialStatements			（注）詳細は、添付資料Ｐ．８「２．四半期連結財務諸表及び主な注記 （４）四半期連結財務諸表に関する注記事項 （四半期連結財務諸表の作成に特有の会計処理の適用）」をご覧ください。	CurrentAccumulatedQ2Duration_ConsolidatedMember_ResultMember	/disc/73200/081220190214476946_tse-qcedjpsm-73200-20190214373200-ixbrl.htm
2019-02-14	四半期	当期第2四半期累計	連結	実績		会計基準等の改正に伴う変更	ChangesBasedOnRevisionsOfAccountingStandard			無	CurrentAccumulatedQ2Duration_ConsolidatedMember_ResultMember	/disc/73200/081220190214476946_tse-qcedjpsm-73200-20190214373200-ixbrl.htm
2019-02-14	四半期	当期第2四半期累計	連結	実績		それ以外の会計方針の変更	ChangesOtherThanOnesBasedOnRevisionsOfAccountingStandard			無	CurrentAccumulatedQ2Duration_ConsolidatedMember_ResultMember	/disc/73200/081220190214476946_tse-qcedjpsm-73200-20190214373200-ixbrl.htm
2019-02-14	四半期	当期第2四半期累計	連結	実績		会計上の見積りの変更	ChangesInAccountingEstimates			無	CurrentAccumulatedQ2Duration_ConsolidatedMember_ResultMember	/disc/73200/081220190214476946_tse-qcedjpsm-73200-20190214373200-ixbrl.htm
2019-02-14	四半期	当期第2四半期累計	連結	実績		修正再表示	RetrospectiveRestatement			無	CurrentAccumulatedQ2Duration_ConsolidatedMember_ResultMember	/disc/73200/081220190214476946_tse-qcedjpsm-73200-20190214373200-ixbrl.htm
2019-02-14	四半期	当期第2四半期累計	単体	実績		期末発行済株式数(自己株式を含む)	NumberOfIssuedAndOutstandingSharesAtTheEndOfFiscalYearIncludingTreasuryStock	4985100	Shares	4,985,100	CurrentAccumulatedQ2Instant_NonConsolidatedMember_ResultMember	/disc/73200/081220190214476946_tse-qcedjpsm-73200-20190214373200-ixbrl.htm
2019-02-14	四半期	前期	単体	実績		期末発行済株式数(自己株式を含む)	NumberOfIssuedAndOutstandingSharesAtTheEndOfFiscalYearIncludingTreasuryStock	4759500	Shares	4,759,500	PriorYearInstant_NonConsolidatedMember_ResultMember	/disc/73200/081220190214476946_tse-qcedjpsm-73200-20190214373200-ixbrl.htm
2019-02-14	四半期	当期第2四半期累計	単体	実績		期中平均株式数	AverageNumberOfShares	4872300	Shares	4,872,300	CurrentAccumulatedQ2Duration_NonConsolidatedMember_ResultMember	/disc/73200/081220190214476946_tse-qcedjpsm-73200-20190214373200-ixbrl.htm
2019-02-14	四半期	前期第2四半期累計	単体	実績		期中平均株式数	AverageNumberOfShares	4132989	Shares	4,132,989	PriorAccumulatedQ2Duration_NonConsolidatedMember_ResultMember	/disc/73200/081220190214476946_tse-qcedjpsm-73200-20190214373200-ixbrl.htm
2019-02-14	四半期	当期第2四半期累計	単体	実績			NoteToNumberOfIssuedAndOutstandingSharesCommonStock			（注）当社は、2019年１月１日付で普通株式１株につき３株の株式分割を行っております。このため期末発行済株式数及び期中平均株式数については、当該株式分割が前連結会計年度の期首に行われたものと仮定して算定しております。	CurrentAccumulatedQ2Instant_NonConsolidatedMember_ResultMember	/disc/73200/081220190214476946_tse-qcedjpsm-73200-20190214373200-ixbrl.htm
2019-02-14	四半期	当期				将来情報の利用に関する注意	NotesForUsingForecastedInformationAndOthers			（将来に関する記述等についてのご注意） 本資料に記載されている業績見通し等の将来に関する記述は、当社が入手している情報及び合理的であると判断する一定の前提に基づいており、その達成を当社として約束する趣旨のものではありません。また、実際の業績等は様々な要因により大きく異なる場合があります。業績予想の前提となる条件及び業績予想のご利用に当たっての注意事項等については、添付資料Ｐ．４「１．当四半期決算に関する定性的情報 （４）連結業績予想などの将来予測情報に関する説明」をご覧ください。 また、当社は、2019年１月１日付で普通株式１株につき３株の割合で株式分割を行っております。「３．2019年６月期の連結業績予想」における１株当たり当期純利益については、当該株式分割が期首に行われたものと仮定した期中平均株式数を用いて算定しております。&#160;（四半期決算補足説明資料及び四半期決算説明会内容の	CurrentYearDuration	/disc/73200/081220190214476946_tse-qcedjpsm-73200-20190214373200-ixbrl.htm
2019-02-14	四半期	当期				決算期末	FiscalYearEnd			2019-06-30	CurrentYearInstant	/disc/73200/081220190214476946_tse-qcedjpsm-73200-20190214373200-ixbrl.htm
2019-02-14	四半期	当期第2四半期累計				四半期	QuarterlyPeriod	2	Pure	2	CurrentAccumulatedQ2Instant	/disc/73200/081220190214476946_tse-qcedjpsm-73200-20190214373200-ixbrl.htm
2019-05-14	四半期	当期第3四半期累計				書類名	DocumentName			第３四半期決算短信〔日本基準〕（連結）	CurrentAccumulatedQ3Instant	/disc/73200/081220190514425318_tse-qcedjpsm-73200-20190514373200-ixbrl.htm
2019-05-14	四半期	当期第3四半期累計				提出日	FilingDate			2019年５月14日	CurrentAccumulatedQ3Instant	/disc/73200/081220190514425318_tse-qcedjpsm-73200-20190514373200-ixbrl.htm
2019-05-14	四半期	当期第3四半期累計				会社名	CompanyName			日本リビング保証株式会社	CurrentAccumulatedQ3Instant	/disc/73200/081220190514425318_tse-qcedjpsm-73200-20190514373200-ixbrl.htm
2019-05-14	四半期	当期第3四半期累計					TokyoStockExchange			東	CurrentAccumulatedQ3Instant	/disc/73200/081220190514425318_tse-qcedjpsm-73200-20190514373200-ixbrl.htm
2019-05-14	四半期	当期第3四半期累計				証券コード	SecuritiesCode			73200	CurrentAccumulatedQ3Instant	/disc/73200/081220190514425318_tse-qcedjpsm-73200-20190514373200-ixbrl.htm
2019-05-14	四半期	当期第3四半期累計				URL	URL			https://jlw.jp	CurrentAccumulatedQ3Instant	/disc/73200/081220190514425318_tse-qcedjpsm-73200-20190514373200-ixbrl.htm
2019-05-14	四半期	当期第3四半期累計				代表者の役職	TitleRepresentative			代表取締役社長	CurrentAccumulatedQ3Instant	/disc/73200/081220190514425318_tse-qcedjpsm-73200-20190514373200-ixbrl.htm
2019-05-14	四半期	当期第3四半期累計				代表者名	NameRepresentative			安達&#160; 慶高	CurrentAccumulatedQ3Instant	/disc/73200/081220190514425318_tse-qcedjpsm-73200-20190514373200-ixbrl.htm
2019-05-14	四半期	当期第3四半期累計					TitleInquiries			取締役管理グループ管掌	CurrentAccumulatedQ3Instant	/disc/73200/081220190514425318_tse-qcedjpsm-73200-20190514373200-ixbrl.htm
2019-05-14	四半期	当期第3四半期累計					NameInquiries			竹林&#160; 俊介	CurrentAccumulatedQ3Instant	/disc/73200/081220190514425318_tse-qcedjpsm-73200-20190514373200-ixbrl.htm
2019-05-14	四半期	当期第3四半期累計					Tel			03-6276-0401	CurrentAccumulatedQ3Instant	/disc/73200/081220190514425318_tse-qcedjpsm-73200-20190514373200-ixbrl.htm
2019-05-14	四半期	当期第3四半期累計					QuarterlyStatementFilingDateAsPlanned			2019年５月14日	CurrentAccumulatedQ3Instant	/disc/73200/081220190514425318_tse-qcedjpsm-73200-20190514373200-ixbrl.htm
2019-05-14	四半期	当期第3四半期累計					SupplementalMaterialOfQuarterlyResults			有	CurrentAccumulatedQ3Instant	/disc/73200/081220190514425318_tse-qcedjpsm-73200-20190514373200-ixbrl.htm
2019-05-14	四半期	当期第3四半期累計					ConveningBriefingOfQuarterlyResults			無	CurrentAccumulatedQ3Instant	/disc/73200/081220190514425318_tse-qcedjpsm-73200-20190514373200-ixbrl.htm
2019-05-14	四半期	当期第3四半期累計					NoteToFractionProcessingMethod			（百万円未満切捨て）	CurrentAccumulatedQ3Instant	/disc/73200/081220190514425318_tse-qcedjpsm-73200-20190514373200-ixbrl.htm
2019-05-14	四半期	当期第3四半期累計	連結	実績		売上高	NetSales	1100000000	JPY	1,100	CurrentAccumulatedQ3Duration_ConsolidatedMember_ResultMember	/disc/73200/081220190514425318_tse-qcedjpsm-73200-20190514373200-ixbrl.htm
2019-05-14	四半期	当期第3四半期累計	連結	実績		売上高の増減率	ChangeInNetSales	0.208	Pure	20.8	CurrentAccumulatedQ3Duration_ConsolidatedMember_ResultMember	/disc/73200/081220190514425318_tse-qcedjpsm-73200-20190514373200-ixbrl.htm
2019-05-14	四半期	当期第3四半期累計	連結	実績		営業利益	OperatingIncome	116000000	JPY	116	CurrentAccumulatedQ3Duration_ConsolidatedMember_ResultMember	/disc/73200/081220190514425318_tse-qcedjpsm-73200-20190514373200-ixbrl.htm
2019-05-14	四半期	当期第3四半期累計	連結	実績		営業利益の増減率	ChangeInOperatingIncome	0.051	Pure	5.1	CurrentAccumulatedQ3Duration_ConsolidatedMember_ResultMember	/disc/73200/081220190514425318_tse-qcedjpsm-73200-20190514373200-ixbrl.htm
2019-05-14	四半期	当期第3四半期累計	連結	実績		経常利益	OrdinaryIncome	143000000	JPY	143	CurrentAccumulatedQ3Duration_ConsolidatedMember_ResultMember	/disc/73200/081220190514425318_tse-qcedjpsm-73200-20190514373200-ixbrl.htm
2019-05-14	四半期	当期第3四半期累計	連結	実績		経常利益の増減率	ChangeInOrdinaryIncome	0.356	Pure	35.6	CurrentAccumulatedQ3Duration_ConsolidatedMember_ResultMember	/disc/73200/081220190514425318_tse-qcedjpsm-73200-20190514373200-ixbrl.htm
2019-05-14	四半期	当期第3四半期累計	連結	実績		親会社株主に帰属する当期純利益	ProfitAttributableToOwnersOfParent	98000000	JPY	98	CurrentAccumulatedQ3Duration_ConsolidatedMember_ResultMember	/disc/73200/081220190514425318_tse-qcedjpsm-73200-20190514373200-ixbrl.htm
2019-05-14	四半期	当期第3四半期累計	連結	実績		親会社株主に帰属する当期純利益の増減率	ChangeInProfitAttributableToOwnersOfParent	0.219	Pure	21.9	CurrentAccumulatedQ3Duration_ConsolidatedMember_ResultMember	/disc/73200/081220190514425318_tse-qcedjpsm-73200-20190514373200-ixbrl.htm
2019-05-14	四半期	前期第3四半期累計	連結	実績		売上高	NetSales	911000000	JPY	911	PriorAccumulatedQ3Duration_ConsolidatedMember_ResultMember	/disc/73200/081220190514425318_tse-qcedjpsm-73200-20190514373200-ixbrl.htm
2019-05-14	四半期	前期第3四半期累計	連結	実績		営業利益	OperatingIncome	110000000	JPY	110	PriorAccumulatedQ3Duration_ConsolidatedMember_ResultMember	/disc/73200/081220190514425318_tse-qcedjpsm-73200-20190514373200-ixbrl.htm
2019-05-14	四半期	前期第3四半期累計	連結	実績		経常利益	OrdinaryIncome	106000000	JPY	106	PriorAccumulatedQ3Duration_ConsolidatedMember_ResultMember	/disc/73200/081220190514425318_tse-qcedjpsm-73200-20190514373200-ixbrl.htm
2019-05-14	四半期	前期第3四半期累計	連結	実績		親会社株主に帰属する当期純利益	ProfitAttributableToOwnersOfParent	80000000	JPY	80	PriorAccumulatedQ3Duration_ConsolidatedMember_ResultMember	/disc/73200/081220190514425318_tse-qcedjpsm-73200-20190514373200-ixbrl.htm
2019-05-14	四半期	当期第3四半期累計	連結	実績		包括利益	ComprehensiveIncome	103000000	JPY	103	CurrentAccumulatedQ3Duration_ConsolidatedMember_ResultMember	/disc/73200/081220190514425318_tse-qcedjpsm-73200-20190514373200-ixbrl.htm
2019-05-14	四半期	当期第3四半期累計	連結	実績		包括利益の増減率	ChangeInComprehensiveIncome	0.255	Pure	25.5	CurrentAccumulatedQ3Duration_ConsolidatedMember_ResultMember	/disc/73200/081220190514425318_tse-qcedjpsm-73200-20190514373200-ixbrl.htm
2019-05-14	四半期	前期第3四半期累計	連結	実績		包括利益	ComprehensiveIncome	82000000	JPY	82	PriorAccumulatedQ3Duration_ConsolidatedMember_ResultMember	/disc/73200/081220190514425318_tse-qcedjpsm-73200-20190514373200-ixbrl.htm
2019-05-14	四半期	当期第3四半期累計	連結	実績		1株当たり当期純利益	NetIncomePerShare	20.00	JPYPerShares	20.00	CurrentAccumulatedQ3Duration_ConsolidatedMember_ResultMember	/disc/73200/081220190514425318_tse-qcedjpsm-73200-20190514373200-ixbrl.htm
2019-05-14	四半期	当期第3四半期累計	連結	実績		潜在株式調整後1株当たり当期純利益	DilutedNetIncomePerShare	19.14	JPYPerShares	19.14	CurrentAccumulatedQ3Duration_ConsolidatedMember_ResultMember	/disc/73200/081220190514425318_tse-qcedjpsm-73200-20190514373200-ixbrl.htm
2019-05-14	四半期	前期第3四半期累計	連結	実績		1株当たり当期純利益	NetIncomePerShare	19.13	JPYPerShares	19.13	PriorAccumulatedQ3Duration_ConsolidatedMember_ResultMember	/disc/73200/081220190514425318_tse-qcedjpsm-73200-20190514373200-ixbrl.htm
2019-05-14	四半期	前期第3四半期累計	連結	実績		潜在株式調整後1株当たり当期純利益	DilutedNetIncomePerShare	18.01	JPYPerShares	18.01	PriorAccumulatedQ3Duration_ConsolidatedMember_ResultMember	/disc/73200/081220190514425318_tse-qcedjpsm-73200-20190514373200-ixbrl.htm
2019-05-14	四半期	当期第3四半期累計	連結	実績		経営成績の注記	NoteToOperatingResults			（注）１．2017年６月期第３四半期については四半期連結財務諸表を作成していないため、2018年６月期第３四半期の対前年同四半期増減率については記載しておりません。 ２．当社は、2019年１月１日付で普通株式１株につき３株の割合で株式分割を行っております。前連結会計年度の期首に当該株式分割が行われたと仮定して、「１株当たり四半期純利益」及び「潜在株式調整後１株当たり四半期純利益」を算定しております。 ３．2018年６月期第３四半期の「潜在株式調整後１株当たり四半期純利益」については、当社株式が2018年３月30日に東京証券取引所マザーズ市場に上場したため、新規上場日から前第３四半期連結会計期間末までの平均株価（気配値を含む）を期中平均株価とみなして算出しております。	CurrentAccumulatedQ3Duration_ConsolidatedMember_ResultMember	/disc/73200/081220190514425318_tse-qcedjpsm-73200-20190514373200-ixbrl.htm
2019-05-14	四半期	当期第3四半期累計	連結	実績		総資産	TotalAssets	6095000000	JPY	6,095	CurrentAccumulatedQ3Instant_ConsolidatedMember_ResultMember	/disc/73200/081220190514425318_tse-qcedjpsm-73200-20190514373200-ixbrl.htm
2019-05-14	四半期	当期第3四半期累計	連結	実績		純資産	NetAssets	431000000	JPY	431	CurrentAccumulatedQ3Instant_ConsolidatedMember_ResultMember	/disc/73200/081220190514425318_tse-qcedjpsm-73200-20190514373200-ixbrl.htm
2019-05-14	四半期	当期第3四半期累計	連結	実績		自己資本比率	CapitalAdequacyRatio	0.071	Pure	7.1	CurrentAccumulatedQ3Instant_ConsolidatedMember_ResultMember	/disc/73200/081220190514425318_tse-qcedjpsm-73200-20190514373200-ixbrl.htm
2019-05-14	四半期	前期	連結	実績		総資産	TotalAssets	5142000000	JPY	5,142	PriorYearInstant_ConsolidatedMember_ResultMember	/disc/73200/081220190514425318_tse-qcedjpsm-73200-20190514373200-ixbrl.htm
2019-05-14	四半期	前期	連結	実績		純資産	NetAssets	322000000	JPY	322	PriorYearInstant_ConsolidatedMember_ResultMember	/disc/73200/081220190514425318_tse-qcedjpsm-73200-20190514373200-ixbrl.htm
2019-05-14	四半期	前期	連結	実績		自己資本比率	CapitalAdequacyRatio	0.063	Pure	6.3	PriorYearInstant_ConsolidatedMember_ResultMember	/disc/73200/081220190514425318_tse-qcedjpsm-73200-20190514373200-ixbrl.htm
2019-05-14	四半期	当期第3四半期累計	連結	実績		自己資本	OwnersEquity	431000000	JPY	431	CurrentAccumulatedQ3Instant_ConsolidatedMember_ResultMember	/disc/73200/081220190514425318_tse-qcedjpsm-73200-20190514373200-ixbrl.htm
2019-05-14	四半期	前期	連結	実績		自己資本	OwnersEquity	322000000	JPY	322	PriorYearInstant_ConsolidatedMember_ResultMember	/disc/73200/081220190514425318_tse-qcedjpsm-73200-20190514373200-ixbrl.htm
2019-05-14	四半期	前期	単体	実績	第2四半期末	1株当たり配当金	DividendPerShare	0.00	JPYPerShares	0.00	PriorYearDuration_SecondQuarterMember_NonConsolidatedMember_ResultMember	/disc/73200/081220190514425318_tse-qcedjpsm-73200-20190514373200-ixbrl.htm
2019-05-14	四半期	前期	単体	実績	期末	1株当たり配当金	DividendPerShare	0.00	JPYPerShares	0.00	PriorYearDuration_YearEndMember_NonConsolidatedMember_ResultMember	/disc/73200/081220190514425318_tse-qcedjpsm-73200-20190514373200-ixbrl.htm
2019-05-14	四半期	前期	単体	実績	合計	1株当たり配当金	DividendPerShare	0.00	JPYPerShares	0.00	PriorYearDuration_AnnualMember_NonConsolidatedMember_ResultMember	/disc/73200/081220190514425318_tse-qcedjpsm-73200-20190514373200-ixbrl.htm
2019-05-14	四半期	当期	単体	実績	第2四半期末	1株当たり配当金	DividendPerShare	0.00	JPYPerShares	0.00	CurrentYearDuration_SecondQuarterMember_NonConsolidatedMember_ResultMember	/disc/73200/081220190514425318_tse-qcedjpsm-73200-20190514373200-ixbrl.htm
2019-05-14	四半期	当期	単体	予想	期末	1株当たり配当金	DividendPerShare	5.00	JPYPerShares	5.00	CurrentYearDuration_YearEndMember_NonConsolidatedMember_ForecastMember	/disc/73200/081220190514425318_tse-qcedjpsm-73200-20190514373200-ixbrl.htm
2019-05-14	四半期	当期	単体	予想	合計	1株当たり配当金	DividendPerShare	5.00	JPYPerShares	5.00	CurrentYearDuration_AnnualMember_NonConsolidatedMember_ForecastMember	/disc/73200/081220190514425318_tse-qcedjpsm-73200-20190514373200-ixbrl.htm
2019-05-14	四半期	当期	単体	実績	合計	当四半期における配当予想の修正	CorrectionOfDividendForecastInThisQuarter			有	CurrentYearDuration_AnnualMember_NonConsolidatedMember_ResultMember	/disc/73200/081220190514425318_tse-qcedjpsm-73200-20190514373200-ixbrl.htm
2019-05-14	四半期	当期第3四半期累計	単体	実績	合計	配当の注記	NoteToDividends			配当予想の修正については、本日（2019年５月14日）公表いたしました「2019年６月期 期末配当予想の修正に関するお知らせ」をご覧ください。	CurrentAccumulatedQ3Duration_AnnualMember_NonConsolidatedMember_ResultMember	/disc/73200/081220190514425318_tse-qcedjpsm-73200-20190514373200-ixbrl.htm
2019-05-14	四半期	当期	連結	予想		業績予想の見出し	TitleForForecasts			３．2019年６月期の連結業績予想（2018年７月１日～2019年６月30日）	CurrentYearDuration_ConsolidatedMember_ForecastMember	/disc/73200/081220190514425318_tse-qcedjpsm-73200-20190514373200-ixbrl.htm
2019-05-14	四半期	当期	連結	予想		売上高	NetSales	1462000000	JPY	1,462	CurrentYearDuration_ConsolidatedMember_ForecastMember	/disc/73200/081220190514425318_tse-qcedjpsm-73200-20190514373200-ixbrl.htm
2019-05-14	四半期	当期	連結	予想		売上高の増減率	ChangeInNetSales	0.136	Pure	13.6	CurrentYearDuration_ConsolidatedMember_ForecastMember	/disc/73200/081220190514425318_tse-qcedjpsm-73200-20190514373200-ixbrl.htm
2019-05-14	四半期	当期	連結	予想		営業利益	OperatingIncome	138000000	JPY	138	CurrentYearDuration_ConsolidatedMember_ForecastMember	/disc/73200/081220190514425318_tse-qcedjpsm-73200-20190514373200-ixbrl.htm
2019-05-14	四半期	当期	連結	予想		営業利益の増減率	ChangeInOperatingIncome	-0.146	Pure	14.6	CurrentYearDuration_ConsolidatedMember_ForecastMember	/disc/73200/081220190514425318_tse-qcedjpsm-73200-20190514373200-ixbrl.htm
2019-05-14	四半期	当期	連結	予想		経常利益	OrdinaryIncome	176000000	JPY	176	CurrentYearDuration_ConsolidatedMember_ForecastMember	/disc/73200/081220190514425318_tse-qcedjpsm-73200-20190514373200-ixbrl.htm
2019-05-14	四半期	当期	連結	予想		経常利益の増減率	ChangeInOrdinaryIncome	0.116	Pure	11.6	CurrentYearDuration_ConsolidatedMember_ForecastMember	/disc/73200/081220190514425318_tse-qcedjpsm-73200-20190514373200-ixbrl.htm
2019-05-14	四半期	当期	連結	予想		親会社株主に帰属する当期純利益	ProfitAttributableToOwnersOfParent	124000000	JPY	124	CurrentYearDuration_ConsolidatedMember_ForecastMember	/disc/73200/081220190514425318_tse-qcedjpsm-73200-20190514373200-ixbrl.htm
2019-05-14	四半期	当期	連結	予想		親会社株主に帰属する当期純利益の増減率	ChangeInProfitAttributableToOwnersOfParent	0.203	Pure	20.3	CurrentYearDuration_ConsolidatedMember_ForecastMember	/disc/73200/081220190514425318_tse-qcedjpsm-73200-20190514373200-ixbrl.htm
2019-05-14	四半期	当期	連結	予想		1株当たり当期純利益	NetIncomePerShare	25.16	JPYPerShares	25.16	CurrentYearDuration_ConsolidatedMember_ForecastMember	/disc/73200/081220190514425318_tse-qcedjpsm-73200-20190514373200-ixbrl.htm
2019-05-14	四半期	当期	連結	予想		当四半期における業績予想の修正	CorrectionOfConsolidatedFinancialForecastInThisQuarter			無	CurrentYearDuration_ConsolidatedMember_ForecastMember	/disc/73200/081220190514425318_tse-qcedjpsm-73200-20190514373200-ixbrl.htm
2019-05-14	四半期	当期	連結	予想		業績予想の注記	NoteToForecasts			当社は、2019年１月１日付で普通株式１株につき３株の割合で株式分割を行っております。2019年６月期の連結業績予想における１株当たり当期純利益については、当該株式分割の影響を考慮しております。	CurrentYearDuration_ConsolidatedMember_ForecastMember	/disc/73200/081220190514425318_tse-qcedjpsm-73200-20190514373200-ixbrl.htm
2019-05-14	四半期	当期第3四半期累計	連結	実績			MaterialChangesInSubsidiariesDuringThisPeriodChangesInScopeOfConsolidationsResultingFromChangeIsSubsidiaries			無	CurrentAccumulatedQ3Duration_ConsolidatedMember_ResultMember	/disc/73200/081220190514425318_tse-qcedjpsm-73200-20190514373200-ixbrl.htm
2019-05-14	四半期	当期第3四半期累計	連結	実績			ApplyingOfSpecificAccountingOfTheConsolidatedQuarterlyFinancialStatements			有	CurrentAccumulatedQ3Duration_ConsolidatedMember_ResultMember	/disc/73200/081220190514425318_tse-qcedjpsm-73200-20190514373200-ixbrl.htm
2019-05-14	四半期	当期第3四半期累計	連結	実績			NoteToApplyingOfSpecificAccountingOfTheConsolidatedQuarterlyFinancialStatements			（注）詳細は、添付資料Ｐ．７「２．四半期連結財務諸表及び主な注記 （３）四半期連結財務諸表に関する注記事項 （四半期連結財務諸表の作成に特有の会計処理の適用）」をご覧ください。	CurrentAccumulatedQ3Duration_ConsolidatedMember_ResultMember	/disc/73200/081220190514425318_tse-qcedjpsm-73200-20190514373200-ixbrl.htm
2019-05-14	四半期	当期第3四半期累計	連結	実績		会計基準等の改正に伴う変更	ChangesBasedOnRevisionsOfAccountingStandard			無	CurrentAccumulatedQ3Duration_ConsolidatedMember_ResultMember	/disc/73200/081220190514425318_tse-qcedjpsm-73200-20190514373200-ixbrl.htm
2019-05-14	四半期	当期第3四半期累計	連結	実績		それ以外の会計方針の変更	ChangesOtherThanOnesBasedOnRevisionsOfAccountingStandard			無	CurrentAccumulatedQ3Duration_ConsolidatedMember_ResultMember	/disc/73200/081220190514425318_tse-qcedjpsm-73200-20190514373200-ixbrl.htm
2019-05-14	四半期	当期第3四半期累計	連結	実績		会計上の見積りの変更	ChangesInAccountingEstimates			無	CurrentAccumulatedQ3Duration_ConsolidatedMember_ResultMember	/disc/73200/081220190514425318_tse-qcedjpsm-73200-20190514373200-ixbrl.htm
2019-05-14	四半期	当期第3四半期累計	連結	実績		修正再表示	RetrospectiveRestatement			無	CurrentAccumulatedQ3Duration_ConsolidatedMember_ResultMember	/disc/73200/081220190514425318_tse-qcedjpsm-73200-20190514373200-ixbrl.htm
2019-05-14	四半期	当期第3四半期累計	単体	実績		期末発行済株式数(自己株式を含む)	NumberOfIssuedAndOutstandingSharesAtTheEndOfFiscalYearIncludingTreasuryStock	4985100	Shares	4,985,100	CurrentAccumulatedQ3Instant_NonConsolidatedMember_ResultMember	/disc/73200/081220190514425318_tse-qcedjpsm-73200-20190514373200-ixbrl.htm
2019-05-14	四半期	前期	単体	実績		期末発行済株式数(自己株式を含む)	NumberOfIssuedAndOutstandingSharesAtTheEndOfFiscalYearIncludingTreasuryStock	4759500	Shares	4,759,500	PriorYearInstant_NonConsolidatedMember_ResultMember	/disc/73200/081220190514425318_tse-qcedjpsm-73200-20190514373200-ixbrl.htm
2019-05-14	四半期	当期第3四半期累計	単体	実績		期中平均株式数	AverageNumberOfShares	4909351	Shares	4,909,351	CurrentAccumulatedQ3Duration_NonConsolidatedMember_ResultMember	/disc/73200/081220190514425318_tse-qcedjpsm-73200-20190514373200-ixbrl.htm
2019-05-14	四半期	前期第3四半期累計	単体	実績		期中平均株式数	AverageNumberOfShares	4210347	Shares	4,210,347	PriorAccumulatedQ3Duration_NonConsolidatedMember_ResultMember	/disc/73200/081220190514425318_tse-qcedjpsm-73200-20190514373200-ixbrl.htm
2019-05-14	四半期	当期第3四半期累計	単体	実績			NoteToNumberOfIssuedAndOutstandingSharesCommonStock			（注）当社は、2019年１月１日付で普通株式１株につき３株の株式分割を行っております。このため期末発行済株式数及び期中平均株式数については、当該株式分割が前連結会計年度の期首に行われたものと仮定して算定しております。	CurrentAccumulatedQ3Instant_NonConsolidatedMember_ResultMember	/disc/73200/081220190514425318_tse-qcedjpsm-73200-20190514373200-ixbrl.htm
2019-05-14	四半期	当期				将来情報の利用に関する注意	NotesForUsingForecastedInformationAndOthers			（将来に関する記述等についてのご注意） 本資料に記載されている業績見通し等の将来に関する記述は、当社が入手している情報及び合理的であると判断する一定の前提に基づいており、その達成を当社として約束する趣旨のものではありません。また、実際の業績等は様々な要因により大きく異なる場合があります。業績予想の前提となる条件及び業績予想のご利用に当たっての注意事項等については、添付資料Ｐ．４「１．当四半期決算に関する定性的情報 （３）連結業績予想などの将来予測情報に関する説明」をご覧ください。 また、当社は、2019年１月１日付で普通株式１株につき３株の割合で株式分割を行っております。「３．2019年６月期の連結業績予想」における１株当たり当期純利益については、当該株式分割が期首に行われたものと仮定した期中平均株式数を用いて算定しております。&#160;（四半期決算補足説明資料の入手方法） 四半期決算補	CurrentYearDuration	/disc/73200/081220190514425318_tse-qcedjpsm-73200-20190514373200-ixbrl.htm
2019-05-14	四半期	当期				決算期末	FiscalYearEnd			2019-06-30	CurrentYearInstant	/disc/73200/081220190514425318_tse-qcedjpsm-73200-20190514373200-ixbrl.htm
2019-05-14	四半期	当期第3四半期累計				四半期	QuarterlyPeriod	3	Pure	3	CurrentAccumulatedQ3Instant	/disc/73200/081220190514425318_tse-qcedjpsm-73200-20190514373200-ixbrl.htm
2019-08-14	年次	当期				書類名	DocumentName			決算短信〔日本基準〕（連結）	CurrentYearInstant	/disc/73200/081220190814488365_tse-acedjpsm-73200-20190814373200-ixbrl.htm
2019-08-14	年次	当期				提出日	FilingDate			2019年８月14日	CurrentYearInstant	/disc/73200/081220190814488365_tse-acedjpsm-73200-20190814373200-ixbrl.htm
2019-08-14	年次	当期				会社名	CompanyName			日本リビング保証株式会社	CurrentYearInstant	/disc/73200/081220190814488365_tse-acedjpsm-73200-20190814373200-ixbrl.htm
2019-08-14	年次	当期					TokyoStockExchange			東	CurrentYearInstant	/disc/73200/081220190814488365_tse-acedjpsm-73200-20190814373200-ixbrl.htm
2019-08-14	年次	当期				証券コード	SecuritiesCode			73200	CurrentYearInstant	/disc/73200/081220190814488365_tse-acedjpsm-73200-20190814373200-ixbrl.htm
2019-08-14	年次	当期				URL	URL			https://jlw.jp	CurrentYearInstant	/disc/73200/081220190814488365_tse-acedjpsm-73200-20190814373200-ixbrl.htm
2019-08-14	年次	当期				代表者の役職	TitleRepresentative			代表取締役社長	CurrentYearInstant	/disc/73200/081220190814488365_tse-acedjpsm-73200-20190814373200-ixbrl.htm
2019-08-14	年次	当期				代表者名	NameRepresentative			安達 慶高	CurrentYearInstant	/disc/73200/081220190814488365_tse-acedjpsm-73200-20190814373200-ixbrl.htm
2019-08-14	年次	当期					TitleInquiries			取締役管理本部長	CurrentYearInstant	/disc/73200/081220190814488365_tse-acedjpsm-73200-20190814373200-ixbrl.htm
2019-08-14	年次	当期					NameInquiries			竹林 俊介	CurrentYearInstant	/disc/73200/081220190814488365_tse-acedjpsm-73200-20190814373200-ixbrl.htm
2019-08-14	年次	当期					Tel			03-6276-0401	CurrentYearInstant	/disc/73200/081220190814488365_tse-acedjpsm-73200-20190814373200-ixbrl.htm
2019-08-14	年次	当期					DateOfGeneralShareholdersMeetingAsPlanned			2019年９月25日	CurrentYearInstant	/disc/73200/081220190814488365_tse-acedjpsm-73200-20190814373200-ixbrl.htm
2019-08-14	年次	当期					DividendPayableDateAsPlanned			2019年９月26日	CurrentYearInstant	/disc/73200/081220190814488365_tse-acedjpsm-73200-20190814373200-ixbrl.htm
2019-08-14	年次	当期					AnnualSecuritiesReportFilingDateAsPlanned			2019年９月26日	CurrentYearInstant	/disc/73200/081220190814488365_tse-acedjpsm-73200-20190814373200-ixbrl.htm
2019-08-14	年次	当期					SupplementalMaterialOfAnnualResults			有	CurrentYearInstant	/disc/73200/081220190814488365_tse-acedjpsm-73200-20190814373200-ixbrl.htm
2019-08-14	年次	当期					ConveningBriefingOfAnnualResults			有	CurrentYearInstant	/disc/73200/081220190814488365_tse-acedjpsm-73200-20190814373200-ixbrl.htm
2019-08-14	年次	当期					TargetAudienceBriefingOfAnnualResults			（機関投資家・アナリスト向け）	CurrentYearInstant	/disc/73200/081220190814488365_tse-acedjpsm-73200-20190814373200-ixbrl.htm
2019-08-14	年次	当期					NoteToFractionProcessingMethod			（百万円未満切捨て）	CurrentYearInstant	/disc/73200/081220190814488365_tse-acedjpsm-73200-20190814373200-ixbrl.htm
2019-08-14	年次	当期	連結	実績		売上高	NetSales	1647000000	JPY	1,647	CurrentYearDuration_ConsolidatedMember_ResultMember	/disc/73200/081220190814488365_tse-acedjpsm-73200-20190814373200-ixbrl.htm
2019-08-14	年次	当期	連結	実績		売上高の増減率	ChangeInNetSales	0.280	Pure	28.0	CurrentYearDuration_ConsolidatedMember_ResultMember	/disc/73200/081220190814488365_tse-acedjpsm-73200-20190814373200-ixbrl.htm
2019-08-14	年次	当期	連結	実績		営業利益	OperatingIncome	180000000	JPY	180	CurrentYearDuration_ConsolidatedMember_ResultMember	/disc/73200/081220190814488365_tse-acedjpsm-73200-20190814373200-ixbrl.htm
2019-08-14	年次	当期	連結	実績		営業利益の増減率	ChangeInOperatingIncome	0.114	Pure	11.4	CurrentYearDuration_ConsolidatedMember_ResultMember	/disc/73200/081220190814488365_tse-acedjpsm-73200-20190814373200-ixbrl.htm
2019-08-14	年次	当期	連結	実績		経常利益	OrdinaryIncome	213000000	JPY	213	CurrentYearDuration_ConsolidatedMember_ResultMember	/disc/73200/081220190814488365_tse-acedjpsm-73200-20190814373200-ixbrl.htm
2019-08-14	年次	当期	連結	実績		経常利益の増減率	ChangeInOrdinaryIncome	0.345	Pure	34.5	CurrentYearDuration_ConsolidatedMember_ResultMember	/disc/73200/081220190814488365_tse-acedjpsm-73200-20190814373200-ixbrl.htm
2019-08-14	年次	当期	連結	実績		親会社株主に帰属する当期純利益	ProfitAttributableToOwnersOfParent	143000000	JPY	143	CurrentYearDuration_ConsolidatedMember_ResultMember	/disc/73200/081220190814488365_tse-acedjpsm-73200-20190814373200-ixbrl.htm
2019-08-14	年次	当期	連結	実績		親会社株主に帰属する当期純利益の増減率	ChangeInProfitAttributableToOwnersOfParent	0.388	Pure	38.8	CurrentYearDuration_ConsolidatedMember_ResultMember	/disc/73200/081220190814488365_tse-acedjpsm-73200-20190814373200-ixbrl.htm
2019-08-14	年次	前期	連結	実績		売上高	NetSales	1287000000	JPY	1,287	PriorYearDuration_ConsolidatedMember_ResultMember	/disc/73200/081220190814488365_tse-acedjpsm-73200-20190814373200-ixbrl.htm
2019-08-14	年次	前期	連結	実績		売上高の増減率	ChangeInNetSales	0.248	Pure	24.8	PriorYearDuration_ConsolidatedMember_ResultMember	/disc/73200/081220190814488365_tse-acedjpsm-73200-20190814373200-ixbrl.htm
2019-08-14	年次	前期	連結	実績		営業利益	OperatingIncome	162000000	JPY	162	PriorYearDuration_ConsolidatedMember_ResultMember	/disc/73200/081220190814488365_tse-acedjpsm-73200-20190814373200-ixbrl.htm
2019-08-14	年次	前期	連結	実績		営業利益の増減率	ChangeInOperatingIncome	1.401	Pure	140.1	PriorYearDuration_ConsolidatedMember_ResultMember	/disc/73200/081220190814488365_tse-acedjpsm-73200-20190814373200-ixbrl.htm
2019-08-14	年次	前期	連結	実績		経常利益	OrdinaryIncome	158000000	JPY	158	PriorYearDuration_ConsolidatedMember_ResultMember	/disc/73200/081220190814488365_tse-acedjpsm-73200-20190814373200-ixbrl.htm
2019-08-14	年次	前期	連結	実績		経常利益の増減率	ChangeInOrdinaryIncome	1.064	Pure	106.4	PriorYearDuration_ConsolidatedMember_ResultMember	/disc/73200/081220190814488365_tse-acedjpsm-73200-20190814373200-ixbrl.htm
2019-08-14	年次	前期	連結	実績		親会社株主に帰属する当期純利益	ProfitAttributableToOwnersOfParent	103000000	JPY	103	PriorYearDuration_ConsolidatedMember_ResultMember	/disc/73200/081220190814488365_tse-acedjpsm-73200-20190814373200-ixbrl.htm
2019-08-14	年次	前期	連結	実績		親会社株主に帰属する当期純利益の増減率	ChangeInProfitAttributableToOwnersOfParent	0.149	Pure	14.9	PriorYearDuration_ConsolidatedMember_ResultMember	/disc/73200/081220190814488365_tse-acedjpsm-73200-20190814373200-ixbrl.htm
2019-08-14	年次	当期	連結	実績		包括利益	ComprehensiveIncome	147000000	JPY	147	CurrentYearDuration_ConsolidatedMember_ResultMember	/disc/73200/081220190814488365_tse-acedjpsm-73200-20190814373200-ixbrl.htm
2019-08-14	年次	当期	連結	実績		包括利益の増減率	ChangeInComprehensiveIncome	0.449	Pure	44.9	CurrentYearDuration_ConsolidatedMember_ResultMember	/disc/73200/081220190814488365_tse-acedjpsm-73200-20190814373200-ixbrl.htm
2019-08-14	年次	前期	連結	実績		包括利益	ComprehensiveIncome	101000000	JPY	101	PriorYearDuration_ConsolidatedMember_ResultMember	/disc/73200/081220190814488365_tse-acedjpsm-73200-20190814373200-ixbrl.htm
2019-08-14	年次	前期	連結	実績		包括利益の増減率	ChangeInComprehensiveIncome	0.100	Pure	10.0	PriorYearDuration_ConsolidatedMember_ResultMember	/disc/73200/081220190814488365_tse-acedjpsm-73200-20190814373200-ixbrl.htm
2019-08-14	年次	当期	連結	実績		1株当たり当期純利益	NetIncomePerShare	29.01	JPYPerShares	29.01	CurrentYearDuration_ConsolidatedMember_ResultMember	/disc/73200/081220190814488365_tse-acedjpsm-73200-20190814373200-ixbrl.htm
2019-08-14	年次	当期	連結	実績		潜在株式調整後1株当たり当期純利益	DilutedNetIncomePerShare	27.91	JPYPerShares	27.91	CurrentYearDuration_ConsolidatedMember_ResultMember	/disc/73200/081220190814488365_tse-acedjpsm-73200-20190814373200-ixbrl.htm
2019-08-14	年次	当期	連結	実績		自己資本当期純利益率(ROE)	NetIncomeToShareholdersEquityRatio	0.359	Pure	35.9	CurrentYearDuration_ConsolidatedMember_ResultMember	/disc/73200/081220190814488365_tse-acedjpsm-73200-20190814373200-ixbrl.htm
2019-08-14	年次	当期	連結	実績		総資産経常利益率(ROA)	OrdinaryIncomeToTotalAssetsRatio	0.036	Pure	3.6	CurrentYearDuration_ConsolidatedMember_ResultMember	/disc/73200/081220190814488365_tse-acedjpsm-73200-20190814373200-ixbrl.htm
2019-08-14	年次	当期	連結	実績		売上高営業利益率	OperatingIncomeToNetSalesRatio	0.110	Pure	11.0	CurrentYearDuration_ConsolidatedMember_ResultMember	/disc/73200/081220190814488365_tse-acedjpsm-73200-20190814373200-ixbrl.htm
2019-08-14	年次	前期	連結	実績		1株当たり当期純利益	NetIncomePerShare	23.73	JPYPerShares	23.73	PriorYearDuration_ConsolidatedMember_ResultMember	/disc/73200/081220190814488365_tse-acedjpsm-73200-20190814373200-ixbrl.htm
2019-08-14	年次	前期	連結	実績		潜在株式調整後1株当たり当期純利益	DilutedNetIncomePerShare	21.96	JPYPerShares	21.96	PriorYearDuration_ConsolidatedMember_ResultMember	/disc/73200/081220190814488365_tse-acedjpsm-73200-20190814373200-ixbrl.htm
2019-08-14	年次	前期	連結	実績		自己資本当期純利益率(ROE)	NetIncomeToShareholdersEquityRatio	0.882	Pure	88.2	PriorYearDuration_ConsolidatedMember_ResultMember	/disc/73200/081220190814488365_tse-acedjpsm-73200-20190814373200-ixbrl.htm
2019-08-14	年次	前期	連結	実績		総資産経常利益率(ROA)	OrdinaryIncomeToTotalAssetsRatio	0.037	Pure	3.7	PriorYearDuration_ConsolidatedMember_ResultMember	/disc/73200/081220190814488365_tse-acedjpsm-73200-20190814373200-ixbrl.htm
2019-08-14	年次	前期	連結	実績		売上高営業利益率	OperatingIncomeToNetSalesRatio	0.126	Pure	12.6	PriorYearDuration_ConsolidatedMember_ResultMember	/disc/73200/081220190814488365_tse-acedjpsm-73200-20190814373200-ixbrl.htm
2019-08-14	年次	当期	連結	実績		経営成績の注記	NoteToOperatingResults			（注）１．2018年６月期の「潜在株式調整後１株当たり当期純利益」については、当社株式が2018年３月30日に東京証券取引所マザーズ市場に上場したため、新規上場日から前連結会計年度末日までの平均株価（気配値を含む）を期中平均株価とみなして算出しております。 ２．当社は、2019年１月１日付で普通株式１株につき３株の割合で株式分割を行っております。前連結会計年度の期首に当該株式分割が行われたと仮定して、「１株当たり当期純利益」及び「潜在株式調整後１株当たり当期純利益」を算定しております。&#160;	CurrentYearDuration_ConsolidatedMember_ResultMember	/disc/73200/081220190814488365_tse-acedjpsm-73200-20190814373200-ixbrl.htm
2019-08-14	年次	当期	連結	実績		総資産	TotalAssets	6691000000	JPY	6,691	CurrentYearInstant_ConsolidatedMember_ResultMember	/disc/73200/081220190814488365_tse-acedjpsm-73200-20190814373200-ixbrl.htm
2019-08-14	年次	当期	連結	実績		純資産	NetAssets	475000000	JPY	475	CurrentYearInstant_ConsolidatedMember_ResultMember	/disc/73200/081220190814488365_tse-acedjpsm-73200-20190814373200-ixbrl.htm
2019-08-14	年次	当期	連結	実績		自己資本比率	CapitalAdequacyRatio	0.071	Pure	7.1	CurrentYearInstant_ConsolidatedMember_ResultMember	/disc/73200/081220190814488365_tse-acedjpsm-73200-20190814373200-ixbrl.htm
2019-08-14	年次	当期	連結	実績		1株当たり純資産	NetAssetsPerShare	95.30	JPYPerShares	95.30	CurrentYearInstant_ConsolidatedMember_ResultMember	/disc/73200/081220190814488365_tse-acedjpsm-73200-20190814373200-ixbrl.htm
2019-08-14	年次	前期	連結	実績		総資産	TotalAssets	5142000000	JPY	5,142	PriorYearInstant_ConsolidatedMember_ResultMember	/disc/73200/081220190814488365_tse-acedjpsm-73200-20190814373200-ixbrl.htm
2019-08-14	年次	前期	連結	実績		純資産	NetAssets	322000000	JPY	322	PriorYearInstant_ConsolidatedMember_ResultMember	/disc/73200/081220190814488365_tse-acedjpsm-73200-20190814373200-ixbrl.htm
2019-08-14	年次	前期	連結	実績		自己資本比率	CapitalAdequacyRatio	0.063	Pure	6.3	PriorYearInstant_ConsolidatedMember_ResultMember	/disc/73200/081220190814488365_tse-acedjpsm-73200-20190814373200-ixbrl.htm
2019-08-14	年次	前期	連結	実績		1株当たり純資産	NetAssetsPerShare	67.67	JPYPerShares	67.67	PriorYearInstant_ConsolidatedMember_ResultMember	/disc/73200/081220190814488365_tse-acedjpsm-73200-20190814373200-ixbrl.htm
2019-08-14	年次	当期	連結	実績		自己資本	OwnersEquity	475000000	JPY	475	CurrentYearInstant_ConsolidatedMember_ResultMember	/disc/73200/081220190814488365_tse-acedjpsm-73200-20190814373200-ixbrl.htm
2019-08-14	年次	前期	連結	実績		自己資本	OwnersEquity	322000000	JPY	322	PriorYearInstant_ConsolidatedMember_ResultMember	/disc/73200/081220190814488365_tse-acedjpsm-73200-20190814373200-ixbrl.htm
2019-08-14	年次	当期	連結	実績			NoteToFinancialPositions			（注）当社は、2019年１月１日付で普通株式１株につき３株の割合で株式分割を行っております。前連結会計年度の期首に当該株式分割が行われたと仮定して、「１株当たり純資産」を算定しております。	CurrentYearInstant_ConsolidatedMember_ResultMember	/disc/73200/081220190814488365_tse-acedjpsm-73200-20190814373200-ixbrl.htm
2019-08-14	年次	当期	連結	実績		営業キャッシュフロー	CashFlowsFromOperatingActivities	889000000	JPY	889	CurrentYearDuration_ConsolidatedMember_ResultMember	/disc/73200/081220190814488365_tse-acedjpsm-73200-20190814373200-ixbrl.htm
2019-08-14	年次	当期	連結	実績		投資キャッシュフロー	CashFlowsFromInvestingActivities	-1275000000	JPY	1,275	CurrentYearDuration_ConsolidatedMember_ResultMember	/disc/73200/081220190814488365_tse-acedjpsm-73200-20190814373200-ixbrl.htm
2019-08-14	年次	当期	連結	実績		財務キャッシュフロー	CashFlowsFromFinancingActivities	5000000	JPY	5	CurrentYearDuration_ConsolidatedMember_ResultMember	/disc/73200/081220190814488365_tse-acedjpsm-73200-20190814373200-ixbrl.htm
2019-08-14	年次	当期	連結	実績		現金及び現金同等物の期末残高	CashAndEquivalentsEndOfPeriod	2082000000	JPY	2,082	CurrentYearInstant_ConsolidatedMember_ResultMember	/disc/73200/081220190814488365_tse-acedjpsm-73200-20190814373200-ixbrl.htm
2019-08-14	年次	前期	連結	実績		営業キャッシュフロー	CashFlowsFromOperatingActivities	761000000	JPY	761	PriorYearDuration_ConsolidatedMember_ResultMember	/disc/73200/081220190814488365_tse-acedjpsm-73200-20190814373200-ixbrl.htm
2019-08-14	年次	前期	連結	実績		投資キャッシュフロー	CashFlowsFromInvestingActivities	-128000000	JPY	128	PriorYearDuration_ConsolidatedMember_ResultMember	/disc/73200/081220190814488365_tse-acedjpsm-73200-20190814373200-ixbrl.htm
2019-08-14	年次	前期	連結	実績		財務キャッシュフロー	CashFlowsFromFinancingActivities	296000000	JPY	296	PriorYearDuration_ConsolidatedMember_ResultMember	/disc/73200/081220190814488365_tse-acedjpsm-73200-20190814373200-ixbrl.htm
2019-08-14	年次	前期	連結	実績		現金及び現金同等物の期末残高	CashAndEquivalentsEndOfPeriod	2463000000	JPY	2,463	PriorYearInstant_ConsolidatedMember_ResultMember	/disc/73200/081220190814488365_tse-acedjpsm-73200-20190814373200-ixbrl.htm
2019-08-14	年次	前期	単体	実績	第2四半期末	1株当たり配当金	DividendPerShare	0.00	JPYPerShares	0.00	PriorYearDuration_SecondQuarterMember_NonConsolidatedMember_ResultMember	/disc/73200/081220190814488365_tse-acedjpsm-73200-20190814373200-ixbrl.htm
2019-08-14	年次	前期	単体	実績	期末	1株当たり配当金	DividendPerShare	0.00	JPYPerShares	0.00	PriorYearDuration_YearEndMember_NonConsolidatedMember_ResultMember	/disc/73200/081220190814488365_tse-acedjpsm-73200-20190814373200-ixbrl.htm
2019-08-14	年次	前期	単体	実績	合計	1株当たり配当金	DividendPerShare	0.00	JPYPerShares	0.00	PriorYearDuration_AnnualMember_NonConsolidatedMember_ResultMember	/disc/73200/081220190814488365_tse-acedjpsm-73200-20190814373200-ixbrl.htm
2019-08-14	年次	当期	単体	実績	第2四半期末	1株当たり配当金	DividendPerShare	0.00	JPYPerShares	0.00	CurrentYearDuration_SecondQuarterMember_NonConsolidatedMember_ResultMember	/disc/73200/081220190814488365_tse-acedjpsm-73200-20190814373200-ixbrl.htm
2019-08-14	年次	当期	単体	実績	期末	1株当たり配当金	DividendPerShare	5.00	JPYPerShares	5.00	CurrentYearDuration_YearEndMember_NonConsolidatedMember_ResultMember	/disc/73200/081220190814488365_tse-acedjpsm-73200-20190814373200-ixbrl.htm
2019-08-14	年次	当期	単体	実績	合計	1株当たり配当金	DividendPerShare	5.00	JPYPerShares	5.00	CurrentYearDuration_AnnualMember_NonConsolidatedMember_ResultMember	/disc/73200/081220190814488365_tse-acedjpsm-73200-20190814373200-ixbrl.htm
2019-08-14	年次	当期	単体	実績	合計	配当金総額	TotalDividendPaidAnnual	24000000	JPY	24	CurrentYearDuration_AnnualMember_NonConsolidatedMember_ResultMember	/disc/73200/081220190814488365_tse-acedjpsm-73200-20190814373200-ixbrl.htm
2019-08-14	年次	当期	連結	実績	合計	配当性向	PayoutRatio	0.172	Pure	17.2	CurrentYearDuration_AnnualMember_ConsolidatedMember_ResultMember	/disc/73200/081220190814488365_tse-acedjpsm-73200-20190814373200-ixbrl.htm
2019-08-14	年次	当期	連結	実績	合計	純資産配当率	RatioOfTotalAmountOfDividendsToNetAssets	0.061	Pure	6.1	CurrentYearDuration_AnnualMember_ConsolidatedMember_ResultMember	/disc/73200/081220190814488365_tse-acedjpsm-73200-20190814373200-ixbrl.htm
2019-08-14	年次	来期	単体	予想	第2四半期末	1株当たり配当金	DividendPerShare	0.00	JPYPerShares	0.00	NextYearDuration_SecondQuarterMember_NonConsolidatedMember_ForecastMember	/disc/73200/081220190814488365_tse-acedjpsm-73200-20190814373200-ixbrl.htm
2019-08-14	年次	来期	単体	予想	期末	1株当たり配当金	DividendPerShare	5.00	JPYPerShares	5.00	NextYearDuration_YearEndMember_NonConsolidatedMember_ForecastMember	/disc/73200/081220190814488365_tse-acedjpsm-73200-20190814373200-ixbrl.htm
2019-08-14	年次	来期	単体	予想	合計	1株当たり配当金	DividendPerShare	5.00	JPYPerShares	5.00	NextYearDuration_AnnualMember_NonConsolidatedMember_ForecastMember	/disc/73200/081220190814488365_tse-acedjpsm-73200-20190814373200-ixbrl.htm
2019-08-14	年次	来期	連結	予想	合計	配当性向	PayoutRatio	0.156	Pure	15.6	NextYearDuration_AnnualMember_ConsolidatedMember_ForecastMember	/disc/73200/081220190814488365_tse-acedjpsm-73200-20190814373200-ixbrl.htm
2019-08-14	年次	来期	連結	予想		業績予想の見出し	TitleForForecasts			３．2020年６月期の連結業績予想（2019年７月１日～2020年６月30日）	NextYearDuration_ConsolidatedMember_ForecastMember	/disc/73200/081220190814488365_tse-acedjpsm-73200-20190814373200-ixbrl.htm
2019-08-14	年次		連結	予想		売上高	NetSales	883000000	JPY	883	NextAccumulatedQ2Duration_ConsolidatedMember_ForecastMember	/disc/73200/081220190814488365_tse-acedjpsm-73200-20190814373200-ixbrl.htm
2019-08-14	年次		連結	予想		売上高の増減率	ChangeInNetSales	0.246	Pure	24.6	NextAccumulatedQ2Duration_ConsolidatedMember_ForecastMember	/disc/73200/081220190814488365_tse-acedjpsm-73200-20190814373200-ixbrl.htm
2019-08-14	年次		連結	予想		営業利益	OperatingIncome	117000000	JPY	117	NextAccumulatedQ2Duration_ConsolidatedMember_ForecastMember	/disc/73200/081220190814488365_tse-acedjpsm-73200-20190814373200-ixbrl.htm
2019-08-14	年次		連結	予想		営業利益の増減率	ChangeInOperatingIncome	0.237	Pure	23.7	NextAccumulatedQ2Duration_ConsolidatedMember_ForecastMember	/disc/73200/081220190814488365_tse-acedjpsm-73200-20190814373200-ixbrl.htm
2019-08-14	年次		連結	予想		経常利益	OrdinaryIncome	144000000	JPY	144	NextAccumulatedQ2Duration_ConsolidatedMember_ForecastMember	/disc/73200/081220190814488365_tse-acedjpsm-73200-20190814373200-ixbrl.htm
2019-08-14	年次		連結	予想		経常利益の増減率	ChangeInOrdinaryIncome	0.351	Pure	35.1	NextAccumulatedQ2Duration_ConsolidatedMember_ForecastMember	/disc/73200/081220190814488365_tse-acedjpsm-73200-20190814373200-ixbrl.htm
2019-08-14	年次		連結	予想		親会社株主に帰属する当期純利益	ProfitAttributableToOwnersOfParent	94000000	JPY	94	NextAccumulatedQ2Duration_ConsolidatedMember_ForecastMember	/disc/73200/081220190814488365_tse-acedjpsm-73200-20190814373200-ixbrl.htm
2019-08-14	年次		連結	予想		親会社株主に帰属する当期純利益の増減率	ChangeInProfitAttributableToOwnersOfParent	0.260	Pure	26.0	NextAccumulatedQ2Duration_ConsolidatedMember_ForecastMember	/disc/73200/081220190814488365_tse-acedjpsm-73200-20190814373200-ixbrl.htm
2019-08-14	年次		連結	予想		1株当たり当期純利益	NetIncomePerShare	19.07	JPYPerShares	19.07	NextAccumulatedQ2Duration_ConsolidatedMember_ForecastMember	/disc/73200/081220190814488365_tse-acedjpsm-73200-20190814373200-ixbrl.htm
2019-08-14	年次	来期	連結	予想		売上高	NetSales	1850000000	JPY	1,850	NextYearDuration_ConsolidatedMember_ForecastMember	/disc/73200/081220190814488365_tse-acedjpsm-73200-20190814373200-ixbrl.htm
2019-08-14	年次	来期	連結	予想		売上高の増減率	ChangeInNetSales	0.123	Pure	12.3	NextYearDuration_ConsolidatedMember_ForecastMember	/disc/73200/081220190814488365_tse-acedjpsm-73200-20190814373200-ixbrl.htm
2019-08-14	年次	来期	連結	予想		営業利益	OperatingIncome	192000000	JPY	192	NextYearDuration_ConsolidatedMember_ForecastMember	/disc/73200/081220190814488365_tse-acedjpsm-73200-20190814373200-ixbrl.htm
2019-08-14	年次	来期	連結	予想		営業利益の増減率	ChangeInOperatingIncome	0.062	Pure	6.2	NextYearDuration_ConsolidatedMember_ForecastMember	/disc/73200/081220190814488365_tse-acedjpsm-73200-20190814373200-ixbrl.htm
2019-08-14	年次	来期	連結	予想		経常利益	OrdinaryIncome	242000000	JPY	242	NextYearDuration_ConsolidatedMember_ForecastMember	/disc/73200/081220190814488365_tse-acedjpsm-73200-20190814373200-ixbrl.htm
2019-08-14	年次	来期	連結	予想		経常利益の増減率	ChangeInOrdinaryIncome	0.137	Pure	13.7	NextYearDuration_ConsolidatedMember_ForecastMember	/disc/73200/081220190814488365_tse-acedjpsm-73200-20190814373200-ixbrl.htm
2019-08-14	年次	来期	連結	予想		親会社株主に帰属する当期純利益	ProfitAttributableToOwnersOfParent	158000000	JPY	158	NextYearDuration_ConsolidatedMember_ForecastMember	/disc/73200/081220190814488365_tse-acedjpsm-73200-20190814373200-ixbrl.htm
2019-08-14	年次	来期	連結	予想		親会社株主に帰属する当期純利益の増減率	ChangeInProfitAttributableToOwnersOfParent	0.105	Pure	10.5	NextYearDuration_ConsolidatedMember_ForecastMember	/disc/73200/081220190814488365_tse-acedjpsm-73200-20190814373200-ixbrl.htm
2019-08-14	年次	来期	連結	予想		1株当たり当期純利益	NetIncomePerShare	32.06	JPYPerShares	32.06	NextYearDuration_ConsolidatedMember_ForecastMember	/disc/73200/081220190814488365_tse-acedjpsm-73200-20190814373200-ixbrl.htm
2019-08-14	年次	当期	連結	実績			MaterialChangesInSubsidiariesDuringThisPeriodChangesInScopeOfConsolidationsResultingFromChangeIsSubsidiaries			無	CurrentYearDuration_ConsolidatedMember_ResultMember	/disc/73200/081220190814488365_tse-acedjpsm-73200-20190814373200-ixbrl.htm
2019-08-14	年次	当期	連結	実績		会計基準等の改正に伴う変更	ChangesBasedOnRevisionsOfAccountingStandard			無	CurrentYearDuration_ConsolidatedMember_ResultMember	/disc/73200/081220190814488365_tse-acedjpsm-73200-20190814373200-ixbrl.htm
2019-08-14	年次	当期	連結	実績		それ以外の会計方針の変更	ChangesOtherThanOnesBasedOnRevisionsOfAccountingStandard			無	CurrentYearDuration_ConsolidatedMember_ResultMember	/disc/73200/081220190814488365_tse-acedjpsm-73200-20190814373200-ixbrl.htm
2019-08-14	年次	当期	連結	実績		会計上の見積りの変更	ChangesInAccountingEstimates			無	CurrentYearDuration_ConsolidatedMember_ResultMember	/disc/73200/081220190814488365_tse-acedjpsm-73200-20190814373200-ixbrl.htm
2019-08-14	年次	当期	連結	実績		修正再表示	RetrospectiveRestatement			無	CurrentYearDuration_ConsolidatedMember_ResultMember	/disc/73200/081220190814488365_tse-acedjpsm-73200-20190814373200-ixbrl.htm
2019-08-14	年次	当期	単体	実績		期末発行済株式数(自己株式を含む)	NumberOfIssuedAndOutstandingSharesAtTheEndOfFiscalYearIncludingTreasuryStock	4985100	Shares	4,985,100	CurrentYearInstant_NonConsolidatedMember_ResultMember	/disc/73200/081220190814488365_tse-acedjpsm-73200-20190814373200-ixbrl.htm
2019-08-14	年次	前期	単体	実績		期末発行済株式数(自己株式を含む)	NumberOfIssuedAndOutstandingSharesAtTheEndOfFiscalYearIncludingTreasuryStock	4759500	Shares	4,759,500	PriorYearInstant_NonConsolidatedMember_ResultMember	/disc/73200/081220190814488365_tse-acedjpsm-73200-20190814373200-ixbrl.htm
2019-08-14	年次	当期	単体	実績		期中平均株式数	AverageNumberOfShares	4928236	Shares	4,928,236	CurrentYearDuration_NonConsolidatedMember_ResultMember	/disc/73200/081220190814488365_tse-acedjpsm-73200-20190814373200-ixbrl.htm
2019-08-14	年次	前期	単体	実績		期中平均株式数	AverageNumberOfShares	4342524	Shares	4,342,524	PriorYearDuration_NonConsolidatedMember_ResultMember	/disc/73200/081220190814488365_tse-acedjpsm-73200-20190814373200-ixbrl.htm
2019-08-14	年次	当期	単体	実績			NoteToNumberOfIssuedAndOutstandingSharesCommonStock			（注）当社は、2019年１月１日付で普通株式１株につき３株の株式分割を行っております。このため期末発行済株式数及び期中平均株式数については、当該株式分割が前連結会計年度の期首に行われたものと仮定して算定しております。	CurrentYearInstant_NonConsolidatedMember_ResultMember	/disc/73200/081220190814488365_tse-acedjpsm-73200-20190814373200-ixbrl.htm
2019-08-14	年次	当期	単体	実績		売上高	NetSales	1345000000	JPY	1,345	CurrentYearDuration_NonConsolidatedMember_ResultMember	/disc/73200/081220190814488365_tse-acedjpsm-73200-20190814373200-ixbrl.htm
2019-08-14	年次	当期	単体	実績		売上高の増減率	ChangeInNetSales	0.146	Pure	14.6	CurrentYearDuration_NonConsolidatedMember_ResultMember	/disc/73200/081220190814488365_tse-acedjpsm-73200-20190814373200-ixbrl.htm
2019-08-14	年次	当期	単体	実績		営業利益	OperatingIncome	111000000	JPY	111	CurrentYearDuration_NonConsolidatedMember_ResultMember	/disc/73200/081220190814488365_tse-acedjpsm-73200-20190814373200-ixbrl.htm
2019-08-14	年次	当期	単体	実績		営業利益の増減率	ChangeInOperatingIncome	-0.195	Pure	19.5	CurrentYearDuration_NonConsolidatedMember_ResultMember	/disc/73200/081220190814488365_tse-acedjpsm-73200-20190814373200-ixbrl.htm
2019-08-14	年次	当期	単体	実績		経常利益	OrdinaryIncome	167000000	JPY	167	CurrentYearDuration_NonConsolidatedMember_ResultMember	/disc/73200/081220190814488365_tse-acedjpsm-73200-20190814373200-ixbrl.htm
2019-08-14	年次	当期	単体	実績		経常利益の増減率	ChangeInOrdinaryIncome	0.262	Pure	26.2	CurrentYearDuration_NonConsolidatedMember_ResultMember	/disc/73200/081220190814488365_tse-acedjpsm-73200-20190814373200-ixbrl.htm
2019-08-14	年次	当期	単体	実績		当期純利益	NetIncome	122000000	JPY	122	CurrentYearDuration_NonConsolidatedMember_ResultMember	/disc/73200/081220190814488365_tse-acedjpsm-73200-20190814373200-ixbrl.htm
2019-08-14	年次	当期	単体	実績		当期純利益の増減率	ChangeInNetIncome	0.431	Pure	43.1	CurrentYearDuration_NonConsolidatedMember_ResultMember	/disc/73200/081220190814488365_tse-acedjpsm-73200-20190814373200-ixbrl.htm
2019-08-14	年次	前期	単体	実績		売上高	NetSales	1174000000	JPY	1,174	PriorYearDuration_NonConsolidatedMember_ResultMember	/disc/73200/081220190814488365_tse-acedjpsm-73200-20190814373200-ixbrl.htm
2019-08-14	年次	前期	単体	実績		売上高の増減率	ChangeInNetSales	0.225	Pure	22.5	PriorYearDuration_NonConsolidatedMember_ResultMember	/disc/73200/081220190814488365_tse-acedjpsm-73200-20190814373200-ixbrl.htm
2019-08-14	年次	前期	単体	実績		営業利益	OperatingIncome	138000000	JPY	138	PriorYearDuration_NonConsolidatedMember_ResultMember	/disc/73200/081220190814488365_tse-acedjpsm-73200-20190814373200-ixbrl.htm
2019-08-14	年次	前期	単体	実績		営業利益の増減率	ChangeInOperatingIncome	1.097	Pure	109.7	PriorYearDuration_NonConsolidatedMember_ResultMember	/disc/73200/081220190814488365_tse-acedjpsm-73200-20190814373200-ixbrl.htm
2019-08-14	年次	前期	単体	実績		経常利益	OrdinaryIncome	133000000	JPY	133	PriorYearDuration_NonConsolidatedMember_ResultMember	/disc/73200/081220190814488365_tse-acedjpsm-73200-20190814373200-ixbrl.htm
2019-08-14	年次	前期	単体	実績		経常利益の増減率	ChangeInOrdinaryIncome	0.799	Pure	79.9	PriorYearDuration_NonConsolidatedMember_ResultMember	/disc/73200/081220190814488365_tse-acedjpsm-73200-20190814373200-ixbrl.htm
2019-08-14	年次	前期	単体	実績		当期純利益	NetIncome	85000000	JPY	85	PriorYearDuration_NonConsolidatedMember_ResultMember	/disc/73200/081220190814488365_tse-acedjpsm-73200-20190814373200-ixbrl.htm
2019-08-14	年次	前期	単体	実績		当期純利益の増減率	ChangeInNetIncome	-0.030	Pure	3.0	PriorYearDuration_NonConsolidatedMember_ResultMember	/disc/73200/081220190814488365_tse-acedjpsm-73200-20190814373200-ixbrl.htm
2019-08-14	年次	当期	単体	実績		1株当たり当期純利益	NetIncomePerShare	24.76	JPYPerShares	24.76	CurrentYearDuration_NonConsolidatedMember_ResultMember	/disc/73200/081220190814488365_tse-acedjpsm-73200-20190814373200-ixbrl.htm
2019-08-14	年次	当期	単体	実績		潜在株式調整後1株当たり当期純利益	DilutedNetIncomePerShare	23.82	JPYPerShares	23.82	CurrentYearDuration_NonConsolidatedMember_ResultMember	/disc/73200/081220190814488365_tse-acedjpsm-73200-20190814373200-ixbrl.htm
2019-08-14	年次	前期	単体	実績		1株当たり当期純利益	NetIncomePerShare	19.64	JPYPerShares	19.64	PriorYearDuration_NonConsolidatedMember_ResultMember	/disc/73200/081220190814488365_tse-acedjpsm-73200-20190814373200-ixbrl.htm
2019-08-14	年次	前期	単体	実績		潜在株式調整後1株当たり当期純利益	DilutedNetIncomePerShare	18.18	JPYPerShares	18.18	PriorYearDuration_NonConsolidatedMember_ResultMember	/disc/73200/081220190814488365_tse-acedjpsm-73200-20190814373200-ixbrl.htm
2019-08-14	年次	当期	単体	実績		経営成績の注記	NoteToOperatingResults			（注）１．2018年６月期の「潜在株式調整後１株当たり当期純利益」については、当社株式が2018年３月30日に東京証券取引所マザーズ市場に上場したため、新規上場日から前事業年度末日までの平均株価（気配値を含む）を期中平均株価とみなして算出しております。 ２．当社は、2019年１月１日付で普通株式１株につき３株の割合で株式分割を行っております。前事業年度の期首に当該株式分割が行われたと仮定して、「１株当たり当期純利益」及び「潜在株式調整後１株当たり当期純利益」を算定しております。	CurrentYearDuration_NonConsolidatedMember_ResultMember	/disc/73200/081220190814488365_tse-acedjpsm-73200-20190814373200-ixbrl.htm
2019-08-14	年次	当期	単体	実績		総資産	TotalAssets	4342000000	JPY	4,342	CurrentYearInstant_NonConsolidatedMember_ResultMember	/disc/73200/081220190814488365_tse-acedjpsm-73200-20190814373200-ixbrl.htm
2019-08-14	年次	当期	単体	実績		純資産	NetAssets	450000000	JPY	450	CurrentYearInstant_NonConsolidatedMember_ResultMember	/disc/73200/081220190814488365_tse-acedjpsm-73200-20190814373200-ixbrl.htm
2019-08-14	年次	当期	単体	実績		自己資本比率	CapitalAdequacyRatio	0.104	Pure	10.4	CurrentYearInstant_NonConsolidatedMember_ResultMember	/disc/73200/081220190814488365_tse-acedjpsm-73200-20190814373200-ixbrl.htm
2019-08-14	年次	当期	単体	実績		1株当たり純資産	NetAssetsPerShare	90.36	JPYPerShares	90.36	CurrentYearInstant_NonConsolidatedMember_ResultMember	/disc/73200/081220190814488365_tse-acedjpsm-73200-20190814373200-ixbrl.htm
2019-08-14	年次	前期	単体	実績		総資産	TotalAssets	3692000000	JPY	3,692	PriorYearInstant_NonConsolidatedMember_ResultMember	/disc/73200/081220190814488365_tse-acedjpsm-73200-20190814373200-ixbrl.htm
2019-08-14	年次	前期	単体	実績		純資産	NetAssets	315000000	JPY	315	PriorYearInstant_NonConsolidatedMember_ResultMember	/disc/73200/081220190814488365_tse-acedjpsm-73200-20190814373200-ixbrl.htm
2019-08-14	年次	前期	単体	実績		自己資本比率	CapitalAdequacyRatio	0.086	Pure	8.6	PriorYearInstant_NonConsolidatedMember_ResultMember	/disc/73200/081220190814488365_tse-acedjpsm-73200-20190814373200-ixbrl.htm
2019-08-14	年次	前期	単体	実績		1株当たり純資産	NetAssetsPerShare	66.39	JPYPerShares	66.39	PriorYearInstant_NonConsolidatedMember_ResultMember	/disc/73200/081220190814488365_tse-acedjpsm-73200-20190814373200-ixbrl.htm
2019-08-14	年次	当期	単体	実績		自己資本	OwnersEquity	450000000	JPY	450	CurrentYearInstant_NonConsolidatedMember_ResultMember	/disc/73200/081220190814488365_tse-acedjpsm-73200-20190814373200-ixbrl.htm
2019-08-14	年次	前期	単体	実績		自己資本	OwnersEquity	315000000	JPY	315	PriorYearInstant_NonConsolidatedMember_ResultMember	/disc/73200/081220190814488365_tse-acedjpsm-73200-20190814373200-ixbrl.htm
2019-08-14	年次	当期	単体	実績			NoteToFinancialPositions			（注）当社は、2019年１月１日付で普通株式１株につき３株の割合で株式分割を行っております。前事業年度の期首に当該株式分割が行われたと仮定して、「１株当たり純資産」を算定しております。	CurrentYearInstant_NonConsolidatedMember_ResultMember	/disc/73200/081220190814488365_tse-acedjpsm-73200-20190814373200-ixbrl.htm
2019-08-14	年次	当期	単体	実績		業績の注記	NoteToFinancialResults			当社は、当事業年度において、市場開拓の余地が大きい新築住宅市場における長期保証契約の獲得が堅調に推移し、前受収益から振り替えられた売上が前事業年度を上回ったこと、及びBPO事業における大型案件の受注と新規案件の受注の増加により、前事業年度の実績値と当事業年度の実績値との間に差異が生じております。	CurrentYearDuration_NonConsolidatedMember_ResultMember	/disc/73200/081220190814488365_tse-acedjpsm-73200-20190814373200-ixbrl.htm
2019-08-14	年次	来期				将来情報の利用に関する注意	NotesForUsingForecastedInformationAndOthers			（将来に関する記述等についてのご注意） 本資料に記載されている業績見通し等の将来に関する記述は、当社が入手している情報及び合理的であると判断する一定の前提に基づいており、その達成を当社として約束する趣旨のものではありません。また、実際の業績等は様々な要因により大きく異なる場合があります。業績予想の前提となる条件及び業績予想のご利用に当たっての注意事項等については、添付資料Ｐ．６「１．経営成績等の概況 （４）今後の見通し」をご覧ください。&#160;（決算補足説明資料及び決算説明会内容の入手方法） 当社は、2019年８月19日（月）に機関投資家及びアナリスト向け説明会を開催する予定です。この説明会で使用する説明会資料は、開催後速やかに当社ウェブサイトに掲載する予定です。&#160;（日付の表示方法の変更） 「2019年６月期 第１四半期決算短信」より日付の表示方法を和暦表示から西暦表示に変更	NextYearDuration	/disc/73200/081220190814488365_tse-acedjpsm-73200-20190814373200-ixbrl.htm
2019-08-14	年次	当期				決算期末	FiscalYearEnd			2019-06-30	CurrentYearInstant	/disc/73200/081220190814488365_tse-acedjpsm-73200-20190814373200-ixbrl.htm
2019-11-11	四半期	当期第1四半期累計				書類名	DocumentName			第１四半期決算短信〔日本基準〕（連結）	CurrentAccumulatedQ1Instant	/disc/73200/081220191111423762_tse-qcedjpsm-73200-20191111373200-ixbrl.htm
2019-11-11	四半期	当期第1四半期累計				提出日	FilingDate			2019年11月11日	CurrentAccumulatedQ1Instant	/disc/73200/081220191111423762_tse-qcedjpsm-73200-20191111373200-ixbrl.htm
2019-11-11	四半期	当期第1四半期累計				会社名	CompanyName			日本リビング保証株式会社	CurrentAccumulatedQ1Instant	/disc/73200/081220191111423762_tse-qcedjpsm-73200-20191111373200-ixbrl.htm
2019-11-11	四半期	当期第1四半期累計					TokyoStockExchange			東	CurrentAccumulatedQ1Instant	/disc/73200/081220191111423762_tse-qcedjpsm-73200-20191111373200-ixbrl.htm
2019-11-11	四半期	当期第1四半期累計				証券コード	SecuritiesCode			73200	CurrentAccumulatedQ1Instant	/disc/73200/081220191111423762_tse-qcedjpsm-73200-20191111373200-ixbrl.htm
2019-11-11	四半期	当期第1四半期累計				URL	URL			https://jlw.jp	CurrentAccumulatedQ1Instant	/disc/73200/081220191111423762_tse-qcedjpsm-73200-20191111373200-ixbrl.htm
2019-11-11	四半期	当期第1四半期累計				代表者の役職	TitleRepresentative			代表取締役社長	CurrentAccumulatedQ1Instant	/disc/73200/081220191111423762_tse-qcedjpsm-73200-20191111373200-ixbrl.htm
2019-11-11	四半期	当期第1四半期累計				代表者名	NameRepresentative			安達&#160; 慶高	CurrentAccumulatedQ1Instant	/disc/73200/081220191111423762_tse-qcedjpsm-73200-20191111373200-ixbrl.htm
2019-11-11	四半期	当期第1四半期累計					TitleInquiries			取締役管理本部長	CurrentAccumulatedQ1Instant	/disc/73200/081220191111423762_tse-qcedjpsm-73200-20191111373200-ixbrl.htm
2019-11-11	四半期	当期第1四半期累計					NameInquiries			竹林&#160; 俊介	CurrentAccumulatedQ1Instant	/disc/73200/081220191111423762_tse-qcedjpsm-73200-20191111373200-ixbrl.htm
2019-11-11	四半期	当期第1四半期累計					Tel			03-6276-0401	CurrentAccumulatedQ1Instant	/disc/73200/081220191111423762_tse-qcedjpsm-73200-20191111373200-ixbrl.htm
2019-11-11	四半期	当期第1四半期累計					QuarterlyStatementFilingDateAsPlanned			2019年11月11日	CurrentAccumulatedQ1Instant	/disc/73200/081220191111423762_tse-qcedjpsm-73200-20191111373200-ixbrl.htm
2019-11-11	四半期	当期第1四半期累計					SupplementalMaterialOfQuarterlyResults			有	CurrentAccumulatedQ1Instant	/disc/73200/081220191111423762_tse-qcedjpsm-73200-20191111373200-ixbrl.htm
2019-11-11	四半期	当期第1四半期累計					ConveningBriefingOfQuarterlyResults			無	CurrentAccumulatedQ1Instant	/disc/73200/081220191111423762_tse-qcedjpsm-73200-20191111373200-ixbrl.htm
2019-11-11	四半期	当期第1四半期累計					NoteToFractionProcessingMethod			（百万円未満切捨て）	CurrentAccumulatedQ1Instant	/disc/73200/081220191111423762_tse-qcedjpsm-73200-20191111373200-ixbrl.htm
2019-11-11	四半期	当期第1四半期累計	連結	実績		売上高	NetSales	486000000	JPY	486	CurrentAccumulatedQ1Duration_ConsolidatedMember_ResultMember	/disc/73200/081220191111423762_tse-qcedjpsm-73200-20191111373200-ixbrl.htm
2019-11-11	四半期	当期第1四半期累計	連結	実績		売上高の増減率	ChangeInNetSales	0.324	Pure	32.4	CurrentAccumulatedQ1Duration_ConsolidatedMember_ResultMember	/disc/73200/081220191111423762_tse-qcedjpsm-73200-20191111373200-ixbrl.htm
2019-11-11	四半期	当期第1四半期累計	連結	実績		営業利益	OperatingIncome	96000000	JPY	96	CurrentAccumulatedQ1Duration_ConsolidatedMember_ResultMember	/disc/73200/081220191111423762_tse-qcedjpsm-73200-20191111373200-ixbrl.htm
2019-11-11	四半期	当期第1四半期累計	連結	実績		営業利益の増減率	ChangeInOperatingIncome	0.516	Pure	51.6	CurrentAccumulatedQ1Duration_ConsolidatedMember_ResultMember	/disc/73200/081220191111423762_tse-qcedjpsm-73200-20191111373200-ixbrl.htm
2019-11-11	四半期	当期第1四半期累計	連結	実績		経常利益	OrdinaryIncome	121000000	JPY	121	CurrentAccumulatedQ1Duration_ConsolidatedMember_ResultMember	/disc/73200/081220191111423762_tse-qcedjpsm-73200-20191111373200-ixbrl.htm
2019-11-11	四半期	当期第1四半期累計	連結	実績		経常利益の増減率	ChangeInOrdinaryIncome	0.784	Pure	78.4	CurrentAccumulatedQ1Duration_ConsolidatedMember_ResultMember	/disc/73200/081220191111423762_tse-qcedjpsm-73200-20191111373200-ixbrl.htm
2019-11-11	四半期	当期第1四半期累計	連結	実績		親会社株主に帰属する当期純利益	ProfitAttributableToOwnersOfParent	81000000	JPY	81	CurrentAccumulatedQ1Duration_ConsolidatedMember_ResultMember	/disc/73200/081220191111423762_tse-qcedjpsm-73200-20191111373200-ixbrl.htm
2019-11-11	四半期	当期第1四半期累計	連結	実績		親会社株主に帰属する当期純利益の増減率	ChangeInProfitAttributableToOwnersOfParent	0.672	Pure	67.2	CurrentAccumulatedQ1Duration_ConsolidatedMember_ResultMember	/disc/73200/081220191111423762_tse-qcedjpsm-73200-20191111373200-ixbrl.htm
2019-11-11	四半期	前期第1四半期累計	連結	実績		売上高	NetSales	367000000	JPY	367	PriorAccumulatedQ1Duration_ConsolidatedMember_ResultMember	/disc/73200/081220191111423762_tse-qcedjpsm-73200-20191111373200-ixbrl.htm
2019-11-11	四半期	前期第1四半期累計	連結	実績		営業利益	OperatingIncome	63000000	JPY	63	PriorAccumulatedQ1Duration_ConsolidatedMember_ResultMember	/disc/73200/081220191111423762_tse-qcedjpsm-73200-20191111373200-ixbrl.htm
2019-11-11	四半期	前期第1四半期累計	連結	実績		経常利益	OrdinaryIncome	68000000	JPY	68	PriorAccumulatedQ1Duration_ConsolidatedMember_ResultMember	/disc/73200/081220191111423762_tse-qcedjpsm-73200-20191111373200-ixbrl.htm
2019-11-11	四半期	前期第1四半期累計	連結	実績		親会社株主に帰属する当期純利益	ProfitAttributableToOwnersOfParent	48000000	JPY	48	PriorAccumulatedQ1Duration_ConsolidatedMember_ResultMember	/disc/73200/081220191111423762_tse-qcedjpsm-73200-20191111373200-ixbrl.htm
2019-11-11	四半期	当期第1四半期累計	連結	実績		包括利益	ComprehensiveIncome	83000000	JPY	83	CurrentAccumulatedQ1Duration_ConsolidatedMember_ResultMember	/disc/73200/081220191111423762_tse-qcedjpsm-73200-20191111373200-ixbrl.htm
2019-11-11	四半期	当期第1四半期累計	連結	実績		包括利益の増減率	ChangeInComprehensiveIncome	0.639	Pure	63.9	CurrentAccumulatedQ1Duration_ConsolidatedMember_ResultMember	/disc/73200/081220191111423762_tse-qcedjpsm-73200-20191111373200-ixbrl.htm
2019-11-11	四半期	前期第1四半期累計	連結	実績		包括利益	ComprehensiveIncome	51000000	JPY	51	PriorAccumulatedQ1Duration_ConsolidatedMember_ResultMember	/disc/73200/081220191111423762_tse-qcedjpsm-73200-20191111373200-ixbrl.htm
2019-11-11	四半期	当期第1四半期累計	連結	実績		1株当たり当期純利益	NetIncomePerShare	16.37	JPYPerShares	16.37	CurrentAccumulatedQ1Duration_ConsolidatedMember_ResultMember	/disc/73200/081220191111423762_tse-qcedjpsm-73200-20191111373200-ixbrl.htm
2019-11-11	四半期	当期第1四半期累計	連結	実績		潜在株式調整後1株当たり当期純利益	DilutedNetIncomePerShare	15.98	JPYPerShares	15.98	CurrentAccumulatedQ1Duration_ConsolidatedMember_ResultMember	/disc/73200/081220191111423762_tse-qcedjpsm-73200-20191111373200-ixbrl.htm
2019-11-11	四半期	前期第1四半期累計	連結	実績		1株当たり当期純利益	NetIncomePerShare	10.26	JPYPerShares	10.26	PriorAccumulatedQ1Duration_ConsolidatedMember_ResultMember	/disc/73200/081220191111423762_tse-qcedjpsm-73200-20191111373200-ixbrl.htm
2019-11-11	四半期	前期第1四半期累計	連結	実績		潜在株式調整後1株当たり当期純利益	DilutedNetIncomePerShare	9.56	JPYPerShares	9.56	PriorAccumulatedQ1Duration_ConsolidatedMember_ResultMember	/disc/73200/081220191111423762_tse-qcedjpsm-73200-20191111373200-ixbrl.htm
2019-11-11	四半期	当期第1四半期累計	連結	実績		経営成績の注記	NoteToOperatingResults			（注）１．2018年６月期第１四半期については四半期連結財務諸表を作成していないため、2019年６月期第１四半期の対前年同四半期増減率については記載しておりません。２．当社は、2019年１月１日付で普通株式１株につき３株の割合で株式分割を行っております。前連結会計年度の期首に当該株式分割が行われたと仮定して、「１株当たり四半期純利益」及び「潜在株式調整後１株当たり四半期純利益」を算定しております。	CurrentAccumulatedQ1Duration_ConsolidatedMember_ResultMember	/disc/73200/081220191111423762_tse-qcedjpsm-73200-20191111373200-ixbrl.htm
2019-11-11	四半期	当期第1四半期累計	連結	実績		総資産	TotalAssets	6966000000	JPY	6,966	CurrentAccumulatedQ1Instant_ConsolidatedMember_ResultMember	/disc/73200/081220191111423762_tse-qcedjpsm-73200-20191111373200-ixbrl.htm
2019-11-11	四半期	当期第1四半期累計	連結	実績		純資産	NetAssets	533000000	JPY	533	CurrentAccumulatedQ1Instant_ConsolidatedMember_ResultMember	/disc/73200/081220191111423762_tse-qcedjpsm-73200-20191111373200-ixbrl.htm
2019-11-11	四半期	当期第1四半期累計	連結	実績		自己資本比率	CapitalAdequacyRatio	0.077	Pure	7.7	CurrentAccumulatedQ1Instant_ConsolidatedMember_ResultMember	/disc/73200/081220191111423762_tse-qcedjpsm-73200-20191111373200-ixbrl.htm
2019-11-11	四半期	前期	連結	実績		総資産	TotalAssets	6691000000	JPY	6,691	PriorYearInstant_ConsolidatedMember_ResultMember	/disc/73200/081220191111423762_tse-qcedjpsm-73200-20191111373200-ixbrl.htm
2019-11-11	四半期	前期	連結	実績		純資産	NetAssets	475000000	JPY	475	PriorYearInstant_ConsolidatedMember_ResultMember	/disc/73200/081220191111423762_tse-qcedjpsm-73200-20191111373200-ixbrl.htm
2019-11-11	四半期	前期	連結	実績		自己資本比率	CapitalAdequacyRatio	0.071	Pure	7.1	PriorYearInstant_ConsolidatedMember_ResultMember	/disc/73200/081220191111423762_tse-qcedjpsm-73200-20191111373200-ixbrl.htm
2019-11-11	四半期	当期第1四半期累計	連結	実績		自己資本	OwnersEquity	533000000	JPY	533	CurrentAccumulatedQ1Instant_ConsolidatedMember_ResultMember	/disc/73200/081220191111423762_tse-qcedjpsm-73200-20191111373200-ixbrl.htm
2019-11-11	四半期	前期	連結	実績		自己資本	OwnersEquity	475000000	JPY	475	PriorYearInstant_ConsolidatedMember_ResultMember	/disc/73200/081220191111423762_tse-qcedjpsm-73200-20191111373200-ixbrl.htm
2019-11-11	四半期	前期	単体	実績	第2四半期末	1株当たり配当金	DividendPerShare	0.00	JPYPerShares	0.00	PriorYearDuration_SecondQuarterMember_NonConsolidatedMember_ResultMember	/disc/73200/081220191111423762_tse-qcedjpsm-73200-20191111373200-ixbrl.htm
2019-11-11	四半期	前期	単体	実績	期末	1株当たり配当金	DividendPerShare	5.00	JPYPerShares	5.00	PriorYearDuration_YearEndMember_NonConsolidatedMember_ResultMember	/disc/73200/081220191111423762_tse-qcedjpsm-73200-20191111373200-ixbrl.htm
2019-11-11	四半期	前期	単体	実績	合計	1株当たり配当金	DividendPerShare	5.00	JPYPerShares	5.00	PriorYearDuration_AnnualMember_NonConsolidatedMember_ResultMember	/disc/73200/081220191111423762_tse-qcedjpsm-73200-20191111373200-ixbrl.htm
2019-11-11	四半期	当期	単体	予想	第2四半期末	1株当たり配当金	DividendPerShare	0.00	JPYPerShares	0.00	CurrentYearDuration_SecondQuarterMember_NonConsolidatedMember_ForecastMember	/disc/73200/081220191111423762_tse-qcedjpsm-73200-20191111373200-ixbrl.htm
2019-11-11	四半期	当期	単体	予想	期末	1株当たり配当金	DividendPerShare	5.00	JPYPerShares	5.00	CurrentYearDuration_YearEndMember_NonConsolidatedMember_ForecastMember	/disc/73200/081220191111423762_tse-qcedjpsm-73200-20191111373200-ixbrl.htm
2019-11-11	四半期	当期	単体	予想	合計	1株当たり配当金	DividendPerShare	5.00	JPYPerShares	5.00	CurrentYearDuration_AnnualMember_NonConsolidatedMember_ForecastMember	/disc/73200/081220191111423762_tse-qcedjpsm-73200-20191111373200-ixbrl.htm
2019-11-11	四半期	当期	単体	実績	合計	当四半期における配当予想の修正	CorrectionOfDividendForecastInThisQuarter			無	CurrentYearDuration_AnnualMember_NonConsolidatedMember_ResultMember	/disc/73200/081220191111423762_tse-qcedjpsm-73200-20191111373200-ixbrl.htm
2019-11-11	四半期	当期	連結	予想		業績予想の見出し	TitleForForecasts			３．2020年６月期の連結業績予想（2019年７月１日～2020年６月30日）	CurrentYearDuration_ConsolidatedMember_ForecastMember	/disc/73200/081220191111423762_tse-qcedjpsm-73200-20191111373200-ixbrl.htm
2019-11-11	四半期	当期第2四半期累計	連結	予想		売上高	NetSales	883000000	JPY	883	CurrentAccumulatedQ2Duration_ConsolidatedMember_ForecastMember	/disc/73200/081220191111423762_tse-qcedjpsm-73200-20191111373200-ixbrl.htm
2019-11-11	四半期	当期第2四半期累計	連結	予想		売上高の増減率	ChangeInNetSales	0.246	Pure	24.6	CurrentAccumulatedQ2Duration_ConsolidatedMember_ForecastMember	/disc/73200/081220191111423762_tse-qcedjpsm-73200-20191111373200-ixbrl.htm
2019-11-11	四半期	当期第2四半期累計	連結	予想		営業利益	OperatingIncome	117000000	JPY	117	CurrentAccumulatedQ2Duration_ConsolidatedMember_ForecastMember	/disc/73200/081220191111423762_tse-qcedjpsm-73200-20191111373200-ixbrl.htm
2019-11-11	四半期	当期第2四半期累計	連結	予想		営業利益の増減率	ChangeInOperatingIncome	0.237	Pure	23.7	CurrentAccumulatedQ2Duration_ConsolidatedMember_ForecastMember	/disc/73200/081220191111423762_tse-qcedjpsm-73200-20191111373200-ixbrl.htm
2019-11-11	四半期	当期第2四半期累計	連結	予想		経常利益	OrdinaryIncome	144000000	JPY	144	CurrentAccumulatedQ2Duration_ConsolidatedMember_ForecastMember	/disc/73200/081220191111423762_tse-qcedjpsm-73200-20191111373200-ixbrl.htm
2019-11-11	四半期	当期第2四半期累計	連結	予想		経常利益の増減率	ChangeInOrdinaryIncome	0.351	Pure	35.1	CurrentAccumulatedQ2Duration_ConsolidatedMember_ForecastMember	/disc/73200/081220191111423762_tse-qcedjpsm-73200-20191111373200-ixbrl.htm
2019-11-11	四半期	当期第2四半期累計	連結	予想		親会社株主に帰属する当期純利益	ProfitAttributableToOwnersOfParent	94000000	JPY	94	CurrentAccumulatedQ2Duration_ConsolidatedMember_ForecastMember	/disc/73200/081220191111423762_tse-qcedjpsm-73200-20191111373200-ixbrl.htm
2019-11-11	四半期	当期第2四半期累計	連結	予想		親会社株主に帰属する当期純利益の増減率	ChangeInProfitAttributableToOwnersOfParent	0.260	Pure	26.0	CurrentAccumulatedQ2Duration_ConsolidatedMember_ForecastMember	/disc/73200/081220191111423762_tse-qcedjpsm-73200-20191111373200-ixbrl.htm
2019-11-11	四半期	当期第2四半期累計	連結	予想		1株当たり当期純利益	NetIncomePerShare	18.85	JPYPerShares	18.85	CurrentAccumulatedQ2Duration_ConsolidatedMember_ForecastMember	/disc/73200/081220191111423762_tse-qcedjpsm-73200-20191111373200-ixbrl.htm
2019-11-11	四半期	当期	連結	予想		売上高	NetSales	1850000000	JPY	1,850	CurrentYearDuration_ConsolidatedMember_ForecastMember	/disc/73200/081220191111423762_tse-qcedjpsm-73200-20191111373200-ixbrl.htm
2019-11-11	四半期	当期	連結	予想		売上高の増減率	ChangeInNetSales	0.123	Pure	12.3	CurrentYearDuration_ConsolidatedMember_ForecastMember	/disc/73200/081220191111423762_tse-qcedjpsm-73200-20191111373200-ixbrl.htm
2019-11-11	四半期	当期	連結	予想		営業利益	OperatingIncome	192000000	JPY	192	CurrentYearDuration_ConsolidatedMember_ForecastMember	/disc/73200/081220191111423762_tse-qcedjpsm-73200-20191111373200-ixbrl.htm
2019-11-11	四半期	当期	連結	予想		営業利益の増減率	ChangeInOperatingIncome	0.062	Pure	6.2	CurrentYearDuration_ConsolidatedMember_ForecastMember	/disc/73200/081220191111423762_tse-qcedjpsm-73200-20191111373200-ixbrl.htm
2019-11-11	四半期	当期	連結	予想		経常利益	OrdinaryIncome	242000000	JPY	242	CurrentYearDuration_ConsolidatedMember_ForecastMember	/disc/73200/081220191111423762_tse-qcedjpsm-73200-20191111373200-ixbrl.htm
2019-11-11	四半期	当期	連結	予想		経常利益の増減率	ChangeInOrdinaryIncome	0.137	Pure	13.7	CurrentYearDuration_ConsolidatedMember_ForecastMember	/disc/73200/081220191111423762_tse-qcedjpsm-73200-20191111373200-ixbrl.htm
2019-11-11	四半期	当期	連結	予想		親会社株主に帰属する当期純利益	ProfitAttributableToOwnersOfParent	158000000	JPY	158	CurrentYearDuration_ConsolidatedMember_ForecastMember	/disc/73200/081220191111423762_tse-qcedjpsm-73200-20191111373200-ixbrl.htm
2019-11-11	四半期	当期	連結	予想		親会社株主に帰属する当期純利益の増減率	ChangeInProfitAttributableToOwnersOfParent	0.105	Pure	10.5	CurrentYearDuration_ConsolidatedMember_ForecastMember	/disc/73200/081220191111423762_tse-qcedjpsm-73200-20191111373200-ixbrl.htm
2019-11-11	四半期	当期	連結	予想		1株当たり当期純利益	NetIncomePerShare	31.69	JPYPerShares	31.69	CurrentYearDuration_ConsolidatedMember_ForecastMember	/disc/73200/081220191111423762_tse-qcedjpsm-73200-20191111373200-ixbrl.htm
2019-11-11	四半期	当期	連結	予想		当四半期における業績予想の修正	CorrectionOfConsolidatedFinancialForecastInThisQuarter			無	CurrentYearDuration_ConsolidatedMember_ForecastMember	/disc/73200/081220191111423762_tse-qcedjpsm-73200-20191111373200-ixbrl.htm
2019-11-11	四半期	当期第1四半期累計	連結	実績			MaterialChangesInSubsidiariesDuringThisPeriodChangesInScopeOfConsolidationsResultingFromChangeIsSubsidiaries			無	CurrentAccumulatedQ1Duration_ConsolidatedMember_ResultMember	/disc/73200/081220191111423762_tse-qcedjpsm-73200-20191111373200-ixbrl.htm
2019-11-11	四半期	当期第1四半期累計	連結	実績			ApplyingOfSpecificAccountingOfTheConsolidatedQuarterlyFinancialStatements			有	CurrentAccumulatedQ1Duration_ConsolidatedMember_ResultMember	/disc/73200/081220191111423762_tse-qcedjpsm-73200-20191111373200-ixbrl.htm
2019-11-11	四半期	当期第1四半期累計	連結	実績			NoteToApplyingOfSpecificAccountingOfTheConsolidatedQuarterlyFinancialStatements			（注）詳細は、添付資料Ｐ．６「２．四半期連結財務諸表及び主な注記 （３）四半期連結財務諸表に関する注記事項 （四半期連結財務諸表の作成に特有の会計処理の適用）」をご覧ください。	CurrentAccumulatedQ1Duration_ConsolidatedMember_ResultMember	/disc/73200/081220191111423762_tse-qcedjpsm-73200-20191111373200-ixbrl.htm
2019-11-11	四半期	当期第1四半期累計	連結	実績		会計基準等の改正に伴う変更	ChangesBasedOnRevisionsOfAccountingStandard			無	CurrentAccumulatedQ1Duration_ConsolidatedMember_ResultMember	/disc/73200/081220191111423762_tse-qcedjpsm-73200-20191111373200-ixbrl.htm
2019-11-11	四半期	当期第1四半期累計	連結	実績		それ以外の会計方針の変更	ChangesOtherThanOnesBasedOnRevisionsOfAccountingStandard			無	CurrentAccumulatedQ1Duration_ConsolidatedMember_ResultMember	/disc/73200/081220191111423762_tse-qcedjpsm-73200-20191111373200-ixbrl.htm
2019-11-11	四半期	当期第1四半期累計	連結	実績		会計上の見積りの変更	ChangesInAccountingEstimates			無	CurrentAccumulatedQ1Duration_ConsolidatedMember_ResultMember	/disc/73200/081220191111423762_tse-qcedjpsm-73200-20191111373200-ixbrl.htm
2019-11-11	四半期	当期第1四半期累計	連結	実績		修正再表示	RetrospectiveRestatement			無	CurrentAccumulatedQ1Duration_ConsolidatedMember_ResultMember	/disc/73200/081220191111423762_tse-qcedjpsm-73200-20191111373200-ixbrl.htm
2019-11-11	四半期	当期第1四半期累計	単体	実績		期末発行済株式数(自己株式を含む)	NumberOfIssuedAndOutstandingSharesAtTheEndOfFiscalYearIncludingTreasuryStock	4985100	Shares	4,985,100	CurrentAccumulatedQ1Instant_NonConsolidatedMember_ResultMember	/disc/73200/081220191111423762_tse-qcedjpsm-73200-20191111373200-ixbrl.htm
2019-11-11	四半期	前期	単体	実績		期末発行済株式数(自己株式を含む)	NumberOfIssuedAndOutstandingSharesAtTheEndOfFiscalYearIncludingTreasuryStock	4985100	Shares	4,985,100	PriorYearInstant_NonConsolidatedMember_ResultMember	/disc/73200/081220191111423762_tse-qcedjpsm-73200-20191111373200-ixbrl.htm
2019-11-11	四半期	当期第1四半期累計	単体	実績		期末自己株式数	NumberOfTreasuryStockAtTheEndOfFiscalYear	43	Shares	43	CurrentAccumulatedQ1Instant_NonConsolidatedMember_ResultMember	/disc/73200/081220191111423762_tse-qcedjpsm-73200-20191111373200-ixbrl.htm
2019-11-11	四半期	当期第1四半期累計	単体	実績		期中平均株式数	AverageNumberOfShares	4985071	Shares	4,985,071	CurrentAccumulatedQ1Duration_NonConsolidatedMember_ResultMember	/disc/73200/081220191111423762_tse-qcedjpsm-73200-20191111373200-ixbrl.htm
2019-11-11	四半期	前期第1四半期累計	単体	実績		期中平均株式数	AverageNumberOfShares	4759500	Shares	4,759,500	PriorAccumulatedQ1Duration_NonConsolidatedMember_ResultMember	/disc/73200/081220191111423762_tse-qcedjpsm-73200-20191111373200-ixbrl.htm
2019-11-11	四半期	当期第1四半期累計	単体	実績			NoteToNumberOfIssuedAndOutstandingSharesCommonStock			（注）当社は、2019年１月１日付で普通株式１株につき３株の株式分割を行っております。このため期末発行済株式数及び期中平均株式数については、当該株式分割が前連結会計年度の期首に行われたものと仮定して算定しております。	CurrentAccumulatedQ1Instant_NonConsolidatedMember_ResultMember	/disc/73200/081220191111423762_tse-qcedjpsm-73200-20191111373200-ixbrl.htm
2019-11-11	四半期	当期				将来情報の利用に関する注意	NotesForUsingForecastedInformationAndOthers			（将来に関する記述等についてのご注意） 本資料に記載されている業績見通し等の将来に関する記述は、当社が入手している情報及び合理的であると判断する一定の前提に基づいており、その達成を当社として約束する趣旨のものではありません。また、実際の業績等は様々な要因により大きく異なる場合があります。業績予想の前提となる条件及び業績予想のご利用に当たっての注意事項等については、添付資料Ｐ．３「１．当四半期決算に関する定性的情報 （３）連結業績予想などの将来予測情報に関する説明」をご覧ください。&#160;（四半期決算補足説明資料の入手方法） 四半期決算補足説明資料は、2019年11月11日(月)に当社ウェブサイトに掲載致します。&#160;&#160;	CurrentYearDuration	/disc/73200/081220191111423762_tse-qcedjpsm-73200-20191111373200-ixbrl.htm
2019-11-11	四半期	当期				決算期末	FiscalYearEnd			2020-06-30	CurrentYearInstant	/disc/73200/081220191111423762_tse-qcedjpsm-73200-20191111373200-ixbrl.htm
2019-11-11	四半期	当期第1四半期累計				四半期	QuarterlyPeriod	1	Pure	1	CurrentAccumulatedQ1Instant	/disc/73200/081220191111423762_tse-qcedjpsm-73200-20191111373200-ixbrl.htm
2020-02-10	四半期	当期第2四半期累計				書類名	DocumentName			第２四半期決算短信〔日本基準〕（連結）	CurrentAccumulatedQ2Instant	/disc/73200/081220200210461052_tse-qcedjpsm-73200-20200210373200-ixbrl.htm
2020-02-10	四半期	当期第2四半期累計				提出日	FilingDate			2020年２月10日	CurrentAccumulatedQ2Instant	/disc/73200/081220200210461052_tse-qcedjpsm-73200-20200210373200-ixbrl.htm
2020-02-10	四半期	当期第2四半期累計				会社名	CompanyName			日本リビング保証株式会社	CurrentAccumulatedQ2Instant	/disc/73200/081220200210461052_tse-qcedjpsm-73200-20200210373200-ixbrl.htm
2020-02-10	四半期	当期第2四半期累計					TokyoStockExchange			東	CurrentAccumulatedQ2Instant	/disc/73200/081220200210461052_tse-qcedjpsm-73200-20200210373200-ixbrl.htm
2020-02-10	四半期	当期第2四半期累計				証券コード	SecuritiesCode			73200	CurrentAccumulatedQ2Instant	/disc/73200/081220200210461052_tse-qcedjpsm-73200-20200210373200-ixbrl.htm
2020-02-10	四半期	当期第2四半期累計				URL	URL			https://jlw.jp	CurrentAccumulatedQ2Instant	/disc/73200/081220200210461052_tse-qcedjpsm-73200-20200210373200-ixbrl.htm
2020-02-10	四半期	当期第2四半期累計				代表者の役職	TitleRepresentative			代表取締役社長	CurrentAccumulatedQ2Instant	/disc/73200/081220200210461052_tse-qcedjpsm-73200-20200210373200-ixbrl.htm
2020-02-10	四半期	当期第2四半期累計				代表者名	NameRepresentative			安達&#160; 慶高	CurrentAccumulatedQ2Instant	/disc/73200/081220200210461052_tse-qcedjpsm-73200-20200210373200-ixbrl.htm
2020-02-10	四半期	当期第2四半期累計					TitleInquiries			取締役管理本部長	CurrentAccumulatedQ2Instant	/disc/73200/081220200210461052_tse-qcedjpsm-73200-20200210373200-ixbrl.htm
2020-02-10	四半期	当期第2四半期累計					NameInquiries			竹林&#160; 俊介	CurrentAccumulatedQ2Instant	/disc/73200/081220200210461052_tse-qcedjpsm-73200-20200210373200-ixbrl.htm
2020-02-10	四半期	当期第2四半期累計					Tel			03-6276-0401	CurrentAccumulatedQ2Instant	/disc/73200/081220200210461052_tse-qcedjpsm-73200-20200210373200-ixbrl.htm
2020-02-10	四半期	当期第2四半期累計					QuarterlyStatementFilingDateAsPlanned			2020年２月10日	CurrentAccumulatedQ2Instant	/disc/73200/081220200210461052_tse-qcedjpsm-73200-20200210373200-ixbrl.htm
2020-02-10	四半期	当期第2四半期累計					SupplementalMaterialOfQuarterlyResults			有	CurrentAccumulatedQ2Instant	/disc/73200/081220200210461052_tse-qcedjpsm-73200-20200210373200-ixbrl.htm
2020-02-10	四半期	当期第2四半期累計					ConveningBriefingOfQuarterlyResults			有	CurrentAccumulatedQ2Instant	/disc/73200/081220200210461052_tse-qcedjpsm-73200-20200210373200-ixbrl.htm
2020-02-10	四半期	当期第2四半期累計					TargetForBriefingOfQuarterlyResults			（機関投資家・アナリスト向け）	CurrentAccumulatedQ2Instant	/disc/73200/081220200210461052_tse-qcedjpsm-73200-20200210373200-ixbrl.htm
2020-02-10	四半期	当期第2四半期累計					NoteToFractionProcessingMethod			（百万円未満切捨て）	CurrentAccumulatedQ2Instant	/disc/73200/081220200210461052_tse-qcedjpsm-73200-20200210373200-ixbrl.htm
2020-02-10	四半期	当期第2四半期累計	連結	実績		売上高	NetSales	971000000	JPY	971	CurrentAccumulatedQ2Duration_ConsolidatedMember_ResultMember	/disc/73200/081220200210461052_tse-qcedjpsm-73200-20200210373200-ixbrl.htm
2020-02-10	四半期	当期第2四半期累計	連結	実績		売上高の増減率	ChangeInNetSales	0.369	Pure	36.9	CurrentAccumulatedQ2Duration_ConsolidatedMember_ResultMember	/disc/73200/081220200210461052_tse-qcedjpsm-73200-20200210373200-ixbrl.htm
2020-02-10	四半期	当期第2四半期累計	連結	実績		営業利益	OperatingIncome	155000000	JPY	155	CurrentAccumulatedQ2Duration_ConsolidatedMember_ResultMember	/disc/73200/081220200210461052_tse-qcedjpsm-73200-20200210373200-ixbrl.htm
2020-02-10	四半期	当期第2四半期累計	連結	実績		営業利益の増減率	ChangeInOperatingIncome	0.640	Pure	64.0	CurrentAccumulatedQ2Duration_ConsolidatedMember_ResultMember	/disc/73200/081220200210461052_tse-qcedjpsm-73200-20200210373200-ixbrl.htm
2020-02-10	四半期	当期第2四半期累計	連結	実績		経常利益	OrdinaryIncome	206000000	JPY	206	CurrentAccumulatedQ2Duration_ConsolidatedMember_ResultMember	/disc/73200/081220200210461052_tse-qcedjpsm-73200-20200210373200-ixbrl.htm
2020-02-10	四半期	当期第2四半期累計	連結	実績		経常利益の増減率	ChangeInOrdinaryIncome	0.935	Pure	93.5	CurrentAccumulatedQ2Duration_ConsolidatedMember_ResultMember	/disc/73200/081220200210461052_tse-qcedjpsm-73200-20200210373200-ixbrl.htm
2020-02-10	四半期	当期第2四半期累計	連結	実績		親会社株主に帰属する当期純利益	ProfitAttributableToOwnersOfParent	137000000	JPY	137	CurrentAccumulatedQ2Duration_ConsolidatedMember_ResultMember	/disc/73200/081220200210461052_tse-qcedjpsm-73200-20200210373200-ixbrl.htm
2020-02-10	四半期	当期第2四半期累計	連結	実績		親会社株主に帰属する当期純利益の増減率	ChangeInProfitAttributableToOwnersOfParent	0.840	Pure	84.0	CurrentAccumulatedQ2Duration_ConsolidatedMember_ResultMember	/disc/73200/081220200210461052_tse-qcedjpsm-73200-20200210373200-ixbrl.htm
2020-02-10	四半期	前期第2四半期累計	連結	実績		売上高	NetSales	709000000	JPY	709	PriorAccumulatedQ2Duration_ConsolidatedMember_ResultMember	/disc/73200/081220200210461052_tse-qcedjpsm-73200-20200210373200-ixbrl.htm
2020-02-10	四半期	前期第2四半期累計	連結	実績		売上高の増減率	ChangeInNetSales	0.248	Pure	24.8	PriorAccumulatedQ2Duration_ConsolidatedMember_ResultMember	/disc/73200/081220200210461052_tse-qcedjpsm-73200-20200210373200-ixbrl.htm
2020-02-10	四半期	前期第2四半期累計	連結	実績		営業利益	OperatingIncome	94000000	JPY	94	PriorAccumulatedQ2Duration_ConsolidatedMember_ResultMember	/disc/73200/081220200210461052_tse-qcedjpsm-73200-20200210373200-ixbrl.htm
2020-02-10	四半期	前期第2四半期累計	連結	実績		営業利益の増減率	ChangeInOperatingIncome	0.733	Pure	73.3	PriorAccumulatedQ2Duration_ConsolidatedMember_ResultMember	/disc/73200/081220200210461052_tse-qcedjpsm-73200-20200210373200-ixbrl.htm
2020-02-10	四半期	前期第2四半期累計	連結	実績		経常利益	OrdinaryIncome	106000000	JPY	106	PriorAccumulatedQ2Duration_ConsolidatedMember_ResultMember	/disc/73200/081220200210461052_tse-qcedjpsm-73200-20200210373200-ixbrl.htm
2020-02-10	四半期	前期第2四半期累計	連結	実績		経常利益の増減率	ChangeInOrdinaryIncome	0.871	Pure	87.1	PriorAccumulatedQ2Duration_ConsolidatedMember_ResultMember	/disc/73200/081220200210461052_tse-qcedjpsm-73200-20200210373200-ixbrl.htm
2020-02-10	四半期	前期第2四半期累計	連結	実績		親会社株主に帰属する当期純利益	ProfitAttributableToOwnersOfParent	74000000	JPY	74	PriorAccumulatedQ2Duration_ConsolidatedMember_ResultMember	/disc/73200/081220200210461052_tse-qcedjpsm-73200-20200210373200-ixbrl.htm
2020-02-10	四半期	前期第2四半期累計	連結	実績		親会社株主に帰属する当期純利益の増減率	ChangeInProfitAttributableToOwnersOfParent	1.098	Pure	109.8	PriorAccumulatedQ2Duration_ConsolidatedMember_ResultMember	/disc/73200/081220200210461052_tse-qcedjpsm-73200-20200210373200-ixbrl.htm
2020-02-10	四半期	当期第2四半期累計	連結	実績		包括利益	ComprehensiveIncome	139000000	JPY	139	CurrentAccumulatedQ2Duration_ConsolidatedMember_ResultMember	/disc/73200/081220200210461052_tse-qcedjpsm-73200-20200210373200-ixbrl.htm
2020-02-10	四半期	当期第2四半期累計	連結	実績		包括利益の増減率	ChangeInComprehensiveIncome	0.901	Pure	90.1	CurrentAccumulatedQ2Duration_ConsolidatedMember_ResultMember	/disc/73200/081220200210461052_tse-qcedjpsm-73200-20200210373200-ixbrl.htm
2020-02-10	四半期	前期第2四半期累計	連結	実績		包括利益	ComprehensiveIncome	73000000	JPY	73	PriorAccumulatedQ2Duration_ConsolidatedMember_ResultMember	/disc/73200/081220200210461052_tse-qcedjpsm-73200-20200210373200-ixbrl.htm
2020-02-10	四半期	前期第2四半期累計	連結	実績		包括利益の増減率	ChangeInComprehensiveIncome	0.810	Pure	81.0	PriorAccumulatedQ2Duration_ConsolidatedMember_ResultMember	/disc/73200/081220200210461052_tse-qcedjpsm-73200-20200210373200-ixbrl.htm
2020-02-10	四半期	当期第2四半期累計	連結	実績		1株当たり当期純利益	NetIncomePerShare	27.52	JPYPerShares	27.52	CurrentAccumulatedQ2Duration_ConsolidatedMember_ResultMember	/disc/73200/081220200210461052_tse-qcedjpsm-73200-20200210373200-ixbrl.htm
2020-02-10	四半期	当期第2四半期累計	連結	実績		潜在株式調整後1株当たり当期純利益	DilutedNetIncomePerShare	26.86	JPYPerShares	26.86	CurrentAccumulatedQ2Duration_ConsolidatedMember_ResultMember	/disc/73200/081220200210461052_tse-qcedjpsm-73200-20200210373200-ixbrl.htm
2020-02-10	四半期	前期第2四半期累計	連結	実績		1株当たり当期純利益	NetIncomePerShare	15.30	JPYPerShares	15.30	PriorAccumulatedQ2Duration_ConsolidatedMember_ResultMember	/disc/73200/081220200210461052_tse-qcedjpsm-73200-20200210373200-ixbrl.htm
2020-02-10	四半期	前期第2四半期累計	連結	実績		潜在株式調整後1株当たり当期純利益	DilutedNetIncomePerShare	14.50	JPYPerShares	14.50	PriorAccumulatedQ2Duration_ConsolidatedMember_ResultMember	/disc/73200/081220200210461052_tse-qcedjpsm-73200-20200210373200-ixbrl.htm
2020-02-10	四半期	当期第2四半期累計	連結	実績		経営成績の注記	NoteToOperatingResults			（注）当社は、2019年１月１日付で普通株式１株につき３株の割合で株式分割を行っております。前連結会計年度の期首に当該株式分割が行われたと仮定して、「１株当たり四半期純利益」及び「潜在株式調整後１株当たり四半期純利益」を算定しております。	CurrentAccumulatedQ2Duration_ConsolidatedMember_ResultMember	/disc/73200/081220200210461052_tse-qcedjpsm-73200-20200210373200-ixbrl.htm
2020-02-10	四半期	当期第2四半期累計	連結	実績		総資産	TotalAssets	7366000000	JPY	7,366	CurrentAccumulatedQ2Instant_ConsolidatedMember_ResultMember	/disc/73200/081220200210461052_tse-qcedjpsm-73200-20200210373200-ixbrl.htm
2020-02-10	四半期	当期第2四半期累計	連結	実績		純資産	NetAssets	589000000	JPY	589	CurrentAccumulatedQ2Instant_ConsolidatedMember_ResultMember	/disc/73200/081220200210461052_tse-qcedjpsm-73200-20200210373200-ixbrl.htm
2020-02-10	四半期	当期第2四半期累計	連結	実績		自己資本比率	CapitalAdequacyRatio	0.080	Pure	8.0	CurrentAccumulatedQ2Instant_ConsolidatedMember_ResultMember	/disc/73200/081220200210461052_tse-qcedjpsm-73200-20200210373200-ixbrl.htm
2020-02-10	四半期	前期	連結	実績		総資産	TotalAssets	6691000000	JPY	6,691	PriorYearInstant_ConsolidatedMember_ResultMember	/disc/73200/081220200210461052_tse-qcedjpsm-73200-20200210373200-ixbrl.htm
2020-02-10	四半期	前期	連結	実績		純資産	NetAssets	475000000	JPY	475	PriorYearInstant_ConsolidatedMember_ResultMember	/disc/73200/081220200210461052_tse-qcedjpsm-73200-20200210373200-ixbrl.htm
2020-02-10	四半期	前期	連結	実績		自己資本比率	CapitalAdequacyRatio	0.071	Pure	7.1	PriorYearInstant_ConsolidatedMember_ResultMember	/disc/73200/081220200210461052_tse-qcedjpsm-73200-20200210373200-ixbrl.htm
2020-02-10	四半期	当期第2四半期累計	連結	実績		自己資本	OwnersEquity	589000000	JPY	589	CurrentAccumulatedQ2Instant_ConsolidatedMember_ResultMember	/disc/73200/081220200210461052_tse-qcedjpsm-73200-20200210373200-ixbrl.htm
2020-02-10	四半期	前期	連結	実績		自己資本	OwnersEquity	475000000	JPY	475	PriorYearInstant_ConsolidatedMember_ResultMember	/disc/73200/081220200210461052_tse-qcedjpsm-73200-20200210373200-ixbrl.htm
2020-02-10	四半期	前期	単体	実績	第2四半期末	1株当たり配当金	DividendPerShare	0.00	JPYPerShares	0.00	PriorYearDuration_SecondQuarterMember_NonConsolidatedMember_ResultMember	/disc/73200/081220200210461052_tse-qcedjpsm-73200-20200210373200-ixbrl.htm
2020-02-10	四半期	前期	単体	実績	期末	1株当たり配当金	DividendPerShare	5.00	JPYPerShares	5.00	PriorYearDuration_YearEndMember_NonConsolidatedMember_ResultMember	/disc/73200/081220200210461052_tse-qcedjpsm-73200-20200210373200-ixbrl.htm
2020-02-10	四半期	前期	単体	実績	合計	1株当たり配当金	DividendPerShare	5.00	JPYPerShares	5.00	PriorYearDuration_AnnualMember_NonConsolidatedMember_ResultMember	/disc/73200/081220200210461052_tse-qcedjpsm-73200-20200210373200-ixbrl.htm
2020-02-10	四半期	当期	単体	実績	第2四半期末	1株当たり配当金	DividendPerShare	0.00	JPYPerShares	0.00	CurrentYearDuration_SecondQuarterMember_NonConsolidatedMember_ResultMember	/disc/73200/081220200210461052_tse-qcedjpsm-73200-20200210373200-ixbrl.htm
2020-02-10	四半期	当期	単体	予想	期末	1株当たり配当金	DividendPerShare	5.00	JPYPerShares	5.00	CurrentYearDuration_YearEndMember_NonConsolidatedMember_ForecastMember	/disc/73200/081220200210461052_tse-qcedjpsm-73200-20200210373200-ixbrl.htm
2020-02-10	四半期	当期	単体	予想	合計	1株当たり配当金	DividendPerShare	5.00	JPYPerShares	5.00	CurrentYearDuration_AnnualMember_NonConsolidatedMember_ForecastMember	/disc/73200/081220200210461052_tse-qcedjpsm-73200-20200210373200-ixbrl.htm
2020-02-10	四半期	当期	単体	実績	合計	当四半期における配当予想の修正	CorrectionOfDividendForecastInThisQuarter			無	CurrentYearDuration_AnnualMember_NonConsolidatedMember_ResultMember	/disc/73200/081220200210461052_tse-qcedjpsm-73200-20200210373200-ixbrl.htm
2020-02-10	四半期	当期	連結	予想		業績予想の見出し	TitleForForecasts			３．2020年６月期の連結業績予想（2019年７月１日～2020年６月30日）	CurrentYearDuration_ConsolidatedMember_ForecastMember	/disc/73200/081220200210461052_tse-qcedjpsm-73200-20200210373200-ixbrl.htm
2020-02-10	四半期	当期	連結	予想		売上高	NetSales	1850000000	JPY	1,850	CurrentYearDuration_ConsolidatedMember_ForecastMember	/disc/73200/081220200210461052_tse-qcedjpsm-73200-20200210373200-ixbrl.htm
2020-02-10	四半期	当期	連結	予想		売上高の増減率	ChangeInNetSales	0.123	Pure	12.3	CurrentYearDuration_ConsolidatedMember_ForecastMember	/disc/73200/081220200210461052_tse-qcedjpsm-73200-20200210373200-ixbrl.htm
2020-02-10	四半期	当期	連結	予想		営業利益	OperatingIncome	192000000	JPY	192	CurrentYearDuration_ConsolidatedMember_ForecastMember	/disc/73200/081220200210461052_tse-qcedjpsm-73200-20200210373200-ixbrl.htm
2020-02-10	四半期	当期	連結	予想		営業利益の増減率	ChangeInOperatingIncome	0.062	Pure	6.2	CurrentYearDuration_ConsolidatedMember_ForecastMember	/disc/73200/081220200210461052_tse-qcedjpsm-73200-20200210373200-ixbrl.htm
2020-02-10	四半期	当期	連結	予想		経常利益	OrdinaryIncome	242000000	JPY	242	CurrentYearDuration_ConsolidatedMember_ForecastMember	/disc/73200/081220200210461052_tse-qcedjpsm-73200-20200210373200-ixbrl.htm
2020-02-10	四半期	当期	連結	予想		経常利益の増減率	ChangeInOrdinaryIncome	0.137	Pure	13.7	CurrentYearDuration_ConsolidatedMember_ForecastMember	/disc/73200/081220200210461052_tse-qcedjpsm-73200-20200210373200-ixbrl.htm
2020-02-10	四半期	当期	連結	予想		親会社株主に帰属する当期純利益	ProfitAttributableToOwnersOfParent	158000000	JPY	158	CurrentYearDuration_ConsolidatedMember_ForecastMember	/disc/73200/081220200210461052_tse-qcedjpsm-73200-20200210373200-ixbrl.htm
2020-02-10	四半期	当期	連結	予想		親会社株主に帰属する当期純利益の増減率	ChangeInProfitAttributableToOwnersOfParent	0.105	Pure	10.5	CurrentYearDuration_ConsolidatedMember_ForecastMember	/disc/73200/081220200210461052_tse-qcedjpsm-73200-20200210373200-ixbrl.htm
2020-02-10	四半期	当期	連結	予想		1株当たり当期純利益	NetIncomePerShare	31.63	JPYPerShares	31.63	CurrentYearDuration_ConsolidatedMember_ForecastMember	/disc/73200/081220200210461052_tse-qcedjpsm-73200-20200210373200-ixbrl.htm
2020-02-10	四半期	当期	連結	予想		当四半期における業績予想の修正	CorrectionOfConsolidatedFinancialForecastInThisQuarter			無	CurrentYearDuration_ConsolidatedMember_ForecastMember	/disc/73200/081220200210461052_tse-qcedjpsm-73200-20200210373200-ixbrl.htm
2020-02-10	四半期	当期第2四半期累計	連結	実績			MaterialChangesInSubsidiariesDuringThisPeriodChangesInScopeOfConsolidationsResultingFromChangeIsSubsidiaries			無	CurrentAccumulatedQ2Duration_ConsolidatedMember_ResultMember	/disc/73200/081220200210461052_tse-qcedjpsm-73200-20200210373200-ixbrl.htm
2020-02-10	四半期	当期第2四半期累計	連結	実績			ApplyingOfSpecificAccountingOfTheConsolidatedQuarterlyFinancialStatements			有	CurrentAccumulatedQ2Duration_ConsolidatedMember_ResultMember	/disc/73200/081220200210461052_tse-qcedjpsm-73200-20200210373200-ixbrl.htm
2020-02-10	四半期	当期第2四半期累計	連結	実績			NoteToApplyingOfSpecificAccountingOfTheConsolidatedQuarterlyFinancialStatements			（注）詳細は、添付資料Ｐ．８「２．四半期連結財務諸表及び主な注記 （４）四半期連結財務諸表に関する注記事項 （四半期連結財務諸表の作成に特有の会計処理の適用）」をご覧ください。	CurrentAccumulatedQ2Duration_ConsolidatedMember_ResultMember	/disc/73200/081220200210461052_tse-qcedjpsm-73200-20200210373200-ixbrl.htm
2020-02-10	四半期	当期第2四半期累計	連結	実績		会計基準等の改正に伴う変更	ChangesBasedOnRevisionsOfAccountingStandard			無	CurrentAccumulatedQ2Duration_ConsolidatedMember_ResultMember	/disc/73200/081220200210461052_tse-qcedjpsm-73200-20200210373200-ixbrl.htm
2020-02-10	四半期	当期第2四半期累計	連結	実績		それ以外の会計方針の変更	ChangesOtherThanOnesBasedOnRevisionsOfAccountingStandard			無	CurrentAccumulatedQ2Duration_ConsolidatedMember_ResultMember	/disc/73200/081220200210461052_tse-qcedjpsm-73200-20200210373200-ixbrl.htm
2020-02-10	四半期	当期第2四半期累計	連結	実績		会計上の見積りの変更	ChangesInAccountingEstimates			有	CurrentAccumulatedQ2Duration_ConsolidatedMember_ResultMember	/disc/73200/081220200210461052_tse-qcedjpsm-73200-20200210373200-ixbrl.htm
2020-02-10	四半期	当期第2四半期累計	連結	実績		修正再表示	RetrospectiveRestatement			無	CurrentAccumulatedQ2Duration_ConsolidatedMember_ResultMember	/disc/73200/081220200210461052_tse-qcedjpsm-73200-20200210373200-ixbrl.htm
2020-02-10	四半期	当期第2四半期累計	連結	実績			NoteToChangesInAccountingPoliciesAccountingEstimatesAndRetrospectiveRestatementQuarterlyConsolidated			（注）詳細は、添付資料Ｐ．８「２．四半期連結財務諸表及び主な注記 （４）四半期連結財務諸表に関する注記事項 （会計上の見積りの変更）」をご覧ください。	CurrentAccumulatedQ2Duration_ConsolidatedMember_ResultMember	/disc/73200/081220200210461052_tse-qcedjpsm-73200-20200210373200-ixbrl.htm
2020-02-10	四半期	当期第2四半期累計	単体	実績		期末発行済株式数(自己株式を含む)	NumberOfIssuedAndOutstandingSharesAtTheEndOfFiscalYearIncludingTreasuryStock	4985100	Shares	4,985,100	CurrentAccumulatedQ2Instant_NonConsolidatedMember_ResultMember	/disc/73200/081220200210461052_tse-qcedjpsm-73200-20200210373200-ixbrl.htm
2020-02-10	四半期	前期	単体	実績		期末発行済株式数(自己株式を含む)	NumberOfIssuedAndOutstandingSharesAtTheEndOfFiscalYearIncludingTreasuryStock	4985100	Shares	4,985,100	PriorYearInstant_NonConsolidatedMember_ResultMember	/disc/73200/081220200210461052_tse-qcedjpsm-73200-20200210373200-ixbrl.htm
2020-02-10	四半期	当期第2四半期累計	単体	実績		期末自己株式数	NumberOfTreasuryStockAtTheEndOfFiscalYear	43	Shares	43	CurrentAccumulatedQ2Instant_NonConsolidatedMember_ResultMember	/disc/73200/081220200210461052_tse-qcedjpsm-73200-20200210373200-ixbrl.htm
2020-02-10	四半期	当期第2四半期累計	単体	実績		期中平均株式数	AverageNumberOfShares	4985064	Shares	4,985,064	CurrentAccumulatedQ2Duration_NonConsolidatedMember_ResultMember	/disc/73200/081220200210461052_tse-qcedjpsm-73200-20200210373200-ixbrl.htm
2020-02-10	四半期	前期第2四半期累計	単体	実績		期中平均株式数	AverageNumberOfShares	4872300	Shares	4,872,300	PriorAccumulatedQ2Duration_NonConsolidatedMember_ResultMember	/disc/73200/081220200210461052_tse-qcedjpsm-73200-20200210373200-ixbrl.htm
2020-02-10	四半期	当期第2四半期累計	単体	実績			NoteToNumberOfIssuedAndOutstandingSharesCommonStock			（注）当社は、2019年１月１日付で普通株式１株につき３株の株式分割を行っております。このため期末発行済株式数及び期中平均株式数については、当該株式分割が前連結会計年度の期首に行われたものと仮定して算定しております。	CurrentAccumulatedQ2Instant_NonConsolidatedMember_ResultMember	/disc/73200/081220200210461052_tse-qcedjpsm-73200-20200210373200-ixbrl.htm
2020-02-10	四半期	当期				将来情報の利用に関する注意	NotesForUsingForecastedInformationAndOthers			（将来に関する記述等についてのご注意） 本資料に記載されている業績見通し等の将来に関する記述は、当社が入手している情報及び合理的であると判断する一定の前提に基づいており、その達成を当社として約束する趣旨のものではありません。また、実際の業績等は様々な要因により大きく異なる場合があります。業績予想の前提となる条件及び業績予想のご利用に当たっての注意事項等については、添付資料Ｐ．４「１．当四半期決算に関する定性的情報 （４）連結業績予想などの将来予測情報に関する説明」をご覧ください。&#160;（四半期決算補足説明資料及び四半期決算説明会内容の入手方法） 当社は、2020年２月12日（水）に機関投資家及びアナリスト向け説明会を開催する予定です。この説明会で使用する説明会資料は、開催後速やかに当社ウェブサイトに掲載する予定です。	CurrentYearDuration	/disc/73200/081220200210461052_tse-qcedjpsm-73200-20200210373200-ixbrl.htm
2020-02-10	四半期	当期				決算期末	FiscalYearEnd			2020-06-30	CurrentYearInstant	/disc/73200/081220200210461052_tse-qcedjpsm-73200-20200210373200-ixbrl.htm
2020-02-10	四半期	当期第2四半期累計				四半期	QuarterlyPeriod	2	Pure	2	CurrentAccumulatedQ2Instant	/disc/73200/081220200210461052_tse-qcedjpsm-73200-20200210373200-ixbrl.htm
2020-05-18	四半期	当期第3四半期累計				書類名	DocumentName			第３四半期決算短信〔日本基準〕（連結）	CurrentAccumulatedQ3Instant	/disc/73200/081220200518417252_tse-qcedjpsm-73200-20200518373200-ixbrl.htm
2020-05-18	四半期	当期第3四半期累計				提出日	FilingDate			2020年５月18日	CurrentAccumulatedQ3Instant	/disc/73200/081220200518417252_tse-qcedjpsm-73200-20200518373200-ixbrl.htm
2020-05-18	四半期	当期第3四半期累計				会社名	CompanyName			日本リビング保証株式会社	CurrentAccumulatedQ3Instant	/disc/73200/081220200518417252_tse-qcedjpsm-73200-20200518373200-ixbrl.htm
2020-05-18	四半期	当期第3四半期累計					TokyoStockExchange			東	CurrentAccumulatedQ3Instant	/disc/73200/081220200518417252_tse-qcedjpsm-73200-20200518373200-ixbrl.htm
2020-05-18	四半期	当期第3四半期累計				証券コード	SecuritiesCode			73200	CurrentAccumulatedQ3Instant	/disc/73200/081220200518417252_tse-qcedjpsm-73200-20200518373200-ixbrl.htm
2020-05-18	四半期	当期第3四半期累計				URL	URL			https://jlw.jp	CurrentAccumulatedQ3Instant	/disc/73200/081220200518417252_tse-qcedjpsm-73200-20200518373200-ixbrl.htm
2020-05-18	四半期	当期第3四半期累計				代表者の役職	TitleRepresentative			代表取締役社長	CurrentAccumulatedQ3Instant	/disc/73200/081220200518417252_tse-qcedjpsm-73200-20200518373200-ixbrl.htm
2020-05-18	四半期	当期第3四半期累計				代表者名	NameRepresentative			安達&#160; 慶高	CurrentAccumulatedQ3Instant	/disc/73200/081220200518417252_tse-qcedjpsm-73200-20200518373200-ixbrl.htm
2020-05-18	四半期	当期第3四半期累計					TitleInquiries			取締役管理本部長	CurrentAccumulatedQ3Instant	/disc/73200/081220200518417252_tse-qcedjpsm-73200-20200518373200-ixbrl.htm
2020-05-18	四半期	当期第3四半期累計					NameInquiries			竹林&#160; 俊介	CurrentAccumulatedQ3Instant	/disc/73200/081220200518417252_tse-qcedjpsm-73200-20200518373200-ixbrl.htm
2020-05-18	四半期	当期第3四半期累計					Tel			03-6276-0401	CurrentAccumulatedQ3Instant	/disc/73200/081220200518417252_tse-qcedjpsm-73200-20200518373200-ixbrl.htm
2020-05-18	四半期	当期第3四半期累計					QuarterlyStatementFilingDateAsPlanned			2020年５月18日	CurrentAccumulatedQ3Instant	/disc/73200/081220200518417252_tse-qcedjpsm-73200-20200518373200-ixbrl.htm
2020-05-18	四半期	当期第3四半期累計					SupplementalMaterialOfQuarterlyResults			有	CurrentAccumulatedQ3Instant	/disc/73200/081220200518417252_tse-qcedjpsm-73200-20200518373200-ixbrl.htm
2020-05-18	四半期	当期第3四半期累計					ConveningBriefingOfQuarterlyResults			無	CurrentAccumulatedQ3Instant	/disc/73200/081220200518417252_tse-qcedjpsm-73200-20200518373200-ixbrl.htm
2020-05-18	四半期	当期第3四半期累計					NoteToFractionProcessingMethod			（百万円未満切捨て）	CurrentAccumulatedQ3Instant	/disc/73200/081220200518417252_tse-qcedjpsm-73200-20200518373200-ixbrl.htm
2020-05-18	四半期	当期第3四半期累計	連結	実績		売上高	NetSales	1469000000	JPY	1,469	CurrentAccumulatedQ3Duration_ConsolidatedMember_ResultMember	/disc/73200/081220200518417252_tse-qcedjpsm-73200-20200518373200-ixbrl.htm
2020-05-18	四半期	当期第3四半期累計	連結	実績		売上高の増減率	ChangeInNetSales	0.335	Pure	33.5	CurrentAccumulatedQ3Duration_ConsolidatedMember_ResultMember	/disc/73200/081220200518417252_tse-qcedjpsm-73200-20200518373200-ixbrl.htm
2020-05-18	四半期	当期第3四半期累計	連結	実績		営業利益	OperatingIncome	202000000	JPY	202	CurrentAccumulatedQ3Duration_ConsolidatedMember_ResultMember	/disc/73200/081220200518417252_tse-qcedjpsm-73200-20200518373200-ixbrl.htm
2020-05-18	四半期	当期第3四半期累計	連結	実績		営業利益の増減率	ChangeInOperatingIncome	0.742	Pure	74.2	CurrentAccumulatedQ3Duration_ConsolidatedMember_ResultMember	/disc/73200/081220200518417252_tse-qcedjpsm-73200-20200518373200-ixbrl.htm
2020-05-18	四半期	当期第3四半期累計	連結	実績		経常利益	OrdinaryIncome	267000000	JPY	267	CurrentAccumulatedQ3Duration_ConsolidatedMember_ResultMember	/disc/73200/081220200518417252_tse-qcedjpsm-73200-20200518373200-ixbrl.htm
2020-05-18	四半期	当期第3四半期累計	連結	実績		経常利益の増減率	ChangeInOrdinaryIncome	0.856	Pure	85.6	CurrentAccumulatedQ3Duration_ConsolidatedMember_ResultMember	/disc/73200/081220200518417252_tse-qcedjpsm-73200-20200518373200-ixbrl.htm
2020-05-18	四半期	当期第3四半期累計	連結	実績		親会社株主に帰属する当期純利益	ProfitAttributableToOwnersOfParent	177000000	JPY	177	CurrentAccumulatedQ3Duration_ConsolidatedMember_ResultMember	/disc/73200/081220200518417252_tse-qcedjpsm-73200-20200518373200-ixbrl.htm
2020-05-18	四半期	当期第3四半期累計	連結	実績		親会社株主に帰属する当期純利益の増減率	ChangeInProfitAttributableToOwnersOfParent	0.808	Pure	80.8	CurrentAccumulatedQ3Duration_ConsolidatedMember_ResultMember	/disc/73200/081220200518417252_tse-qcedjpsm-73200-20200518373200-ixbrl.htm
2020-05-18	四半期	前期第3四半期累計	連結	実績		売上高	NetSales	1100000000	JPY	1,100	PriorAccumulatedQ3Duration_ConsolidatedMember_ResultMember	/disc/73200/081220200518417252_tse-qcedjpsm-73200-20200518373200-ixbrl.htm
2020-05-18	四半期	前期第3四半期累計	連結	実績		売上高の増減率	ChangeInNetSales	0.208	Pure	20.8	PriorAccumulatedQ3Duration_ConsolidatedMember_ResultMember	/disc/73200/081220200518417252_tse-qcedjpsm-73200-20200518373200-ixbrl.htm
2020-05-18	四半期	前期第3四半期累計	連結	実績		営業利益	OperatingIncome	116000000	JPY	116	PriorAccumulatedQ3Duration_ConsolidatedMember_ResultMember	/disc/73200/081220200518417252_tse-qcedjpsm-73200-20200518373200-ixbrl.htm
2020-05-18	四半期	前期第3四半期累計	連結	実績		営業利益の増減率	ChangeInOperatingIncome	0.051	Pure	5.1	PriorAccumulatedQ3Duration_ConsolidatedMember_ResultMember	/disc/73200/081220200518417252_tse-qcedjpsm-73200-20200518373200-ixbrl.htm
2020-05-18	四半期	前期第3四半期累計	連結	実績		経常利益	OrdinaryIncome	143000000	JPY	143	PriorAccumulatedQ3Duration_ConsolidatedMember_ResultMember	/disc/73200/081220200518417252_tse-qcedjpsm-73200-20200518373200-ixbrl.htm
2020-05-18	四半期	前期第3四半期累計	連結	実績		経常利益の増減率	ChangeInOrdinaryIncome	0.356	Pure	35.6	PriorAccumulatedQ3Duration_ConsolidatedMember_ResultMember	/disc/73200/081220200518417252_tse-qcedjpsm-73200-20200518373200-ixbrl.htm
2020-05-18	四半期	前期第3四半期累計	連結	実績		親会社株主に帰属する当期純利益	ProfitAttributableToOwnersOfParent	98000000	JPY	98	PriorAccumulatedQ3Duration_ConsolidatedMember_ResultMember	/disc/73200/081220200518417252_tse-qcedjpsm-73200-20200518373200-ixbrl.htm
2020-05-18	四半期	前期第3四半期累計	連結	実績		親会社株主に帰属する当期純利益の増減率	ChangeInProfitAttributableToOwnersOfParent	0.219	Pure	21.9	PriorAccumulatedQ3Duration_ConsolidatedMember_ResultMember	/disc/73200/081220200518417252_tse-qcedjpsm-73200-20200518373200-ixbrl.htm
2020-05-18	四半期	当期第3四半期累計	連結	実績		包括利益	ComprehensiveIncome	126000000	JPY	126	CurrentAccumulatedQ3Duration_ConsolidatedMember_ResultMember	/disc/73200/081220200518417252_tse-qcedjpsm-73200-20200518373200-ixbrl.htm
2020-05-18	四半期	当期第3四半期累計	連結	実績		包括利益の増減率	ChangeInComprehensiveIncome	0.215	Pure	21.5	CurrentAccumulatedQ3Duration_ConsolidatedMember_ResultMember	/disc/73200/081220200518417252_tse-qcedjpsm-73200-20200518373200-ixbrl.htm
2020-05-18	四半期	前期第3四半期累計	連結	実績		包括利益	ComprehensiveIncome	103000000	JPY	103	PriorAccumulatedQ3Duration_ConsolidatedMember_ResultMember	/disc/73200/081220200518417252_tse-qcedjpsm-73200-20200518373200-ixbrl.htm
2020-05-18	四半期	前期第3四半期累計	連結	実績		包括利益の増減率	ChangeInComprehensiveIncome	0.255	Pure	25.5	PriorAccumulatedQ3Duration_ConsolidatedMember_ResultMember	/disc/73200/081220200518417252_tse-qcedjpsm-73200-20200518373200-ixbrl.htm
2020-05-18	四半期	当期第3四半期累計	連結	実績		1株当たり当期純利益	NetIncomePerShare	35.57	JPYPerShares	35.57	CurrentAccumulatedQ3Duration_ConsolidatedMember_ResultMember	/disc/73200/081220200518417252_tse-qcedjpsm-73200-20200518373200-ixbrl.htm
2020-05-18	四半期	当期第3四半期累計	連結	実績		潜在株式調整後1株当たり当期純利益	DilutedNetIncomePerShare	34.74	JPYPerShares	34.74	CurrentAccumulatedQ3Duration_ConsolidatedMember_ResultMember	/disc/73200/081220200518417252_tse-qcedjpsm-73200-20200518373200-ixbrl.htm
2020-05-18	四半期	前期第3四半期累計	連結	実績		1株当たり当期純利益	NetIncomePerShare	20.00	JPYPerShares	20.00	PriorAccumulatedQ3Duration_ConsolidatedMember_ResultMember	/disc/73200/081220200518417252_tse-qcedjpsm-73200-20200518373200-ixbrl.htm
2020-05-18	四半期	前期第3四半期累計	連結	実績		潜在株式調整後1株当たり当期純利益	DilutedNetIncomePerShare	19.14	JPYPerShares	19.14	PriorAccumulatedQ3Duration_ConsolidatedMember_ResultMember	/disc/73200/081220200518417252_tse-qcedjpsm-73200-20200518373200-ixbrl.htm
2020-05-18	四半期	当期第3四半期累計	連結	実績		経営成績の注記	NoteToOperatingResults			（注）当社は、2019年１月１日付で普通株式１株につき３株の割合で株式分割を行っております。前連結会計年度の期首に当該株式分割が行われたと仮定して、「１株当たり四半期純利益」及び「潜在株式調整後１株当たり四半期純利益」を算定しております。	CurrentAccumulatedQ3Duration_ConsolidatedMember_ResultMember	/disc/73200/081220200518417252_tse-qcedjpsm-73200-20200518373200-ixbrl.htm
2020-05-18	四半期	当期第3四半期累計	連結	実績		総資産	TotalAssets	7929000000	JPY	7,929	CurrentAccumulatedQ3Instant_ConsolidatedMember_ResultMember	/disc/73200/081220200518417252_tse-qcedjpsm-73200-20200518373200-ixbrl.htm
2020-05-18	四半期	当期第3四半期累計	連結	実績		純資産	NetAssets	578000000	JPY	578	CurrentAccumulatedQ3Instant_ConsolidatedMember_ResultMember	/disc/73200/081220200518417252_tse-qcedjpsm-73200-20200518373200-ixbrl.htm
2020-05-18	四半期	当期第3四半期累計	連結	実績		自己資本比率	CapitalAdequacyRatio	0.073	Pure	7.3	CurrentAccumulatedQ3Instant_ConsolidatedMember_ResultMember	/disc/73200/081220200518417252_tse-qcedjpsm-73200-20200518373200-ixbrl.htm
2020-05-18	四半期	前期	連結	実績		総資産	TotalAssets	6691000000	JPY	6,691	PriorYearInstant_ConsolidatedMember_ResultMember	/disc/73200/081220200518417252_tse-qcedjpsm-73200-20200518373200-ixbrl.htm
2020-05-18	四半期	前期	連結	実績		純資産	NetAssets	475000000	JPY	475	PriorYearInstant_ConsolidatedMember_ResultMember	/disc/73200/081220200518417252_tse-qcedjpsm-73200-20200518373200-ixbrl.htm
2020-05-18	四半期	前期	連結	実績		自己資本比率	CapitalAdequacyRatio	0.071	Pure	7.1	PriorYearInstant_ConsolidatedMember_ResultMember	/disc/73200/081220200518417252_tse-qcedjpsm-73200-20200518373200-ixbrl.htm
2020-05-18	四半期	当期第3四半期累計	連結	実績		自己資本	OwnersEquity	578000000	JPY	578	CurrentAccumulatedQ3Instant_ConsolidatedMember_ResultMember	/disc/73200/081220200518417252_tse-qcedjpsm-73200-20200518373200-ixbrl.htm
2020-05-18	四半期	前期	連結	実績		自己資本	OwnersEquity	475000000	JPY	475	PriorYearInstant_ConsolidatedMember_ResultMember	/disc/73200/081220200518417252_tse-qcedjpsm-73200-20200518373200-ixbrl.htm
2020-05-18	四半期	前期	単体	実績	第2四半期末	1株当たり配当金	DividendPerShare	0.00	JPYPerShares	0.00	PriorYearDuration_SecondQuarterMember_NonConsolidatedMember_ResultMember	/disc/73200/081220200518417252_tse-qcedjpsm-73200-20200518373200-ixbrl.htm
2020-05-18	四半期	前期	単体	実績	期末	1株当たり配当金	DividendPerShare	5.00	JPYPerShares	5.00	PriorYearDuration_YearEndMember_NonConsolidatedMember_ResultMember	/disc/73200/081220200518417252_tse-qcedjpsm-73200-20200518373200-ixbrl.htm
2020-05-18	四半期	前期	単体	実績	合計	1株当たり配当金	DividendPerShare	5.00	JPYPerShares	5.00	PriorYearDuration_AnnualMember_NonConsolidatedMember_ResultMember	/disc/73200/081220200518417252_tse-qcedjpsm-73200-20200518373200-ixbrl.htm
2020-05-18	四半期	当期	単体	実績	第2四半期末	1株当たり配当金	DividendPerShare	0.00	JPYPerShares	0.00	CurrentYearDuration_SecondQuarterMember_NonConsolidatedMember_ResultMember	/disc/73200/081220200518417252_tse-qcedjpsm-73200-20200518373200-ixbrl.htm
2020-05-18	四半期	当期	単体	予想	期末	1株当たり配当金	DividendPerShare	5.00	JPYPerShares	5.00	CurrentYearDuration_YearEndMember_NonConsolidatedMember_ForecastMember	/disc/73200/081220200518417252_tse-qcedjpsm-73200-20200518373200-ixbrl.htm
2020-05-18	四半期	当期	単体	予想	合計	1株当たり配当金	DividendPerShare	5.00	JPYPerShares	5.00	CurrentYearDuration_AnnualMember_NonConsolidatedMember_ForecastMember	/disc/73200/081220200518417252_tse-qcedjpsm-73200-20200518373200-ixbrl.htm
2020-05-18	四半期	当期	単体	実績	合計	当四半期における配当予想の修正	CorrectionOfDividendForecastInThisQuarter			無	CurrentYearDuration_AnnualMember_NonConsolidatedMember_ResultMember	/disc/73200/081220200518417252_tse-qcedjpsm-73200-20200518373200-ixbrl.htm
2020-05-18	四半期	当期	連結	予想		業績予想の見出し	TitleForForecasts			３．2020年６月期の連結業績予想（2019年７月１日～2020年６月30日）	CurrentYearDuration_ConsolidatedMember_ForecastMember	/disc/73200/081220200518417252_tse-qcedjpsm-73200-20200518373200-ixbrl.htm
2020-05-18	四半期	当期	連結	予想		売上高	NetSales	1850000000	JPY	1,850	CurrentYearDuration_ConsolidatedMember_ForecastMember	/disc/73200/081220200518417252_tse-qcedjpsm-73200-20200518373200-ixbrl.htm
2020-05-18	四半期	当期	連結	予想		売上高の増減率	ChangeInNetSales	0.123	Pure	12.3	CurrentYearDuration_ConsolidatedMember_ForecastMember	/disc/73200/081220200518417252_tse-qcedjpsm-73200-20200518373200-ixbrl.htm
2020-05-18	四半期	当期	連結	予想		営業利益	OperatingIncome	192000000	JPY	192	CurrentYearDuration_ConsolidatedMember_ForecastMember	/disc/73200/081220200518417252_tse-qcedjpsm-73200-20200518373200-ixbrl.htm
2020-05-18	四半期	当期	連結	予想		営業利益の増減率	ChangeInOperatingIncome	0.062	Pure	6.2	CurrentYearDuration_ConsolidatedMember_ForecastMember	/disc/73200/081220200518417252_tse-qcedjpsm-73200-20200518373200-ixbrl.htm
2020-05-18	四半期	当期	連結	予想		経常利益	OrdinaryIncome	242000000	JPY	242	CurrentYearDuration_ConsolidatedMember_ForecastMember	/disc/73200/081220200518417252_tse-qcedjpsm-73200-20200518373200-ixbrl.htm
2020-05-18	四半期	当期	連結	予想		経常利益の増減率	ChangeInOrdinaryIncome	0.137	Pure	13.7	CurrentYearDuration_ConsolidatedMember_ForecastMember	/disc/73200/081220200518417252_tse-qcedjpsm-73200-20200518373200-ixbrl.htm
2020-05-18	四半期	当期	連結	予想		親会社株主に帰属する当期純利益	ProfitAttributableToOwnersOfParent	158000000	JPY	158	CurrentYearDuration_ConsolidatedMember_ForecastMember	/disc/73200/081220200518417252_tse-qcedjpsm-73200-20200518373200-ixbrl.htm
2020-05-18	四半期	当期	連結	予想		親会社株主に帰属する当期純利益の増減率	ChangeInProfitAttributableToOwnersOfParent	0.105	Pure	10.5	CurrentYearDuration_ConsolidatedMember_ForecastMember	/disc/73200/081220200518417252_tse-qcedjpsm-73200-20200518373200-ixbrl.htm
2020-05-18	四半期	当期	連結	予想		1株当たり当期純利益	NetIncomePerShare	31.63	JPYPerShares	31.63	CurrentYearDuration_ConsolidatedMember_ForecastMember	/disc/73200/081220200518417252_tse-qcedjpsm-73200-20200518373200-ixbrl.htm
2020-05-18	四半期	当期	連結	予想		当四半期における業績予想の修正	CorrectionOfConsolidatedFinancialForecastInThisQuarter			無	CurrentYearDuration_ConsolidatedMember_ForecastMember	/disc/73200/081220200518417252_tse-qcedjpsm-73200-20200518373200-ixbrl.htm
2020-05-18	四半期	当期第3四半期累計	連結	実績			MaterialChangesInSubsidiariesDuringThisPeriodChangesInScopeOfConsolidationsResultingFromChangeIsSubsidiaries			無	CurrentAccumulatedQ3Duration_ConsolidatedMember_ResultMember	/disc/73200/081220200518417252_tse-qcedjpsm-73200-20200518373200-ixbrl.htm
2020-05-18	四半期	当期第3四半期累計	連結	実績			ApplyingOfSpecificAccountingOfTheConsolidatedQuarterlyFinancialStatements			有	CurrentAccumulatedQ3Duration_ConsolidatedMember_ResultMember	/disc/73200/081220200518417252_tse-qcedjpsm-73200-20200518373200-ixbrl.htm
2020-05-18	四半期	当期第3四半期累計	連結	実績			NoteToApplyingOfSpecificAccountingOfTheConsolidatedQuarterlyFinancialStatements			（注）詳細は、添付資料Ｐ．７「２．四半期連結財務諸表及び主な注記 （３）四半期連結財務諸表に関する注記事項 （四半期連結財務諸表の作成に特有の会計処理の適用）」をご覧ください。	CurrentAccumulatedQ3Duration_ConsolidatedMember_ResultMember	/disc/73200/081220200518417252_tse-qcedjpsm-73200-20200518373200-ixbrl.htm
2020-05-18	四半期	当期第3四半期累計	連結	実績		会計基準等の改正に伴う変更	ChangesBasedOnRevisionsOfAccountingStandard			無	CurrentAccumulatedQ3Duration_ConsolidatedMember_ResultMember	/disc/73200/081220200518417252_tse-qcedjpsm-73200-20200518373200-ixbrl.htm
2020-05-18	四半期	当期第3四半期累計	連結	実績		それ以外の会計方針の変更	ChangesOtherThanOnesBasedOnRevisionsOfAccountingStandard			無	CurrentAccumulatedQ3Duration_ConsolidatedMember_ResultMember	/disc/73200/081220200518417252_tse-qcedjpsm-73200-20200518373200-ixbrl.htm
2020-05-18	四半期	当期第3四半期累計	連結	実績		会計上の見積りの変更	ChangesInAccountingEstimates			有	CurrentAccumulatedQ3Duration_ConsolidatedMember_ResultMember	/disc/73200/081220200518417252_tse-qcedjpsm-73200-20200518373200-ixbrl.htm
2020-05-18	四半期	当期第3四半期累計	連結	実績		修正再表示	RetrospectiveRestatement			無	CurrentAccumulatedQ3Duration_ConsolidatedMember_ResultMember	/disc/73200/081220200518417252_tse-qcedjpsm-73200-20200518373200-ixbrl.htm
2020-05-18	四半期	当期第3四半期累計	連結	実績			NoteToChangesInAccountingPoliciesAccountingEstimatesAndRetrospectiveRestatementQuarterlyConsolidated			（注）詳細は、添付資料Ｐ．７「２．四半期連結財務諸表及び主な注記 （３）四半期連結財務諸表に関する注記事項 （会計上の見積りの変更）」をご覧ください。	CurrentAccumulatedQ3Duration_ConsolidatedMember_ResultMember	/disc/73200/081220200518417252_tse-qcedjpsm-73200-20200518373200-ixbrl.htm
2020-05-18	四半期	当期第3四半期累計	単体	実績		期末発行済株式数(自己株式を含む)	NumberOfIssuedAndOutstandingSharesAtTheEndOfFiscalYearIncludingTreasuryStock	5004300	Shares	5,004,300	CurrentAccumulatedQ3Instant_NonConsolidatedMember_ResultMember	/disc/73200/081220200518417252_tse-qcedjpsm-73200-20200518373200-ixbrl.htm
2020-05-18	四半期	前期	単体	実績		期末発行済株式数(自己株式を含む)	NumberOfIssuedAndOutstandingSharesAtTheEndOfFiscalYearIncludingTreasuryStock	4985100	Shares	4,985,100	PriorYearInstant_NonConsolidatedMember_ResultMember	/disc/73200/081220200518417252_tse-qcedjpsm-73200-20200518373200-ixbrl.htm
2020-05-18	四半期	当期第3四半期累計	単体	実績		期末自己株式数	NumberOfTreasuryStockAtTheEndOfFiscalYear	43	Shares	43	CurrentAccumulatedQ3Instant_NonConsolidatedMember_ResultMember	/disc/73200/081220200518417252_tse-qcedjpsm-73200-20200518373200-ixbrl.htm
2020-05-18	四半期	当期第3四半期累計	単体	実績		期中平均株式数	AverageNumberOfShares	4990438	Shares	4,990,438	CurrentAccumulatedQ3Duration_NonConsolidatedMember_ResultMember	/disc/73200/081220200518417252_tse-qcedjpsm-73200-20200518373200-ixbrl.htm
2020-05-18	四半期	前期第3四半期累計	単体	実績		期中平均株式数	AverageNumberOfShares	4909351	Shares	4,909,351	PriorAccumulatedQ3Duration_NonConsolidatedMember_ResultMember	/disc/73200/081220200518417252_tse-qcedjpsm-73200-20200518373200-ixbrl.htm
2020-05-18	四半期	当期第3四半期累計	単体	実績			NoteToNumberOfIssuedAndOutstandingSharesCommonStock			（注）当社は、2019年１月１日付で普通株式１株につき３株の株式分割を行っております。このため期末発行済株式数及び期中平均株式数については、当該株式分割が前連結会計年度の期首に行われたものと仮定して算定しております。	CurrentAccumulatedQ3Instant_NonConsolidatedMember_ResultMember	/disc/73200/081220200518417252_tse-qcedjpsm-73200-20200518373200-ixbrl.htm
2020-05-18	四半期	当期				将来情報の利用に関する注意	NotesForUsingForecastedInformationAndOthers			（将来に関する記述等についてのご注意） 本資料に記載されている業績見通し等の将来に関する記述は、当社が入手している情報及び合理的であると判断する一定の前提に基づいており、その達成を当社として約束する趣旨のものではありません。また、実際の業績等は様々な要因により大きく異なる場合があります。業績予想の前提となる条件及び業績予想のご利用に当たっての注意事項等については、添付資料Ｐ．４「１．当四半期決算に関する定性的情報 （３）連結業績予想などの将来予測情報に関する説明」をご覧ください。&#160;（四半期決算補足説明資料の入手方法） 四半期決算補足説明資料は、2020年５月18日(月)に当社ウェブサイトに掲載致します。	CurrentYearDuration	/disc/73200/081220200518417252_tse-qcedjpsm-73200-20200518373200-ixbrl.htm
2020-05-18	四半期	当期				決算期末	FiscalYearEnd			2020-06-30	CurrentYearInstant	/disc/73200/081220200518417252_tse-qcedjpsm-73200-20200518373200-ixbrl.htm
2020-05-18	四半期	当期第3四半期累計				四半期	QuarterlyPeriod	3	Pure	3	CurrentAccumulatedQ3Instant	/disc/73200/081220200518417252_tse-qcedjpsm-73200-20200518373200-ixbrl.htm
2020-08-14	年次	当期				書類名	DocumentName			決算短信〔日本基準〕（連結）	CurrentYearInstant	/disc/73200/081220200814481928_tse-acedjpsm-73200-20200814373200-ixbrl.htm
2020-08-14	年次	当期				提出日	FilingDate			2020年８月14日	CurrentYearInstant	/disc/73200/081220200814481928_tse-acedjpsm-73200-20200814373200-ixbrl.htm
2020-08-14	年次	当期				会社名	CompanyName			日本リビング保証株式会社	CurrentYearInstant	/disc/73200/081220200814481928_tse-acedjpsm-73200-20200814373200-ixbrl.htm
2020-08-14	年次	当期					TokyoStockExchange			東	CurrentYearInstant	/disc/73200/081220200814481928_tse-acedjpsm-73200-20200814373200-ixbrl.htm
2020-08-14	年次	当期				証券コード	SecuritiesCode			73200	CurrentYearInstant	/disc/73200/081220200814481928_tse-acedjpsm-73200-20200814373200-ixbrl.htm
2020-08-14	年次	当期				URL	URL			https://jlw.jp	CurrentYearInstant	/disc/73200/081220200814481928_tse-acedjpsm-73200-20200814373200-ixbrl.htm
2020-08-14	年次	当期				代表者の役職	TitleRepresentative			代表取締役社長	CurrentYearInstant	/disc/73200/081220200814481928_tse-acedjpsm-73200-20200814373200-ixbrl.htm
2020-08-14	年次	当期				代表者名	NameRepresentative			安達 慶高	CurrentYearInstant	/disc/73200/081220200814481928_tse-acedjpsm-73200-20200814373200-ixbrl.htm
2020-08-14	年次	当期					TitleInquiries			取締役管理本部長	CurrentYearInstant	/disc/73200/081220200814481928_tse-acedjpsm-73200-20200814373200-ixbrl.htm
2020-08-14	年次	当期					NameInquiries			竹林 俊介	CurrentYearInstant	/disc/73200/081220200814481928_tse-acedjpsm-73200-20200814373200-ixbrl.htm
2020-08-14	年次	当期					Tel			03-6276-0401	CurrentYearInstant	/disc/73200/081220200814481928_tse-acedjpsm-73200-20200814373200-ixbrl.htm
2020-08-14	年次	当期					DateOfGeneralShareholdersMeetingAsPlanned			2020年９月25日	CurrentYearInstant	/disc/73200/081220200814481928_tse-acedjpsm-73200-20200814373200-ixbrl.htm
2020-08-14	年次	当期					DividendPayableDateAsPlanned			2020年９月28日	CurrentYearInstant	/disc/73200/081220200814481928_tse-acedjpsm-73200-20200814373200-ixbrl.htm
2020-08-14	年次	当期					AnnualSecuritiesReportFilingDateAsPlanned			2020年９月25日	CurrentYearInstant	/disc/73200/081220200814481928_tse-acedjpsm-73200-20200814373200-ixbrl.htm
2020-08-14	年次	当期					SupplementalMaterialOfAnnualResults			有	CurrentYearInstant	/disc/73200/081220200814481928_tse-acedjpsm-73200-20200814373200-ixbrl.htm
2020-08-14	年次	当期					ConveningBriefingOfAnnualResults			有	CurrentYearInstant	/disc/73200/081220200814481928_tse-acedjpsm-73200-20200814373200-ixbrl.htm
2020-08-14	年次	当期					TargetAudienceBriefingOfAnnualResults			（機関投資家・アナリスト向け）	CurrentYearInstant	/disc/73200/081220200814481928_tse-acedjpsm-73200-20200814373200-ixbrl.htm
2020-08-14	年次	当期					NoteToFractionProcessingMethod			（百万円未満切捨て）	CurrentYearInstant	/disc/73200/081220200814481928_tse-acedjpsm-73200-20200814373200-ixbrl.htm
2020-08-14	年次	当期	連結	実績		売上高	NetSales	1955000000	JPY	1,955	CurrentYearDuration_ConsolidatedMember_ResultMember	/disc/73200/081220200814481928_tse-acedjpsm-73200-20200814373200-ixbrl.htm
2020-08-14	年次	当期	連結	実績		売上高の増減率	ChangeInNetSales	0.187	Pure	18.7	CurrentYearDuration_ConsolidatedMember_ResultMember	/disc/73200/081220200814481928_tse-acedjpsm-73200-20200814373200-ixbrl.htm
2020-08-14	年次	当期	連結	実績		営業利益	OperatingIncome	204000000	JPY	204	CurrentYearDuration_ConsolidatedMember_ResultMember	/disc/73200/081220200814481928_tse-acedjpsm-73200-20200814373200-ixbrl.htm
2020-08-14	年次	当期	連結	実績		営業利益の増減率	ChangeInOperatingIncome	0.132	Pure	13.2	CurrentYearDuration_ConsolidatedMember_ResultMember	/disc/73200/081220200814481928_tse-acedjpsm-73200-20200814373200-ixbrl.htm
2020-08-14	年次	当期	連結	実績		経常利益	OrdinaryIncome	284000000	JPY	284	CurrentYearDuration_ConsolidatedMember_ResultMember	/disc/73200/081220200814481928_tse-acedjpsm-73200-20200814373200-ixbrl.htm
2020-08-14	年次	当期	連結	実績		経常利益の増減率	ChangeInOrdinaryIncome	0.336	Pure	33.6	CurrentYearDuration_ConsolidatedMember_ResultMember	/disc/73200/081220200814481928_tse-acedjpsm-73200-20200814373200-ixbrl.htm
2020-08-14	年次	当期	連結	実績		親会社株主に帰属する当期純利益	ProfitAttributableToOwnersOfParent	186000000	JPY	186	CurrentYearDuration_ConsolidatedMember_ResultMember	/disc/73200/081220200814481928_tse-acedjpsm-73200-20200814373200-ixbrl.htm
2020-08-14	年次	当期	連結	実績		親会社株主に帰属する当期純利益の増減率	ChangeInProfitAttributableToOwnersOfParent	0.304	Pure	30.4	CurrentYearDuration_ConsolidatedMember_ResultMember	/disc/73200/081220200814481928_tse-acedjpsm-73200-20200814373200-ixbrl.htm
2020-08-14	年次	前期	連結	実績		売上高	NetSales	1647000000	JPY	1,647	PriorYearDuration_ConsolidatedMember_ResultMember	/disc/73200/081220200814481928_tse-acedjpsm-73200-20200814373200-ixbrl.htm
2020-08-14	年次	前期	連結	実績		売上高の増減率	ChangeInNetSales	0.280	Pure	28.0	PriorYearDuration_ConsolidatedMember_ResultMember	/disc/73200/081220200814481928_tse-acedjpsm-73200-20200814373200-ixbrl.htm
2020-08-14	年次	前期	連結	実績		営業利益	OperatingIncome	180000000	JPY	180	PriorYearDuration_ConsolidatedMember_ResultMember	/disc/73200/081220200814481928_tse-acedjpsm-73200-20200814373200-ixbrl.htm
2020-08-14	年次	前期	連結	実績		営業利益の増減率	ChangeInOperatingIncome	0.114	Pure	11.4	PriorYearDuration_ConsolidatedMember_ResultMember	/disc/73200/081220200814481928_tse-acedjpsm-73200-20200814373200-ixbrl.htm
2020-08-14	年次	前期	連結	実績		経常利益	OrdinaryIncome	213000000	JPY	213	PriorYearDuration_ConsolidatedMember_ResultMember	/disc/73200/081220200814481928_tse-acedjpsm-73200-20200814373200-ixbrl.htm
2020-08-14	年次	前期	連結	実績		経常利益の増減率	ChangeInOrdinaryIncome	0.345	Pure	34.5	PriorYearDuration_ConsolidatedMember_ResultMember	/disc/73200/081220200814481928_tse-acedjpsm-73200-20200814373200-ixbrl.htm
2020-08-14	年次	前期	連結	実績		親会社株主に帰属する当期純利益	ProfitAttributableToOwnersOfParent	143000000	JPY	143	PriorYearDuration_ConsolidatedMember_ResultMember	/disc/73200/081220200814481928_tse-acedjpsm-73200-20200814373200-ixbrl.htm
2020-08-14	年次	前期	連結	実績		親会社株主に帰属する当期純利益の増減率	ChangeInProfitAttributableToOwnersOfParent	0.388	Pure	38.8	PriorYearDuration_ConsolidatedMember_ResultMember	/disc/73200/081220200814481928_tse-acedjpsm-73200-20200814373200-ixbrl.htm
2020-08-14	年次	当期	連結	実績		包括利益	ComprehensiveIncome	178000000	JPY	178	CurrentYearDuration_ConsolidatedMember_ResultMember	/disc/73200/081220200814481928_tse-acedjpsm-73200-20200814373200-ixbrl.htm
2020-08-14	年次	当期	連結	実績		包括利益の増減率	ChangeInComprehensiveIncome	0.210	Pure	21.0	CurrentYearDuration_ConsolidatedMember_ResultMember	/disc/73200/081220200814481928_tse-acedjpsm-73200-20200814373200-ixbrl.htm
2020-08-14	年次	前期	連結	実績		包括利益	ComprehensiveIncome	147000000	JPY	147	PriorYearDuration_ConsolidatedMember_ResultMember	/disc/73200/081220200814481928_tse-acedjpsm-73200-20200814373200-ixbrl.htm
2020-08-14	年次	前期	連結	実績		包括利益の増減率	ChangeInComprehensiveIncome	0.449	Pure	44.9	PriorYearDuration_ConsolidatedMember_ResultMember	/disc/73200/081220200814481928_tse-acedjpsm-73200-20200814373200-ixbrl.htm
2020-08-14	年次	当期	連結	実績		1株当たり当期純利益	NetIncomePerShare	37.35	JPYPerShares	37.35	CurrentYearDuration_ConsolidatedMember_ResultMember	/disc/73200/081220200814481928_tse-acedjpsm-73200-20200814373200-ixbrl.htm
2020-08-14	年次	当期	連結	実績		潜在株式調整後1株当たり当期純利益	DilutedNetIncomePerShare	36.51	JPYPerShares	36.51	CurrentYearDuration_ConsolidatedMember_ResultMember	/disc/73200/081220200814481928_tse-acedjpsm-73200-20200814373200-ixbrl.htm
2020-08-14	年次	当期	連結	実績		自己資本当期純利益率(ROE)	NetIncomeToShareholdersEquityRatio	0.337	Pure	33.7	CurrentYearDuration_ConsolidatedMember_ResultMember	/disc/73200/081220200814481928_tse-acedjpsm-73200-20200814373200-ixbrl.htm
2020-08-14	年次	当期	連結	実績		総資産経常利益率(ROA)	OrdinaryIncomeToTotalAssetsRatio	0.038	Pure	3.8	CurrentYearDuration_ConsolidatedMember_ResultMember	/disc/73200/081220200814481928_tse-acedjpsm-73200-20200814373200-ixbrl.htm
2020-08-14	年次	当期	連結	実績		売上高営業利益率	OperatingIncomeToNetSalesRatio	0.105	Pure	10.5	CurrentYearDuration_ConsolidatedMember_ResultMember	/disc/73200/081220200814481928_tse-acedjpsm-73200-20200814373200-ixbrl.htm
2020-08-14	年次	前期	連結	実績		1株当たり当期純利益	NetIncomePerShare	29.01	JPYPerShares	29.01	PriorYearDuration_ConsolidatedMember_ResultMember	/disc/73200/081220200814481928_tse-acedjpsm-73200-20200814373200-ixbrl.htm
2020-08-14	年次	前期	連結	実績		潜在株式調整後1株当たり当期純利益	DilutedNetIncomePerShare	27.91	JPYPerShares	27.91	PriorYearDuration_ConsolidatedMember_ResultMember	/disc/73200/081220200814481928_tse-acedjpsm-73200-20200814373200-ixbrl.htm
2020-08-14	年次	前期	連結	実績		自己資本当期純利益率(ROE)	NetIncomeToShareholdersEquityRatio	0.359	Pure	35.9	PriorYearDuration_ConsolidatedMember_ResultMember	/disc/73200/081220200814481928_tse-acedjpsm-73200-20200814373200-ixbrl.htm
2020-08-14	年次	前期	連結	実績		総資産経常利益率(ROA)	OrdinaryIncomeToTotalAssetsRatio	0.036	Pure	3.6	PriorYearDuration_ConsolidatedMember_ResultMember	/disc/73200/081220200814481928_tse-acedjpsm-73200-20200814373200-ixbrl.htm
2020-08-14	年次	前期	連結	実績		売上高営業利益率	OperatingIncomeToNetSalesRatio	0.110	Pure	11.0	PriorYearDuration_ConsolidatedMember_ResultMember	/disc/73200/081220200814481928_tse-acedjpsm-73200-20200814373200-ixbrl.htm
2020-08-14	年次	当期	連結	実績		経営成績の注記	NoteToOperatingResults			（注）当社は、2019年１月１日付で普通株式１株につき３株の割合で株式分割を行っております。前連結会計年度の期首に当該株式分割が行われたと仮定して、「１株当たり当期純利益」及び「潜在株式調整後１株当たり当期純利益」を算定しております。&#160;	CurrentYearDuration_ConsolidatedMember_ResultMember	/disc/73200/081220200814481928_tse-acedjpsm-73200-20200814373200-ixbrl.htm
2020-08-14	年次	当期	連結	実績		総資産	TotalAssets	8288000000	JPY	8,288	CurrentYearInstant_ConsolidatedMember_ResultMember	/disc/73200/081220200814481928_tse-acedjpsm-73200-20200814373200-ixbrl.htm
2020-08-14	年次	当期	連結	実績		純資産	NetAssets	630000000	JPY	630	CurrentYearInstant_ConsolidatedMember_ResultMember	/disc/73200/081220200814481928_tse-acedjpsm-73200-20200814373200-ixbrl.htm
2020-08-14	年次	当期	連結	実績		自己資本比率	CapitalAdequacyRatio	0.076	Pure	7.6	CurrentYearInstant_ConsolidatedMember_ResultMember	/disc/73200/081220200814481928_tse-acedjpsm-73200-20200814373200-ixbrl.htm
2020-08-14	年次	当期	連結	実績		1株当たり純資産	NetAssetsPerShare	126.08	JPYPerShares	126.08	CurrentYearInstant_ConsolidatedMember_ResultMember	/disc/73200/081220200814481928_tse-acedjpsm-73200-20200814373200-ixbrl.htm
2020-08-14	年次	前期	連結	実績		総資産	TotalAssets	6691000000	JPY	6,691	PriorYearInstant_ConsolidatedMember_ResultMember	/disc/73200/081220200814481928_tse-acedjpsm-73200-20200814373200-ixbrl.htm
2020-08-14	年次	前期	連結	実績		純資産	NetAssets	475000000	JPY	475	PriorYearInstant_ConsolidatedMember_ResultMember	/disc/73200/081220200814481928_tse-acedjpsm-73200-20200814373200-ixbrl.htm
2020-08-14	年次	前期	連結	実績		自己資本比率	CapitalAdequacyRatio	0.071	Pure	7.1	PriorYearInstant_ConsolidatedMember_ResultMember	/disc/73200/081220200814481928_tse-acedjpsm-73200-20200814373200-ixbrl.htm
2020-08-14	年次	前期	連結	実績		1株当たり純資産	NetAssetsPerShare	95.30	JPYPerShares	95.30	PriorYearInstant_ConsolidatedMember_ResultMember	/disc/73200/081220200814481928_tse-acedjpsm-73200-20200814373200-ixbrl.htm
2020-08-14	年次	当期	連結	実績		自己資本	OwnersEquity	630000000	JPY	630	CurrentYearInstant_ConsolidatedMember_ResultMember	/disc/73200/081220200814481928_tse-acedjpsm-73200-20200814373200-ixbrl.htm
2020-08-14	年次	前期	連結	実績		自己資本	OwnersEquity	475000000	JPY	475	PriorYearInstant_ConsolidatedMember_ResultMember	/disc/73200/081220200814481928_tse-acedjpsm-73200-20200814373200-ixbrl.htm
2020-08-14	年次	当期	連結	実績		営業キャッシュフロー	CashFlowsFromOperatingActivities	573000000	JPY	573	CurrentYearDuration_ConsolidatedMember_ResultMember	/disc/73200/081220200814481928_tse-acedjpsm-73200-20200814373200-ixbrl.htm
2020-08-14	年次	当期	連結	実績		投資キャッシュフロー	CashFlowsFromInvestingActivities	-1469000000	JPY	1,469	CurrentYearDuration_ConsolidatedMember_ResultMember	/disc/73200/081220200814481928_tse-acedjpsm-73200-20200814373200-ixbrl.htm
2020-08-14	年次	当期	連結	実績		財務キャッシュフロー	CashFlowsFromFinancingActivities	74000000	JPY	74	CurrentYearDuration_ConsolidatedMember_ResultMember	/disc/73200/081220200814481928_tse-acedjpsm-73200-20200814373200-ixbrl.htm
2020-08-14	年次	当期	連結	実績		現金及び現金同等物の期末残高	CashAndEquivalentsEndOfPeriod	1262000000	JPY	1,262	CurrentYearInstant_ConsolidatedMember_ResultMember	/disc/73200/081220200814481928_tse-acedjpsm-73200-20200814373200-ixbrl.htm
2020-08-14	年次	前期	連結	実績		営業キャッシュフロー	CashFlowsFromOperatingActivities	889000000	JPY	889	PriorYearDuration_ConsolidatedMember_ResultMember	/disc/73200/081220200814481928_tse-acedjpsm-73200-20200814373200-ixbrl.htm
2020-08-14	年次	前期	連結	実績		投資キャッシュフロー	CashFlowsFromInvestingActivities	-1275000000	JPY	1,275	PriorYearDuration_ConsolidatedMember_ResultMember	/disc/73200/081220200814481928_tse-acedjpsm-73200-20200814373200-ixbrl.htm
2020-08-14	年次	前期	連結	実績		財務キャッシュフロー	CashFlowsFromFinancingActivities	5000000	JPY	5	PriorYearDuration_ConsolidatedMember_ResultMember	/disc/73200/081220200814481928_tse-acedjpsm-73200-20200814373200-ixbrl.htm
2020-08-14	年次	前期	連結	実績		現金及び現金同等物の期末残高	CashAndEquivalentsEndOfPeriod	2082000000	JPY	2,082	PriorYearInstant_ConsolidatedMember_ResultMember	/disc/73200/081220200814481928_tse-acedjpsm-73200-20200814373200-ixbrl.htm
2020-08-14	年次	前期	単体	実績	第2四半期末	1株当たり配当金	DividendPerShare	0.00	JPYPerShares	0.00	PriorYearDuration_SecondQuarterMember_NonConsolidatedMember_ResultMember	/disc/73200/081220200814481928_tse-acedjpsm-73200-20200814373200-ixbrl.htm
2020-08-14	年次	前期	単体	実績	期末	1株当たり配当金	DividendPerShare	5.00	JPYPerShares	5.00	PriorYearDuration_YearEndMember_NonConsolidatedMember_ResultMember	/disc/73200/081220200814481928_tse-acedjpsm-73200-20200814373200-ixbrl.htm
2020-08-14	年次	前期	単体	実績	合計	1株当たり配当金	DividendPerShare	5.00	JPYPerShares	5.00	PriorYearDuration_AnnualMember_NonConsolidatedMember_ResultMember	/disc/73200/081220200814481928_tse-acedjpsm-73200-20200814373200-ixbrl.htm
2020-08-14	年次	前期	単体	実績	合計	配当金総額	TotalDividendPaidAnnual	24000000	JPY	24	PriorYearDuration_AnnualMember_NonConsolidatedMember_ResultMember	/disc/73200/081220200814481928_tse-acedjpsm-73200-20200814373200-ixbrl.htm
2020-08-14	年次	前期	連結	実績	合計	配当性向	PayoutRatio	0.172	Pure	17.2	PriorYearDuration_AnnualMember_ConsolidatedMember_ResultMember	/disc/73200/081220200814481928_tse-acedjpsm-73200-20200814373200-ixbrl.htm
2020-08-14	年次	前期	連結	実績	合計	純資産配当率	RatioOfTotalAmountOfDividendsToNetAssets	0.061	Pure	6.1	PriorYearDuration_AnnualMember_ConsolidatedMember_ResultMember	/disc/73200/081220200814481928_tse-acedjpsm-73200-20200814373200-ixbrl.htm
2020-08-14	年次	当期	単体	実績	第2四半期末	1株当たり配当金	DividendPerShare	0.00	JPYPerShares	0.00	CurrentYearDuration_SecondQuarterMember_NonConsolidatedMember_ResultMember	/disc/73200/081220200814481928_tse-acedjpsm-73200-20200814373200-ixbrl.htm
2020-08-14	年次	当期	単体	実績	期末	1株当たり配当金	DividendPerShare	5.00	JPYPerShares	5.00	CurrentYearDuration_YearEndMember_NonConsolidatedMember_ResultMember	/disc/73200/081220200814481928_tse-acedjpsm-73200-20200814373200-ixbrl.htm
2020-08-14	年次	当期	単体	実績	合計	1株当たり配当金	DividendPerShare	5.00	JPYPerShares	5.00	CurrentYearDuration_AnnualMember_NonConsolidatedMember_ResultMember	/disc/73200/081220200814481928_tse-acedjpsm-73200-20200814373200-ixbrl.htm
2020-08-14	年次	当期	単体	実績	合計	配当金総額	TotalDividendPaidAnnual	25000000	JPY	25	CurrentYearDuration_AnnualMember_NonConsolidatedMember_ResultMember	/disc/73200/081220200814481928_tse-acedjpsm-73200-20200814373200-ixbrl.htm
2020-08-14	年次	当期	連結	実績	合計	配当性向	PayoutRatio	0.134	Pure	13.4	CurrentYearDuration_AnnualMember_ConsolidatedMember_ResultMember	/disc/73200/081220200814481928_tse-acedjpsm-73200-20200814373200-ixbrl.htm
2020-08-14	年次	当期	連結	実績	合計	純資産配当率	RatioOfTotalAmountOfDividendsToNetAssets	0.045	Pure	4.5	CurrentYearDuration_AnnualMember_ConsolidatedMember_ResultMember	/disc/73200/081220200814481928_tse-acedjpsm-73200-20200814373200-ixbrl.htm
2020-08-14	年次	来期	単体	予想	第2四半期末	1株当たり配当金	DividendPerShare	0.00	JPYPerShares	0.00	NextYearDuration_SecondQuarterMember_NonConsolidatedMember_ForecastMember	/disc/73200/081220200814481928_tse-acedjpsm-73200-20200814373200-ixbrl.htm
2020-08-14	年次	来期	単体	予想	期末	1株当たり配当金	DividendPerShare	5.00	JPYPerShares	5.00	NextYearDuration_YearEndMember_NonConsolidatedMember_ForecastMember	/disc/73200/081220200814481928_tse-acedjpsm-73200-20200814373200-ixbrl.htm
2020-08-14	年次	来期	単体	予想	合計	1株当たり配当金	DividendPerShare	5.00	JPYPerShares	5.00	NextYearDuration_AnnualMember_NonConsolidatedMember_ForecastMember	/disc/73200/081220200814481928_tse-acedjpsm-73200-20200814373200-ixbrl.htm
2020-08-14	年次	来期	連結	予想	合計	配当性向	PayoutRatio	0.127	Pure	12.7	NextYearDuration_AnnualMember_ConsolidatedMember_ForecastMember	/disc/73200/081220200814481928_tse-acedjpsm-73200-20200814373200-ixbrl.htm
2020-08-14	年次	来期	連結	予想		業績予想の見出し	TitleForForecasts			３．2021年６月期の連結業績予想（2020年７月１日～2021年６月30日）	NextYearDuration_ConsolidatedMember_ForecastMember	/disc/73200/081220200814481928_tse-acedjpsm-73200-20200814373200-ixbrl.htm
2020-08-14	年次		連結	予想		売上高	NetSales	1055000000	JPY	1,055	NextAccumulatedQ2Duration_ConsolidatedMember_ForecastMember	/disc/73200/081220200814481928_tse-acedjpsm-73200-20200814373200-ixbrl.htm
2020-08-14	年次		連結	予想		売上高の増減率	ChangeInNetSales	0.086	Pure	8.6	NextAccumulatedQ2Duration_ConsolidatedMember_ForecastMember	/disc/73200/081220200814481928_tse-acedjpsm-73200-20200814373200-ixbrl.htm
2020-08-14	年次		連結	予想		営業利益	OperatingIncome	81000000	JPY	81	NextAccumulatedQ2Duration_ConsolidatedMember_ForecastMember	/disc/73200/081220200814481928_tse-acedjpsm-73200-20200814373200-ixbrl.htm
2020-08-14	年次		連結	予想		営業利益の増減率	ChangeInOperatingIncome	-0.479	Pure	47.9	NextAccumulatedQ2Duration_ConsolidatedMember_ForecastMember	/disc/73200/081220200814481928_tse-acedjpsm-73200-20200814373200-ixbrl.htm
2020-08-14	年次		連結	予想		経常利益	OrdinaryIncome	116000000	JPY	116	NextAccumulatedQ2Duration_ConsolidatedMember_ForecastMember	/disc/73200/081220200814481928_tse-acedjpsm-73200-20200814373200-ixbrl.htm
2020-08-14	年次		連結	予想		経常利益の増減率	ChangeInOrdinaryIncome	-0.438	Pure	43.8	NextAccumulatedQ2Duration_ConsolidatedMember_ForecastMember	/disc/73200/081220200814481928_tse-acedjpsm-73200-20200814373200-ixbrl.htm
2020-08-14	年次		連結	予想		親会社株主に帰属する当期純利益	ProfitAttributableToOwnersOfParent	77000000	JPY	77	NextAccumulatedQ2Duration_ConsolidatedMember_ForecastMember	/disc/73200/081220200814481928_tse-acedjpsm-73200-20200814373200-ixbrl.htm
2020-08-14	年次		連結	予想		親会社株主に帰属する当期純利益の増減率	ChangeInProfitAttributableToOwnersOfParent	-0.439	Pure	43.9	NextAccumulatedQ2Duration_ConsolidatedMember_ForecastMember	/disc/73200/081220200814481928_tse-acedjpsm-73200-20200814373200-ixbrl.htm
2020-08-14	年次		連結	予想		1株当たり当期純利益	NetIncomePerShare	15.38	JPYPerShares	15.38	NextAccumulatedQ2Duration_ConsolidatedMember_ForecastMember	/disc/73200/081220200814481928_tse-acedjpsm-73200-20200814373200-ixbrl.htm
2020-08-14	年次	来期	連結	予想		売上高	NetSales	2318000000	JPY	2,318	NextYearDuration_ConsolidatedMember_ForecastMember	/disc/73200/081220200814481928_tse-acedjpsm-73200-20200814373200-ixbrl.htm
2020-08-14	年次	来期	連結	予想		売上高の増減率	ChangeInNetSales	0.185	Pure	18.5	NextYearDuration_ConsolidatedMember_ForecastMember	/disc/73200/081220200814481928_tse-acedjpsm-73200-20200814373200-ixbrl.htm
2020-08-14	年次	来期	連結	予想		営業利益	OperatingIncome	228000000	JPY	228	NextYearDuration_ConsolidatedMember_ForecastMember	/disc/73200/081220200814481928_tse-acedjpsm-73200-20200814373200-ixbrl.htm
2020-08-14	年次	来期	連結	予想		営業利益の増減率	ChangeInOperatingIncome	0.113	Pure	11.3	NextYearDuration_ConsolidatedMember_ForecastMember	/disc/73200/081220200814481928_tse-acedjpsm-73200-20200814373200-ixbrl.htm
2020-08-14	年次	来期	連結	予想		経常利益	OrdinaryIncome	301000000	JPY	301	NextYearDuration_ConsolidatedMember_ForecastMember	/disc/73200/081220200814481928_tse-acedjpsm-73200-20200814373200-ixbrl.htm
2020-08-14	年次	来期	連結	予想		経常利益の増減率	ChangeInOrdinaryIncome	0.057	Pure	5.7	NextYearDuration_ConsolidatedMember_ForecastMember	/disc/73200/081220200814481928_tse-acedjpsm-73200-20200814373200-ixbrl.htm
2020-08-14	年次	来期	連結	予想		親会社株主に帰属する当期純利益	ProfitAttributableToOwnersOfParent	197000000	JPY	197	NextYearDuration_ConsolidatedMember_ForecastMember	/disc/73200/081220200814481928_tse-acedjpsm-73200-20200814373200-ixbrl.htm
2020-08-14	年次	来期	連結	予想		親会社株主に帰属する当期純利益の増減率	ChangeInProfitAttributableToOwnersOfParent	0.056	Pure	5.6	NextYearDuration_ConsolidatedMember_ForecastMember	/disc/73200/081220200814481928_tse-acedjpsm-73200-20200814373200-ixbrl.htm
2020-08-14	年次	来期	連結	予想		1株当たり当期純利益	NetIncomePerShare	39.36	JPYPerShares	39.36	NextYearDuration_ConsolidatedMember_ForecastMember	/disc/73200/081220200814481928_tse-acedjpsm-73200-20200814373200-ixbrl.htm
2020-08-14	年次	当期	連結	実績			MaterialChangesInSubsidiariesDuringThisPeriodChangesInScopeOfConsolidationsResultingFromChangeIsSubsidiaries			無	CurrentYearDuration_ConsolidatedMember_ResultMember	/disc/73200/081220200814481928_tse-acedjpsm-73200-20200814373200-ixbrl.htm
2020-08-14	年次	当期	連結	実績		会計基準等の改正に伴う変更	ChangesBasedOnRevisionsOfAccountingStandard			無	CurrentYearDuration_ConsolidatedMember_ResultMember	/disc/73200/081220200814481928_tse-acedjpsm-73200-20200814373200-ixbrl.htm
2020-08-14	年次	当期	連結	実績		それ以外の会計方針の変更	ChangesOtherThanOnesBasedOnRevisionsOfAccountingStandard			無	CurrentYearDuration_ConsolidatedMember_ResultMember	/disc/73200/081220200814481928_tse-acedjpsm-73200-20200814373200-ixbrl.htm
2020-08-14	年次	当期	連結	実績		会計上の見積りの変更	ChangesInAccountingEstimates			有	CurrentYearDuration_ConsolidatedMember_ResultMember	/disc/73200/081220200814481928_tse-acedjpsm-73200-20200814373200-ixbrl.htm
2020-08-14	年次	当期	連結	実績		修正再表示	RetrospectiveRestatement			無	CurrentYearDuration_ConsolidatedMember_ResultMember	/disc/73200/081220200814481928_tse-acedjpsm-73200-20200814373200-ixbrl.htm
2020-08-14	年次	当期	連結	実績			NoteToChangesInAccountingPoliciesAndAccountingEstimatesRetrospectiveRestatement			（注）詳細は、添付資料Ｐ．14「３．連結財務諸表及び主な注記 （５）連結財務諸表に関する注記事項 （会計上の見積りの変更）」をご覧ください。	CurrentYearDuration_ConsolidatedMember_ResultMember	/disc/73200/081220200814481928_tse-acedjpsm-73200-20200814373200-ixbrl.htm
2020-08-14	年次	当期	単体	実績		期末発行済株式数(自己株式を含む)	NumberOfIssuedAndOutstandingSharesAtTheEndOfFiscalYearIncludingTreasuryStock	5004300	Shares	5,004,300	CurrentYearInstant_NonConsolidatedMember_ResultMember	/disc/73200/081220200814481928_tse-acedjpsm-73200-20200814373200-ixbrl.htm
2020-08-14	年次	前期	単体	実績		期末発行済株式数(自己株式を含む)	NumberOfIssuedAndOutstandingSharesAtTheEndOfFiscalYearIncludingTreasuryStock	4985100	Shares	4,985,100	PriorYearInstant_NonConsolidatedMember_ResultMember	/disc/73200/081220200814481928_tse-acedjpsm-73200-20200814373200-ixbrl.htm
2020-08-14	年次	当期	単体	実績		期末自己株式数	NumberOfTreasuryStockAtTheEndOfFiscalYear	83	Shares	83	CurrentYearInstant_NonConsolidatedMember_ResultMember	/disc/73200/081220200814481928_tse-acedjpsm-73200-20200814373200-ixbrl.htm
2020-08-14	年次	当期	単体	実績		期中平均株式数	AverageNumberOfShares	4993867	Shares	4,993,867	CurrentYearDuration_NonConsolidatedMember_ResultMember	/disc/73200/081220200814481928_tse-acedjpsm-73200-20200814373200-ixbrl.htm
2020-08-14	年次	前期	単体	実績		期中平均株式数	AverageNumberOfShares	4928236	Shares	4,928,236	PriorYearDuration_NonConsolidatedMember_ResultMember	/disc/73200/081220200814481928_tse-acedjpsm-73200-20200814373200-ixbrl.htm
2020-08-14	年次	当期	単体	実績			NoteToNumberOfIssuedAndOutstandingSharesCommonStock			（注）当社は、2019年１月１日付で普通株式１株につき３株の株式分割を行っております。このため期中平均株式数については、当該株式分割が前連結会計年度の期首に行われたものと仮定して算定しております。	CurrentYearInstant_NonConsolidatedMember_ResultMember	/disc/73200/081220200814481928_tse-acedjpsm-73200-20200814373200-ixbrl.htm
2020-08-14	年次	当期	単体	実績		売上高	NetSales	1555000000	JPY	1,555	CurrentYearDuration_NonConsolidatedMember_ResultMember	/disc/73200/081220200814481928_tse-acedjpsm-73200-20200814373200-ixbrl.htm
2020-08-14	年次	当期	単体	実績		売上高の増減率	ChangeInNetSales	0.156	Pure	15.6	CurrentYearDuration_NonConsolidatedMember_ResultMember	/disc/73200/081220200814481928_tse-acedjpsm-73200-20200814373200-ixbrl.htm
2020-08-14	年次	当期	単体	実績		営業利益	OperatingIncome	120000000	JPY	120	CurrentYearDuration_NonConsolidatedMember_ResultMember	/disc/73200/081220200814481928_tse-acedjpsm-73200-20200814373200-ixbrl.htm
2020-08-14	年次	当期	単体	実績		営業利益の増減率	ChangeInOperatingIncome	0.085	Pure	8.5	CurrentYearDuration_NonConsolidatedMember_ResultMember	/disc/73200/081220200814481928_tse-acedjpsm-73200-20200814373200-ixbrl.htm
2020-08-14	年次	当期	単体	実績		経常利益	OrdinaryIncome	248000000	JPY	248	CurrentYearDuration_NonConsolidatedMember_ResultMember	/disc/73200/081220200814481928_tse-acedjpsm-73200-20200814373200-ixbrl.htm
2020-08-14	年次	当期	単体	実績		経常利益の増減率	ChangeInOrdinaryIncome	0.482	Pure	48.2	CurrentYearDuration_NonConsolidatedMember_ResultMember	/disc/73200/081220200814481928_tse-acedjpsm-73200-20200814373200-ixbrl.htm
2020-08-14	年次	当期	単体	実績		当期純利益	NetIncome	188000000	JPY	188	CurrentYearDuration_NonConsolidatedMember_ResultMember	/disc/73200/081220200814481928_tse-acedjpsm-73200-20200814373200-ixbrl.htm
2020-08-14	年次	当期	単体	実績		当期純利益の増減率	ChangeInNetIncome	0.546	Pure	54.6	CurrentYearDuration_NonConsolidatedMember_ResultMember	/disc/73200/081220200814481928_tse-acedjpsm-73200-20200814373200-ixbrl.htm
2020-08-14	年次	前期	単体	実績		売上高	NetSales	1345000000	JPY	1,345	PriorYearDuration_NonConsolidatedMember_ResultMember	/disc/73200/081220200814481928_tse-acedjpsm-73200-20200814373200-ixbrl.htm
2020-08-14	年次	前期	単体	実績		売上高の増減率	ChangeInNetSales	0.146	Pure	14.6	PriorYearDuration_NonConsolidatedMember_ResultMember	/disc/73200/081220200814481928_tse-acedjpsm-73200-20200814373200-ixbrl.htm
2020-08-14	年次	前期	単体	実績		営業利益	OperatingIncome	111000000	JPY	111	PriorYearDuration_NonConsolidatedMember_ResultMember	/disc/73200/081220200814481928_tse-acedjpsm-73200-20200814373200-ixbrl.htm
2020-08-14	年次	前期	単体	実績		営業利益の増減率	ChangeInOperatingIncome	-0.195	Pure	19.5	PriorYearDuration_NonConsolidatedMember_ResultMember	/disc/73200/081220200814481928_tse-acedjpsm-73200-20200814373200-ixbrl.htm
2020-08-14	年次	前期	単体	実績		経常利益	OrdinaryIncome	167000000	JPY	167	PriorYearDuration_NonConsolidatedMember_ResultMember	/disc/73200/081220200814481928_tse-acedjpsm-73200-20200814373200-ixbrl.htm
2020-08-14	年次	前期	単体	実績		経常利益の増減率	ChangeInOrdinaryIncome	0.262	Pure	26.2	PriorYearDuration_NonConsolidatedMember_ResultMember	/disc/73200/081220200814481928_tse-acedjpsm-73200-20200814373200-ixbrl.htm
2020-08-14	年次	前期	単体	実績		当期純利益	NetIncome	122000000	JPY	122	PriorYearDuration_NonConsolidatedMember_ResultMember	/disc/73200/081220200814481928_tse-acedjpsm-73200-20200814373200-ixbrl.htm
2020-08-14	年次	前期	単体	実績		当期純利益の増減率	ChangeInNetIncome	0.431	Pure	43.1	PriorYearDuration_NonConsolidatedMember_ResultMember	/disc/73200/081220200814481928_tse-acedjpsm-73200-20200814373200-ixbrl.htm
2020-08-14	年次	当期	単体	実績		1株当たり当期純利益	NetIncomePerShare	37.80	JPYPerShares	37.80	CurrentYearDuration_NonConsolidatedMember_ResultMember	/disc/73200/081220200814481928_tse-acedjpsm-73200-20200814373200-ixbrl.htm
2020-08-14	年次	当期	単体	実績		潜在株式調整後1株当たり当期純利益	DilutedNetIncomePerShare	36.94	JPYPerShares	36.94	CurrentYearDuration_NonConsolidatedMember_ResultMember	/disc/73200/081220200814481928_tse-acedjpsm-73200-20200814373200-ixbrl.htm
2020-08-14	年次	前期	単体	実績		1株当たり当期純利益	NetIncomePerShare	24.76	JPYPerShares	24.76	PriorYearDuration_NonConsolidatedMember_ResultMember	/disc/73200/081220200814481928_tse-acedjpsm-73200-20200814373200-ixbrl.htm
2020-08-14	年次	前期	単体	実績		潜在株式調整後1株当たり当期純利益	DilutedNetIncomePerShare	23.82	JPYPerShares	23.82	PriorYearDuration_NonConsolidatedMember_ResultMember	/disc/73200/081220200814481928_tse-acedjpsm-73200-20200814373200-ixbrl.htm
2020-08-14	年次	当期	単体	実績		経営成績の注記	NoteToOperatingResults			（注）当社は、2019年１月１日付で普通株式１株につき３株の割合で株式分割を行っております。前事業年度の期首に当該株式分割が行われたと仮定して、「１株当たり当期純利益」及び「潜在株式調整後１株当たり当期純利益」を算定しております。	CurrentYearDuration_NonConsolidatedMember_ResultMember	/disc/73200/081220200814481928_tse-acedjpsm-73200-20200814373200-ixbrl.htm
2020-08-14	年次	当期	単体	実績		総資産	TotalAssets	5428000000	JPY	5,428	CurrentYearInstant_NonConsolidatedMember_ResultMember	/disc/73200/081220200814481928_tse-acedjpsm-73200-20200814373200-ixbrl.htm
2020-08-14	年次	当期	単体	実績		純資産	NetAssets	609000000	JPY	609	CurrentYearInstant_NonConsolidatedMember_ResultMember	/disc/73200/081220200814481928_tse-acedjpsm-73200-20200814373200-ixbrl.htm
2020-08-14	年次	当期	単体	実績		自己資本比率	CapitalAdequacyRatio	0.112	Pure	11.2	CurrentYearInstant_NonConsolidatedMember_ResultMember	/disc/73200/081220200814481928_tse-acedjpsm-73200-20200814373200-ixbrl.htm
2020-08-14	年次	当期	単体	実績		1株当たり純資産	NetAssetsPerShare	121.89	JPYPerShares	121.89	CurrentYearInstant_NonConsolidatedMember_ResultMember	/disc/73200/081220200814481928_tse-acedjpsm-73200-20200814373200-ixbrl.htm
2020-08-14	年次	前期	単体	実績		総資産	TotalAssets	4342000000	JPY	4,342	PriorYearInstant_NonConsolidatedMember_ResultMember	/disc/73200/081220200814481928_tse-acedjpsm-73200-20200814373200-ixbrl.htm
2020-08-14	年次	前期	単体	実績		純資産	NetAssets	450000000	JPY	450	PriorYearInstant_NonConsolidatedMember_ResultMember	/disc/73200/081220200814481928_tse-acedjpsm-73200-20200814373200-ixbrl.htm
2020-08-14	年次	前期	単体	実績		自己資本比率	CapitalAdequacyRatio	0.104	Pure	10.4	PriorYearInstant_NonConsolidatedMember_ResultMember	/disc/73200/081220200814481928_tse-acedjpsm-73200-20200814373200-ixbrl.htm
2020-08-14	年次	前期	単体	実績		1株当たり純資産	NetAssetsPerShare	90.36	JPYPerShares	90.36	PriorYearInstant_NonConsolidatedMember_ResultMember	/disc/73200/081220200814481928_tse-acedjpsm-73200-20200814373200-ixbrl.htm
2020-08-14	年次	当期	単体	実績		自己資本	OwnersEquity	609000000	JPY	609	CurrentYearInstant_NonConsolidatedMember_ResultMember	/disc/73200/081220200814481928_tse-acedjpsm-73200-20200814373200-ixbrl.htm
2020-08-14	年次	前期	単体	実績		自己資本	OwnersEquity	450000000	JPY	450	PriorYearInstant_NonConsolidatedMember_ResultMember	/disc/73200/081220200814481928_tse-acedjpsm-73200-20200814373200-ixbrl.htm
2020-08-14	年次	当期	単体	実績		業績の注記	NoteToFinancialResults			当社は、当事業年度において、市場開拓の余地が大きい新築住宅市場における長期保証契約の獲得が堅調に推移し、前受収益から振り替えられた売上が前事業年度を上回ったこと、BPO事業における大型案件の受注と新規案件の受注の増加、及び連結子会社からの配当金の受領により、前事業年度の実績値と当事業年度の実績値との間に差異が生じております。	CurrentYearDuration_NonConsolidatedMember_ResultMember	/disc/73200/081220200814481928_tse-acedjpsm-73200-20200814373200-ixbrl.htm
2020-08-14	年次	来期				将来情報の利用に関する注意	NotesForUsingForecastedInformationAndOthers			（将来に関する記述等についてのご注意） 本資料に記載されている業績見通し等の将来に関する記述は、当社が入手している情報及び合理的であると判断する一定の前提に基づいており、その達成を当社として約束する趣旨のものではありません。また、実際の業績等は様々な要因により大きく異なる場合があります。業績予想の前提となる条件及び業績予想のご利用に当たっての注意事項等については、添付資料Ｐ．６「１．経営成績等の概況 （４）今後の見通し」をご覧ください。&#160;（決算補足説明資料及び決算説明会内容の入手方法） 当社は、2020年８月17日（月）に機関投資家及びアナリスト向け説明会をライブ配信にて開催する予定です。この説明会で使用する説明会資料は、開催後速やかに当社ウェブサイトに掲載する予定です。	NextYearDuration	/disc/73200/081220200814481928_tse-acedjpsm-73200-20200814373200-ixbrl.htm
2020-08-14	年次	当期				決算期末	FiscalYearEnd			2020-06-30	CurrentYearInstant	/disc/73200/081220200814481928_tse-acedjpsm-73200-20200814373200-ixbrl.htm
2020-11-11	四半期	当期第1四半期累計				書類名	DocumentName			第１四半期決算短信〔日本基準〕（連結）	CurrentAccumulatedQ1Instant	/disc/73200/081220201111420994_tse-qcedjpsm-73200-20201111373200-ixbrl.htm
2020-11-11	四半期	当期第1四半期累計				提出日	FilingDate			2020年11月11日	CurrentAccumulatedQ1Instant	/disc/73200/081220201111420994_tse-qcedjpsm-73200-20201111373200-ixbrl.htm
2020-11-11	四半期	当期第1四半期累計				会社名	CompanyName			日本リビング保証株式会社	CurrentAccumulatedQ1Instant	/disc/73200/081220201111420994_tse-qcedjpsm-73200-20201111373200-ixbrl.htm
2020-11-11	四半期	当期第1四半期累計					TokyoStockExchange			東	CurrentAccumulatedQ1Instant	/disc/73200/081220201111420994_tse-qcedjpsm-73200-20201111373200-ixbrl.htm
2020-11-11	四半期	当期第1四半期累計				証券コード	SecuritiesCode			73200	CurrentAccumulatedQ1Instant	/disc/73200/081220201111420994_tse-qcedjpsm-73200-20201111373200-ixbrl.htm
2020-11-11	四半期	当期第1四半期累計				URL	URL			https://jlw.jp	CurrentAccumulatedQ1Instant	/disc/73200/081220201111420994_tse-qcedjpsm-73200-20201111373200-ixbrl.htm
2020-11-11	四半期	当期第1四半期累計				代表者の役職	TitleRepresentative			代表取締役社長	CurrentAccumulatedQ1Instant	/disc/73200/081220201111420994_tse-qcedjpsm-73200-20201111373200-ixbrl.htm
2020-11-11	四半期	当期第1四半期累計				代表者名	NameRepresentative			安達&#160; 慶高	CurrentAccumulatedQ1Instant	/disc/73200/081220201111420994_tse-qcedjpsm-73200-20201111373200-ixbrl.htm
2020-11-11	四半期	当期第1四半期累計					TitleInquiries			取締役管理本部長	CurrentAccumulatedQ1Instant	/disc/73200/081220201111420994_tse-qcedjpsm-73200-20201111373200-ixbrl.htm
2020-11-11	四半期	当期第1四半期累計					NameInquiries			竹林&#160; 俊介	CurrentAccumulatedQ1Instant	/disc/73200/081220201111420994_tse-qcedjpsm-73200-20201111373200-ixbrl.htm
2020-11-11	四半期	当期第1四半期累計					Tel			03-6276-0401	CurrentAccumulatedQ1Instant	/disc/73200/081220201111420994_tse-qcedjpsm-73200-20201111373200-ixbrl.htm
2020-11-11	四半期	当期第1四半期累計					QuarterlyStatementFilingDateAsPlanned			2020年11月11日	CurrentAccumulatedQ1Instant	/disc/73200/081220201111420994_tse-qcedjpsm-73200-20201111373200-ixbrl.htm
2020-11-11	四半期	当期第1四半期累計					SupplementalMaterialOfQuarterlyResults			有	CurrentAccumulatedQ1Instant	/disc/73200/081220201111420994_tse-qcedjpsm-73200-20201111373200-ixbrl.htm
2020-11-11	四半期	当期第1四半期累計					ConveningBriefingOfQuarterlyResults			無	CurrentAccumulatedQ1Instant	/disc/73200/081220201111420994_tse-qcedjpsm-73200-20201111373200-ixbrl.htm
2020-11-11	四半期	当期第1四半期累計					NoteToFractionProcessingMethod			（百万円未満切捨て）	CurrentAccumulatedQ1Instant	/disc/73200/081220201111420994_tse-qcedjpsm-73200-20201111373200-ixbrl.htm
2020-11-11	四半期	当期第1四半期累計	連結	実績		売上高	NetSales	585000000	JPY	585	CurrentAccumulatedQ1Duration_ConsolidatedMember_ResultMember	/disc/73200/081220201111420994_tse-qcedjpsm-73200-20201111373200-ixbrl.htm
2020-11-11	四半期	当期第1四半期累計	連結	実績		売上高の増減率	ChangeInNetSales	0.204	Pure	20.4	CurrentAccumulatedQ1Duration_ConsolidatedMember_ResultMember	/disc/73200/081220201111420994_tse-qcedjpsm-73200-20201111373200-ixbrl.htm
2020-11-11	四半期	当期第1四半期累計	連結	実績		営業利益	OperatingIncome	70000000	JPY	70	CurrentAccumulatedQ1Duration_ConsolidatedMember_ResultMember	/disc/73200/081220201111420994_tse-qcedjpsm-73200-20201111373200-ixbrl.htm
2020-11-11	四半期	当期第1四半期累計	連結	実績		営業利益の増減率	ChangeInOperatingIncome	-0.263	Pure	26.3	CurrentAccumulatedQ1Duration_ConsolidatedMember_ResultMember	/disc/73200/081220201111420994_tse-qcedjpsm-73200-20201111373200-ixbrl.htm
2020-11-11	四半期	当期第1四半期累計	連結	実績		経常利益	OrdinaryIncome	142000000	JPY	142	CurrentAccumulatedQ1Duration_ConsolidatedMember_ResultMember	/disc/73200/081220201111420994_tse-qcedjpsm-73200-20201111373200-ixbrl.htm
2020-11-11	四半期	当期第1四半期累計	連結	実績		経常利益の増減率	ChangeInOrdinaryIncome	0.167	Pure	16.7	CurrentAccumulatedQ1Duration_ConsolidatedMember_ResultMember	/disc/73200/081220201111420994_tse-qcedjpsm-73200-20201111373200-ixbrl.htm
2020-11-11	四半期	当期第1四半期累計	連結	実績		親会社株主に帰属する当期純利益	ProfitAttributableToOwnersOfParent	94000000	JPY	94	CurrentAccumulatedQ1Duration_ConsolidatedMember_ResultMember	/disc/73200/081220201111420994_tse-qcedjpsm-73200-20201111373200-ixbrl.htm
2020-11-11	四半期	当期第1四半期累計	連結	実績		親会社株主に帰属する当期純利益の増減率	ChangeInProfitAttributableToOwnersOfParent	0.153	Pure	15.3	CurrentAccumulatedQ1Duration_ConsolidatedMember_ResultMember	/disc/73200/081220201111420994_tse-qcedjpsm-73200-20201111373200-ixbrl.htm
2020-11-11	四半期	前期第1四半期累計	連結	実績		売上高	NetSales	486000000	JPY	486	PriorAccumulatedQ1Duration_ConsolidatedMember_ResultMember	/disc/73200/081220201111420994_tse-qcedjpsm-73200-20201111373200-ixbrl.htm
2020-11-11	四半期	前期第1四半期累計	連結	実績		売上高の増減率	ChangeInNetSales	0.324	Pure	32.4	PriorAccumulatedQ1Duration_ConsolidatedMember_ResultMember	/disc/73200/081220201111420994_tse-qcedjpsm-73200-20201111373200-ixbrl.htm
2020-11-11	四半期	前期第1四半期累計	連結	実績		営業利益	OperatingIncome	96000000	JPY	96	PriorAccumulatedQ1Duration_ConsolidatedMember_ResultMember	/disc/73200/081220201111420994_tse-qcedjpsm-73200-20201111373200-ixbrl.htm
2020-11-11	四半期	前期第1四半期累計	連結	実績		営業利益の増減率	ChangeInOperatingIncome	0.516	Pure	51.6	PriorAccumulatedQ1Duration_ConsolidatedMember_ResultMember	/disc/73200/081220201111420994_tse-qcedjpsm-73200-20201111373200-ixbrl.htm
2020-11-11	四半期	前期第1四半期累計	連結	実績		経常利益	OrdinaryIncome	121000000	JPY	121	PriorAccumulatedQ1Duration_ConsolidatedMember_ResultMember	/disc/73200/081220201111420994_tse-qcedjpsm-73200-20201111373200-ixbrl.htm
2020-11-11	四半期	前期第1四半期累計	連結	実績		経常利益の増減率	ChangeInOrdinaryIncome	0.784	Pure	78.4	PriorAccumulatedQ1Duration_ConsolidatedMember_ResultMember	/disc/73200/081220201111420994_tse-qcedjpsm-73200-20201111373200-ixbrl.htm
2020-11-11	四半期	前期第1四半期累計	連結	実績		親会社株主に帰属する当期純利益	ProfitAttributableToOwnersOfParent	81000000	JPY	81	PriorAccumulatedQ1Duration_ConsolidatedMember_ResultMember	/disc/73200/081220201111420994_tse-qcedjpsm-73200-20201111373200-ixbrl.htm
2020-11-11	四半期	前期第1四半期累計	連結	実績		親会社株主に帰属する当期純利益の増減率	ChangeInProfitAttributableToOwnersOfParent	0.672	Pure	67.2	PriorAccumulatedQ1Duration_ConsolidatedMember_ResultMember	/disc/73200/081220201111420994_tse-qcedjpsm-73200-20201111373200-ixbrl.htm
2020-11-11	四半期	当期第1四半期累計	連結	実績		包括利益	ComprehensiveIncome	107000000	JPY	107	CurrentAccumulatedQ1Duration_ConsolidatedMember_ResultMember	/disc/73200/081220201111420994_tse-qcedjpsm-73200-20201111373200-ixbrl.htm
2020-11-11	四半期	当期第1四半期累計	連結	実績		包括利益の増減率	ChangeInComprehensiveIncome	0.284	Pure	28.4	CurrentAccumulatedQ1Duration_ConsolidatedMember_ResultMember	/disc/73200/081220201111420994_tse-qcedjpsm-73200-20201111373200-ixbrl.htm
2020-11-11	四半期	前期第1四半期累計	連結	実績		包括利益	ComprehensiveIncome	83000000	JPY	83	PriorAccumulatedQ1Duration_ConsolidatedMember_ResultMember	/disc/73200/081220201111420994_tse-qcedjpsm-73200-20201111373200-ixbrl.htm
2020-11-11	四半期	前期第1四半期累計	連結	実績		包括利益の増減率	ChangeInComprehensiveIncome	0.639	Pure	63.9	PriorAccumulatedQ1Duration_ConsolidatedMember_ResultMember	/disc/73200/081220201111420994_tse-qcedjpsm-73200-20201111373200-ixbrl.htm
2020-11-11	四半期	当期第1四半期累計	連結	実績		1株当たり当期純利益	NetIncomePerShare	18.81	JPYPerShares	18.81	CurrentAccumulatedQ1Duration_ConsolidatedMember_ResultMember	/disc/73200/081220201111420994_tse-qcedjpsm-73200-20201111373200-ixbrl.htm
2020-11-11	四半期	当期第1四半期累計	連結	実績		潜在株式調整後1株当たり当期純利益	DilutedNetIncomePerShare	18.42	JPYPerShares	18.42	CurrentAccumulatedQ1Duration_ConsolidatedMember_ResultMember	/disc/73200/081220201111420994_tse-qcedjpsm-73200-20201111373200-ixbrl.htm
2020-11-11	四半期	前期第1四半期累計	連結	実績		1株当たり当期純利益	NetIncomePerShare	16.37	JPYPerShares	16.37	PriorAccumulatedQ1Duration_ConsolidatedMember_ResultMember	/disc/73200/081220201111420994_tse-qcedjpsm-73200-20201111373200-ixbrl.htm
2020-11-11	四半期	前期第1四半期累計	連結	実績		潜在株式調整後1株当たり当期純利益	DilutedNetIncomePerShare	15.98	JPYPerShares	15.98	PriorAccumulatedQ1Duration_ConsolidatedMember_ResultMember	/disc/73200/081220201111420994_tse-qcedjpsm-73200-20201111373200-ixbrl.htm
2020-11-11	四半期	当期第1四半期累計	連結	実績		総資産	TotalAssets	8773000000	JPY	8,773	CurrentAccumulatedQ1Instant_ConsolidatedMember_ResultMember	/disc/73200/081220201111420994_tse-qcedjpsm-73200-20201111373200-ixbrl.htm
2020-11-11	四半期	当期第1四半期累計	連結	実績		純資産	NetAssets	713000000	JPY	713	CurrentAccumulatedQ1Instant_ConsolidatedMember_ResultMember	/disc/73200/081220201111420994_tse-qcedjpsm-73200-20201111373200-ixbrl.htm
2020-11-11	四半期	当期第1四半期累計	連結	実績		自己資本比率	CapitalAdequacyRatio	0.081	Pure	8.1	CurrentAccumulatedQ1Instant_ConsolidatedMember_ResultMember	/disc/73200/081220201111420994_tse-qcedjpsm-73200-20201111373200-ixbrl.htm
2020-11-11	四半期	前期	連結	実績		総資産	TotalAssets	8288000000	JPY	8,288	PriorYearInstant_ConsolidatedMember_ResultMember	/disc/73200/081220201111420994_tse-qcedjpsm-73200-20201111373200-ixbrl.htm
2020-11-11	四半期	前期	連結	実績		純資産	NetAssets	630000000	JPY	630	PriorYearInstant_ConsolidatedMember_ResultMember	/disc/73200/081220201111420994_tse-qcedjpsm-73200-20201111373200-ixbrl.htm
2020-11-11	四半期	前期	連結	実績		自己資本比率	CapitalAdequacyRatio	0.076	Pure	7.6	PriorYearInstant_ConsolidatedMember_ResultMember	/disc/73200/081220201111420994_tse-qcedjpsm-73200-20201111373200-ixbrl.htm
2020-11-11	四半期	当期第1四半期累計	連結	実績		自己資本	OwnersEquity	713000000	JPY	713	CurrentAccumulatedQ1Instant_ConsolidatedMember_ResultMember	/disc/73200/081220201111420994_tse-qcedjpsm-73200-20201111373200-ixbrl.htm
2020-11-11	四半期	前期	連結	実績		自己資本	OwnersEquity	630000000	JPY	630	PriorYearInstant_ConsolidatedMember_ResultMember	/disc/73200/081220201111420994_tse-qcedjpsm-73200-20201111373200-ixbrl.htm
2020-11-11	四半期	前期	単体	実績	第2四半期末	1株当たり配当金	DividendPerShare	0.00	JPYPerShares	0.00	PriorYearDuration_SecondQuarterMember_NonConsolidatedMember_ResultMember	/disc/73200/081220201111420994_tse-qcedjpsm-73200-20201111373200-ixbrl.htm
2020-11-11	四半期	前期	単体	実績	期末	1株当たり配当金	DividendPerShare	5.00	JPYPerShares	5.00	PriorYearDuration_YearEndMember_NonConsolidatedMember_ResultMember	/disc/73200/081220201111420994_tse-qcedjpsm-73200-20201111373200-ixbrl.htm
2020-11-11	四半期	前期	単体	実績	合計	1株当たり配当金	DividendPerShare	5.00	JPYPerShares	5.00	PriorYearDuration_AnnualMember_NonConsolidatedMember_ResultMember	/disc/73200/081220201111420994_tse-qcedjpsm-73200-20201111373200-ixbrl.htm
2020-11-11	四半期	当期	単体	予想	第2四半期末	1株当たり配当金	DividendPerShare	0.00	JPYPerShares	0.00	CurrentYearDuration_SecondQuarterMember_NonConsolidatedMember_ForecastMember	/disc/73200/081220201111420994_tse-qcedjpsm-73200-20201111373200-ixbrl.htm
2020-11-11	四半期	当期	単体	予想	期末	1株当たり配当金	DividendPerShare	5.00	JPYPerShares	5.00	CurrentYearDuration_YearEndMember_NonConsolidatedMember_ForecastMember	/disc/73200/081220201111420994_tse-qcedjpsm-73200-20201111373200-ixbrl.htm
2020-11-11	四半期	当期	単体	予想	合計	1株当たり配当金	DividendPerShare	5.00	JPYPerShares	5.00	CurrentYearDuration_AnnualMember_NonConsolidatedMember_ForecastMember	/disc/73200/081220201111420994_tse-qcedjpsm-73200-20201111373200-ixbrl.htm
2020-11-11	四半期	当期	単体	実績	合計	当四半期における配当予想の修正	CorrectionOfDividendForecastInThisQuarter			無	CurrentYearDuration_AnnualMember_NonConsolidatedMember_ResultMember	/disc/73200/081220201111420994_tse-qcedjpsm-73200-20201111373200-ixbrl.htm
2020-11-11	四半期	当期	連結	予想		業績予想の見出し	TitleForForecasts			３．2021年６月期の連結業績予想（2020年７月１日～2021年６月30日）	CurrentYearDuration_ConsolidatedMember_ForecastMember	/disc/73200/081220201111420994_tse-qcedjpsm-73200-20201111373200-ixbrl.htm
2020-11-11	四半期	当期第2四半期累計	連結	予想		売上高	NetSales	1184000000	JPY	1,184	CurrentAccumulatedQ2Duration_ConsolidatedMember_ForecastMember	/disc/73200/081220201111420994_tse-qcedjpsm-73200-20201111373200-ixbrl.htm
2020-11-11	四半期	当期第2四半期累計	連結	予想		売上高の増減率	ChangeInNetSales	0.219	Pure	21.9	CurrentAccumulatedQ2Duration_ConsolidatedMember_ForecastMember	/disc/73200/081220201111420994_tse-qcedjpsm-73200-20201111373200-ixbrl.htm
2020-11-11	四半期	当期第2四半期累計	連結	予想		営業利益	OperatingIncome	157000000	JPY	157	CurrentAccumulatedQ2Duration_ConsolidatedMember_ForecastMember	/disc/73200/081220201111420994_tse-qcedjpsm-73200-20201111373200-ixbrl.htm
2020-11-11	四半期	当期第2四半期累計	連結	予想		営業利益の増減率	ChangeInOperatingIncome	0.012	Pure	1.2	CurrentAccumulatedQ2Duration_ConsolidatedMember_ForecastMember	/disc/73200/081220201111420994_tse-qcedjpsm-73200-20201111373200-ixbrl.htm
2020-11-11	四半期	当期第2四半期累計	連結	予想		経常利益	OrdinaryIncome	247000000	JPY	247	CurrentAccumulatedQ2Duration_ConsolidatedMember_ForecastMember	/disc/73200/081220201111420994_tse-qcedjpsm-73200-20201111373200-ixbrl.htm
2020-11-11	四半期	当期第2四半期累計	連結	予想		経常利益の増減率	ChangeInOrdinaryIncome	0.198	Pure	19.8	CurrentAccumulatedQ2Duration_ConsolidatedMember_ForecastMember	/disc/73200/081220201111420994_tse-qcedjpsm-73200-20201111373200-ixbrl.htm
2020-11-11	四半期	当期第2四半期累計	連結	予想		親会社株主に帰属する当期純利益	ProfitAttributableToOwnersOfParent	158000000	JPY	158	CurrentAccumulatedQ2Duration_ConsolidatedMember_ForecastMember	/disc/73200/081220201111420994_tse-qcedjpsm-73200-20201111373200-ixbrl.htm
2020-11-11	四半期	当期第2四半期累計	連結	予想		親会社株主に帰属する当期純利益の増減率	ChangeInProfitAttributableToOwnersOfParent	0.156	Pure	15.6	CurrentAccumulatedQ2Duration_ConsolidatedMember_ForecastMember	/disc/73200/081220201111420994_tse-qcedjpsm-73200-20201111373200-ixbrl.htm
2020-11-11	四半期	当期第2四半期累計	連結	予想		1株当たり当期純利益	NetIncomePerShare	31.69	JPYPerShares	31.69	CurrentAccumulatedQ2Duration_ConsolidatedMember_ForecastMember	/disc/73200/081220201111420994_tse-qcedjpsm-73200-20201111373200-ixbrl.htm
2020-11-11	四半期	当期	連結	予想		売上高	NetSales	2400000000	JPY	2,400	CurrentYearDuration_ConsolidatedMember_ForecastMember	/disc/73200/081220201111420994_tse-qcedjpsm-73200-20201111373200-ixbrl.htm
2020-11-11	四半期	当期	連結	予想		売上高の増減率	ChangeInNetSales	0.228	Pure	22.8	CurrentYearDuration_ConsolidatedMember_ForecastMember	/disc/73200/081220201111420994_tse-qcedjpsm-73200-20201111373200-ixbrl.htm
2020-11-11	四半期	当期	連結	予想		営業利益	OperatingIncome	310000000	JPY	310	CurrentYearDuration_ConsolidatedMember_ForecastMember	/disc/73200/081220201111420994_tse-qcedjpsm-73200-20201111373200-ixbrl.htm
2020-11-11	四半期	当期	連結	予想		営業利益の増減率	ChangeInOperatingIncome	0.520	Pure	52.0	CurrentYearDuration_ConsolidatedMember_ForecastMember	/disc/73200/081220201111420994_tse-qcedjpsm-73200-20201111373200-ixbrl.htm
2020-11-11	四半期	当期	連結	予想		経常利益	OrdinaryIncome	430000000	JPY	430	CurrentYearDuration_ConsolidatedMember_ForecastMember	/disc/73200/081220201111420994_tse-qcedjpsm-73200-20201111373200-ixbrl.htm
2020-11-11	四半期	当期	連結	予想		経常利益の増減率	ChangeInOrdinaryIncome	0.514	Pure	51.4	CurrentYearDuration_ConsolidatedMember_ForecastMember	/disc/73200/081220201111420994_tse-qcedjpsm-73200-20201111373200-ixbrl.htm
2020-11-11	四半期	当期	連結	予想		親会社株主に帰属する当期純利益	ProfitAttributableToOwnersOfParent	268000000	JPY	268	CurrentYearDuration_ConsolidatedMember_ForecastMember	/disc/73200/081220201111420994_tse-qcedjpsm-73200-20201111373200-ixbrl.htm
2020-11-11	四半期	当期	連結	予想		親会社株主に帰属する当期純利益の増減率	ChangeInProfitAttributableToOwnersOfParent	0.443	Pure	44.3	CurrentYearDuration_ConsolidatedMember_ForecastMember	/disc/73200/081220201111420994_tse-qcedjpsm-73200-20201111373200-ixbrl.htm
2020-11-11	四半期	当期	連結	予想		1株当たり当期純利益	NetIncomePerShare	53.64	JPYPerShares	53.64	CurrentYearDuration_ConsolidatedMember_ForecastMember	/disc/73200/081220201111420994_tse-qcedjpsm-73200-20201111373200-ixbrl.htm
2020-11-11	四半期	当期	連結	予想		当四半期における業績予想の修正	CorrectionOfConsolidatedFinancialForecastInThisQuarter			有	CurrentYearDuration_ConsolidatedMember_ForecastMember	/disc/73200/081220201111420994_tse-qcedjpsm-73200-20201111373200-ixbrl.htm
2020-11-11	四半期	当期第1四半期累計	連結	実績			MaterialChangesInSubsidiariesDuringThisPeriodChangesInScopeOfConsolidationsResultingFromChangeIsSubsidiaries			無	CurrentAccumulatedQ1Duration_ConsolidatedMember_ResultMember	/disc/73200/081220201111420994_tse-qcedjpsm-73200-20201111373200-ixbrl.htm
2020-11-11	四半期	当期第1四半期累計	連結	実績			ApplyingOfSpecificAccountingOfTheConsolidatedQuarterlyFinancialStatements			有	CurrentAccumulatedQ1Duration_ConsolidatedMember_ResultMember	/disc/73200/081220201111420994_tse-qcedjpsm-73200-20201111373200-ixbrl.htm
2020-11-11	四半期	当期第1四半期累計	連結	実績			NoteToApplyingOfSpecificAccountingOfTheConsolidatedQuarterlyFinancialStatements			（注）詳細は、添付資料Ｐ．７「２．四半期連結財務諸表及び主な注記 （３）四半期連結財務諸表に関する注記事項 （四半期連結財務諸表の作成に特有の会計処理の適用）」をご覧ください。	CurrentAccumulatedQ1Duration_ConsolidatedMember_ResultMember	/disc/73200/081220201111420994_tse-qcedjpsm-73200-20201111373200-ixbrl.htm
2020-11-11	四半期	当期第1四半期累計	連結	実績		会計基準等の改正に伴う変更	ChangesBasedOnRevisionsOfAccountingStandard			無	CurrentAccumulatedQ1Duration_ConsolidatedMember_ResultMember	/disc/73200/081220201111420994_tse-qcedjpsm-73200-20201111373200-ixbrl.htm
2020-11-11	四半期	当期第1四半期累計	連結	実績		それ以外の会計方針の変更	ChangesOtherThanOnesBasedOnRevisionsOfAccountingStandard			無	CurrentAccumulatedQ1Duration_ConsolidatedMember_ResultMember	/disc/73200/081220201111420994_tse-qcedjpsm-73200-20201111373200-ixbrl.htm
2020-11-11	四半期	当期第1四半期累計	連結	実績		会計上の見積りの変更	ChangesInAccountingEstimates			無	CurrentAccumulatedQ1Duration_ConsolidatedMember_ResultMember	/disc/73200/081220201111420994_tse-qcedjpsm-73200-20201111373200-ixbrl.htm
2020-11-11	四半期	当期第1四半期累計	連結	実績		修正再表示	RetrospectiveRestatement			無	CurrentAccumulatedQ1Duration_ConsolidatedMember_ResultMember	/disc/73200/081220201111420994_tse-qcedjpsm-73200-20201111373200-ixbrl.htm
2020-11-11	四半期	当期第1四半期累計	単体	実績		期末発行済株式数(自己株式を含む)	NumberOfIssuedAndOutstandingSharesAtTheEndOfFiscalYearIncludingTreasuryStock	5004300	Shares	5,004,300	CurrentAccumulatedQ1Instant_NonConsolidatedMember_ResultMember	/disc/73200/081220201111420994_tse-qcedjpsm-73200-20201111373200-ixbrl.htm
2020-11-11	四半期	前期	単体	実績		期末発行済株式数(自己株式を含む)	NumberOfIssuedAndOutstandingSharesAtTheEndOfFiscalYearIncludingTreasuryStock	5004300	Shares	5,004,300	PriorYearInstant_NonConsolidatedMember_ResultMember	/disc/73200/081220201111420994_tse-qcedjpsm-73200-20201111373200-ixbrl.htm
2020-11-11	四半期	当期第1四半期累計	単体	実績		期末自己株式数	NumberOfTreasuryStockAtTheEndOfFiscalYear	123	Shares	123	CurrentAccumulatedQ1Instant_NonConsolidatedMember_ResultMember	/disc/73200/081220201111420994_tse-qcedjpsm-73200-20201111373200-ixbrl.htm
2020-11-11	四半期	前期	単体	実績		期末自己株式数	NumberOfTreasuryStockAtTheEndOfFiscalYear	83	Shares	83	PriorYearInstant_NonConsolidatedMember_ResultMember	/disc/73200/081220201111420994_tse-qcedjpsm-73200-20201111373200-ixbrl.htm
2020-11-11	四半期	当期第1四半期累計	単体	実績		期中平均株式数	AverageNumberOfShares	5004183	Shares	5,004,183	CurrentAccumulatedQ1Duration_NonConsolidatedMember_ResultMember	/disc/73200/081220201111420994_tse-qcedjpsm-73200-20201111373200-ixbrl.htm
2020-11-11	四半期	前期第1四半期累計	単体	実績		期中平均株式数	AverageNumberOfShares	4985071	Shares	4,985,071	PriorAccumulatedQ1Duration_NonConsolidatedMember_ResultMember	/disc/73200/081220201111420994_tse-qcedjpsm-73200-20201111373200-ixbrl.htm
2020-11-11	四半期	当期				将来情報の利用に関する注意	NotesForUsingForecastedInformationAndOthers			（将来に関する記述等についてのご注意） 本資料に記載されている業績見通し等の将来に関する記述は、当社が入手している情報及び合理的であると判断する一定の前提に基づいており、その達成を当社として約束する趣旨のものではありません。また、実際の業績等は様々な要因により大きく異なる場合があります。業績予想の前提となる条件及び業績予想のご利用に当たっての注意事項等については、添付資料Ｐ．４「１．当四半期決算に関する定性的情報 （３）連結業績予想などの将来予測情報に関する説明」をご覧ください。&#160;（四半期決算補足説明資料の入手方法） 四半期決算補足説明資料は、2020年11月11日(水)に当社ウェブサイトに掲載致します。	CurrentYearDuration	/disc/73200/081220201111420994_tse-qcedjpsm-73200-20201111373200-ixbrl.htm
2020-11-11	四半期	当期				決算期末	FiscalYearEnd			2021-06-30	CurrentYearInstant	/disc/73200/081220201111420994_tse-qcedjpsm-73200-20201111373200-ixbrl.htm
2020-11-11	四半期	当期第1四半期累計				四半期	QuarterlyPeriod	1	Pure	1	CurrentAccumulatedQ1Instant	/disc/73200/081220201111420994_tse-qcedjpsm-73200-20201111373200-ixbrl.htm
2021-02-10	四半期	当期第2四半期累計				書類名	DocumentName			第２四半期決算短信〔日本基準〕（連結）	CurrentAccumulatedQ2Instant	/disc/73200/081220210210460705_tse-qcedjpsm-73200-20210210373200-ixbrl.htm
2021-02-10	四半期	当期第2四半期累計				提出日	FilingDate			2021年２月10日	CurrentAccumulatedQ2Instant	/disc/73200/081220210210460705_tse-qcedjpsm-73200-20210210373200-ixbrl.htm
2021-02-10	四半期	当期第2四半期累計				会社名	CompanyName			日本リビング保証株式会社	CurrentAccumulatedQ2Instant	/disc/73200/081220210210460705_tse-qcedjpsm-73200-20210210373200-ixbrl.htm
2021-02-10	四半期	当期第2四半期累計					TokyoStockExchange			東	CurrentAccumulatedQ2Instant	/disc/73200/081220210210460705_tse-qcedjpsm-73200-20210210373200-ixbrl.htm
2021-02-10	四半期	当期第2四半期累計				証券コード	SecuritiesCode			7320	CurrentAccumulatedQ2Instant	/disc/73200/081220210210460705_tse-qcedjpsm-73200-20210210373200-ixbrl.htm
2021-02-10	四半期	当期第2四半期累計				URL	URL			https://jlw.jp	CurrentAccumulatedQ2Instant	/disc/73200/081220210210460705_tse-qcedjpsm-73200-20210210373200-ixbrl.htm
2021-02-10	四半期	当期第2四半期累計				代表者の役職	TitleRepresentative			代表取締役社長	CurrentAccumulatedQ2Instant	/disc/73200/081220210210460705_tse-qcedjpsm-73200-20210210373200-ixbrl.htm
2021-02-10	四半期	当期第2四半期累計				代表者名	NameRepresentative			安達 慶高	CurrentAccumulatedQ2Instant	/disc/73200/081220210210460705_tse-qcedjpsm-73200-20210210373200-ixbrl.htm
2021-02-10	四半期	当期第2四半期累計					TitleInquiries			取締役管理本部長	CurrentAccumulatedQ2Instant	/disc/73200/081220210210460705_tse-qcedjpsm-73200-20210210373200-ixbrl.htm
2021-02-10	四半期	当期第2四半期累計					NameInquiries			吉川 淳史	CurrentAccumulatedQ2Instant	/disc/73200/081220210210460705_tse-qcedjpsm-73200-20210210373200-ixbrl.htm
2021-02-10	四半期	当期第2四半期累計					Tel			03-6276-0401	CurrentAccumulatedQ2Instant	/disc/73200/081220210210460705_tse-qcedjpsm-73200-20210210373200-ixbrl.htm
2021-02-10	四半期	当期第2四半期累計					QuarterlyStatementFilingDateAsPlanned			2021年２月10日	CurrentAccumulatedQ2Instant	/disc/73200/081220210210460705_tse-qcedjpsm-73200-20210210373200-ixbrl.htm
2021-02-10	四半期	当期第2四半期累計					SupplementalMaterialOfQuarterlyResults			有	CurrentAccumulatedQ2Instant	/disc/73200/081220210210460705_tse-qcedjpsm-73200-20210210373200-ixbrl.htm
2021-02-10	四半期	当期第2四半期累計					ConveningBriefingOfQuarterlyResults			有	CurrentAccumulatedQ2Instant	/disc/73200/081220210210460705_tse-qcedjpsm-73200-20210210373200-ixbrl.htm
2021-02-10	四半期	当期第2四半期累計					TargetForBriefingOfQuarterlyResults			（機関投資家・アナリスト向け）	CurrentAccumulatedQ2Instant	/disc/73200/081220210210460705_tse-qcedjpsm-73200-20210210373200-ixbrl.htm
2021-02-10	四半期	当期第2四半期累計					NoteToFractionProcessingMethod			（百万円未満切捨て）	CurrentAccumulatedQ2Instant	/disc/73200/081220210210460705_tse-qcedjpsm-73200-20210210373200-ixbrl.htm
2021-02-10	四半期	当期第2四半期累計	連結	実績		売上高	NetSales	1214000000	JPY	1,214	CurrentAccumulatedQ2Duration_ConsolidatedMember_ResultMember	/disc/73200/081220210210460705_tse-qcedjpsm-73200-20210210373200-ixbrl.htm
2021-02-10	四半期	当期第2四半期累計	連結	実績		売上高の増減率	ChangeInNetSales	0.250	Pure	25.0	CurrentAccumulatedQ2Duration_ConsolidatedMember_ResultMember	/disc/73200/081220210210460705_tse-qcedjpsm-73200-20210210373200-ixbrl.htm
2021-02-10	四半期	当期第2四半期累計	連結	実績		営業利益	OperatingIncome	176000000	JPY	176	CurrentAccumulatedQ2Duration_ConsolidatedMember_ResultMember	/disc/73200/081220210210460705_tse-qcedjpsm-73200-20210210373200-ixbrl.htm
2021-02-10	四半期	当期第2四半期累計	連結	実績		営業利益の増減率	ChangeInOperatingIncome	0.134	Pure	13.4	CurrentAccumulatedQ2Duration_ConsolidatedMember_ResultMember	/disc/73200/081220210210460705_tse-qcedjpsm-73200-20210210373200-ixbrl.htm
2021-02-10	四半期	当期第2四半期累計	連結	実績		経常利益	OrdinaryIncome	255000000	JPY	255	CurrentAccumulatedQ2Duration_ConsolidatedMember_ResultMember	/disc/73200/081220210210460705_tse-qcedjpsm-73200-20210210373200-ixbrl.htm
2021-02-10	四半期	当期第2四半期累計	連結	実績		経常利益の増減率	ChangeInOrdinaryIncome	0.236	Pure	23.6	CurrentAccumulatedQ2Duration_ConsolidatedMember_ResultMember	/disc/73200/081220210210460705_tse-qcedjpsm-73200-20210210373200-ixbrl.htm
2021-02-10	四半期	当期第2四半期累計	連結	実績		親会社株主に帰属する当期純利益	ProfitAttributableToOwnersOfParent	167000000	JPY	167	CurrentAccumulatedQ2Duration_ConsolidatedMember_ResultMember	/disc/73200/081220210210460705_tse-qcedjpsm-73200-20210210373200-ixbrl.htm
2021-02-10	四半期	当期第2四半期累計	連結	実績		親会社株主に帰属する当期純利益の増減率	ChangeInProfitAttributableToOwnersOfParent	0.218	Pure	21.8	CurrentAccumulatedQ2Duration_ConsolidatedMember_ResultMember	/disc/73200/081220210210460705_tse-qcedjpsm-73200-20210210373200-ixbrl.htm
2021-02-10	四半期	前期第2四半期累計	連結	実績		売上高	NetSales	971000000	JPY	971	PriorAccumulatedQ2Duration_ConsolidatedMember_ResultMember	/disc/73200/081220210210460705_tse-qcedjpsm-73200-20210210373200-ixbrl.htm
2021-02-10	四半期	前期第2四半期累計	連結	実績		売上高の増減率	ChangeInNetSales	0.369	Pure	36.9	PriorAccumulatedQ2Duration_ConsolidatedMember_ResultMember	/disc/73200/081220210210460705_tse-qcedjpsm-73200-20210210373200-ixbrl.htm
2021-02-10	四半期	前期第2四半期累計	連結	実績		営業利益	OperatingIncome	155000000	JPY	155	PriorAccumulatedQ2Duration_ConsolidatedMember_ResultMember	/disc/73200/081220210210460705_tse-qcedjpsm-73200-20210210373200-ixbrl.htm
2021-02-10	四半期	前期第2四半期累計	連結	実績		営業利益の増減率	ChangeInOperatingIncome	0.640	Pure	64.0	PriorAccumulatedQ2Duration_ConsolidatedMember_ResultMember	/disc/73200/081220210210460705_tse-qcedjpsm-73200-20210210373200-ixbrl.htm
2021-02-10	四半期	前期第2四半期累計	連結	実績		経常利益	OrdinaryIncome	206000000	JPY	206	PriorAccumulatedQ2Duration_ConsolidatedMember_ResultMember	/disc/73200/081220210210460705_tse-qcedjpsm-73200-20210210373200-ixbrl.htm
2021-02-10	四半期	前期第2四半期累計	連結	実績		経常利益の増減率	ChangeInOrdinaryIncome	0.935	Pure	93.5	PriorAccumulatedQ2Duration_ConsolidatedMember_ResultMember	/disc/73200/081220210210460705_tse-qcedjpsm-73200-20210210373200-ixbrl.htm
2021-02-10	四半期	前期第2四半期累計	連結	実績		親会社株主に帰属する当期純利益	ProfitAttributableToOwnersOfParent	137000000	JPY	137	PriorAccumulatedQ2Duration_ConsolidatedMember_ResultMember	/disc/73200/081220210210460705_tse-qcedjpsm-73200-20210210373200-ixbrl.htm
2021-02-10	四半期	前期第2四半期累計	連結	実績		親会社株主に帰属する当期純利益の増減率	ChangeInProfitAttributableToOwnersOfParent	0.840	Pure	84.0	PriorAccumulatedQ2Duration_ConsolidatedMember_ResultMember	/disc/73200/081220210210460705_tse-qcedjpsm-73200-20210210373200-ixbrl.htm
2021-02-10	四半期	当期第2四半期累計	連結	実績		包括利益	ComprehensiveIncome	187000000	JPY	187	CurrentAccumulatedQ2Duration_ConsolidatedMember_ResultMember	/disc/73200/081220210210460705_tse-qcedjpsm-73200-20210210373200-ixbrl.htm
2021-02-10	四半期	当期第2四半期累計	連結	実績		包括利益の増減率	ChangeInComprehensiveIncome	0.340	Pure	34.0	CurrentAccumulatedQ2Duration_ConsolidatedMember_ResultMember	/disc/73200/081220210210460705_tse-qcedjpsm-73200-20210210373200-ixbrl.htm
2021-02-10	四半期	前期第2四半期累計	連結	実績		包括利益	ComprehensiveIncome	139000000	JPY	139	PriorAccumulatedQ2Duration_ConsolidatedMember_ResultMember	/disc/73200/081220210210460705_tse-qcedjpsm-73200-20210210373200-ixbrl.htm
2021-02-10	四半期	前期第2四半期累計	連結	実績		包括利益の増減率	ChangeInComprehensiveIncome	0.901	Pure	90.1	PriorAccumulatedQ2Duration_ConsolidatedMember_ResultMember	/disc/73200/081220210210460705_tse-qcedjpsm-73200-20210210373200-ixbrl.htm
2021-02-10	四半期	当期第2四半期累計	連結	実績		1株当たり当期純利益	NetIncomePerShare	33.39	JPYPerShares	33.39	CurrentAccumulatedQ2Duration_ConsolidatedMember_ResultMember	/disc/73200/081220210210460705_tse-qcedjpsm-73200-20210210373200-ixbrl.htm
2021-02-10	四半期	当期第2四半期累計	連結	実績		潜在株式調整後1株当たり当期純利益	DilutedNetIncomePerShare	32.69	JPYPerShares	32.69	CurrentAccumulatedQ2Duration_ConsolidatedMember_ResultMember	/disc/73200/081220210210460705_tse-qcedjpsm-73200-20210210373200-ixbrl.htm
2021-02-10	四半期	前期第2四半期累計	連結	実績		1株当たり当期純利益	NetIncomePerShare	27.52	JPYPerShares	27.52	PriorAccumulatedQ2Duration_ConsolidatedMember_ResultMember	/disc/73200/081220210210460705_tse-qcedjpsm-73200-20210210373200-ixbrl.htm
2021-02-10	四半期	前期第2四半期累計	連結	実績		潜在株式調整後1株当たり当期純利益	DilutedNetIncomePerShare	26.86	JPYPerShares	26.86	PriorAccumulatedQ2Duration_ConsolidatedMember_ResultMember	/disc/73200/081220210210460705_tse-qcedjpsm-73200-20210210373200-ixbrl.htm
2021-02-10	四半期	当期第2四半期累計	連結	実績		総資産	TotalAssets	9893000000	JPY	9,893	CurrentAccumulatedQ2Instant_ConsolidatedMember_ResultMember	/disc/73200/081220210210460705_tse-qcedjpsm-73200-20210210373200-ixbrl.htm
2021-02-10	四半期	当期第2四半期累計	連結	実績		純資産	NetAssets	793000000	JPY	793	CurrentAccumulatedQ2Instant_ConsolidatedMember_ResultMember	/disc/73200/081220210210460705_tse-qcedjpsm-73200-20210210373200-ixbrl.htm
2021-02-10	四半期	当期第2四半期累計	連結	実績		自己資本比率	CapitalAdequacyRatio	0.080	Pure	8.0	CurrentAccumulatedQ2Instant_ConsolidatedMember_ResultMember	/disc/73200/081220210210460705_tse-qcedjpsm-73200-20210210373200-ixbrl.htm
2021-02-10	四半期	前期	連結	実績		総資産	TotalAssets	8288000000	JPY	8,288	PriorYearInstant_ConsolidatedMember_ResultMember	/disc/73200/081220210210460705_tse-qcedjpsm-73200-20210210373200-ixbrl.htm
2021-02-10	四半期	前期	連結	実績		純資産	NetAssets	630000000	JPY	630	PriorYearInstant_ConsolidatedMember_ResultMember	/disc/73200/081220210210460705_tse-qcedjpsm-73200-20210210373200-ixbrl.htm
2021-02-10	四半期	前期	連結	実績		自己資本比率	CapitalAdequacyRatio	0.076	Pure	7.6	PriorYearInstant_ConsolidatedMember_ResultMember	/disc/73200/081220210210460705_tse-qcedjpsm-73200-20210210373200-ixbrl.htm
2021-02-10	四半期	当期第2四半期累計	連結	実績		自己資本	OwnersEquity	793000000	JPY	793	CurrentAccumulatedQ2Instant_ConsolidatedMember_ResultMember	/disc/73200/081220210210460705_tse-qcedjpsm-73200-20210210373200-ixbrl.htm
2021-02-10	四半期	前期	連結	実績		自己資本	OwnersEquity	630000000	JPY	630	PriorYearInstant_ConsolidatedMember_ResultMember	/disc/73200/081220210210460705_tse-qcedjpsm-73200-20210210373200-ixbrl.htm
2021-02-10	四半期	前期	単体	実績	第2四半期末	1株当たり配当金	DividendPerShare	0.00	JPYPerShares	0.00	PriorYearDuration_SecondQuarterMember_NonConsolidatedMember_ResultMember	/disc/73200/081220210210460705_tse-qcedjpsm-73200-20210210373200-ixbrl.htm
2021-02-10	四半期	前期	単体	実績	期末	1株当たり配当金	DividendPerShare	5.00	JPYPerShares	5.00	PriorYearDuration_YearEndMember_NonConsolidatedMember_ResultMember	/disc/73200/081220210210460705_tse-qcedjpsm-73200-20210210373200-ixbrl.htm
2021-02-10	四半期	前期	単体	実績	合計	1株当たり配当金	DividendPerShare	5.00	JPYPerShares	5.00	PriorYearDuration_AnnualMember_NonConsolidatedMember_ResultMember	/disc/73200/081220210210460705_tse-qcedjpsm-73200-20210210373200-ixbrl.htm
2021-02-10	四半期	当期	単体	実績	第2四半期末	1株当たり配当金	DividendPerShare	0.00	JPYPerShares	0.00	CurrentYearDuration_SecondQuarterMember_NonConsolidatedMember_ResultMember	/disc/73200/081220210210460705_tse-qcedjpsm-73200-20210210373200-ixbrl.htm
2021-02-10	四半期	当期	単体	予想	期末	1株当たり配当金	DividendPerShare	5.00	JPYPerShares	5.00	CurrentYearDuration_YearEndMember_NonConsolidatedMember_ForecastMember	/disc/73200/081220210210460705_tse-qcedjpsm-73200-20210210373200-ixbrl.htm
2021-02-10	四半期	当期	単体	予想	合計	1株当たり配当金	DividendPerShare	5.00	JPYPerShares	5.00	CurrentYearDuration_AnnualMember_NonConsolidatedMember_ForecastMember	/disc/73200/081220210210460705_tse-qcedjpsm-73200-20210210373200-ixbrl.htm
2021-02-10	四半期	当期	単体	実績	合計	当四半期における配当予想の修正	CorrectionOfDividendForecastInThisQuarter			無	CurrentYearDuration_AnnualMember_NonConsolidatedMember_ResultMember	/disc/73200/081220210210460705_tse-qcedjpsm-73200-20210210373200-ixbrl.htm
2021-02-10	四半期	当期	連結	予想		業績予想の見出し	TitleForForecasts			３．2021年６月期の連結業績予想（2020年７月１日～2021年６月30日）	CurrentYearDuration_ConsolidatedMember_ForecastMember	/disc/73200/081220210210460705_tse-qcedjpsm-73200-20210210373200-ixbrl.htm
2021-02-10	四半期	当期	連結	予想		売上高	NetSales	2400000000	JPY	2,400	CurrentYearDuration_ConsolidatedMember_ForecastMember	/disc/73200/081220210210460705_tse-qcedjpsm-73200-20210210373200-ixbrl.htm
2021-02-10	四半期	当期	連結	予想		売上高の増減率	ChangeInNetSales	0.228	Pure	22.8	CurrentYearDuration_ConsolidatedMember_ForecastMember	/disc/73200/081220210210460705_tse-qcedjpsm-73200-20210210373200-ixbrl.htm
2021-02-10	四半期	当期	連結	予想		営業利益	OperatingIncome	310000000	JPY	310	CurrentYearDuration_ConsolidatedMember_ForecastMember	/disc/73200/081220210210460705_tse-qcedjpsm-73200-20210210373200-ixbrl.htm
2021-02-10	四半期	当期	連結	予想		営業利益の増減率	ChangeInOperatingIncome	0.520	Pure	52.0	CurrentYearDuration_ConsolidatedMember_ForecastMember	/disc/73200/081220210210460705_tse-qcedjpsm-73200-20210210373200-ixbrl.htm
2021-02-10	四半期	当期	連結	予想		経常利益	OrdinaryIncome	430000000	JPY	430	CurrentYearDuration_ConsolidatedMember_ForecastMember	/disc/73200/081220210210460705_tse-qcedjpsm-73200-20210210373200-ixbrl.htm
2021-02-10	四半期	当期	連結	予想		経常利益の増減率	ChangeInOrdinaryIncome	0.514	Pure	51.4	CurrentYearDuration_ConsolidatedMember_ForecastMember	/disc/73200/081220210210460705_tse-qcedjpsm-73200-20210210373200-ixbrl.htm
2021-02-10	四半期	当期	連結	予想		親会社株主に帰属する当期純利益	ProfitAttributableToOwnersOfParent	268000000	JPY	268	CurrentYearDuration_ConsolidatedMember_ForecastMember	/disc/73200/081220210210460705_tse-qcedjpsm-73200-20210210373200-ixbrl.htm
2021-02-10	四半期	当期	連結	予想		親会社株主に帰属する当期純利益の増減率	ChangeInProfitAttributableToOwnersOfParent	0.443	Pure	44.3	CurrentYearDuration_ConsolidatedMember_ForecastMember	/disc/73200/081220210210460705_tse-qcedjpsm-73200-20210210373200-ixbrl.htm
2021-02-10	四半期	当期	連結	予想		1株当たり当期純利益	NetIncomePerShare	53.64	JPYPerShares	53.64	CurrentYearDuration_ConsolidatedMember_ForecastMember	/disc/73200/081220210210460705_tse-qcedjpsm-73200-20210210373200-ixbrl.htm
2021-02-10	四半期	当期	連結	予想		当四半期における業績予想の修正	CorrectionOfConsolidatedFinancialForecastInThisQuarter			無	CurrentYearDuration_ConsolidatedMember_ForecastMember	/disc/73200/081220210210460705_tse-qcedjpsm-73200-20210210373200-ixbrl.htm
2021-02-10	四半期	当期第2四半期累計	連結	実績			MaterialChangesInSubsidiariesDuringThisPeriodChangesInScopeOfConsolidationsResultingFromChangeIsSubsidiaries			無	CurrentAccumulatedQ2Duration_ConsolidatedMember_ResultMember	/disc/73200/081220210210460705_tse-qcedjpsm-73200-20210210373200-ixbrl.htm
2021-02-10	四半期	当期第2四半期累計	連結	実績			ApplyingOfSpecificAccountingOfTheConsolidatedQuarterlyFinancialStatements			有	CurrentAccumulatedQ2Duration_ConsolidatedMember_ResultMember	/disc/73200/081220210210460705_tse-qcedjpsm-73200-20210210373200-ixbrl.htm
2021-02-10	四半期	当期第2四半期累計	連結	実績			NoteToApplyingOfSpecificAccountingOfTheConsolidatedQuarterlyFinancialStatements			（注）詳細は、添付資料Ｐ．８「２．四半期連結財務諸表及び主な注記 （４）四半期連結財務諸表に関する注記事項 （四半期連結財務諸表の作成に特有の会計処理の適用）」をご覧ください。	CurrentAccumulatedQ2Duration_ConsolidatedMember_ResultMember	/disc/73200/081220210210460705_tse-qcedjpsm-73200-20210210373200-ixbrl.htm
2021-02-10	四半期	当期第2四半期累計	連結	実績		会計基準等の改正に伴う変更	ChangesBasedOnRevisionsOfAccountingStandard			無	CurrentAccumulatedQ2Duration_ConsolidatedMember_ResultMember	/disc/73200/081220210210460705_tse-qcedjpsm-73200-20210210373200-ixbrl.htm
2021-02-10	四半期	当期第2四半期累計	連結	実績		それ以外の会計方針の変更	ChangesOtherThanOnesBasedOnRevisionsOfAccountingStandard			無	CurrentAccumulatedQ2Duration_ConsolidatedMember_ResultMember	/disc/73200/081220210210460705_tse-qcedjpsm-73200-20210210373200-ixbrl.htm
2021-02-10	四半期	当期第2四半期累計	連結	実績		会計上の見積りの変更	ChangesInAccountingEstimates			無	CurrentAccumulatedQ2Duration_ConsolidatedMember_ResultMember	/disc/73200/081220210210460705_tse-qcedjpsm-73200-20210210373200-ixbrl.htm
2021-02-10	四半期	当期第2四半期累計	連結	実績		修正再表示	RetrospectiveRestatement			無	CurrentAccumulatedQ2Duration_ConsolidatedMember_ResultMember	/disc/73200/081220210210460705_tse-qcedjpsm-73200-20210210373200-ixbrl.htm
2021-02-10	四半期	当期第2四半期累計	単体	実績		期末発行済株式数(自己株式を含む)	NumberOfIssuedAndOutstandingSharesAtTheEndOfFiscalYearIncludingTreasuryStock	5004300	Shares	5,004,300	CurrentAccumulatedQ2Instant_NonConsolidatedMember_ResultMember	/disc/73200/081220210210460705_tse-qcedjpsm-73200-20210210373200-ixbrl.htm
2021-02-10	四半期	前期	単体	実績		期末発行済株式数(自己株式を含む)	NumberOfIssuedAndOutstandingSharesAtTheEndOfFiscalYearIncludingTreasuryStock	5004300	Shares	5,004,300	PriorYearInstant_NonConsolidatedMember_ResultMember	/disc/73200/081220210210460705_tse-qcedjpsm-73200-20210210373200-ixbrl.htm
2021-02-10	四半期	当期第2四半期累計	単体	実績		期末自己株式数	NumberOfTreasuryStockAtTheEndOfFiscalYear	214	Shares	214	CurrentAccumulatedQ2Instant_NonConsolidatedMember_ResultMember	/disc/73200/081220210210460705_tse-qcedjpsm-73200-20210210373200-ixbrl.htm
2021-02-10	四半期	前期	単体	実績		期末自己株式数	NumberOfTreasuryStockAtTheEndOfFiscalYear	83	Shares	83	PriorYearInstant_NonConsolidatedMember_ResultMember	/disc/73200/081220210210460705_tse-qcedjpsm-73200-20210210373200-ixbrl.htm
2021-02-10	四半期	当期第2四半期累計	単体	実績		期中平均株式数	AverageNumberOfShares	5004147	Shares	5,004,147	CurrentAccumulatedQ2Duration_NonConsolidatedMember_ResultMember	/disc/73200/081220210210460705_tse-qcedjpsm-73200-20210210373200-ixbrl.htm
2021-02-10	四半期	前期第2四半期累計	単体	実績		期中平均株式数	AverageNumberOfShares	4985064	Shares	4,985,064	PriorAccumulatedQ2Duration_NonConsolidatedMember_ResultMember	/disc/73200/081220210210460705_tse-qcedjpsm-73200-20210210373200-ixbrl.htm
2021-02-10	四半期	当期				将来情報の利用に関する注意	NotesForUsingForecastedInformationAndOthers			（将来に関する記述等についてのご注意） 本資料に記載されている業績見通し等の将来に関する記述は、当社が入手している情報及び合理的であると判断する一定の前提に基づいており、その達成を当社として約束する趣旨のものではありません。また、実際の業績等は様々な要因により大きく異なる場合があります。業績予想の前提となる条件及び業績予想のご利用に当たっての注意事項等については、添付資料Ｐ．４「１．当四半期決算に関する定性的情報 （４）連結業績予想などの将来予測情報に関する説明」をご覧ください。&#160;（四半期決算補足説明資料及び四半期決算説明会内容の入手方法） 当社は、2021年２月12日（金）に機関投資家及びアナリスト向け説明会を開催する予定です。この説明会で使用する説明会資料は、開催後速やかに当社ウェブサイトに掲載する予定です。	CurrentYearDuration	/disc/73200/081220210210460705_tse-qcedjpsm-73200-20210210373200-ixbrl.htm
2021-02-10	四半期	当期				決算期末	FiscalYearEnd			2021-06-30	CurrentYearInstant	/disc/73200/081220210210460705_tse-qcedjpsm-73200-20210210373200-ixbrl.htm
2021-02-10	四半期	当期第2四半期累計				四半期	QuarterlyPeriod	2	Pure	2	CurrentAccumulatedQ2Instant	/disc/73200/081220210210460705_tse-qcedjpsm-73200-20210210373200-ixbrl.htm
2021-05-10	四半期	当期第3四半期累計				書類名	DocumentName			第３四半期決算短信〔日本基準〕（連結）	CurrentAccumulatedQ3Instant	/disc/73200/081220210510408897_tse-qcedjpsm-73200-20210510373200-ixbrl.htm
2021-05-10	四半期	当期第3四半期累計				提出日	FilingDate			2021年５月10日	CurrentAccumulatedQ3Instant	/disc/73200/081220210510408897_tse-qcedjpsm-73200-20210510373200-ixbrl.htm
2021-05-10	四半期	当期第3四半期累計				会社名	CompanyName			日本リビング保証株式会社	CurrentAccumulatedQ3Instant	/disc/73200/081220210510408897_tse-qcedjpsm-73200-20210510373200-ixbrl.htm
2021-05-10	四半期	当期第3四半期累計					TokyoStockExchange			東	CurrentAccumulatedQ3Instant	/disc/73200/081220210510408897_tse-qcedjpsm-73200-20210510373200-ixbrl.htm
2021-05-10	四半期	当期第3四半期累計				証券コード	SecuritiesCode			7320	CurrentAccumulatedQ3Instant	/disc/73200/081220210510408897_tse-qcedjpsm-73200-20210510373200-ixbrl.htm
2021-05-10	四半期	当期第3四半期累計				URL	URL			https://jlw.jp	CurrentAccumulatedQ3Instant	/disc/73200/081220210510408897_tse-qcedjpsm-73200-20210510373200-ixbrl.htm
2021-05-10	四半期	当期第3四半期累計				代表者の役職	TitleRepresentative			代表取締役社長	CurrentAccumulatedQ3Instant	/disc/73200/081220210510408897_tse-qcedjpsm-73200-20210510373200-ixbrl.htm
2021-05-10	四半期	当期第3四半期累計				代表者名	NameRepresentative			安達&#160; 慶高	CurrentAccumulatedQ3Instant	/disc/73200/081220210510408897_tse-qcedjpsm-73200-20210510373200-ixbrl.htm
2021-05-10	四半期	当期第3四半期累計					TitleInquiries			取締役管理本部長	CurrentAccumulatedQ3Instant	/disc/73200/081220210510408897_tse-qcedjpsm-73200-20210510373200-ixbrl.htm
2021-05-10	四半期	当期第3四半期累計					NameInquiries			吉川 淳史	CurrentAccumulatedQ3Instant	/disc/73200/081220210510408897_tse-qcedjpsm-73200-20210510373200-ixbrl.htm
2021-05-10	四半期	当期第3四半期累計					Tel			03-6276-0401	CurrentAccumulatedQ3Instant	/disc/73200/081220210510408897_tse-qcedjpsm-73200-20210510373200-ixbrl.htm
2021-05-10	四半期	当期第3四半期累計					QuarterlyStatementFilingDateAsPlanned			2021年５月10日	CurrentAccumulatedQ3Instant	/disc/73200/081220210510408897_tse-qcedjpsm-73200-20210510373200-ixbrl.htm
2021-05-10	四半期	当期第3四半期累計					SupplementalMaterialOfQuarterlyResults			有	CurrentAccumulatedQ3Instant	/disc/73200/081220210510408897_tse-qcedjpsm-73200-20210510373200-ixbrl.htm
2021-05-10	四半期	当期第3四半期累計					ConveningBriefingOfQuarterlyResults			無	CurrentAccumulatedQ3Instant	/disc/73200/081220210510408897_tse-qcedjpsm-73200-20210510373200-ixbrl.htm
2021-05-10	四半期	当期第3四半期累計					NoteToFractionProcessingMethod			（百万円未満切捨て）	CurrentAccumulatedQ3Instant	/disc/73200/081220210510408897_tse-qcedjpsm-73200-20210510373200-ixbrl.htm
2021-05-10	四半期	当期第3四半期累計	連結	実績		売上高	NetSales	1965000000	JPY	1,965	CurrentAccumulatedQ3Duration_ConsolidatedMember_ResultMember	/disc/73200/081220210510408897_tse-qcedjpsm-73200-20210510373200-ixbrl.htm
2021-05-10	四半期	当期第3四半期累計	連結	実績		売上高の増減率	ChangeInNetSales	0.337	Pure	33.7	CurrentAccumulatedQ3Duration_ConsolidatedMember_ResultMember	/disc/73200/081220210510408897_tse-qcedjpsm-73200-20210510373200-ixbrl.htm
2021-05-10	四半期	当期第3四半期累計	連結	実績		営業利益	OperatingIncome	371000000	JPY	371	CurrentAccumulatedQ3Duration_ConsolidatedMember_ResultMember	/disc/73200/081220210510408897_tse-qcedjpsm-73200-20210510373200-ixbrl.htm
2021-05-10	四半期	当期第3四半期累計	連結	実績		営業利益の増減率	ChangeInOperatingIncome	0.838	Pure	83.8	CurrentAccumulatedQ3Duration_ConsolidatedMember_ResultMember	/disc/73200/081220210510408897_tse-qcedjpsm-73200-20210510373200-ixbrl.htm
2021-05-10	四半期	当期第3四半期累計	連結	実績		経常利益	OrdinaryIncome	470000000	JPY	470	CurrentAccumulatedQ3Duration_ConsolidatedMember_ResultMember	/disc/73200/081220210510408897_tse-qcedjpsm-73200-20210510373200-ixbrl.htm
2021-05-10	四半期	当期第3四半期累計	連結	実績		経常利益の増減率	ChangeInOrdinaryIncome	0.760	Pure	76.0	CurrentAccumulatedQ3Duration_ConsolidatedMember_ResultMember	/disc/73200/081220210510408897_tse-qcedjpsm-73200-20210510373200-ixbrl.htm
2021-05-10	四半期	当期第3四半期累計	連結	実績		親会社株主に帰属する当期純利益	ProfitAttributableToOwnersOfParent	315000000	JPY	315	CurrentAccumulatedQ3Duration_ConsolidatedMember_ResultMember	/disc/73200/081220210510408897_tse-qcedjpsm-73200-20210510373200-ixbrl.htm
2021-05-10	四半期	当期第3四半期累計	連結	実績		親会社株主に帰属する当期純利益の増減率	ChangeInProfitAttributableToOwnersOfParent	0.775	Pure	77.5	CurrentAccumulatedQ3Duration_ConsolidatedMember_ResultMember	/disc/73200/081220210510408897_tse-qcedjpsm-73200-20210510373200-ixbrl.htm
2021-05-10	四半期	前期第3四半期累計	連結	実績		売上高	NetSales	1469000000	JPY	1,469	PriorAccumulatedQ3Duration_ConsolidatedMember_ResultMember	/disc/73200/081220210510408897_tse-qcedjpsm-73200-20210510373200-ixbrl.htm
2021-05-10	四半期	前期第3四半期累計	連結	実績		売上高の増減率	ChangeInNetSales	0.335	Pure	33.5	PriorAccumulatedQ3Duration_ConsolidatedMember_ResultMember	/disc/73200/081220210510408897_tse-qcedjpsm-73200-20210510373200-ixbrl.htm
2021-05-10	四半期	前期第3四半期累計	連結	実績		営業利益	OperatingIncome	202000000	JPY	202	PriorAccumulatedQ3Duration_ConsolidatedMember_ResultMember	/disc/73200/081220210510408897_tse-qcedjpsm-73200-20210510373200-ixbrl.htm
2021-05-10	四半期	前期第3四半期累計	連結	実績		営業利益の増減率	ChangeInOperatingIncome	0.742	Pure	74.2	PriorAccumulatedQ3Duration_ConsolidatedMember_ResultMember	/disc/73200/081220210510408897_tse-qcedjpsm-73200-20210510373200-ixbrl.htm
2021-05-10	四半期	前期第3四半期累計	連結	実績		経常利益	OrdinaryIncome	267000000	JPY	267	PriorAccumulatedQ3Duration_ConsolidatedMember_ResultMember	/disc/73200/081220210510408897_tse-qcedjpsm-73200-20210510373200-ixbrl.htm
2021-05-10	四半期	前期第3四半期累計	連結	実績		経常利益の増減率	ChangeInOrdinaryIncome	0.856	Pure	85.6	PriorAccumulatedQ3Duration_ConsolidatedMember_ResultMember	/disc/73200/081220210510408897_tse-qcedjpsm-73200-20210510373200-ixbrl.htm
2021-05-10	四半期	前期第3四半期累計	連結	実績		親会社株主に帰属する当期純利益	ProfitAttributableToOwnersOfParent	177000000	JPY	177	PriorAccumulatedQ3Duration_ConsolidatedMember_ResultMember	/disc/73200/081220210510408897_tse-qcedjpsm-73200-20210510373200-ixbrl.htm
2021-05-10	四半期	前期第3四半期累計	連結	実績		親会社株主に帰属する当期純利益の増減率	ChangeInProfitAttributableToOwnersOfParent	0.808	Pure	80.8	PriorAccumulatedQ3Duration_ConsolidatedMember_ResultMember	/disc/73200/081220210510408897_tse-qcedjpsm-73200-20210510373200-ixbrl.htm
2021-05-10	四半期	当期第3四半期累計	連結	実績		包括利益	ComprehensiveIncome	358000000	JPY	358	CurrentAccumulatedQ3Duration_ConsolidatedMember_ResultMember	/disc/73200/081220210510408897_tse-qcedjpsm-73200-20210510373200-ixbrl.htm
2021-05-10	四半期	当期第3四半期累計	連結	実績		包括利益の増減率	ChangeInComprehensiveIncome	1.842	Pure	184.2	CurrentAccumulatedQ3Duration_ConsolidatedMember_ResultMember	/disc/73200/081220210510408897_tse-qcedjpsm-73200-20210510373200-ixbrl.htm
2021-05-10	四半期	前期第3四半期累計	連結	実績		包括利益	ComprehensiveIncome	126000000	JPY	126	PriorAccumulatedQ3Duration_ConsolidatedMember_ResultMember	/disc/73200/081220210510408897_tse-qcedjpsm-73200-20210510373200-ixbrl.htm
2021-05-10	四半期	前期第3四半期累計	連結	実績		包括利益の増減率	ChangeInComprehensiveIncome	0.215	Pure	21.5	PriorAccumulatedQ3Duration_ConsolidatedMember_ResultMember	/disc/73200/081220210510408897_tse-qcedjpsm-73200-20210510373200-ixbrl.htm
2021-05-10	四半期	当期第3四半期累計	連結	実績		1株当たり当期純利益	NetIncomePerShare	63.09	JPYPerShares	63.09	CurrentAccumulatedQ3Duration_ConsolidatedMember_ResultMember	/disc/73200/081220210510408897_tse-qcedjpsm-73200-20210510373200-ixbrl.htm
2021-05-10	四半期	当期第3四半期累計	連結	実績		潜在株式調整後1株当たり当期純利益	DilutedNetIncomePerShare	61.75	JPYPerShares	61.75	CurrentAccumulatedQ3Duration_ConsolidatedMember_ResultMember	/disc/73200/081220210510408897_tse-qcedjpsm-73200-20210510373200-ixbrl.htm
2021-05-10	四半期	前期第3四半期累計	連結	実績		1株当たり当期純利益	NetIncomePerShare	35.57	JPYPerShares	35.57	PriorAccumulatedQ3Duration_ConsolidatedMember_ResultMember	/disc/73200/081220210510408897_tse-qcedjpsm-73200-20210510373200-ixbrl.htm
2021-05-10	四半期	前期第3四半期累計	連結	実績		潜在株式調整後1株当たり当期純利益	DilutedNetIncomePerShare	34.74	JPYPerShares	34.74	PriorAccumulatedQ3Duration_ConsolidatedMember_ResultMember	/disc/73200/081220210510408897_tse-qcedjpsm-73200-20210510373200-ixbrl.htm
2021-05-10	四半期	当期第3四半期累計	連結	実績		総資産	TotalAssets	11679000000	JPY	11,679	CurrentAccumulatedQ3Instant_ConsolidatedMember_ResultMember	/disc/73200/081220210510408897_tse-qcedjpsm-73200-20210510373200-ixbrl.htm
2021-05-10	四半期	当期第3四半期累計	連結	実績		純資産	NetAssets	844000000	JPY	844	CurrentAccumulatedQ3Instant_ConsolidatedMember_ResultMember	/disc/73200/081220210510408897_tse-qcedjpsm-73200-20210510373200-ixbrl.htm
2021-05-10	四半期	当期第3四半期累計	連結	実績		自己資本比率	CapitalAdequacyRatio	0.072	Pure	7.2	CurrentAccumulatedQ3Instant_ConsolidatedMember_ResultMember	/disc/73200/081220210510408897_tse-qcedjpsm-73200-20210510373200-ixbrl.htm
2021-05-10	四半期	前期	連結	実績		総資産	TotalAssets	8288000000	JPY	8,288	PriorYearInstant_ConsolidatedMember_ResultMember	/disc/73200/081220210510408897_tse-qcedjpsm-73200-20210510373200-ixbrl.htm
2021-05-10	四半期	前期	連結	実績		純資産	NetAssets	630000000	JPY	630	PriorYearInstant_ConsolidatedMember_ResultMember	/disc/73200/081220210510408897_tse-qcedjpsm-73200-20210510373200-ixbrl.htm
2021-05-10	四半期	前期	連結	実績		自己資本比率	CapitalAdequacyRatio	0.076	Pure	7.6	PriorYearInstant_ConsolidatedMember_ResultMember	/disc/73200/081220210510408897_tse-qcedjpsm-73200-20210510373200-ixbrl.htm
2021-05-10	四半期	当期第3四半期累計	連結	実績		自己資本	OwnersEquity	844000000	JPY	844	CurrentAccumulatedQ3Instant_ConsolidatedMember_ResultMember	/disc/73200/081220210510408897_tse-qcedjpsm-73200-20210510373200-ixbrl.htm
2021-05-10	四半期	前期	連結	実績		自己資本	OwnersEquity	630000000	JPY	630	PriorYearInstant_ConsolidatedMember_ResultMember	/disc/73200/081220210510408897_tse-qcedjpsm-73200-20210510373200-ixbrl.htm
2021-05-10	四半期	前期	単体	実績	第2四半期末	1株当たり配当金	DividendPerShare	0.00	JPYPerShares	0.00	PriorYearDuration_SecondQuarterMember_NonConsolidatedMember_ResultMember	/disc/73200/081220210510408897_tse-qcedjpsm-73200-20210510373200-ixbrl.htm
2021-05-10	四半期	前期	単体	実績	期末	1株当たり配当金	DividendPerShare	5.00	JPYPerShares	5.00	PriorYearDuration_YearEndMember_NonConsolidatedMember_ResultMember	/disc/73200/081220210510408897_tse-qcedjpsm-73200-20210510373200-ixbrl.htm
2021-05-10	四半期	前期	単体	実績	合計	1株当たり配当金	DividendPerShare	5.00	JPYPerShares	5.00	PriorYearDuration_AnnualMember_NonConsolidatedMember_ResultMember	/disc/73200/081220210510408897_tse-qcedjpsm-73200-20210510373200-ixbrl.htm
2021-05-10	四半期	当期	単体	実績	第2四半期末	1株当たり配当金	DividendPerShare	0.00	JPYPerShares	0.00	CurrentYearDuration_SecondQuarterMember_NonConsolidatedMember_ResultMember	/disc/73200/081220210510408897_tse-qcedjpsm-73200-20210510373200-ixbrl.htm
2021-05-10	四半期	当期	単体	予想	期末	1株当たり配当金	DividendPerShare	5.00	JPYPerShares	5.00	CurrentYearDuration_YearEndMember_NonConsolidatedMember_ForecastMember	/disc/73200/081220210510408897_tse-qcedjpsm-73200-20210510373200-ixbrl.htm
2021-05-10	四半期	当期	単体	予想	合計	1株当たり配当金	DividendPerShare	5.00	JPYPerShares	5.00	CurrentYearDuration_AnnualMember_NonConsolidatedMember_ForecastMember	/disc/73200/081220210510408897_tse-qcedjpsm-73200-20210510373200-ixbrl.htm
2021-05-10	四半期	当期	単体	実績	合計	当四半期における配当予想の修正	CorrectionOfDividendForecastInThisQuarter			無	CurrentYearDuration_AnnualMember_NonConsolidatedMember_ResultMember	/disc/73200/081220210510408897_tse-qcedjpsm-73200-20210510373200-ixbrl.htm
2021-05-10	四半期	当期	連結	予想		業績予想の見出し	TitleForForecasts			３．2021年６月期の連結業績予想（2020年７月１日～2021年６月30日）	CurrentYearDuration_ConsolidatedMember_ForecastMember	/disc/73200/081220210510408897_tse-qcedjpsm-73200-20210510373200-ixbrl.htm
2021-05-10	四半期	当期	連結	予想		売上高	NetSales	2700000000	JPY	2,700	CurrentYearDuration_ConsolidatedMember_ForecastMember	/disc/73200/081220210510408897_tse-qcedjpsm-73200-20210510373200-ixbrl.htm
2021-05-10	四半期	当期	連結	予想		売上高の増減率	ChangeInNetSales	0.381	Pure	38.1	CurrentYearDuration_ConsolidatedMember_ForecastMember	/disc/73200/081220210510408897_tse-qcedjpsm-73200-20210510373200-ixbrl.htm
2021-05-10	四半期	当期	連結	予想		営業利益	OperatingIncome	550000000	JPY	550	CurrentYearDuration_ConsolidatedMember_ForecastMember	/disc/73200/081220210510408897_tse-qcedjpsm-73200-20210510373200-ixbrl.htm
2021-05-10	四半期	当期	連結	予想		営業利益の増減率	ChangeInOperatingIncome	1.686	Pure	168.6	CurrentYearDuration_ConsolidatedMember_ForecastMember	/disc/73200/081220210510408897_tse-qcedjpsm-73200-20210510373200-ixbrl.htm
2021-05-10	四半期	当期	連結	予想		経常利益	OrdinaryIncome	650000000	JPY	650	CurrentYearDuration_ConsolidatedMember_ForecastMember	/disc/73200/081220210510408897_tse-qcedjpsm-73200-20210510373200-ixbrl.htm
2021-05-10	四半期	当期	連結	予想		経常利益の増減率	ChangeInOrdinaryIncome	1.283	Pure	128.3	CurrentYearDuration_ConsolidatedMember_ForecastMember	/disc/73200/081220210510408897_tse-qcedjpsm-73200-20210510373200-ixbrl.htm
2021-05-10	四半期	当期	連結	予想		親会社株主に帰属する当期純利益	ProfitAttributableToOwnersOfParent	437000000	JPY	437	CurrentYearDuration_ConsolidatedMember_ForecastMember	/disc/73200/081220210510408897_tse-qcedjpsm-73200-20210510373200-ixbrl.htm
2021-05-10	四半期	当期	連結	予想		親会社株主に帰属する当期純利益の増減率	ChangeInProfitAttributableToOwnersOfParent	1.342	Pure	134.2	CurrentYearDuration_ConsolidatedMember_ForecastMember	/disc/73200/081220210510408897_tse-qcedjpsm-73200-20210510373200-ixbrl.htm
2021-05-10	四半期	当期	連結	予想		1株当たり当期純利益	NetIncomePerShare	87.68	JPYPerShares	87.68	CurrentYearDuration_ConsolidatedMember_ForecastMember	/disc/73200/081220210510408897_tse-qcedjpsm-73200-20210510373200-ixbrl.htm
2021-05-10	四半期	当期	連結	予想		当四半期における業績予想の修正	CorrectionOfConsolidatedFinancialForecastInThisQuarter			有	CurrentYearDuration_ConsolidatedMember_ForecastMember	/disc/73200/081220210510408897_tse-qcedjpsm-73200-20210510373200-ixbrl.htm
2021-05-10	四半期	当期第3四半期累計	連結	実績			MaterialChangesInSubsidiariesDuringThisPeriodChangesInScopeOfConsolidationsResultingFromChangeIsSubsidiaries			無	CurrentAccumulatedQ3Duration_ConsolidatedMember_ResultMember	/disc/73200/081220210510408897_tse-qcedjpsm-73200-20210510373200-ixbrl.htm
2021-05-10	四半期	当期第3四半期累計	連結	実績			ApplyingOfSpecificAccountingOfTheConsolidatedQuarterlyFinancialStatements			有	CurrentAccumulatedQ3Duration_ConsolidatedMember_ResultMember	/disc/73200/081220210510408897_tse-qcedjpsm-73200-20210510373200-ixbrl.htm
2021-05-10	四半期	当期第3四半期累計	連結	実績			NoteToApplyingOfSpecificAccountingOfTheConsolidatedQuarterlyFinancialStatements			（注）詳細は、添付資料Ｐ．７「２．四半期連結財務諸表及び主な注記 （３）四半期連結財務諸表に関する注記事項 （四半期連結財務諸表の作成に特有の会計処理の適用）」をご覧ください。	CurrentAccumulatedQ3Duration_ConsolidatedMember_ResultMember	/disc/73200/081220210510408897_tse-qcedjpsm-73200-20210510373200-ixbrl.htm
2021-05-10	四半期	当期第3四半期累計	連結	実績		会計基準等の改正に伴う変更	ChangesBasedOnRevisionsOfAccountingStandard			無	CurrentAccumulatedQ3Duration_ConsolidatedMember_ResultMember	/disc/73200/081220210510408897_tse-qcedjpsm-73200-20210510373200-ixbrl.htm
2021-05-10	四半期	当期第3四半期累計	連結	実績		それ以外の会計方針の変更	ChangesOtherThanOnesBasedOnRevisionsOfAccountingStandard			無	CurrentAccumulatedQ3Duration_ConsolidatedMember_ResultMember	/disc/73200/081220210510408897_tse-qcedjpsm-73200-20210510373200-ixbrl.htm
2021-05-10	四半期	当期第3四半期累計	連結	実績		会計上の見積りの変更	ChangesInAccountingEstimates			無	CurrentAccumulatedQ3Duration_ConsolidatedMember_ResultMember	/disc/73200/081220210510408897_tse-qcedjpsm-73200-20210510373200-ixbrl.htm
2021-05-10	四半期	当期第3四半期累計	連結	実績		修正再表示	RetrospectiveRestatement			無	CurrentAccumulatedQ3Duration_ConsolidatedMember_ResultMember	/disc/73200/081220210510408897_tse-qcedjpsm-73200-20210510373200-ixbrl.htm
2021-05-10	四半期	当期第3四半期累計	単体	実績		期末発行済株式数(自己株式を含む)	NumberOfIssuedAndOutstandingSharesAtTheEndOfFiscalYearIncludingTreasuryStock	5004300	Shares	5,004,300	CurrentAccumulatedQ3Instant_NonConsolidatedMember_ResultMember	/disc/73200/081220210510408897_tse-qcedjpsm-73200-20210510373200-ixbrl.htm
2021-05-10	四半期	前期	単体	実績		期末発行済株式数(自己株式を含む)	NumberOfIssuedAndOutstandingSharesAtTheEndOfFiscalYearIncludingTreasuryStock	5004300	Shares	5,004,300	PriorYearInstant_NonConsolidatedMember_ResultMember	/disc/73200/081220210510408897_tse-qcedjpsm-73200-20210510373200-ixbrl.htm
2021-05-10	四半期	当期第3四半期累計	単体	実績		期末自己株式数	NumberOfTreasuryStockAtTheEndOfFiscalYear	56114	Shares	56,114	CurrentAccumulatedQ3Instant_NonConsolidatedMember_ResultMember	/disc/73200/081220210510408897_tse-qcedjpsm-73200-20210510373200-ixbrl.htm
2021-05-10	四半期	前期	単体	実績		期末自己株式数	NumberOfTreasuryStockAtTheEndOfFiscalYear	83	Shares	83	PriorYearInstant_NonConsolidatedMember_ResultMember	/disc/73200/081220210510408897_tse-qcedjpsm-73200-20210510373200-ixbrl.htm
2021-05-10	四半期	当期第3四半期累計	単体	実績		期中平均株式数	AverageNumberOfShares	4995355	Shares	4,995,355	CurrentAccumulatedQ3Duration_NonConsolidatedMember_ResultMember	/disc/73200/081220210510408897_tse-qcedjpsm-73200-20210510373200-ixbrl.htm
2021-05-10	四半期	前期第3四半期累計	単体	実績		期中平均株式数	AverageNumberOfShares	4990438	Shares	4,990,438	PriorAccumulatedQ3Duration_NonConsolidatedMember_ResultMember	/disc/73200/081220210510408897_tse-qcedjpsm-73200-20210510373200-ixbrl.htm
2021-05-10	四半期	当期				将来情報の利用に関する注意	NotesForUsingForecastedInformationAndOthers			（将来に関する記述等についてのご注意） 本資料に記載されている業績見通し等の将来に関する記述は、当社が入手している情報及び合理的であると判断する一定の前提に基づいており、その達成を当社として約束する趣旨のものではありません。また、実際の業績等は様々な要因により大きく異なる場合があります。業績予想の前提となる条件及び業績予想のご利用に当たっての注意事項等については、添付資料Ｐ．４「１．当四半期決算に関する定性的情報 （３）連結業績予想などの将来予測情報に関する説明」をご覧ください。&#160;（四半期決算補足説明資料の入手方法） 四半期決算補足説明資料は、2021年５月10日(月)に当社ウェブサイトに掲載いたします。	CurrentYearDuration	/disc/73200/081220210510408897_tse-qcedjpsm-73200-20210510373200-ixbrl.htm
2021-05-10	四半期	当期				決算期末	FiscalYearEnd			2021-06-30	CurrentYearInstant	/disc/73200/081220210510408897_tse-qcedjpsm-73200-20210510373200-ixbrl.htm
2021-05-10	四半期	当期第3四半期累計				四半期	QuarterlyPeriod	3	Pure	3	CurrentAccumulatedQ3Instant	/disc/73200/081220210510408897_tse-qcedjpsm-73200-20210510373200-ixbrl.htm
2021-08-11	年次	当期				書類名	DocumentName			決算短信〔日本基準〕（連結）	CurrentYearInstant	/disc/73200/081220210811483453_tse-acedjpsm-73200-20210811373200-ixbrl.htm
2021-08-11	年次	当期				提出日	FilingDate			2021年８月11日	CurrentYearInstant	/disc/73200/081220210811483453_tse-acedjpsm-73200-20210811373200-ixbrl.htm
2021-08-11	年次	当期				会社名	CompanyName			日本リビング保証株式会社	CurrentYearInstant	/disc/73200/081220210811483453_tse-acedjpsm-73200-20210811373200-ixbrl.htm
2021-08-11	年次	当期					TokyoStockExchange			東	CurrentYearInstant	/disc/73200/081220210811483453_tse-acedjpsm-73200-20210811373200-ixbrl.htm
2021-08-11	年次	当期				証券コード	SecuritiesCode			7320	CurrentYearInstant	/disc/73200/081220210811483453_tse-acedjpsm-73200-20210811373200-ixbrl.htm
2021-08-11	年次	当期				URL	URL			https://jlw.jp	CurrentYearInstant	/disc/73200/081220210811483453_tse-acedjpsm-73200-20210811373200-ixbrl.htm
2021-08-11	年次	当期				代表者の役職	TitleRepresentative			代表取締役社長	CurrentYearInstant	/disc/73200/081220210811483453_tse-acedjpsm-73200-20210811373200-ixbrl.htm
2021-08-11	年次	当期				代表者名	NameRepresentative			安達 慶高	CurrentYearInstant	/disc/73200/081220210811483453_tse-acedjpsm-73200-20210811373200-ixbrl.htm
2021-08-11	年次	当期					TitleInquiries			取締役管理本部長	CurrentYearInstant	/disc/73200/081220210811483453_tse-acedjpsm-73200-20210811373200-ixbrl.htm
2021-08-11	年次	当期					NameInquiries			吉川 淳史	CurrentYearInstant	/disc/73200/081220210811483453_tse-acedjpsm-73200-20210811373200-ixbrl.htm
2021-08-11	年次	当期					Tel			03-6276-0401	CurrentYearInstant	/disc/73200/081220210811483453_tse-acedjpsm-73200-20210811373200-ixbrl.htm
2021-08-11	年次	当期					DateOfGeneralShareholdersMeetingAsPlanned			2021年９月28日	CurrentYearInstant	/disc/73200/081220210811483453_tse-acedjpsm-73200-20210811373200-ixbrl.htm
2021-08-11	年次	当期					DividendPayableDateAsPlanned			2021年９月29日	CurrentYearInstant	/disc/73200/081220210811483453_tse-acedjpsm-73200-20210811373200-ixbrl.htm
2021-08-11	年次	当期					AnnualSecuritiesReportFilingDateAsPlanned			2021年９月28日	CurrentYearInstant	/disc/73200/081220210811483453_tse-acedjpsm-73200-20210811373200-ixbrl.htm
2021-08-11	年次	当期					SupplementalMaterialOfAnnualResults			有	CurrentYearInstant	/disc/73200/081220210811483453_tse-acedjpsm-73200-20210811373200-ixbrl.htm
2021-08-11	年次	当期					ConveningBriefingOfAnnualResults			有	CurrentYearInstant	/disc/73200/081220210811483453_tse-acedjpsm-73200-20210811373200-ixbrl.htm
2021-08-11	年次	当期					TargetAudienceBriefingOfAnnualResults			（機関投資家・アナリスト向け）	CurrentYearInstant	/disc/73200/081220210811483453_tse-acedjpsm-73200-20210811373200-ixbrl.htm
2021-08-11	年次	当期					NoteToFractionProcessingMethod			（百万円未満切捨て）	CurrentYearInstant	/disc/73200/081220210811483453_tse-acedjpsm-73200-20210811373200-ixbrl.htm
2021-08-11	年次	当期	連結	実績		売上高	NetSales	2801000000	JPY	2,801	CurrentYearDuration_ConsolidatedMember_ResultMember	/disc/73200/081220210811483453_tse-acedjpsm-73200-20210811373200-ixbrl.htm
2021-08-11	年次	当期	連結	実績		売上高の増減率	ChangeInNetSales	0.433	Pure	43.3	CurrentYearDuration_ConsolidatedMember_ResultMember	/disc/73200/081220210811483453_tse-acedjpsm-73200-20210811373200-ixbrl.htm
2021-08-11	年次	当期	連結	実績		営業利益	OperatingIncome	554000000	JPY	554	CurrentYearDuration_ConsolidatedMember_ResultMember	/disc/73200/081220210811483453_tse-acedjpsm-73200-20210811373200-ixbrl.htm
2021-08-11	年次	当期	連結	実績		営業利益の増減率	ChangeInOperatingIncome	1.707	Pure	170.7	CurrentYearDuration_ConsolidatedMember_ResultMember	/disc/73200/081220210811483453_tse-acedjpsm-73200-20210811373200-ixbrl.htm
2021-08-11	年次	当期	連結	実績		経常利益	OrdinaryIncome	630000000	JPY	630	CurrentYearDuration_ConsolidatedMember_ResultMember	/disc/73200/081220210811483453_tse-acedjpsm-73200-20210811373200-ixbrl.htm
2021-08-11	年次	当期	連結	実績		経常利益の増減率	ChangeInOrdinaryIncome	1.215	Pure	121.5	CurrentYearDuration_ConsolidatedMember_ResultMember	/disc/73200/081220210811483453_tse-acedjpsm-73200-20210811373200-ixbrl.htm
2021-08-11	年次	当期	連結	実績		親会社株主に帰属する当期純利益	ProfitAttributableToOwnersOfParent	362000000	JPY	362	CurrentYearDuration_ConsolidatedMember_ResultMember	/disc/73200/081220210811483453_tse-acedjpsm-73200-20210811373200-ixbrl.htm
2021-08-11	年次	当期	連結	実績		親会社株主に帰属する当期純利益の増減率	ChangeInProfitAttributableToOwnersOfParent	0.945	Pure	94.5	CurrentYearDuration_ConsolidatedMember_ResultMember	/disc/73200/081220210811483453_tse-acedjpsm-73200-20210811373200-ixbrl.htm
2021-08-11	年次	前期	連結	実績		売上高	NetSales	1955000000	JPY	1,955	PriorYearDuration_ConsolidatedMember_ResultMember	/disc/73200/081220210811483453_tse-acedjpsm-73200-20210811373200-ixbrl.htm
2021-08-11	年次	前期	連結	実績		売上高の増減率	ChangeInNetSales	0.187	Pure	18.7	PriorYearDuration_ConsolidatedMember_ResultMember	/disc/73200/081220210811483453_tse-acedjpsm-73200-20210811373200-ixbrl.htm
2021-08-11	年次	前期	連結	実績		営業利益	OperatingIncome	204000000	JPY	204	PriorYearDuration_ConsolidatedMember_ResultMember	/disc/73200/081220210811483453_tse-acedjpsm-73200-20210811373200-ixbrl.htm
2021-08-11	年次	前期	連結	実績		営業利益の増減率	ChangeInOperatingIncome	0.132	Pure	13.2	PriorYearDuration_ConsolidatedMember_ResultMember	/disc/73200/081220210811483453_tse-acedjpsm-73200-20210811373200-ixbrl.htm
2021-08-11	年次	前期	連結	実績		経常利益	OrdinaryIncome	284000000	JPY	284	PriorYearDuration_ConsolidatedMember_ResultMember	/disc/73200/081220210811483453_tse-acedjpsm-73200-20210811373200-ixbrl.htm
2021-08-11	年次	前期	連結	実績		経常利益の増減率	ChangeInOrdinaryIncome	0.336	Pure	33.6	PriorYearDuration_ConsolidatedMember_ResultMember	/disc/73200/081220210811483453_tse-acedjpsm-73200-20210811373200-ixbrl.htm
2021-08-11	年次	前期	連結	実績		親会社株主に帰属する当期純利益	ProfitAttributableToOwnersOfParent	186000000	JPY	186	PriorYearDuration_ConsolidatedMember_ResultMember	/disc/73200/081220210811483453_tse-acedjpsm-73200-20210811373200-ixbrl.htm
2021-08-11	年次	前期	連結	実績		親会社株主に帰属する当期純利益の増減率	ChangeInProfitAttributableToOwnersOfParent	0.304	Pure	30.4	PriorYearDuration_ConsolidatedMember_ResultMember	/disc/73200/081220210811483453_tse-acedjpsm-73200-20210811373200-ixbrl.htm
2021-08-11	年次	当期	連結	実績		包括利益	ComprehensiveIncome	433000000	JPY	433	CurrentYearDuration_ConsolidatedMember_ResultMember	/disc/73200/081220210811483453_tse-acedjpsm-73200-20210811373200-ixbrl.htm
2021-08-11	年次	当期	連結	実績		包括利益の増減率	ChangeInComprehensiveIncome	1.420	Pure	142.0	CurrentYearDuration_ConsolidatedMember_ResultMember	/disc/73200/081220210811483453_tse-acedjpsm-73200-20210811373200-ixbrl.htm
2021-08-11	年次	前期	連結	実績		包括利益	ComprehensiveIncome	178000000	JPY	178	PriorYearDuration_ConsolidatedMember_ResultMember	/disc/73200/081220210811483453_tse-acedjpsm-73200-20210811373200-ixbrl.htm
2021-08-11	年次	前期	連結	実績		包括利益の増減率	ChangeInComprehensiveIncome	0.210	Pure	21.0	PriorYearDuration_ConsolidatedMember_ResultMember	/disc/73200/081220210811483453_tse-acedjpsm-73200-20210811373200-ixbrl.htm
2021-08-11	年次	当期	連結	実績		1株当たり当期純利益	NetIncomePerShare	72.72	JPYPerShares	72.72	CurrentYearDuration_ConsolidatedMember_ResultMember	/disc/73200/081220210811483453_tse-acedjpsm-73200-20210811373200-ixbrl.htm
2021-08-11	年次	当期	連結	実績		潜在株式調整後1株当たり当期純利益	DilutedNetIncomePerShare	71.22	JPYPerShares	71.22	CurrentYearDuration_ConsolidatedMember_ResultMember	/disc/73200/081220210811483453_tse-acedjpsm-73200-20210811373200-ixbrl.htm
2021-08-11	年次	当期	連結	実績		自己資本当期純利益率(ROE)	NetIncomeToShareholdersEquityRatio	0.465	Pure	46.5	CurrentYearDuration_ConsolidatedMember_ResultMember	/disc/73200/081220210811483453_tse-acedjpsm-73200-20210811373200-ixbrl.htm
2021-08-11	年次	当期	連結	実績		総資産経常利益率(ROA)	OrdinaryIncomeToTotalAssetsRatio	0.056	Pure	5.6	CurrentYearDuration_ConsolidatedMember_ResultMember	/disc/73200/081220210811483453_tse-acedjpsm-73200-20210811373200-ixbrl.htm
2021-08-11	年次	当期	連結	実績		売上高営業利益率	OperatingIncomeToNetSalesRatio	0.198	Pure	19.8	CurrentYearDuration_ConsolidatedMember_ResultMember	/disc/73200/081220210811483453_tse-acedjpsm-73200-20210811373200-ixbrl.htm
2021-08-11	年次	前期	連結	実績		1株当たり当期純利益	NetIncomePerShare	37.35	JPYPerShares	37.35	PriorYearDuration_ConsolidatedMember_ResultMember	/disc/73200/081220210811483453_tse-acedjpsm-73200-20210811373200-ixbrl.htm
2021-08-11	年次	前期	連結	実績		潜在株式調整後1株当たり当期純利益	DilutedNetIncomePerShare	36.51	JPYPerShares	36.51	PriorYearDuration_ConsolidatedMember_ResultMember	/disc/73200/081220210811483453_tse-acedjpsm-73200-20210811373200-ixbrl.htm
2021-08-11	年次	前期	連結	実績		自己資本当期純利益率(ROE)	NetIncomeToShareholdersEquityRatio	0.337	Pure	33.7	PriorYearDuration_ConsolidatedMember_ResultMember	/disc/73200/081220210811483453_tse-acedjpsm-73200-20210811373200-ixbrl.htm
2021-08-11	年次	前期	連結	実績		総資産経常利益率(ROA)	OrdinaryIncomeToTotalAssetsRatio	0.038	Pure	3.8	PriorYearDuration_ConsolidatedMember_ResultMember	/disc/73200/081220210811483453_tse-acedjpsm-73200-20210811373200-ixbrl.htm
2021-08-11	年次	前期	連結	実績		売上高営業利益率	OperatingIncomeToNetSalesRatio	0.105	Pure	10.5	PriorYearDuration_ConsolidatedMember_ResultMember	/disc/73200/081220210811483453_tse-acedjpsm-73200-20210811373200-ixbrl.htm
2021-08-11	年次	当期	連結	実績		総資産	TotalAssets	14375000000	JPY	14,375	CurrentYearInstant_ConsolidatedMember_ResultMember	/disc/73200/081220210811483453_tse-acedjpsm-73200-20210811373200-ixbrl.htm
2021-08-11	年次	当期	連結	実績		純資産	NetAssets	928000000	JPY	928	CurrentYearInstant_ConsolidatedMember_ResultMember	/disc/73200/081220210811483453_tse-acedjpsm-73200-20210811373200-ixbrl.htm
2021-08-11	年次	当期	連結	実績		自己資本比率	CapitalAdequacyRatio	0.065	Pure	6.5	CurrentYearInstant_ConsolidatedMember_ResultMember	/disc/73200/081220210811483453_tse-acedjpsm-73200-20210811373200-ixbrl.htm
2021-08-11	年次	当期	連結	実績		1株当たり純資産	NetAssetsPerShare	185.69	JPYPerShares	185.69	CurrentYearInstant_ConsolidatedMember_ResultMember	/disc/73200/081220210811483453_tse-acedjpsm-73200-20210811373200-ixbrl.htm
2021-08-11	年次	前期	連結	実績		総資産	TotalAssets	8288000000	JPY	8,288	PriorYearInstant_ConsolidatedMember_ResultMember	/disc/73200/081220210811483453_tse-acedjpsm-73200-20210811373200-ixbrl.htm
2021-08-11	年次	前期	連結	実績		純資産	NetAssets	630000000	JPY	630	PriorYearInstant_ConsolidatedMember_ResultMember	/disc/73200/081220210811483453_tse-acedjpsm-73200-20210811373200-ixbrl.htm
2021-08-11	年次	前期	連結	実績		自己資本比率	CapitalAdequacyRatio	0.076	Pure	7.6	PriorYearInstant_ConsolidatedMember_ResultMember	/disc/73200/081220210811483453_tse-acedjpsm-73200-20210811373200-ixbrl.htm
2021-08-11	年次	前期	連結	実績		1株当たり純資産	NetAssetsPerShare	126.08	JPYPerShares	126.08	PriorYearInstant_ConsolidatedMember_ResultMember	/disc/73200/081220210811483453_tse-acedjpsm-73200-20210811373200-ixbrl.htm
2021-08-11	年次	当期	連結	実績		自己資本	OwnersEquity	928000000	JPY	928	CurrentYearInstant_ConsolidatedMember_ResultMember	/disc/73200/081220210811483453_tse-acedjpsm-73200-20210811373200-ixbrl.htm
2021-08-11	年次	前期	連結	実績		自己資本	OwnersEquity	630000000	JPY	630	PriorYearInstant_ConsolidatedMember_ResultMember	/disc/73200/081220210811483453_tse-acedjpsm-73200-20210811373200-ixbrl.htm
2021-08-11	年次	当期	連結	実績		営業キャッシュフロー	CashFlowsFromOperatingActivities	5120000000	JPY	5,120	CurrentYearDuration_ConsolidatedMember_ResultMember	/disc/73200/081220210811483453_tse-acedjpsm-73200-20210811373200-ixbrl.htm
2021-08-11	年次	当期	連結	実績		投資キャッシュフロー	CashFlowsFromInvestingActivities	-1631000000	JPY	1,631	CurrentYearDuration_ConsolidatedMember_ResultMember	/disc/73200/081220210811483453_tse-acedjpsm-73200-20210811373200-ixbrl.htm
2021-08-11	年次	当期	連結	実績		財務キャッシュフロー	CashFlowsFromFinancingActivities	420000000	JPY	420	CurrentYearDuration_ConsolidatedMember_ResultMember	/disc/73200/081220210811483453_tse-acedjpsm-73200-20210811373200-ixbrl.htm
2021-08-11	年次	当期	連結	実績		現金及び現金同等物の期末残高	CashAndEquivalentsEndOfPeriod	5172000000	JPY	5,172	CurrentYearInstant_ConsolidatedMember_ResultMember	/disc/73200/081220210811483453_tse-acedjpsm-73200-20210811373200-ixbrl.htm
2021-08-11	年次	前期	連結	実績		営業キャッシュフロー	CashFlowsFromOperatingActivities	573000000	JPY	573	PriorYearDuration_ConsolidatedMember_ResultMember	/disc/73200/081220210811483453_tse-acedjpsm-73200-20210811373200-ixbrl.htm
2021-08-11	年次	前期	連結	実績		投資キャッシュフロー	CashFlowsFromInvestingActivities	-1469000000	JPY	1,469	PriorYearDuration_ConsolidatedMember_ResultMember	/disc/73200/081220210811483453_tse-acedjpsm-73200-20210811373200-ixbrl.htm
2021-08-11	年次	前期	連結	実績		財務キャッシュフロー	CashFlowsFromFinancingActivities	74000000	JPY	74	PriorYearDuration_ConsolidatedMember_ResultMember	/disc/73200/081220210811483453_tse-acedjpsm-73200-20210811373200-ixbrl.htm
2021-08-11	年次	前期	連結	実績		現金及び現金同等物の期末残高	CashAndEquivalentsEndOfPeriod	1262000000	JPY	1,262	PriorYearInstant_ConsolidatedMember_ResultMember	/disc/73200/081220210811483453_tse-acedjpsm-73200-20210811373200-ixbrl.htm
2021-08-11	年次	前期	単体	実績	第2四半期末	1株当たり配当金	DividendPerShare	0.00	JPYPerShares	0.00	PriorYearDuration_SecondQuarterMember_NonConsolidatedMember_ResultMember	/disc/73200/081220210811483453_tse-acedjpsm-73200-20210811373200-ixbrl.htm
2021-08-11	年次	前期	単体	実績	期末	1株当たり配当金	DividendPerShare	5.00	JPYPerShares	5.00	PriorYearDuration_YearEndMember_NonConsolidatedMember_ResultMember	/disc/73200/081220210811483453_tse-acedjpsm-73200-20210811373200-ixbrl.htm
2021-08-11	年次	前期	単体	実績	合計	1株当たり配当金	DividendPerShare	5.00	JPYPerShares	5.00	PriorYearDuration_AnnualMember_NonConsolidatedMember_ResultMember	/disc/73200/081220210811483453_tse-acedjpsm-73200-20210811373200-ixbrl.htm
2021-08-11	年次	前期	単体	実績	合計	配当金総額	TotalDividendPaidAnnual	25000000	JPY	25	PriorYearDuration_AnnualMember_NonConsolidatedMember_ResultMember	/disc/73200/081220210811483453_tse-acedjpsm-73200-20210811373200-ixbrl.htm
2021-08-11	年次	前期	連結	実績	合計	配当性向	PayoutRatio	0.134	Pure	13.4	PriorYearDuration_AnnualMember_ConsolidatedMember_ResultMember	/disc/73200/081220210811483453_tse-acedjpsm-73200-20210811373200-ixbrl.htm
2021-08-11	年次	前期	連結	実績	合計	純資産配当率	RatioOfTotalAmountOfDividendsToNetAssets	0.045	Pure	4.5	PriorYearDuration_AnnualMember_ConsolidatedMember_ResultMember	/disc/73200/081220210811483453_tse-acedjpsm-73200-20210811373200-ixbrl.htm
2021-08-11	年次	当期	単体	実績	第2四半期末	1株当たり配当金	DividendPerShare	0.00	JPYPerShares	0.00	CurrentYearDuration_SecondQuarterMember_NonConsolidatedMember_ResultMember	/disc/73200/081220210811483453_tse-acedjpsm-73200-20210811373200-ixbrl.htm
2021-08-11	年次	当期	単体	実績	期末	1株当たり配当金	DividendPerShare	10.00	JPYPerShares	10.00	CurrentYearDuration_YearEndMember_NonConsolidatedMember_ResultMember	/disc/73200/081220210811483453_tse-acedjpsm-73200-20210811373200-ixbrl.htm
2021-08-11	年次	当期	単体	実績	合計	1株当たり配当金	DividendPerShare	10.00	JPYPerShares	10.00	CurrentYearDuration_AnnualMember_NonConsolidatedMember_ResultMember	/disc/73200/081220210811483453_tse-acedjpsm-73200-20210811373200-ixbrl.htm
2021-08-11	年次	当期	単体	実績	合計	配当金総額	TotalDividendPaidAnnual	50000000	JPY	50	CurrentYearDuration_AnnualMember_NonConsolidatedMember_ResultMember	/disc/73200/081220210811483453_tse-acedjpsm-73200-20210811373200-ixbrl.htm
2021-08-11	年次	当期	連結	実績	合計	配当性向	PayoutRatio	0.138	Pure	13.8	CurrentYearDuration_AnnualMember_ConsolidatedMember_ResultMember	/disc/73200/081220210811483453_tse-acedjpsm-73200-20210811373200-ixbrl.htm
2021-08-11	年次	当期	連結	実績	合計	純資産配当率	RatioOfTotalAmountOfDividendsToNetAssets	0.064	Pure	6.4	CurrentYearDuration_AnnualMember_ConsolidatedMember_ResultMember	/disc/73200/081220210811483453_tse-acedjpsm-73200-20210811373200-ixbrl.htm
2021-08-11	年次	来期	単体	予想	第2四半期末	1株当たり配当金	DividendPerShare	0.00	JPYPerShares	0.00	NextYearDuration_SecondQuarterMember_NonConsolidatedMember_ForecastMember	/disc/73200/081220210811483453_tse-acedjpsm-73200-20210811373200-ixbrl.htm
2021-08-11	年次	来期	単体	予想	期末	1株当たり配当金	DividendPerShare	10.00	JPYPerShares	10.00	NextYearDuration_YearEndMember_NonConsolidatedMember_ForecastMember	/disc/73200/081220210811483453_tse-acedjpsm-73200-20210811373200-ixbrl.htm
2021-08-11	年次	来期	単体	予想	合計	1株当たり配当金	DividendPerShare	10.00	JPYPerShares	10.00	NextYearDuration_AnnualMember_NonConsolidatedMember_ForecastMember	/disc/73200/081220210811483453_tse-acedjpsm-73200-20210811373200-ixbrl.htm
2021-08-11	年次	来期	連結	予想	合計	配当性向	PayoutRatio	0.108	Pure	10.8	NextYearDuration_AnnualMember_ConsolidatedMember_ForecastMember	/disc/73200/081220210811483453_tse-acedjpsm-73200-20210811373200-ixbrl.htm
2021-08-11	年次	来期	連結	予想		業績予想の見出し	TitleForForecasts			３．2022年６月期の連結業績予想（2021年７月１日～2022年６月30日）	NextYearDuration_ConsolidatedMember_ForecastMember	/disc/73200/081220210811483453_tse-acedjpsm-73200-20210811373200-ixbrl.htm
2021-08-11	年次		連結	予想		売上高	NetSales	1510000000	JPY	1,510	NextAccumulatedQ2Duration_ConsolidatedMember_ForecastMember	/disc/73200/081220210811483453_tse-acedjpsm-73200-20210811373200-ixbrl.htm
2021-08-11	年次		連結	予想		売上高の増減率	ChangeInNetSales	0.244	Pure	24.4	NextAccumulatedQ2Duration_ConsolidatedMember_ForecastMember	/disc/73200/081220210811483453_tse-acedjpsm-73200-20210811373200-ixbrl.htm
2021-08-11	年次		連結	予想		営業利益	OperatingIncome	330000000	JPY	330	NextAccumulatedQ2Duration_ConsolidatedMember_ForecastMember	/disc/73200/081220210811483453_tse-acedjpsm-73200-20210811373200-ixbrl.htm
2021-08-11	年次		連結	予想		営業利益の増減率	ChangeInOperatingIncome	0.872	Pure	87.2	NextAccumulatedQ2Duration_ConsolidatedMember_ForecastMember	/disc/73200/081220210811483453_tse-acedjpsm-73200-20210811373200-ixbrl.htm
2021-08-11	年次		連結	予想		経常利益	OrdinaryIncome	375000000	JPY	375	NextAccumulatedQ2Duration_ConsolidatedMember_ForecastMember	/disc/73200/081220210811483453_tse-acedjpsm-73200-20210811373200-ixbrl.htm
2021-08-11	年次		連結	予想		経常利益の増減率	ChangeInOrdinaryIncome	0.469	Pure	46.9	NextAccumulatedQ2Duration_ConsolidatedMember_ForecastMember	/disc/73200/081220210811483453_tse-acedjpsm-73200-20210811373200-ixbrl.htm
2021-08-11	年次		連結	予想		親会社株主に帰属する当期純利益	ProfitAttributableToOwnersOfParent	245000000	JPY	245	NextAccumulatedQ2Duration_ConsolidatedMember_ForecastMember	/disc/73200/081220210811483453_tse-acedjpsm-73200-20210811373200-ixbrl.htm
2021-08-11	年次		連結	予想		親会社株主に帰属する当期純利益の増減率	ChangeInProfitAttributableToOwnersOfParent	0.466	Pure	46.6	NextAccumulatedQ2Duration_ConsolidatedMember_ForecastMember	/disc/73200/081220210811483453_tse-acedjpsm-73200-20210811373200-ixbrl.htm
2021-08-11	年次		連結	予想		1株当たり当期純利益	NetIncomePerShare	48.97	JPYPerShares	48.97	NextAccumulatedQ2Duration_ConsolidatedMember_ForecastMember	/disc/73200/081220210811483453_tse-acedjpsm-73200-20210811373200-ixbrl.htm
2021-08-11	年次	来期	連結	予想		売上高	NetSales	3100000000	JPY	3,100	NextYearDuration_ConsolidatedMember_ForecastMember	/disc/73200/081220210811483453_tse-acedjpsm-73200-20210811373200-ixbrl.htm
2021-08-11	年次	来期	連結	予想		売上高の増減率	ChangeInNetSales	0.106	Pure	10.6	NextYearDuration_ConsolidatedMember_ForecastMember	/disc/73200/081220210811483453_tse-acedjpsm-73200-20210811373200-ixbrl.htm
2021-08-11	年次	来期	連結	予想		営業利益	OperatingIncome	610000000	JPY	610	NextYearDuration_ConsolidatedMember_ForecastMember	/disc/73200/081220210811483453_tse-acedjpsm-73200-20210811373200-ixbrl.htm
2021-08-11	年次	来期	連結	予想		営業利益の増減率	ChangeInOperatingIncome	0.100	Pure	10.0	NextYearDuration_ConsolidatedMember_ForecastMember	/disc/73200/081220210811483453_tse-acedjpsm-73200-20210811373200-ixbrl.htm
2021-08-11	年次	来期	連結	予想		経常利益	OrdinaryIncome	710000000	JPY	710	NextYearDuration_ConsolidatedMember_ForecastMember	/disc/73200/081220210811483453_tse-acedjpsm-73200-20210811373200-ixbrl.htm
2021-08-11	年次	来期	連結	予想		経常利益の増減率	ChangeInOrdinaryIncome	0.126	Pure	12.6	NextYearDuration_ConsolidatedMember_ForecastMember	/disc/73200/081220210811483453_tse-acedjpsm-73200-20210811373200-ixbrl.htm
2021-08-11	年次	来期	連結	予想		親会社株主に帰属する当期純利益	ProfitAttributableToOwnersOfParent	465000000	JPY	465	NextYearDuration_ConsolidatedMember_ForecastMember	/disc/73200/081220210811483453_tse-acedjpsm-73200-20210811373200-ixbrl.htm
2021-08-11	年次	来期	連結	予想		親会社株主に帰属する当期純利益の増減率	ChangeInProfitAttributableToOwnersOfParent	0.281	Pure	28.1	NextYearDuration_ConsolidatedMember_ForecastMember	/disc/73200/081220210811483453_tse-acedjpsm-73200-20210811373200-ixbrl.htm
2021-08-11	年次	来期	連結	予想		1株当たり当期純利益	NetIncomePerShare	92.96	JPYPerShares	92.96	NextYearDuration_ConsolidatedMember_ForecastMember	/disc/73200/081220210811483453_tse-acedjpsm-73200-20210811373200-ixbrl.htm
2021-08-11	年次	当期	連結	実績			MaterialChangesInSubsidiariesDuringThisPeriodChangesInScopeOfConsolidationsResultingFromChangeIsSubsidiaries			無	CurrentYearDuration_ConsolidatedMember_ResultMember	/disc/73200/081220210811483453_tse-acedjpsm-73200-20210811373200-ixbrl.htm
2021-08-11	年次	当期	連結	実績		会計基準等の改正に伴う変更	ChangesBasedOnRevisionsOfAccountingStandard			無	CurrentYearDuration_ConsolidatedMember_ResultMember	/disc/73200/081220210811483453_tse-acedjpsm-73200-20210811373200-ixbrl.htm
2021-08-11	年次	当期	連結	実績		それ以外の会計方針の変更	ChangesOtherThanOnesBasedOnRevisionsOfAccountingStandard			無	CurrentYearDuration_ConsolidatedMember_ResultMember	/disc/73200/081220210811483453_tse-acedjpsm-73200-20210811373200-ixbrl.htm
2021-08-11	年次	当期	連結	実績		会計上の見積りの変更	ChangesInAccountingEstimates			無	CurrentYearDuration_ConsolidatedMember_ResultMember	/disc/73200/081220210811483453_tse-acedjpsm-73200-20210811373200-ixbrl.htm
2021-08-11	年次	当期	連結	実績		修正再表示	RetrospectiveRestatement			無	CurrentYearDuration_ConsolidatedMember_ResultMember	/disc/73200/081220210811483453_tse-acedjpsm-73200-20210811373200-ixbrl.htm
2021-08-11	年次	当期	単体	実績		期末発行済株式数(自己株式を含む)	NumberOfIssuedAndOutstandingSharesAtTheEndOfFiscalYearIncludingTreasuryStock	5058300	Shares	5,058,300	CurrentYearInstant_NonConsolidatedMember_ResultMember	/disc/73200/081220210811483453_tse-acedjpsm-73200-20210811373200-ixbrl.htm
2021-08-11	年次	前期	単体	実績		期末発行済株式数(自己株式を含む)	NumberOfIssuedAndOutstandingSharesAtTheEndOfFiscalYearIncludingTreasuryStock	5004300	Shares	5,004,300	PriorYearInstant_NonConsolidatedMember_ResultMember	/disc/73200/081220210811483453_tse-acedjpsm-73200-20210811373200-ixbrl.htm
2021-08-11	年次	当期	単体	実績		期末自己株式数	NumberOfTreasuryStockAtTheEndOfFiscalYear	56175	Shares	56,175	CurrentYearInstant_NonConsolidatedMember_ResultMember	/disc/73200/081220210811483453_tse-acedjpsm-73200-20210811373200-ixbrl.htm
2021-08-11	年次	前期	単体	実績		期末自己株式数	NumberOfTreasuryStockAtTheEndOfFiscalYear	83	Shares	83	PriorYearInstant_NonConsolidatedMember_ResultMember	/disc/73200/081220210811483453_tse-acedjpsm-73200-20210811373200-ixbrl.htm
2021-08-11	年次	当期	単体	実績		期中平均株式数	AverageNumberOfShares	4990627	Shares	4,990,627	CurrentYearDuration_NonConsolidatedMember_ResultMember	/disc/73200/081220210811483453_tse-acedjpsm-73200-20210811373200-ixbrl.htm
2021-08-11	年次	前期	単体	実績		期中平均株式数	AverageNumberOfShares	4993867	Shares	4,993,867	PriorYearDuration_NonConsolidatedMember_ResultMember	/disc/73200/081220210811483453_tse-acedjpsm-73200-20210811373200-ixbrl.htm
2021-08-11	年次	当期	単体	実績		売上高	NetSales	2578000000	JPY	2,578	CurrentYearDuration_NonConsolidatedMember_ResultMember	/disc/73200/081220210811483453_tse-acedjpsm-73200-20210811373200-ixbrl.htm
2021-08-11	年次	当期	単体	実績		売上高の増減率	ChangeInNetSales	0.658	Pure	65.8	CurrentYearDuration_NonConsolidatedMember_ResultMember	/disc/73200/081220210811483453_tse-acedjpsm-73200-20210811373200-ixbrl.htm
2021-08-11	年次	当期	単体	実績		営業利益	OperatingIncome	557000000	JPY	557	CurrentYearDuration_NonConsolidatedMember_ResultMember	/disc/73200/081220210811483453_tse-acedjpsm-73200-20210811373200-ixbrl.htm
2021-08-11	年次	当期	単体	実績		営業利益の増減率	ChangeInOperatingIncome	3.621	Pure	362.1	CurrentYearDuration_NonConsolidatedMember_ResultMember	/disc/73200/081220210811483453_tse-acedjpsm-73200-20210811373200-ixbrl.htm
2021-08-11	年次	当期	単体	実績		経常利益	OrdinaryIncome	642000000	JPY	642	CurrentYearDuration_NonConsolidatedMember_ResultMember	/disc/73200/081220210811483453_tse-acedjpsm-73200-20210811373200-ixbrl.htm
2021-08-11	年次	当期	単体	実績		経常利益の増減率	ChangeInOrdinaryIncome	1.582	Pure	158.2	CurrentYearDuration_NonConsolidatedMember_ResultMember	/disc/73200/081220210811483453_tse-acedjpsm-73200-20210811373200-ixbrl.htm
2021-08-11	年次	当期	単体	実績		当期純利益	NetIncome	400000000	JPY	400	CurrentYearDuration_NonConsolidatedMember_ResultMember	/disc/73200/081220210811483453_tse-acedjpsm-73200-20210811373200-ixbrl.htm
2021-08-11	年次	当期	単体	実績		当期純利益の増減率	ChangeInNetIncome	1.119	Pure	111.9	CurrentYearDuration_NonConsolidatedMember_ResultMember	/disc/73200/081220210811483453_tse-acedjpsm-73200-20210811373200-ixbrl.htm
2021-08-11	年次	前期	単体	実績		売上高	NetSales	1555000000	JPY	1,555	PriorYearDuration_NonConsolidatedMember_ResultMember	/disc/73200/081220210811483453_tse-acedjpsm-73200-20210811373200-ixbrl.htm
2021-08-11	年次	前期	単体	実績		売上高の増減率	ChangeInNetSales	0.156	Pure	15.6	PriorYearDuration_NonConsolidatedMember_ResultMember	/disc/73200/081220210811483453_tse-acedjpsm-73200-20210811373200-ixbrl.htm
2021-08-11	年次	前期	単体	実績		営業利益	OperatingIncome	120000000	JPY	120	PriorYearDuration_NonConsolidatedMember_ResultMember	/disc/73200/081220210811483453_tse-acedjpsm-73200-20210811373200-ixbrl.htm
2021-08-11	年次	前期	単体	実績		営業利益の増減率	ChangeInOperatingIncome	0.085	Pure	8.5	PriorYearDuration_NonConsolidatedMember_ResultMember	/disc/73200/081220210811483453_tse-acedjpsm-73200-20210811373200-ixbrl.htm
2021-08-11	年次	前期	単体	実績		経常利益	OrdinaryIncome	248000000	JPY	248	PriorYearDuration_NonConsolidatedMember_ResultMember	/disc/73200/081220210811483453_tse-acedjpsm-73200-20210811373200-ixbrl.htm
2021-08-11	年次	前期	単体	実績		経常利益の増減率	ChangeInOrdinaryIncome	0.482	Pure	48.2	PriorYearDuration_NonConsolidatedMember_ResultMember	/disc/73200/081220210811483453_tse-acedjpsm-73200-20210811373200-ixbrl.htm
2021-08-11	年次	前期	単体	実績		当期純利益	NetIncome	188000000	JPY	188	PriorYearDuration_NonConsolidatedMember_ResultMember	/disc/73200/081220210811483453_tse-acedjpsm-73200-20210811373200-ixbrl.htm
2021-08-11	年次	前期	単体	実績		当期純利益の増減率	ChangeInNetIncome	0.546	Pure	54.6	PriorYearDuration_NonConsolidatedMember_ResultMember	/disc/73200/081220210811483453_tse-acedjpsm-73200-20210811373200-ixbrl.htm
2021-08-11	年次	当期	単体	実績		1株当たり当期純利益	NetIncomePerShare	80.16	JPYPerShares	80.16	CurrentYearDuration_NonConsolidatedMember_ResultMember	/disc/73200/081220210811483453_tse-acedjpsm-73200-20210811373200-ixbrl.htm
2021-08-11	年次	当期	単体	実績		潜在株式調整後1株当たり当期純利益	DilutedNetIncomePerShare	78.52	JPYPerShares	78.52	CurrentYearDuration_NonConsolidatedMember_ResultMember	/disc/73200/081220210811483453_tse-acedjpsm-73200-20210811373200-ixbrl.htm
2021-08-11	年次	前期	単体	実績		1株当たり当期純利益	NetIncomePerShare	37.80	JPYPerShares	37.80	PriorYearDuration_NonConsolidatedMember_ResultMember	/disc/73200/081220210811483453_tse-acedjpsm-73200-20210811373200-ixbrl.htm
2021-08-11	年次	前期	単体	実績		潜在株式調整後1株当たり当期純利益	DilutedNetIncomePerShare	36.94	JPYPerShares	36.94	PriorYearDuration_NonConsolidatedMember_ResultMember	/disc/73200/081220210811483453_tse-acedjpsm-73200-20210811373200-ixbrl.htm
2021-08-11	年次	当期	単体	実績		総資産	TotalAssets	12767000000	JPY	12,767	CurrentYearInstant_NonConsolidatedMember_ResultMember	/disc/73200/081220210811483453_tse-acedjpsm-73200-20210811373200-ixbrl.htm
2021-08-11	年次	当期	単体	実績		純資産	NetAssets	894000000	JPY	894	CurrentYearInstant_NonConsolidatedMember_ResultMember	/disc/73200/081220210811483453_tse-acedjpsm-73200-20210811373200-ixbrl.htm
2021-08-11	年次	当期	単体	実績		自己資本比率	CapitalAdequacyRatio	0.070	Pure	7.0	CurrentYearInstant_NonConsolidatedMember_ResultMember	/disc/73200/081220210811483453_tse-acedjpsm-73200-20210811373200-ixbrl.htm
2021-08-11	年次	当期	単体	実績		1株当たり純資産	NetAssetsPerShare	178.83	JPYPerShares	178.83	CurrentYearInstant_NonConsolidatedMember_ResultMember	/disc/73200/081220210811483453_tse-acedjpsm-73200-20210811373200-ixbrl.htm
2021-08-11	年次	前期	単体	実績		総資産	TotalAssets	5428000000	JPY	5,428	PriorYearInstant_NonConsolidatedMember_ResultMember	/disc/73200/081220210811483453_tse-acedjpsm-73200-20210811373200-ixbrl.htm
2021-08-11	年次	前期	単体	実績		純資産	NetAssets	609000000	JPY	609	PriorYearInstant_NonConsolidatedMember_ResultMember	/disc/73200/081220210811483453_tse-acedjpsm-73200-20210811373200-ixbrl.htm
2021-08-11	年次	前期	単体	実績		自己資本比率	CapitalAdequacyRatio	0.112	Pure	11.2	PriorYearInstant_NonConsolidatedMember_ResultMember	/disc/73200/081220210811483453_tse-acedjpsm-73200-20210811373200-ixbrl.htm
2021-08-11	年次	前期	単体	実績		1株当たり純資産	NetAssetsPerShare	121.89	JPYPerShares	121.89	PriorYearInstant_NonConsolidatedMember_ResultMember	/disc/73200/081220210811483453_tse-acedjpsm-73200-20210811373200-ixbrl.htm
2021-08-11	年次	当期	単体	実績		自己資本	OwnersEquity	894000000	JPY	894	CurrentYearInstant_NonConsolidatedMember_ResultMember	/disc/73200/081220210811483453_tse-acedjpsm-73200-20210811373200-ixbrl.htm
2021-08-11	年次	前期	単体	実績		自己資本	OwnersEquity	609000000	JPY	609	PriorYearInstant_NonConsolidatedMember_ResultMember	/disc/73200/081220210811483453_tse-acedjpsm-73200-20210811373200-ixbrl.htm
2021-08-11	年次	当期	単体	実績		業績の注記	NoteToFinancialResults			当社は、当事業年度において、市場開拓の余地が大きい新築住宅市場における長期保証契約の獲得が堅調に推移し、前受収益から振り替えられた売上が前事業年度を上回ったこと、BPO事業における大型案件の受注と新規案件の受注の増加により、前事業年度の実績値と当事業年度の実績値との間に差異が生じております。	CurrentYearDuration_NonConsolidatedMember_ResultMember	/disc/73200/081220210811483453_tse-acedjpsm-73200-20210811373200-ixbrl.htm
2021-08-11	年次	来期				将来情報の利用に関する注意	NotesForUsingForecastedInformationAndOthers			（将来に関する記述等についてのご注意） 本資料に記載されている業績見通し等の将来に関する記述は、当社が入手している情報及び合理的であると判断する一定の前提に基づいており、その達成を当社として約束する趣旨のものではありません。また、実際の業績等は様々な要因により大きく異なる場合があります。業績予想の前提となる条件及び業績予想のご利用に当たっての注意事項等については、添付資料Ｐ．６「１．経営成績等の概況 （４）今後の見通し」をご覧ください。&#160;（決算補足説明資料及び決算説明会内容の入手方法） 当社は、2021年８月13日（金）に機関投資家及びアナリスト向け説明会をライブ配信にて開催する予定です。この説明会で使用する説明会資料と動画につきましては、同日当社ウェブサイトに掲載する予定です。	NextYearDuration	/disc/73200/081220210811483453_tse-acedjpsm-73200-20210811373200-ixbrl.htm
2021-08-11	年次	当期				決算期末	FiscalYearEnd			2021-06-30	CurrentYearInstant	/disc/73200/081220210811483453_tse-acedjpsm-73200-20210811373200-ixbrl.htm
2021-11-11	四半期	当期第1四半期累計				書類名	DocumentName			第１四半期決算短信〔日本基準〕（連結）	CurrentAccumulatedQ1Instant	/disc/73200/081220211111431765_tse-qcedjpsm-73200-20211111373200-ixbrl.htm
2021-11-11	四半期	当期第1四半期累計				提出日	FilingDate			2021年11月11日	CurrentAccumulatedQ1Instant	/disc/73200/081220211111431765_tse-qcedjpsm-73200-20211111373200-ixbrl.htm
2021-11-11	四半期	当期第1四半期累計				会社名	CompanyName			日本リビング保証株式会社	CurrentAccumulatedQ1Instant	/disc/73200/081220211111431765_tse-qcedjpsm-73200-20211111373200-ixbrl.htm
2021-11-11	四半期	当期第1四半期累計					TokyoStockExchange			東	CurrentAccumulatedQ1Instant	/disc/73200/081220211111431765_tse-qcedjpsm-73200-20211111373200-ixbrl.htm
2021-11-11	四半期	当期第1四半期累計				証券コード	SecuritiesCode			7320	CurrentAccumulatedQ1Instant	/disc/73200/081220211111431765_tse-qcedjpsm-73200-20211111373200-ixbrl.htm
2021-11-11	四半期	当期第1四半期累計				URL	URL			https://jlw.jp	CurrentAccumulatedQ1Instant	/disc/73200/081220211111431765_tse-qcedjpsm-73200-20211111373200-ixbrl.htm
2021-11-11	四半期	当期第1四半期累計				代表者の役職	TitleRepresentative			代表取締役社長	CurrentAccumulatedQ1Instant	/disc/73200/081220211111431765_tse-qcedjpsm-73200-20211111373200-ixbrl.htm
2021-11-11	四半期	当期第1四半期累計				代表者名	NameRepresentative			安達&#160; 慶高	CurrentAccumulatedQ1Instant	/disc/73200/081220211111431765_tse-qcedjpsm-73200-20211111373200-ixbrl.htm
2021-11-11	四半期	当期第1四半期累計					TitleInquiries			取締役管理本部長	CurrentAccumulatedQ1Instant	/disc/73200/081220211111431765_tse-qcedjpsm-73200-20211111373200-ixbrl.htm
2021-11-11	四半期	当期第1四半期累計					NameInquiries			吉川&#160; 淳史	CurrentAccumulatedQ1Instant	/disc/73200/081220211111431765_tse-qcedjpsm-73200-20211111373200-ixbrl.htm
2021-11-11	四半期	当期第1四半期累計					Tel			03-6276-0401	CurrentAccumulatedQ1Instant	/disc/73200/081220211111431765_tse-qcedjpsm-73200-20211111373200-ixbrl.htm
2021-11-11	四半期	当期第1四半期累計					QuarterlyStatementFilingDateAsPlanned			2021年11月11日	CurrentAccumulatedQ1Instant	/disc/73200/081220211111431765_tse-qcedjpsm-73200-20211111373200-ixbrl.htm
2021-11-11	四半期	当期第1四半期累計					SupplementalMaterialOfQuarterlyResults			有	CurrentAccumulatedQ1Instant	/disc/73200/081220211111431765_tse-qcedjpsm-73200-20211111373200-ixbrl.htm
2021-11-11	四半期	当期第1四半期累計					ConveningBriefingOfQuarterlyResults			無	CurrentAccumulatedQ1Instant	/disc/73200/081220211111431765_tse-qcedjpsm-73200-20211111373200-ixbrl.htm
2021-11-11	四半期	当期第1四半期累計					NoteToFractionProcessingMethod			（百万円未満切捨て）	CurrentAccumulatedQ1Instant	/disc/73200/081220211111431765_tse-qcedjpsm-73200-20211111373200-ixbrl.htm
2021-11-11	四半期	当期第1四半期累計	連結	実績		売上高	NetSales	895000000	JPY	895	CurrentAccumulatedQ1Duration_ConsolidatedMember_ResultMember	/disc/73200/081220211111431765_tse-qcedjpsm-73200-20211111373200-ixbrl.htm
2021-11-11	四半期	当期第1四半期累計	連結	実績		売上高の増減率	ChangeInNetSales	0.553	Pure	55.3	CurrentAccumulatedQ1Duration_ConsolidatedMember_ResultMember	/disc/73200/081220211111431765_tse-qcedjpsm-73200-20211111373200-ixbrl.htm
2021-11-11	四半期	当期第1四半期累計	連結	実績		営業利益	OperatingIncome	329000000	JPY	329	CurrentAccumulatedQ1Duration_ConsolidatedMember_ResultMember	/disc/73200/081220211111431765_tse-qcedjpsm-73200-20211111373200-ixbrl.htm
2021-11-11	四半期	当期第1四半期累計	連結	実績		営業利益の増減率	ChangeInOperatingIncome	4.211	Pure	421.1	CurrentAccumulatedQ1Duration_ConsolidatedMember_ResultMember	/disc/73200/081220211111431765_tse-qcedjpsm-73200-20211111373200-ixbrl.htm
2021-11-11	四半期	当期第1四半期累計	連結	実績		経常利益	OrdinaryIncome	350000000	JPY	350	CurrentAccumulatedQ1Duration_ConsolidatedMember_ResultMember	/disc/73200/081220211111431765_tse-qcedjpsm-73200-20211111373200-ixbrl.htm
2021-11-11	四半期	当期第1四半期累計	連結	実績		経常利益の増減率	ChangeInOrdinaryIncome	1.602	Pure	160.2	CurrentAccumulatedQ1Duration_ConsolidatedMember_ResultMember	/disc/73200/081220211111431765_tse-qcedjpsm-73200-20211111373200-ixbrl.htm
2021-11-11	四半期	当期第1四半期累計	連結	実績		親会社株主に帰属する当期純利益	ProfitAttributableToOwnersOfParent	238000000	JPY	238	CurrentAccumulatedQ1Duration_ConsolidatedMember_ResultMember	/disc/73200/081220211111431765_tse-qcedjpsm-73200-20211111373200-ixbrl.htm
2021-11-11	四半期	当期第1四半期累計	連結	実績		親会社株主に帰属する当期純利益の増減率	ChangeInProfitAttributableToOwnersOfParent	1.681	Pure	168.1	CurrentAccumulatedQ1Duration_ConsolidatedMember_ResultMember	/disc/73200/081220211111431765_tse-qcedjpsm-73200-20211111373200-ixbrl.htm
2021-11-11	四半期	前期第1四半期累計	連結	実績		売上高	NetSales	576000000	JPY	576	PriorAccumulatedQ1Duration_ConsolidatedMember_ResultMember	/disc/73200/081220211111431765_tse-qcedjpsm-73200-20211111373200-ixbrl.htm
2021-11-11	四半期	前期第1四半期累計	連結	実績		営業利益	OperatingIncome	63000000	JPY	63	PriorAccumulatedQ1Duration_ConsolidatedMember_ResultMember	/disc/73200/081220211111431765_tse-qcedjpsm-73200-20211111373200-ixbrl.htm
2021-11-11	四半期	前期第1四半期累計	連結	実績		経常利益	OrdinaryIncome	134000000	JPY	134	PriorAccumulatedQ1Duration_ConsolidatedMember_ResultMember	/disc/73200/081220211111431765_tse-qcedjpsm-73200-20211111373200-ixbrl.htm
2021-11-11	四半期	前期第1四半期累計	連結	実績		親会社株主に帰属する当期純利益	ProfitAttributableToOwnersOfParent	88000000	JPY	88	PriorAccumulatedQ1Duration_ConsolidatedMember_ResultMember	/disc/73200/081220211111431765_tse-qcedjpsm-73200-20211111373200-ixbrl.htm
2021-11-11	四半期	当期第1四半期累計	連結	実績		包括利益	ComprehensiveIncome	242000000	JPY	242	CurrentAccumulatedQ1Duration_ConsolidatedMember_ResultMember	/disc/73200/081220211111431765_tse-qcedjpsm-73200-20211111373200-ixbrl.htm
2021-11-11	四半期	当期第1四半期累計	連結	実績		包括利益の増減率	ChangeInComprehensiveIncome	1.375	Pure	137.5	CurrentAccumulatedQ1Duration_ConsolidatedMember_ResultMember	/disc/73200/081220211111431765_tse-qcedjpsm-73200-20211111373200-ixbrl.htm
2021-11-11	四半期	前期第1四半期累計	連結	実績		包括利益	ComprehensiveIncome	102000000	JPY	102	PriorAccumulatedQ1Duration_ConsolidatedMember_ResultMember	/disc/73200/081220211111431765_tse-qcedjpsm-73200-20211111373200-ixbrl.htm
2021-11-11	四半期	当期第1四半期累計	連結	実績		1株当たり当期純利益	NetIncomePerShare	47.65	JPYPerShares	47.65	CurrentAccumulatedQ1Duration_ConsolidatedMember_ResultMember	/disc/73200/081220211111431765_tse-qcedjpsm-73200-20211111373200-ixbrl.htm
2021-11-11	四半期	当期第1四半期累計	連結	実績		潜在株式調整後1株当たり当期純利益	DilutedNetIncomePerShare	47.09	JPYPerShares	47.09	CurrentAccumulatedQ1Duration_ConsolidatedMember_ResultMember	/disc/73200/081220211111431765_tse-qcedjpsm-73200-20211111373200-ixbrl.htm
2021-11-11	四半期	前期第1四半期累計	連結	実績		1株当たり当期純利益	NetIncomePerShare	17.76	JPYPerShares	17.76	PriorAccumulatedQ1Duration_ConsolidatedMember_ResultMember	/disc/73200/081220211111431765_tse-qcedjpsm-73200-20211111373200-ixbrl.htm
2021-11-11	四半期	前期第1四半期累計	連結	実績		潜在株式調整後1株当たり当期純利益	DilutedNetIncomePerShare	17.39	JPYPerShares	17.39	PriorAccumulatedQ1Duration_ConsolidatedMember_ResultMember	/disc/73200/081220211111431765_tse-qcedjpsm-73200-20211111373200-ixbrl.htm
2021-11-11	四半期	当期第1四半期累計	連結	実績		経営成績の注記	NoteToOperatingResults			（注）「収益認識に関する会計基準」（企業会計基準第29号 2020年３月31日）等を当第１四半期連結会計期間の期首から適用しており、2021年６月期第１四半期に係る各数値については、当該会計基準等を遡って適用した後の数値となっております。これにより、2021年６月期第１四半期の対前年同四半期増減率は記載しておりません。	CurrentAccumulatedQ1Duration_ConsolidatedMember_ResultMember	/disc/73200/081220211111431765_tse-qcedjpsm-73200-20211111373200-ixbrl.htm
2021-11-11	四半期	当期第1四半期累計	連結	実績		総資産	TotalAssets	14737000000	JPY	14,737	CurrentAccumulatedQ1Instant_ConsolidatedMember_ResultMember	/disc/73200/081220211111431765_tse-qcedjpsm-73200-20211111373200-ixbrl.htm
2021-11-11	四半期	当期第1四半期累計	連結	実績		純資産	NetAssets	988000000	JPY	988	CurrentAccumulatedQ1Instant_ConsolidatedMember_ResultMember	/disc/73200/081220211111431765_tse-qcedjpsm-73200-20211111373200-ixbrl.htm
2021-11-11	四半期	当期第1四半期累計	連結	実績		自己資本比率	CapitalAdequacyRatio	0.067	Pure	6.7	CurrentAccumulatedQ1Instant_ConsolidatedMember_ResultMember	/disc/73200/081220211111431765_tse-qcedjpsm-73200-20211111373200-ixbrl.htm
2021-11-11	四半期	前期	連結	実績		総資産	TotalAssets	14469000000	JPY	14,469	PriorYearInstant_ConsolidatedMember_ResultMember	/disc/73200/081220211111431765_tse-qcedjpsm-73200-20211111373200-ixbrl.htm
2021-11-11	四半期	前期	連結	実績		純資産	NetAssets	779000000	JPY	779	PriorYearInstant_ConsolidatedMember_ResultMember	/disc/73200/081220211111431765_tse-qcedjpsm-73200-20211111373200-ixbrl.htm
2021-11-11	四半期	前期	連結	実績		自己資本比率	CapitalAdequacyRatio	0.054	Pure	5.4	PriorYearInstant_ConsolidatedMember_ResultMember	/disc/73200/081220211111431765_tse-qcedjpsm-73200-20211111373200-ixbrl.htm
2021-11-11	四半期	当期第1四半期累計	連結	実績		自己資本	OwnersEquity	988000000	JPY	988	CurrentAccumulatedQ1Instant_ConsolidatedMember_ResultMember	/disc/73200/081220211111431765_tse-qcedjpsm-73200-20211111373200-ixbrl.htm
2021-11-11	四半期	前期	連結	実績		自己資本	OwnersEquity	779000000	JPY	779	PriorYearInstant_ConsolidatedMember_ResultMember	/disc/73200/081220211111431765_tse-qcedjpsm-73200-20211111373200-ixbrl.htm
2021-11-11	四半期	当期第1四半期累計	連結	実績			NoteToFinancialPositions			（注）「収益認識に関する会計基準」（企業会計基準第29号 2020年３月31日）等を当第１四半期連結会計期間の期首から適用しており、2021年６月期に係る各数値については、当該会計基準等を遡って適用した後の数値となっております。	CurrentAccumulatedQ1Instant_ConsolidatedMember_ResultMember	/disc/73200/081220211111431765_tse-qcedjpsm-73200-20211111373200-ixbrl.htm
2021-11-11	四半期	前期	単体	実績	第2四半期末	1株当たり配当金	DividendPerShare	0.00	JPYPerShares	0.00	PriorYearDuration_SecondQuarterMember_NonConsolidatedMember_ResultMember	/disc/73200/081220211111431765_tse-qcedjpsm-73200-20211111373200-ixbrl.htm
2021-11-11	四半期	前期	単体	実績	期末	1株当たり配当金	DividendPerShare	10.00	JPYPerShares	10.00	PriorYearDuration_YearEndMember_NonConsolidatedMember_ResultMember	/disc/73200/081220211111431765_tse-qcedjpsm-73200-20211111373200-ixbrl.htm
2021-11-11	四半期	前期	単体	実績	合計	1株当たり配当金	DividendPerShare	10.00	JPYPerShares	10.00	PriorYearDuration_AnnualMember_NonConsolidatedMember_ResultMember	/disc/73200/081220211111431765_tse-qcedjpsm-73200-20211111373200-ixbrl.htm
2021-11-11	四半期	当期	単体	予想	第2四半期末	1株当たり配当金	DividendPerShare	0.00	JPYPerShares	0.00	CurrentYearDuration_SecondQuarterMember_NonConsolidatedMember_ForecastMember	/disc/73200/081220211111431765_tse-qcedjpsm-73200-20211111373200-ixbrl.htm
2021-11-11	四半期	当期	単体	予想	期末	1株当たり配当金	DividendPerShare	10.00	JPYPerShares	10.00	CurrentYearDuration_YearEndMember_NonConsolidatedMember_ForecastMember	/disc/73200/081220211111431765_tse-qcedjpsm-73200-20211111373200-ixbrl.htm
2021-11-11	四半期	当期	単体	予想	合計	1株当たり配当金	DividendPerShare	10.00	JPYPerShares	10.00	CurrentYearDuration_AnnualMember_NonConsolidatedMember_ForecastMember	/disc/73200/081220211111431765_tse-qcedjpsm-73200-20211111373200-ixbrl.htm
2021-11-11	四半期	当期	単体	実績	合計	当四半期における配当予想の修正	CorrectionOfDividendForecastInThisQuarter			無	CurrentYearDuration_AnnualMember_NonConsolidatedMember_ResultMember	/disc/73200/081220211111431765_tse-qcedjpsm-73200-20211111373200-ixbrl.htm
2021-11-11	四半期	当期	連結	予想		業績予想の見出し	TitleForForecasts			３．2022年６月期の連結業績予想（2021年７月１日～2022年６月30日）	CurrentYearDuration_ConsolidatedMember_ForecastMember	/disc/73200/081220211111431765_tse-qcedjpsm-73200-20211111373200-ixbrl.htm
2021-11-11	四半期	当期第2四半期累計	連結	予想		売上高	NetSales	1510000000	JPY	1,510	CurrentAccumulatedQ2Duration_ConsolidatedMember_ForecastMember	/disc/73200/081220211111431765_tse-qcedjpsm-73200-20211111373200-ixbrl.htm
2021-11-11	四半期	当期第2四半期累計	連結	予想		売上高の増減率	ChangeInNetSales	0.263	Pure	26.3	CurrentAccumulatedQ2Duration_ConsolidatedMember_ForecastMember	/disc/73200/081220211111431765_tse-qcedjpsm-73200-20211111373200-ixbrl.htm
2021-11-11	四半期	当期第2四半期累計	連結	予想		営業利益	OperatingIncome	330000000	JPY	330	CurrentAccumulatedQ2Duration_ConsolidatedMember_ForecastMember	/disc/73200/081220211111431765_tse-qcedjpsm-73200-20211111373200-ixbrl.htm
2021-11-11	四半期	当期第2四半期累計	連結	予想		営業利益の増減率	ChangeInOperatingIncome	1.058	Pure	105.8	CurrentAccumulatedQ2Duration_ConsolidatedMember_ForecastMember	/disc/73200/081220211111431765_tse-qcedjpsm-73200-20211111373200-ixbrl.htm
2021-11-11	四半期	当期第2四半期累計	連結	予想		経常利益	OrdinaryIncome	375000000	JPY	375	CurrentAccumulatedQ2Duration_ConsolidatedMember_ForecastMember	/disc/73200/081220211111431765_tse-qcedjpsm-73200-20211111373200-ixbrl.htm
2021-11-11	四半期	当期第2四半期累計	連結	予想		経常利益の増減率	ChangeInOrdinaryIncome	0.566	Pure	56.6	CurrentAccumulatedQ2Duration_ConsolidatedMember_ForecastMember	/disc/73200/081220211111431765_tse-qcedjpsm-73200-20211111373200-ixbrl.htm
2021-11-11	四半期	当期第2四半期累計	連結	予想		親会社株主に帰属する当期純利益	ProfitAttributableToOwnersOfParent	245000000	JPY	245	CurrentAccumulatedQ2Duration_ConsolidatedMember_ForecastMember	/disc/73200/081220211111431765_tse-qcedjpsm-73200-20211111373200-ixbrl.htm
2021-11-11	四半期	当期第2四半期累計	連結	予想		親会社株主に帰属する当期純利益の増減率	ChangeInProfitAttributableToOwnersOfParent	0.570	Pure	57.0	CurrentAccumulatedQ2Duration_ConsolidatedMember_ForecastMember	/disc/73200/081220211111431765_tse-qcedjpsm-73200-20211111373200-ixbrl.htm
2021-11-11	四半期	当期第2四半期累計	連結	予想		1株当たり当期純利益	NetIncomePerShare	48.97	JPYPerShares	48.97	CurrentAccumulatedQ2Duration_ConsolidatedMember_ForecastMember	/disc/73200/081220211111431765_tse-qcedjpsm-73200-20211111373200-ixbrl.htm
2021-11-11	四半期	当期	連結	予想		売上高	NetSales	3100000000	JPY	3,100	CurrentYearDuration_ConsolidatedMember_ForecastMember	/disc/73200/081220211111431765_tse-qcedjpsm-73200-20211111373200-ixbrl.htm
2021-11-11	四半期	当期	連結	予想		売上高の増減率	ChangeInNetSales	0.181	Pure	18.1	CurrentYearDuration_ConsolidatedMember_ForecastMember	/disc/73200/081220211111431765_tse-qcedjpsm-73200-20211111373200-ixbrl.htm
2021-11-11	四半期	当期	連結	予想		営業利益	OperatingIncome	610000000	JPY	610	CurrentYearDuration_ConsolidatedMember_ForecastMember	/disc/73200/081220211111431765_tse-qcedjpsm-73200-20211111373200-ixbrl.htm
2021-11-11	四半期	当期	連結	予想		営業利益の増減率	ChangeInOperatingIncome	0.597	Pure	59.7	CurrentYearDuration_ConsolidatedMember_ForecastMember	/disc/73200/081220211111431765_tse-qcedjpsm-73200-20211111373200-ixbrl.htm
2021-11-11	四半期	当期	連結	予想		経常利益	OrdinaryIncome	710000000	JPY	710	CurrentYearDuration_ConsolidatedMember_ForecastMember	/disc/73200/081220211111431765_tse-qcedjpsm-73200-20211111373200-ixbrl.htm
2021-11-11	四半期	当期	連結	予想		経常利益の増減率	ChangeInOrdinaryIncome	0.549	Pure	54.9	CurrentYearDuration_ConsolidatedMember_ForecastMember	/disc/73200/081220211111431765_tse-qcedjpsm-73200-20211111373200-ixbrl.htm
2021-11-11	四半期	当期	連結	予想		親会社株主に帰属する当期純利益	ProfitAttributableToOwnersOfParent	465000000	JPY	465	CurrentYearDuration_ConsolidatedMember_ForecastMember	/disc/73200/081220211111431765_tse-qcedjpsm-73200-20211111373200-ixbrl.htm
2021-11-11	四半期	当期	連結	予想		親会社株主に帰属する当期純利益の増減率	ChangeInProfitAttributableToOwnersOfParent	0.912	Pure	91.2	CurrentYearDuration_ConsolidatedMember_ForecastMember	/disc/73200/081220211111431765_tse-qcedjpsm-73200-20211111373200-ixbrl.htm
2021-11-11	四半期	当期	連結	予想		1株当たり当期純利益	NetIncomePerShare	92.96	JPYPerShares	92.96	CurrentYearDuration_ConsolidatedMember_ForecastMember	/disc/73200/081220211111431765_tse-qcedjpsm-73200-20211111373200-ixbrl.htm
2021-11-11	四半期	当期	連結	予想		当四半期における業績予想の修正	CorrectionOfConsolidatedFinancialForecastInThisQuarter			無	CurrentYearDuration_ConsolidatedMember_ForecastMember	/disc/73200/081220211111431765_tse-qcedjpsm-73200-20211111373200-ixbrl.htm
2021-11-11	四半期	当期	連結	予想		業績予想の注記	NoteToForecasts			「収益認識に関する会計基準」（企業会計基準第29号 2020年３月31日）等を当第１四半期連結会計期間の期首から適用しており、対前年同四半期増減率及び対前期増減率については、当該会計基準等を遡って適用した後の数値と比較して記載しております。	CurrentYearDuration_ConsolidatedMember_ForecastMember	/disc/73200/081220211111431765_tse-qcedjpsm-73200-20211111373200-ixbrl.htm
2021-11-11	四半期	当期第1四半期累計	連結	実績			MaterialChangesInSubsidiariesDuringThisPeriodChangesInScopeOfConsolidationsResultingFromChangeIsSubsidiaries			無	CurrentAccumulatedQ1Duration_ConsolidatedMember_ResultMember	/disc/73200/081220211111431765_tse-qcedjpsm-73200-20211111373200-ixbrl.htm
2021-11-11	四半期	当期第1四半期累計	連結	実績			ApplyingOfSpecificAccountingOfTheConsolidatedQuarterlyFinancialStatements			有	CurrentAccumulatedQ1Duration_ConsolidatedMember_ResultMember	/disc/73200/081220211111431765_tse-qcedjpsm-73200-20211111373200-ixbrl.htm
2021-11-11	四半期	当期第1四半期累計	連結	実績			NoteToApplyingOfSpecificAccountingOfTheConsolidatedQuarterlyFinancialStatements			（注）詳細は、添付資料Ｐ．９「２．四半期連結財務諸表及び主な注記 （３）四半期連結財務諸表に関する注記事項 （四半期連結財務諸表の作成に特有の会計処理の適用）」をご覧ください。	CurrentAccumulatedQ1Duration_ConsolidatedMember_ResultMember	/disc/73200/081220211111431765_tse-qcedjpsm-73200-20211111373200-ixbrl.htm
2021-11-11	四半期	当期第1四半期累計	連結	実績		会計基準等の改正に伴う変更	ChangesBasedOnRevisionsOfAccountingStandard			有	CurrentAccumulatedQ1Duration_ConsolidatedMember_ResultMember	/disc/73200/081220211111431765_tse-qcedjpsm-73200-20211111373200-ixbrl.htm
2021-11-11	四半期	当期第1四半期累計	連結	実績		それ以外の会計方針の変更	ChangesOtherThanOnesBasedOnRevisionsOfAccountingStandard			無	CurrentAccumulatedQ1Duration_ConsolidatedMember_ResultMember	/disc/73200/081220211111431765_tse-qcedjpsm-73200-20211111373200-ixbrl.htm
2021-11-11	四半期	当期第1四半期累計	連結	実績		会計上の見積りの変更	ChangesInAccountingEstimates			無	CurrentAccumulatedQ1Duration_ConsolidatedMember_ResultMember	/disc/73200/081220211111431765_tse-qcedjpsm-73200-20211111373200-ixbrl.htm
2021-11-11	四半期	当期第1四半期累計	連結	実績		修正再表示	RetrospectiveRestatement			無	CurrentAccumulatedQ1Duration_ConsolidatedMember_ResultMember	/disc/73200/081220211111431765_tse-qcedjpsm-73200-20211111373200-ixbrl.htm
2021-11-11	四半期	当期第1四半期累計	連結	実績			NoteToChangesInAccountingPoliciesAccountingEstimatesAndRetrospectiveRestatementQuarterlyConsolidated			（注）詳細は、添付資料Ｐ.９「２．四半期連結財務諸表及び主な注記（３）四半期連結財務諸表に関する注記事項（会計方針の変更）」をご覧ください。	CurrentAccumulatedQ1Duration_ConsolidatedMember_ResultMember	/disc/73200/081220211111431765_tse-qcedjpsm-73200-20211111373200-ixbrl.htm
2021-11-11	四半期	当期第1四半期累計	単体	実績		期末発行済株式数(自己株式を含む)	NumberOfIssuedAndOutstandingSharesAtTheEndOfFiscalYearIncludingTreasuryStock	5058300	Shares	5,058,300	CurrentAccumulatedQ1Instant_NonConsolidatedMember_ResultMember	/disc/73200/081220211111431765_tse-qcedjpsm-73200-20211111373200-ixbrl.htm
2021-11-11	四半期	前期	単体	実績		期末発行済株式数(自己株式を含む)	NumberOfIssuedAndOutstandingSharesAtTheEndOfFiscalYearIncludingTreasuryStock	5058300	Shares	5,058,300	PriorYearInstant_NonConsolidatedMember_ResultMember	/disc/73200/081220211111431765_tse-qcedjpsm-73200-20211111373200-ixbrl.htm
2021-11-11	四半期	当期第1四半期累計	単体	実績		期末自己株式数	NumberOfTreasuryStockAtTheEndOfFiscalYear	50136	Shares	50,136	CurrentAccumulatedQ1Instant_NonConsolidatedMember_ResultMember	/disc/73200/081220211111431765_tse-qcedjpsm-73200-20211111373200-ixbrl.htm
2021-11-11	四半期	前期	単体	実績		期末自己株式数	NumberOfTreasuryStockAtTheEndOfFiscalYear	56175	Shares	56,175	PriorYearInstant_NonConsolidatedMember_ResultMember	/disc/73200/081220211111431765_tse-qcedjpsm-73200-20211111373200-ixbrl.htm
2021-11-11	四半期	当期第1四半期累計	単体	実績		期中平均株式数	AverageNumberOfShares	5002191	Shares	5,002,191	CurrentAccumulatedQ1Duration_NonConsolidatedMember_ResultMember	/disc/73200/081220211111431765_tse-qcedjpsm-73200-20211111373200-ixbrl.htm
2021-11-11	四半期	前期第1四半期累計	単体	実績		期中平均株式数	AverageNumberOfShares	5004183	Shares	5,004,183	PriorAccumulatedQ1Duration_NonConsolidatedMember_ResultMember	/disc/73200/081220211111431765_tse-qcedjpsm-73200-20211111373200-ixbrl.htm
2021-11-11	四半期	当期				将来情報の利用に関する注意	NotesForUsingForecastedInformationAndOthers			（将来に関する記述等についてのご注意） 本資料に記載されている業績見通し等の将来に関する記述は、当社が入手している情報及び合理的であると判断する一定の前提に基づいており、その達成を当社として約束する趣旨のものではありません。また、実際の業績等は様々な要因により大きく異なる場合があります。業績予想の前提となる条件及び業績予想のご利用に当たっての注意事項等については、添付資料Ｐ．５「１．当四半期決算に関する定性的情報 （３）連結業績予想などの将来予測情報に関する説明」をご覧ください。&#160;（四半期決算補足説明資料の入手方法） 四半期決算補足説明資料は、2021年11月11日(木)に当社ウェブサイトに掲載いたします。	CurrentYearDuration	/disc/73200/081220211111431765_tse-qcedjpsm-73200-20211111373200-ixbrl.htm
2021-11-11	四半期	当期				決算期末	FiscalYearEnd			2022-06-30	CurrentYearInstant	/disc/73200/081220211111431765_tse-qcedjpsm-73200-20211111373200-ixbrl.htm
2021-11-11	四半期	当期第1四半期累計				四半期	QuarterlyPeriod	1	Pure	1	CurrentAccumulatedQ1Instant	/disc/73200/081220211111431765_tse-qcedjpsm-73200-20211111373200-ixbrl.htm
2022-02-10	四半期	当期第2四半期累計				書類名	DocumentName			第２四半期決算短信〔日本基準〕（連結）	CurrentAccumulatedQ2Instant	/disc/73200/081220220210586300_tse-qcedjpsm-73200-20220210373200-ixbrl.htm
2022-02-10	四半期	当期第2四半期累計				提出日	FilingDate			2022年２月10日	CurrentAccumulatedQ2Instant	/disc/73200/081220220210586300_tse-qcedjpsm-73200-20220210373200-ixbrl.htm
2022-02-10	四半期	当期第2四半期累計				会社名	CompanyName			日本リビング保証株式会社	CurrentAccumulatedQ2Instant	/disc/73200/081220220210586300_tse-qcedjpsm-73200-20220210373200-ixbrl.htm
2022-02-10	四半期	当期第2四半期累計					TokyoStockExchange			東	CurrentAccumulatedQ2Instant	/disc/73200/081220220210586300_tse-qcedjpsm-73200-20220210373200-ixbrl.htm
2022-02-10	四半期	当期第2四半期累計				証券コード	SecuritiesCode			7320	CurrentAccumulatedQ2Instant	/disc/73200/081220220210586300_tse-qcedjpsm-73200-20220210373200-ixbrl.htm
2022-02-10	四半期	当期第2四半期累計				URL	URL			https://jlw.jp	CurrentAccumulatedQ2Instant	/disc/73200/081220220210586300_tse-qcedjpsm-73200-20220210373200-ixbrl.htm
2022-02-10	四半期	当期第2四半期累計				代表者の役職	TitleRepresentative			代表取締役社長	CurrentAccumulatedQ2Instant	/disc/73200/081220220210586300_tse-qcedjpsm-73200-20220210373200-ixbrl.htm
2022-02-10	四半期	当期第2四半期累計				代表者名	NameRepresentative			安達 慶高	CurrentAccumulatedQ2Instant	/disc/73200/081220220210586300_tse-qcedjpsm-73200-20220210373200-ixbrl.htm
2022-02-10	四半期	当期第2四半期累計					TitleInquiries			取締役管理本部長	CurrentAccumulatedQ2Instant	/disc/73200/081220220210586300_tse-qcedjpsm-73200-20220210373200-ixbrl.htm
2022-02-10	四半期	当期第2四半期累計					NameInquiries			吉川 淳史	CurrentAccumulatedQ2Instant	/disc/73200/081220220210586300_tse-qcedjpsm-73200-20220210373200-ixbrl.htm
2022-02-10	四半期	当期第2四半期累計					Tel			03-6276-0401	CurrentAccumulatedQ2Instant	/disc/73200/081220220210586300_tse-qcedjpsm-73200-20220210373200-ixbrl.htm
2022-02-10	四半期	当期第2四半期累計					QuarterlyStatementFilingDateAsPlanned			2022年２月10日	CurrentAccumulatedQ2Instant	/disc/73200/081220220210586300_tse-qcedjpsm-73200-20220210373200-ixbrl.htm
2022-02-10	四半期	当期第2四半期累計					SupplementalMaterialOfQuarterlyResults			有	CurrentAccumulatedQ2Instant	/disc/73200/081220220210586300_tse-qcedjpsm-73200-20220210373200-ixbrl.htm
2022-02-10	四半期	当期第2四半期累計					ConveningBriefingOfQuarterlyResults			有	CurrentAccumulatedQ2Instant	/disc/73200/081220220210586300_tse-qcedjpsm-73200-20220210373200-ixbrl.htm
2022-02-10	四半期	当期第2四半期累計					TargetForBriefingOfQuarterlyResults			（機関投資家・アナリスト向け）	CurrentAccumulatedQ2Instant	/disc/73200/081220220210586300_tse-qcedjpsm-73200-20220210373200-ixbrl.htm
2022-02-10	四半期	当期第2四半期累計					NoteToFractionProcessingMethod			（百万円未満切捨て）	CurrentAccumulatedQ2Instant	/disc/73200/081220220210586300_tse-qcedjpsm-73200-20220210373200-ixbrl.htm
2022-02-10	四半期	当期第2四半期累計	連結	実績		売上高	NetSales	1608000000	JPY	1,608	CurrentAccumulatedQ2Duration_ConsolidatedMember_ResultMember	/disc/73200/081220220210586300_tse-qcedjpsm-73200-20220210373200-ixbrl.htm
2022-02-10	四半期	当期第2四半期累計	連結	実績		売上高の増減率	ChangeInNetSales	0.346	Pure	34.6	CurrentAccumulatedQ2Duration_ConsolidatedMember_ResultMember	/disc/73200/081220220210586300_tse-qcedjpsm-73200-20220210373200-ixbrl.htm
2022-02-10	四半期	当期第2四半期累計	連結	実績		営業利益	OperatingIncome	467000000	JPY	467	CurrentAccumulatedQ2Duration_ConsolidatedMember_ResultMember	/disc/73200/081220220210586300_tse-qcedjpsm-73200-20220210373200-ixbrl.htm
2022-02-10	四半期	当期第2四半期累計	連結	実績		営業利益の増減率	ChangeInOperatingIncome	1.916	Pure	191.6	CurrentAccumulatedQ2Duration_ConsolidatedMember_ResultMember	/disc/73200/081220220210586300_tse-qcedjpsm-73200-20220210373200-ixbrl.htm
2022-02-10	四半期	当期第2四半期累計	連結	実績		経常利益	OrdinaryIncome	524000000	JPY	524	CurrentAccumulatedQ2Duration_ConsolidatedMember_ResultMember	/disc/73200/081220220210586300_tse-qcedjpsm-73200-20220210373200-ixbrl.htm
2022-02-10	四半期	当期第2四半期累計	連結	実績		経常利益の増減率	ChangeInOrdinaryIncome	1.192	Pure	119.2	CurrentAccumulatedQ2Duration_ConsolidatedMember_ResultMember	/disc/73200/081220220210586300_tse-qcedjpsm-73200-20220210373200-ixbrl.htm
2022-02-10	四半期	当期第2四半期累計	連結	実績		親会社株主に帰属する当期純利益	ProfitAttributableToOwnersOfParent	355000000	JPY	355	CurrentAccumulatedQ2Duration_ConsolidatedMember_ResultMember	/disc/73200/081220220210586300_tse-qcedjpsm-73200-20220210373200-ixbrl.htm
2022-02-10	四半期	当期第2四半期累計	連結	実績		親会社株主に帰属する当期純利益の増減率	ChangeInProfitAttributableToOwnersOfParent	1.279	Pure	127.9	CurrentAccumulatedQ2Duration_ConsolidatedMember_ResultMember	/disc/73200/081220220210586300_tse-qcedjpsm-73200-20220210373200-ixbrl.htm
2022-02-10	四半期	前期第2四半期累計	連結	実績		売上高	NetSales	1195000000	JPY	1,195	PriorAccumulatedQ2Duration_ConsolidatedMember_ResultMember	/disc/73200/081220220210586300_tse-qcedjpsm-73200-20220210373200-ixbrl.htm
2022-02-10	四半期	前期第2四半期累計	連結	実績		営業利益	OperatingIncome	160000000	JPY	160	PriorAccumulatedQ2Duration_ConsolidatedMember_ResultMember	/disc/73200/081220220210586300_tse-qcedjpsm-73200-20220210373200-ixbrl.htm
2022-02-10	四半期	前期第2四半期累計	連結	実績		経常利益	OrdinaryIncome	239000000	JPY	239	PriorAccumulatedQ2Duration_ConsolidatedMember_ResultMember	/disc/73200/081220220210586300_tse-qcedjpsm-73200-20220210373200-ixbrl.htm
2022-02-10	四半期	前期第2四半期累計	連結	実績		親会社株主に帰属する当期純利益	ProfitAttributableToOwnersOfParent	156000000	JPY	156	PriorAccumulatedQ2Duration_ConsolidatedMember_ResultMember	/disc/73200/081220220210586300_tse-qcedjpsm-73200-20220210373200-ixbrl.htm
2022-02-10	四半期	当期第2四半期累計	連結	実績		包括利益	ComprehensiveIncome	379000000	JPY	379	CurrentAccumulatedQ2Duration_ConsolidatedMember_ResultMember	/disc/73200/081220220210586300_tse-qcedjpsm-73200-20220210373200-ixbrl.htm
2022-02-10	四半期	当期第2四半期累計	連結	実績		包括利益の増減率	ChangeInComprehensiveIncome	1.151	Pure	115.1	CurrentAccumulatedQ2Duration_ConsolidatedMember_ResultMember	/disc/73200/081220220210586300_tse-qcedjpsm-73200-20220210373200-ixbrl.htm
2022-02-10	四半期	前期第2四半期累計	連結	実績		包括利益	ComprehensiveIncome	176000000	JPY	176	PriorAccumulatedQ2Duration_ConsolidatedMember_ResultMember	/disc/73200/081220220210586300_tse-qcedjpsm-73200-20220210373200-ixbrl.htm
2022-02-10	四半期	当期第2四半期累計	連結	実績		1株当たり当期純利益	NetIncomePerShare	71.05	JPYPerShares	71.05	CurrentAccumulatedQ2Duration_ConsolidatedMember_ResultMember	/disc/73200/081220220210586300_tse-qcedjpsm-73200-20220210373200-ixbrl.htm
2022-02-10	四半期	当期第2四半期累計	連結	実績		潜在株式調整後1株当たり当期純利益	DilutedNetIncomePerShare	70.20	JPYPerShares	70.20	CurrentAccumulatedQ2Duration_ConsolidatedMember_ResultMember	/disc/73200/081220220210586300_tse-qcedjpsm-73200-20220210373200-ixbrl.htm
2022-02-10	四半期	前期第2四半期累計	連結	実績		1株当たり当期純利益	NetIncomePerShare	31.18	JPYPerShares	31.18	PriorAccumulatedQ2Duration_ConsolidatedMember_ResultMember	/disc/73200/081220220210586300_tse-qcedjpsm-73200-20220210373200-ixbrl.htm
2022-02-10	四半期	前期第2四半期累計	連結	実績		潜在株式調整後1株当たり当期純利益	DilutedNetIncomePerShare	30.53	JPYPerShares	30.53	PriorAccumulatedQ2Duration_ConsolidatedMember_ResultMember	/disc/73200/081220220210586300_tse-qcedjpsm-73200-20220210373200-ixbrl.htm
2022-02-10	四半期	当期第2四半期累計	連結	実績		経営成績の注記	NoteToOperatingResults			（注）「収益認識に関する会計基準」（企業会計基準第29号 2020年３月31日）等を第１四半期連結会計期間の期首から適用しており、2021年６月期第２四半期に係る各数値については、当該会計基準等を遡って適用した後の数値となっております。これにより、2021年６月期第２四半期の対前年同四半期増減率は記載しておりません。	CurrentAccumulatedQ2Duration_ConsolidatedMember_ResultMember	/disc/73200/081220220210586300_tse-qcedjpsm-73200-20220210373200-ixbrl.htm
2022-02-10	四半期	当期第2四半期累計	連結	実績		総資産	TotalAssets	15292000000	JPY	15,292	CurrentAccumulatedQ2Instant_ConsolidatedMember_ResultMember	/disc/73200/081220220210586300_tse-qcedjpsm-73200-20220210373200-ixbrl.htm
2022-02-10	四半期	当期第2四半期累計	連結	実績		純資産	NetAssets	1125000000	JPY	1,125	CurrentAccumulatedQ2Instant_ConsolidatedMember_ResultMember	/disc/73200/081220220210586300_tse-qcedjpsm-73200-20220210373200-ixbrl.htm
2022-02-10	四半期	当期第2四半期累計	連結	実績		自己資本比率	CapitalAdequacyRatio	0.074	Pure	7.4	CurrentAccumulatedQ2Instant_ConsolidatedMember_ResultMember	/disc/73200/081220220210586300_tse-qcedjpsm-73200-20220210373200-ixbrl.htm
2022-02-10	四半期	前期	連結	実績		総資産	TotalAssets	14469000000	JPY	14,469	PriorYearInstant_ConsolidatedMember_ResultMember	/disc/73200/081220220210586300_tse-qcedjpsm-73200-20220210373200-ixbrl.htm
2022-02-10	四半期	前期	連結	実績		純資産	NetAssets	779000000	JPY	779	PriorYearInstant_ConsolidatedMember_ResultMember	/disc/73200/081220220210586300_tse-qcedjpsm-73200-20220210373200-ixbrl.htm
2022-02-10	四半期	前期	連結	実績		自己資本比率	CapitalAdequacyRatio	0.054	Pure	5.4	PriorYearInstant_ConsolidatedMember_ResultMember	/disc/73200/081220220210586300_tse-qcedjpsm-73200-20220210373200-ixbrl.htm
2022-02-10	四半期	当期第2四半期累計	連結	実績		自己資本	OwnersEquity	1125000000	JPY	1,125	CurrentAccumulatedQ2Instant_ConsolidatedMember_ResultMember	/disc/73200/081220220210586300_tse-qcedjpsm-73200-20220210373200-ixbrl.htm
2022-02-10	四半期	前期	連結	実績		自己資本	OwnersEquity	779000000	JPY	779	PriorYearInstant_ConsolidatedMember_ResultMember	/disc/73200/081220220210586300_tse-qcedjpsm-73200-20220210373200-ixbrl.htm
2022-02-10	四半期	当期第2四半期累計	連結	実績			NoteToFinancialPositions			（注）「収益認識に関する会計基準」（企業会計基準第29号 2020年３月31日）等を第１四半期連結会計期間の期首から適用しており、2021年６月期に係る各数値については、当該会計基準等を遡って適用した後の数値となっております。	CurrentAccumulatedQ2Instant_ConsolidatedMember_ResultMember	/disc/73200/081220220210586300_tse-qcedjpsm-73200-20220210373200-ixbrl.htm
2022-02-10	四半期	前期	単体	実績	第2四半期末	1株当たり配当金	DividendPerShare	0.00	JPYPerShares	0.00	PriorYearDuration_SecondQuarterMember_NonConsolidatedMember_ResultMember	/disc/73200/081220220210586300_tse-qcedjpsm-73200-20220210373200-ixbrl.htm
2022-02-10	四半期	前期	単体	実績	期末	1株当たり配当金	DividendPerShare	10.00	JPYPerShares	10.00	PriorYearDuration_YearEndMember_NonConsolidatedMember_ResultMember	/disc/73200/081220220210586300_tse-qcedjpsm-73200-20220210373200-ixbrl.htm
2022-02-10	四半期	前期	単体	実績	合計	1株当たり配当金	DividendPerShare	10.00	JPYPerShares	10.00	PriorYearDuration_AnnualMember_NonConsolidatedMember_ResultMember	/disc/73200/081220220210586300_tse-qcedjpsm-73200-20220210373200-ixbrl.htm
2022-02-10	四半期	当期	単体	実績	第2四半期末	1株当たり配当金	DividendPerShare	0.00	JPYPerShares	0.00	CurrentYearDuration_SecondQuarterMember_NonConsolidatedMember_ResultMember	/disc/73200/081220220210586300_tse-qcedjpsm-73200-20220210373200-ixbrl.htm
2022-02-10	四半期	当期	単体	予想	期末	1株当たり配当金	DividendPerShare	10.00	JPYPerShares	10.00	CurrentYearDuration_YearEndMember_NonConsolidatedMember_ForecastMember	/disc/73200/081220220210586300_tse-qcedjpsm-73200-20220210373200-ixbrl.htm
2022-02-10	四半期	当期	単体	予想	合計	1株当たり配当金	DividendPerShare	10.00	JPYPerShares	10.00	CurrentYearDuration_AnnualMember_NonConsolidatedMember_ForecastMember	/disc/73200/081220220210586300_tse-qcedjpsm-73200-20220210373200-ixbrl.htm
2022-02-10	四半期	当期	単体	実績	合計	当四半期における配当予想の修正	CorrectionOfDividendForecastInThisQuarter			無	CurrentYearDuration_AnnualMember_NonConsolidatedMember_ResultMember	/disc/73200/081220220210586300_tse-qcedjpsm-73200-20220210373200-ixbrl.htm
2022-02-10	四半期	当期	連結	予想		業績予想の見出し	TitleForForecasts			３．2022年６月期の連結業績予想（2021年７月１日～2022年６月30日）	CurrentYearDuration_ConsolidatedMember_ForecastMember	/disc/73200/081220220210586300_tse-qcedjpsm-73200-20220210373200-ixbrl.htm
2022-02-10	四半期	当期	連結	予想		売上高	NetSales	3200000000	JPY	3,200	CurrentYearDuration_ConsolidatedMember_ForecastMember	/disc/73200/081220220210586300_tse-qcedjpsm-73200-20220210373200-ixbrl.htm
2022-02-10	四半期	当期	連結	予想		売上高の増減率	ChangeInNetSales	0.219	Pure	21.9	CurrentYearDuration_ConsolidatedMember_ForecastMember	/disc/73200/081220220210586300_tse-qcedjpsm-73200-20220210373200-ixbrl.htm
2022-02-10	四半期	当期	連結	予想		営業利益	OperatingIncome	700000000	JPY	700	CurrentYearDuration_ConsolidatedMember_ForecastMember	/disc/73200/081220220210586300_tse-qcedjpsm-73200-20220210373200-ixbrl.htm
2022-02-10	四半期	当期	連結	予想		営業利益の増減率	ChangeInOperatingIncome	0.833	Pure	83.3	CurrentYearDuration_ConsolidatedMember_ForecastMember	/disc/73200/081220220210586300_tse-qcedjpsm-73200-20220210373200-ixbrl.htm
2022-02-10	四半期	当期	連結	予想		経常利益	OrdinaryIncome	800000000	JPY	800	CurrentYearDuration_ConsolidatedMember_ForecastMember	/disc/73200/081220220210586300_tse-qcedjpsm-73200-20220210373200-ixbrl.htm
2022-02-10	四半期	当期	連結	予想		経常利益の増減率	ChangeInOrdinaryIncome	0.746	Pure	74.6	CurrentYearDuration_ConsolidatedMember_ForecastMember	/disc/73200/081220220210586300_tse-qcedjpsm-73200-20220210373200-ixbrl.htm
2022-02-10	四半期	当期	連結	予想		親会社株主に帰属する当期純利益	ProfitAttributableToOwnersOfParent	530000000	JPY	530	CurrentYearDuration_ConsolidatedMember_ForecastMember	/disc/73200/081220220210586300_tse-qcedjpsm-73200-20220210373200-ixbrl.htm
2022-02-10	四半期	当期	連結	予想		親会社株主に帰属する当期純利益の増減率	ChangeInProfitAttributableToOwnersOfParent	1.179	Pure	117.9	CurrentYearDuration_ConsolidatedMember_ForecastMember	/disc/73200/081220220210586300_tse-qcedjpsm-73200-20220210373200-ixbrl.htm
2022-02-10	四半期	当期	連結	予想		1株当たり当期純利益	NetIncomePerShare	105.89	JPYPerShares	105.89	CurrentYearDuration_ConsolidatedMember_ForecastMember	/disc/73200/081220220210586300_tse-qcedjpsm-73200-20220210373200-ixbrl.htm
2022-02-10	四半期	当期	連結	予想		当四半期における業績予想の修正	CorrectionOfConsolidatedFinancialForecastInThisQuarter			有	CurrentYearDuration_ConsolidatedMember_ForecastMember	/disc/73200/081220220210586300_tse-qcedjpsm-73200-20220210373200-ixbrl.htm
2022-02-10	四半期	当期	連結	予想		業績予想の注記	NoteToForecasts			「収益認識に関する会計基準」（企業会計基準第29号 2020年３月31日）等を第１四半期連結会計期間の期首から適用しており、対前期増減率については、当該会計基準等を遡って適用した後の数値と比較して記載しております。	CurrentYearDuration_ConsolidatedMember_ForecastMember	/disc/73200/081220220210586300_tse-qcedjpsm-73200-20220210373200-ixbrl.htm
2022-02-10	四半期	当期第2四半期累計	連結	実績			MaterialChangesInSubsidiariesDuringThisPeriodChangesInScopeOfConsolidationsResultingFromChangeIsSubsidiaries			無	CurrentAccumulatedQ2Duration_ConsolidatedMember_ResultMember	/disc/73200/081220220210586300_tse-qcedjpsm-73200-20220210373200-ixbrl.htm
2022-02-10	四半期	当期第2四半期累計	連結	実績			ApplyingOfSpecificAccountingOfTheConsolidatedQuarterlyFinancialStatements			有	CurrentAccumulatedQ2Duration_ConsolidatedMember_ResultMember	/disc/73200/081220220210586300_tse-qcedjpsm-73200-20220210373200-ixbrl.htm
2022-02-10	四半期	当期第2四半期累計	連結	実績			NoteToApplyingOfSpecificAccountingOfTheConsolidatedQuarterlyFinancialStatements			（注）詳細は、添付資料Ｐ．11「２．四半期連結財務諸表及び主な注記 （４）四半期連結財務諸表に関する注記事項 （四半期連結財務諸表の作成に特有の会計処理の適用）」をご覧ください。	CurrentAccumulatedQ2Duration_ConsolidatedMember_ResultMember	/disc/73200/081220220210586300_tse-qcedjpsm-73200-20220210373200-ixbrl.htm
2022-02-10	四半期	当期第2四半期累計	連結	実績		会計基準等の改正に伴う変更	ChangesBasedOnRevisionsOfAccountingStandard			有	CurrentAccumulatedQ2Duration_ConsolidatedMember_ResultMember	/disc/73200/081220220210586300_tse-qcedjpsm-73200-20220210373200-ixbrl.htm
2022-02-10	四半期	当期第2四半期累計	連結	実績		それ以外の会計方針の変更	ChangesOtherThanOnesBasedOnRevisionsOfAccountingStandard			無	CurrentAccumulatedQ2Duration_ConsolidatedMember_ResultMember	/disc/73200/081220220210586300_tse-qcedjpsm-73200-20220210373200-ixbrl.htm
2022-02-10	四半期	当期第2四半期累計	連結	実績		会計上の見積りの変更	ChangesInAccountingEstimates			無	CurrentAccumulatedQ2Duration_ConsolidatedMember_ResultMember	/disc/73200/081220220210586300_tse-qcedjpsm-73200-20220210373200-ixbrl.htm
2022-02-10	四半期	当期第2四半期累計	連結	実績		修正再表示	RetrospectiveRestatement			無	CurrentAccumulatedQ2Duration_ConsolidatedMember_ResultMember	/disc/73200/081220220210586300_tse-qcedjpsm-73200-20220210373200-ixbrl.htm
2022-02-10	四半期	当期第2四半期累計	連結	実績			NoteToChangesInAccountingPoliciesAccountingEstimatesAndRetrospectiveRestatementQuarterlyConsolidated			（注）詳細は、添付資料Ｐ.11「２．四半期連結財務諸表及び主な注記（４）四半期連結財務諸表に関する注記事項（会計方針の変更）」をご覧ください。	CurrentAccumulatedQ2Duration_ConsolidatedMember_ResultMember	/disc/73200/081220220210586300_tse-qcedjpsm-73200-20220210373200-ixbrl.htm
2022-02-10	四半期	当期第2四半期累計	単体	実績		期末発行済株式数(自己株式を含む)	NumberOfIssuedAndOutstandingSharesAtTheEndOfFiscalYearIncludingTreasuryStock	5058300	Shares	5,058,300	CurrentAccumulatedQ2Instant_NonConsolidatedMember_ResultMember	/disc/73200/081220220210586300_tse-qcedjpsm-73200-20220210373200-ixbrl.htm
2022-02-10	四半期	前期	単体	実績		期末発行済株式数(自己株式を含む)	NumberOfIssuedAndOutstandingSharesAtTheEndOfFiscalYearIncludingTreasuryStock	5058300	Shares	5,058,300	PriorYearInstant_NonConsolidatedMember_ResultMember	/disc/73200/081220220210586300_tse-qcedjpsm-73200-20220210373200-ixbrl.htm
2022-02-10	四半期	当期第2四半期累計	単体	実績		期末自己株式数	NumberOfTreasuryStockAtTheEndOfFiscalYear	50262	Shares	50,262	CurrentAccumulatedQ2Instant_NonConsolidatedMember_ResultMember	/disc/73200/081220220210586300_tse-qcedjpsm-73200-20220210373200-ixbrl.htm
2022-02-10	四半期	前期	単体	実績		期末自己株式数	NumberOfTreasuryStockAtTheEndOfFiscalYear	56175	Shares	56,175	PriorYearInstant_NonConsolidatedMember_ResultMember	/disc/73200/081220220210586300_tse-qcedjpsm-73200-20220210373200-ixbrl.htm
2022-02-10	四半期	当期第2四半期累計	単体	実績		期中平均株式数	AverageNumberOfShares	5005161	Shares	5,005,161	CurrentAccumulatedQ2Duration_NonConsolidatedMember_ResultMember	/disc/73200/081220220210586300_tse-qcedjpsm-73200-20220210373200-ixbrl.htm
2022-02-10	四半期	前期第2四半期累計	単体	実績		期中平均株式数	AverageNumberOfShares	5004147	Shares	5,004,147	PriorAccumulatedQ2Duration_NonConsolidatedMember_ResultMember	/disc/73200/081220220210586300_tse-qcedjpsm-73200-20220210373200-ixbrl.htm
2022-02-10	四半期	当期				将来情報の利用に関する注意	NotesForUsingForecastedInformationAndOthers			（将来に関する記述等についてのご注意） 本資料に記載されている業績見通し等の将来に関する記述は、当社が入手している情報及び合理的であると判断する一定の前提に基づいており、その達成を当社として約束する趣旨のものではありません。また、実際の業績等は様々な要因により大きく異なる場合があります。業績予想の前提となる条件及び業績予想のご利用に当たっての注意事項等については、添付資料Ｐ．５「１．当四半期決算に関する定性的情報 （４）連結業績予想などの将来予測情報に関する説明」をご覧ください。&#160;（四半期決算補足説明資料及び四半期決算説明会内容の入手方法） 当社は、2022年２月15日（火）に機関投資家及びアナリスト向け説明会を開催する予定です。この説明会で使用する説明会資料は、開催後速やかに当社ウェブサイトに掲載する予定です。	CurrentYearDuration	/disc/73200/081220220210586300_tse-qcedjpsm-73200-20220210373200-ixbrl.htm
2022-02-10	四半期	当期				決算期末	FiscalYearEnd			2022-06-30	CurrentYearInstant	/disc/73200/081220220210586300_tse-qcedjpsm-73200-20220210373200-ixbrl.htm
2022-02-10	四半期	当期第2四半期累計				四半期	QuarterlyPeriod	2	Pure	2	CurrentAccumulatedQ2Instant	/disc/73200/081220220210586300_tse-qcedjpsm-73200-20220210373200-ixbrl.htm
2022-05-11	四半期	当期第3四半期累計				書類名	DocumentName			第３四半期決算短信〔日本基準〕（連結）	CurrentAccumulatedQ3Instant	/disc/73200/081220220511538680_tse-qcedjpsm-73200-20220511373200-ixbrl.htm
2022-05-11	四半期	当期第3四半期累計				提出日	FilingDate			2022年５月11日	CurrentAccumulatedQ3Instant	/disc/73200/081220220511538680_tse-qcedjpsm-73200-20220511373200-ixbrl.htm
2022-05-11	四半期	当期第3四半期累計				会社名	CompanyName			日本リビング保証株式会社	CurrentAccumulatedQ3Instant	/disc/73200/081220220511538680_tse-qcedjpsm-73200-20220511373200-ixbrl.htm
2022-05-11	四半期	当期第3四半期累計					TokyoStockExchange			東	CurrentAccumulatedQ3Instant	/disc/73200/081220220511538680_tse-qcedjpsm-73200-20220511373200-ixbrl.htm
2022-05-11	四半期	当期第3四半期累計				証券コード	SecuritiesCode			7320	CurrentAccumulatedQ3Instant	/disc/73200/081220220511538680_tse-qcedjpsm-73200-20220511373200-ixbrl.htm
2022-05-11	四半期	当期第3四半期累計				URL	URL			https://jlw.jp	CurrentAccumulatedQ3Instant	/disc/73200/081220220511538680_tse-qcedjpsm-73200-20220511373200-ixbrl.htm
2022-05-11	四半期	当期第3四半期累計				代表者の役職	TitleRepresentative			代表取締役社長	CurrentAccumulatedQ3Instant	/disc/73200/081220220511538680_tse-qcedjpsm-73200-20220511373200-ixbrl.htm
2022-05-11	四半期	当期第3四半期累計				代表者名	NameRepresentative			安達&#160; 慶高	CurrentAccumulatedQ3Instant	/disc/73200/081220220511538680_tse-qcedjpsm-73200-20220511373200-ixbrl.htm
2022-05-11	四半期	当期第3四半期累計					TitleInquiries			取締役管理本部長	CurrentAccumulatedQ3Instant	/disc/73200/081220220511538680_tse-qcedjpsm-73200-20220511373200-ixbrl.htm
2022-05-11	四半期	当期第3四半期累計					NameInquiries			吉川 淳史	CurrentAccumulatedQ3Instant	/disc/73200/081220220511538680_tse-qcedjpsm-73200-20220511373200-ixbrl.htm
2022-05-11	四半期	当期第3四半期累計					Tel			03-6276-0401	CurrentAccumulatedQ3Instant	/disc/73200/081220220511538680_tse-qcedjpsm-73200-20220511373200-ixbrl.htm
2022-05-11	四半期	当期第3四半期累計					QuarterlyStatementFilingDateAsPlanned			2022年５月11日	CurrentAccumulatedQ3Instant	/disc/73200/081220220511538680_tse-qcedjpsm-73200-20220511373200-ixbrl.htm
2022-05-11	四半期	当期第3四半期累計					SupplementalMaterialOfQuarterlyResults			有	CurrentAccumulatedQ3Instant	/disc/73200/081220220511538680_tse-qcedjpsm-73200-20220511373200-ixbrl.htm
2022-05-11	四半期	当期第3四半期累計					ConveningBriefingOfQuarterlyResults			無	CurrentAccumulatedQ3Instant	/disc/73200/081220220511538680_tse-qcedjpsm-73200-20220511373200-ixbrl.htm
2022-05-11	四半期	当期第3四半期累計					NoteToFractionProcessingMethod			（百万円未満切捨て）	CurrentAccumulatedQ3Instant	/disc/73200/081220220511538680_tse-qcedjpsm-73200-20220511373200-ixbrl.htm
2022-05-11	四半期	当期第3四半期累計	連結	実績		売上高	NetSales	2420000000	JPY	2,420	CurrentAccumulatedQ3Duration_ConsolidatedMember_ResultMember	/disc/73200/081220220511538680_tse-qcedjpsm-73200-20220511373200-ixbrl.htm
2022-05-11	四半期	当期第3四半期累計	連結	実績		売上高の増減率	ChangeInNetSales	0.264	Pure	26.4	CurrentAccumulatedQ3Duration_ConsolidatedMember_ResultMember	/disc/73200/081220220511538680_tse-qcedjpsm-73200-20220511373200-ixbrl.htm
2022-05-11	四半期	当期第3四半期累計	連結	実績		営業利益	OperatingIncome	570000000	JPY	570	CurrentAccumulatedQ3Duration_ConsolidatedMember_ResultMember	/disc/73200/081220220511538680_tse-qcedjpsm-73200-20220511373200-ixbrl.htm
2022-05-11	四半期	当期第3四半期累計	連結	実績		営業利益の増減率	ChangeInOperatingIncome	0.755	Pure	75.5	CurrentAccumulatedQ3Duration_ConsolidatedMember_ResultMember	/disc/73200/081220220511538680_tse-qcedjpsm-73200-20220511373200-ixbrl.htm
2022-05-11	四半期	当期第3四半期累計	連結	実績		経常利益	OrdinaryIncome	661000000	JPY	661	CurrentAccumulatedQ3Duration_ConsolidatedMember_ResultMember	/disc/73200/081220220511538680_tse-qcedjpsm-73200-20220511373200-ixbrl.htm
2022-05-11	四半期	当期第3四半期累計	連結	実績		経常利益の増減率	ChangeInOrdinaryIncome	0.561	Pure	56.1	CurrentAccumulatedQ3Duration_ConsolidatedMember_ResultMember	/disc/73200/081220220511538680_tse-qcedjpsm-73200-20220511373200-ixbrl.htm
2022-05-11	四半期	当期第3四半期累計	連結	実績		親会社株主に帰属する当期純利益	ProfitAttributableToOwnersOfParent	452000000	JPY	452	CurrentAccumulatedQ3Duration_ConsolidatedMember_ResultMember	/disc/73200/081220220511538680_tse-qcedjpsm-73200-20220511373200-ixbrl.htm
2022-05-11	四半期	当期第3四半期累計	連結	実績		親会社株主に帰属する当期純利益の増減率	ChangeInProfitAttributableToOwnersOfParent	0.602	Pure	60.2	CurrentAccumulatedQ3Duration_ConsolidatedMember_ResultMember	/disc/73200/081220220511538680_tse-qcedjpsm-73200-20220511373200-ixbrl.htm
2022-05-11	四半期	前期第3四半期累計	連結	実績		売上高	NetSales	1914000000	JPY	1,914	PriorAccumulatedQ3Duration_ConsolidatedMember_ResultMember	/disc/73200/081220220511538680_tse-qcedjpsm-73200-20220511373200-ixbrl.htm
2022-05-11	四半期	前期第3四半期累計	連結	実績		営業利益	OperatingIncome	325000000	JPY	325	PriorAccumulatedQ3Duration_ConsolidatedMember_ResultMember	/disc/73200/081220220511538680_tse-qcedjpsm-73200-20220511373200-ixbrl.htm
2022-05-11	四半期	前期第3四半期累計	連結	実績		経常利益	OrdinaryIncome	423000000	JPY	423	PriorAccumulatedQ3Duration_ConsolidatedMember_ResultMember	/disc/73200/081220220511538680_tse-qcedjpsm-73200-20220511373200-ixbrl.htm
2022-05-11	四半期	前期第3四半期累計	連結	実績		親会社株主に帰属する当期純利益	ProfitAttributableToOwnersOfParent	282000000	JPY	282	PriorAccumulatedQ3Duration_ConsolidatedMember_ResultMember	/disc/73200/081220220511538680_tse-qcedjpsm-73200-20220511373200-ixbrl.htm
2022-05-11	四半期	当期第3四半期累計	連結	実績		包括利益	ComprehensiveIncome	471000000	JPY	471	CurrentAccumulatedQ3Duration_ConsolidatedMember_ResultMember	/disc/73200/081220220511538680_tse-qcedjpsm-73200-20220511373200-ixbrl.htm
2022-05-11	四半期	当期第3四半期累計	連結	実績		包括利益の増減率	ChangeInComprehensiveIncome	0.447	Pure	44.7	CurrentAccumulatedQ3Duration_ConsolidatedMember_ResultMember	/disc/73200/081220220511538680_tse-qcedjpsm-73200-20220511373200-ixbrl.htm
2022-05-11	四半期	前期第3四半期累計	連結	実績		包括利益	ComprehensiveIncome	326000000	JPY	326	PriorAccumulatedQ3Duration_ConsolidatedMember_ResultMember	/disc/73200/081220220511538680_tse-qcedjpsm-73200-20220511373200-ixbrl.htm
2022-05-11	四半期	当期第3四半期累計	連結	実績		1株当たり当期純利益	NetIncomePerShare	90.57	JPYPerShares	90.57	CurrentAccumulatedQ3Duration_ConsolidatedMember_ResultMember	/disc/73200/081220220511538680_tse-qcedjpsm-73200-20220511373200-ixbrl.htm
2022-05-11	四半期	当期第3四半期累計	連結	実績		潜在株式調整後1株当たり当期純利益	DilutedNetIncomePerShare	89.49	JPYPerShares	89.49	CurrentAccumulatedQ3Duration_ConsolidatedMember_ResultMember	/disc/73200/081220220511538680_tse-qcedjpsm-73200-20220511373200-ixbrl.htm
2022-05-11	四半期	前期第3四半期累計	連結	実績		1株当たり当期純利益	NetIncomePerShare	56.61	JPYPerShares	56.61	PriorAccumulatedQ3Duration_ConsolidatedMember_ResultMember	/disc/73200/081220220511538680_tse-qcedjpsm-73200-20220511373200-ixbrl.htm
2022-05-11	四半期	前期第3四半期累計	連結	実績		潜在株式調整後1株当たり当期純利益	DilutedNetIncomePerShare	55.41	JPYPerShares	55.41	PriorAccumulatedQ3Duration_ConsolidatedMember_ResultMember	/disc/73200/081220220511538680_tse-qcedjpsm-73200-20220511373200-ixbrl.htm
2022-05-11	四半期	当期第3四半期累計	連結	実績		経営成績の注記	NoteToOperatingResults			（注）「収益認識に関する会計基準」（企業会計基準第29号 2020年３月31日）等を第１四半期連結会計期間の期首から適用しており、2021年６月期第３四半期に係る各数値については、当該会計基準等を遡って適用した後の数値となっております。これにより、2021年６月期第３四半期の対前年同四半期増減率は記載しておりません。	CurrentAccumulatedQ3Duration_ConsolidatedMember_ResultMember	/disc/73200/081220220511538680_tse-qcedjpsm-73200-20220511373200-ixbrl.htm
2022-05-11	四半期	当期第3四半期累計	連結	実績		総資産	TotalAssets	15156000000	JPY	15,156	CurrentAccumulatedQ3Instant_ConsolidatedMember_ResultMember	/disc/73200/081220220511538680_tse-qcedjpsm-73200-20220511373200-ixbrl.htm
2022-05-11	四半期	当期第3四半期累計	連結	実績		純資産	NetAssets	1125000000	JPY	1,125	CurrentAccumulatedQ3Instant_ConsolidatedMember_ResultMember	/disc/73200/081220220511538680_tse-qcedjpsm-73200-20220511373200-ixbrl.htm
2022-05-11	四半期	当期第3四半期累計	連結	実績		自己資本比率	CapitalAdequacyRatio	0.074	Pure	7.4	CurrentAccumulatedQ3Instant_ConsolidatedMember_ResultMember	/disc/73200/081220220511538680_tse-qcedjpsm-73200-20220511373200-ixbrl.htm
2022-05-11	四半期	前期	連結	実績		総資産	TotalAssets	14469000000	JPY	14,469	PriorYearInstant_ConsolidatedMember_ResultMember	/disc/73200/081220220511538680_tse-qcedjpsm-73200-20220511373200-ixbrl.htm
2022-05-11	四半期	前期	連結	実績		純資産	NetAssets	779000000	JPY	779	PriorYearInstant_ConsolidatedMember_ResultMember	/disc/73200/081220220511538680_tse-qcedjpsm-73200-20220511373200-ixbrl.htm
2022-05-11	四半期	前期	連結	実績		自己資本比率	CapitalAdequacyRatio	0.054	Pure	5.4	PriorYearInstant_ConsolidatedMember_ResultMember	/disc/73200/081220220511538680_tse-qcedjpsm-73200-20220511373200-ixbrl.htm
2022-05-11	四半期	当期第3四半期累計	連結	実績		自己資本	OwnersEquity	1125000000	JPY	1,125	CurrentAccumulatedQ3Instant_ConsolidatedMember_ResultMember	/disc/73200/081220220511538680_tse-qcedjpsm-73200-20220511373200-ixbrl.htm
2022-05-11	四半期	前期	連結	実績		自己資本	OwnersEquity	779000000	JPY	779	PriorYearInstant_ConsolidatedMember_ResultMember	/disc/73200/081220220511538680_tse-qcedjpsm-73200-20220511373200-ixbrl.htm
2022-05-11	四半期	当期第3四半期累計	連結	実績			NoteToFinancialPositions			（注）「収益認識に関する会計基準」（企業会計基準第29号 2020年３月31日）等を第１四半期連結会計期間の期首から適用しており、2021年６月期に係る各数値については、当該会計基準等を遡って適用した後の数値となっております。	CurrentAccumulatedQ3Instant_ConsolidatedMember_ResultMember	/disc/73200/081220220511538680_tse-qcedjpsm-73200-20220511373200-ixbrl.htm
2022-05-11	四半期	前期	単体	実績	第2四半期末	1株当たり配当金	DividendPerShare	0.00	JPYPerShares	0.00	PriorYearDuration_SecondQuarterMember_NonConsolidatedMember_ResultMember	/disc/73200/081220220511538680_tse-qcedjpsm-73200-20220511373200-ixbrl.htm
2022-05-11	四半期	前期	単体	実績	期末	1株当たり配当金	DividendPerShare	10.00	JPYPerShares	10.00	PriorYearDuration_YearEndMember_NonConsolidatedMember_ResultMember	/disc/73200/081220220511538680_tse-qcedjpsm-73200-20220511373200-ixbrl.htm
2022-05-11	四半期	前期	単体	実績	合計	1株当たり配当金	DividendPerShare	10.00	JPYPerShares	10.00	PriorYearDuration_AnnualMember_NonConsolidatedMember_ResultMember	/disc/73200/081220220511538680_tse-qcedjpsm-73200-20220511373200-ixbrl.htm
2022-05-11	四半期	当期	単体	実績	第2四半期末	1株当たり配当金	DividendPerShare	0.00	JPYPerShares	0.00	CurrentYearDuration_SecondQuarterMember_NonConsolidatedMember_ResultMember	/disc/73200/081220220511538680_tse-qcedjpsm-73200-20220511373200-ixbrl.htm
2022-05-11	四半期	当期	単体	予想	期末	1株当たり配当金	DividendPerShare	10.00	JPYPerShares	10.00	CurrentYearDuration_YearEndMember_NonConsolidatedMember_ForecastMember	/disc/73200/081220220511538680_tse-qcedjpsm-73200-20220511373200-ixbrl.htm
2022-05-11	四半期	当期	単体	予想	合計	1株当たり配当金	DividendPerShare	10.00	JPYPerShares	10.00	CurrentYearDuration_AnnualMember_NonConsolidatedMember_ForecastMember	/disc/73200/081220220511538680_tse-qcedjpsm-73200-20220511373200-ixbrl.htm
2022-05-11	四半期	当期	単体	実績	合計	当四半期における配当予想の修正	CorrectionOfDividendForecastInThisQuarter			無	CurrentYearDuration_AnnualMember_NonConsolidatedMember_ResultMember	/disc/73200/081220220511538680_tse-qcedjpsm-73200-20220511373200-ixbrl.htm
2022-05-11	四半期	当期	連結	予想		業績予想の見出し	TitleForForecasts			３．2022年６月期の連結業績予想（2021年７月１日～2022年６月30日）	CurrentYearDuration_ConsolidatedMember_ForecastMember	/disc/73200/081220220511538680_tse-qcedjpsm-73200-20220511373200-ixbrl.htm
2022-05-11	四半期	当期	連結	予想		売上高	NetSales	3200000000	JPY	3,200	CurrentYearDuration_ConsolidatedMember_ForecastMember	/disc/73200/081220220511538680_tse-qcedjpsm-73200-20220511373200-ixbrl.htm
2022-05-11	四半期	当期	連結	予想		売上高の増減率	ChangeInNetSales	0.219	Pure	21.9	CurrentYearDuration_ConsolidatedMember_ForecastMember	/disc/73200/081220220511538680_tse-qcedjpsm-73200-20220511373200-ixbrl.htm
2022-05-11	四半期	当期	連結	予想		営業利益	OperatingIncome	700000000	JPY	700	CurrentYearDuration_ConsolidatedMember_ForecastMember	/disc/73200/081220220511538680_tse-qcedjpsm-73200-20220511373200-ixbrl.htm
2022-05-11	四半期	当期	連結	予想		営業利益の増減率	ChangeInOperatingIncome	0.833	Pure	83.3	CurrentYearDuration_ConsolidatedMember_ForecastMember	/disc/73200/081220220511538680_tse-qcedjpsm-73200-20220511373200-ixbrl.htm
2022-05-11	四半期	当期	連結	予想		経常利益	OrdinaryIncome	800000000	JPY	800	CurrentYearDuration_ConsolidatedMember_ForecastMember	/disc/73200/081220220511538680_tse-qcedjpsm-73200-20220511373200-ixbrl.htm
2022-05-11	四半期	当期	連結	予想		経常利益の増減率	ChangeInOrdinaryIncome	0.746	Pure	74.6	CurrentYearDuration_ConsolidatedMember_ForecastMember	/disc/73200/081220220511538680_tse-qcedjpsm-73200-20220511373200-ixbrl.htm
2022-05-11	四半期	当期	連結	予想		親会社株主に帰属する当期純利益	ProfitAttributableToOwnersOfParent	530000000	JPY	530	CurrentYearDuration_ConsolidatedMember_ForecastMember	/disc/73200/081220220511538680_tse-qcedjpsm-73200-20220511373200-ixbrl.htm
2022-05-11	四半期	当期	連結	予想		親会社株主に帰属する当期純利益の増減率	ChangeInProfitAttributableToOwnersOfParent	1.179	Pure	117.9	CurrentYearDuration_ConsolidatedMember_ForecastMember	/disc/73200/081220220511538680_tse-qcedjpsm-73200-20220511373200-ixbrl.htm
2022-05-11	四半期	当期	連結	予想		1株当たり当期純利益	NetIncomePerShare	105.89	JPYPerShares	105.89	CurrentYearDuration_ConsolidatedMember_ForecastMember	/disc/73200/081220220511538680_tse-qcedjpsm-73200-20220511373200-ixbrl.htm
2022-05-11	四半期	当期	連結	予想		当四半期における業績予想の修正	CorrectionOfConsolidatedFinancialForecastInThisQuarter			無	CurrentYearDuration_ConsolidatedMember_ForecastMember	/disc/73200/081220220511538680_tse-qcedjpsm-73200-20220511373200-ixbrl.htm
2022-05-11	四半期	当期	連結	予想		業績予想の注記	NoteToForecasts			「収益認識に関する会計基準」（企業会計基準第29号 2020年３月31日）等を第１四半期連結会計期間の期首から適用しており、対前期増減率については、当該会計基準等を遡って適用した後の数値と比較して記載しております。	CurrentYearDuration_ConsolidatedMember_ForecastMember	/disc/73200/081220220511538680_tse-qcedjpsm-73200-20220511373200-ixbrl.htm
2022-05-11	四半期	当期第3四半期累計	連結	実績			MaterialChangesInSubsidiariesDuringThisPeriodChangesInScopeOfConsolidationsResultingFromChangeIsSubsidiaries			無	CurrentAccumulatedQ3Duration_ConsolidatedMember_ResultMember	/disc/73200/081220220511538680_tse-qcedjpsm-73200-20220511373200-ixbrl.htm
2022-05-11	四半期	当期第3四半期累計	連結	実績			ApplyingOfSpecificAccountingOfTheConsolidatedQuarterlyFinancialStatements			有	CurrentAccumulatedQ3Duration_ConsolidatedMember_ResultMember	/disc/73200/081220220511538680_tse-qcedjpsm-73200-20220511373200-ixbrl.htm
2022-05-11	四半期	当期第3四半期累計	連結	実績			NoteToApplyingOfSpecificAccountingOfTheConsolidatedQuarterlyFinancialStatements			（注）詳細は、添付資料Ｐ．８「２．四半期連結財務諸表及び主な注記 （３）四半期連結財務諸表に関する注記事項（四半期連結財務諸表の作成に特有の会計処理の適用）」をご覧ください。	CurrentAccumulatedQ3Duration_ConsolidatedMember_ResultMember	/disc/73200/081220220511538680_tse-qcedjpsm-73200-20220511373200-ixbrl.htm
2022-05-11	四半期	当期第3四半期累計	連結	実績		会計基準等の改正に伴う変更	ChangesBasedOnRevisionsOfAccountingStandard			有	CurrentAccumulatedQ3Duration_ConsolidatedMember_ResultMember	/disc/73200/081220220511538680_tse-qcedjpsm-73200-20220511373200-ixbrl.htm
2022-05-11	四半期	当期第3四半期累計	連結	実績		それ以外の会計方針の変更	ChangesOtherThanOnesBasedOnRevisionsOfAccountingStandard			無	CurrentAccumulatedQ3Duration_ConsolidatedMember_ResultMember	/disc/73200/081220220511538680_tse-qcedjpsm-73200-20220511373200-ixbrl.htm
2022-05-11	四半期	当期第3四半期累計	連結	実績		会計上の見積りの変更	ChangesInAccountingEstimates			無	CurrentAccumulatedQ3Duration_ConsolidatedMember_ResultMember	/disc/73200/081220220511538680_tse-qcedjpsm-73200-20220511373200-ixbrl.htm
2022-05-11	四半期	当期第3四半期累計	連結	実績		修正再表示	RetrospectiveRestatement			無	CurrentAccumulatedQ3Duration_ConsolidatedMember_ResultMember	/disc/73200/081220220511538680_tse-qcedjpsm-73200-20220511373200-ixbrl.htm
2022-05-11	四半期	当期第3四半期累計	連結	実績			NoteToChangesInAccountingPoliciesAccountingEstimatesAndRetrospectiveRestatementQuarterlyConsolidated			（注）詳細は、添付資料Ｐ.８「２．四半期連結財務諸表及び主な注記 （３）四半期連結財務諸表に関する注記事項（会計方針の変更）」をご覧ください。	CurrentAccumulatedQ3Duration_ConsolidatedMember_ResultMember	/disc/73200/081220220511538680_tse-qcedjpsm-73200-20220511373200-ixbrl.htm
2022-05-11	四半期	当期第3四半期累計	単体	実績		期末発行済株式数(自己株式を含む)	NumberOfIssuedAndOutstandingSharesAtTheEndOfFiscalYearIncludingTreasuryStock	5058300	Shares	5,058,300	CurrentAccumulatedQ3Instant_NonConsolidatedMember_ResultMember	/disc/73200/081220220511538680_tse-qcedjpsm-73200-20220511373200-ixbrl.htm
2022-05-11	四半期	前期	単体	実績		期末発行済株式数(自己株式を含む)	NumberOfIssuedAndOutstandingSharesAtTheEndOfFiscalYearIncludingTreasuryStock	5058300	Shares	5,058,300	PriorYearInstant_NonConsolidatedMember_ResultMember	/disc/73200/081220220511538680_tse-qcedjpsm-73200-20220511373200-ixbrl.htm
2022-05-11	四半期	当期第3四半期累計	単体	実績		期末自己株式数	NumberOfTreasuryStockAtTheEndOfFiscalYear	100262	Shares	100,262	CurrentAccumulatedQ3Instant_NonConsolidatedMember_ResultMember	/disc/73200/081220220511538680_tse-qcedjpsm-73200-20220511373200-ixbrl.htm
2022-05-11	四半期	前期	単体	実績		期末自己株式数	NumberOfTreasuryStockAtTheEndOfFiscalYear	56175	Shares	56,175	PriorYearInstant_NonConsolidatedMember_ResultMember	/disc/73200/081220220511538680_tse-qcedjpsm-73200-20220511373200-ixbrl.htm
2022-05-11	四半期	当期第3四半期累計	単体	実績		期中平均株式数	AverageNumberOfShares	5000761	Shares	5,000,761	CurrentAccumulatedQ3Duration_NonConsolidatedMember_ResultMember	/disc/73200/081220220511538680_tse-qcedjpsm-73200-20220511373200-ixbrl.htm
2022-05-11	四半期	前期第3四半期累計	単体	実績		期中平均株式数	AverageNumberOfShares	4995355	Shares	4,995,355	PriorAccumulatedQ3Duration_NonConsolidatedMember_ResultMember	/disc/73200/081220220511538680_tse-qcedjpsm-73200-20220511373200-ixbrl.htm
2022-05-11	四半期	当期				将来情報の利用に関する注意	NotesForUsingForecastedInformationAndOthers			（将来に関する記述等についてのご注意） 本資料に記載されている業績見通し等の将来に関する記述は、当社が入手している情報及び合理的であると判断する一定の前提に基づいており、その達成を当社として約束する趣旨のものではありません。また、実際の業績等は様々な要因により大きく異なる場合があります。業績予想の前提となる条件及び業績予想のご利用に当たっての注意事項等については、添付資料Ｐ．４「１．当四半期決算に関する定性的情報 （３）連結業績予想などの将来予測情報に関する説明」をご覧ください。&#160;（四半期決算補足説明資料の入手方法） 四半期決算補足説明資料は、2022年５月11日(水)に当社ウェブサイトに掲載いたします。	CurrentYearDuration	/disc/73200/081220220511538680_tse-qcedjpsm-73200-20220511373200-ixbrl.htm
2022-05-11	四半期	当期				決算期末	FiscalYearEnd			2022-06-30	CurrentYearInstant	/disc/73200/081220220511538680_tse-qcedjpsm-73200-20220511373200-ixbrl.htm
2022-05-11	四半期	当期第3四半期累計				四半期	QuarterlyPeriod	3	Pure	3	CurrentAccumulatedQ3Instant	/disc/73200/081220220511538680_tse-qcedjpsm-73200-20220511373200-ixbrl.htm
2022-08-12	年次	当期				書類名	DocumentName			決算短信〔日本基準〕（連結）	CurrentYearInstant	/disc/73200/081220220812519288_tse-acedjpsm-73200-20220812373200-ixbrl.htm
2022-08-12	年次	当期				提出日	FilingDate			2022年８月12日	CurrentYearInstant	/disc/73200/081220220812519288_tse-acedjpsm-73200-20220812373200-ixbrl.htm
2022-08-12	年次	当期				会社名	CompanyName			日本リビング保証株式会社	CurrentYearInstant	/disc/73200/081220220812519288_tse-acedjpsm-73200-20220812373200-ixbrl.htm
2022-08-12	年次	当期					TokyoStockExchange			東	CurrentYearInstant	/disc/73200/081220220812519288_tse-acedjpsm-73200-20220812373200-ixbrl.htm
2022-08-12	年次	当期				証券コード	SecuritiesCode			7320	CurrentYearInstant	/disc/73200/081220220812519288_tse-acedjpsm-73200-20220812373200-ixbrl.htm
2022-08-12	年次	当期				URL	URL			https://jlw.jp	CurrentYearInstant	/disc/73200/081220220812519288_tse-acedjpsm-73200-20220812373200-ixbrl.htm
2022-08-12	年次	当期				代表者の役職	TitleRepresentative			代表取締役社長	CurrentYearInstant	/disc/73200/081220220812519288_tse-acedjpsm-73200-20220812373200-ixbrl.htm
2022-08-12	年次	当期				代表者名	NameRepresentative			安達 慶高	CurrentYearInstant	/disc/73200/081220220812519288_tse-acedjpsm-73200-20220812373200-ixbrl.htm
2022-08-12	年次	当期					TitleInquiries			取締役管理本部長	CurrentYearInstant	/disc/73200/081220220812519288_tse-acedjpsm-73200-20220812373200-ixbrl.htm
2022-08-12	年次	当期					NameInquiries			吉川 淳史	CurrentYearInstant	/disc/73200/081220220812519288_tse-acedjpsm-73200-20220812373200-ixbrl.htm
2022-08-12	年次	当期					Tel			03-6276-0401	CurrentYearInstant	/disc/73200/081220220812519288_tse-acedjpsm-73200-20220812373200-ixbrl.htm
2022-08-12	年次	当期					DateOfGeneralShareholdersMeetingAsPlanned			2022年９月27日	CurrentYearInstant	/disc/73200/081220220812519288_tse-acedjpsm-73200-20220812373200-ixbrl.htm
2022-08-12	年次	当期					DividendPayableDateAsPlanned			2022年９月28日	CurrentYearInstant	/disc/73200/081220220812519288_tse-acedjpsm-73200-20220812373200-ixbrl.htm
2022-08-12	年次	当期					AnnualSecuritiesReportFilingDateAsPlanned			2022年９月27日	CurrentYearInstant	/disc/73200/081220220812519288_tse-acedjpsm-73200-20220812373200-ixbrl.htm
2022-08-12	年次	当期					SupplementalMaterialOfAnnualResults			有	CurrentYearInstant	/disc/73200/081220220812519288_tse-acedjpsm-73200-20220812373200-ixbrl.htm
2022-08-12	年次	当期					ConveningBriefingOfAnnualResults			有	CurrentYearInstant	/disc/73200/081220220812519288_tse-acedjpsm-73200-20220812373200-ixbrl.htm
2022-08-12	年次	当期					TargetAudienceBriefingOfAnnualResults			（録画配信のみ）	CurrentYearInstant	/disc/73200/081220220812519288_tse-acedjpsm-73200-20220812373200-ixbrl.htm
2022-08-12	年次	当期					NoteToFractionProcessingMethod			（百万円未満切捨て）	CurrentYearInstant	/disc/73200/081220220812519288_tse-acedjpsm-73200-20220812373200-ixbrl.htm
2022-08-12	年次	当期	連結	実績		売上高	NetSales	3305000000	JPY	3,305	CurrentYearDuration_ConsolidatedMember_ResultMember	/disc/73200/081220220812519288_tse-acedjpsm-73200-20220812373200-ixbrl.htm
2022-08-12	年次	当期	連結	実績		売上高の増減率	ChangeInNetSales	0.259	Pure	25.9	CurrentYearDuration_ConsolidatedMember_ResultMember	/disc/73200/081220220812519288_tse-acedjpsm-73200-20220812373200-ixbrl.htm
2022-08-12	年次	当期	連結	実績		営業利益	OperatingIncome	650000000	JPY	650	CurrentYearDuration_ConsolidatedMember_ResultMember	/disc/73200/081220220812519288_tse-acedjpsm-73200-20220812373200-ixbrl.htm
2022-08-12	年次	当期	連結	実績		営業利益の増減率	ChangeInOperatingIncome	0.703	Pure	70.3	CurrentYearDuration_ConsolidatedMember_ResultMember	/disc/73200/081220220812519288_tse-acedjpsm-73200-20220812373200-ixbrl.htm
2022-08-12	年次	当期	連結	実績		経常利益	OrdinaryIncome	767000000	JPY	767	CurrentYearDuration_ConsolidatedMember_ResultMember	/disc/73200/081220220812519288_tse-acedjpsm-73200-20220812373200-ixbrl.htm
2022-08-12	年次	当期	連結	実績		経常利益の増減率	ChangeInOrdinaryIncome	0.675	Pure	67.5	CurrentYearDuration_ConsolidatedMember_ResultMember	/disc/73200/081220220812519288_tse-acedjpsm-73200-20220812373200-ixbrl.htm
2022-08-12	年次	当期	連結	実績		親会社株主に帰属する当期純利益	ProfitAttributableToOwnersOfParent	546000000	JPY	546	CurrentYearDuration_ConsolidatedMember_ResultMember	/disc/73200/081220220812519288_tse-acedjpsm-73200-20220812373200-ixbrl.htm
2022-08-12	年次	当期	連結	実績		親会社株主に帰属する当期純利益の増減率	ChangeInProfitAttributableToOwnersOfParent	1.247	Pure	124.7	CurrentYearDuration_ConsolidatedMember_ResultMember	/disc/73200/081220220812519288_tse-acedjpsm-73200-20220812373200-ixbrl.htm
2022-08-12	年次	前期	連結	実績		売上高	NetSales	2624000000	JPY	2,624	PriorYearDuration_ConsolidatedMember_ResultMember	/disc/73200/081220220812519288_tse-acedjpsm-73200-20220812373200-ixbrl.htm
2022-08-12	年次	前期	連結	実績		営業利益	OperatingIncome	381000000	JPY	381	PriorYearDuration_ConsolidatedMember_ResultMember	/disc/73200/081220220812519288_tse-acedjpsm-73200-20220812373200-ixbrl.htm
2022-08-12	年次	前期	連結	実績		経常利益	OrdinaryIncome	458000000	JPY	458	PriorYearDuration_ConsolidatedMember_ResultMember	/disc/73200/081220220812519288_tse-acedjpsm-73200-20220812373200-ixbrl.htm
2022-08-12	年次	前期	連結	実績		親会社株主に帰属する当期純利益	ProfitAttributableToOwnersOfParent	243000000	JPY	243	PriorYearDuration_ConsolidatedMember_ResultMember	/disc/73200/081220220812519288_tse-acedjpsm-73200-20220812373200-ixbrl.htm
2022-08-12	年次	当期	連結	実績		包括利益	ComprehensiveIncome	562000000	JPY	562	CurrentYearDuration_ConsolidatedMember_ResultMember	/disc/73200/081220220812519288_tse-acedjpsm-73200-20220812373200-ixbrl.htm
2022-08-12	年次	当期	連結	実績		包括利益の増減率	ChangeInComprehensiveIncome	0.794	Pure	79.4	CurrentYearDuration_ConsolidatedMember_ResultMember	/disc/73200/081220220812519288_tse-acedjpsm-73200-20220812373200-ixbrl.htm
2022-08-12	年次	前期	連結	実績		包括利益	ComprehensiveIncome	313000000	JPY	313	PriorYearDuration_ConsolidatedMember_ResultMember	/disc/73200/081220220812519288_tse-acedjpsm-73200-20220812373200-ixbrl.htm
2022-08-12	年次	当期	連結	実績		1株当たり当期純利益	NetIncomePerShare	109.48	JPYPerShares	109.48	CurrentYearDuration_ConsolidatedMember_ResultMember	/disc/73200/081220220812519288_tse-acedjpsm-73200-20220812373200-ixbrl.htm
2022-08-12	年次	当期	連結	実績		潜在株式調整後1株当たり当期純利益	DilutedNetIncomePerShare	108.19	JPYPerShares	108.19	CurrentYearDuration_ConsolidatedMember_ResultMember	/disc/73200/081220220812519288_tse-acedjpsm-73200-20220812373200-ixbrl.htm
2022-08-12	年次	当期	連結	実績		自己資本当期純利益率(ROE)	NetIncomeToShareholdersEquityRatio	0.540	Pure	54.0	CurrentYearDuration_ConsolidatedMember_ResultMember	/disc/73200/081220220812519288_tse-acedjpsm-73200-20220812373200-ixbrl.htm
2022-08-12	年次	当期	連結	実績		総資産経常利益率(ROA)	OrdinaryIncomeToTotalAssetsRatio	0.050	Pure	5.0	CurrentYearDuration_ConsolidatedMember_ResultMember	/disc/73200/081220220812519288_tse-acedjpsm-73200-20220812373200-ixbrl.htm
2022-08-12	年次	当期	連結	実績		売上高営業利益率	OperatingIncomeToNetSalesRatio	0.197	Pure	19.7	CurrentYearDuration_ConsolidatedMember_ResultMember	/disc/73200/081220220812519288_tse-acedjpsm-73200-20220812373200-ixbrl.htm
2022-08-12	年次	前期	連結	実績		1株当たり当期純利益	NetIncomePerShare	48.73	JPYPerShares	48.73	PriorYearDuration_ConsolidatedMember_ResultMember	/disc/73200/081220220812519288_tse-acedjpsm-73200-20220812373200-ixbrl.htm
2022-08-12	年次	前期	連結	実績		潜在株式調整後1株当たり当期純利益	DilutedNetIncomePerShare	47.73	JPYPerShares	47.73	PriorYearDuration_ConsolidatedMember_ResultMember	/disc/73200/081220220812519288_tse-acedjpsm-73200-20220812373200-ixbrl.htm
2022-08-12	年次	前期	連結	実績		自己資本当期純利益率(ROE)	NetIncomeToShareholdersEquityRatio	0.352	Pure	35.2	PriorYearDuration_ConsolidatedMember_ResultMember	/disc/73200/081220220812519288_tse-acedjpsm-73200-20220812373200-ixbrl.htm
2022-08-12	年次	前期	連結	実績		総資産経常利益率(ROA)	OrdinaryIncomeToTotalAssetsRatio	0.040	Pure	4.0	PriorYearDuration_ConsolidatedMember_ResultMember	/disc/73200/081220220812519288_tse-acedjpsm-73200-20220812373200-ixbrl.htm
2022-08-12	年次	前期	連結	実績		売上高営業利益率	OperatingIncomeToNetSalesRatio	0.145	Pure	14.5	PriorYearDuration_ConsolidatedMember_ResultMember	/disc/73200/081220220812519288_tse-acedjpsm-73200-20220812373200-ixbrl.htm
2022-08-12	年次	当期	連結	実績		経営成績の注記	NoteToOperatingResults			（注）「収益認識に関する会計基準」（企業会計基準第29号 2020年３月31日）等を当連結会計年度の期首から適用しており、2021年６月期に係る各数値については、当該会計基準等を遡って適用した後の数値となっております。これにより、2021年６月期の対前期増減率は記載しておりません。	CurrentYearDuration_ConsolidatedMember_ResultMember	/disc/73200/081220220812519288_tse-acedjpsm-73200-20220812373200-ixbrl.htm
2022-08-12	年次	当期	連結	実績		総資産	TotalAssets	16219000000	JPY	16,219	CurrentYearInstant_ConsolidatedMember_ResultMember	/disc/73200/081220220812519288_tse-acedjpsm-73200-20220812373200-ixbrl.htm
2022-08-12	年次	当期	連結	実績		純資産	NetAssets	1243000000	JPY	1,243	CurrentYearInstant_ConsolidatedMember_ResultMember	/disc/73200/081220220812519288_tse-acedjpsm-73200-20220812373200-ixbrl.htm
2022-08-12	年次	当期	連結	実績		自己資本比率	CapitalAdequacyRatio	0.077	Pure	7.7	CurrentYearInstant_ConsolidatedMember_ResultMember	/disc/73200/081220220812519288_tse-acedjpsm-73200-20220812373200-ixbrl.htm
2022-08-12	年次	当期	連結	実績		1株当たり純資産	NetAssetsPerShare	247.90	JPYPerShares	247.90	CurrentYearInstant_ConsolidatedMember_ResultMember	/disc/73200/081220220812519288_tse-acedjpsm-73200-20220812373200-ixbrl.htm
2022-08-12	年次	前期	連結	実績		総資産	TotalAssets	14469000000	JPY	14,469	PriorYearInstant_ConsolidatedMember_ResultMember	/disc/73200/081220220812519288_tse-acedjpsm-73200-20220812373200-ixbrl.htm
2022-08-12	年次	前期	連結	実績		純資産	NetAssets	779000000	JPY	779	PriorYearInstant_ConsolidatedMember_ResultMember	/disc/73200/081220220812519288_tse-acedjpsm-73200-20220812373200-ixbrl.htm
2022-08-12	年次	前期	連結	実績		自己資本比率	CapitalAdequacyRatio	0.054	Pure	5.4	PriorYearInstant_ConsolidatedMember_ResultMember	/disc/73200/081220220812519288_tse-acedjpsm-73200-20220812373200-ixbrl.htm
2022-08-12	年次	前期	連結	実績		1株当たり純資産	NetAssetsPerShare	155.79	JPYPerShares	155.79	PriorYearInstant_ConsolidatedMember_ResultMember	/disc/73200/081220220812519288_tse-acedjpsm-73200-20220812373200-ixbrl.htm
2022-08-12	年次	当期	連結	実績		自己資本	OwnersEquity	1243000000	JPY	1,243	CurrentYearInstant_ConsolidatedMember_ResultMember	/disc/73200/081220220812519288_tse-acedjpsm-73200-20220812373200-ixbrl.htm
2022-08-12	年次	前期	連結	実績		自己資本	OwnersEquity	779000000	JPY	779	PriorYearInstant_ConsolidatedMember_ResultMember	/disc/73200/081220220812519288_tse-acedjpsm-73200-20220812373200-ixbrl.htm
2022-08-12	年次	当期	連結	実績			NoteToFinancialPositions			（注）「収益認識に関する会計基準」（企業会計基準第29号 2020年３月31日）等を当連結会計年度の期首から適用しており、2021年６月期に係る各数値については、当該会計基準等を遡って適用した後の数値となっております。	CurrentYearInstant_ConsolidatedMember_ResultMember	/disc/73200/081220220812519288_tse-acedjpsm-73200-20220812373200-ixbrl.htm
2022-08-12	年次	当期	連結	実績		営業キャッシュフロー	CashFlowsFromOperatingActivities	293000000	JPY	293	CurrentYearDuration_ConsolidatedMember_ResultMember	/disc/73200/081220220812519288_tse-acedjpsm-73200-20220812373200-ixbrl.htm
2022-08-12	年次	当期	連結	実績		投資キャッシュフロー	CashFlowsFromInvestingActivities	-3169000000	JPY	3,169	CurrentYearDuration_ConsolidatedMember_ResultMember	/disc/73200/081220220812519288_tse-acedjpsm-73200-20220812373200-ixbrl.htm
2022-08-12	年次	当期	連結	実績		財務キャッシュフロー	CashFlowsFromFinancingActivities	748000000	JPY	748	CurrentYearDuration_ConsolidatedMember_ResultMember	/disc/73200/081220220812519288_tse-acedjpsm-73200-20220812373200-ixbrl.htm
2022-08-12	年次	当期	連結	実績		現金及び現金同等物の期末残高	CashAndEquivalentsEndOfPeriod	3058000000	JPY	3,058	CurrentYearInstant_ConsolidatedMember_ResultMember	/disc/73200/081220220812519288_tse-acedjpsm-73200-20220812373200-ixbrl.htm
2022-08-12	年次	前期	連結	実績		営業キャッシュフロー	CashFlowsFromOperatingActivities	5120000000	JPY	5,120	PriorYearDuration_ConsolidatedMember_ResultMember	/disc/73200/081220220812519288_tse-acedjpsm-73200-20220812373200-ixbrl.htm
2022-08-12	年次	前期	連結	実績		投資キャッシュフロー	CashFlowsFromInvestingActivities	-1631000000	JPY	1,631	PriorYearDuration_ConsolidatedMember_ResultMember	/disc/73200/081220220812519288_tse-acedjpsm-73200-20220812373200-ixbrl.htm
2022-08-12	年次	前期	連結	実績		財務キャッシュフロー	CashFlowsFromFinancingActivities	420000000	JPY	420	PriorYearDuration_ConsolidatedMember_ResultMember	/disc/73200/081220220812519288_tse-acedjpsm-73200-20220812373200-ixbrl.htm
2022-08-12	年次	前期	連結	実績		現金及び現金同等物の期末残高	CashAndEquivalentsEndOfPeriod	5172000000	JPY	5,172	PriorYearInstant_ConsolidatedMember_ResultMember	/disc/73200/081220220812519288_tse-acedjpsm-73200-20220812373200-ixbrl.htm
2022-08-12	年次	前期	単体	実績	第2四半期末	1株当たり配当金	DividendPerShare	0.00	JPYPerShares	0.00	PriorYearDuration_SecondQuarterMember_NonConsolidatedMember_ResultMember	/disc/73200/081220220812519288_tse-acedjpsm-73200-20220812373200-ixbrl.htm
2022-08-12	年次	前期	単体	実績	期末	1株当たり配当金	DividendPerShare	10.00	JPYPerShares	10.00	PriorYearDuration_YearEndMember_NonConsolidatedMember_ResultMember	/disc/73200/081220220812519288_tse-acedjpsm-73200-20220812373200-ixbrl.htm
2022-08-12	年次	前期	単体	実績	合計	1株当たり配当金	DividendPerShare	10.00	JPYPerShares	10.00	PriorYearDuration_AnnualMember_NonConsolidatedMember_ResultMember	/disc/73200/081220220812519288_tse-acedjpsm-73200-20220812373200-ixbrl.htm
2022-08-12	年次	前期	単体	実績	合計	配当金総額	TotalDividendPaidAnnual	50000000	JPY	50	PriorYearDuration_AnnualMember_NonConsolidatedMember_ResultMember	/disc/73200/081220220812519288_tse-acedjpsm-73200-20220812373200-ixbrl.htm
2022-08-12	年次	前期	連結	実績	合計	配当性向	PayoutRatio	0.138	Pure	13.8	PriorYearDuration_AnnualMember_ConsolidatedMember_ResultMember	/disc/73200/081220220812519288_tse-acedjpsm-73200-20220812373200-ixbrl.htm
2022-08-12	年次	前期	連結	実績	合計	純資産配当率	RatioOfTotalAmountOfDividendsToNetAssets	0.064	Pure	6.4	PriorYearDuration_AnnualMember_ConsolidatedMember_ResultMember	/disc/73200/081220220812519288_tse-acedjpsm-73200-20220812373200-ixbrl.htm
2022-08-12	年次	当期	単体	実績	第2四半期末	1株当たり配当金	DividendPerShare	0.00	JPYPerShares	0.00	CurrentYearDuration_SecondQuarterMember_NonConsolidatedMember_ResultMember	/disc/73200/081220220812519288_tse-acedjpsm-73200-20220812373200-ixbrl.htm
2022-08-12	年次	当期	単体	実績	期末	1株当たり配当金	DividendPerShare	10.00	JPYPerShares	10.00	CurrentYearDuration_YearEndMember_NonConsolidatedMember_ResultMember	/disc/73200/081220220812519288_tse-acedjpsm-73200-20220812373200-ixbrl.htm
2022-08-12	年次	当期	単体	実績	合計	1株当たり配当金	DividendPerShare	10.00	JPYPerShares	10.00	CurrentYearDuration_AnnualMember_NonConsolidatedMember_ResultMember	/disc/73200/081220220812519288_tse-acedjpsm-73200-20220812373200-ixbrl.htm
2022-08-12	年次	当期	単体	実績	合計	配当金総額	TotalDividendPaidAnnual	50000000	JPY	50	CurrentYearDuration_AnnualMember_NonConsolidatedMember_ResultMember	/disc/73200/081220220812519288_tse-acedjpsm-73200-20220812373200-ixbrl.htm
2022-08-12	年次	当期	連結	実績	合計	配当性向	PayoutRatio	0.091	Pure	9.1	CurrentYearDuration_AnnualMember_ConsolidatedMember_ResultMember	/disc/73200/081220220812519288_tse-acedjpsm-73200-20220812373200-ixbrl.htm
2022-08-12	年次	当期	連結	実績	合計	純資産配当率	RatioOfTotalAmountOfDividendsToNetAssets	0.050	Pure	5.0	CurrentYearDuration_AnnualMember_ConsolidatedMember_ResultMember	/disc/73200/081220220812519288_tse-acedjpsm-73200-20220812373200-ixbrl.htm
2022-08-12	年次	来期	単体	予想	第2四半期末	1株当たり配当金	DividendPerShare	0.00	JPYPerShares	0.00	NextYearDuration_SecondQuarterMember_NonConsolidatedMember_ForecastMember	/disc/73200/081220220812519288_tse-acedjpsm-73200-20220812373200-ixbrl.htm
2022-08-12	年次	来期	単体	予想	期末	1株当たり配当金	DividendPerShare	10.00	JPYPerShares	10.00	NextYearDuration_YearEndMember_NonConsolidatedMember_ForecastMember	/disc/73200/081220220812519288_tse-acedjpsm-73200-20220812373200-ixbrl.htm
2022-08-12	年次	来期	単体	予想	合計	1株当たり配当金	DividendPerShare	10.00	JPYPerShares	10.00	NextYearDuration_AnnualMember_NonConsolidatedMember_ForecastMember	/disc/73200/081220220812519288_tse-acedjpsm-73200-20220812373200-ixbrl.htm
2022-08-12	年次	来期	連結	予想	合計	配当性向	PayoutRatio	0.073	Pure	7.3	NextYearDuration_AnnualMember_ConsolidatedMember_ForecastMember	/disc/73200/081220220812519288_tse-acedjpsm-73200-20220812373200-ixbrl.htm
2022-08-12	年次	来期	連結	予想		業績予想の見出し	TitleForForecasts			３．2023年６月期の連結業績予想（2022年７月１日～2023年６月30日）	NextYearDuration_ConsolidatedMember_ForecastMember	/disc/73200/081220220812519288_tse-acedjpsm-73200-20220812373200-ixbrl.htm
2022-08-12	年次		連結	予想		売上高	NetSales	1733000000	JPY	1,733	NextAccumulatedQ2Duration_ConsolidatedMember_ForecastMember	/disc/73200/081220220812519288_tse-acedjpsm-73200-20220812373200-ixbrl.htm
2022-08-12	年次		連結	予想		売上高の増減率	ChangeInNetSales	0.077	Pure	7.7	NextAccumulatedQ2Duration_ConsolidatedMember_ForecastMember	/disc/73200/081220220812519288_tse-acedjpsm-73200-20220812373200-ixbrl.htm
2022-08-12	年次		連結	予想		営業利益	OperatingIncome	289000000	JPY	289	NextAccumulatedQ2Duration_ConsolidatedMember_ForecastMember	/disc/73200/081220220812519288_tse-acedjpsm-73200-20220812373200-ixbrl.htm
2022-08-12	年次		連結	予想		営業利益の増減率	ChangeInOperatingIncome	-0.382	Pure	38.2	NextAccumulatedQ2Duration_ConsolidatedMember_ForecastMember	/disc/73200/081220220812519288_tse-acedjpsm-73200-20220812373200-ixbrl.htm
2022-08-12	年次		連結	予想		経常利益	OrdinaryIncome	360000000	JPY	360	NextAccumulatedQ2Duration_ConsolidatedMember_ForecastMember	/disc/73200/081220220812519288_tse-acedjpsm-73200-20220812373200-ixbrl.htm
2022-08-12	年次		連結	予想		経常利益の増減率	ChangeInOrdinaryIncome	-0.314	Pure	31.4	NextAccumulatedQ2Duration_ConsolidatedMember_ForecastMember	/disc/73200/081220220812519288_tse-acedjpsm-73200-20220812373200-ixbrl.htm
2022-08-12	年次		連結	予想		親会社株主に帰属する当期純利益	ProfitAttributableToOwnersOfParent	243000000	JPY	243	NextAccumulatedQ2Duration_ConsolidatedMember_ForecastMember	/disc/73200/081220220812519288_tse-acedjpsm-73200-20220812373200-ixbrl.htm
2022-08-12	年次		連結	予想		親会社株主に帰属する当期純利益の増減率	ChangeInProfitAttributableToOwnersOfParent	-0.317	Pure	31.7	NextAccumulatedQ2Duration_ConsolidatedMember_ForecastMember	/disc/73200/081220220812519288_tse-acedjpsm-73200-20220812373200-ixbrl.htm
2022-08-12	年次		連結	予想		1株当たり当期純利益	NetIncomePerShare	48.68	JPYPerShares	48.68	NextAccumulatedQ2Duration_ConsolidatedMember_ForecastMember	/disc/73200/081220220812519288_tse-acedjpsm-73200-20220812373200-ixbrl.htm
2022-08-12	年次	来期	連結	予想		売上高	NetSales	3953000000	JPY	3,953	NextYearDuration_ConsolidatedMember_ForecastMember	/disc/73200/081220220812519288_tse-acedjpsm-73200-20220812373200-ixbrl.htm
2022-08-12	年次	来期	連結	予想		売上高の増減率	ChangeInNetSales	0.196	Pure	19.6	NextYearDuration_ConsolidatedMember_ForecastMember	/disc/73200/081220220812519288_tse-acedjpsm-73200-20220812373200-ixbrl.htm
2022-08-12	年次	来期	連結	予想		営業利益	OperatingIncome	860000000	JPY	860	NextYearDuration_ConsolidatedMember_ForecastMember	/disc/73200/081220220812519288_tse-acedjpsm-73200-20220812373200-ixbrl.htm
2022-08-12	年次	来期	連結	予想		営業利益の増減率	ChangeInOperatingIncome	0.322	Pure	32.2	NextYearDuration_ConsolidatedMember_ForecastMember	/disc/73200/081220220812519288_tse-acedjpsm-73200-20220812373200-ixbrl.htm
2022-08-12	年次	来期	連結	予想		経常利益	OrdinaryIncome	1010000000	JPY	1,010	NextYearDuration_ConsolidatedMember_ForecastMember	/disc/73200/081220220812519288_tse-acedjpsm-73200-20220812373200-ixbrl.htm
2022-08-12	年次	来期	連結	予想		経常利益の増減率	ChangeInOrdinaryIncome	0.316	Pure	31.6	NextYearDuration_ConsolidatedMember_ForecastMember	/disc/73200/081220220812519288_tse-acedjpsm-73200-20220812373200-ixbrl.htm
2022-08-12	年次	来期	連結	予想		親会社株主に帰属する当期純利益	ProfitAttributableToOwnersOfParent	685000000	JPY	685	NextYearDuration_ConsolidatedMember_ForecastMember	/disc/73200/081220220812519288_tse-acedjpsm-73200-20220812373200-ixbrl.htm
2022-08-12	年次	来期	連結	予想		親会社株主に帰属する当期純利益の増減率	ChangeInProfitAttributableToOwnersOfParent	0.254	Pure	25.4	NextYearDuration_ConsolidatedMember_ForecastMember	/disc/73200/081220220812519288_tse-acedjpsm-73200-20220812373200-ixbrl.htm
2022-08-12	年次	来期	連結	予想		1株当たり当期純利益	NetIncomePerShare	137.23	JPYPerShares	137.23	NextYearDuration_ConsolidatedMember_ForecastMember	/disc/73200/081220220812519288_tse-acedjpsm-73200-20220812373200-ixbrl.htm
2022-08-12	年次	当期	連結	実績			MaterialChangesInSubsidiariesDuringThisPeriodChangesInScopeOfConsolidationsResultingFromChangeIsSubsidiaries			無	CurrentYearDuration_ConsolidatedMember_ResultMember	/disc/73200/081220220812519288_tse-acedjpsm-73200-20220812373200-ixbrl.htm
2022-08-12	年次	当期	連結	実績		会計基準等の改正に伴う変更	ChangesBasedOnRevisionsOfAccountingStandard			有	CurrentYearDuration_ConsolidatedMember_ResultMember	/disc/73200/081220220812519288_tse-acedjpsm-73200-20220812373200-ixbrl.htm
2022-08-12	年次	当期	連結	実績		それ以外の会計方針の変更	ChangesOtherThanOnesBasedOnRevisionsOfAccountingStandard			無	CurrentYearDuration_ConsolidatedMember_ResultMember	/disc/73200/081220220812519288_tse-acedjpsm-73200-20220812373200-ixbrl.htm
2022-08-12	年次	当期	連結	実績		会計上の見積りの変更	ChangesInAccountingEstimates			無	CurrentYearDuration_ConsolidatedMember_ResultMember	/disc/73200/081220220812519288_tse-acedjpsm-73200-20220812373200-ixbrl.htm
2022-08-12	年次	当期	連結	実績		修正再表示	RetrospectiveRestatement			無	CurrentYearDuration_ConsolidatedMember_ResultMember	/disc/73200/081220220812519288_tse-acedjpsm-73200-20220812373200-ixbrl.htm
2022-08-12	年次	当期	連結	実績			NoteToChangesInAccountingPoliciesAndAccountingEstimatesRetrospectiveRestatement			（注）詳細は、添付資料Ｐ.16「３．連結財務諸表及び主な注記 （５）連結財務諸表に関する注記事項（会計方針の変更）」をご覧ください。	CurrentYearDuration_ConsolidatedMember_ResultMember	/disc/73200/081220220812519288_tse-acedjpsm-73200-20220812373200-ixbrl.htm
2022-08-12	年次	当期	単体	実績		期末発行済株式数(自己株式を含む)	NumberOfIssuedAndOutstandingSharesAtTheEndOfFiscalYearIncludingTreasuryStock	5118300	Shares	5,118,300	CurrentYearInstant_NonConsolidatedMember_ResultMember	/disc/73200/081220220812519288_tse-acedjpsm-73200-20220812373200-ixbrl.htm
2022-08-12	年次	前期	単体	実績		期末発行済株式数(自己株式を含む)	NumberOfIssuedAndOutstandingSharesAtTheEndOfFiscalYearIncludingTreasuryStock	5058300	Shares	5,058,300	PriorYearInstant_NonConsolidatedMember_ResultMember	/disc/73200/081220220812519288_tse-acedjpsm-73200-20220812373200-ixbrl.htm
2022-08-12	年次	当期	単体	実績		期末自己株式数	NumberOfTreasuryStockAtTheEndOfFiscalYear	100662	Shares	100,662	CurrentYearInstant_NonConsolidatedMember_ResultMember	/disc/73200/081220220812519288_tse-acedjpsm-73200-20220812373200-ixbrl.htm
2022-08-12	年次	前期	単体	実績		期末自己株式数	NumberOfTreasuryStockAtTheEndOfFiscalYear	56175	Shares	56,175	PriorYearInstant_NonConsolidatedMember_ResultMember	/disc/73200/081220220812519288_tse-acedjpsm-73200-20220812373200-ixbrl.htm
2022-08-12	年次	当期	単体	実績		期中平均株式数	AverageNumberOfShares	4991262	Shares	4,991,262	CurrentYearDuration_NonConsolidatedMember_ResultMember	/disc/73200/081220220812519288_tse-acedjpsm-73200-20220812373200-ixbrl.htm
2022-08-12	年次	前期	単体	実績		期中平均株式数	AverageNumberOfShares	4990627	Shares	4,990,627	PriorYearDuration_NonConsolidatedMember_ResultMember	/disc/73200/081220220812519288_tse-acedjpsm-73200-20220812373200-ixbrl.htm
2022-08-12	年次	当期	単体	実績		売上高	NetSales	3175000000	JPY	3,175	CurrentYearDuration_NonConsolidatedMember_ResultMember	/disc/73200/081220220812519288_tse-acedjpsm-73200-20220812373200-ixbrl.htm
2022-08-12	年次	当期	単体	実績		売上高の増減率	ChangeInNetSales	0.322	Pure	32.2	CurrentYearDuration_NonConsolidatedMember_ResultMember	/disc/73200/081220220812519288_tse-acedjpsm-73200-20220812373200-ixbrl.htm
2022-08-12	年次	当期	単体	実績		営業利益	OperatingIncome	687000000	JPY	687	CurrentYearDuration_NonConsolidatedMember_ResultMember	/disc/73200/081220220812519288_tse-acedjpsm-73200-20220812373200-ixbrl.htm
2022-08-12	年次	当期	単体	実績		営業利益の増減率	ChangeInOperatingIncome	0.786	Pure	78.6	CurrentYearDuration_NonConsolidatedMember_ResultMember	/disc/73200/081220220812519288_tse-acedjpsm-73200-20220812373200-ixbrl.htm
2022-08-12	年次	当期	単体	実績		経常利益	OrdinaryIncome	800000000	JPY	800	CurrentYearDuration_NonConsolidatedMember_ResultMember	/disc/73200/081220220812519288_tse-acedjpsm-73200-20220812373200-ixbrl.htm
2022-08-12	年次	当期	単体	実績		経常利益の増減率	ChangeInOrdinaryIncome	0.702	Pure	70.2	CurrentYearDuration_NonConsolidatedMember_ResultMember	/disc/73200/081220220812519288_tse-acedjpsm-73200-20220812373200-ixbrl.htm
2022-08-12	年次	当期	単体	実績		当期純利益	NetIncome	571000000	JPY	571	CurrentYearDuration_NonConsolidatedMember_ResultMember	/disc/73200/081220220812519288_tse-acedjpsm-73200-20220812373200-ixbrl.htm
2022-08-12	年次	当期	単体	実績		当期純利益の増減率	ChangeInNetIncome	1.038	Pure	103.8	CurrentYearDuration_NonConsolidatedMember_ResultMember	/disc/73200/081220220812519288_tse-acedjpsm-73200-20220812373200-ixbrl.htm
2022-08-12	年次	前期	単体	実績		売上高	NetSales	2401000000	JPY	2,401	PriorYearDuration_NonConsolidatedMember_ResultMember	/disc/73200/081220220812519288_tse-acedjpsm-73200-20220812373200-ixbrl.htm
2022-08-12	年次	前期	単体	実績		営業利益	OperatingIncome	384000000	JPY	384	PriorYearDuration_NonConsolidatedMember_ResultMember	/disc/73200/081220220812519288_tse-acedjpsm-73200-20220812373200-ixbrl.htm
2022-08-12	年次	前期	単体	実績		経常利益	OrdinaryIncome	470000000	JPY	470	PriorYearDuration_NonConsolidatedMember_ResultMember	/disc/73200/081220220812519288_tse-acedjpsm-73200-20220812373200-ixbrl.htm
2022-08-12	年次	前期	単体	実績		当期純利益	NetIncome	280000000	JPY	280	PriorYearDuration_NonConsolidatedMember_ResultMember	/disc/73200/081220220812519288_tse-acedjpsm-73200-20220812373200-ixbrl.htm
2022-08-12	年次	当期	単体	実績		1株当たり当期純利益	NetIncomePerShare	114.50	JPYPerShares	114.50	CurrentYearDuration_NonConsolidatedMember_ResultMember	/disc/73200/081220220812519288_tse-acedjpsm-73200-20220812373200-ixbrl.htm
2022-08-12	年次	当期	単体	実績		潜在株式調整後1株当たり当期純利益	DilutedNetIncomePerShare	113.16	JPYPerShares	113.16	CurrentYearDuration_NonConsolidatedMember_ResultMember	/disc/73200/081220220812519288_tse-acedjpsm-73200-20220812373200-ixbrl.htm
2022-08-12	年次	前期	単体	実績		1株当たり当期純利益	NetIncomePerShare	56.18	JPYPerShares	56.18	PriorYearDuration_NonConsolidatedMember_ResultMember	/disc/73200/081220220812519288_tse-acedjpsm-73200-20220812373200-ixbrl.htm
2022-08-12	年次	前期	単体	実績		潜在株式調整後1株当たり当期純利益	DilutedNetIncomePerShare	55.02	JPYPerShares	55.02	PriorYearDuration_NonConsolidatedMember_ResultMember	/disc/73200/081220220812519288_tse-acedjpsm-73200-20220812373200-ixbrl.htm
2022-08-12	年次	当期	単体	実績		経営成績の注記	NoteToOperatingResults			（注）「収益認識に関する会計基準」（企業会計基準第29号 2020年３月31日）等を当事業年度の期首から適用しており、2021年６月期に係る各数値については、当該会計基準等を遡って適用した後の数値となっております。これにより、2021年６月期の対前期増減率は記載しておりません。	CurrentYearDuration_NonConsolidatedMember_ResultMember	/disc/73200/081220220812519288_tse-acedjpsm-73200-20220812373200-ixbrl.htm
2022-08-12	年次	当期	単体	実績		総資産	TotalAssets	15151000000	JPY	15,151	CurrentYearInstant_NonConsolidatedMember_ResultMember	/disc/73200/081220220812519288_tse-acedjpsm-73200-20220812373200-ixbrl.htm
2022-08-12	年次	当期	単体	実績		純資産	NetAssets	1190000000	JPY	1,190	CurrentYearInstant_NonConsolidatedMember_ResultMember	/disc/73200/081220220812519288_tse-acedjpsm-73200-20220812373200-ixbrl.htm
2022-08-12	年次	当期	単体	実績		自己資本比率	CapitalAdequacyRatio	0.079	Pure	7.9	CurrentYearInstant_NonConsolidatedMember_ResultMember	/disc/73200/081220220812519288_tse-acedjpsm-73200-20220812373200-ixbrl.htm
2022-08-12	年次	当期	単体	実績		1株当たり純資産	NetAssetsPerShare	237.30	JPYPerShares	237.30	CurrentYearInstant_NonConsolidatedMember_ResultMember	/disc/73200/081220220812519288_tse-acedjpsm-73200-20220812373200-ixbrl.htm
2022-08-12	年次	前期	単体	実績		総資産	TotalAssets	12861000000	JPY	12,861	PriorYearInstant_NonConsolidatedMember_ResultMember	/disc/73200/081220220812519288_tse-acedjpsm-73200-20220812373200-ixbrl.htm
2022-08-12	年次	前期	単体	実績		純資産	NetAssets	744000000	JPY	744	PriorYearInstant_NonConsolidatedMember_ResultMember	/disc/73200/081220220812519288_tse-acedjpsm-73200-20220812373200-ixbrl.htm
2022-08-12	年次	前期	単体	実績		自己資本比率	CapitalAdequacyRatio	0.058	Pure	5.8	PriorYearInstant_NonConsolidatedMember_ResultMember	/disc/73200/081220220812519288_tse-acedjpsm-73200-20220812373200-ixbrl.htm
2022-08-12	年次	前期	単体	実績		1株当たり純資産	NetAssetsPerShare	148.93	JPYPerShares	148.93	PriorYearInstant_NonConsolidatedMember_ResultMember	/disc/73200/081220220812519288_tse-acedjpsm-73200-20220812373200-ixbrl.htm
2022-08-12	年次	当期	単体	実績		自己資本	OwnersEquity	1190000000	JPY	1,190	CurrentYearInstant_NonConsolidatedMember_ResultMember	/disc/73200/081220220812519288_tse-acedjpsm-73200-20220812373200-ixbrl.htm
2022-08-12	年次	前期	単体	実績		自己資本	OwnersEquity	744000000	JPY	744	PriorYearInstant_NonConsolidatedMember_ResultMember	/disc/73200/081220220812519288_tse-acedjpsm-73200-20220812373200-ixbrl.htm
2022-08-12	年次	当期	単体	実績			NoteToFinancialPositions			（注）「収益認識に関する会計基準」（企業会計基準第29号 2020年３月31日）等を当事業年度の期首から適用しており、2021年６月期に係る各数値については、当該会計基準等を遡って適用した後の数値となっております。	CurrentYearInstant_NonConsolidatedMember_ResultMember	/disc/73200/081220220812519288_tse-acedjpsm-73200-20220812373200-ixbrl.htm
2022-08-12	年次	当期	単体	実績		業績の注記	NoteToFinancialResults			当事業年度では、BPO事業における太陽光発電システム設置家庭での災害需要を背景とした蓄電池ニーズの増加による再生可能エネルギー関連領域が進展したこと、GIGAスクール構想に伴うタブレット端末を含む家電領域の案件が好調に推移したこと及びおうちのトータルメンテナンス事業における各サービスの拡大による売上高の増加により、利益面でも前期を大きく上回る結果となりました。	CurrentYearDuration_NonConsolidatedMember_ResultMember	/disc/73200/081220220812519288_tse-acedjpsm-73200-20220812373200-ixbrl.htm
2022-08-12	年次	来期				将来情報の利用に関する注意	NotesForUsingForecastedInformationAndOthers			（将来に関する記述等についてのご注意） 本資料に記載されている業績見通し等の将来に関する記述は、当社が入手している情報及び合理的であると判断する一定の前提に基づいており、その達成を当社として約束する趣旨のものではありません。また、実際の業績等は様々な要因により大きく異なる場合があります。業績予想の前提となる条件及び業績予想のご利用に当たっての注意事項等については、添付資料Ｐ．７「１．経営成績等の概況 （４）今後の見通し」をご覧ください。&#160;（決算補足説明資料及び決算説明会内容の入手方法） 当社は2022年８月16日（火）に録画配信での決算説明会を開催する予定です。 当日使用する決算説明会資料は、当社ウェブサイトに掲載いたします。	NextYearDuration	/disc/73200/081220220812519288_tse-acedjpsm-73200-20220812373200-ixbrl.htm
2022-08-12	年次	当期				決算期末	FiscalYearEnd			2022-06-30	CurrentYearInstant	/disc/73200/081220220812519288_tse-acedjpsm-73200-20220812373200-ixbrl.htm
2022-11-11	四半期	当期第1四半期累計				書類名	DocumentName			第１四半期決算短信〔日本基準〕（連結）	CurrentAccumulatedQ1Instant	/disc/73200/081220221111564243_tse-qcedjpsm-73200-20221111373200-ixbrl.htm
2022-11-11	四半期	当期第1四半期累計				提出日	FilingDate			2022年11月11日	CurrentAccumulatedQ1Instant	/disc/73200/081220221111564243_tse-qcedjpsm-73200-20221111373200-ixbrl.htm
2022-11-11	四半期	当期第1四半期累計				会社名	CompanyName			日本リビング保証株式会社	CurrentAccumulatedQ1Instant	/disc/73200/081220221111564243_tse-qcedjpsm-73200-20221111373200-ixbrl.htm
2022-11-11	四半期	当期第1四半期累計					TokyoStockExchange			東	CurrentAccumulatedQ1Instant	/disc/73200/081220221111564243_tse-qcedjpsm-73200-20221111373200-ixbrl.htm
2022-11-11	四半期	当期第1四半期累計				証券コード	SecuritiesCode			7320	CurrentAccumulatedQ1Instant	/disc/73200/081220221111564243_tse-qcedjpsm-73200-20221111373200-ixbrl.htm
2022-11-11	四半期	当期第1四半期累計				URL	URL			https://jlw.jp	CurrentAccumulatedQ1Instant	/disc/73200/081220221111564243_tse-qcedjpsm-73200-20221111373200-ixbrl.htm
2022-11-11	四半期	当期第1四半期累計				代表者の役職	TitleRepresentative			代表取締役社長	CurrentAccumulatedQ1Instant	/disc/73200/081220221111564243_tse-qcedjpsm-73200-20221111373200-ixbrl.htm
2022-11-11	四半期	当期第1四半期累計				代表者名	NameRepresentative			安達&#160; 慶高	CurrentAccumulatedQ1Instant	/disc/73200/081220221111564243_tse-qcedjpsm-73200-20221111373200-ixbrl.htm
2022-11-11	四半期	当期第1四半期累計					TitleInquiries			取締役管理本部長	CurrentAccumulatedQ1Instant	/disc/73200/081220221111564243_tse-qcedjpsm-73200-20221111373200-ixbrl.htm
2022-11-11	四半期	当期第1四半期累計					NameInquiries			吉川&#160; 淳史	CurrentAccumulatedQ1Instant	/disc/73200/081220221111564243_tse-qcedjpsm-73200-20221111373200-ixbrl.htm
2022-11-11	四半期	当期第1四半期累計					Tel			03-6276-0401	CurrentAccumulatedQ1Instant	/disc/73200/081220221111564243_tse-qcedjpsm-73200-20221111373200-ixbrl.htm
2022-11-11	四半期	当期第1四半期累計					QuarterlyStatementFilingDateAsPlanned			2022年11月11日	CurrentAccumulatedQ1Instant	/disc/73200/081220221111564243_tse-qcedjpsm-73200-20221111373200-ixbrl.htm
2022-11-11	四半期	当期第1四半期累計					SupplementalMaterialOfQuarterlyResults			有	CurrentAccumulatedQ1Instant	/disc/73200/081220221111564243_tse-qcedjpsm-73200-20221111373200-ixbrl.htm
2022-11-11	四半期	当期第1四半期累計					ConveningBriefingOfQuarterlyResults			無	CurrentAccumulatedQ1Instant	/disc/73200/081220221111564243_tse-qcedjpsm-73200-20221111373200-ixbrl.htm
2022-11-11	四半期	当期第1四半期累計					NoteToFractionProcessingMethod			（百万円未満切捨て）	CurrentAccumulatedQ1Instant	/disc/73200/081220221111564243_tse-qcedjpsm-73200-20221111373200-ixbrl.htm
2022-11-11	四半期	当期第1四半期累計	連結	実績		売上高	NetSales	835000000	JPY	835	CurrentAccumulatedQ1Duration_ConsolidatedMember_ResultMember	/disc/73200/081220221111564243_tse-qcedjpsm-73200-20221111373200-ixbrl.htm
2022-11-11	四半期	当期第1四半期累計	連結	実績		売上高の増減率	ChangeInNetSales	-0.068	Pure	6.8	CurrentAccumulatedQ1Duration_ConsolidatedMember_ResultMember	/disc/73200/081220221111564243_tse-qcedjpsm-73200-20221111373200-ixbrl.htm
2022-11-11	四半期	当期第1四半期累計	連結	実績		営業利益	OperatingIncome	133000000	JPY	133	CurrentAccumulatedQ1Duration_ConsolidatedMember_ResultMember	/disc/73200/081220221111564243_tse-qcedjpsm-73200-20221111373200-ixbrl.htm
2022-11-11	四半期	当期第1四半期累計	連結	実績		営業利益の増減率	ChangeInOperatingIncome	-0.596	Pure	59.6	CurrentAccumulatedQ1Duration_ConsolidatedMember_ResultMember	/disc/73200/081220221111564243_tse-qcedjpsm-73200-20221111373200-ixbrl.htm
2022-11-11	四半期	当期第1四半期累計	連結	実績		経常利益	OrdinaryIncome	171000000	JPY	171	CurrentAccumulatedQ1Duration_ConsolidatedMember_ResultMember	/disc/73200/081220221111564243_tse-qcedjpsm-73200-20221111373200-ixbrl.htm
2022-11-11	四半期	当期第1四半期累計	連結	実績		経常利益の増減率	ChangeInOrdinaryIncome	-0.511	Pure	51.1	CurrentAccumulatedQ1Duration_ConsolidatedMember_ResultMember	/disc/73200/081220221111564243_tse-qcedjpsm-73200-20221111373200-ixbrl.htm
2022-11-11	四半期	当期第1四半期累計	連結	実績		親会社株主に帰属する当期純利益	ProfitAttributableToOwnersOfParent	119000000	JPY	119	CurrentAccumulatedQ1Duration_ConsolidatedMember_ResultMember	/disc/73200/081220221111564243_tse-qcedjpsm-73200-20221111373200-ixbrl.htm
2022-11-11	四半期	当期第1四半期累計	連結	実績		親会社株主に帰属する当期純利益の増減率	ChangeInProfitAttributableToOwnersOfParent	-0.497	Pure	49.7	CurrentAccumulatedQ1Duration_ConsolidatedMember_ResultMember	/disc/73200/081220221111564243_tse-qcedjpsm-73200-20221111373200-ixbrl.htm
2022-11-11	四半期	前期第1四半期累計	連結	実績		売上高	NetSales	895000000	JPY	895	PriorAccumulatedQ1Duration_ConsolidatedMember_ResultMember	/disc/73200/081220221111564243_tse-qcedjpsm-73200-20221111373200-ixbrl.htm
2022-11-11	四半期	前期第1四半期累計	連結	実績		売上高の増減率	ChangeInNetSales	0.553	Pure	55.3	PriorAccumulatedQ1Duration_ConsolidatedMember_ResultMember	/disc/73200/081220221111564243_tse-qcedjpsm-73200-20221111373200-ixbrl.htm
2022-11-11	四半期	前期第1四半期累計	連結	実績		営業利益	OperatingIncome	329000000	JPY	329	PriorAccumulatedQ1Duration_ConsolidatedMember_ResultMember	/disc/73200/081220221111564243_tse-qcedjpsm-73200-20221111373200-ixbrl.htm
2022-11-11	四半期	前期第1四半期累計	連結	実績		営業利益の増減率	ChangeInOperatingIncome	4.211	Pure	421.1	PriorAccumulatedQ1Duration_ConsolidatedMember_ResultMember	/disc/73200/081220221111564243_tse-qcedjpsm-73200-20221111373200-ixbrl.htm
2022-11-11	四半期	前期第1四半期累計	連結	実績		経常利益	OrdinaryIncome	350000000	JPY	350	PriorAccumulatedQ1Duration_ConsolidatedMember_ResultMember	/disc/73200/081220221111564243_tse-qcedjpsm-73200-20221111373200-ixbrl.htm
2022-11-11	四半期	前期第1四半期累計	連結	実績		経常利益の増減率	ChangeInOrdinaryIncome	1.602	Pure	160.2	PriorAccumulatedQ1Duration_ConsolidatedMember_ResultMember	/disc/73200/081220221111564243_tse-qcedjpsm-73200-20221111373200-ixbrl.htm
2022-11-11	四半期	前期第1四半期累計	連結	実績		親会社株主に帰属する当期純利益	ProfitAttributableToOwnersOfParent	238000000	JPY	238	PriorAccumulatedQ1Duration_ConsolidatedMember_ResultMember	/disc/73200/081220221111564243_tse-qcedjpsm-73200-20221111373200-ixbrl.htm
2022-11-11	四半期	前期第1四半期累計	連結	実績		親会社株主に帰属する当期純利益の増減率	ChangeInProfitAttributableToOwnersOfParent	1.681	Pure	168.1	PriorAccumulatedQ1Duration_ConsolidatedMember_ResultMember	/disc/73200/081220221111564243_tse-qcedjpsm-73200-20221111373200-ixbrl.htm
2022-11-11	四半期	当期第1四半期累計	連結	実績		包括利益	ComprehensiveIncome	126000000	JPY	126	CurrentAccumulatedQ1Duration_ConsolidatedMember_ResultMember	/disc/73200/081220221111564243_tse-qcedjpsm-73200-20221111373200-ixbrl.htm
2022-11-11	四半期	当期第1四半期累計	連結	実績		包括利益の増減率	ChangeInComprehensiveIncome	-0.480	Pure	48.0	CurrentAccumulatedQ1Duration_ConsolidatedMember_ResultMember	/disc/73200/081220221111564243_tse-qcedjpsm-73200-20221111373200-ixbrl.htm
2022-11-11	四半期	前期第1四半期累計	連結	実績		包括利益	ComprehensiveIncome	242000000	JPY	242	PriorAccumulatedQ1Duration_ConsolidatedMember_ResultMember	/disc/73200/081220221111564243_tse-qcedjpsm-73200-20221111373200-ixbrl.htm
2022-11-11	四半期	前期第1四半期累計	連結	実績		包括利益の増減率	ChangeInComprehensiveIncome	1.375	Pure	137.5	PriorAccumulatedQ1Duration_ConsolidatedMember_ResultMember	/disc/73200/081220221111564243_tse-qcedjpsm-73200-20221111373200-ixbrl.htm
2022-11-11	四半期	当期第1四半期累計	連結	実績		1株当たり当期純利益	NetIncomePerShare	23.89	JPYPerShares	23.89	CurrentAccumulatedQ1Duration_ConsolidatedMember_ResultMember	/disc/73200/081220221111564243_tse-qcedjpsm-73200-20221111373200-ixbrl.htm
2022-11-11	四半期	当期第1四半期累計	連結	実績		潜在株式調整後1株当たり当期純利益	DilutedNetIncomePerShare	23.89	JPYPerShares	23.89	CurrentAccumulatedQ1Duration_ConsolidatedMember_ResultMember	/disc/73200/081220221111564243_tse-qcedjpsm-73200-20221111373200-ixbrl.htm
2022-11-11	四半期	前期第1四半期累計	連結	実績		1株当たり当期純利益	NetIncomePerShare	47.65	JPYPerShares	47.65	PriorAccumulatedQ1Duration_ConsolidatedMember_ResultMember	/disc/73200/081220221111564243_tse-qcedjpsm-73200-20221111373200-ixbrl.htm
2022-11-11	四半期	前期第1四半期累計	連結	実績		潜在株式調整後1株当たり当期純利益	DilutedNetIncomePerShare	47.09	JPYPerShares	47.09	PriorAccumulatedQ1Duration_ConsolidatedMember_ResultMember	/disc/73200/081220221111564243_tse-qcedjpsm-73200-20221111373200-ixbrl.htm
2022-11-11	四半期	当期第1四半期累計	連結	実績		総資産	TotalAssets	17187000000	JPY	17,187	CurrentAccumulatedQ1Instant_ConsolidatedMember_ResultMember	/disc/73200/081220221111564243_tse-qcedjpsm-73200-20221111373200-ixbrl.htm
2022-11-11	四半期	当期第1四半期累計	連結	実績		純資産	NetAssets	1319000000	JPY	1,319	CurrentAccumulatedQ1Instant_ConsolidatedMember_ResultMember	/disc/73200/081220221111564243_tse-qcedjpsm-73200-20221111373200-ixbrl.htm
2022-11-11	四半期	当期第1四半期累計	連結	実績		自己資本比率	CapitalAdequacyRatio	0.077	Pure	7.7	CurrentAccumulatedQ1Instant_ConsolidatedMember_ResultMember	/disc/73200/081220221111564243_tse-qcedjpsm-73200-20221111373200-ixbrl.htm
2022-11-11	四半期	前期	連結	実績		総資産	TotalAssets	16219000000	JPY	16,219	PriorYearInstant_ConsolidatedMember_ResultMember	/disc/73200/081220221111564243_tse-qcedjpsm-73200-20221111373200-ixbrl.htm
2022-11-11	四半期	前期	連結	実績		純資産	NetAssets	1243000000	JPY	1,243	PriorYearInstant_ConsolidatedMember_ResultMember	/disc/73200/081220221111564243_tse-qcedjpsm-73200-20221111373200-ixbrl.htm
2022-11-11	四半期	前期	連結	実績		自己資本比率	CapitalAdequacyRatio	0.077	Pure	7.7	PriorYearInstant_ConsolidatedMember_ResultMember	/disc/73200/081220221111564243_tse-qcedjpsm-73200-20221111373200-ixbrl.htm
2022-11-11	四半期	当期第1四半期累計	連結	実績		自己資本	OwnersEquity	1319000000	JPY	1,319	CurrentAccumulatedQ1Instant_ConsolidatedMember_ResultMember	/disc/73200/081220221111564243_tse-qcedjpsm-73200-20221111373200-ixbrl.htm
2022-11-11	四半期	前期	連結	実績		自己資本	OwnersEquity	1243000000	JPY	1,243	PriorYearInstant_ConsolidatedMember_ResultMember	/disc/73200/081220221111564243_tse-qcedjpsm-73200-20221111373200-ixbrl.htm
2022-11-11	四半期	前期	単体	実績	第2四半期末	1株当たり配当金	DividendPerShare	0.00	JPYPerShares	0.00	PriorYearDuration_SecondQuarterMember_NonConsolidatedMember_ResultMember	/disc/73200/081220221111564243_tse-qcedjpsm-73200-20221111373200-ixbrl.htm
2022-11-11	四半期	前期	単体	実績	期末	1株当たり配当金	DividendPerShare	10.00	JPYPerShares	10.00	PriorYearDuration_YearEndMember_NonConsolidatedMember_ResultMember	/disc/73200/081220221111564243_tse-qcedjpsm-73200-20221111373200-ixbrl.htm
2022-11-11	四半期	前期	単体	実績	合計	1株当たり配当金	DividendPerShare	10.00	JPYPerShares	10.00	PriorYearDuration_AnnualMember_NonConsolidatedMember_ResultMember	/disc/73200/081220221111564243_tse-qcedjpsm-73200-20221111373200-ixbrl.htm
2022-11-11	四半期	当期	単体	予想	第2四半期末	1株当たり配当金	DividendPerShare	0.00	JPYPerShares	0.00	CurrentYearDuration_SecondQuarterMember_NonConsolidatedMember_ForecastMember	/disc/73200/081220221111564243_tse-qcedjpsm-73200-20221111373200-ixbrl.htm
2022-11-11	四半期	当期	単体	予想	期末	1株当たり配当金	DividendPerShare	10.00	JPYPerShares	10.00	CurrentYearDuration_YearEndMember_NonConsolidatedMember_ForecastMember	/disc/73200/081220221111564243_tse-qcedjpsm-73200-20221111373200-ixbrl.htm
2022-11-11	四半期	当期	単体	予想	合計	1株当たり配当金	DividendPerShare	10.00	JPYPerShares	10.00	CurrentYearDuration_AnnualMember_NonConsolidatedMember_ForecastMember	/disc/73200/081220221111564243_tse-qcedjpsm-73200-20221111373200-ixbrl.htm
2022-11-11	四半期	当期	単体	実績	合計	当四半期における配当予想の修正	CorrectionOfDividendForecastInThisQuarter			無	CurrentYearDuration_AnnualMember_NonConsolidatedMember_ResultMember	/disc/73200/081220221111564243_tse-qcedjpsm-73200-20221111373200-ixbrl.htm
2022-11-11	四半期	当期	連結	予想		業績予想の見出し	TitleForForecasts			３．2023年６月期の連結業績予想（2022年７月１日～2023年６月30日）	CurrentYearDuration_ConsolidatedMember_ForecastMember	/disc/73200/081220221111564243_tse-qcedjpsm-73200-20221111373200-ixbrl.htm
2022-11-11	四半期	当期第2四半期累計	連結	予想		売上高	NetSales	1733000000	JPY	1,733	CurrentAccumulatedQ2Duration_ConsolidatedMember_ForecastMember	/disc/73200/081220221111564243_tse-qcedjpsm-73200-20221111373200-ixbrl.htm
2022-11-11	四半期	当期第2四半期累計	連結	予想		売上高の増減率	ChangeInNetSales	0.077	Pure	7.7	CurrentAccumulatedQ2Duration_ConsolidatedMember_ForecastMember	/disc/73200/081220221111564243_tse-qcedjpsm-73200-20221111373200-ixbrl.htm
2022-11-11	四半期	当期第2四半期累計	連結	予想		営業利益	OperatingIncome	289000000	JPY	289	CurrentAccumulatedQ2Duration_ConsolidatedMember_ForecastMember	/disc/73200/081220221111564243_tse-qcedjpsm-73200-20221111373200-ixbrl.htm
2022-11-11	四半期	当期第2四半期累計	連結	予想		営業利益の増減率	ChangeInOperatingIncome	-0.382	Pure	38.2	CurrentAccumulatedQ2Duration_ConsolidatedMember_ForecastMember	/disc/73200/081220221111564243_tse-qcedjpsm-73200-20221111373200-ixbrl.htm
2022-11-11	四半期	当期第2四半期累計	連結	予想		経常利益	OrdinaryIncome	360000000	JPY	360	CurrentAccumulatedQ2Duration_ConsolidatedMember_ForecastMember	/disc/73200/081220221111564243_tse-qcedjpsm-73200-20221111373200-ixbrl.htm
2022-11-11	四半期	当期第2四半期累計	連結	予想		経常利益の増減率	ChangeInOrdinaryIncome	-0.314	Pure	31.4	CurrentAccumulatedQ2Duration_ConsolidatedMember_ForecastMember	/disc/73200/081220221111564243_tse-qcedjpsm-73200-20221111373200-ixbrl.htm
2022-11-11	四半期	当期第2四半期累計	連結	予想		親会社株主に帰属する当期純利益	ProfitAttributableToOwnersOfParent	243000000	JPY	243	CurrentAccumulatedQ2Duration_ConsolidatedMember_ForecastMember	/disc/73200/081220221111564243_tse-qcedjpsm-73200-20221111373200-ixbrl.htm
2022-11-11	四半期	当期第2四半期累計	連結	予想		親会社株主に帰属する当期純利益の増減率	ChangeInProfitAttributableToOwnersOfParent	-0.317	Pure	31.7	CurrentAccumulatedQ2Duration_ConsolidatedMember_ForecastMember	/disc/73200/081220221111564243_tse-qcedjpsm-73200-20221111373200-ixbrl.htm
2022-11-11	四半期	当期第2四半期累計	連結	予想		1株当たり当期純利益	NetIncomePerShare	48.68	JPYPerShares	48.68	CurrentAccumulatedQ2Duration_ConsolidatedMember_ForecastMember	/disc/73200/081220221111564243_tse-qcedjpsm-73200-20221111373200-ixbrl.htm
2022-11-11	四半期	当期	連結	予想		売上高	NetSales	3953000000	JPY	3,953	CurrentYearDuration_ConsolidatedMember_ForecastMember	/disc/73200/081220221111564243_tse-qcedjpsm-73200-20221111373200-ixbrl.htm
2022-11-11	四半期	当期	連結	予想		売上高の増減率	ChangeInNetSales	0.196	Pure	19.6	CurrentYearDuration_ConsolidatedMember_ForecastMember	/disc/73200/081220221111564243_tse-qcedjpsm-73200-20221111373200-ixbrl.htm
2022-11-11	四半期	当期	連結	予想		営業利益	OperatingIncome	860000000	JPY	860	CurrentYearDuration_ConsolidatedMember_ForecastMember	/disc/73200/081220221111564243_tse-qcedjpsm-73200-20221111373200-ixbrl.htm
2022-11-11	四半期	当期	連結	予想		営業利益の増減率	ChangeInOperatingIncome	0.322	Pure	32.2	CurrentYearDuration_ConsolidatedMember_ForecastMember	/disc/73200/081220221111564243_tse-qcedjpsm-73200-20221111373200-ixbrl.htm
2022-11-11	四半期	当期	連結	予想		経常利益	OrdinaryIncome	1010000000	JPY	1,010	CurrentYearDuration_ConsolidatedMember_ForecastMember	/disc/73200/081220221111564243_tse-qcedjpsm-73200-20221111373200-ixbrl.htm
2022-11-11	四半期	当期	連結	予想		経常利益の増減率	ChangeInOrdinaryIncome	0.316	Pure	31.6	CurrentYearDuration_ConsolidatedMember_ForecastMember	/disc/73200/081220221111564243_tse-qcedjpsm-73200-20221111373200-ixbrl.htm
2022-11-11	四半期	当期	連結	予想		親会社株主に帰属する当期純利益	ProfitAttributableToOwnersOfParent	685000000	JPY	685	CurrentYearDuration_ConsolidatedMember_ForecastMember	/disc/73200/081220221111564243_tse-qcedjpsm-73200-20221111373200-ixbrl.htm
2022-11-11	四半期	当期	連結	予想		親会社株主に帰属する当期純利益の増減率	ChangeInProfitAttributableToOwnersOfParent	0.254	Pure	25.4	CurrentYearDuration_ConsolidatedMember_ForecastMember	/disc/73200/081220221111564243_tse-qcedjpsm-73200-20221111373200-ixbrl.htm
2022-11-11	四半期	当期	連結	予想		1株当たり当期純利益	NetIncomePerShare	137.23	JPYPerShares	137.23	CurrentYearDuration_ConsolidatedMember_ForecastMember	/disc/73200/081220221111564243_tse-qcedjpsm-73200-20221111373200-ixbrl.htm
2022-11-11	四半期	当期	連結	予想		当四半期における業績予想の修正	CorrectionOfConsolidatedFinancialForecastInThisQuarter			無	CurrentYearDuration_ConsolidatedMember_ForecastMember	/disc/73200/081220221111564243_tse-qcedjpsm-73200-20221111373200-ixbrl.htm
2022-11-11	四半期	当期第1四半期累計	連結	実績			MaterialChangesInSubsidiariesDuringThisPeriodChangesInScopeOfConsolidationsResultingFromChangeIsSubsidiaries			無	CurrentAccumulatedQ1Duration_ConsolidatedMember_ResultMember	/disc/73200/081220221111564243_tse-qcedjpsm-73200-20221111373200-ixbrl.htm
2022-11-11	四半期	当期第1四半期累計	連結	実績			ApplyingOfSpecificAccountingOfTheConsolidatedQuarterlyFinancialStatements			有	CurrentAccumulatedQ1Duration_ConsolidatedMember_ResultMember	/disc/73200/081220221111564243_tse-qcedjpsm-73200-20221111373200-ixbrl.htm
2022-11-11	四半期	当期第1四半期累計	連結	実績			NoteToApplyingOfSpecificAccountingOfTheConsolidatedQuarterlyFinancialStatements			（注）詳細は、添付資料Ｐ．８「２．四半期連結財務諸表及び主な注記（３）四半期連結財務諸表に関する注記事項（四半期連結財務諸表の作成に特有の会計処理の適用）」をご覧ください。	CurrentAccumulatedQ1Duration_ConsolidatedMember_ResultMember	/disc/73200/081220221111564243_tse-qcedjpsm-73200-20221111373200-ixbrl.htm
2022-11-11	四半期	当期第1四半期累計	連結	実績		会計基準等の改正に伴う変更	ChangesBasedOnRevisionsOfAccountingStandard			有	CurrentAccumulatedQ1Duration_ConsolidatedMember_ResultMember	/disc/73200/081220221111564243_tse-qcedjpsm-73200-20221111373200-ixbrl.htm
2022-11-11	四半期	当期第1四半期累計	連結	実績		それ以外の会計方針の変更	ChangesOtherThanOnesBasedOnRevisionsOfAccountingStandard			無	CurrentAccumulatedQ1Duration_ConsolidatedMember_ResultMember	/disc/73200/081220221111564243_tse-qcedjpsm-73200-20221111373200-ixbrl.htm
2022-11-11	四半期	当期第1四半期累計	連結	実績		会計上の見積りの変更	ChangesInAccountingEstimates			無	CurrentAccumulatedQ1Duration_ConsolidatedMember_ResultMember	/disc/73200/081220221111564243_tse-qcedjpsm-73200-20221111373200-ixbrl.htm
2022-11-11	四半期	当期第1四半期累計	連結	実績		修正再表示	RetrospectiveRestatement			無	CurrentAccumulatedQ1Duration_ConsolidatedMember_ResultMember	/disc/73200/081220221111564243_tse-qcedjpsm-73200-20221111373200-ixbrl.htm
2022-11-11	四半期	当期第1四半期累計	連結	実績			NoteToChangesInAccountingPoliciesAccountingEstimatesAndRetrospectiveRestatementQuarterlyConsolidated			（注）詳細は、添付資料Ｐ．８「２．四半期連結財務諸表及び主な注記（３）四半期連結財務諸表に関する注記事項（会計方針の変更）」をご覧ください。	CurrentAccumulatedQ1Duration_ConsolidatedMember_ResultMember	/disc/73200/081220221111564243_tse-qcedjpsm-73200-20221111373200-ixbrl.htm
2022-11-11	四半期	当期第1四半期累計	単体	実績		期末発行済株式数(自己株式を含む)	NumberOfIssuedAndOutstandingSharesAtTheEndOfFiscalYearIncludingTreasuryStock	5118300	Shares	5,118,300	CurrentAccumulatedQ1Instant_NonConsolidatedMember_ResultMember	/disc/73200/081220221111564243_tse-qcedjpsm-73200-20221111373200-ixbrl.htm
2022-11-11	四半期	前期	単体	実績		期末発行済株式数(自己株式を含む)	NumberOfIssuedAndOutstandingSharesAtTheEndOfFiscalYearIncludingTreasuryStock	5118300	Shares	5,118,300	PriorYearInstant_NonConsolidatedMember_ResultMember	/disc/73200/081220221111564243_tse-qcedjpsm-73200-20221111373200-ixbrl.htm
2022-11-11	四半期	当期第1四半期累計	単体	実績		期末自己株式数	NumberOfTreasuryStockAtTheEndOfFiscalYear	100729	Shares	100,729	CurrentAccumulatedQ1Instant_NonConsolidatedMember_ResultMember	/disc/73200/081220221111564243_tse-qcedjpsm-73200-20221111373200-ixbrl.htm
2022-11-11	四半期	前期	単体	実績		期末自己株式数	NumberOfTreasuryStockAtTheEndOfFiscalYear	100662	Shares	100,662	PriorYearInstant_NonConsolidatedMember_ResultMember	/disc/73200/081220221111564243_tse-qcedjpsm-73200-20221111373200-ixbrl.htm
2022-11-11	四半期	当期第1四半期累計	単体	実績		期中平均株式数	AverageNumberOfShares	5017622	Shares	5,017,622	CurrentAccumulatedQ1Duration_NonConsolidatedMember_ResultMember	/disc/73200/081220221111564243_tse-qcedjpsm-73200-20221111373200-ixbrl.htm
2022-11-11	四半期	前期第1四半期累計	単体	実績		期中平均株式数	AverageNumberOfShares	5002191	Shares	5,002,191	PriorAccumulatedQ1Duration_NonConsolidatedMember_ResultMember	/disc/73200/081220221111564243_tse-qcedjpsm-73200-20221111373200-ixbrl.htm
2022-11-11	四半期	当期				将来情報の利用に関する注意	NotesForUsingForecastedInformationAndOthers			（将来に関する記述等についてのご注意） 本資料に記載されている業績見通し等の将来に関する記述は、当社が入手している情報及び合理的であると判断する一定の前提に基づいており、その達成を当社として約束する趣旨のものではありません。また、実際の業績等は様々な要因により大きく異なる場合があります。業績予想の前提となる条件及び業績予想のご利用に当たっての注意事項等については、添付資料Ｐ．４「１．当四半期決算に関する定性的情報（３）連結業績予想などの将来予測情報に関する説明」をご覧ください。&#160;（四半期決算補足説明資料の入手方法） 四半期決算補足説明資料は、2022年11月11日(金)に当社ウェブサイトに掲載いたします。	CurrentYearDuration	/disc/73200/081220221111564243_tse-qcedjpsm-73200-20221111373200-ixbrl.htm
2022-11-11	四半期	当期				決算期末	FiscalYearEnd			2023-06-30	CurrentYearInstant	/disc/73200/081220221111564243_tse-qcedjpsm-73200-20221111373200-ixbrl.htm
2022-11-11	四半期	当期第1四半期累計				四半期	QuarterlyPeriod	1	Pure	1	CurrentAccumulatedQ1Instant	/disc/73200/081220221111564243_tse-qcedjpsm-73200-20221111373200-ixbrl.htm
2023-02-10	四半期	当期第2四半期累計				書類名	DocumentName			第２四半期決算短信〔日本基準〕（連結）	CurrentAccumulatedQ2Instant	/disc/73200/081220230210505881_tse-qcedjpsm-73200-20230210373200-ixbrl.htm
2023-02-10	四半期	当期第2四半期累計				提出日	FilingDate			2023年２月10日	CurrentAccumulatedQ2Instant	/disc/73200/081220230210505881_tse-qcedjpsm-73200-20230210373200-ixbrl.htm
2023-02-10	四半期	当期第2四半期累計				会社名	CompanyName			日本リビング保証株式会社	CurrentAccumulatedQ2Instant	/disc/73200/081220230210505881_tse-qcedjpsm-73200-20230210373200-ixbrl.htm
2023-02-10	四半期	当期第2四半期累計					TokyoStockExchange			東	CurrentAccumulatedQ2Instant	/disc/73200/081220230210505881_tse-qcedjpsm-73200-20230210373200-ixbrl.htm
2023-02-10	四半期	当期第2四半期累計				証券コード	SecuritiesCode			7320	CurrentAccumulatedQ2Instant	/disc/73200/081220230210505881_tse-qcedjpsm-73200-20230210373200-ixbrl.htm
2023-02-10	四半期	当期第2四半期累計				URL	URL			https://jlw.jp	CurrentAccumulatedQ2Instant	/disc/73200/081220230210505881_tse-qcedjpsm-73200-20230210373200-ixbrl.htm
2023-02-10	四半期	当期第2四半期累計				代表者の役職	TitleRepresentative			代表取締役社長	CurrentAccumulatedQ2Instant	/disc/73200/081220230210505881_tse-qcedjpsm-73200-20230210373200-ixbrl.htm
2023-02-10	四半期	当期第2四半期累計				代表者名	NameRepresentative			安達 慶高	CurrentAccumulatedQ2Instant	/disc/73200/081220230210505881_tse-qcedjpsm-73200-20230210373200-ixbrl.htm
2023-02-10	四半期	当期第2四半期累計					TitleInquiries			取締役管理本部長	CurrentAccumulatedQ2Instant	/disc/73200/081220230210505881_tse-qcedjpsm-73200-20230210373200-ixbrl.htm
2023-02-10	四半期	当期第2四半期累計					NameInquiries			吉川 淳史	CurrentAccumulatedQ2Instant	/disc/73200/081220230210505881_tse-qcedjpsm-73200-20230210373200-ixbrl.htm
2023-02-10	四半期	当期第2四半期累計					Tel			03-6276-0401	CurrentAccumulatedQ2Instant	/disc/73200/081220230210505881_tse-qcedjpsm-73200-20230210373200-ixbrl.htm
2023-02-10	四半期	当期第2四半期累計					QuarterlyStatementFilingDateAsPlanned			2023年２月10日	CurrentAccumulatedQ2Instant	/disc/73200/081220230210505881_tse-qcedjpsm-73200-20230210373200-ixbrl.htm
2023-02-10	四半期	当期第2四半期累計					SupplementalMaterialOfQuarterlyResults			有	CurrentAccumulatedQ2Instant	/disc/73200/081220230210505881_tse-qcedjpsm-73200-20230210373200-ixbrl.htm
2023-02-10	四半期	当期第2四半期累計					ConveningBriefingOfQuarterlyResults			有	CurrentAccumulatedQ2Instant	/disc/73200/081220230210505881_tse-qcedjpsm-73200-20230210373200-ixbrl.htm
2023-02-10	四半期	当期第2四半期累計					TargetForBriefingOfQuarterlyResults			（録画配信のみ）	CurrentAccumulatedQ2Instant	/disc/73200/081220230210505881_tse-qcedjpsm-73200-20230210373200-ixbrl.htm
2023-02-10	四半期	当期第2四半期累計					NoteToFractionProcessingMethod			（百万円未満切捨て）	CurrentAccumulatedQ2Instant	/disc/73200/081220230210505881_tse-qcedjpsm-73200-20230210373200-ixbrl.htm
2023-02-10	四半期	当期第2四半期累計	連結	実績		売上高	NetSales	1744000000	JPY	1,744	CurrentAccumulatedQ2Duration_ConsolidatedMember_ResultMember	/disc/73200/081220230210505881_tse-qcedjpsm-73200-20230210373200-ixbrl.htm
2023-02-10	四半期	当期第2四半期累計	連結	実績		売上高の増減率	ChangeInNetSales	0.084	Pure	8.4	CurrentAccumulatedQ2Duration_ConsolidatedMember_ResultMember	/disc/73200/081220230210505881_tse-qcedjpsm-73200-20230210373200-ixbrl.htm
2023-02-10	四半期	当期第2四半期累計	連結	実績		営業利益	OperatingIncome	330000000	JPY	330	CurrentAccumulatedQ2Duration_ConsolidatedMember_ResultMember	/disc/73200/081220230210505881_tse-qcedjpsm-73200-20230210373200-ixbrl.htm
2023-02-10	四半期	当期第2四半期累計	連結	実績		営業利益の増減率	ChangeInOperatingIncome	-0.294	Pure	29.4	CurrentAccumulatedQ2Duration_ConsolidatedMember_ResultMember	/disc/73200/081220230210505881_tse-qcedjpsm-73200-20230210373200-ixbrl.htm
2023-02-10	四半期	当期第2四半期累計	連結	実績		経常利益	OrdinaryIncome	402000000	JPY	402	CurrentAccumulatedQ2Duration_ConsolidatedMember_ResultMember	/disc/73200/081220230210505881_tse-qcedjpsm-73200-20230210373200-ixbrl.htm
2023-02-10	四半期	当期第2四半期累計	連結	実績		経常利益の増減率	ChangeInOrdinaryIncome	-0.232	Pure	23.2	CurrentAccumulatedQ2Duration_ConsolidatedMember_ResultMember	/disc/73200/081220230210505881_tse-qcedjpsm-73200-20230210373200-ixbrl.htm
2023-02-10	四半期	当期第2四半期累計	連結	実績		親会社株主に帰属する当期純利益	ProfitAttributableToOwnersOfParent	276000000	JPY	276	CurrentAccumulatedQ2Duration_ConsolidatedMember_ResultMember	/disc/73200/081220230210505881_tse-qcedjpsm-73200-20230210373200-ixbrl.htm
2023-02-10	四半期	当期第2四半期累計	連結	実績		親会社株主に帰属する当期純利益の増減率	ChangeInProfitAttributableToOwnersOfParent	-0.222	Pure	22.2	CurrentAccumulatedQ2Duration_ConsolidatedMember_ResultMember	/disc/73200/081220230210505881_tse-qcedjpsm-73200-20230210373200-ixbrl.htm
2023-02-10	四半期	前期第2四半期累計	連結	実績		売上高	NetSales	1608000000	JPY	1,608	PriorAccumulatedQ2Duration_ConsolidatedMember_ResultMember	/disc/73200/081220230210505881_tse-qcedjpsm-73200-20230210373200-ixbrl.htm
2023-02-10	四半期	前期第2四半期累計	連結	実績		売上高の増減率	ChangeInNetSales	0.346	Pure	34.6	PriorAccumulatedQ2Duration_ConsolidatedMember_ResultMember	/disc/73200/081220230210505881_tse-qcedjpsm-73200-20230210373200-ixbrl.htm
2023-02-10	四半期	前期第2四半期累計	連結	実績		営業利益	OperatingIncome	467000000	JPY	467	PriorAccumulatedQ2Duration_ConsolidatedMember_ResultMember	/disc/73200/081220230210505881_tse-qcedjpsm-73200-20230210373200-ixbrl.htm
2023-02-10	四半期	前期第2四半期累計	連結	実績		営業利益の増減率	ChangeInOperatingIncome	1.916	Pure	191.6	PriorAccumulatedQ2Duration_ConsolidatedMember_ResultMember	/disc/73200/081220230210505881_tse-qcedjpsm-73200-20230210373200-ixbrl.htm
2023-02-10	四半期	前期第2四半期累計	連結	実績		経常利益	OrdinaryIncome	524000000	JPY	524	PriorAccumulatedQ2Duration_ConsolidatedMember_ResultMember	/disc/73200/081220230210505881_tse-qcedjpsm-73200-20230210373200-ixbrl.htm
2023-02-10	四半期	前期第2四半期累計	連結	実績		経常利益の増減率	ChangeInOrdinaryIncome	1.192	Pure	119.2	PriorAccumulatedQ2Duration_ConsolidatedMember_ResultMember	/disc/73200/081220230210505881_tse-qcedjpsm-73200-20230210373200-ixbrl.htm
2023-02-10	四半期	前期第2四半期累計	連結	実績		親会社株主に帰属する当期純利益	ProfitAttributableToOwnersOfParent	355000000	JPY	355	PriorAccumulatedQ2Duration_ConsolidatedMember_ResultMember	/disc/73200/081220230210505881_tse-qcedjpsm-73200-20230210373200-ixbrl.htm
2023-02-10	四半期	前期第2四半期累計	連結	実績		親会社株主に帰属する当期純利益の増減率	ChangeInProfitAttributableToOwnersOfParent	1.279	Pure	127.9	PriorAccumulatedQ2Duration_ConsolidatedMember_ResultMember	/disc/73200/081220230210505881_tse-qcedjpsm-73200-20230210373200-ixbrl.htm
2023-02-10	四半期	当期第2四半期累計	連結	実績		包括利益	ComprehensiveIncome	258000000	JPY	258	CurrentAccumulatedQ2Duration_ConsolidatedMember_ResultMember	/disc/73200/081220230210505881_tse-qcedjpsm-73200-20230210373200-ixbrl.htm
2023-02-10	四半期	当期第2四半期累計	連結	実績		包括利益の増減率	ChangeInComprehensiveIncome	-0.318	Pure	31.8	CurrentAccumulatedQ2Duration_ConsolidatedMember_ResultMember	/disc/73200/081220230210505881_tse-qcedjpsm-73200-20230210373200-ixbrl.htm
2023-02-10	四半期	前期第2四半期累計	連結	実績		包括利益	ComprehensiveIncome	379000000	JPY	379	PriorAccumulatedQ2Duration_ConsolidatedMember_ResultMember	/disc/73200/081220230210505881_tse-qcedjpsm-73200-20230210373200-ixbrl.htm
2023-02-10	四半期	前期第2四半期累計	連結	実績		包括利益の増減率	ChangeInComprehensiveIncome	1.151	Pure	115.1	PriorAccumulatedQ2Duration_ConsolidatedMember_ResultMember	/disc/73200/081220230210505881_tse-qcedjpsm-73200-20230210373200-ixbrl.htm
2023-02-10	四半期	当期第2四半期累計	連結	実績		1株当たり当期純利益	NetIncomePerShare	55.12	JPYPerShares	55.12	CurrentAccumulatedQ2Duration_ConsolidatedMember_ResultMember	/disc/73200/081220230210505881_tse-qcedjpsm-73200-20230210373200-ixbrl.htm
2023-02-10	四半期	当期第2四半期累計	連結	実績		潜在株式調整後1株当たり当期純利益	DilutedNetIncomePerShare	55.12	JPYPerShares	55.12	CurrentAccumulatedQ2Duration_ConsolidatedMember_ResultMember	/disc/73200/081220230210505881_tse-qcedjpsm-73200-20230210373200-ixbrl.htm
2023-02-10	四半期	前期第2四半期累計	連結	実績		1株当たり当期純利益	NetIncomePerShare	71.05	JPYPerShares	71.05	PriorAccumulatedQ2Duration_ConsolidatedMember_ResultMember	/disc/73200/081220230210505881_tse-qcedjpsm-73200-20230210373200-ixbrl.htm
2023-02-10	四半期	前期第2四半期累計	連結	実績		潜在株式調整後1株当たり当期純利益	DilutedNetIncomePerShare	70.20	JPYPerShares	70.20	PriorAccumulatedQ2Duration_ConsolidatedMember_ResultMember	/disc/73200/081220230210505881_tse-qcedjpsm-73200-20230210373200-ixbrl.htm
2023-02-10	四半期	当期第2四半期累計	連結	実績		総資産	TotalAssets	18034000000	JPY	18,034	CurrentAccumulatedQ2Instant_ConsolidatedMember_ResultMember	/disc/73200/081220230210505881_tse-qcedjpsm-73200-20230210373200-ixbrl.htm
2023-02-10	四半期	当期第2四半期累計	連結	実績		純資産	NetAssets	1450000000	JPY	1,450	CurrentAccumulatedQ2Instant_ConsolidatedMember_ResultMember	/disc/73200/081220230210505881_tse-qcedjpsm-73200-20230210373200-ixbrl.htm
2023-02-10	四半期	当期第2四半期累計	連結	実績		自己資本比率	CapitalAdequacyRatio	0.080	Pure	8.0	CurrentAccumulatedQ2Instant_ConsolidatedMember_ResultMember	/disc/73200/081220230210505881_tse-qcedjpsm-73200-20230210373200-ixbrl.htm
2023-02-10	四半期	前期	連結	実績		総資産	TotalAssets	16219000000	JPY	16,219	PriorYearInstant_ConsolidatedMember_ResultMember	/disc/73200/081220230210505881_tse-qcedjpsm-73200-20230210373200-ixbrl.htm
2023-02-10	四半期	前期	連結	実績		純資産	NetAssets	1243000000	JPY	1,243	PriorYearInstant_ConsolidatedMember_ResultMember	/disc/73200/081220230210505881_tse-qcedjpsm-73200-20230210373200-ixbrl.htm
2023-02-10	四半期	前期	連結	実績		自己資本比率	CapitalAdequacyRatio	0.077	Pure	7.7	PriorYearInstant_ConsolidatedMember_ResultMember	/disc/73200/081220230210505881_tse-qcedjpsm-73200-20230210373200-ixbrl.htm
2023-02-10	四半期	当期第2四半期累計	連結	実績		自己資本	OwnersEquity	1450000000	JPY	1,450	CurrentAccumulatedQ2Instant_ConsolidatedMember_ResultMember	/disc/73200/081220230210505881_tse-qcedjpsm-73200-20230210373200-ixbrl.htm
2023-02-10	四半期	前期	連結	実績		自己資本	OwnersEquity	1243000000	JPY	1,243	PriorYearInstant_ConsolidatedMember_ResultMember	/disc/73200/081220230210505881_tse-qcedjpsm-73200-20230210373200-ixbrl.htm
2023-02-10	四半期	前期	単体	実績	第2四半期末	1株当たり配当金	DividendPerShare	0.00	JPYPerShares	0.00	PriorYearDuration_SecondQuarterMember_NonConsolidatedMember_ResultMember	/disc/73200/081220230210505881_tse-qcedjpsm-73200-20230210373200-ixbrl.htm
2023-02-10	四半期	前期	単体	実績	期末	1株当たり配当金	DividendPerShare	10.00	JPYPerShares	10.00	PriorYearDuration_YearEndMember_NonConsolidatedMember_ResultMember	/disc/73200/081220230210505881_tse-qcedjpsm-73200-20230210373200-ixbrl.htm
2023-02-10	四半期	前期	単体	実績	合計	1株当たり配当金	DividendPerShare	10.00	JPYPerShares	10.00	PriorYearDuration_AnnualMember_NonConsolidatedMember_ResultMember	/disc/73200/081220230210505881_tse-qcedjpsm-73200-20230210373200-ixbrl.htm
2023-02-10	四半期	当期	単体	実績	第2四半期末	1株当たり配当金	DividendPerShare	0.00	JPYPerShares	0.00	CurrentYearDuration_SecondQuarterMember_NonConsolidatedMember_ResultMember	/disc/73200/081220230210505881_tse-qcedjpsm-73200-20230210373200-ixbrl.htm
2023-02-10	四半期	当期	単体	予想	期末	1株当たり配当金	DividendPerShare	10.00	JPYPerShares	10.00	CurrentYearDuration_YearEndMember_NonConsolidatedMember_ForecastMember	/disc/73200/081220230210505881_tse-qcedjpsm-73200-20230210373200-ixbrl.htm
2023-02-10	四半期	当期	単体	予想	合計	1株当たり配当金	DividendPerShare	10.00	JPYPerShares	10.00	CurrentYearDuration_AnnualMember_NonConsolidatedMember_ForecastMember	/disc/73200/081220230210505881_tse-qcedjpsm-73200-20230210373200-ixbrl.htm
2023-02-10	四半期	当期	単体	実績	合計	当四半期における配当予想の修正	CorrectionOfDividendForecastInThisQuarter			無	CurrentYearDuration_AnnualMember_NonConsolidatedMember_ResultMember	/disc/73200/081220230210505881_tse-qcedjpsm-73200-20230210373200-ixbrl.htm
2023-02-10	四半期	当期	連結	予想		業績予想の見出し	TitleForForecasts			３．2023年６月期の連結業績予想（2022年７月１日～2023年６月30日）	CurrentYearDuration_ConsolidatedMember_ForecastMember	/disc/73200/081220230210505881_tse-qcedjpsm-73200-20230210373200-ixbrl.htm
2023-02-10	四半期	当期	連結	予想		売上高	NetSales	3953000000	JPY	3,953	CurrentYearDuration_ConsolidatedMember_ForecastMember	/disc/73200/081220230210505881_tse-qcedjpsm-73200-20230210373200-ixbrl.htm
2023-02-10	四半期	当期	連結	予想		売上高の増減率	ChangeInNetSales	0.196	Pure	19.6	CurrentYearDuration_ConsolidatedMember_ForecastMember	/disc/73200/081220230210505881_tse-qcedjpsm-73200-20230210373200-ixbrl.htm
2023-02-10	四半期	当期	連結	予想		営業利益	OperatingIncome	860000000	JPY	860	CurrentYearDuration_ConsolidatedMember_ForecastMember	/disc/73200/081220230210505881_tse-qcedjpsm-73200-20230210373200-ixbrl.htm
2023-02-10	四半期	当期	連結	予想		営業利益の増減率	ChangeInOperatingIncome	0.322	Pure	32.2	CurrentYearDuration_ConsolidatedMember_ForecastMember	/disc/73200/081220230210505881_tse-qcedjpsm-73200-20230210373200-ixbrl.htm
2023-02-10	四半期	当期	連結	予想		経常利益	OrdinaryIncome	1010000000	JPY	1,010	CurrentYearDuration_ConsolidatedMember_ForecastMember	/disc/73200/081220230210505881_tse-qcedjpsm-73200-20230210373200-ixbrl.htm
2023-02-10	四半期	当期	連結	予想		経常利益の増減率	ChangeInOrdinaryIncome	0.316	Pure	31.6	CurrentYearDuration_ConsolidatedMember_ForecastMember	/disc/73200/081220230210505881_tse-qcedjpsm-73200-20230210373200-ixbrl.htm
2023-02-10	四半期	当期	連結	予想		親会社株主に帰属する当期純利益	ProfitAttributableToOwnersOfParent	685000000	JPY	685	CurrentYearDuration_ConsolidatedMember_ForecastMember	/disc/73200/081220230210505881_tse-qcedjpsm-73200-20230210373200-ixbrl.htm
2023-02-10	四半期	当期	連結	予想		親会社株主に帰属する当期純利益の増減率	ChangeInProfitAttributableToOwnersOfParent	0.254	Pure	25.4	CurrentYearDuration_ConsolidatedMember_ForecastMember	/disc/73200/081220230210505881_tse-qcedjpsm-73200-20230210373200-ixbrl.htm
2023-02-10	四半期	当期	連結	予想		1株当たり当期純利益	NetIncomePerShare	137.23	JPYPerShares	137.23	CurrentYearDuration_ConsolidatedMember_ForecastMember	/disc/73200/081220230210505881_tse-qcedjpsm-73200-20230210373200-ixbrl.htm
2023-02-10	四半期	当期	連結	予想		当四半期における業績予想の修正	CorrectionOfConsolidatedFinancialForecastInThisQuarter			無	CurrentYearDuration_ConsolidatedMember_ForecastMember	/disc/73200/081220230210505881_tse-qcedjpsm-73200-20230210373200-ixbrl.htm
2023-02-10	四半期	当期第2四半期累計	連結	実績			MaterialChangesInSubsidiariesDuringThisPeriodChangesInScopeOfConsolidationsResultingFromChangeIsSubsidiaries			無	CurrentAccumulatedQ2Duration_ConsolidatedMember_ResultMember	/disc/73200/081220230210505881_tse-qcedjpsm-73200-20230210373200-ixbrl.htm
2023-02-10	四半期	当期第2四半期累計	連結	実績			ApplyingOfSpecificAccountingOfTheConsolidatedQuarterlyFinancialStatements			有	CurrentAccumulatedQ2Duration_ConsolidatedMember_ResultMember	/disc/73200/081220230210505881_tse-qcedjpsm-73200-20230210373200-ixbrl.htm
2023-02-10	四半期	当期第2四半期累計	連結	実績			NoteToApplyingOfSpecificAccountingOfTheConsolidatedQuarterlyFinancialStatements			（注）詳細は、添付資料Ｐ．９「２．四半期連結財務諸表及び主な注記（４）四半期連結財務諸表に関する注記事項（四半期連結財務諸表の作成に特有の会計処理の適用）」をご覧ください。	CurrentAccumulatedQ2Duration_ConsolidatedMember_ResultMember	/disc/73200/081220230210505881_tse-qcedjpsm-73200-20230210373200-ixbrl.htm
2023-02-10	四半期	当期第2四半期累計	連結	実績		会計基準等の改正に伴う変更	ChangesBasedOnRevisionsOfAccountingStandard			有	CurrentAccumulatedQ2Duration_ConsolidatedMember_ResultMember	/disc/73200/081220230210505881_tse-qcedjpsm-73200-20230210373200-ixbrl.htm
2023-02-10	四半期	当期第2四半期累計	連結	実績		それ以外の会計方針の変更	ChangesOtherThanOnesBasedOnRevisionsOfAccountingStandard			無	CurrentAccumulatedQ2Duration_ConsolidatedMember_ResultMember	/disc/73200/081220230210505881_tse-qcedjpsm-73200-20230210373200-ixbrl.htm
2023-02-10	四半期	当期第2四半期累計	連結	実績		会計上の見積りの変更	ChangesInAccountingEstimates			無	CurrentAccumulatedQ2Duration_ConsolidatedMember_ResultMember	/disc/73200/081220230210505881_tse-qcedjpsm-73200-20230210373200-ixbrl.htm
2023-02-10	四半期	当期第2四半期累計	連結	実績		修正再表示	RetrospectiveRestatement			無	CurrentAccumulatedQ2Duration_ConsolidatedMember_ResultMember	/disc/73200/081220230210505881_tse-qcedjpsm-73200-20230210373200-ixbrl.htm
2023-02-10	四半期	当期第2四半期累計	連結	実績			NoteToChangesInAccountingPoliciesAccountingEstimatesAndRetrospectiveRestatementQuarterlyConsolidated			（注）詳細は、添付資料Ｐ.９「２．四半期連結財務諸表及び主な注記（４）四半期連結財務諸表に関する注記事項（会計方針の変更）」をご覧ください。	CurrentAccumulatedQ2Duration_ConsolidatedMember_ResultMember	/disc/73200/081220230210505881_tse-qcedjpsm-73200-20230210373200-ixbrl.htm
2023-02-10	四半期	当期第2四半期累計	単体	実績		期末発行済株式数(自己株式を含む)	NumberOfIssuedAndOutstandingSharesAtTheEndOfFiscalYearIncludingTreasuryStock	5118300	Shares	5,118,300	CurrentAccumulatedQ2Instant_NonConsolidatedMember_ResultMember	/disc/73200/081220230210505881_tse-qcedjpsm-73200-20230210373200-ixbrl.htm
2023-02-10	四半期	前期	単体	実績		期末発行済株式数(自己株式を含む)	NumberOfIssuedAndOutstandingSharesAtTheEndOfFiscalYearIncludingTreasuryStock	5118300	Shares	5,118,300	PriorYearInstant_NonConsolidatedMember_ResultMember	/disc/73200/081220230210505881_tse-qcedjpsm-73200-20230210373200-ixbrl.htm
2023-02-10	四半期	当期第2四半期累計	単体	実績		期末自己株式数	NumberOfTreasuryStockAtTheEndOfFiscalYear	101844	Shares	101,844	CurrentAccumulatedQ2Instant_NonConsolidatedMember_ResultMember	/disc/73200/081220230210505881_tse-qcedjpsm-73200-20230210373200-ixbrl.htm
2023-02-10	四半期	前期	単体	実績		期末自己株式数	NumberOfTreasuryStockAtTheEndOfFiscalYear	100662	Shares	100,662	PriorYearInstant_NonConsolidatedMember_ResultMember	/disc/73200/081220230210505881_tse-qcedjpsm-73200-20230210373200-ixbrl.htm
2023-02-10	四半期	当期第2四半期累計	単体	実績		期中平均株式数	AverageNumberOfShares	5017243	Shares	5,017,243	CurrentAccumulatedQ2Duration_NonConsolidatedMember_ResultMember	/disc/73200/081220230210505881_tse-qcedjpsm-73200-20230210373200-ixbrl.htm
2023-02-10	四半期	前期第2四半期累計	単体	実績		期中平均株式数	AverageNumberOfShares	5005161	Shares	5,005,161	PriorAccumulatedQ2Duration_NonConsolidatedMember_ResultMember	/disc/73200/081220230210505881_tse-qcedjpsm-73200-20230210373200-ixbrl.htm
2023-02-10	四半期	当期				将来情報の利用に関する注意	NotesForUsingForecastedInformationAndOthers			（将来に関する記述等についてのご注意） 本資料に記載されている業績見通し等の将来に関する記述は、当社が入手している情報及び合理的であると判断する一定の前提に基づいており、その達成を当社として約束する趣旨のものではありません。また、実際の業績等は様々な要因により大きく異なる場合があります。業績予想の前提となる条件及び業績予想のご利用に当たっての注意事項等については、添付資料Ｐ．４「１．当四半期決算に関する定性的情報（４）連結業績予想などの将来予測情報に関する説明」をご覧ください。&#160;（四半期決算補足説明資料及び四半期決算説明会内容の入手方法） 当社は2023年２月10日（金）に録画配信での決算説明会を開催する予定です。 当日使用する決算説明会資料は、当社ウェブサイトに掲載いたします。&#160;	CurrentYearDuration	/disc/73200/081220230210505881_tse-qcedjpsm-73200-20230210373200-ixbrl.htm
2023-02-10	四半期	当期				決算期末	FiscalYearEnd			2023-06-30	CurrentYearInstant	/disc/73200/081220230210505881_tse-qcedjpsm-73200-20230210373200-ixbrl.htm
2023-02-10	四半期	当期第2四半期累計				四半期	QuarterlyPeriod	2	Pure	2	CurrentAccumulatedQ2Instant	/disc/73200/081220230210505881_tse-qcedjpsm-73200-20230210373200-ixbrl.htm
2023-05-11	四半期	当期第3四半期累計				書類名	DocumentName			第３四半期決算短信〔日本基準〕（連結）	CurrentAccumulatedQ3Instant	/disc/73200/081220230511565344_tse-qcedjpsm-73200-20230511373200-ixbrl.htm
2023-05-11	四半期	当期第3四半期累計				提出日	FilingDate			2023年５月11日	CurrentAccumulatedQ3Instant	/disc/73200/081220230511565344_tse-qcedjpsm-73200-20230511373200-ixbrl.htm
2023-05-11	四半期	当期第3四半期累計				会社名	CompanyName			日本リビング保証株式会社	CurrentAccumulatedQ3Instant	/disc/73200/081220230511565344_tse-qcedjpsm-73200-20230511373200-ixbrl.htm
2023-05-11	四半期	当期第3四半期累計					TokyoStockExchange			東	CurrentAccumulatedQ3Instant	/disc/73200/081220230511565344_tse-qcedjpsm-73200-20230511373200-ixbrl.htm
2023-05-11	四半期	当期第3四半期累計				証券コード	SecuritiesCode			7320	CurrentAccumulatedQ3Instant	/disc/73200/081220230511565344_tse-qcedjpsm-73200-20230511373200-ixbrl.htm
2023-05-11	四半期	当期第3四半期累計				URL	URL			https://jlw.jp	CurrentAccumulatedQ3Instant	/disc/73200/081220230511565344_tse-qcedjpsm-73200-20230511373200-ixbrl.htm
2023-05-11	四半期	当期第3四半期累計				代表者の役職	TitleRepresentative			代表取締役社長	CurrentAccumulatedQ3Instant	/disc/73200/081220230511565344_tse-qcedjpsm-73200-20230511373200-ixbrl.htm
2023-05-11	四半期	当期第3四半期累計				代表者名	NameRepresentative			安達&#160; 慶高	CurrentAccumulatedQ3Instant	/disc/73200/081220230511565344_tse-qcedjpsm-73200-20230511373200-ixbrl.htm
2023-05-11	四半期	当期第3四半期累計					TitleInquiries			取締役管理本部長	CurrentAccumulatedQ3Instant	/disc/73200/081220230511565344_tse-qcedjpsm-73200-20230511373200-ixbrl.htm
2023-05-11	四半期	当期第3四半期累計					NameInquiries			吉川 淳史	CurrentAccumulatedQ3Instant	/disc/73200/081220230511565344_tse-qcedjpsm-73200-20230511373200-ixbrl.htm
2023-05-11	四半期	当期第3四半期累計					Tel			03-6276-0401	CurrentAccumulatedQ3Instant	/disc/73200/081220230511565344_tse-qcedjpsm-73200-20230511373200-ixbrl.htm
2023-05-11	四半期	当期第3四半期累計					QuarterlyStatementFilingDateAsPlanned			2023年５月11日	CurrentAccumulatedQ3Instant	/disc/73200/081220230511565344_tse-qcedjpsm-73200-20230511373200-ixbrl.htm
2023-05-11	四半期	当期第3四半期累計					SupplementalMaterialOfQuarterlyResults			有	CurrentAccumulatedQ3Instant	/disc/73200/081220230511565344_tse-qcedjpsm-73200-20230511373200-ixbrl.htm
2023-05-11	四半期	当期第3四半期累計					ConveningBriefingOfQuarterlyResults			無	CurrentAccumulatedQ3Instant	/disc/73200/081220230511565344_tse-qcedjpsm-73200-20230511373200-ixbrl.htm
2023-05-11	四半期	当期第3四半期累計					NoteToFractionProcessingMethod			（百万円未満切捨て）	CurrentAccumulatedQ3Instant	/disc/73200/081220230511565344_tse-qcedjpsm-73200-20230511373200-ixbrl.htm
2023-05-11	四半期	当期第3四半期累計	連結	実績		売上高	NetSales	2723000000	JPY	2,723	CurrentAccumulatedQ3Duration_ConsolidatedMember_ResultMember	/disc/73200/081220230511565344_tse-qcedjpsm-73200-20230511373200-ixbrl.htm
2023-05-11	四半期	当期第3四半期累計	連結	実績		売上高の増減率	ChangeInNetSales	0.125	Pure	12.5	CurrentAccumulatedQ3Duration_ConsolidatedMember_ResultMember	/disc/73200/081220230511565344_tse-qcedjpsm-73200-20230511373200-ixbrl.htm
2023-05-11	四半期	当期第3四半期累計	連結	実績		営業利益	OperatingIncome	533000000	JPY	533	CurrentAccumulatedQ3Duration_ConsolidatedMember_ResultMember	/disc/73200/081220230511565344_tse-qcedjpsm-73200-20230511373200-ixbrl.htm
2023-05-11	四半期	当期第3四半期累計	連結	実績		営業利益の増減率	ChangeInOperatingIncome	-0.065	Pure	6.5	CurrentAccumulatedQ3Duration_ConsolidatedMember_ResultMember	/disc/73200/081220230511565344_tse-qcedjpsm-73200-20230511373200-ixbrl.htm
2023-05-11	四半期	当期第3四半期累計	連結	実績		経常利益	OrdinaryIncome	707000000	JPY	707	CurrentAccumulatedQ3Duration_ConsolidatedMember_ResultMember	/disc/73200/081220230511565344_tse-qcedjpsm-73200-20230511373200-ixbrl.htm
2023-05-11	四半期	当期第3四半期累計	連結	実績		経常利益の増減率	ChangeInOrdinaryIncome	0.071	Pure	7.1	CurrentAccumulatedQ3Duration_ConsolidatedMember_ResultMember	/disc/73200/081220230511565344_tse-qcedjpsm-73200-20230511373200-ixbrl.htm
2023-05-11	四半期	当期第3四半期累計	連結	実績		親会社株主に帰属する当期純利益	ProfitAttributableToOwnersOfParent	485000000	JPY	485	CurrentAccumulatedQ3Duration_ConsolidatedMember_ResultMember	/disc/73200/081220230511565344_tse-qcedjpsm-73200-20230511373200-ixbrl.htm
2023-05-11	四半期	当期第3四半期累計	連結	実績		親会社株主に帰属する当期純利益の増減率	ChangeInProfitAttributableToOwnersOfParent	0.073	Pure	7.3	CurrentAccumulatedQ3Duration_ConsolidatedMember_ResultMember	/disc/73200/081220230511565344_tse-qcedjpsm-73200-20230511373200-ixbrl.htm
2023-05-11	四半期	前期第3四半期累計	連結	実績		売上高	NetSales	2420000000	JPY	2,420	PriorAccumulatedQ3Duration_ConsolidatedMember_ResultMember	/disc/73200/081220230511565344_tse-qcedjpsm-73200-20230511373200-ixbrl.htm
2023-05-11	四半期	前期第3四半期累計	連結	実績		売上高の増減率	ChangeInNetSales	0.264	Pure	26.4	PriorAccumulatedQ3Duration_ConsolidatedMember_ResultMember	/disc/73200/081220230511565344_tse-qcedjpsm-73200-20230511373200-ixbrl.htm
2023-05-11	四半期	前期第3四半期累計	連結	実績		営業利益	OperatingIncome	570000000	JPY	570	PriorAccumulatedQ3Duration_ConsolidatedMember_ResultMember	/disc/73200/081220230511565344_tse-qcedjpsm-73200-20230511373200-ixbrl.htm
2023-05-11	四半期	前期第3四半期累計	連結	実績		営業利益の増減率	ChangeInOperatingIncome	0.755	Pure	75.5	PriorAccumulatedQ3Duration_ConsolidatedMember_ResultMember	/disc/73200/081220230511565344_tse-qcedjpsm-73200-20230511373200-ixbrl.htm
2023-05-11	四半期	前期第3四半期累計	連結	実績		経常利益	OrdinaryIncome	661000000	JPY	661	PriorAccumulatedQ3Duration_ConsolidatedMember_ResultMember	/disc/73200/081220230511565344_tse-qcedjpsm-73200-20230511373200-ixbrl.htm
2023-05-11	四半期	前期第3四半期累計	連結	実績		経常利益の増減率	ChangeInOrdinaryIncome	0.561	Pure	56.1	PriorAccumulatedQ3Duration_ConsolidatedMember_ResultMember	/disc/73200/081220230511565344_tse-qcedjpsm-73200-20230511373200-ixbrl.htm
2023-05-11	四半期	前期第3四半期累計	連結	実績		親会社株主に帰属する当期純利益	ProfitAttributableToOwnersOfParent	452000000	JPY	452	PriorAccumulatedQ3Duration_ConsolidatedMember_ResultMember	/disc/73200/081220230511565344_tse-qcedjpsm-73200-20230511373200-ixbrl.htm
2023-05-11	四半期	前期第3四半期累計	連結	実績		親会社株主に帰属する当期純利益の増減率	ChangeInProfitAttributableToOwnersOfParent	0.602	Pure	60.2	PriorAccumulatedQ3Duration_ConsolidatedMember_ResultMember	/disc/73200/081220230511565344_tse-qcedjpsm-73200-20230511373200-ixbrl.htm
2023-05-11	四半期	当期第3四半期累計	連結	実績		包括利益	ComprehensiveIncome	441000000	JPY	441	CurrentAccumulatedQ3Duration_ConsolidatedMember_ResultMember	/disc/73200/081220230511565344_tse-qcedjpsm-73200-20230511373200-ixbrl.htm
2023-05-11	四半期	当期第3四半期累計	連結	実績		包括利益の増減率	ChangeInComprehensiveIncome	-0.064	Pure	6.4	CurrentAccumulatedQ3Duration_ConsolidatedMember_ResultMember	/disc/73200/081220230511565344_tse-qcedjpsm-73200-20230511373200-ixbrl.htm
2023-05-11	四半期	前期第3四半期累計	連結	実績		包括利益	ComprehensiveIncome	471000000	JPY	471	PriorAccumulatedQ3Duration_ConsolidatedMember_ResultMember	/disc/73200/081220230511565344_tse-qcedjpsm-73200-20230511373200-ixbrl.htm
2023-05-11	四半期	前期第3四半期累計	連結	実績		包括利益の増減率	ChangeInComprehensiveIncome	0.447	Pure	44.7	PriorAccumulatedQ3Duration_ConsolidatedMember_ResultMember	/disc/73200/081220230511565344_tse-qcedjpsm-73200-20230511373200-ixbrl.htm
2023-05-11	四半期	当期第3四半期累計	連結	実績		1株当たり当期純利益	NetIncomePerShare	96.84	JPYPerShares	96.84	CurrentAccumulatedQ3Duration_ConsolidatedMember_ResultMember	/disc/73200/081220230511565344_tse-qcedjpsm-73200-20230511373200-ixbrl.htm
2023-05-11	四半期	当期第3四半期累計	連結	実績		潜在株式調整後1株当たり当期純利益	DilutedNetIncomePerShare	96.83	JPYPerShares	96.83	CurrentAccumulatedQ3Duration_ConsolidatedMember_ResultMember	/disc/73200/081220230511565344_tse-qcedjpsm-73200-20230511373200-ixbrl.htm
2023-05-11	四半期	前期第3四半期累計	連結	実績		1株当たり当期純利益	NetIncomePerShare	90.57	JPYPerShares	90.57	PriorAccumulatedQ3Duration_ConsolidatedMember_ResultMember	/disc/73200/081220230511565344_tse-qcedjpsm-73200-20230511373200-ixbrl.htm
2023-05-11	四半期	前期第3四半期累計	連結	実績		潜在株式調整後1株当たり当期純利益	DilutedNetIncomePerShare	89.49	JPYPerShares	89.49	PriorAccumulatedQ3Duration_ConsolidatedMember_ResultMember	/disc/73200/081220230511565344_tse-qcedjpsm-73200-20230511373200-ixbrl.htm
2023-05-11	四半期	当期第3四半期累計	連結	実績		総資産	TotalAssets	18911000000	JPY	18,911	CurrentAccumulatedQ3Instant_ConsolidatedMember_ResultMember	/disc/73200/081220230511565344_tse-qcedjpsm-73200-20230511373200-ixbrl.htm
2023-05-11	四半期	当期第3四半期累計	連結	実績		純資産	NetAssets	1633000000	JPY	1,633	CurrentAccumulatedQ3Instant_ConsolidatedMember_ResultMember	/disc/73200/081220230511565344_tse-qcedjpsm-73200-20230511373200-ixbrl.htm
2023-05-11	四半期	当期第3四半期累計	連結	実績		自己資本比率	CapitalAdequacyRatio	0.086	Pure	8.6	CurrentAccumulatedQ3Instant_ConsolidatedMember_ResultMember	/disc/73200/081220230511565344_tse-qcedjpsm-73200-20230511373200-ixbrl.htm
2023-05-11	四半期	前期	連結	実績		総資産	TotalAssets	16219000000	JPY	16,219	PriorYearInstant_ConsolidatedMember_ResultMember	/disc/73200/081220230511565344_tse-qcedjpsm-73200-20230511373200-ixbrl.htm
2023-05-11	四半期	前期	連結	実績		純資産	NetAssets	1243000000	JPY	1,243	PriorYearInstant_ConsolidatedMember_ResultMember	/disc/73200/081220230511565344_tse-qcedjpsm-73200-20230511373200-ixbrl.htm
2023-05-11	四半期	前期	連結	実績		自己資本比率	CapitalAdequacyRatio	0.077	Pure	7.7	PriorYearInstant_ConsolidatedMember_ResultMember	/disc/73200/081220230511565344_tse-qcedjpsm-73200-20230511373200-ixbrl.htm
2023-05-11	四半期	当期第3四半期累計	連結	実績		自己資本	OwnersEquity	1633000000	JPY	1,633	CurrentAccumulatedQ3Instant_ConsolidatedMember_ResultMember	/disc/73200/081220230511565344_tse-qcedjpsm-73200-20230511373200-ixbrl.htm
2023-05-11	四半期	前期	連結	実績		自己資本	OwnersEquity	1243000000	JPY	1,243	PriorYearInstant_ConsolidatedMember_ResultMember	/disc/73200/081220230511565344_tse-qcedjpsm-73200-20230511373200-ixbrl.htm
2023-05-11	四半期	前期	単体	実績	第2四半期末	1株当たり配当金	DividendPerShare	0.00	JPYPerShares	0.00	PriorYearDuration_SecondQuarterMember_NonConsolidatedMember_ResultMember	/disc/73200/081220230511565344_tse-qcedjpsm-73200-20230511373200-ixbrl.htm
2023-05-11	四半期	前期	単体	実績	期末	1株当たり配当金	DividendPerShare	10.00	JPYPerShares	10.00	PriorYearDuration_YearEndMember_NonConsolidatedMember_ResultMember	/disc/73200/081220230511565344_tse-qcedjpsm-73200-20230511373200-ixbrl.htm
2023-05-11	四半期	前期	単体	実績	合計	1株当たり配当金	DividendPerShare	10.00	JPYPerShares	10.00	PriorYearDuration_AnnualMember_NonConsolidatedMember_ResultMember	/disc/73200/081220230511565344_tse-qcedjpsm-73200-20230511373200-ixbrl.htm
2023-05-11	四半期	当期	単体	実績	第2四半期末	1株当たり配当金	DividendPerShare	0.00	JPYPerShares	0.00	CurrentYearDuration_SecondQuarterMember_NonConsolidatedMember_ResultMember	/disc/73200/081220230511565344_tse-qcedjpsm-73200-20230511373200-ixbrl.htm
2023-05-11	四半期	当期	単体	予想	期末	1株当たり配当金	DividendPerShare	10.00	JPYPerShares	10.00	CurrentYearDuration_YearEndMember_NonConsolidatedMember_ForecastMember	/disc/73200/081220230511565344_tse-qcedjpsm-73200-20230511373200-ixbrl.htm
2023-05-11	四半期	当期	単体	予想	合計	1株当たり配当金	DividendPerShare	10.00	JPYPerShares	10.00	CurrentYearDuration_AnnualMember_NonConsolidatedMember_ForecastMember	/disc/73200/081220230511565344_tse-qcedjpsm-73200-20230511373200-ixbrl.htm
2023-05-11	四半期	当期	単体	実績	合計	当四半期における配当予想の修正	CorrectionOfDividendForecastInThisQuarter			無	CurrentYearDuration_AnnualMember_NonConsolidatedMember_ResultMember	/disc/73200/081220230511565344_tse-qcedjpsm-73200-20230511373200-ixbrl.htm
2023-05-11	四半期	当期	連結	予想		業績予想の見出し	TitleForForecasts			３．2023年６月期の連結業績予想（2022年７月１日～2023年６月30日）	CurrentYearDuration_ConsolidatedMember_ForecastMember	/disc/73200/081220230511565344_tse-qcedjpsm-73200-20230511373200-ixbrl.htm
2023-05-11	四半期	当期	連結	予想		売上高	NetSales	3953000000	JPY	3,953	CurrentYearDuration_ConsolidatedMember_ForecastMember	/disc/73200/081220230511565344_tse-qcedjpsm-73200-20230511373200-ixbrl.htm
2023-05-11	四半期	当期	連結	予想		売上高の増減率	ChangeInNetSales	0.196	Pure	19.6	CurrentYearDuration_ConsolidatedMember_ForecastMember	/disc/73200/081220230511565344_tse-qcedjpsm-73200-20230511373200-ixbrl.htm
2023-05-11	四半期	当期	連結	予想		営業利益	OperatingIncome	860000000	JPY	860	CurrentYearDuration_ConsolidatedMember_ForecastMember	/disc/73200/081220230511565344_tse-qcedjpsm-73200-20230511373200-ixbrl.htm
2023-05-11	四半期	当期	連結	予想		営業利益の増減率	ChangeInOperatingIncome	0.322	Pure	32.2	CurrentYearDuration_ConsolidatedMember_ForecastMember	/disc/73200/081220230511565344_tse-qcedjpsm-73200-20230511373200-ixbrl.htm
2023-05-11	四半期	当期	連結	予想		経常利益	OrdinaryIncome	1010000000	JPY	1,010	CurrentYearDuration_ConsolidatedMember_ForecastMember	/disc/73200/081220230511565344_tse-qcedjpsm-73200-20230511373200-ixbrl.htm
2023-05-11	四半期	当期	連結	予想		経常利益の増減率	ChangeInOrdinaryIncome	0.316	Pure	31.6	CurrentYearDuration_ConsolidatedMember_ForecastMember	/disc/73200/081220230511565344_tse-qcedjpsm-73200-20230511373200-ixbrl.htm
2023-05-11	四半期	当期	連結	予想		親会社株主に帰属する当期純利益	ProfitAttributableToOwnersOfParent	685000000	JPY	685	CurrentYearDuration_ConsolidatedMember_ForecastMember	/disc/73200/081220230511565344_tse-qcedjpsm-73200-20230511373200-ixbrl.htm
2023-05-11	四半期	当期	連結	予想		親会社株主に帰属する当期純利益の増減率	ChangeInProfitAttributableToOwnersOfParent	0.254	Pure	25.4	CurrentYearDuration_ConsolidatedMember_ForecastMember	/disc/73200/081220230511565344_tse-qcedjpsm-73200-20230511373200-ixbrl.htm
2023-05-11	四半期	当期	連結	予想		1株当たり当期純利益	NetIncomePerShare	137.23	JPYPerShares	137.23	CurrentYearDuration_ConsolidatedMember_ForecastMember	/disc/73200/081220230511565344_tse-qcedjpsm-73200-20230511373200-ixbrl.htm
2023-05-11	四半期	当期	連結	予想		当四半期における業績予想の修正	CorrectionOfConsolidatedFinancialForecastInThisQuarter			無	CurrentYearDuration_ConsolidatedMember_ForecastMember	/disc/73200/081220230511565344_tse-qcedjpsm-73200-20230511373200-ixbrl.htm
2023-05-11	四半期	当期第3四半期累計	連結	実績			MaterialChangesInSubsidiariesDuringThisPeriodChangesInScopeOfConsolidationsResultingFromChangeIsSubsidiaries			無	CurrentAccumulatedQ3Duration_ConsolidatedMember_ResultMember	/disc/73200/081220230511565344_tse-qcedjpsm-73200-20230511373200-ixbrl.htm
2023-05-11	四半期	当期第3四半期累計	連結	実績			ApplyingOfSpecificAccountingOfTheConsolidatedQuarterlyFinancialStatements			有	CurrentAccumulatedQ3Duration_ConsolidatedMember_ResultMember	/disc/73200/081220230511565344_tse-qcedjpsm-73200-20230511373200-ixbrl.htm
2023-05-11	四半期	当期第3四半期累計	連結	実績			NoteToApplyingOfSpecificAccountingOfTheConsolidatedQuarterlyFinancialStatements			（注）詳細は、添付資料Ｐ．８「２．四半期連結財務諸表及び主な注記 （３）四半期連結財務諸表に関する注記事項（四半期連結財務諸表の作成に特有の会計処理の適用）」をご覧ください。	CurrentAccumulatedQ3Duration_ConsolidatedMember_ResultMember	/disc/73200/081220230511565344_tse-qcedjpsm-73200-20230511373200-ixbrl.htm
2023-05-11	四半期	当期第3四半期累計	連結	実績		会計基準等の改正に伴う変更	ChangesBasedOnRevisionsOfAccountingStandard			有	CurrentAccumulatedQ3Duration_ConsolidatedMember_ResultMember	/disc/73200/081220230511565344_tse-qcedjpsm-73200-20230511373200-ixbrl.htm
2023-05-11	四半期	当期第3四半期累計	連結	実績		それ以外の会計方針の変更	ChangesOtherThanOnesBasedOnRevisionsOfAccountingStandard			無	CurrentAccumulatedQ3Duration_ConsolidatedMember_ResultMember	/disc/73200/081220230511565344_tse-qcedjpsm-73200-20230511373200-ixbrl.htm
2023-05-11	四半期	当期第3四半期累計	連結	実績		会計上の見積りの変更	ChangesInAccountingEstimates			無	CurrentAccumulatedQ3Duration_ConsolidatedMember_ResultMember	/disc/73200/081220230511565344_tse-qcedjpsm-73200-20230511373200-ixbrl.htm
2023-05-11	四半期	当期第3四半期累計	連結	実績		修正再表示	RetrospectiveRestatement			無	CurrentAccumulatedQ3Duration_ConsolidatedMember_ResultMember	/disc/73200/081220230511565344_tse-qcedjpsm-73200-20230511373200-ixbrl.htm
2023-05-11	四半期	当期第3四半期累計	連結	実績			NoteToChangesInAccountingPoliciesAccountingEstimatesAndRetrospectiveRestatementQuarterlyConsolidated			（注）詳細は、添付資料Ｐ.８「２．四半期連結財務諸表及び主な注記 （３）四半期連結財務諸表に関する注記事項（会計方針の変更）」をご覧ください。	CurrentAccumulatedQ3Duration_ConsolidatedMember_ResultMember	/disc/73200/081220230511565344_tse-qcedjpsm-73200-20230511373200-ixbrl.htm
2023-05-11	四半期	当期第3四半期累計	単体	実績		期末発行済株式数(自己株式を含む)	NumberOfIssuedAndOutstandingSharesAtTheEndOfFiscalYearIncludingTreasuryStock	5118300	Shares	5,118,300	CurrentAccumulatedQ3Instant_NonConsolidatedMember_ResultMember	/disc/73200/081220230511565344_tse-qcedjpsm-73200-20230511373200-ixbrl.htm
2023-05-11	四半期	前期	単体	実績		期末発行済株式数(自己株式を含む)	NumberOfIssuedAndOutstandingSharesAtTheEndOfFiscalYearIncludingTreasuryStock	5118300	Shares	5,118,300	PriorYearInstant_NonConsolidatedMember_ResultMember	/disc/73200/081220230511565344_tse-qcedjpsm-73200-20230511373200-ixbrl.htm
2023-05-11	四半期	当期第3四半期累計	単体	実績		期末自己株式数	NumberOfTreasuryStockAtTheEndOfFiscalYear	101844	Shares	101,844	CurrentAccumulatedQ3Instant_NonConsolidatedMember_ResultMember	/disc/73200/081220230511565344_tse-qcedjpsm-73200-20230511373200-ixbrl.htm
2023-05-11	四半期	前期	単体	実績		期末自己株式数	NumberOfTreasuryStockAtTheEndOfFiscalYear	100662	Shares	100,662	PriorYearInstant_NonConsolidatedMember_ResultMember	/disc/73200/081220230511565344_tse-qcedjpsm-73200-20230511373200-ixbrl.htm
2023-05-11	四半期	当期第3四半期累計	単体	実績		期中平均株式数	AverageNumberOfShares	5016984	Shares	5,016,984	CurrentAccumulatedQ3Duration_NonConsolidatedMember_ResultMember	/disc/73200/081220230511565344_tse-qcedjpsm-73200-20230511373200-ixbrl.htm
2023-05-11	四半期	前期第3四半期累計	単体	実績		期中平均株式数	AverageNumberOfShares	5000761	Shares	5,000,761	PriorAccumulatedQ3Duration_NonConsolidatedMember_ResultMember	/disc/73200/081220230511565344_tse-qcedjpsm-73200-20230511373200-ixbrl.htm
2023-05-11	四半期	当期				将来情報の利用に関する注意	NotesForUsingForecastedInformationAndOthers			（将来に関する記述等についてのご注意） 本資料に記載されている業績見通し等の将来に関する記述は、当社が入手している情報及び合理的であると判断する一定の前提に基づいており、その達成を当社として約束する趣旨のものではありません。また、実際の業績等は様々な要因により大きく異なる場合があります。業績予想の前提となる条件及び業績予想のご利用に当たっての注意事項等については、添付資料Ｐ．４「１．当四半期決算に関する定性的情報 （３）連結業績予想などの将来予測情報に関する説明」をご覧ください。&#160;（四半期決算補足説明資料の入手方法） 四半期決算補足説明資料は、2023年５月11日(木)に当社ウェブサイトに掲載いたします。	CurrentYearDuration	/disc/73200/081220230511565344_tse-qcedjpsm-73200-20230511373200-ixbrl.htm
2023-05-11	四半期	当期				決算期末	FiscalYearEnd			2023-06-30	CurrentYearInstant	/disc/73200/081220230511565344_tse-qcedjpsm-73200-20230511373200-ixbrl.htm
2023-05-11	四半期	当期第3四半期累計				四半期	QuarterlyPeriod	3	Pure	3	CurrentAccumulatedQ3Instant	/disc/73200/081220230511565344_tse-qcedjpsm-73200-20230511373200-ixbrl.htm
2023-08-10	年次	当期				書類名	DocumentName			決算短信〔日本基準〕（連結）	CurrentYearInstant	/disc/73200/081220230810540020_tse-acedjpsm-73200-20230810373200-ixbrl.htm
2023-08-10	年次	当期				提出日	FilingDate			2023年８月10日	CurrentYearInstant	/disc/73200/081220230810540020_tse-acedjpsm-73200-20230810373200-ixbrl.htm
2023-08-10	年次	当期				会社名	CompanyName			日本リビング保証株式会社	CurrentYearInstant	/disc/73200/081220230810540020_tse-acedjpsm-73200-20230810373200-ixbrl.htm
2023-08-10	年次	当期					TokyoStockExchange			東	CurrentYearInstant	/disc/73200/081220230810540020_tse-acedjpsm-73200-20230810373200-ixbrl.htm
2023-08-10	年次	当期				証券コード	SecuritiesCode			7320	CurrentYearInstant	/disc/73200/081220230810540020_tse-acedjpsm-73200-20230810373200-ixbrl.htm
2023-08-10	年次	当期				URL	URL			https://jlw.jp	CurrentYearInstant	/disc/73200/081220230810540020_tse-acedjpsm-73200-20230810373200-ixbrl.htm
2023-08-10	年次	当期				代表者の役職	TitleRepresentative			代表取締役社長	CurrentYearInstant	/disc/73200/081220230810540020_tse-acedjpsm-73200-20230810373200-ixbrl.htm
2023-08-10	年次	当期				代表者名	NameRepresentative			安達 慶高	CurrentYearInstant	/disc/73200/081220230810540020_tse-acedjpsm-73200-20230810373200-ixbrl.htm
2023-08-10	年次	当期					TitleInquiries			取締役管理本部長	CurrentYearInstant	/disc/73200/081220230810540020_tse-acedjpsm-73200-20230810373200-ixbrl.htm
2023-08-10	年次	当期					NameInquiries			吉川 淳史	CurrentYearInstant	/disc/73200/081220230810540020_tse-acedjpsm-73200-20230810373200-ixbrl.htm
2023-08-10	年次	当期					Tel			03-6276-0401	CurrentYearInstant	/disc/73200/081220230810540020_tse-acedjpsm-73200-20230810373200-ixbrl.htm
2023-08-10	年次	当期					DateOfGeneralShareholdersMeetingAsPlanned			2023年９月26日	CurrentYearInstant	/disc/73200/081220230810540020_tse-acedjpsm-73200-20230810373200-ixbrl.htm
2023-08-10	年次	当期					DividendPayableDateAsPlanned			2023年９月27日	CurrentYearInstant	/disc/73200/081220230810540020_tse-acedjpsm-73200-20230810373200-ixbrl.htm
2023-08-10	年次	当期					AnnualSecuritiesReportFilingDateAsPlanned			2023年９月26日	CurrentYearInstant	/disc/73200/081220230810540020_tse-acedjpsm-73200-20230810373200-ixbrl.htm
2023-08-10	年次	当期					SupplementalMaterialOfAnnualResults			有	CurrentYearInstant	/disc/73200/081220230810540020_tse-acedjpsm-73200-20230810373200-ixbrl.htm
2023-08-10	年次	当期					ConveningBriefingOfAnnualResults			有	CurrentYearInstant	/disc/73200/081220230810540020_tse-acedjpsm-73200-20230810373200-ixbrl.htm
2023-08-10	年次	当期					TargetAudienceBriefingOfAnnualResults			（録画配信のみ）	CurrentYearInstant	/disc/73200/081220230810540020_tse-acedjpsm-73200-20230810373200-ixbrl.htm
2023-08-10	年次	当期					NoteToFractionProcessingMethod			（百万円未満切捨て）	CurrentYearInstant	/disc/73200/081220230810540020_tse-acedjpsm-73200-20230810373200-ixbrl.htm
2023-08-10	年次	当期	連結	実績		売上高	NetSales	3919000000	JPY	3,919	CurrentYearDuration_ConsolidatedMember_ResultMember	/disc/73200/081220230810540020_tse-acedjpsm-73200-20230810373200-ixbrl.htm
2023-08-10	年次	当期	連結	実績		売上高の増減率	ChangeInNetSales	0.186	Pure	18.6	CurrentYearDuration_ConsolidatedMember_ResultMember	/disc/73200/081220230810540020_tse-acedjpsm-73200-20230810373200-ixbrl.htm
2023-08-10	年次	当期	連結	実績		営業利益	OperatingIncome	741000000	JPY	741	CurrentYearDuration_ConsolidatedMember_ResultMember	/disc/73200/081220230810540020_tse-acedjpsm-73200-20230810373200-ixbrl.htm
2023-08-10	年次	当期	連結	実績		営業利益の増減率	ChangeInOperatingIncome	0.140	Pure	14.0	CurrentYearDuration_ConsolidatedMember_ResultMember	/disc/73200/081220230810540020_tse-acedjpsm-73200-20230810373200-ixbrl.htm
2023-08-10	年次	当期	連結	実績		経常利益	OrdinaryIncome	1021000000	JPY	1,021	CurrentYearDuration_ConsolidatedMember_ResultMember	/disc/73200/081220230810540020_tse-acedjpsm-73200-20230810373200-ixbrl.htm
2023-08-10	年次	当期	連結	実績		経常利益の増減率	ChangeInOrdinaryIncome	0.331	Pure	33.1	CurrentYearDuration_ConsolidatedMember_ResultMember	/disc/73200/081220230810540020_tse-acedjpsm-73200-20230810373200-ixbrl.htm
2023-08-10	年次	当期	連結	実績		親会社株主に帰属する当期純利益	ProfitAttributableToOwnersOfParent	751000000	JPY	751	CurrentYearDuration_ConsolidatedMember_ResultMember	/disc/73200/081220230810540020_tse-acedjpsm-73200-20230810373200-ixbrl.htm
2023-08-10	年次	当期	連結	実績		親会社株主に帰属する当期純利益の増減率	ChangeInProfitAttributableToOwnersOfParent	0.375	Pure	37.5	CurrentYearDuration_ConsolidatedMember_ResultMember	/disc/73200/081220230810540020_tse-acedjpsm-73200-20230810373200-ixbrl.htm
2023-08-10	年次	前期	連結	実績		売上高	NetSales	3305000000	JPY	3,305	PriorYearDuration_ConsolidatedMember_ResultMember	/disc/73200/081220230810540020_tse-acedjpsm-73200-20230810373200-ixbrl.htm
2023-08-10	年次	前期	連結	実績		売上高の増減率	ChangeInNetSales	0.259	Pure	25.9	PriorYearDuration_ConsolidatedMember_ResultMember	/disc/73200/081220230810540020_tse-acedjpsm-73200-20230810373200-ixbrl.htm
2023-08-10	年次	前期	連結	実績		営業利益	OperatingIncome	650000000	JPY	650	PriorYearDuration_ConsolidatedMember_ResultMember	/disc/73200/081220230810540020_tse-acedjpsm-73200-20230810373200-ixbrl.htm
2023-08-10	年次	前期	連結	実績		営業利益の増減率	ChangeInOperatingIncome	0.703	Pure	70.3	PriorYearDuration_ConsolidatedMember_ResultMember	/disc/73200/081220230810540020_tse-acedjpsm-73200-20230810373200-ixbrl.htm
2023-08-10	年次	前期	連結	実績		経常利益	OrdinaryIncome	767000000	JPY	767	PriorYearDuration_ConsolidatedMember_ResultMember	/disc/73200/081220230810540020_tse-acedjpsm-73200-20230810373200-ixbrl.htm
2023-08-10	年次	前期	連結	実績		経常利益の増減率	ChangeInOrdinaryIncome	0.675	Pure	67.5	PriorYearDuration_ConsolidatedMember_ResultMember	/disc/73200/081220230810540020_tse-acedjpsm-73200-20230810373200-ixbrl.htm
2023-08-10	年次	前期	連結	実績		親会社株主に帰属する当期純利益	ProfitAttributableToOwnersOfParent	546000000	JPY	546	PriorYearDuration_ConsolidatedMember_ResultMember	/disc/73200/081220230810540020_tse-acedjpsm-73200-20230810373200-ixbrl.htm
2023-08-10	年次	前期	連結	実績		親会社株主に帰属する当期純利益の増減率	ChangeInProfitAttributableToOwnersOfParent	1.247	Pure	124.7	PriorYearDuration_ConsolidatedMember_ResultMember	/disc/73200/081220230810540020_tse-acedjpsm-73200-20230810373200-ixbrl.htm
2023-08-10	年次	当期	連結	実績		包括利益	ComprehensiveIncome	754000000	JPY	754	CurrentYearDuration_ConsolidatedMember_ResultMember	/disc/73200/081220230810540020_tse-acedjpsm-73200-20230810373200-ixbrl.htm
2023-08-10	年次	当期	連結	実績		包括利益の増減率	ChangeInComprehensiveIncome	0.343	Pure	34.3	CurrentYearDuration_ConsolidatedMember_ResultMember	/disc/73200/081220230810540020_tse-acedjpsm-73200-20230810373200-ixbrl.htm
2023-08-10	年次	前期	連結	実績		包括利益	ComprehensiveIncome	562000000	JPY	562	PriorYearDuration_ConsolidatedMember_ResultMember	/disc/73200/081220230810540020_tse-acedjpsm-73200-20230810373200-ixbrl.htm
2023-08-10	年次	前期	連結	実績		包括利益の増減率	ChangeInComprehensiveIncome	0.794	Pure	79.4	PriorYearDuration_ConsolidatedMember_ResultMember	/disc/73200/081220230810540020_tse-acedjpsm-73200-20230810373200-ixbrl.htm
2023-08-10	年次	当期	連結	実績		1株当たり当期純利益	NetIncomePerShare	149.75	JPYPerShares	149.75	CurrentYearDuration_ConsolidatedMember_ResultMember	/disc/73200/081220230810540020_tse-acedjpsm-73200-20230810373200-ixbrl.htm
2023-08-10	年次	当期	連結	実績		潜在株式調整後1株当たり当期純利益	DilutedNetIncomePerShare	149.73	JPYPerShares	149.73	CurrentYearDuration_ConsolidatedMember_ResultMember	/disc/73200/081220230810540020_tse-acedjpsm-73200-20230810373200-ixbrl.htm
2023-08-10	年次	当期	連結	実績		自己資本当期純利益率(ROE)	NetIncomeToShareholdersEquityRatio	0.471	Pure	47.1	CurrentYearDuration_ConsolidatedMember_ResultMember	/disc/73200/081220230810540020_tse-acedjpsm-73200-20230810373200-ixbrl.htm
2023-08-10	年次	当期	連結	実績		総資産経常利益率(ROA)	OrdinaryIncomeToTotalAssetsRatio	0.056	Pure	5.6	CurrentYearDuration_ConsolidatedMember_ResultMember	/disc/73200/081220230810540020_tse-acedjpsm-73200-20230810373200-ixbrl.htm
2023-08-10	年次	当期	連結	実績		売上高営業利益率	OperatingIncomeToNetSalesRatio	0.189	Pure	18.9	CurrentYearDuration_ConsolidatedMember_ResultMember	/disc/73200/081220230810540020_tse-acedjpsm-73200-20230810373200-ixbrl.htm
2023-08-10	年次	前期	連結	実績		1株当たり当期純利益	NetIncomePerShare	109.48	JPYPerShares	109.48	PriorYearDuration_ConsolidatedMember_ResultMember	/disc/73200/081220230810540020_tse-acedjpsm-73200-20230810373200-ixbrl.htm
2023-08-10	年次	前期	連結	実績		潜在株式調整後1株当たり当期純利益	DilutedNetIncomePerShare	108.19	JPYPerShares	108.19	PriorYearDuration_ConsolidatedMember_ResultMember	/disc/73200/081220230810540020_tse-acedjpsm-73200-20230810373200-ixbrl.htm
2023-08-10	年次	前期	連結	実績		自己資本当期純利益率(ROE)	NetIncomeToShareholdersEquityRatio	0.540	Pure	54.0	PriorYearDuration_ConsolidatedMember_ResultMember	/disc/73200/081220230810540020_tse-acedjpsm-73200-20230810373200-ixbrl.htm
2023-08-10	年次	前期	連結	実績		総資産経常利益率(ROA)	OrdinaryIncomeToTotalAssetsRatio	0.050	Pure	5.0	PriorYearDuration_ConsolidatedMember_ResultMember	/disc/73200/081220230810540020_tse-acedjpsm-73200-20230810373200-ixbrl.htm
2023-08-10	年次	前期	連結	実績		売上高営業利益率	OperatingIncomeToNetSalesRatio	0.197	Pure	19.7	PriorYearDuration_ConsolidatedMember_ResultMember	/disc/73200/081220230810540020_tse-acedjpsm-73200-20230810373200-ixbrl.htm
2023-08-10	年次	当期	連結	実績		総資産	TotalAssets	20103000000	JPY	20,103	CurrentYearInstant_ConsolidatedMember_ResultMember	/disc/73200/081220230810540020_tse-acedjpsm-73200-20230810373200-ixbrl.htm
2023-08-10	年次	当期	連結	実績		純資産	NetAssets	1946000000	JPY	1,946	CurrentYearInstant_ConsolidatedMember_ResultMember	/disc/73200/081220230810540020_tse-acedjpsm-73200-20230810373200-ixbrl.htm
2023-08-10	年次	当期	連結	実績		自己資本比率	CapitalAdequacyRatio	0.097	Pure	9.7	CurrentYearInstant_ConsolidatedMember_ResultMember	/disc/73200/081220230810540020_tse-acedjpsm-73200-20230810373200-ixbrl.htm
2023-08-10	年次	当期	連結	実績		1株当たり純資産	NetAssetsPerShare	387.95	JPYPerShares	387.95	CurrentYearInstant_ConsolidatedMember_ResultMember	/disc/73200/081220230810540020_tse-acedjpsm-73200-20230810373200-ixbrl.htm
2023-08-10	年次	前期	連結	実績		総資産	TotalAssets	16219000000	JPY	16,219	PriorYearInstant_ConsolidatedMember_ResultMember	/disc/73200/081220230810540020_tse-acedjpsm-73200-20230810373200-ixbrl.htm
2023-08-10	年次	前期	連結	実績		純資産	NetAssets	1243000000	JPY	1,243	PriorYearInstant_ConsolidatedMember_ResultMember	/disc/73200/081220230810540020_tse-acedjpsm-73200-20230810373200-ixbrl.htm
2023-08-10	年次	前期	連結	実績		自己資本比率	CapitalAdequacyRatio	0.077	Pure	7.7	PriorYearInstant_ConsolidatedMember_ResultMember	/disc/73200/081220230810540020_tse-acedjpsm-73200-20230810373200-ixbrl.htm
2023-08-10	年次	前期	連結	実績		1株当たり純資産	NetAssetsPerShare	247.90	JPYPerShares	247.90	PriorYearInstant_ConsolidatedMember_ResultMember	/disc/73200/081220230810540020_tse-acedjpsm-73200-20230810373200-ixbrl.htm
2023-08-10	年次	当期	連結	実績		自己資本	OwnersEquity	1946000000	JPY	1,946	CurrentYearInstant_ConsolidatedMember_ResultMember	/disc/73200/081220230810540020_tse-acedjpsm-73200-20230810373200-ixbrl.htm
2023-08-10	年次	前期	連結	実績		自己資本	OwnersEquity	1243000000	JPY	1,243	PriorYearInstant_ConsolidatedMember_ResultMember	/disc/73200/081220230810540020_tse-acedjpsm-73200-20230810373200-ixbrl.htm
2023-08-10	年次	当期	連結	実績		営業キャッシュフロー	CashFlowsFromOperatingActivities	1861000000	JPY	1,861	CurrentYearDuration_ConsolidatedMember_ResultMember	/disc/73200/081220230810540020_tse-acedjpsm-73200-20230810373200-ixbrl.htm
2023-08-10	年次	当期	連結	実績		投資キャッシュフロー	CashFlowsFromInvestingActivities	-1902000000	JPY	1,902	CurrentYearDuration_ConsolidatedMember_ResultMember	/disc/73200/081220230810540020_tse-acedjpsm-73200-20230810373200-ixbrl.htm
2023-08-10	年次	当期	連結	実績		財務キャッシュフロー	CashFlowsFromFinancingActivities	783000000	JPY	783	CurrentYearDuration_ConsolidatedMember_ResultMember	/disc/73200/081220230810540020_tse-acedjpsm-73200-20230810373200-ixbrl.htm
2023-08-10	年次	当期	連結	実績		現金及び現金同等物の期末残高	CashAndEquivalentsEndOfPeriod	3799000000	JPY	3,799	CurrentYearInstant_ConsolidatedMember_ResultMember	/disc/73200/081220230810540020_tse-acedjpsm-73200-20230810373200-ixbrl.htm
2023-08-10	年次	前期	連結	実績		営業キャッシュフロー	CashFlowsFromOperatingActivities	292000000	JPY	292	PriorYearDuration_ConsolidatedMember_ResultMember	/disc/73200/081220230810540020_tse-acedjpsm-73200-20230810373200-ixbrl.htm
2023-08-10	年次	前期	連結	実績		投資キャッシュフロー	CashFlowsFromInvestingActivities	-3169000000	JPY	3,169	PriorYearDuration_ConsolidatedMember_ResultMember	/disc/73200/081220230810540020_tse-acedjpsm-73200-20230810373200-ixbrl.htm
2023-08-10	年次	前期	連結	実績		財務キャッシュフロー	CashFlowsFromFinancingActivities	748000000	JPY	748	PriorYearDuration_ConsolidatedMember_ResultMember	/disc/73200/081220230810540020_tse-acedjpsm-73200-20230810373200-ixbrl.htm
2023-08-10	年次	前期	連結	実績		現金及び現金同等物の期末残高	CashAndEquivalentsEndOfPeriod	3058000000	JPY	3,058	PriorYearInstant_ConsolidatedMember_ResultMember	/disc/73200/081220230810540020_tse-acedjpsm-73200-20230810373200-ixbrl.htm
2023-08-10	年次	前期	単体	実績	第2四半期末	1株当たり配当金	DividendPerShare	0.00	JPYPerShares	0.00	PriorYearDuration_SecondQuarterMember_NonConsolidatedMember_ResultMember	/disc/73200/081220230810540020_tse-acedjpsm-73200-20230810373200-ixbrl.htm
2023-08-10	年次	前期	単体	実績	期末	1株当たり配当金	DividendPerShare	10.00	JPYPerShares	10.00	PriorYearDuration_YearEndMember_NonConsolidatedMember_ResultMember	/disc/73200/081220230810540020_tse-acedjpsm-73200-20230810373200-ixbrl.htm
2023-08-10	年次	前期	単体	実績	合計	1株当たり配当金	DividendPerShare	10.00	JPYPerShares	10.00	PriorYearDuration_AnnualMember_NonConsolidatedMember_ResultMember	/disc/73200/081220230810540020_tse-acedjpsm-73200-20230810373200-ixbrl.htm
2023-08-10	年次	前期	単体	実績	合計	配当金総額	TotalDividendPaidAnnual	50000000	JPY	50	PriorYearDuration_AnnualMember_NonConsolidatedMember_ResultMember	/disc/73200/081220230810540020_tse-acedjpsm-73200-20230810373200-ixbrl.htm
2023-08-10	年次	前期	連結	実績	合計	配当性向	PayoutRatio	0.091	Pure	9.1	PriorYearDuration_AnnualMember_ConsolidatedMember_ResultMember	/disc/73200/081220230810540020_tse-acedjpsm-73200-20230810373200-ixbrl.htm
2023-08-10	年次	前期	連結	実績	合計	純資産配当率	RatioOfTotalAmountOfDividendsToNetAssets	0.050	Pure	5.0	PriorYearDuration_AnnualMember_ConsolidatedMember_ResultMember	/disc/73200/081220230810540020_tse-acedjpsm-73200-20230810373200-ixbrl.htm
2023-08-10	年次	当期	単体	実績	第2四半期末	1株当たり配当金	DividendPerShare	0.00	JPYPerShares	0.00	CurrentYearDuration_SecondQuarterMember_NonConsolidatedMember_ResultMember	/disc/73200/081220230810540020_tse-acedjpsm-73200-20230810373200-ixbrl.htm
2023-08-10	年次	当期	単体	実績	期末	1株当たり配当金	DividendPerShare	10.00	JPYPerShares	10.00	CurrentYearDuration_YearEndMember_NonConsolidatedMember_ResultMember	/disc/73200/081220230810540020_tse-acedjpsm-73200-20230810373200-ixbrl.htm
2023-08-10	年次	当期	単体	実績	合計	1株当たり配当金	DividendPerShare	10.00	JPYPerShares	10.00	CurrentYearDuration_AnnualMember_NonConsolidatedMember_ResultMember	/disc/73200/081220230810540020_tse-acedjpsm-73200-20230810373200-ixbrl.htm
2023-08-10	年次	当期	単体	実績	合計	配当金総額	TotalDividendPaidAnnual	50000000	JPY	50	CurrentYearDuration_AnnualMember_NonConsolidatedMember_ResultMember	/disc/73200/081220230810540020_tse-acedjpsm-73200-20230810373200-ixbrl.htm
2023-08-10	年次	当期	連結	実績	合計	配当性向	PayoutRatio	0.067	Pure	6.7	CurrentYearDuration_AnnualMember_ConsolidatedMember_ResultMember	/disc/73200/081220230810540020_tse-acedjpsm-73200-20230810373200-ixbrl.htm
2023-08-10	年次	当期	連結	実績	合計	純資産配当率	RatioOfTotalAmountOfDividendsToNetAssets	0.031	Pure	3.1	CurrentYearDuration_AnnualMember_ConsolidatedMember_ResultMember	/disc/73200/081220230810540020_tse-acedjpsm-73200-20230810373200-ixbrl.htm
2023-08-10	年次	来期	単体	予想	第2四半期末	1株当たり配当金	DividendPerShare	0.00	JPYPerShares	0.00	NextYearDuration_SecondQuarterMember_NonConsolidatedMember_ForecastMember	/disc/73200/081220230810540020_tse-acedjpsm-73200-20230810373200-ixbrl.htm
2023-08-10	年次	来期	単体	予想	期末	1株当たり配当金	DividendPerShare	10.00	JPYPerShares	10.00	NextYearDuration_YearEndMember_NonConsolidatedMember_ForecastMember	/disc/73200/081220230810540020_tse-acedjpsm-73200-20230810373200-ixbrl.htm
2023-08-10	年次	来期	単体	予想	合計	1株当たり配当金	DividendPerShare	10.00	JPYPerShares	10.00	NextYearDuration_AnnualMember_NonConsolidatedMember_ForecastMember	/disc/73200/081220230810540020_tse-acedjpsm-73200-20230810373200-ixbrl.htm
2023-08-10	年次	来期	連結	予想	合計	配当性向	PayoutRatio	0.064	Pure	6.4	NextYearDuration_AnnualMember_ConsolidatedMember_ForecastMember	/disc/73200/081220230810540020_tse-acedjpsm-73200-20230810373200-ixbrl.htm
2023-08-10	年次	来期	連結	予想		業績予想の見出し	TitleForForecasts			３．2024年６月期の連結業績予想（2023年７月１日～2024年６月30日）	NextYearDuration_ConsolidatedMember_ForecastMember	/disc/73200/081220230810540020_tse-acedjpsm-73200-20230810373200-ixbrl.htm
2023-08-10	年次		連結	予想		売上高	NetSales	2190000000	JPY	2,190	NextAccumulatedQ2Duration_ConsolidatedMember_ForecastMember	/disc/73200/081220230810540020_tse-acedjpsm-73200-20230810373200-ixbrl.htm
2023-08-10	年次		連結	予想		売上高の増減率	ChangeInNetSales	0.255	Pure	25.5	NextAccumulatedQ2Duration_ConsolidatedMember_ForecastMember	/disc/73200/081220230810540020_tse-acedjpsm-73200-20230810373200-ixbrl.htm
2023-08-10	年次		連結	予想		営業利益	OperatingIncome	338000000	JPY	338	NextAccumulatedQ2Duration_ConsolidatedMember_ForecastMember	/disc/73200/081220230810540020_tse-acedjpsm-73200-20230810373200-ixbrl.htm
2023-08-10	年次		連結	予想		営業利益の増減率	ChangeInOperatingIncome	0.024	Pure	2.4	NextAccumulatedQ2Duration_ConsolidatedMember_ForecastMember	/disc/73200/081220230810540020_tse-acedjpsm-73200-20230810373200-ixbrl.htm
2023-08-10	年次		連結	予想		経常利益	OrdinaryIncome	438000000	JPY	438	NextAccumulatedQ2Duration_ConsolidatedMember_ForecastMember	/disc/73200/081220230810540020_tse-acedjpsm-73200-20230810373200-ixbrl.htm
2023-08-10	年次		連結	予想		経常利益の増減率	ChangeInOrdinaryIncome	0.087	Pure	8.7	NextAccumulatedQ2Duration_ConsolidatedMember_ForecastMember	/disc/73200/081220230810540020_tse-acedjpsm-73200-20230810373200-ixbrl.htm
2023-08-10	年次		連結	予想		親会社株主に帰属する当期純利益	ProfitAttributableToOwnersOfParent	284000000	JPY	284	NextAccumulatedQ2Duration_ConsolidatedMember_ForecastMember	/disc/73200/081220230810540020_tse-acedjpsm-73200-20230810373200-ixbrl.htm
2023-08-10	年次		連結	予想		親会社株主に帰属する当期純利益の増減率	ChangeInProfitAttributableToOwnersOfParent	0.027	Pure	2.7	NextAccumulatedQ2Duration_ConsolidatedMember_ForecastMember	/disc/73200/081220230810540020_tse-acedjpsm-73200-20230810373200-ixbrl.htm
2023-08-10	年次		連結	予想		1株当たり当期純利益	NetIncomePerShare	56.60	JPYPerShares	56.60	NextAccumulatedQ2Duration_ConsolidatedMember_ForecastMember	/disc/73200/081220230810540020_tse-acedjpsm-73200-20230810373200-ixbrl.htm
2023-08-10	年次	来期	連結	予想		売上高	NetSales	4820000000	JPY	4,820	NextYearDuration_ConsolidatedMember_ForecastMember	/disc/73200/081220230810540020_tse-acedjpsm-73200-20230810373200-ixbrl.htm
2023-08-10	年次	来期	連結	予想		売上高の増減率	ChangeInNetSales	0.230	Pure	23.0	NextYearDuration_ConsolidatedMember_ForecastMember	/disc/73200/081220230810540020_tse-acedjpsm-73200-20230810373200-ixbrl.htm
2023-08-10	年次	来期	連結	予想		営業利益	OperatingIncome	840000000	JPY	840	NextYearDuration_ConsolidatedMember_ForecastMember	/disc/73200/081220230810540020_tse-acedjpsm-73200-20230810373200-ixbrl.htm
2023-08-10	年次	来期	連結	予想		営業利益の増減率	ChangeInOperatingIncome	0.133	Pure	13.3	NextYearDuration_ConsolidatedMember_ForecastMember	/disc/73200/081220230810540020_tse-acedjpsm-73200-20230810373200-ixbrl.htm
2023-08-10	年次	来期	連結	予想		経常利益	OrdinaryIncome	1060000000	JPY	1,060	NextYearDuration_ConsolidatedMember_ForecastMember	/disc/73200/081220230810540020_tse-acedjpsm-73200-20230810373200-ixbrl.htm
2023-08-10	年次	来期	連結	予想		経常利益の増減率	ChangeInOrdinaryIncome	0.038	Pure	3.8	NextYearDuration_ConsolidatedMember_ForecastMember	/disc/73200/081220230810540020_tse-acedjpsm-73200-20230810373200-ixbrl.htm
2023-08-10	年次	来期	連結	予想		親会社株主に帰属する当期純利益	ProfitAttributableToOwnersOfParent	779000000	JPY	779	NextYearDuration_ConsolidatedMember_ForecastMember	/disc/73200/081220230810540020_tse-acedjpsm-73200-20230810373200-ixbrl.htm
2023-08-10	年次	来期	連結	予想		親会社株主に帰属する当期純利益の増減率	ChangeInProfitAttributableToOwnersOfParent	0.037	Pure	3.7	NextYearDuration_ConsolidatedMember_ForecastMember	/disc/73200/081220230810540020_tse-acedjpsm-73200-20230810373200-ixbrl.htm
2023-08-10	年次	来期	連結	予想		1株当たり当期純利益	NetIncomePerShare	155.27	JPYPerShares	155.27	NextYearDuration_ConsolidatedMember_ForecastMember	/disc/73200/081220230810540020_tse-acedjpsm-73200-20230810373200-ixbrl.htm
2023-08-10	年次	当期	連結	実績			MaterialChangesInSubsidiariesDuringThisPeriodChangesInScopeOfConsolidationsResultingFromChangeIsSubsidiaries			無	CurrentYearDuration_ConsolidatedMember_ResultMember	/disc/73200/081220230810540020_tse-acedjpsm-73200-20230810373200-ixbrl.htm
2023-08-10	年次	当期	連結	実績		会計基準等の改正に伴う変更	ChangesBasedOnRevisionsOfAccountingStandard			有	CurrentYearDuration_ConsolidatedMember_ResultMember	/disc/73200/081220230810540020_tse-acedjpsm-73200-20230810373200-ixbrl.htm
2023-08-10	年次	当期	連結	実績		それ以外の会計方針の変更	ChangesOtherThanOnesBasedOnRevisionsOfAccountingStandard			無	CurrentYearDuration_ConsolidatedMember_ResultMember	/disc/73200/081220230810540020_tse-acedjpsm-73200-20230810373200-ixbrl.htm
2023-08-10	年次	当期	連結	実績		会計上の見積りの変更	ChangesInAccountingEstimates			無	CurrentYearDuration_ConsolidatedMember_ResultMember	/disc/73200/081220230810540020_tse-acedjpsm-73200-20230810373200-ixbrl.htm
2023-08-10	年次	当期	連結	実績		修正再表示	RetrospectiveRestatement			無	CurrentYearDuration_ConsolidatedMember_ResultMember	/disc/73200/081220230810540020_tse-acedjpsm-73200-20230810373200-ixbrl.htm
2023-08-10	年次	当期	連結	実績			NoteToChangesInAccountingPoliciesAndAccountingEstimatesRetrospectiveRestatement			（注）詳細は、添付資料Ｐ.15「３．連結財務諸表及び主な注記 （５）連結財務諸表に関する注記事項（会計方針の変更）」をご覧ください。	CurrentYearDuration_ConsolidatedMember_ResultMember	/disc/73200/081220230810540020_tse-acedjpsm-73200-20230810373200-ixbrl.htm
2023-08-10	年次	当期	単体	実績		期末発行済株式数(自己株式を含む)	NumberOfIssuedAndOutstandingSharesAtTheEndOfFiscalYearIncludingTreasuryStock	5118300	Shares	5,118,300	CurrentYearInstant_NonConsolidatedMember_ResultMember	/disc/73200/081220230810540020_tse-acedjpsm-73200-20230810373200-ixbrl.htm
2023-08-10	年次	前期	単体	実績		期末発行済株式数(自己株式を含む)	NumberOfIssuedAndOutstandingSharesAtTheEndOfFiscalYearIncludingTreasuryStock	5118300	Shares	5,118,300	PriorYearInstant_NonConsolidatedMember_ResultMember	/disc/73200/081220230810540020_tse-acedjpsm-73200-20230810373200-ixbrl.htm
2023-08-10	年次	当期	単体	実績		期末自己株式数	NumberOfTreasuryStockAtTheEndOfFiscalYear	101944	Shares	101,944	CurrentYearInstant_NonConsolidatedMember_ResultMember	/disc/73200/081220230810540020_tse-acedjpsm-73200-20230810373200-ixbrl.htm
2023-08-10	年次	前期	単体	実績		期末自己株式数	NumberOfTreasuryStockAtTheEndOfFiscalYear	100662	Shares	100,662	PriorYearInstant_NonConsolidatedMember_ResultMember	/disc/73200/081220230810540020_tse-acedjpsm-73200-20230810373200-ixbrl.htm
2023-08-10	年次	当期	単体	実績		期中平均株式数	AverageNumberOfShares	5016846	Shares	5,016,846	CurrentYearDuration_NonConsolidatedMember_ResultMember	/disc/73200/081220230810540020_tse-acedjpsm-73200-20230810373200-ixbrl.htm
2023-08-10	年次	前期	単体	実績		期中平均株式数	AverageNumberOfShares	4991262	Shares	4,991,262	PriorYearDuration_NonConsolidatedMember_ResultMember	/disc/73200/081220230810540020_tse-acedjpsm-73200-20230810373200-ixbrl.htm
2023-08-10	年次	当期	単体	実績		売上高	NetSales	3902000000	JPY	3,902	CurrentYearDuration_NonConsolidatedMember_ResultMember	/disc/73200/081220230810540020_tse-acedjpsm-73200-20230810373200-ixbrl.htm
2023-08-10	年次	当期	単体	実績		売上高の増減率	ChangeInNetSales	0.229	Pure	22.9	CurrentYearDuration_NonConsolidatedMember_ResultMember	/disc/73200/081220230810540020_tse-acedjpsm-73200-20230810373200-ixbrl.htm
2023-08-10	年次	当期	単体	実績		営業利益	OperatingIncome	751000000	JPY	751	CurrentYearDuration_NonConsolidatedMember_ResultMember	/disc/73200/081220230810540020_tse-acedjpsm-73200-20230810373200-ixbrl.htm
2023-08-10	年次	当期	単体	実績		営業利益の増減率	ChangeInOperatingIncome	0.094	Pure	9.4	CurrentYearDuration_NonConsolidatedMember_ResultMember	/disc/73200/081220230810540020_tse-acedjpsm-73200-20230810373200-ixbrl.htm
2023-08-10	年次	当期	単体	実績		経常利益	OrdinaryIncome	958000000	JPY	958	CurrentYearDuration_NonConsolidatedMember_ResultMember	/disc/73200/081220230810540020_tse-acedjpsm-73200-20230810373200-ixbrl.htm
2023-08-10	年次	当期	単体	実績		経常利益の増減率	ChangeInOrdinaryIncome	0.198	Pure	19.8	CurrentYearDuration_NonConsolidatedMember_ResultMember	/disc/73200/081220230810540020_tse-acedjpsm-73200-20230810373200-ixbrl.htm
2023-08-10	年次	当期	単体	実績		当期純利益	NetIncome	704000000	JPY	704	CurrentYearDuration_NonConsolidatedMember_ResultMember	/disc/73200/081220230810540020_tse-acedjpsm-73200-20230810373200-ixbrl.htm
2023-08-10	年次	当期	単体	実績		当期純利益の増減率	ChangeInNetIncome	0.232	Pure	23.2	CurrentYearDuration_NonConsolidatedMember_ResultMember	/disc/73200/081220230810540020_tse-acedjpsm-73200-20230810373200-ixbrl.htm
2023-08-10	年次	前期	単体	実績		売上高	NetSales	3175000000	JPY	3,175	PriorYearDuration_NonConsolidatedMember_ResultMember	/disc/73200/081220230810540020_tse-acedjpsm-73200-20230810373200-ixbrl.htm
2023-08-10	年次	前期	単体	実績		売上高の増減率	ChangeInNetSales	0.322	Pure	32.2	PriorYearDuration_NonConsolidatedMember_ResultMember	/disc/73200/081220230810540020_tse-acedjpsm-73200-20230810373200-ixbrl.htm
2023-08-10	年次	前期	単体	実績		営業利益	OperatingIncome	687000000	JPY	687	PriorYearDuration_NonConsolidatedMember_ResultMember	/disc/73200/081220230810540020_tse-acedjpsm-73200-20230810373200-ixbrl.htm
2023-08-10	年次	前期	単体	実績		営業利益の増減率	ChangeInOperatingIncome	0.786	Pure	78.6	PriorYearDuration_NonConsolidatedMember_ResultMember	/disc/73200/081220230810540020_tse-acedjpsm-73200-20230810373200-ixbrl.htm
2023-08-10	年次	前期	単体	実績		経常利益	OrdinaryIncome	800000000	JPY	800	PriorYearDuration_NonConsolidatedMember_ResultMember	/disc/73200/081220230810540020_tse-acedjpsm-73200-20230810373200-ixbrl.htm
2023-08-10	年次	前期	単体	実績		経常利益の増減率	ChangeInOrdinaryIncome	0.702	Pure	70.2	PriorYearDuration_NonConsolidatedMember_ResultMember	/disc/73200/081220230810540020_tse-acedjpsm-73200-20230810373200-ixbrl.htm
2023-08-10	年次	前期	単体	実績		当期純利益	NetIncome	571000000	JPY	571	PriorYearDuration_NonConsolidatedMember_ResultMember	/disc/73200/081220230810540020_tse-acedjpsm-73200-20230810373200-ixbrl.htm
2023-08-10	年次	前期	単体	実績		当期純利益の増減率	ChangeInNetIncome	1.038	Pure	103.8	PriorYearDuration_NonConsolidatedMember_ResultMember	/disc/73200/081220230810540020_tse-acedjpsm-73200-20230810373200-ixbrl.htm
2023-08-10	年次	当期	単体	実績		1株当たり当期純利益	NetIncomePerShare	140.36	JPYPerShares	140.36	CurrentYearDuration_NonConsolidatedMember_ResultMember	/disc/73200/081220230810540020_tse-acedjpsm-73200-20230810373200-ixbrl.htm
2023-08-10	年次	当期	単体	実績		潜在株式調整後1株当たり当期純利益	DilutedNetIncomePerShare	140.35	JPYPerShares	140.35	CurrentYearDuration_NonConsolidatedMember_ResultMember	/disc/73200/081220230810540020_tse-acedjpsm-73200-20230810373200-ixbrl.htm
2023-08-10	年次	前期	単体	実績		1株当たり当期純利益	NetIncomePerShare	114.50	JPYPerShares	114.50	PriorYearDuration_NonConsolidatedMember_ResultMember	/disc/73200/081220230810540020_tse-acedjpsm-73200-20230810373200-ixbrl.htm
2023-08-10	年次	前期	単体	実績		潜在株式調整後1株当たり当期純利益	DilutedNetIncomePerShare	113.16	JPYPerShares	113.16	PriorYearDuration_NonConsolidatedMember_ResultMember	/disc/73200/081220230810540020_tse-acedjpsm-73200-20230810373200-ixbrl.htm
2023-08-10	年次	当期	単体	実績		総資産	TotalAssets	18300000000	JPY	18,300	CurrentYearInstant_NonConsolidatedMember_ResultMember	/disc/73200/081220230810540020_tse-acedjpsm-73200-20230810373200-ixbrl.htm
2023-08-10	年次	当期	単体	実績		純資産	NetAssets	1838000000	JPY	1,838	CurrentYearInstant_NonConsolidatedMember_ResultMember	/disc/73200/081220230810540020_tse-acedjpsm-73200-20230810373200-ixbrl.htm
2023-08-10	年次	当期	単体	実績		自己資本比率	CapitalAdequacyRatio	0.100	Pure	10.0	CurrentYearInstant_NonConsolidatedMember_ResultMember	/disc/73200/081220230810540020_tse-acedjpsm-73200-20230810373200-ixbrl.htm
2023-08-10	年次	当期	単体	実績		1株当たり純資産	NetAssetsPerShare	366.49	JPYPerShares	366.49	CurrentYearInstant_NonConsolidatedMember_ResultMember	/disc/73200/081220230810540020_tse-acedjpsm-73200-20230810373200-ixbrl.htm
2023-08-10	年次	前期	単体	実績		総資産	TotalAssets	15151000000	JPY	15,151	PriorYearInstant_NonConsolidatedMember_ResultMember	/disc/73200/081220230810540020_tse-acedjpsm-73200-20230810373200-ixbrl.htm
2023-08-10	年次	前期	単体	実績		純資産	NetAssets	1190000000	JPY	1,190	PriorYearInstant_NonConsolidatedMember_ResultMember	/disc/73200/081220230810540020_tse-acedjpsm-73200-20230810373200-ixbrl.htm
2023-08-10	年次	前期	単体	実績		自己資本比率	CapitalAdequacyRatio	0.079	Pure	7.9	PriorYearInstant_NonConsolidatedMember_ResultMember	/disc/73200/081220230810540020_tse-acedjpsm-73200-20230810373200-ixbrl.htm
2023-08-10	年次	前期	単体	実績		1株当たり純資産	NetAssetsPerShare	237.30	JPYPerShares	237.30	PriorYearInstant_NonConsolidatedMember_ResultMember	/disc/73200/081220230810540020_tse-acedjpsm-73200-20230810373200-ixbrl.htm
2023-08-10	年次	当期	単体	実績		自己資本	OwnersEquity	1838000000	JPY	1,838	CurrentYearInstant_NonConsolidatedMember_ResultMember	/disc/73200/081220230810540020_tse-acedjpsm-73200-20230810373200-ixbrl.htm
2023-08-10	年次	前期	単体	実績		自己資本	OwnersEquity	1190000000	JPY	1,190	PriorYearInstant_NonConsolidatedMember_ResultMember	/disc/73200/081220230810540020_tse-acedjpsm-73200-20230810373200-ixbrl.htm
2023-08-10	年次	当期	単体	実績		業績の注記	NoteToFinancialResults			当事業年度では、HomeworthTech事業において、設備保証に次ぐ主力サービスに成長した建物保証を中心に、前期受注分の売上計上が順調に進展したこと及びExtendTech事業において、社会的ニーズの高い再生可能エネルギー関連領域の売上増加により、売上・利益とも前期を大きく上回る結果となりました。	CurrentYearDuration_NonConsolidatedMember_ResultMember	/disc/73200/081220230810540020_tse-acedjpsm-73200-20230810373200-ixbrl.htm
2023-08-10	年次	来期				将来情報の利用に関する注意	NotesForUsingForecastedInformationAndOthers			（将来に関する記述等についてのご注意） 本資料に記載されている業績見通し等の将来に関する記述は、当社が入手している情報及び合理的であると判断する一定の前提に基づいており、その達成を当社として約束する趣旨のものではありません。また、実際の業績等は様々な要因により大きく異なる場合があります。業績予想の前提となる条件及び業績予想のご利用に当たっての注意事項等については、添付資料Ｐ．６「１．経営成績等の概況 （４）今後の見通し」をご覧ください。&#160;（決算補足説明資料及び決算説明会内容の入手方法） 当社は2023年８月10日（木）に録画配信での決算説明会を開催する予定です。 当日使用する決算説明会資料は、当社ウェブサイトに掲載いたします。	NextYearDuration	/disc/73200/081220230810540020_tse-acedjpsm-73200-20230810373200-ixbrl.htm
2023-08-10	年次	当期				決算期末	FiscalYearEnd			2023-06-30	CurrentYearInstant	/disc/73200/081220230810540020_tse-acedjpsm-73200-20230810373200-ixbrl.htm
2023-11-10	四半期	当期第1四半期累計				書類名	DocumentName			第１四半期決算短信〔日本基準〕（連結）	CurrentAccumulatedQ1Instant	/disc/73200/081220231110585269_tse-qcedjpsm-73200-20231110373200-ixbrl.htm
2023-11-10	四半期	当期第1四半期累計				提出日	FilingDate			2023年11月10日	CurrentAccumulatedQ1Instant	/disc/73200/081220231110585269_tse-qcedjpsm-73200-20231110373200-ixbrl.htm
2023-11-10	四半期	当期第1四半期累計				会社名	CompanyName			日本リビング保証株式会社	CurrentAccumulatedQ1Instant	/disc/73200/081220231110585269_tse-qcedjpsm-73200-20231110373200-ixbrl.htm
2023-11-10	四半期	当期第1四半期累計					TokyoStockExchange			東	CurrentAccumulatedQ1Instant	/disc/73200/081220231110585269_tse-qcedjpsm-73200-20231110373200-ixbrl.htm
2023-11-10	四半期	当期第1四半期累計				証券コード	SecuritiesCode			7320	CurrentAccumulatedQ1Instant	/disc/73200/081220231110585269_tse-qcedjpsm-73200-20231110373200-ixbrl.htm
2023-11-10	四半期	当期第1四半期累計				URL	URL			https://jlw.jp	CurrentAccumulatedQ1Instant	/disc/73200/081220231110585269_tse-qcedjpsm-73200-20231110373200-ixbrl.htm
2023-11-10	四半期	当期第1四半期累計				代表者の役職	TitleRepresentative			代表取締役社長	CurrentAccumulatedQ1Instant	/disc/73200/081220231110585269_tse-qcedjpsm-73200-20231110373200-ixbrl.htm
2023-11-10	四半期	当期第1四半期累計				代表者名	NameRepresentative			安達&#160; 慶高	CurrentAccumulatedQ1Instant	/disc/73200/081220231110585269_tse-qcedjpsm-73200-20231110373200-ixbrl.htm
2023-11-10	四半期	当期第1四半期累計					TitleInquiries			取締役管理本部長	CurrentAccumulatedQ1Instant	/disc/73200/081220231110585269_tse-qcedjpsm-73200-20231110373200-ixbrl.htm
2023-11-10	四半期	当期第1四半期累計					NameInquiries			吉川&#160; 淳史	CurrentAccumulatedQ1Instant	/disc/73200/081220231110585269_tse-qcedjpsm-73200-20231110373200-ixbrl.htm
2023-11-10	四半期	当期第1四半期累計					Tel			03-6276-0401	CurrentAccumulatedQ1Instant	/disc/73200/081220231110585269_tse-qcedjpsm-73200-20231110373200-ixbrl.htm
2023-11-10	四半期	当期第1四半期累計					QuarterlyStatementFilingDateAsPlanned			2023年11月10日	CurrentAccumulatedQ1Instant	/disc/73200/081220231110585269_tse-qcedjpsm-73200-20231110373200-ixbrl.htm
2023-11-10	四半期	当期第1四半期累計					SupplementalMaterialOfQuarterlyResults			有	CurrentAccumulatedQ1Instant	/disc/73200/081220231110585269_tse-qcedjpsm-73200-20231110373200-ixbrl.htm
2023-11-10	四半期	当期第1四半期累計					ConveningBriefingOfQuarterlyResults			無	CurrentAccumulatedQ1Instant	/disc/73200/081220231110585269_tse-qcedjpsm-73200-20231110373200-ixbrl.htm
2023-11-10	四半期	当期第1四半期累計					NoteToFractionProcessingMethod			（百万円未満切捨て）	CurrentAccumulatedQ1Instant	/disc/73200/081220231110585269_tse-qcedjpsm-73200-20231110373200-ixbrl.htm
2023-11-10	四半期	当期第1四半期累計	連結	実績		売上高	NetSales	1108000000	JPY	1,108	CurrentAccumulatedQ1Duration_ConsolidatedMember_ResultMember	/disc/73200/081220231110585269_tse-qcedjpsm-73200-20231110373200-ixbrl.htm
2023-11-10	四半期	当期第1四半期累計	連結	実績		売上高の増減率	ChangeInNetSales	0.327	Pure	32.7	CurrentAccumulatedQ1Duration_ConsolidatedMember_ResultMember	/disc/73200/081220231110585269_tse-qcedjpsm-73200-20231110373200-ixbrl.htm
2023-11-10	四半期	当期第1四半期累計	連結	実績		営業利益	OperatingIncome	261000000	JPY	261	CurrentAccumulatedQ1Duration_ConsolidatedMember_ResultMember	/disc/73200/081220231110585269_tse-qcedjpsm-73200-20231110373200-ixbrl.htm
2023-11-10	四半期	当期第1四半期累計	連結	実績		営業利益の増減率	ChangeInOperatingIncome	0.966	Pure	96.6	CurrentAccumulatedQ1Duration_ConsolidatedMember_ResultMember	/disc/73200/081220231110585269_tse-qcedjpsm-73200-20231110373200-ixbrl.htm
2023-11-10	四半期	当期第1四半期累計	連結	実績		経常利益	OrdinaryIncome	321000000	JPY	321	CurrentAccumulatedQ1Duration_ConsolidatedMember_ResultMember	/disc/73200/081220231110585269_tse-qcedjpsm-73200-20231110373200-ixbrl.htm
2023-11-10	四半期	当期第1四半期累計	連結	実績		経常利益の増減率	ChangeInOrdinaryIncome	0.878	Pure	87.8	CurrentAccumulatedQ1Duration_ConsolidatedMember_ResultMember	/disc/73200/081220231110585269_tse-qcedjpsm-73200-20231110373200-ixbrl.htm
2023-11-10	四半期	当期第1四半期累計	連結	実績		親会社株主に帰属する当期純利益	ProfitAttributableToOwnersOfParent	219000000	JPY	219	CurrentAccumulatedQ1Duration_ConsolidatedMember_ResultMember	/disc/73200/081220231110585269_tse-qcedjpsm-73200-20231110373200-ixbrl.htm
2023-11-10	四半期	当期第1四半期累計	連結	実績		親会社株主に帰属する当期純利益の増減率	ChangeInProfitAttributableToOwnersOfParent	0.830	Pure	83.0	CurrentAccumulatedQ1Duration_ConsolidatedMember_ResultMember	/disc/73200/081220231110585269_tse-qcedjpsm-73200-20231110373200-ixbrl.htm
2023-11-10	四半期	前期第1四半期累計	連結	実績		売上高	NetSales	835000000	JPY	835	PriorAccumulatedQ1Duration_ConsolidatedMember_ResultMember	/disc/73200/081220231110585269_tse-qcedjpsm-73200-20231110373200-ixbrl.htm
2023-11-10	四半期	前期第1四半期累計	連結	実績		売上高の増減率	ChangeInNetSales	-0.068	Pure	6.8	PriorAccumulatedQ1Duration_ConsolidatedMember_ResultMember	/disc/73200/081220231110585269_tse-qcedjpsm-73200-20231110373200-ixbrl.htm
2023-11-10	四半期	前期第1四半期累計	連結	実績		営業利益	OperatingIncome	133000000	JPY	133	PriorAccumulatedQ1Duration_ConsolidatedMember_ResultMember	/disc/73200/081220231110585269_tse-qcedjpsm-73200-20231110373200-ixbrl.htm
2023-11-10	四半期	前期第1四半期累計	連結	実績		営業利益の増減率	ChangeInOperatingIncome	-0.596	Pure	59.6	PriorAccumulatedQ1Duration_ConsolidatedMember_ResultMember	/disc/73200/081220231110585269_tse-qcedjpsm-73200-20231110373200-ixbrl.htm
2023-11-10	四半期	前期第1四半期累計	連結	実績		経常利益	OrdinaryIncome	171000000	JPY	171	PriorAccumulatedQ1Duration_ConsolidatedMember_ResultMember	/disc/73200/081220231110585269_tse-qcedjpsm-73200-20231110373200-ixbrl.htm
2023-11-10	四半期	前期第1四半期累計	連結	実績		経常利益の増減率	ChangeInOrdinaryIncome	-0.511	Pure	51.1	PriorAccumulatedQ1Duration_ConsolidatedMember_ResultMember	/disc/73200/081220231110585269_tse-qcedjpsm-73200-20231110373200-ixbrl.htm
2023-11-10	四半期	前期第1四半期累計	連結	実績		親会社株主に帰属する当期純利益	ProfitAttributableToOwnersOfParent	119000000	JPY	119	PriorAccumulatedQ1Duration_ConsolidatedMember_ResultMember	/disc/73200/081220231110585269_tse-qcedjpsm-73200-20231110373200-ixbrl.htm
2023-11-10	四半期	前期第1四半期累計	連結	実績		親会社株主に帰属する当期純利益の増減率	ChangeInProfitAttributableToOwnersOfParent	-0.497	Pure	49.7	PriorAccumulatedQ1Duration_ConsolidatedMember_ResultMember	/disc/73200/081220231110585269_tse-qcedjpsm-73200-20231110373200-ixbrl.htm
2023-11-10	四半期	当期第1四半期累計	連結	実績		包括利益	ComprehensiveIncome	226000000	JPY	226	CurrentAccumulatedQ1Duration_ConsolidatedMember_ResultMember	/disc/73200/081220231110585269_tse-qcedjpsm-73200-20231110373200-ixbrl.htm
2023-11-10	四半期	当期第1四半期累計	連結	実績		包括利益の増減率	ChangeInComprehensiveIncome	0.795	Pure	79.5	CurrentAccumulatedQ1Duration_ConsolidatedMember_ResultMember	/disc/73200/081220231110585269_tse-qcedjpsm-73200-20231110373200-ixbrl.htm
2023-11-10	四半期	前期第1四半期累計	連結	実績		包括利益	ComprehensiveIncome	126000000	JPY	126	PriorAccumulatedQ1Duration_ConsolidatedMember_ResultMember	/disc/73200/081220231110585269_tse-qcedjpsm-73200-20231110373200-ixbrl.htm
2023-11-10	四半期	前期第1四半期累計	連結	実績		包括利益の増減率	ChangeInComprehensiveIncome	-0.480	Pure	48.0	PriorAccumulatedQ1Duration_ConsolidatedMember_ResultMember	/disc/73200/081220231110585269_tse-qcedjpsm-73200-20231110373200-ixbrl.htm
2023-11-10	四半期	当期第1四半期累計	連結	実績		1株当たり当期純利益	NetIncomePerShare	43.73	JPYPerShares	43.73	CurrentAccumulatedQ1Duration_ConsolidatedMember_ResultMember	/disc/73200/081220231110585269_tse-qcedjpsm-73200-20231110373200-ixbrl.htm
2023-11-10	四半期	当期第1四半期累計	連結	実績		潜在株式調整後1株当たり当期純利益	DilutedNetIncomePerShare	43.72	JPYPerShares	43.72	CurrentAccumulatedQ1Duration_ConsolidatedMember_ResultMember	/disc/73200/081220231110585269_tse-qcedjpsm-73200-20231110373200-ixbrl.htm
2023-11-10	四半期	前期第1四半期累計	連結	実績		1株当たり当期純利益	NetIncomePerShare	23.89	JPYPerShares	23.89	PriorAccumulatedQ1Duration_ConsolidatedMember_ResultMember	/disc/73200/081220231110585269_tse-qcedjpsm-73200-20231110373200-ixbrl.htm
2023-11-10	四半期	前期第1四半期累計	連結	実績		潜在株式調整後1株当たり当期純利益	DilutedNetIncomePerShare	23.89	JPYPerShares	23.89	PriorAccumulatedQ1Duration_ConsolidatedMember_ResultMember	/disc/73200/081220231110585269_tse-qcedjpsm-73200-20231110373200-ixbrl.htm
2023-11-10	四半期	当期第1四半期累計	連結	実績		総資産	TotalAssets	20679000000	JPY	20,679	CurrentAccumulatedQ1Instant_ConsolidatedMember_ResultMember	/disc/73200/081220231110585269_tse-qcedjpsm-73200-20231110373200-ixbrl.htm
2023-11-10	四半期	当期第1四半期累計	連結	実績		純資産	NetAssets	2122000000	JPY	2,122	CurrentAccumulatedQ1Instant_ConsolidatedMember_ResultMember	/disc/73200/081220231110585269_tse-qcedjpsm-73200-20231110373200-ixbrl.htm
2023-11-10	四半期	当期第1四半期累計	連結	実績		自己資本比率	CapitalAdequacyRatio	0.103	Pure	10.3	CurrentAccumulatedQ1Instant_ConsolidatedMember_ResultMember	/disc/73200/081220231110585269_tse-qcedjpsm-73200-20231110373200-ixbrl.htm
2023-11-10	四半期	前期	連結	実績		総資産	TotalAssets	20103000000	JPY	20,103	PriorYearInstant_ConsolidatedMember_ResultMember	/disc/73200/081220231110585269_tse-qcedjpsm-73200-20231110373200-ixbrl.htm
2023-11-10	四半期	前期	連結	実績		純資産	NetAssets	1946000000	JPY	1,946	PriorYearInstant_ConsolidatedMember_ResultMember	/disc/73200/081220231110585269_tse-qcedjpsm-73200-20231110373200-ixbrl.htm
2023-11-10	四半期	前期	連結	実績		自己資本比率	CapitalAdequacyRatio	0.097	Pure	9.7	PriorYearInstant_ConsolidatedMember_ResultMember	/disc/73200/081220231110585269_tse-qcedjpsm-73200-20231110373200-ixbrl.htm
2023-11-10	四半期	当期第1四半期累計	連結	実績		自己資本	OwnersEquity	2122000000	JPY	2,122	CurrentAccumulatedQ1Instant_ConsolidatedMember_ResultMember	/disc/73200/081220231110585269_tse-qcedjpsm-73200-20231110373200-ixbrl.htm
2023-11-10	四半期	前期	連結	実績		自己資本	OwnersEquity	1946000000	JPY	1,946	PriorYearInstant_ConsolidatedMember_ResultMember	/disc/73200/081220231110585269_tse-qcedjpsm-73200-20231110373200-ixbrl.htm
2023-11-10	四半期	前期	単体	実績	第2四半期末	1株当たり配当金	DividendPerShare	0.00	JPYPerShares	0.00	PriorYearDuration_SecondQuarterMember_NonConsolidatedMember_ResultMember	/disc/73200/081220231110585269_tse-qcedjpsm-73200-20231110373200-ixbrl.htm
2023-11-10	四半期	前期	単体	実績	期末	1株当たり配当金	DividendPerShare	10.00	JPYPerShares	10.00	PriorYearDuration_YearEndMember_NonConsolidatedMember_ResultMember	/disc/73200/081220231110585269_tse-qcedjpsm-73200-20231110373200-ixbrl.htm
2023-11-10	四半期	前期	単体	実績	合計	1株当たり配当金	DividendPerShare	10.00	JPYPerShares	10.00	PriorYearDuration_AnnualMember_NonConsolidatedMember_ResultMember	/disc/73200/081220231110585269_tse-qcedjpsm-73200-20231110373200-ixbrl.htm
2023-11-10	四半期	当期	単体	予想	第2四半期末	1株当たり配当金	DividendPerShare	0.00	JPYPerShares	0.00	CurrentYearDuration_SecondQuarterMember_NonConsolidatedMember_ForecastMember	/disc/73200/081220231110585269_tse-qcedjpsm-73200-20231110373200-ixbrl.htm
2023-11-10	四半期	当期	単体	予想	期末	1株当たり配当金	DividendPerShare	10.00	JPYPerShares	10.00	CurrentYearDuration_YearEndMember_NonConsolidatedMember_ForecastMember	/disc/73200/081220231110585269_tse-qcedjpsm-73200-20231110373200-ixbrl.htm
2023-11-10	四半期	当期	単体	予想	合計	1株当たり配当金	DividendPerShare	10.00	JPYPerShares	10.00	CurrentYearDuration_AnnualMember_NonConsolidatedMember_ForecastMember	/disc/73200/081220231110585269_tse-qcedjpsm-73200-20231110373200-ixbrl.htm
2023-11-10	四半期	当期	単体	実績	合計	当四半期における配当予想の修正	CorrectionOfDividendForecastInThisQuarter			無	CurrentYearDuration_AnnualMember_NonConsolidatedMember_ResultMember	/disc/73200/081220231110585269_tse-qcedjpsm-73200-20231110373200-ixbrl.htm
2023-11-10	四半期	当期	連結	予想		業績予想の見出し	TitleForForecasts			３．2024年６月期の連結業績予想（2023年７月１日～2024年６月30日）	CurrentYearDuration_ConsolidatedMember_ForecastMember	/disc/73200/081220231110585269_tse-qcedjpsm-73200-20231110373200-ixbrl.htm
2023-11-10	四半期	当期第2四半期累計	連結	予想		売上高	NetSales	2190000000	JPY	2,190	CurrentAccumulatedQ2Duration_ConsolidatedMember_ForecastMember	/disc/73200/081220231110585269_tse-qcedjpsm-73200-20231110373200-ixbrl.htm
2023-11-10	四半期	当期第2四半期累計	連結	予想		売上高の増減率	ChangeInNetSales	0.255	Pure	25.5	CurrentAccumulatedQ2Duration_ConsolidatedMember_ForecastMember	/disc/73200/081220231110585269_tse-qcedjpsm-73200-20231110373200-ixbrl.htm
2023-11-10	四半期	当期第2四半期累計	連結	予想		営業利益	OperatingIncome	390000000	JPY	390	CurrentAccumulatedQ2Duration_ConsolidatedMember_ForecastMember	/disc/73200/081220231110585269_tse-qcedjpsm-73200-20231110373200-ixbrl.htm
2023-11-10	四半期	当期第2四半期累計	連結	予想		営業利益の増減率	ChangeInOperatingIncome	0.182	Pure	18.2	CurrentAccumulatedQ2Duration_ConsolidatedMember_ForecastMember	/disc/73200/081220231110585269_tse-qcedjpsm-73200-20231110373200-ixbrl.htm
2023-11-10	四半期	当期第2四半期累計	連結	予想		経常利益	OrdinaryIncome	490000000	JPY	490	CurrentAccumulatedQ2Duration_ConsolidatedMember_ForecastMember	/disc/73200/081220231110585269_tse-qcedjpsm-73200-20231110373200-ixbrl.htm
2023-11-10	四半期	当期第2四半期累計	連結	予想		経常利益の増減率	ChangeInOrdinaryIncome	0.216	Pure	21.6	CurrentAccumulatedQ2Duration_ConsolidatedMember_ForecastMember	/disc/73200/081220231110585269_tse-qcedjpsm-73200-20231110373200-ixbrl.htm
2023-11-10	四半期	当期第2四半期累計	連結	予想		親会社株主に帰属する当期純利益	ProfitAttributableToOwnersOfParent	314000000	JPY	314	CurrentAccumulatedQ2Duration_ConsolidatedMember_ForecastMember	/disc/73200/081220231110585269_tse-qcedjpsm-73200-20231110373200-ixbrl.htm
2023-11-10	四半期	当期第2四半期累計	連結	予想		親会社株主に帰属する当期純利益の増減率	ChangeInProfitAttributableToOwnersOfParent	0.135	Pure	13.5	CurrentAccumulatedQ2Duration_ConsolidatedMember_ForecastMember	/disc/73200/081220231110585269_tse-qcedjpsm-73200-20231110373200-ixbrl.htm
2023-11-10	四半期	当期第2四半期累計	連結	予想		1株当たり当期純利益	NetIncomePerShare	62.58	JPYPerShares	62.58	CurrentAccumulatedQ2Duration_ConsolidatedMember_ForecastMember	/disc/73200/081220231110585269_tse-qcedjpsm-73200-20231110373200-ixbrl.htm
2023-11-10	四半期	当期	連結	予想		売上高	NetSales	4820000000	JPY	4,820	CurrentYearDuration_ConsolidatedMember_ForecastMember	/disc/73200/081220231110585269_tse-qcedjpsm-73200-20231110373200-ixbrl.htm
2023-11-10	四半期	当期	連結	予想		売上高の増減率	ChangeInNetSales	0.230	Pure	23.0	CurrentYearDuration_ConsolidatedMember_ForecastMember	/disc/73200/081220231110585269_tse-qcedjpsm-73200-20231110373200-ixbrl.htm
2023-11-10	四半期	当期	連結	予想		営業利益	OperatingIncome	840000000	JPY	840	CurrentYearDuration_ConsolidatedMember_ForecastMember	/disc/73200/081220231110585269_tse-qcedjpsm-73200-20231110373200-ixbrl.htm
2023-11-10	四半期	当期	連結	予想		営業利益の増減率	ChangeInOperatingIncome	0.133	Pure	13.3	CurrentYearDuration_ConsolidatedMember_ForecastMember	/disc/73200/081220231110585269_tse-qcedjpsm-73200-20231110373200-ixbrl.htm
2023-11-10	四半期	当期	連結	予想		経常利益	OrdinaryIncome	1060000000	JPY	1,060	CurrentYearDuration_ConsolidatedMember_ForecastMember	/disc/73200/081220231110585269_tse-qcedjpsm-73200-20231110373200-ixbrl.htm
2023-11-10	四半期	当期	連結	予想		経常利益の増減率	ChangeInOrdinaryIncome	0.038	Pure	3.8	CurrentYearDuration_ConsolidatedMember_ForecastMember	/disc/73200/081220231110585269_tse-qcedjpsm-73200-20231110373200-ixbrl.htm
2023-11-10	四半期	当期	連結	予想		親会社株主に帰属する当期純利益	ProfitAttributableToOwnersOfParent	779000000	JPY	779	CurrentYearDuration_ConsolidatedMember_ForecastMember	/disc/73200/081220231110585269_tse-qcedjpsm-73200-20231110373200-ixbrl.htm
2023-11-10	四半期	当期	連結	予想		親会社株主に帰属する当期純利益の増減率	ChangeInProfitAttributableToOwnersOfParent	0.037	Pure	3.7	CurrentYearDuration_ConsolidatedMember_ForecastMember	/disc/73200/081220231110585269_tse-qcedjpsm-73200-20231110373200-ixbrl.htm
2023-11-10	四半期	当期	連結	予想		1株当たり当期純利益	NetIncomePerShare	155.27	JPYPerShares	155.27	CurrentYearDuration_ConsolidatedMember_ForecastMember	/disc/73200/081220231110585269_tse-qcedjpsm-73200-20231110373200-ixbrl.htm
2023-11-10	四半期	当期	連結	予想		当四半期における業績予想の修正	CorrectionOfConsolidatedFinancialForecastInThisQuarter			有	CurrentYearDuration_ConsolidatedMember_ForecastMember	/disc/73200/081220231110585269_tse-qcedjpsm-73200-20231110373200-ixbrl.htm
2023-11-10	四半期	当期第1四半期累計	連結	実績			MaterialChangesInSubsidiariesDuringThisPeriodChangesInScopeOfConsolidationsResultingFromChangeIsSubsidiaries			無	CurrentAccumulatedQ1Duration_ConsolidatedMember_ResultMember	/disc/73200/081220231110585269_tse-qcedjpsm-73200-20231110373200-ixbrl.htm
2023-11-10	四半期	当期第1四半期累計	連結	実績			ApplyingOfSpecificAccountingOfTheConsolidatedQuarterlyFinancialStatements			有	CurrentAccumulatedQ1Duration_ConsolidatedMember_ResultMember	/disc/73200/081220231110585269_tse-qcedjpsm-73200-20231110373200-ixbrl.htm
2023-11-10	四半期	当期第1四半期累計	連結	実績			NoteToApplyingOfSpecificAccountingOfTheConsolidatedQuarterlyFinancialStatements			（注）詳細は、添付資料Ｐ．８「２．四半期連結財務諸表及び主な注記 （３）四半期連結財務諸表に関する注記事項（四半期連結財務諸表の作成に特有の会計処理の適用）」をご覧ください。	CurrentAccumulatedQ1Duration_ConsolidatedMember_ResultMember	/disc/73200/081220231110585269_tse-qcedjpsm-73200-20231110373200-ixbrl.htm
2023-11-10	四半期	当期第1四半期累計	連結	実績		会計基準等の改正に伴う変更	ChangesBasedOnRevisionsOfAccountingStandard			有	CurrentAccumulatedQ1Duration_ConsolidatedMember_ResultMember	/disc/73200/081220231110585269_tse-qcedjpsm-73200-20231110373200-ixbrl.htm
2023-11-10	四半期	当期第1四半期累計	連結	実績		それ以外の会計方針の変更	ChangesOtherThanOnesBasedOnRevisionsOfAccountingStandard			無	CurrentAccumulatedQ1Duration_ConsolidatedMember_ResultMember	/disc/73200/081220231110585269_tse-qcedjpsm-73200-20231110373200-ixbrl.htm
2023-11-10	四半期	当期第1四半期累計	連結	実績		会計上の見積りの変更	ChangesInAccountingEstimates			無	CurrentAccumulatedQ1Duration_ConsolidatedMember_ResultMember	/disc/73200/081220231110585269_tse-qcedjpsm-73200-20231110373200-ixbrl.htm
2023-11-10	四半期	当期第1四半期累計	連結	実績		修正再表示	RetrospectiveRestatement			無	CurrentAccumulatedQ1Duration_ConsolidatedMember_ResultMember	/disc/73200/081220231110585269_tse-qcedjpsm-73200-20231110373200-ixbrl.htm
2023-11-10	四半期	当期第1四半期累計	連結	実績			NoteToChangesInAccountingPoliciesAccountingEstimatesAndRetrospectiveRestatementQuarterlyConsolidated			（注）詳細は、添付資料Ｐ．８「２．四半期連結財務諸表及び主な注記 （３）四半期連結財務諸表に関する注記事項（会計方針の変更）」をご覧ください。	CurrentAccumulatedQ1Duration_ConsolidatedMember_ResultMember	/disc/73200/081220231110585269_tse-qcedjpsm-73200-20231110373200-ixbrl.htm
2023-11-10	四半期	当期第1四半期累計	単体	実績		期末発行済株式数(自己株式を含む)	NumberOfIssuedAndOutstandingSharesAtTheEndOfFiscalYearIncludingTreasuryStock	5118300	Shares	5,118,300	CurrentAccumulatedQ1Instant_NonConsolidatedMember_ResultMember	/disc/73200/081220231110585269_tse-qcedjpsm-73200-20231110373200-ixbrl.htm
2023-11-10	四半期	前期	単体	実績		期末発行済株式数(自己株式を含む)	NumberOfIssuedAndOutstandingSharesAtTheEndOfFiscalYearIncludingTreasuryStock	5118300	Shares	5,118,300	PriorYearInstant_NonConsolidatedMember_ResultMember	/disc/73200/081220231110585269_tse-qcedjpsm-73200-20231110373200-ixbrl.htm
2023-11-10	四半期	当期第1四半期累計	単体	実績		期末自己株式数	NumberOfTreasuryStockAtTheEndOfFiscalYear	101944	Shares	101,944	CurrentAccumulatedQ1Instant_NonConsolidatedMember_ResultMember	/disc/73200/081220231110585269_tse-qcedjpsm-73200-20231110373200-ixbrl.htm
2023-11-10	四半期	前期	単体	実績		期末自己株式数	NumberOfTreasuryStockAtTheEndOfFiscalYear	101944	Shares	101,944	PriorYearInstant_NonConsolidatedMember_ResultMember	/disc/73200/081220231110585269_tse-qcedjpsm-73200-20231110373200-ixbrl.htm
2023-11-10	四半期	当期第1四半期累計	単体	実績		期中平均株式数	AverageNumberOfShares	5016356	Shares	5,016,356	CurrentAccumulatedQ1Duration_NonConsolidatedMember_ResultMember	/disc/73200/081220231110585269_tse-qcedjpsm-73200-20231110373200-ixbrl.htm
2023-11-10	四半期	前期第1四半期累計	単体	実績		期中平均株式数	AverageNumberOfShares	5017622	Shares	5,017,622	PriorAccumulatedQ1Duration_NonConsolidatedMember_ResultMember	/disc/73200/081220231110585269_tse-qcedjpsm-73200-20231110373200-ixbrl.htm
2023-11-10	四半期	当期				将来情報の利用に関する注意	NotesForUsingForecastedInformationAndOthers			（将来に関する記述等についてのご注意） 本資料に記載されている業績見通し等の将来に関する記述は、当社が入手している情報及び合理的であると判断する一定の前提に基づいており、その達成を当社として約束する趣旨のものではありません。また、実際の業績等は様々な要因により大きく異なる場合があります。業績予想の前提となる条件及び業績予想のご利用に当たっての注意事項等については、添付資料Ｐ．４「１．当四半期決算に関する定性的情報 （３）連結業績予想などの将来予測情報に関する説明」をご覧ください。&#160;（四半期決算補足説明資料の入手方法） 四半期決算補足説明資料は、2023年11月10日(金)に当社ウェブサイトに掲載いたします。	CurrentYearDuration	/disc/73200/081220231110585269_tse-qcedjpsm-73200-20231110373200-ixbrl.htm
2023-11-10	四半期	当期				決算期末	FiscalYearEnd			2024-06-30	CurrentYearInstant	/disc/73200/081220231110585269_tse-qcedjpsm-73200-20231110373200-ixbrl.htm
2023-11-10	四半期	当期第1四半期累計				四半期	QuarterlyPeriod	1	Pure	1	CurrentAccumulatedQ1Instant	/disc/73200/081220231110585269_tse-qcedjpsm-73200-20231110373200-ixbrl.htm
2024-02-09	四半期	当期第2四半期累計				書類名	DocumentName			第２四半期決算短信〔日本基準〕（連結）	CurrentAccumulatedQ2Instant	/disc/73200/081220240209531197_tse-qcedjpsm-73200-20240209373200-ixbrl.htm
2024-02-09	四半期	当期第2四半期累計				提出日	FilingDate			2024年２月９日	CurrentAccumulatedQ2Instant	/disc/73200/081220240209531197_tse-qcedjpsm-73200-20240209373200-ixbrl.htm
2024-02-09	四半期	当期第2四半期累計				会社名	CompanyName			日本リビング保証株式会社	CurrentAccumulatedQ2Instant	/disc/73200/081220240209531197_tse-qcedjpsm-73200-20240209373200-ixbrl.htm
2024-02-09	四半期	当期第2四半期累計					TokyoStockExchange			東	CurrentAccumulatedQ2Instant	/disc/73200/081220240209531197_tse-qcedjpsm-73200-20240209373200-ixbrl.htm
2024-02-09	四半期	当期第2四半期累計				証券コード	SecuritiesCode			7320	CurrentAccumulatedQ2Instant	/disc/73200/081220240209531197_tse-qcedjpsm-73200-20240209373200-ixbrl.htm
2024-02-09	四半期	当期第2四半期累計				URL	URL			https://jlw.jp	CurrentAccumulatedQ2Instant	/disc/73200/081220240209531197_tse-qcedjpsm-73200-20240209373200-ixbrl.htm
2024-02-09	四半期	当期第2四半期累計				代表者の役職	TitleRepresentative			代表取締役社長	CurrentAccumulatedQ2Instant	/disc/73200/081220240209531197_tse-qcedjpsm-73200-20240209373200-ixbrl.htm
2024-02-09	四半期	当期第2四半期累計				代表者名	NameRepresentative			安達 慶高	CurrentAccumulatedQ2Instant	/disc/73200/081220240209531197_tse-qcedjpsm-73200-20240209373200-ixbrl.htm
2024-02-09	四半期	当期第2四半期累計					TitleInquiries			取締役管理本部長	CurrentAccumulatedQ2Instant	/disc/73200/081220240209531197_tse-qcedjpsm-73200-20240209373200-ixbrl.htm
2024-02-09	四半期	当期第2四半期累計					NameInquiries			吉川 淳史	CurrentAccumulatedQ2Instant	/disc/73200/081220240209531197_tse-qcedjpsm-73200-20240209373200-ixbrl.htm
2024-02-09	四半期	当期第2四半期累計					Tel			03-6276-0401	CurrentAccumulatedQ2Instant	/disc/73200/081220240209531197_tse-qcedjpsm-73200-20240209373200-ixbrl.htm
2024-02-09	四半期	当期第2四半期累計					QuarterlyStatementFilingDateAsPlanned			2024年２月９日	CurrentAccumulatedQ2Instant	/disc/73200/081220240209531197_tse-qcedjpsm-73200-20240209373200-ixbrl.htm
2024-02-09	四半期	当期第2四半期累計					SupplementalMaterialOfQuarterlyResults			有	CurrentAccumulatedQ2Instant	/disc/73200/081220240209531197_tse-qcedjpsm-73200-20240209373200-ixbrl.htm
2024-02-09	四半期	当期第2四半期累計					ConveningBriefingOfQuarterlyResults			有	CurrentAccumulatedQ2Instant	/disc/73200/081220240209531197_tse-qcedjpsm-73200-20240209373200-ixbrl.htm
2024-02-09	四半期	当期第2四半期累計					TargetForBriefingOfQuarterlyResults			（録画配信のみ）	CurrentAccumulatedQ2Instant	/disc/73200/081220240209531197_tse-qcedjpsm-73200-20240209373200-ixbrl.htm
2024-02-09	四半期	当期第2四半期累計					NoteToFractionProcessingMethod			（百万円未満切捨て）	CurrentAccumulatedQ2Instant	/disc/73200/081220240209531197_tse-qcedjpsm-73200-20240209373200-ixbrl.htm
2024-02-09	四半期	当期第2四半期累計	連結	実績		売上高	NetSales	2295000000	JPY	2,295	CurrentAccumulatedQ2Duration_ConsolidatedMember_ResultMember	/disc/73200/081220240209531197_tse-qcedjpsm-73200-20240209373200-ixbrl.htm
2024-02-09	四半期	当期第2四半期累計	連結	実績		売上高の増減率	ChangeInNetSales	0.316	Pure	31.6	CurrentAccumulatedQ2Duration_ConsolidatedMember_ResultMember	/disc/73200/081220240209531197_tse-qcedjpsm-73200-20240209373200-ixbrl.htm
2024-02-09	四半期	当期第2四半期累計	連結	実績		営業利益	OperatingIncome	537000000	JPY	537	CurrentAccumulatedQ2Duration_ConsolidatedMember_ResultMember	/disc/73200/081220240209531197_tse-qcedjpsm-73200-20240209373200-ixbrl.htm
2024-02-09	四半期	当期第2四半期累計	連結	実績		営業利益の増減率	ChangeInOperatingIncome	0.628	Pure	62.8	CurrentAccumulatedQ2Duration_ConsolidatedMember_ResultMember	/disc/73200/081220240209531197_tse-qcedjpsm-73200-20240209373200-ixbrl.htm
2024-02-09	四半期	当期第2四半期累計	連結	実績		経常利益	OrdinaryIncome	651000000	JPY	651	CurrentAccumulatedQ2Duration_ConsolidatedMember_ResultMember	/disc/73200/081220240209531197_tse-qcedjpsm-73200-20240209373200-ixbrl.htm
2024-02-09	四半期	当期第2四半期累計	連結	実績		経常利益の増減率	ChangeInOrdinaryIncome	0.618	Pure	61.8	CurrentAccumulatedQ2Duration_ConsolidatedMember_ResultMember	/disc/73200/081220240209531197_tse-qcedjpsm-73200-20240209373200-ixbrl.htm
2024-02-09	四半期	当期第2四半期累計	連結	実績		親会社株主に帰属する当期純利益	ProfitAttributableToOwnersOfParent	444000000	JPY	444	CurrentAccumulatedQ2Duration_ConsolidatedMember_ResultMember	/disc/73200/081220240209531197_tse-qcedjpsm-73200-20240209373200-ixbrl.htm
2024-02-09	四半期	当期第2四半期累計	連結	実績		親会社株主に帰属する当期純利益の増減率	ChangeInProfitAttributableToOwnersOfParent	0.607	Pure	60.7	CurrentAccumulatedQ2Duration_ConsolidatedMember_ResultMember	/disc/73200/081220240209531197_tse-qcedjpsm-73200-20240209373200-ixbrl.htm
2024-02-09	四半期	前期第2四半期累計	連結	実績		売上高	NetSales	1744000000	JPY	1,744	PriorAccumulatedQ2Duration_ConsolidatedMember_ResultMember	/disc/73200/081220240209531197_tse-qcedjpsm-73200-20240209373200-ixbrl.htm
2024-02-09	四半期	前期第2四半期累計	連結	実績		売上高の増減率	ChangeInNetSales	0.084	Pure	8.4	PriorAccumulatedQ2Duration_ConsolidatedMember_ResultMember	/disc/73200/081220240209531197_tse-qcedjpsm-73200-20240209373200-ixbrl.htm
2024-02-09	四半期	前期第2四半期累計	連結	実績		営業利益	OperatingIncome	330000000	JPY	330	PriorAccumulatedQ2Duration_ConsolidatedMember_ResultMember	/disc/73200/081220240209531197_tse-qcedjpsm-73200-20240209373200-ixbrl.htm
2024-02-09	四半期	前期第2四半期累計	連結	実績		営業利益の増減率	ChangeInOperatingIncome	-0.294	Pure	29.4	PriorAccumulatedQ2Duration_ConsolidatedMember_ResultMember	/disc/73200/081220240209531197_tse-qcedjpsm-73200-20240209373200-ixbrl.htm
2024-02-09	四半期	前期第2四半期累計	連結	実績		経常利益	OrdinaryIncome	402000000	JPY	402	PriorAccumulatedQ2Duration_ConsolidatedMember_ResultMember	/disc/73200/081220240209531197_tse-qcedjpsm-73200-20240209373200-ixbrl.htm
2024-02-09	四半期	前期第2四半期累計	連結	実績		経常利益の増減率	ChangeInOrdinaryIncome	-0.232	Pure	23.2	PriorAccumulatedQ2Duration_ConsolidatedMember_ResultMember	/disc/73200/081220240209531197_tse-qcedjpsm-73200-20240209373200-ixbrl.htm
2024-02-09	四半期	前期第2四半期累計	連結	実績		親会社株主に帰属する当期純利益	ProfitAttributableToOwnersOfParent	276000000	JPY	276	PriorAccumulatedQ2Duration_ConsolidatedMember_ResultMember	/disc/73200/081220240209531197_tse-qcedjpsm-73200-20240209373200-ixbrl.htm
2024-02-09	四半期	前期第2四半期累計	連結	実績		親会社株主に帰属する当期純利益の増減率	ChangeInProfitAttributableToOwnersOfParent	-0.222	Pure	22.2	PriorAccumulatedQ2Duration_ConsolidatedMember_ResultMember	/disc/73200/081220240209531197_tse-qcedjpsm-73200-20240209373200-ixbrl.htm
2024-02-09	四半期	当期第2四半期累計	連結	実績		包括利益	ComprehensiveIncome	412000000	JPY	412	CurrentAccumulatedQ2Duration_ConsolidatedMember_ResultMember	/disc/73200/081220240209531197_tse-qcedjpsm-73200-20240209373200-ixbrl.htm
2024-02-09	四半期	当期第2四半期累計	連結	実績		包括利益の増減率	ChangeInComprehensiveIncome	0.592	Pure	59.2	CurrentAccumulatedQ2Duration_ConsolidatedMember_ResultMember	/disc/73200/081220240209531197_tse-qcedjpsm-73200-20240209373200-ixbrl.htm
2024-02-09	四半期	前期第2四半期累計	連結	実績		包括利益	ComprehensiveIncome	258000000	JPY	258	PriorAccumulatedQ2Duration_ConsolidatedMember_ResultMember	/disc/73200/081220240209531197_tse-qcedjpsm-73200-20240209373200-ixbrl.htm
2024-02-09	四半期	前期第2四半期累計	連結	実績		包括利益の増減率	ChangeInComprehensiveIncome	-0.318	Pure	31.8	PriorAccumulatedQ2Duration_ConsolidatedMember_ResultMember	/disc/73200/081220240209531197_tse-qcedjpsm-73200-20240209373200-ixbrl.htm
2024-02-09	四半期	当期第2四半期累計	連結	実績		1株当たり当期純利益	NetIncomePerShare	88.61	JPYPerShares	88.61	CurrentAccumulatedQ2Duration_ConsolidatedMember_ResultMember	/disc/73200/081220240209531197_tse-qcedjpsm-73200-20240209373200-ixbrl.htm
2024-02-09	四半期	当期第2四半期累計	連結	実績		潜在株式調整後1株当たり当期純利益	DilutedNetIncomePerShare	88.60	JPYPerShares	88.60	CurrentAccumulatedQ2Duration_ConsolidatedMember_ResultMember	/disc/73200/081220240209531197_tse-qcedjpsm-73200-20240209373200-ixbrl.htm
2024-02-09	四半期	前期第2四半期累計	連結	実績		1株当たり当期純利益	NetIncomePerShare	55.12	JPYPerShares	55.12	PriorAccumulatedQ2Duration_ConsolidatedMember_ResultMember	/disc/73200/081220240209531197_tse-qcedjpsm-73200-20240209373200-ixbrl.htm
2024-02-09	四半期	前期第2四半期累計	連結	実績		潜在株式調整後1株当たり当期純利益	DilutedNetIncomePerShare	55.12	JPYPerShares	55.12	PriorAccumulatedQ2Duration_ConsolidatedMember_ResultMember	/disc/73200/081220240209531197_tse-qcedjpsm-73200-20240209373200-ixbrl.htm
2024-02-09	四半期	当期第2四半期累計	連結	実績		総資産	TotalAssets	21588000000	JPY	21,588	CurrentAccumulatedQ2Instant_ConsolidatedMember_ResultMember	/disc/73200/081220240209531197_tse-qcedjpsm-73200-20240209373200-ixbrl.htm
2024-02-09	四半期	当期第2四半期累計	連結	実績		純資産	NetAssets	2307000000	JPY	2,307	CurrentAccumulatedQ2Instant_ConsolidatedMember_ResultMember	/disc/73200/081220240209531197_tse-qcedjpsm-73200-20240209373200-ixbrl.htm
2024-02-09	四半期	当期第2四半期累計	連結	実績		自己資本比率	CapitalAdequacyRatio	0.107	Pure	10.7	CurrentAccumulatedQ2Instant_ConsolidatedMember_ResultMember	/disc/73200/081220240209531197_tse-qcedjpsm-73200-20240209373200-ixbrl.htm
2024-02-09	四半期	前期	連結	実績		総資産	TotalAssets	20103000000	JPY	20,103	PriorYearInstant_ConsolidatedMember_ResultMember	/disc/73200/081220240209531197_tse-qcedjpsm-73200-20240209373200-ixbrl.htm
2024-02-09	四半期	前期	連結	実績		純資産	NetAssets	1946000000	JPY	1,946	PriorYearInstant_ConsolidatedMember_ResultMember	/disc/73200/081220240209531197_tse-qcedjpsm-73200-20240209373200-ixbrl.htm
2024-02-09	四半期	前期	連結	実績		自己資本比率	CapitalAdequacyRatio	0.097	Pure	9.7	PriorYearInstant_ConsolidatedMember_ResultMember	/disc/73200/081220240209531197_tse-qcedjpsm-73200-20240209373200-ixbrl.htm
2024-02-09	四半期	当期第2四半期累計	連結	実績		自己資本	OwnersEquity	2307000000	JPY	2,307	CurrentAccumulatedQ2Instant_ConsolidatedMember_ResultMember	/disc/73200/081220240209531197_tse-qcedjpsm-73200-20240209373200-ixbrl.htm
2024-02-09	四半期	前期	連結	実績		自己資本	OwnersEquity	1946000000	JPY	1,946	PriorYearInstant_ConsolidatedMember_ResultMember	/disc/73200/081220240209531197_tse-qcedjpsm-73200-20240209373200-ixbrl.htm
2024-02-09	四半期	前期	単体	実績	第2四半期末	1株当たり配当金	DividendPerShare	0.00	JPYPerShares	0.00	PriorYearDuration_SecondQuarterMember_NonConsolidatedMember_ResultMember	/disc/73200/081220240209531197_tse-qcedjpsm-73200-20240209373200-ixbrl.htm
2024-02-09	四半期	前期	単体	実績	期末	1株当たり配当金	DividendPerShare	10.00	JPYPerShares	10.00	PriorYearDuration_YearEndMember_NonConsolidatedMember_ResultMember	/disc/73200/081220240209531197_tse-qcedjpsm-73200-20240209373200-ixbrl.htm
2024-02-09	四半期	前期	単体	実績	合計	1株当たり配当金	DividendPerShare	10.00	JPYPerShares	10.00	PriorYearDuration_AnnualMember_NonConsolidatedMember_ResultMember	/disc/73200/081220240209531197_tse-qcedjpsm-73200-20240209373200-ixbrl.htm
2024-02-09	四半期	当期	単体	実績	第2四半期末	1株当たり配当金	DividendPerShare	0.00	JPYPerShares	0.00	CurrentYearDuration_SecondQuarterMember_NonConsolidatedMember_ResultMember	/disc/73200/081220240209531197_tse-qcedjpsm-73200-20240209373200-ixbrl.htm
2024-02-09	四半期	当期	単体	予想	期末	1株当たり配当金	DividendPerShare	10.00	JPYPerShares	10.00	CurrentYearDuration_YearEndMember_NonConsolidatedMember_ForecastMember	/disc/73200/081220240209531197_tse-qcedjpsm-73200-20240209373200-ixbrl.htm
2024-02-09	四半期	当期	単体	予想	合計	1株当たり配当金	DividendPerShare	10.00	JPYPerShares	10.00	CurrentYearDuration_AnnualMember_NonConsolidatedMember_ForecastMember	/disc/73200/081220240209531197_tse-qcedjpsm-73200-20240209373200-ixbrl.htm
2024-02-09	四半期	当期	単体	実績	合計	当四半期における配当予想の修正	CorrectionOfDividendForecastInThisQuarter			無	CurrentYearDuration_AnnualMember_NonConsolidatedMember_ResultMember	/disc/73200/081220240209531197_tse-qcedjpsm-73200-20240209373200-ixbrl.htm
2024-02-09	四半期	当期	連結	予想		業績予想の見出し	TitleForForecasts			３．2024年６月期の連結業績予想（2023年７月１日～2024年６月30日）	CurrentYearDuration_ConsolidatedMember_ForecastMember	/disc/73200/081220240209531197_tse-qcedjpsm-73200-20240209373200-ixbrl.htm
2024-02-09	四半期	当期	連結	予想		売上高	NetSales	4930000000	JPY	4,930	CurrentYearDuration_ConsolidatedMember_ForecastMember	/disc/73200/081220240209531197_tse-qcedjpsm-73200-20240209373200-ixbrl.htm
2024-02-09	四半期	当期	連結	予想		売上高の増減率	ChangeInNetSales	0.258	Pure	25.8	CurrentYearDuration_ConsolidatedMember_ForecastMember	/disc/73200/081220240209531197_tse-qcedjpsm-73200-20240209373200-ixbrl.htm
2024-02-09	四半期	当期	連結	予想		営業利益	OperatingIncome	1000000000	JPY	1,000	CurrentYearDuration_ConsolidatedMember_ForecastMember	/disc/73200/081220240209531197_tse-qcedjpsm-73200-20240209373200-ixbrl.htm
2024-02-09	四半期	当期	連結	予想		営業利益の増減率	ChangeInOperatingIncome	0.348	Pure	34.8	CurrentYearDuration_ConsolidatedMember_ForecastMember	/disc/73200/081220240209531197_tse-qcedjpsm-73200-20240209373200-ixbrl.htm
2024-02-09	四半期	当期	連結	予想		経常利益	OrdinaryIncome	1220000000	JPY	1,220	CurrentYearDuration_ConsolidatedMember_ForecastMember	/disc/73200/081220240209531197_tse-qcedjpsm-73200-20240209373200-ixbrl.htm
2024-02-09	四半期	当期	連結	予想		経常利益の増減率	ChangeInOrdinaryIncome	0.195	Pure	19.5	CurrentYearDuration_ConsolidatedMember_ForecastMember	/disc/73200/081220240209531197_tse-qcedjpsm-73200-20240209373200-ixbrl.htm
2024-02-09	四半期	当期	連結	予想		親会社株主に帰属する当期純利益	ProfitAttributableToOwnersOfParent	896000000	JPY	896	CurrentYearDuration_ConsolidatedMember_ForecastMember	/disc/73200/081220240209531197_tse-qcedjpsm-73200-20240209373200-ixbrl.htm
2024-02-09	四半期	当期	連結	予想		親会社株主に帰属する当期純利益の増減率	ChangeInProfitAttributableToOwnersOfParent	0.193	Pure	19.3	CurrentYearDuration_ConsolidatedMember_ForecastMember	/disc/73200/081220240209531197_tse-qcedjpsm-73200-20240209373200-ixbrl.htm
2024-02-09	四半期	当期	連結	予想		1株当たり当期純利益	NetIncomePerShare	178.59	JPYPerShares	178.59	CurrentYearDuration_ConsolidatedMember_ForecastMember	/disc/73200/081220240209531197_tse-qcedjpsm-73200-20240209373200-ixbrl.htm
2024-02-09	四半期	当期	連結	予想		当四半期における業績予想の修正	CorrectionOfConsolidatedFinancialForecastInThisQuarter			有	CurrentYearDuration_ConsolidatedMember_ForecastMember	/disc/73200/081220240209531197_tse-qcedjpsm-73200-20240209373200-ixbrl.htm
2024-02-09	四半期	当期第2四半期累計	連結	実績			MaterialChangesInSubsidiariesDuringThisPeriodChangesInScopeOfConsolidationsResultingFromChangeIsSubsidiaries			無	CurrentAccumulatedQ2Duration_ConsolidatedMember_ResultMember	/disc/73200/081220240209531197_tse-qcedjpsm-73200-20240209373200-ixbrl.htm
2024-02-09	四半期	当期第2四半期累計	連結	実績			ApplyingOfSpecificAccountingOfTheConsolidatedQuarterlyFinancialStatements			有	CurrentAccumulatedQ2Duration_ConsolidatedMember_ResultMember	/disc/73200/081220240209531197_tse-qcedjpsm-73200-20240209373200-ixbrl.htm
2024-02-09	四半期	当期第2四半期累計	連結	実績			NoteToApplyingOfSpecificAccountingOfTheConsolidatedQuarterlyFinancialStatements			（注）詳細は、添付資料Ｐ．９「２．四半期連結財務諸表及び主な注記 （４）四半期連結財務諸表に関する注記事項（四半期連結財務諸表の作成に特有の会計処理の適用）」をご覧ください。	CurrentAccumulatedQ2Duration_ConsolidatedMember_ResultMember	/disc/73200/081220240209531197_tse-qcedjpsm-73200-20240209373200-ixbrl.htm
2024-02-09	四半期	当期第2四半期累計	連結	実績		会計基準等の改正に伴う変更	ChangesBasedOnRevisionsOfAccountingStandard			有	CurrentAccumulatedQ2Duration_ConsolidatedMember_ResultMember	/disc/73200/081220240209531197_tse-qcedjpsm-73200-20240209373200-ixbrl.htm
2024-02-09	四半期	当期第2四半期累計	連結	実績		それ以外の会計方針の変更	ChangesOtherThanOnesBasedOnRevisionsOfAccountingStandard			無	CurrentAccumulatedQ2Duration_ConsolidatedMember_ResultMember	/disc/73200/081220240209531197_tse-qcedjpsm-73200-20240209373200-ixbrl.htm
2024-02-09	四半期	当期第2四半期累計	連結	実績		会計上の見積りの変更	ChangesInAccountingEstimates			無	CurrentAccumulatedQ2Duration_ConsolidatedMember_ResultMember	/disc/73200/081220240209531197_tse-qcedjpsm-73200-20240209373200-ixbrl.htm
2024-02-09	四半期	当期第2四半期累計	連結	実績		修正再表示	RetrospectiveRestatement			無	CurrentAccumulatedQ2Duration_ConsolidatedMember_ResultMember	/disc/73200/081220240209531197_tse-qcedjpsm-73200-20240209373200-ixbrl.htm
2024-02-09	四半期	当期第2四半期累計	連結	実績			NoteToChangesInAccountingPoliciesAccountingEstimatesAndRetrospectiveRestatementQuarterlyConsolidated			（注）詳細は、添付資料Ｐ．９「２．四半期連結財務諸表及び主な注記 （４）四半期連結財務諸表に関する注記事項（会計方針の変更）」をご覧ください。	CurrentAccumulatedQ2Duration_ConsolidatedMember_ResultMember	/disc/73200/081220240209531197_tse-qcedjpsm-73200-20240209373200-ixbrl.htm
2024-02-09	四半期	当期第2四半期累計	単体	実績		期末発行済株式数(自己株式を含む)	NumberOfIssuedAndOutstandingSharesAtTheEndOfFiscalYearIncludingTreasuryStock	5118300	Shares	5,118,300	CurrentAccumulatedQ2Instant_NonConsolidatedMember_ResultMember	/disc/73200/081220240209531197_tse-qcedjpsm-73200-20240209373200-ixbrl.htm
2024-02-09	四半期	前期	単体	実績		期末発行済株式数(自己株式を含む)	NumberOfIssuedAndOutstandingSharesAtTheEndOfFiscalYearIncludingTreasuryStock	5118300	Shares	5,118,300	PriorYearInstant_NonConsolidatedMember_ResultMember	/disc/73200/081220240209531197_tse-qcedjpsm-73200-20240209373200-ixbrl.htm
2024-02-09	四半期	当期第2四半期累計	単体	実績		期末自己株式数	NumberOfTreasuryStockAtTheEndOfFiscalYear	101974	Shares	101,974	CurrentAccumulatedQ2Instant_NonConsolidatedMember_ResultMember	/disc/73200/081220240209531197_tse-qcedjpsm-73200-20240209373200-ixbrl.htm
2024-02-09	四半期	前期	単体	実績		期末自己株式数	NumberOfTreasuryStockAtTheEndOfFiscalYear	101944	Shares	101,944	PriorYearInstant_NonConsolidatedMember_ResultMember	/disc/73200/081220240209531197_tse-qcedjpsm-73200-20240209373200-ixbrl.htm
2024-02-09	四半期	当期第2四半期累計	単体	実績		期中平均株式数	AverageNumberOfShares	5016342	Shares	5,016,342	CurrentAccumulatedQ2Duration_NonConsolidatedMember_ResultMember	/disc/73200/081220240209531197_tse-qcedjpsm-73200-20240209373200-ixbrl.htm
2024-02-09	四半期	前期第2四半期累計	単体	実績		期中平均株式数	AverageNumberOfShares	5017243	Shares	5,017,243	PriorAccumulatedQ2Duration_NonConsolidatedMember_ResultMember	/disc/73200/081220240209531197_tse-qcedjpsm-73200-20240209373200-ixbrl.htm
2024-02-09	四半期	当期				将来情報の利用に関する注意	NotesForUsingForecastedInformationAndOthers			（将来に関する記述等についてのご注意） 本資料に記載されている業績見通し等の将来に関する記述は、当社が入手している情報及び合理的であると判断する一定の前提に基づいており、その達成を当社として約束する趣旨のものではありません。また、実際の業績等は様々な要因により大きく異なる場合があります。業績予想の前提となる条件及び業績予想のご利用に当たっての注意事項等については、添付資料Ｐ．４「１．当四半期決算に関する定性的情報 （４）連結業績予想などの将来予測情報に関する説明」をご覧ください。&#160;（四半期決算補足説明資料及び四半期決算説明会内容の入手方法） 当社は2024年２月９日（金）に録画配信での決算説明会を開催する予定です。 当日使用する決算説明会資料は、当社ウェブサイトに掲載いたします。&#160;	CurrentYearDuration	/disc/73200/081220240209531197_tse-qcedjpsm-73200-20240209373200-ixbrl.htm
2024-02-09	四半期	当期				決算期末	FiscalYearEnd			2024-06-30	CurrentYearInstant	/disc/73200/081220240209531197_tse-qcedjpsm-73200-20240209373200-ixbrl.htm
2024-02-09	四半期	当期第2四半期累計				四半期	QuarterlyPeriod	2	Pure	2	CurrentAccumulatedQ2Instant	/disc/73200/081220240209531197_tse-qcedjpsm-73200-20240209373200-ixbrl.htm
2024-05-10	四半期	当期第3四半期累計				書類名	DocumentName			第３四半期決算短信〔日本基準〕（連結）	CurrentAccumulatedQ3Instant	/disc/73200/081220240510588048_tse-qcedjpsm-73200-20240510373200-ixbrl.htm
2024-05-10	四半期	当期第3四半期累計				提出日	FilingDate			2024年５月10日	CurrentAccumulatedQ3Instant	/disc/73200/081220240510588048_tse-qcedjpsm-73200-20240510373200-ixbrl.htm
2024-05-10	四半期	当期第3四半期累計				会社名	CompanyName			日本リビング保証株式会社	CurrentAccumulatedQ3Instant	/disc/73200/081220240510588048_tse-qcedjpsm-73200-20240510373200-ixbrl.htm
2024-05-10	四半期	当期第3四半期累計					TokyoStockExchange			東	CurrentAccumulatedQ3Instant	/disc/73200/081220240510588048_tse-qcedjpsm-73200-20240510373200-ixbrl.htm
2024-05-10	四半期	当期第3四半期累計				証券コード	SecuritiesCode			7320	CurrentAccumulatedQ3Instant	/disc/73200/081220240510588048_tse-qcedjpsm-73200-20240510373200-ixbrl.htm
2024-05-10	四半期	当期第3四半期累計				URL	URL			https://jlw.jp	CurrentAccumulatedQ3Instant	/disc/73200/081220240510588048_tse-qcedjpsm-73200-20240510373200-ixbrl.htm
2024-05-10	四半期	当期第3四半期累計				代表者の役職	TitleRepresentative			代表取締役社長	CurrentAccumulatedQ3Instant	/disc/73200/081220240510588048_tse-qcedjpsm-73200-20240510373200-ixbrl.htm
2024-05-10	四半期	当期第3四半期累計				代表者名	NameRepresentative			安達&#160; 慶高	CurrentAccumulatedQ3Instant	/disc/73200/081220240510588048_tse-qcedjpsm-73200-20240510373200-ixbrl.htm
2024-05-10	四半期	当期第3四半期累計					TitleInquiries			取締役管理本部長	CurrentAccumulatedQ3Instant	/disc/73200/081220240510588048_tse-qcedjpsm-73200-20240510373200-ixbrl.htm
2024-05-10	四半期	当期第3四半期累計					NameInquiries			吉川 淳史	CurrentAccumulatedQ3Instant	/disc/73200/081220240510588048_tse-qcedjpsm-73200-20240510373200-ixbrl.htm
2024-05-10	四半期	当期第3四半期累計					Tel			03-6276-0401	CurrentAccumulatedQ3Instant	/disc/73200/081220240510588048_tse-qcedjpsm-73200-20240510373200-ixbrl.htm
2024-05-10	四半期	当期第3四半期累計					QuarterlyStatementFilingDateAsPlanned			2024年５月10日	CurrentAccumulatedQ3Instant	/disc/73200/081220240510588048_tse-qcedjpsm-73200-20240510373200-ixbrl.htm
2024-05-10	四半期	当期第3四半期累計					SupplementalMaterialOfQuarterlyResults			有	CurrentAccumulatedQ3Instant	/disc/73200/081220240510588048_tse-qcedjpsm-73200-20240510373200-ixbrl.htm
2024-05-10	四半期	当期第3四半期累計					ConveningBriefingOfQuarterlyResults			無	CurrentAccumulatedQ3Instant	/disc/73200/081220240510588048_tse-qcedjpsm-73200-20240510373200-ixbrl.htm
2024-05-10	四半期	当期第3四半期累計					NoteToFractionProcessingMethod			（百万円未満切捨て）	CurrentAccumulatedQ3Instant	/disc/73200/081220240510588048_tse-qcedjpsm-73200-20240510373200-ixbrl.htm
2024-05-10	四半期	当期第3四半期累計	連結	実績		売上高	NetSales	3551000000	JPY	3,551	CurrentAccumulatedQ3Duration_ConsolidatedMember_ResultMember	/disc/73200/081220240510588048_tse-qcedjpsm-73200-20240510373200-ixbrl.htm
2024-05-10	四半期	当期第3四半期累計	連結	実績		売上高の増減率	ChangeInNetSales	0.304	Pure	30.4	CurrentAccumulatedQ3Duration_ConsolidatedMember_ResultMember	/disc/73200/081220240510588048_tse-qcedjpsm-73200-20240510373200-ixbrl.htm
2024-05-10	四半期	当期第3四半期累計	連結	実績		営業利益	OperatingIncome	784000000	JPY	784	CurrentAccumulatedQ3Duration_ConsolidatedMember_ResultMember	/disc/73200/081220240510588048_tse-qcedjpsm-73200-20240510373200-ixbrl.htm
2024-05-10	四半期	当期第3四半期累計	連結	実績		営業利益の増減率	ChangeInOperatingIncome	0.470	Pure	47.0	CurrentAccumulatedQ3Duration_ConsolidatedMember_ResultMember	/disc/73200/081220240510588048_tse-qcedjpsm-73200-20240510373200-ixbrl.htm
2024-05-10	四半期	当期第3四半期累計	連結	実績		経常利益	OrdinaryIncome	976000000	JPY	976	CurrentAccumulatedQ3Duration_ConsolidatedMember_ResultMember	/disc/73200/081220240510588048_tse-qcedjpsm-73200-20240510373200-ixbrl.htm
2024-05-10	四半期	当期第3四半期累計	連結	実績		経常利益の増減率	ChangeInOrdinaryIncome	0.380	Pure	38.0	CurrentAccumulatedQ3Duration_ConsolidatedMember_ResultMember	/disc/73200/081220240510588048_tse-qcedjpsm-73200-20240510373200-ixbrl.htm
2024-05-10	四半期	当期第3四半期累計	連結	実績		親会社株主に帰属する当期純利益	ProfitAttributableToOwnersOfParent	666000000	JPY	666	CurrentAccumulatedQ3Duration_ConsolidatedMember_ResultMember	/disc/73200/081220240510588048_tse-qcedjpsm-73200-20240510373200-ixbrl.htm
2024-05-10	四半期	当期第3四半期累計	連結	実績		親会社株主に帰属する当期純利益の増減率	ChangeInProfitAttributableToOwnersOfParent	0.372	Pure	37.2	CurrentAccumulatedQ3Duration_ConsolidatedMember_ResultMember	/disc/73200/081220240510588048_tse-qcedjpsm-73200-20240510373200-ixbrl.htm
2024-05-10	四半期	前期第3四半期累計	連結	実績		売上高	NetSales	2723000000	JPY	2,723	PriorAccumulatedQ3Duration_ConsolidatedMember_ResultMember	/disc/73200/081220240510588048_tse-qcedjpsm-73200-20240510373200-ixbrl.htm
2024-05-10	四半期	前期第3四半期累計	連結	実績		売上高の増減率	ChangeInNetSales	0.125	Pure	12.5	PriorAccumulatedQ3Duration_ConsolidatedMember_ResultMember	/disc/73200/081220240510588048_tse-qcedjpsm-73200-20240510373200-ixbrl.htm
2024-05-10	四半期	前期第3四半期累計	連結	実績		営業利益	OperatingIncome	533000000	JPY	533	PriorAccumulatedQ3Duration_ConsolidatedMember_ResultMember	/disc/73200/081220240510588048_tse-qcedjpsm-73200-20240510373200-ixbrl.htm
2024-05-10	四半期	前期第3四半期累計	連結	実績		営業利益の増減率	ChangeInOperatingIncome	-0.065	Pure	6.5	PriorAccumulatedQ3Duration_ConsolidatedMember_ResultMember	/disc/73200/081220240510588048_tse-qcedjpsm-73200-20240510373200-ixbrl.htm
2024-05-10	四半期	前期第3四半期累計	連結	実績		経常利益	OrdinaryIncome	707000000	JPY	707	PriorAccumulatedQ3Duration_ConsolidatedMember_ResultMember	/disc/73200/081220240510588048_tse-qcedjpsm-73200-20240510373200-ixbrl.htm
2024-05-10	四半期	前期第3四半期累計	連結	実績		経常利益の増減率	ChangeInOrdinaryIncome	0.071	Pure	7.1	PriorAccumulatedQ3Duration_ConsolidatedMember_ResultMember	/disc/73200/081220240510588048_tse-qcedjpsm-73200-20240510373200-ixbrl.htm
2024-05-10	四半期	前期第3四半期累計	連結	実績		親会社株主に帰属する当期純利益	ProfitAttributableToOwnersOfParent	485000000	JPY	485	PriorAccumulatedQ3Duration_ConsolidatedMember_ResultMember	/disc/73200/081220240510588048_tse-qcedjpsm-73200-20240510373200-ixbrl.htm
2024-05-10	四半期	前期第3四半期累計	連結	実績		親会社株主に帰属する当期純利益の増減率	ChangeInProfitAttributableToOwnersOfParent	0.073	Pure	7.3	PriorAccumulatedQ3Duration_ConsolidatedMember_ResultMember	/disc/73200/081220240510588048_tse-qcedjpsm-73200-20240510373200-ixbrl.htm
2024-05-10	四半期	当期第3四半期累計	連結	実績		包括利益	ComprehensiveIncome	709000000	JPY	709	CurrentAccumulatedQ3Duration_ConsolidatedMember_ResultMember	/disc/73200/081220240510588048_tse-qcedjpsm-73200-20240510373200-ixbrl.htm
2024-05-10	四半期	当期第3四半期累計	連結	実績		包括利益の増減率	ChangeInComprehensiveIncome	0.606	Pure	60.6	CurrentAccumulatedQ3Duration_ConsolidatedMember_ResultMember	/disc/73200/081220240510588048_tse-qcedjpsm-73200-20240510373200-ixbrl.htm
2024-05-10	四半期	前期第3四半期累計	連結	実績		包括利益	ComprehensiveIncome	441000000	JPY	441	PriorAccumulatedQ3Duration_ConsolidatedMember_ResultMember	/disc/73200/081220240510588048_tse-qcedjpsm-73200-20240510373200-ixbrl.htm
2024-05-10	四半期	前期第3四半期累計	連結	実績		包括利益の増減率	ChangeInComprehensiveIncome	-0.064	Pure	6.4	PriorAccumulatedQ3Duration_ConsolidatedMember_ResultMember	/disc/73200/081220240510588048_tse-qcedjpsm-73200-20240510373200-ixbrl.htm
2024-05-10	四半期	当期第3四半期累計	連結	実績		1株当たり当期純利益	NetIncomePerShare	132.81	JPYPerShares	132.81	CurrentAccumulatedQ3Duration_ConsolidatedMember_ResultMember	/disc/73200/081220240510588048_tse-qcedjpsm-73200-20240510373200-ixbrl.htm
2024-05-10	四半期	当期第3四半期累計	連結	実績		潜在株式調整後1株当たり当期純利益	DilutedNetIncomePerShare	132.80	JPYPerShares	132.80	CurrentAccumulatedQ3Duration_ConsolidatedMember_ResultMember	/disc/73200/081220240510588048_tse-qcedjpsm-73200-20240510373200-ixbrl.htm
2024-05-10	四半期	前期第3四半期累計	連結	実績		1株当たり当期純利益	NetIncomePerShare	96.84	JPYPerShares	96.84	PriorAccumulatedQ3Duration_ConsolidatedMember_ResultMember	/disc/73200/081220240510588048_tse-qcedjpsm-73200-20240510373200-ixbrl.htm
2024-05-10	四半期	前期第3四半期累計	連結	実績		潜在株式調整後1株当たり当期純利益	DilutedNetIncomePerShare	96.83	JPYPerShares	96.83	PriorAccumulatedQ3Duration_ConsolidatedMember_ResultMember	/disc/73200/081220240510588048_tse-qcedjpsm-73200-20240510373200-ixbrl.htm
2024-05-10	四半期	当期第3四半期累計	連結	実績		総資産	TotalAssets	22537000000	JPY	22,537	CurrentAccumulatedQ3Instant_ConsolidatedMember_ResultMember	/disc/73200/081220240510588048_tse-qcedjpsm-73200-20240510373200-ixbrl.htm
2024-05-10	四半期	当期第3四半期累計	連結	実績		純資産	NetAssets	2629000000	JPY	2,629	CurrentAccumulatedQ3Instant_ConsolidatedMember_ResultMember	/disc/73200/081220240510588048_tse-qcedjpsm-73200-20240510373200-ixbrl.htm
2024-05-10	四半期	当期第3四半期累計	連結	実績		自己資本比率	CapitalAdequacyRatio	0.117	Pure	11.7	CurrentAccumulatedQ3Instant_ConsolidatedMember_ResultMember	/disc/73200/081220240510588048_tse-qcedjpsm-73200-20240510373200-ixbrl.htm
2024-05-10	四半期	前期	連結	実績		総資産	TotalAssets	20103000000	JPY	20,103	PriorYearInstant_ConsolidatedMember_ResultMember	/disc/73200/081220240510588048_tse-qcedjpsm-73200-20240510373200-ixbrl.htm
2024-05-10	四半期	前期	連結	実績		純資産	NetAssets	1946000000	JPY	1,946	PriorYearInstant_ConsolidatedMember_ResultMember	/disc/73200/081220240510588048_tse-qcedjpsm-73200-20240510373200-ixbrl.htm
2024-05-10	四半期	前期	連結	実績		自己資本比率	CapitalAdequacyRatio	0.097	Pure	9.7	PriorYearInstant_ConsolidatedMember_ResultMember	/disc/73200/081220240510588048_tse-qcedjpsm-73200-20240510373200-ixbrl.htm
2024-05-10	四半期	当期第3四半期累計	連結	実績		自己資本	OwnersEquity	2629000000	JPY	2,629	CurrentAccumulatedQ3Instant_ConsolidatedMember_ResultMember	/disc/73200/081220240510588048_tse-qcedjpsm-73200-20240510373200-ixbrl.htm
2024-05-10	四半期	前期	連結	実績		自己資本	OwnersEquity	1946000000	JPY	1,946	PriorYearInstant_ConsolidatedMember_ResultMember	/disc/73200/081220240510588048_tse-qcedjpsm-73200-20240510373200-ixbrl.htm
2024-05-10	四半期	前期	単体	実績	第2四半期末	1株当たり配当金	DividendPerShare	0.00	JPYPerShares	0.00	PriorYearDuration_SecondQuarterMember_NonConsolidatedMember_ResultMember	/disc/73200/081220240510588048_tse-qcedjpsm-73200-20240510373200-ixbrl.htm
2024-05-10	四半期	前期	単体	実績	期末	1株当たり配当金	DividendPerShare	10.00	JPYPerShares	10.00	PriorYearDuration_YearEndMember_NonConsolidatedMember_ResultMember	/disc/73200/081220240510588048_tse-qcedjpsm-73200-20240510373200-ixbrl.htm
2024-05-10	四半期	前期	単体	実績	合計	1株当たり配当金	DividendPerShare	10.00	JPYPerShares	10.00	PriorYearDuration_AnnualMember_NonConsolidatedMember_ResultMember	/disc/73200/081220240510588048_tse-qcedjpsm-73200-20240510373200-ixbrl.htm
2024-05-10	四半期	当期	単体	実績	第2四半期末	1株当たり配当金	DividendPerShare	0.00	JPYPerShares	0.00	CurrentYearDuration_SecondQuarterMember_NonConsolidatedMember_ResultMember	/disc/73200/081220240510588048_tse-qcedjpsm-73200-20240510373200-ixbrl.htm
2024-05-10	四半期	当期	単体	予想	期末	1株当たり配当金	DividendPerShare	10.00	JPYPerShares	10.00	CurrentYearDuration_YearEndMember_NonConsolidatedMember_ForecastMember	/disc/73200/081220240510588048_tse-qcedjpsm-73200-20240510373200-ixbrl.htm
2024-05-10	四半期	当期	単体	予想	合計	1株当たり配当金	DividendPerShare	10.00	JPYPerShares	10.00	CurrentYearDuration_AnnualMember_NonConsolidatedMember_ForecastMember	/disc/73200/081220240510588048_tse-qcedjpsm-73200-20240510373200-ixbrl.htm
2024-05-10	四半期	当期	単体	実績	合計	当四半期における配当予想の修正	CorrectionOfDividendForecastInThisQuarter			無	CurrentYearDuration_AnnualMember_NonConsolidatedMember_ResultMember	/disc/73200/081220240510588048_tse-qcedjpsm-73200-20240510373200-ixbrl.htm
2024-05-10	四半期	当期	連結	予想		業績予想の見出し	TitleForForecasts			３．2024年６月期の連結業績予想（2023年７月１日～2024年６月30日）	CurrentYearDuration_ConsolidatedMember_ForecastMember	/disc/73200/081220240510588048_tse-qcedjpsm-73200-20240510373200-ixbrl.htm
2024-05-10	四半期	当期	連結	予想		売上高	NetSales	4930000000	JPY	4,930	CurrentYearDuration_ConsolidatedMember_ForecastMember	/disc/73200/081220240510588048_tse-qcedjpsm-73200-20240510373200-ixbrl.htm
2024-05-10	四半期	当期	連結	予想		売上高の増減率	ChangeInNetSales	0.258	Pure	25.8	CurrentYearDuration_ConsolidatedMember_ForecastMember	/disc/73200/081220240510588048_tse-qcedjpsm-73200-20240510373200-ixbrl.htm
2024-05-10	四半期	当期	連結	予想		営業利益	OperatingIncome	1000000000	JPY	1,000	CurrentYearDuration_ConsolidatedMember_ForecastMember	/disc/73200/081220240510588048_tse-qcedjpsm-73200-20240510373200-ixbrl.htm
2024-05-10	四半期	当期	連結	予想		営業利益の増減率	ChangeInOperatingIncome	0.348	Pure	34.8	CurrentYearDuration_ConsolidatedMember_ForecastMember	/disc/73200/081220240510588048_tse-qcedjpsm-73200-20240510373200-ixbrl.htm
2024-05-10	四半期	当期	連結	予想		経常利益	OrdinaryIncome	1220000000	JPY	1,220	CurrentYearDuration_ConsolidatedMember_ForecastMember	/disc/73200/081220240510588048_tse-qcedjpsm-73200-20240510373200-ixbrl.htm
2024-05-10	四半期	当期	連結	予想		経常利益の増減率	ChangeInOrdinaryIncome	0.195	Pure	19.5	CurrentYearDuration_ConsolidatedMember_ForecastMember	/disc/73200/081220240510588048_tse-qcedjpsm-73200-20240510373200-ixbrl.htm
2024-05-10	四半期	当期	連結	予想		親会社株主に帰属する当期純利益	ProfitAttributableToOwnersOfParent	896000000	JPY	896	CurrentYearDuration_ConsolidatedMember_ForecastMember	/disc/73200/081220240510588048_tse-qcedjpsm-73200-20240510373200-ixbrl.htm
2024-05-10	四半期	当期	連結	予想		親会社株主に帰属する当期純利益の増減率	ChangeInProfitAttributableToOwnersOfParent	0.193	Pure	19.3	CurrentYearDuration_ConsolidatedMember_ForecastMember	/disc/73200/081220240510588048_tse-qcedjpsm-73200-20240510373200-ixbrl.htm
2024-05-10	四半期	当期	連結	予想		1株当たり当期純利益	NetIncomePerShare	178.59	JPYPerShares	178.59	CurrentYearDuration_ConsolidatedMember_ForecastMember	/disc/73200/081220240510588048_tse-qcedjpsm-73200-20240510373200-ixbrl.htm
2024-05-10	四半期	当期	連結	予想		当四半期における業績予想の修正	CorrectionOfConsolidatedFinancialForecastInThisQuarter			無	CurrentYearDuration_ConsolidatedMember_ForecastMember	/disc/73200/081220240510588048_tse-qcedjpsm-73200-20240510373200-ixbrl.htm
2024-05-10	四半期	当期第3四半期累計	連結	実績			MaterialChangesInSubsidiariesDuringThisPeriodChangesInScopeOfConsolidationsResultingFromChangeIsSubsidiaries			無	CurrentAccumulatedQ3Duration_ConsolidatedMember_ResultMember	/disc/73200/081220240510588048_tse-qcedjpsm-73200-20240510373200-ixbrl.htm
2024-05-10	四半期	当期第3四半期累計	連結	実績			ApplyingOfSpecificAccountingOfTheConsolidatedQuarterlyFinancialStatements			有	CurrentAccumulatedQ3Duration_ConsolidatedMember_ResultMember	/disc/73200/081220240510588048_tse-qcedjpsm-73200-20240510373200-ixbrl.htm
2024-05-10	四半期	当期第3四半期累計	連結	実績			NoteToApplyingOfSpecificAccountingOfTheConsolidatedQuarterlyFinancialStatements			（注）詳細は、添付資料Ｐ．８「２．四半期連結財務諸表及び主な注記 （３）四半期連結財務諸表に関する注記事項（四半期連結財務諸表の作成に特有の会計処理の適用）」をご覧ください。	CurrentAccumulatedQ3Duration_ConsolidatedMember_ResultMember	/disc/73200/081220240510588048_tse-qcedjpsm-73200-20240510373200-ixbrl.htm
2024-05-10	四半期	当期第3四半期累計	連結	実績		会計基準等の改正に伴う変更	ChangesBasedOnRevisionsOfAccountingStandard			有	CurrentAccumulatedQ3Duration_ConsolidatedMember_ResultMember	/disc/73200/081220240510588048_tse-qcedjpsm-73200-20240510373200-ixbrl.htm
2024-05-10	四半期	当期第3四半期累計	連結	実績		それ以外の会計方針の変更	ChangesOtherThanOnesBasedOnRevisionsOfAccountingStandard			無	CurrentAccumulatedQ3Duration_ConsolidatedMember_ResultMember	/disc/73200/081220240510588048_tse-qcedjpsm-73200-20240510373200-ixbrl.htm
2024-05-10	四半期	当期第3四半期累計	連結	実績		会計上の見積りの変更	ChangesInAccountingEstimates			無	CurrentAccumulatedQ3Duration_ConsolidatedMember_ResultMember	/disc/73200/081220240510588048_tse-qcedjpsm-73200-20240510373200-ixbrl.htm
2024-05-10	四半期	当期第3四半期累計	連結	実績		修正再表示	RetrospectiveRestatement			無	CurrentAccumulatedQ3Duration_ConsolidatedMember_ResultMember	/disc/73200/081220240510588048_tse-qcedjpsm-73200-20240510373200-ixbrl.htm
2024-05-10	四半期	当期第3四半期累計	連結	実績			NoteToChangesInAccountingPoliciesAccountingEstimatesAndRetrospectiveRestatementQuarterlyConsolidated			（注）詳細は、添付資料Ｐ．８「２．四半期連結財務諸表及び主な注記 （３）四半期連結財務諸表に関する注記事項（会計方針の変更）」をご覧ください。	CurrentAccumulatedQ3Duration_ConsolidatedMember_ResultMember	/disc/73200/081220240510588048_tse-qcedjpsm-73200-20240510373200-ixbrl.htm
2024-05-10	四半期	当期第3四半期累計	単体	実績		期末発行済株式数(自己株式を含む)	NumberOfIssuedAndOutstandingSharesAtTheEndOfFiscalYearIncludingTreasuryStock	5118300	Shares	5,118,300	CurrentAccumulatedQ3Instant_NonConsolidatedMember_ResultMember	/disc/73200/081220240510588048_tse-qcedjpsm-73200-20240510373200-ixbrl.htm
2024-05-10	四半期	前期	単体	実績		期末発行済株式数(自己株式を含む)	NumberOfIssuedAndOutstandingSharesAtTheEndOfFiscalYearIncludingTreasuryStock	5118300	Shares	5,118,300	PriorYearInstant_NonConsolidatedMember_ResultMember	/disc/73200/081220240510588048_tse-qcedjpsm-73200-20240510373200-ixbrl.htm
2024-05-10	四半期	当期第3四半期累計	単体	実績		期末自己株式数	NumberOfTreasuryStockAtTheEndOfFiscalYear	93874	Shares	93,874	CurrentAccumulatedQ3Instant_NonConsolidatedMember_ResultMember	/disc/73200/081220240510588048_tse-qcedjpsm-73200-20240510373200-ixbrl.htm
2024-05-10	四半期	前期	単体	実績		期末自己株式数	NumberOfTreasuryStockAtTheEndOfFiscalYear	101944	Shares	101,944	PriorYearInstant_NonConsolidatedMember_ResultMember	/disc/73200/081220240510588048_tse-qcedjpsm-73200-20240510373200-ixbrl.htm
2024-05-10	四半期	当期第3四半期累計	単体	実績		期中平均株式数	AverageNumberOfShares	5018781	Shares	5,018,781	CurrentAccumulatedQ3Duration_NonConsolidatedMember_ResultMember	/disc/73200/081220240510588048_tse-qcedjpsm-73200-20240510373200-ixbrl.htm
2024-05-10	四半期	前期第3四半期累計	単体	実績		期中平均株式数	AverageNumberOfShares	5016984	Shares	5,016,984	PriorAccumulatedQ3Duration_NonConsolidatedMember_ResultMember	/disc/73200/081220240510588048_tse-qcedjpsm-73200-20240510373200-ixbrl.htm
2024-05-10	四半期	当期				将来情報の利用に関する注意	NotesForUsingForecastedInformationAndOthers			（将来に関する記述等についてのご注意） 本資料に記載されている業績見通し等の将来に関する記述は、当社が入手している情報及び合理的であると判断する一定の前提に基づいており、その達成を当社として約束する趣旨のものではありません。また、実際の業績等は様々な要因により大きく異なる場合があります。業績予想の前提となる条件及び業績予想のご利用に当たっての注意事項等については、添付資料Ｐ．４「１．当四半期決算に関する定性的情報 （３）連結業績予想などの将来予測情報に関する説明」をご覧ください。&#160;（四半期決算補足説明資料の入手方法） 四半期決算補足説明資料は、2024年５月10日(金)に当社ウェブサイトに掲載いたします。	CurrentYearDuration	/disc/73200/081220240510588048_tse-qcedjpsm-73200-20240510373200-ixbrl.htm
2024-05-10	四半期	当期				決算期末	FiscalYearEnd			2024-06-30	CurrentYearInstant	/disc/73200/081220240510588048_tse-qcedjpsm-73200-20240510373200-ixbrl.htm
2024-05-10	四半期	当期第3四半期累計				四半期	QuarterlyPeriod	3	Pure	3	CurrentAccumulatedQ3Instant	/disc/73200/081220240510588048_tse-qcedjpsm-73200-20240510373200-ixbrl.htm
2024-08-09	年次	当期				書類名	DocumentName			決算短信〔日本基準〕（連結）	CurrentYearInstant	/disc/73200/081220240809569035_tse-acedjpsm-73200-20240809373200-ixbrl.htm
2024-08-09	年次	当期				提出日	FilingDate			2024年８月９日	CurrentYearInstant	/disc/73200/081220240809569035_tse-acedjpsm-73200-20240809373200-ixbrl.htm
2024-08-09	年次	当期				会社名	CompanyName			日本リビング保証株式会社	CurrentYearInstant	/disc/73200/081220240809569035_tse-acedjpsm-73200-20240809373200-ixbrl.htm
2024-08-09	年次	当期					TokyoStockExchange			東	CurrentYearInstant	/disc/73200/081220240809569035_tse-acedjpsm-73200-20240809373200-ixbrl.htm
2024-08-09	年次	当期				証券コード	SecuritiesCode			7320	CurrentYearInstant	/disc/73200/081220240809569035_tse-acedjpsm-73200-20240809373200-ixbrl.htm
2024-08-09	年次	当期				URL	URL			https://jlw.jp	CurrentYearInstant	/disc/73200/081220240809569035_tse-acedjpsm-73200-20240809373200-ixbrl.htm
2024-08-09	年次	当期				代表者の役職	TitleRepresentative			代表取締役社長	CurrentYearInstant	/disc/73200/081220240809569035_tse-acedjpsm-73200-20240809373200-ixbrl.htm
2024-08-09	年次	当期				代表者名	NameRepresentative			安達 慶高	CurrentYearInstant	/disc/73200/081220240809569035_tse-acedjpsm-73200-20240809373200-ixbrl.htm
2024-08-09	年次	当期					TitleInquiries			取締役管理本部長	CurrentYearInstant	/disc/73200/081220240809569035_tse-acedjpsm-73200-20240809373200-ixbrl.htm
2024-08-09	年次	当期					NameInquiries			吉川 淳史	CurrentYearInstant	/disc/73200/081220240809569035_tse-acedjpsm-73200-20240809373200-ixbrl.htm
2024-08-09	年次	当期					Tel			03-6276-0401	CurrentYearInstant	/disc/73200/081220240809569035_tse-acedjpsm-73200-20240809373200-ixbrl.htm
2024-08-09	年次	当期					DateOfGeneralShareholdersMeetingAsPlanned			2024年９月25日	CurrentYearInstant	/disc/73200/081220240809569035_tse-acedjpsm-73200-20240809373200-ixbrl.htm
2024-08-09	年次	当期					DividendPayableDateAsPlanned			2024年９月26日	CurrentYearInstant	/disc/73200/081220240809569035_tse-acedjpsm-73200-20240809373200-ixbrl.htm
2024-08-09	年次	当期					AnnualSecuritiesReportFilingDateAsPlanned			2024年９月25日	CurrentYearInstant	/disc/73200/081220240809569035_tse-acedjpsm-73200-20240809373200-ixbrl.htm
2024-08-09	年次	当期					SupplementalMaterialOfAnnualResults			有	CurrentYearInstant	/disc/73200/081220240809569035_tse-acedjpsm-73200-20240809373200-ixbrl.htm
2024-08-09	年次	当期					ConveningBriefingOfAnnualResults			有	CurrentYearInstant	/disc/73200/081220240809569035_tse-acedjpsm-73200-20240809373200-ixbrl.htm
2024-08-09	年次	当期					TargetAudienceBriefingOfAnnualResults			（録画配信のみ）	CurrentYearInstant	/disc/73200/081220240809569035_tse-acedjpsm-73200-20240809373200-ixbrl.htm
2024-08-09	年次	当期					NoteToFractionProcessingMethod			（百万円未満切捨て）	CurrentYearInstant	/disc/73200/081220240809569035_tse-acedjpsm-73200-20240809373200-ixbrl.htm
2024-08-09	年次	当期	連結	実績		売上高	NetSales	5359000000	JPY	5,359	CurrentYearDuration_ConsolidatedMember_ResultMember	/disc/73200/081220240809569035_tse-acedjpsm-73200-20240809373200-ixbrl.htm
2024-08-09	年次	当期	連結	実績		売上高の増減率	ChangeInNetSales	0.367	Pure	36.7	CurrentYearDuration_ConsolidatedMember_ResultMember	/disc/73200/081220240809569035_tse-acedjpsm-73200-20240809373200-ixbrl.htm
2024-08-09	年次	当期	連結	実績		営業利益	OperatingIncome	1240000000	JPY	1,240	CurrentYearDuration_ConsolidatedMember_ResultMember	/disc/73200/081220240809569035_tse-acedjpsm-73200-20240809373200-ixbrl.htm
2024-08-09	年次	当期	連結	実績		営業利益の増減率	ChangeInOperatingIncome	0.672	Pure	67.2	CurrentYearDuration_ConsolidatedMember_ResultMember	/disc/73200/081220240809569035_tse-acedjpsm-73200-20240809373200-ixbrl.htm
2024-08-09	年次	当期	連結	実績		経常利益	OrdinaryIncome	1512000000	JPY	1,512	CurrentYearDuration_ConsolidatedMember_ResultMember	/disc/73200/081220240809569035_tse-acedjpsm-73200-20240809373200-ixbrl.htm
2024-08-09	年次	当期	連結	実績		経常利益の増減率	ChangeInOrdinaryIncome	0.481	Pure	48.1	CurrentYearDuration_ConsolidatedMember_ResultMember	/disc/73200/081220240809569035_tse-acedjpsm-73200-20240809373200-ixbrl.htm
2024-08-09	年次	当期	連結	実績		親会社株主に帰属する当期純利益	ProfitAttributableToOwnersOfParent	973000000	JPY	973	CurrentYearDuration_ConsolidatedMember_ResultMember	/disc/73200/081220240809569035_tse-acedjpsm-73200-20240809373200-ixbrl.htm
2024-08-09	年次	当期	連結	実績		親会社株主に帰属する当期純利益の増減率	ChangeInProfitAttributableToOwnersOfParent	0.296	Pure	29.6	CurrentYearDuration_ConsolidatedMember_ResultMember	/disc/73200/081220240809569035_tse-acedjpsm-73200-20240809373200-ixbrl.htm
2024-08-09	年次	前期	連結	実績		売上高	NetSales	3919000000	JPY	3,919	PriorYearDuration_ConsolidatedMember_ResultMember	/disc/73200/081220240809569035_tse-acedjpsm-73200-20240809373200-ixbrl.htm
2024-08-09	年次	前期	連結	実績		売上高の増減率	ChangeInNetSales	0.186	Pure	18.6	PriorYearDuration_ConsolidatedMember_ResultMember	/disc/73200/081220240809569035_tse-acedjpsm-73200-20240809373200-ixbrl.htm
2024-08-09	年次	前期	連結	実績		営業利益	OperatingIncome	741000000	JPY	741	PriorYearDuration_ConsolidatedMember_ResultMember	/disc/73200/081220240809569035_tse-acedjpsm-73200-20240809373200-ixbrl.htm
2024-08-09	年次	前期	連結	実績		営業利益の増減率	ChangeInOperatingIncome	0.140	Pure	14.0	PriorYearDuration_ConsolidatedMember_ResultMember	/disc/73200/081220240809569035_tse-acedjpsm-73200-20240809373200-ixbrl.htm
2024-08-09	年次	前期	連結	実績		経常利益	OrdinaryIncome	1021000000	JPY	1,021	PriorYearDuration_ConsolidatedMember_ResultMember	/disc/73200/081220240809569035_tse-acedjpsm-73200-20240809373200-ixbrl.htm
2024-08-09	年次	前期	連結	実績		経常利益の増減率	ChangeInOrdinaryIncome	0.331	Pure	33.1	PriorYearDuration_ConsolidatedMember_ResultMember	/disc/73200/081220240809569035_tse-acedjpsm-73200-20240809373200-ixbrl.htm
2024-08-09	年次	前期	連結	実績		親会社株主に帰属する当期純利益	ProfitAttributableToOwnersOfParent	751000000	JPY	751	PriorYearDuration_ConsolidatedMember_ResultMember	/disc/73200/081220240809569035_tse-acedjpsm-73200-20240809373200-ixbrl.htm
2024-08-09	年次	前期	連結	実績		親会社株主に帰属する当期純利益の増減率	ChangeInProfitAttributableToOwnersOfParent	0.375	Pure	37.5	PriorYearDuration_ConsolidatedMember_ResultMember	/disc/73200/081220240809569035_tse-acedjpsm-73200-20240809373200-ixbrl.htm
2024-08-09	年次	当期	連結	実績		包括利益	ComprehensiveIncome	1085000000	JPY	1,085	CurrentYearDuration_ConsolidatedMember_ResultMember	/disc/73200/081220240809569035_tse-acedjpsm-73200-20240809373200-ixbrl.htm
2024-08-09	年次	当期	連結	実績		包括利益の増減率	ChangeInComprehensiveIncome	0.439	Pure	43.9	CurrentYearDuration_ConsolidatedMember_ResultMember	/disc/73200/081220240809569035_tse-acedjpsm-73200-20240809373200-ixbrl.htm
2024-08-09	年次	前期	連結	実績		包括利益	ComprehensiveIncome	754000000	JPY	754	PriorYearDuration_ConsolidatedMember_ResultMember	/disc/73200/081220240809569035_tse-acedjpsm-73200-20240809373200-ixbrl.htm
2024-08-09	年次	前期	連結	実績		包括利益の増減率	ChangeInComprehensiveIncome	0.343	Pure	34.3	PriorYearDuration_ConsolidatedMember_ResultMember	/disc/73200/081220240809569035_tse-acedjpsm-73200-20240809373200-ixbrl.htm
2024-08-09	年次	当期	連結	実績		1株当たり当期純利益	NetIncomePerShare	193.87	JPYPerShares	193.87	CurrentYearDuration_ConsolidatedMember_ResultMember	/disc/73200/081220240809569035_tse-acedjpsm-73200-20240809373200-ixbrl.htm
2024-08-09	年次	当期	連結	実績		潜在株式調整後1株当たり当期純利益	DilutedNetIncomePerShare	193.85	JPYPerShares	193.85	CurrentYearDuration_ConsolidatedMember_ResultMember	/disc/73200/081220240809569035_tse-acedjpsm-73200-20240809373200-ixbrl.htm
2024-08-09	年次	当期	連結	実績		自己資本当期純利益率(ROE)	NetIncomeToShareholdersEquityRatio	0.393	Pure	39.3	CurrentYearDuration_ConsolidatedMember_ResultMember	/disc/73200/081220240809569035_tse-acedjpsm-73200-20240809373200-ixbrl.htm
2024-08-09	年次	当期	連結	実績		総資産経常利益率(ROA)	OrdinaryIncomeToTotalAssetsRatio	0.068	Pure	6.8	CurrentYearDuration_ConsolidatedMember_ResultMember	/disc/73200/081220240809569035_tse-acedjpsm-73200-20240809373200-ixbrl.htm
2024-08-09	年次	当期	連結	実績		売上高営業利益率	OperatingIncomeToNetSalesRatio	0.231	Pure	23.1	CurrentYearDuration_ConsolidatedMember_ResultMember	/disc/73200/081220240809569035_tse-acedjpsm-73200-20240809373200-ixbrl.htm
2024-08-09	年次	前期	連結	実績		1株当たり当期純利益	NetIncomePerShare	149.75	JPYPerShares	149.75	PriorYearDuration_ConsolidatedMember_ResultMember	/disc/73200/081220240809569035_tse-acedjpsm-73200-20240809373200-ixbrl.htm
2024-08-09	年次	前期	連結	実績		潜在株式調整後1株当たり当期純利益	DilutedNetIncomePerShare	149.73	JPYPerShares	149.73	PriorYearDuration_ConsolidatedMember_ResultMember	/disc/73200/081220240809569035_tse-acedjpsm-73200-20240809373200-ixbrl.htm
2024-08-09	年次	前期	連結	実績		自己資本当期純利益率(ROE)	NetIncomeToShareholdersEquityRatio	0.471	Pure	47.1	PriorYearDuration_ConsolidatedMember_ResultMember	/disc/73200/081220240809569035_tse-acedjpsm-73200-20240809373200-ixbrl.htm
2024-08-09	年次	前期	連結	実績		総資産経常利益率(ROA)	OrdinaryIncomeToTotalAssetsRatio	0.056	Pure	5.6	PriorYearDuration_ConsolidatedMember_ResultMember	/disc/73200/081220240809569035_tse-acedjpsm-73200-20240809373200-ixbrl.htm
2024-08-09	年次	前期	連結	実績		売上高営業利益率	OperatingIncomeToNetSalesRatio	0.189	Pure	18.9	PriorYearDuration_ConsolidatedMember_ResultMember	/disc/73200/081220240809569035_tse-acedjpsm-73200-20240809373200-ixbrl.htm
2024-08-09	年次	当期	連結	実績		総資産	TotalAssets	24593000000	JPY	24,593	CurrentYearInstant_ConsolidatedMember_ResultMember	/disc/73200/081220240809569035_tse-acedjpsm-73200-20240809373200-ixbrl.htm
2024-08-09	年次	当期	連結	実績		純資産	NetAssets	3005000000	JPY	3,005	CurrentYearInstant_ConsolidatedMember_ResultMember	/disc/73200/081220240809569035_tse-acedjpsm-73200-20240809373200-ixbrl.htm
2024-08-09	年次	当期	連結	実績		自己資本比率	CapitalAdequacyRatio	0.122	Pure	12.2	CurrentYearInstant_ConsolidatedMember_ResultMember	/disc/73200/081220240809569035_tse-acedjpsm-73200-20240809373200-ixbrl.htm
2024-08-09	年次	当期	連結	実績		1株当たり純資産	NetAssetsPerShare	598.14	JPYPerShares	598.14	CurrentYearInstant_ConsolidatedMember_ResultMember	/disc/73200/081220240809569035_tse-acedjpsm-73200-20240809373200-ixbrl.htm
2024-08-09	年次	前期	連結	実績		総資産	TotalAssets	20103000000	JPY	20,103	PriorYearInstant_ConsolidatedMember_ResultMember	/disc/73200/081220240809569035_tse-acedjpsm-73200-20240809373200-ixbrl.htm
2024-08-09	年次	前期	連結	実績		純資産	NetAssets	1946000000	JPY	1,946	PriorYearInstant_ConsolidatedMember_ResultMember	/disc/73200/081220240809569035_tse-acedjpsm-73200-20240809373200-ixbrl.htm
2024-08-09	年次	前期	連結	実績		自己資本比率	CapitalAdequacyRatio	0.097	Pure	9.7	PriorYearInstant_ConsolidatedMember_ResultMember	/disc/73200/081220240809569035_tse-acedjpsm-73200-20240809373200-ixbrl.htm
2024-08-09	年次	前期	連結	実績		1株当たり純資産	NetAssetsPerShare	387.95	JPYPerShares	387.95	PriorYearInstant_ConsolidatedMember_ResultMember	/disc/73200/081220240809569035_tse-acedjpsm-73200-20240809373200-ixbrl.htm
2024-08-09	年次	当期	連結	実績		自己資本	OwnersEquity	3005000000	JPY	3,005	CurrentYearInstant_ConsolidatedMember_ResultMember	/disc/73200/081220240809569035_tse-acedjpsm-73200-20240809373200-ixbrl.htm
2024-08-09	年次	前期	連結	実績		自己資本	OwnersEquity	1946000000	JPY	1,946	PriorYearInstant_ConsolidatedMember_ResultMember	/disc/73200/081220240809569035_tse-acedjpsm-73200-20240809373200-ixbrl.htm
2024-08-09	年次	当期	連結	実績		営業キャッシュフロー	CashFlowsFromOperatingActivities	922000000	JPY	922	CurrentYearDuration_ConsolidatedMember_ResultMember	/disc/73200/081220240809569035_tse-acedjpsm-73200-20240809373200-ixbrl.htm
2024-08-09	年次	当期	連結	実績		投資キャッシュフロー	CashFlowsFromInvestingActivities	-2086000000	JPY	2,086	CurrentYearDuration_ConsolidatedMember_ResultMember	/disc/73200/081220240809569035_tse-acedjpsm-73200-20240809373200-ixbrl.htm
2024-08-09	年次	当期	連結	実績		財務キャッシュフロー	CashFlowsFromFinancingActivities	167000000	JPY	167	CurrentYearDuration_ConsolidatedMember_ResultMember	/disc/73200/081220240809569035_tse-acedjpsm-73200-20240809373200-ixbrl.htm
2024-08-09	年次	当期	連結	実績		現金及び現金同等物の期末残高	CashAndEquivalentsEndOfPeriod	2804000000	JPY	2,804	CurrentYearInstant_ConsolidatedMember_ResultMember	/disc/73200/081220240809569035_tse-acedjpsm-73200-20240809373200-ixbrl.htm
2024-08-09	年次	前期	連結	実績		営業キャッシュフロー	CashFlowsFromOperatingActivities	1861000000	JPY	1,861	PriorYearDuration_ConsolidatedMember_ResultMember	/disc/73200/081220240809569035_tse-acedjpsm-73200-20240809373200-ixbrl.htm
2024-08-09	年次	前期	連結	実績		投資キャッシュフロー	CashFlowsFromInvestingActivities	-1902000000	JPY	1,902	PriorYearDuration_ConsolidatedMember_ResultMember	/disc/73200/081220240809569035_tse-acedjpsm-73200-20240809373200-ixbrl.htm
2024-08-09	年次	前期	連結	実績		財務キャッシュフロー	CashFlowsFromFinancingActivities	783000000	JPY	783	PriorYearDuration_ConsolidatedMember_ResultMember	/disc/73200/081220240809569035_tse-acedjpsm-73200-20240809373200-ixbrl.htm
2024-08-09	年次	前期	連結	実績		現金及び現金同等物の期末残高	CashAndEquivalentsEndOfPeriod	3799000000	JPY	3,799	PriorYearInstant_ConsolidatedMember_ResultMember	/disc/73200/081220240809569035_tse-acedjpsm-73200-20240809373200-ixbrl.htm
2024-08-09	年次	前期	単体	実績	第2四半期末	1株当たり配当金	DividendPerShare	0.00	JPYPerShares	0.00	PriorYearDuration_SecondQuarterMember_NonConsolidatedMember_ResultMember	/disc/73200/081220240809569035_tse-acedjpsm-73200-20240809373200-ixbrl.htm
2024-08-09	年次	前期	単体	実績	期末	1株当たり配当金	DividendPerShare	10.00	JPYPerShares	10.00	PriorYearDuration_YearEndMember_NonConsolidatedMember_ResultMember	/disc/73200/081220240809569035_tse-acedjpsm-73200-20240809373200-ixbrl.htm
2024-08-09	年次	前期	単体	実績	合計	1株当たり配当金	DividendPerShare	10.00	JPYPerShares	10.00	PriorYearDuration_AnnualMember_NonConsolidatedMember_ResultMember	/disc/73200/081220240809569035_tse-acedjpsm-73200-20240809373200-ixbrl.htm
2024-08-09	年次	前期	単体	実績	合計	配当金総額	TotalDividendPaidAnnual	50000000	JPY	50	PriorYearDuration_AnnualMember_NonConsolidatedMember_ResultMember	/disc/73200/081220240809569035_tse-acedjpsm-73200-20240809373200-ixbrl.htm
2024-08-09	年次	前期	連結	実績	合計	配当性向	PayoutRatio	0.067	Pure	6.7	PriorYearDuration_AnnualMember_ConsolidatedMember_ResultMember	/disc/73200/081220240809569035_tse-acedjpsm-73200-20240809373200-ixbrl.htm
2024-08-09	年次	前期	連結	実績	合計	純資産配当率	RatioOfTotalAmountOfDividendsToNetAssets	0.031	Pure	3.1	PriorYearDuration_AnnualMember_ConsolidatedMember_ResultMember	/disc/73200/081220240809569035_tse-acedjpsm-73200-20240809373200-ixbrl.htm
2024-08-09	年次	当期	単体	実績	第2四半期末	1株当たり配当金	DividendPerShare	0.00	JPYPerShares	0.00	CurrentYearDuration_SecondQuarterMember_NonConsolidatedMember_ResultMember	/disc/73200/081220240809569035_tse-acedjpsm-73200-20240809373200-ixbrl.htm
2024-08-09	年次	当期	単体	実績	期末	1株当たり配当金	DividendPerShare	15.00	JPYPerShares	15.00	CurrentYearDuration_YearEndMember_NonConsolidatedMember_ResultMember	/disc/73200/081220240809569035_tse-acedjpsm-73200-20240809373200-ixbrl.htm
2024-08-09	年次	当期	単体	実績	合計	1株当たり配当金	DividendPerShare	15.00	JPYPerShares	15.00	CurrentYearDuration_AnnualMember_NonConsolidatedMember_ResultMember	/disc/73200/081220240809569035_tse-acedjpsm-73200-20240809373200-ixbrl.htm
2024-08-09	年次	当期	単体	実績	合計	配当金総額	TotalDividendPaidAnnual	75000000	JPY	75	CurrentYearDuration_AnnualMember_NonConsolidatedMember_ResultMember	/disc/73200/081220240809569035_tse-acedjpsm-73200-20240809373200-ixbrl.htm
2024-08-09	年次	当期	連結	実績	合計	配当性向	PayoutRatio	0.077	Pure	7.7	CurrentYearDuration_AnnualMember_ConsolidatedMember_ResultMember	/disc/73200/081220240809569035_tse-acedjpsm-73200-20240809373200-ixbrl.htm
2024-08-09	年次	当期	連結	実績	合計	純資産配当率	RatioOfTotalAmountOfDividendsToNetAssets	0.030	Pure	3.0	CurrentYearDuration_AnnualMember_ConsolidatedMember_ResultMember	/disc/73200/081220240809569035_tse-acedjpsm-73200-20240809373200-ixbrl.htm
2024-08-09	年次	来期	単体	予想	第2四半期末	1株当たり配当金	DividendPerShare	0.00	JPYPerShares	0.00	NextYearDuration_SecondQuarterMember_NonConsolidatedMember_ForecastMember	/disc/73200/081220240809569035_tse-acedjpsm-73200-20240809373200-ixbrl.htm
2024-08-09	年次	当期	単体	実績	合計	配当の注記	NoteToDividends			（注）2025年６月期の期末配当予想額につきましては、未定としております。今後、配当予想が可能となった時点で、速やかに開示する予定であります。	CurrentYearDuration_AnnualMember_NonConsolidatedMember_ResultMember	/disc/73200/081220240809569035_tse-acedjpsm-73200-20240809373200-ixbrl.htm
2024-08-09	年次	来期	連結	予想		業績予想の見出し	TitleForForecasts			３．2025年６月期の連結業績予想（2024年７月１日～2025年６月30日）	NextYearDuration_ConsolidatedMember_ForecastMember	/disc/73200/081220240809569035_tse-acedjpsm-73200-20240809373200-ixbrl.htm
2024-08-09	年次		連結	予想		売上高	NetSales	3179000000	JPY	3,179	NextAccumulatedQ2Duration_ConsolidatedMember_ForecastMember	/disc/73200/081220240809569035_tse-acedjpsm-73200-20240809373200-ixbrl.htm
2024-08-09	年次		連結	予想		売上高の増減率	ChangeInNetSales	0.385	Pure	38.5	NextAccumulatedQ2Duration_ConsolidatedMember_ForecastMember	/disc/73200/081220240809569035_tse-acedjpsm-73200-20240809373200-ixbrl.htm
2024-08-09	年次		連結	予想		営業利益	OperatingIncome	558000000	JPY	558	NextAccumulatedQ2Duration_ConsolidatedMember_ForecastMember	/disc/73200/081220240809569035_tse-acedjpsm-73200-20240809373200-ixbrl.htm
2024-08-09	年次		連結	予想		営業利益の増減率	ChangeInOperatingIncome	0.039	Pure	3.9	NextAccumulatedQ2Duration_ConsolidatedMember_ForecastMember	/disc/73200/081220240809569035_tse-acedjpsm-73200-20240809373200-ixbrl.htm
2024-08-09	年次		連結	予想		経常利益	OrdinaryIncome	729000000	JPY	729	NextAccumulatedQ2Duration_ConsolidatedMember_ForecastMember	/disc/73200/081220240809569035_tse-acedjpsm-73200-20240809373200-ixbrl.htm
2024-08-09	年次		連結	予想		経常利益の増減率	ChangeInOrdinaryIncome	0.119	Pure	11.9	NextAccumulatedQ2Duration_ConsolidatedMember_ForecastMember	/disc/73200/081220240809569035_tse-acedjpsm-73200-20240809373200-ixbrl.htm
2024-08-09	年次		連結	予想		親会社株主に帰属する当期純利益	ProfitAttributableToOwnersOfParent	535000000	JPY	535	NextAccumulatedQ2Duration_ConsolidatedMember_ForecastMember	/disc/73200/081220240809569035_tse-acedjpsm-73200-20240809373200-ixbrl.htm
2024-08-09	年次		連結	予想		親会社株主に帰属する当期純利益の増減率	ChangeInProfitAttributableToOwnersOfParent	0.204	Pure	20.4	NextAccumulatedQ2Duration_ConsolidatedMember_ForecastMember	/disc/73200/081220240809569035_tse-acedjpsm-73200-20240809373200-ixbrl.htm
2024-08-09	年次		連結	予想		1株当たり当期純利益	NetIncomePerShare	101.35	JPYPerShares	101.35	NextAccumulatedQ2Duration_ConsolidatedMember_ForecastMember	/disc/73200/081220240809569035_tse-acedjpsm-73200-20240809373200-ixbrl.htm
2024-08-09	年次	来期	連結	予想		売上高	NetSales	6900000000	JPY	6,900	NextYearDuration_ConsolidatedMember_ForecastMember	/disc/73200/081220240809569035_tse-acedjpsm-73200-20240809373200-ixbrl.htm
2024-08-09	年次	来期	連結	予想		売上高の増減率	ChangeInNetSales	0.288	Pure	28.8	NextYearDuration_ConsolidatedMember_ForecastMember	/disc/73200/081220240809569035_tse-acedjpsm-73200-20240809373200-ixbrl.htm
2024-08-09	年次	来期	連結	予想		営業利益	OperatingIncome	1300000000	JPY	1,300	NextYearDuration_ConsolidatedMember_ForecastMember	/disc/73200/081220240809569035_tse-acedjpsm-73200-20240809373200-ixbrl.htm
2024-08-09	年次	来期	連結	予想		営業利益の増減率	ChangeInOperatingIncome	0.048	Pure	4.8	NextYearDuration_ConsolidatedMember_ForecastMember	/disc/73200/081220240809569035_tse-acedjpsm-73200-20240809373200-ixbrl.htm
2024-08-09	年次	来期	連結	予想		経常利益	OrdinaryIncome	1600000000	JPY	1,600	NextYearDuration_ConsolidatedMember_ForecastMember	/disc/73200/081220240809569035_tse-acedjpsm-73200-20240809373200-ixbrl.htm
2024-08-09	年次	来期	連結	予想		経常利益の増減率	ChangeInOrdinaryIncome	0.058	Pure	5.8	NextYearDuration_ConsolidatedMember_ForecastMember	/disc/73200/081220240809569035_tse-acedjpsm-73200-20240809373200-ixbrl.htm
2024-08-09	年次	来期	連結	予想		親会社株主に帰属する当期純利益	ProfitAttributableToOwnersOfParent	1176000000	JPY	1,176	NextYearDuration_ConsolidatedMember_ForecastMember	/disc/73200/081220240809569035_tse-acedjpsm-73200-20240809373200-ixbrl.htm
2024-08-09	年次	来期	連結	予想		親会社株主に帰属する当期純利益の増減率	ChangeInProfitAttributableToOwnersOfParent	0.208	Pure	20.8	NextYearDuration_ConsolidatedMember_ForecastMember	/disc/73200/081220240809569035_tse-acedjpsm-73200-20240809373200-ixbrl.htm
2024-08-09	年次	来期	連結	予想		1株当たり当期純利益	NetIncomePerShare	212.53	JPYPerShares	212.53	NextYearDuration_ConsolidatedMember_ForecastMember	/disc/73200/081220240809569035_tse-acedjpsm-73200-20240809373200-ixbrl.htm
2024-08-09	年次	来期	連結	予想		業績予想の注記	NoteToForecasts			（注）当社及び株式会社メディアシーク（以下「メディアシーク」という。）は、2024年８月９日付の両社の取締役会決議により、当社を株式交換完全親会社、メディアシークを株式交換完全子会社とする株式交換（以下「本株式交換」という。）を実施することを決定しました。なお、本株式交換は、2024年９月25日開催予定の当社の定時株主総会及び2024年９月26日開催予定のメディアシークの定時株主総会の決議による本株式交換契約の承認を得た上で、2024年11月１日を効力発生日として行われる予定であります。１株当たり当期純利益については、本株式交換により交付する予定の当社の普通株式974,345株（新株発行880,371株、自己株式の処分93,974株）を考慮して算出しております。	NextYearDuration_ConsolidatedMember_ForecastMember	/disc/73200/081220240809569035_tse-acedjpsm-73200-20240809373200-ixbrl.htm
2024-08-09	年次	当期	連結	実績		期中の連結範囲の重要な変更	SignificantChangesInTheScopeOfConsolidationDuringThePeriod			無	CurrentYearDuration_ConsolidatedMember_ResultMember	/disc/73200/081220240809569035_tse-acedjpsm-73200-20240809373200-ixbrl.htm
2024-08-09	年次	当期	連結	実績		会計基準等の改正に伴う変更	ChangesBasedOnRevisionsOfAccountingStandard			有	CurrentYearDuration_ConsolidatedMember_ResultMember	/disc/73200/081220240809569035_tse-acedjpsm-73200-20240809373200-ixbrl.htm
2024-08-09	年次	当期	連結	実績		それ以外の会計方針の変更	ChangesOtherThanOnesBasedOnRevisionsOfAccountingStandard			無	CurrentYearDuration_ConsolidatedMember_ResultMember	/disc/73200/081220240809569035_tse-acedjpsm-73200-20240809373200-ixbrl.htm
2024-08-09	年次	当期	連結	実績		会計上の見積りの変更	ChangesInAccountingEstimates			無	CurrentYearDuration_ConsolidatedMember_ResultMember	/disc/73200/081220240809569035_tse-acedjpsm-73200-20240809373200-ixbrl.htm
2024-08-09	年次	当期	連結	実績		修正再表示	RetrospectiveRestatement			無	CurrentYearDuration_ConsolidatedMember_ResultMember	/disc/73200/081220240809569035_tse-acedjpsm-73200-20240809373200-ixbrl.htm
2024-08-09	年次	当期	連結	実績			NoteToChangesInAccountingPoliciesAndAccountingEstimatesRetrospectiveRestatement			（注）詳細は、添付資料Ｐ.15「３．連結財務諸表及び主な注記 （５）連結財務諸表に関する注記事項（会計方針の変更）」をご覧ください。	CurrentYearDuration_ConsolidatedMember_ResultMember	/disc/73200/081220240809569035_tse-acedjpsm-73200-20240809373200-ixbrl.htm
2024-08-09	年次	当期	単体	実績		期末発行済株式数(自己株式を含む)	NumberOfIssuedAndOutstandingSharesAtTheEndOfFiscalYearIncludingTreasuryStock	5118300	Shares	5,118,300	CurrentYearInstant_NonConsolidatedMember_ResultMember	/disc/73200/081220240809569035_tse-acedjpsm-73200-20240809373200-ixbrl.htm
2024-08-09	年次	前期	単体	実績		期末発行済株式数(自己株式を含む)	NumberOfIssuedAndOutstandingSharesAtTheEndOfFiscalYearIncludingTreasuryStock	5118300	Shares	5,118,300	PriorYearInstant_NonConsolidatedMember_ResultMember	/disc/73200/081220240809569035_tse-acedjpsm-73200-20240809373200-ixbrl.htm
2024-08-09	年次	当期	単体	実績		期末自己株式数	NumberOfTreasuryStockAtTheEndOfFiscalYear	93974	Shares	93,974	CurrentYearInstant_NonConsolidatedMember_ResultMember	/disc/73200/081220240809569035_tse-acedjpsm-73200-20240809373200-ixbrl.htm
2024-08-09	年次	前期	単体	実績		期末自己株式数	NumberOfTreasuryStockAtTheEndOfFiscalYear	101944	Shares	101,944	PriorYearInstant_NonConsolidatedMember_ResultMember	/disc/73200/081220240809569035_tse-acedjpsm-73200-20240809373200-ixbrl.htm
2024-08-09	年次	当期	単体	実績		期中平均株式数	AverageNumberOfShares	5020177	Shares	5,020,177	CurrentYearDuration_NonConsolidatedMember_ResultMember	/disc/73200/081220240809569035_tse-acedjpsm-73200-20240809373200-ixbrl.htm
2024-08-09	年次	前期	単体	実績		期中平均株式数	AverageNumberOfShares	5016846	Shares	5,016,846	PriorYearDuration_NonConsolidatedMember_ResultMember	/disc/73200/081220240809569035_tse-acedjpsm-73200-20240809373200-ixbrl.htm
2024-08-09	年次	当期	単体	実績		売上高	NetSales	5322000000	JPY	5,322	CurrentYearDuration_NonConsolidatedMember_ResultMember	/disc/73200/081220240809569035_tse-acedjpsm-73200-20240809373200-ixbrl.htm
2024-08-09	年次	当期	単体	実績		売上高の増減率	ChangeInNetSales	0.364	Pure	36.4	CurrentYearDuration_NonConsolidatedMember_ResultMember	/disc/73200/081220240809569035_tse-acedjpsm-73200-20240809373200-ixbrl.htm
2024-08-09	年次	当期	単体	実績		営業利益	OperatingIncome	1232000000	JPY	1,232	CurrentYearDuration_NonConsolidatedMember_ResultMember	/disc/73200/081220240809569035_tse-acedjpsm-73200-20240809373200-ixbrl.htm
2024-08-09	年次	当期	単体	実績		営業利益の増減率	ChangeInOperatingIncome	0.639	Pure	63.9	CurrentYearDuration_NonConsolidatedMember_ResultMember	/disc/73200/081220240809569035_tse-acedjpsm-73200-20240809373200-ixbrl.htm
2024-08-09	年次	当期	単体	実績		経常利益	OrdinaryIncome	1436000000	JPY	1,436	CurrentYearDuration_NonConsolidatedMember_ResultMember	/disc/73200/081220240809569035_tse-acedjpsm-73200-20240809373200-ixbrl.htm
2024-08-09	年次	当期	単体	実績		経常利益の増減率	ChangeInOrdinaryIncome	0.499	Pure	49.9	CurrentYearDuration_NonConsolidatedMember_ResultMember	/disc/73200/081220240809569035_tse-acedjpsm-73200-20240809373200-ixbrl.htm
2024-08-09	年次	当期	単体	実績		当期純利益	NetIncome	929000000	JPY	929	CurrentYearDuration_NonConsolidatedMember_ResultMember	/disc/73200/081220240809569035_tse-acedjpsm-73200-20240809373200-ixbrl.htm
2024-08-09	年次	当期	単体	実績		当期純利益の増減率	ChangeInNetIncome	0.320	Pure	32.0	CurrentYearDuration_NonConsolidatedMember_ResultMember	/disc/73200/081220240809569035_tse-acedjpsm-73200-20240809373200-ixbrl.htm
2024-08-09	年次	前期	単体	実績		売上高	NetSales	3902000000	JPY	3,902	PriorYearDuration_NonConsolidatedMember_ResultMember	/disc/73200/081220240809569035_tse-acedjpsm-73200-20240809373200-ixbrl.htm
2024-08-09	年次	前期	単体	実績		売上高の増減率	ChangeInNetSales	0.229	Pure	22.9	PriorYearDuration_NonConsolidatedMember_ResultMember	/disc/73200/081220240809569035_tse-acedjpsm-73200-20240809373200-ixbrl.htm
2024-08-09	年次	前期	単体	実績		営業利益	OperatingIncome	751000000	JPY	751	PriorYearDuration_NonConsolidatedMember_ResultMember	/disc/73200/081220240809569035_tse-acedjpsm-73200-20240809373200-ixbrl.htm
2024-08-09	年次	前期	単体	実績		営業利益の増減率	ChangeInOperatingIncome	0.094	Pure	9.4	PriorYearDuration_NonConsolidatedMember_ResultMember	/disc/73200/081220240809569035_tse-acedjpsm-73200-20240809373200-ixbrl.htm
2024-08-09	年次	前期	単体	実績		経常利益	OrdinaryIncome	958000000	JPY	958	PriorYearDuration_NonConsolidatedMember_ResultMember	/disc/73200/081220240809569035_tse-acedjpsm-73200-20240809373200-ixbrl.htm
2024-08-09	年次	前期	単体	実績		経常利益の増減率	ChangeInOrdinaryIncome	0.198	Pure	19.8	PriorYearDuration_NonConsolidatedMember_ResultMember	/disc/73200/081220240809569035_tse-acedjpsm-73200-20240809373200-ixbrl.htm
2024-08-09	年次	前期	単体	実績		当期純利益	NetIncome	704000000	JPY	704	PriorYearDuration_NonConsolidatedMember_ResultMember	/disc/73200/081220240809569035_tse-acedjpsm-73200-20240809373200-ixbrl.htm
2024-08-09	年次	前期	単体	実績		当期純利益の増減率	ChangeInNetIncome	0.232	Pure	23.2	PriorYearDuration_NonConsolidatedMember_ResultMember	/disc/73200/081220240809569035_tse-acedjpsm-73200-20240809373200-ixbrl.htm
2024-08-09	年次	当期	単体	実績		1株当たり当期純利益	NetIncomePerShare	185.13	JPYPerShares	185.13	CurrentYearDuration_NonConsolidatedMember_ResultMember	/disc/73200/081220240809569035_tse-acedjpsm-73200-20240809373200-ixbrl.htm
2024-08-09	年次	当期	単体	実績		潜在株式調整後1株当たり当期純利益	DilutedNetIncomePerShare	185.11	JPYPerShares	185.11	CurrentYearDuration_NonConsolidatedMember_ResultMember	/disc/73200/081220240809569035_tse-acedjpsm-73200-20240809373200-ixbrl.htm
2024-08-09	年次	前期	単体	実績		1株当たり当期純利益	NetIncomePerShare	140.36	JPYPerShares	140.36	PriorYearDuration_NonConsolidatedMember_ResultMember	/disc/73200/081220240809569035_tse-acedjpsm-73200-20240809373200-ixbrl.htm
2024-08-09	年次	前期	単体	実績		潜在株式調整後1株当たり当期純利益	DilutedNetIncomePerShare	140.35	JPYPerShares	140.35	PriorYearDuration_NonConsolidatedMember_ResultMember	/disc/73200/081220240809569035_tse-acedjpsm-73200-20240809373200-ixbrl.htm
2024-08-09	年次	当期	単体	実績		総資産	TotalAssets	21911000000	JPY	21,911	CurrentYearInstant_NonConsolidatedMember_ResultMember	/disc/73200/081220240809569035_tse-acedjpsm-73200-20240809373200-ixbrl.htm
2024-08-09	年次	当期	単体	実績		純資産	NetAssets	2773000000	JPY	2,773	CurrentYearInstant_NonConsolidatedMember_ResultMember	/disc/73200/081220240809569035_tse-acedjpsm-73200-20240809373200-ixbrl.htm
2024-08-09	年次	当期	単体	実績		自己資本比率	CapitalAdequacyRatio	0.127	Pure	12.7	CurrentYearInstant_NonConsolidatedMember_ResultMember	/disc/73200/081220240809569035_tse-acedjpsm-73200-20240809373200-ixbrl.htm
2024-08-09	年次	当期	単体	実績		1株当たり純資産	NetAssetsPerShare	551.95	JPYPerShares	551.95	CurrentYearInstant_NonConsolidatedMember_ResultMember	/disc/73200/081220240809569035_tse-acedjpsm-73200-20240809373200-ixbrl.htm
2024-08-09	年次	前期	単体	実績		総資産	TotalAssets	18300000000	JPY	18,300	PriorYearInstant_NonConsolidatedMember_ResultMember	/disc/73200/081220240809569035_tse-acedjpsm-73200-20240809373200-ixbrl.htm
2024-08-09	年次	前期	単体	実績		純資産	NetAssets	1838000000	JPY	1,838	PriorYearInstant_NonConsolidatedMember_ResultMember	/disc/73200/081220240809569035_tse-acedjpsm-73200-20240809373200-ixbrl.htm
2024-08-09	年次	前期	単体	実績		自己資本比率	CapitalAdequacyRatio	0.100	Pure	10.0	PriorYearInstant_NonConsolidatedMember_ResultMember	/disc/73200/081220240809569035_tse-acedjpsm-73200-20240809373200-ixbrl.htm
2024-08-09	年次	前期	単体	実績		1株当たり純資産	NetAssetsPerShare	366.49	JPYPerShares	366.49	PriorYearInstant_NonConsolidatedMember_ResultMember	/disc/73200/081220240809569035_tse-acedjpsm-73200-20240809373200-ixbrl.htm
2024-08-09	年次	当期	単体	実績		自己資本	OwnersEquity	2773000000	JPY	2,773	CurrentYearInstant_NonConsolidatedMember_ResultMember	/disc/73200/081220240809569035_tse-acedjpsm-73200-20240809373200-ixbrl.htm
2024-08-09	年次	前期	単体	実績		自己資本	OwnersEquity	1838000000	JPY	1,838	PriorYearInstant_NonConsolidatedMember_ResultMember	/disc/73200/081220240809569035_tse-acedjpsm-73200-20240809373200-ixbrl.htm
2024-08-09	年次	当期	単体	実績		業績の注記	NoteToFinancialResults			当事業年度では、HomeworthTech事業においては、前期から継続的に取り組む各種SaaSなどの付加価値提供により建物保証を中心とした保証サービスが大きく進展したこと、ExtendTech事業においては、再生可能エネルギー関連機器を中心に引き続き高い社会的ニーズに支えられる形で進展したこと及び本来的に2025年６月期に予定していた売上の一部が先行して計上されたことを受けて前期比で大幅な増収となりました。	CurrentYearDuration_NonConsolidatedMember_ResultMember	/disc/73200/081220240809569035_tse-acedjpsm-73200-20240809373200-ixbrl.htm
2024-08-09	年次	来期				将来情報の利用に関する注意	NotesForUsingForecastedInformationAndOthers			（将来に関する記述等についてのご注意） 本資料に記載されている業績見通し等の将来に関する記述は、当社が入手している情報及び合理的であると判断する一定の前提に基づいており、その達成を当社として約束する趣旨のものではありません。また、実際の業績等は様々な要因により大きく異なる場合があります。業績予想の前提となる条件及び業績予想のご利用に当たっての注意事項等については、添付資料Ｐ．６「１．経営成績等の概況 （４）今後の見通し」をご覧ください。&#160;（決算補足説明資料及び決算説明会内容の入手方法） 当社は2024年８月９日（金）に録画配信での決算説明会を開催する予定です。 当日使用する決算説明会資料は、当社ウェブサイトに掲載いたします。	NextYearDuration	/disc/73200/081220240809569035_tse-acedjpsm-73200-20240809373200-ixbrl.htm
2024-08-09	年次	当期				決算期末	FiscalYearEnd			2024-06-30	CurrentYearInstant	/disc/73200/081220240809569035_tse-acedjpsm-73200-20240809373200-ixbrl.htm
2024-11-12	四半期	当期第1四半期累計				書類名	DocumentName			第１四半期決算短信〔日本基準〕（連結）	CurrentAccumulatedQ1Instant	/disc/73200/081220241112519254_tse-qcedjpsm-73200-20241112373200-ixbrl.htm
2024-11-12	四半期	当期第1四半期累計				提出日	FilingDate			2024年11月12日	CurrentAccumulatedQ1Instant	/disc/73200/081220241112519254_tse-qcedjpsm-73200-20241112373200-ixbrl.htm
2024-11-12	四半期	当期第1四半期累計				会社名	CompanyName			Solvvy株式会社	CurrentAccumulatedQ1Instant	/disc/73200/081220241112519254_tse-qcedjpsm-73200-20241112373200-ixbrl.htm
2024-11-12	四半期	当期第1四半期累計					TokyoStockExchange			東	CurrentAccumulatedQ1Instant	/disc/73200/081220241112519254_tse-qcedjpsm-73200-20241112373200-ixbrl.htm
2024-11-12	四半期	当期第1四半期累計				証券コード	SecuritiesCode			7320	CurrentAccumulatedQ1Instant	/disc/73200/081220241112519254_tse-qcedjpsm-73200-20241112373200-ixbrl.htm
2024-11-12	四半期	当期第1四半期累計				URL	URL			https://solvvy.co.jp/	CurrentAccumulatedQ1Instant	/disc/73200/081220241112519254_tse-qcedjpsm-73200-20241112373200-ixbrl.htm
2024-11-12	四半期	当期第1四半期累計				代表者の役職	TitleRepresentative			代表取締役社長	CurrentAccumulatedQ1Instant	/disc/73200/081220241112519254_tse-qcedjpsm-73200-20241112373200-ixbrl.htm
2024-11-12	四半期	当期第1四半期累計				代表者名	NameRepresentative			安達&#160; 慶高	CurrentAccumulatedQ1Instant	/disc/73200/081220241112519254_tse-qcedjpsm-73200-20241112373200-ixbrl.htm
2024-11-12	四半期	当期第1四半期累計					TitleInquiries			上席執行役員管理本部長	CurrentAccumulatedQ1Instant	/disc/73200/081220241112519254_tse-qcedjpsm-73200-20241112373200-ixbrl.htm
2024-11-12	四半期	当期第1四半期累計					NameInquiries			吉川&#160; 淳史	CurrentAccumulatedQ1Instant	/disc/73200/081220241112519254_tse-qcedjpsm-73200-20241112373200-ixbrl.htm
2024-11-12	四半期	当期第1四半期累計					Tel			03-6276-0401	CurrentAccumulatedQ1Instant	/disc/73200/081220241112519254_tse-qcedjpsm-73200-20241112373200-ixbrl.htm
2024-11-12	四半期	当期第1四半期累計					SupplementalMaterialOfResults			有	CurrentAccumulatedQ1Instant	/disc/73200/081220241112519254_tse-qcedjpsm-73200-20241112373200-ixbrl.htm
2024-11-12	四半期	当期第1四半期累計					ConveningBriefingOfResults			無	CurrentAccumulatedQ1Instant	/disc/73200/081220241112519254_tse-qcedjpsm-73200-20241112373200-ixbrl.htm
2024-11-12	四半期	当期第1四半期累計					NoteToFractionProcessingMethod			（百万円未満切捨て）	CurrentAccumulatedQ1Instant	/disc/73200/081220241112519254_tse-qcedjpsm-73200-20241112373200-ixbrl.htm
2024-11-12	四半期	当期第1四半期累計	連結	実績		売上高	NetSales	1473000000	JPY	1,473	CurrentAccumulatedQ1Duration_ConsolidatedMember_ResultMember	/disc/73200/081220241112519254_tse-qcedjpsm-73200-20241112373200-ixbrl.htm
2024-11-12	四半期	当期第1四半期累計	連結	実績		売上高の増減率	ChangeInNetSales	0.330	Pure	33.0	CurrentAccumulatedQ1Duration_ConsolidatedMember_ResultMember	/disc/73200/081220241112519254_tse-qcedjpsm-73200-20241112373200-ixbrl.htm
2024-11-12	四半期	当期第1四半期累計	連結	実績		営業利益	OperatingIncome	395000000	JPY	395	CurrentAccumulatedQ1Duration_ConsolidatedMember_ResultMember	/disc/73200/081220241112519254_tse-qcedjpsm-73200-20241112373200-ixbrl.htm
2024-11-12	四半期	当期第1四半期累計	連結	実績		営業利益の増減率	ChangeInOperatingIncome	0.511	Pure	51.1	CurrentAccumulatedQ1Duration_ConsolidatedMember_ResultMember	/disc/73200/081220241112519254_tse-qcedjpsm-73200-20241112373200-ixbrl.htm
2024-11-12	四半期	当期第1四半期累計	連結	実績		経常利益	OrdinaryIncome	480000000	JPY	480	CurrentAccumulatedQ1Duration_ConsolidatedMember_ResultMember	/disc/73200/081220241112519254_tse-qcedjpsm-73200-20241112373200-ixbrl.htm
2024-11-12	四半期	当期第1四半期累計	連結	実績		経常利益の増減率	ChangeInOrdinaryIncome	0.494	Pure	49.4	CurrentAccumulatedQ1Duration_ConsolidatedMember_ResultMember	/disc/73200/081220241112519254_tse-qcedjpsm-73200-20241112373200-ixbrl.htm
2024-11-12	四半期	当期第1四半期累計	連結	実績		親会社株主に帰属する当期純利益	ProfitAttributableToOwnersOfParent	326000000	JPY	326	CurrentAccumulatedQ1Duration_ConsolidatedMember_ResultMember	/disc/73200/081220241112519254_tse-qcedjpsm-73200-20241112373200-ixbrl.htm
2024-11-12	四半期	当期第1四半期累計	連結	実績		親会社株主に帰属する当期純利益の増減率	ChangeInProfitAttributableToOwnersOfParent	0.491	Pure	49.1	CurrentAccumulatedQ1Duration_ConsolidatedMember_ResultMember	/disc/73200/081220241112519254_tse-qcedjpsm-73200-20241112373200-ixbrl.htm
2024-11-12	四半期	前期第1四半期累計	連結	実績		売上高	NetSales	1108000000	JPY	1,108	PriorAccumulatedQ1Duration_ConsolidatedMember_ResultMember	/disc/73200/081220241112519254_tse-qcedjpsm-73200-20241112373200-ixbrl.htm
2024-11-12	四半期	前期第1四半期累計	連結	実績		売上高の増減率	ChangeInNetSales	0.327	Pure	32.7	PriorAccumulatedQ1Duration_ConsolidatedMember_ResultMember	/disc/73200/081220241112519254_tse-qcedjpsm-73200-20241112373200-ixbrl.htm
2024-11-12	四半期	前期第1四半期累計	連結	実績		営業利益	OperatingIncome	261000000	JPY	261	PriorAccumulatedQ1Duration_ConsolidatedMember_ResultMember	/disc/73200/081220241112519254_tse-qcedjpsm-73200-20241112373200-ixbrl.htm
2024-11-12	四半期	前期第1四半期累計	連結	実績		営業利益の増減率	ChangeInOperatingIncome	0.966	Pure	96.6	PriorAccumulatedQ1Duration_ConsolidatedMember_ResultMember	/disc/73200/081220241112519254_tse-qcedjpsm-73200-20241112373200-ixbrl.htm
2024-11-12	四半期	前期第1四半期累計	連結	実績		経常利益	OrdinaryIncome	321000000	JPY	321	PriorAccumulatedQ1Duration_ConsolidatedMember_ResultMember	/disc/73200/081220241112519254_tse-qcedjpsm-73200-20241112373200-ixbrl.htm
2024-11-12	四半期	前期第1四半期累計	連結	実績		経常利益の増減率	ChangeInOrdinaryIncome	0.878	Pure	87.8	PriorAccumulatedQ1Duration_ConsolidatedMember_ResultMember	/disc/73200/081220241112519254_tse-qcedjpsm-73200-20241112373200-ixbrl.htm
2024-11-12	四半期	前期第1四半期累計	連結	実績		親会社株主に帰属する当期純利益	ProfitAttributableToOwnersOfParent	219000000	JPY	219	PriorAccumulatedQ1Duration_ConsolidatedMember_ResultMember	/disc/73200/081220241112519254_tse-qcedjpsm-73200-20241112373200-ixbrl.htm
2024-11-12	四半期	前期第1四半期累計	連結	実績		親会社株主に帰属する当期純利益の増減率	ChangeInProfitAttributableToOwnersOfParent	0.830	Pure	83.0	PriorAccumulatedQ1Duration_ConsolidatedMember_ResultMember	/disc/73200/081220241112519254_tse-qcedjpsm-73200-20241112373200-ixbrl.htm
2024-11-12	四半期	当期第1四半期累計	連結	実績		包括利益	ComprehensiveIncome	211000000	JPY	211	CurrentAccumulatedQ1Duration_ConsolidatedMember_ResultMember	/disc/73200/081220241112519254_tse-qcedjpsm-73200-20241112373200-ixbrl.htm
2024-11-12	四半期	当期第1四半期累計	連結	実績		包括利益の増減率	ChangeInComprehensiveIncome	-0.067	Pure	6.7	CurrentAccumulatedQ1Duration_ConsolidatedMember_ResultMember	/disc/73200/081220241112519254_tse-qcedjpsm-73200-20241112373200-ixbrl.htm
2024-11-12	四半期	前期第1四半期累計	連結	実績		包括利益	ComprehensiveIncome	226000000	JPY	226	PriorAccumulatedQ1Duration_ConsolidatedMember_ResultMember	/disc/73200/081220241112519254_tse-qcedjpsm-73200-20241112373200-ixbrl.htm
2024-11-12	四半期	前期第1四半期累計	連結	実績		包括利益の増減率	ChangeInComprehensiveIncome	0.795	Pure	79.5	PriorAccumulatedQ1Duration_ConsolidatedMember_ResultMember	/disc/73200/081220241112519254_tse-qcedjpsm-73200-20241112373200-ixbrl.htm
2024-11-12	四半期	当期第1四半期累計	連結	実績		1株当たり当期純利益	NetIncomePerShare	65.08	JPYPerShares	65.08	CurrentAccumulatedQ1Duration_ConsolidatedMember_ResultMember	/disc/73200/081220241112519254_tse-qcedjpsm-73200-20241112373200-ixbrl.htm
2024-11-12	四半期	当期第1四半期累計	連結	実績		潜在株式調整後1株当たり当期純利益	DilutedNetIncomePerShare	65.07	JPYPerShares	65.07	CurrentAccumulatedQ1Duration_ConsolidatedMember_ResultMember	/disc/73200/081220241112519254_tse-qcedjpsm-73200-20241112373200-ixbrl.htm
2024-11-12	四半期	前期第1四半期累計	連結	実績		1株当たり当期純利益	NetIncomePerShare	43.73	JPYPerShares	43.73	PriorAccumulatedQ1Duration_ConsolidatedMember_ResultMember	/disc/73200/081220241112519254_tse-qcedjpsm-73200-20241112373200-ixbrl.htm
2024-11-12	四半期	前期第1四半期累計	連結	実績		潜在株式調整後1株当たり当期純利益	DilutedNetIncomePerShare	43.72	JPYPerShares	43.72	PriorAccumulatedQ1Duration_ConsolidatedMember_ResultMember	/disc/73200/081220241112519254_tse-qcedjpsm-73200-20241112373200-ixbrl.htm
2024-11-12	四半期	当期第1四半期累計	連結	実績		総資産	TotalAssets	24846000000	JPY	24,846	CurrentAccumulatedQ1Instant_ConsolidatedMember_ResultMember	/disc/73200/081220241112519254_tse-qcedjpsm-73200-20241112373200-ixbrl.htm
2024-11-12	四半期	当期第1四半期累計	連結	実績		純資産	NetAssets	3141000000	JPY	3,141	CurrentAccumulatedQ1Instant_ConsolidatedMember_ResultMember	/disc/73200/081220241112519254_tse-qcedjpsm-73200-20241112373200-ixbrl.htm
2024-11-12	四半期	当期第1四半期累計	連結	実績		自己資本比率	CapitalAdequacyRatio	0.126	Pure	12.6	CurrentAccumulatedQ1Instant_ConsolidatedMember_ResultMember	/disc/73200/081220241112519254_tse-qcedjpsm-73200-20241112373200-ixbrl.htm
2024-11-12	四半期	前期	連結	実績		総資産	TotalAssets	24593000000	JPY	24,593	PriorYearInstant_ConsolidatedMember_ResultMember	/disc/73200/081220241112519254_tse-qcedjpsm-73200-20241112373200-ixbrl.htm
2024-11-12	四半期	前期	連結	実績		純資産	NetAssets	3005000000	JPY	3,005	PriorYearInstant_ConsolidatedMember_ResultMember	/disc/73200/081220241112519254_tse-qcedjpsm-73200-20241112373200-ixbrl.htm
2024-11-12	四半期	前期	連結	実績		自己資本比率	CapitalAdequacyRatio	0.122	Pure	12.2	PriorYearInstant_ConsolidatedMember_ResultMember	/disc/73200/081220241112519254_tse-qcedjpsm-73200-20241112373200-ixbrl.htm
2024-11-12	四半期	当期第1四半期累計	連結	実績		自己資本	OwnersEquity	3141000000	JPY	3,141	CurrentAccumulatedQ1Instant_ConsolidatedMember_ResultMember	/disc/73200/081220241112519254_tse-qcedjpsm-73200-20241112373200-ixbrl.htm
2024-11-12	四半期	前期	連結	実績		自己資本	OwnersEquity	3005000000	JPY	3,005	PriorYearInstant_ConsolidatedMember_ResultMember	/disc/73200/081220241112519254_tse-qcedjpsm-73200-20241112373200-ixbrl.htm
2024-11-12	四半期	前期	単体	実績	第2四半期末	1株当たり配当金	DividendPerShare	0.00	JPYPerShares	0.00	PriorYearDuration_SecondQuarterMember_NonConsolidatedMember_ResultMember	/disc/73200/081220241112519254_tse-qcedjpsm-73200-20241112373200-ixbrl.htm
2024-11-12	四半期	前期	単体	実績	期末	1株当たり配当金	DividendPerShare	15.00	JPYPerShares	15.00	PriorYearDuration_YearEndMember_NonConsolidatedMember_ResultMember	/disc/73200/081220241112519254_tse-qcedjpsm-73200-20241112373200-ixbrl.htm
2024-11-12	四半期	前期	単体	実績	合計	1株当たり配当金	DividendPerShare	15.00	JPYPerShares	15.00	PriorYearDuration_AnnualMember_NonConsolidatedMember_ResultMember	/disc/73200/081220241112519254_tse-qcedjpsm-73200-20241112373200-ixbrl.htm
2024-11-12	四半期	当期	単体	予想	第2四半期末	1株当たり配当金	DividendPerShare	0.00	JPYPerShares	0.00	CurrentYearDuration_SecondQuarterMember_NonConsolidatedMember_ForecastMember	/disc/73200/081220241112519254_tse-qcedjpsm-73200-20241112373200-ixbrl.htm
2024-11-12	四半期	当期	単体	予想	期末	1株当たり配当金	DividendPerShare	20.00	JPYPerShares	20.00	CurrentYearDuration_YearEndMember_NonConsolidatedMember_ForecastMember	/disc/73200/081220241112519254_tse-qcedjpsm-73200-20241112373200-ixbrl.htm
2024-11-12	四半期	当期	単体	予想	合計	1株当たり配当金	DividendPerShare	20.00	JPYPerShares	20.00	CurrentYearDuration_AnnualMember_NonConsolidatedMember_ForecastMember	/disc/73200/081220241112519254_tse-qcedjpsm-73200-20241112373200-ixbrl.htm
2024-11-12	四半期	当期	単体	実績	合計	当四半期における配当予想の修正	CorrectionOfDividendForecastInThisQuarter			無	CurrentYearDuration_AnnualMember_NonConsolidatedMember_ResultMember	/disc/73200/081220241112519254_tse-qcedjpsm-73200-20241112373200-ixbrl.htm
2024-11-12	四半期	当期	連結	予想		業績予想の見出し	TitleForForecasts			３．2025年６月期の連結業績予想（2024年７月１日～2025年６月30日）	CurrentYearDuration_ConsolidatedMember_ForecastMember	/disc/73200/081220241112519254_tse-qcedjpsm-73200-20241112373200-ixbrl.htm
2024-11-12	四半期	当期第2四半期累計	連結	予想		売上高	NetSales	3179000000	JPY	3,179	CurrentAccumulatedQ2Duration_ConsolidatedMember_ForecastMember	/disc/73200/081220241112519254_tse-qcedjpsm-73200-20241112373200-ixbrl.htm
2024-11-12	四半期	当期第2四半期累計	連結	予想		売上高の増減率	ChangeInNetSales	0.385	Pure	38.5	CurrentAccumulatedQ2Duration_ConsolidatedMember_ForecastMember	/disc/73200/081220241112519254_tse-qcedjpsm-73200-20241112373200-ixbrl.htm
2024-11-12	四半期	当期第2四半期累計	連結	予想		営業利益	OperatingIncome	558000000	JPY	558	CurrentAccumulatedQ2Duration_ConsolidatedMember_ForecastMember	/disc/73200/081220241112519254_tse-qcedjpsm-73200-20241112373200-ixbrl.htm
2024-11-12	四半期	当期第2四半期累計	連結	予想		営業利益の増減率	ChangeInOperatingIncome	0.039	Pure	3.9	CurrentAccumulatedQ2Duration_ConsolidatedMember_ForecastMember	/disc/73200/081220241112519254_tse-qcedjpsm-73200-20241112373200-ixbrl.htm
2024-11-12	四半期	当期第2四半期累計	連結	予想		経常利益	OrdinaryIncome	729000000	JPY	729	CurrentAccumulatedQ2Duration_ConsolidatedMember_ForecastMember	/disc/73200/081220241112519254_tse-qcedjpsm-73200-20241112373200-ixbrl.htm
2024-11-12	四半期	当期第2四半期累計	連結	予想		経常利益の増減率	ChangeInOrdinaryIncome	0.119	Pure	11.9	CurrentAccumulatedQ2Duration_ConsolidatedMember_ForecastMember	/disc/73200/081220241112519254_tse-qcedjpsm-73200-20241112373200-ixbrl.htm
2024-11-12	四半期	当期第2四半期累計	連結	予想		親会社株主に帰属する当期純利益	ProfitAttributableToOwnersOfParent	535000000	JPY	535	CurrentAccumulatedQ2Duration_ConsolidatedMember_ForecastMember	/disc/73200/081220241112519254_tse-qcedjpsm-73200-20241112373200-ixbrl.htm
2024-11-12	四半期	当期第2四半期累計	連結	予想		親会社株主に帰属する当期純利益の増減率	ChangeInProfitAttributableToOwnersOfParent	0.204	Pure	20.4	CurrentAccumulatedQ2Duration_ConsolidatedMember_ForecastMember	/disc/73200/081220241112519254_tse-qcedjpsm-73200-20241112373200-ixbrl.htm
2024-11-12	四半期	当期第2四半期累計	連結	予想		1株当たり当期純利益	NetIncomePerShare	101.35	JPYPerShares	101.35	CurrentAccumulatedQ2Duration_ConsolidatedMember_ForecastMember	/disc/73200/081220241112519254_tse-qcedjpsm-73200-20241112373200-ixbrl.htm
2024-11-12	四半期	当期	連結	予想		売上高	NetSales	6900000000	JPY	6,900	CurrentYearDuration_ConsolidatedMember_ForecastMember	/disc/73200/081220241112519254_tse-qcedjpsm-73200-20241112373200-ixbrl.htm
2024-11-12	四半期	当期	連結	予想		売上高の増減率	ChangeInNetSales	0.288	Pure	28.8	CurrentYearDuration_ConsolidatedMember_ForecastMember	/disc/73200/081220241112519254_tse-qcedjpsm-73200-20241112373200-ixbrl.htm
2024-11-12	四半期	当期	連結	予想		営業利益	OperatingIncome	1300000000	JPY	1,300	CurrentYearDuration_ConsolidatedMember_ForecastMember	/disc/73200/081220241112519254_tse-qcedjpsm-73200-20241112373200-ixbrl.htm
2024-11-12	四半期	当期	連結	予想		営業利益の増減率	ChangeInOperatingIncome	0.048	Pure	4.8	CurrentYearDuration_ConsolidatedMember_ForecastMember	/disc/73200/081220241112519254_tse-qcedjpsm-73200-20241112373200-ixbrl.htm
2024-11-12	四半期	当期	連結	予想		経常利益	OrdinaryIncome	1600000000	JPY	1,600	CurrentYearDuration_ConsolidatedMember_ForecastMember	/disc/73200/081220241112519254_tse-qcedjpsm-73200-20241112373200-ixbrl.htm
2024-11-12	四半期	当期	連結	予想		経常利益の増減率	ChangeInOrdinaryIncome	0.058	Pure	5.8	CurrentYearDuration_ConsolidatedMember_ForecastMember	/disc/73200/081220241112519254_tse-qcedjpsm-73200-20241112373200-ixbrl.htm
2024-11-12	四半期	当期	連結	予想		親会社株主に帰属する当期純利益	ProfitAttributableToOwnersOfParent	1176000000	JPY	1,176	CurrentYearDuration_ConsolidatedMember_ForecastMember	/disc/73200/081220241112519254_tse-qcedjpsm-73200-20241112373200-ixbrl.htm
2024-11-12	四半期	当期	連結	予想		親会社株主に帰属する当期純利益の増減率	ChangeInProfitAttributableToOwnersOfParent	0.208	Pure	20.8	CurrentYearDuration_ConsolidatedMember_ForecastMember	/disc/73200/081220241112519254_tse-qcedjpsm-73200-20241112373200-ixbrl.htm
2024-11-12	四半期	当期	連結	予想		1株当たり当期純利益	NetIncomePerShare	212.54	JPYPerShares	212.54	CurrentYearDuration_ConsolidatedMember_ForecastMember	/disc/73200/081220241112519254_tse-qcedjpsm-73200-20241112373200-ixbrl.htm
2024-11-12	四半期	当期	連結	予想		当四半期における業績予想の修正	CorrectionOfConsolidatedFinancialForecastInThisQuarter			無	CurrentYearDuration_ConsolidatedMember_ForecastMember	/disc/73200/081220241112519254_tse-qcedjpsm-73200-20241112373200-ixbrl.htm
2024-11-12	四半期	当期	連結	予想		業績予想の注記	NoteToForecasts			当社及び株式会社メディアシーク（以下「メディアシーク」という。）は、2024年８月９日付の両社の取締役会決議により、当社を株式交換完全親会社、メディアシークを株式交換完全子会社とする株式交換（以下「本株式交換」という。）を実施することを決定し、2024年９月25日開催の当社の定時株主総会及び2024年９月26日開催のメディアシークの定時株主総会の決議による本株式交換契約の承認を得て、2024年11月１日を効力発生日として実施いたしました。１株当たり当期純利益については、本株式交換により交付した当社の普通株式974,345株（新株発行880,327株、自己株式の処分94,018株）を考慮して算出しております。	CurrentYearDuration_ConsolidatedMember_ForecastMember	/disc/73200/081220241112519254_tse-qcedjpsm-73200-20241112373200-ixbrl.htm
2024-11-12	四半期	当期第1四半期累計	連結	実績		期中の連結範囲の重要な変更	SignificantChangesInTheScopeOfConsolidationDuringThePeriod			無	CurrentAccumulatedQ1Duration_ConsolidatedMember_ResultMember	/disc/73200/081220241112519254_tse-qcedjpsm-73200-20241112373200-ixbrl.htm
2024-11-12	四半期	当期第1四半期累計	連結	実績			ApplyingOfSpecificAccountingOfTheConsolidatedQuarterlyFinancialStatements			有	CurrentAccumulatedQ1Duration_ConsolidatedMember_ResultMember	/disc/73200/081220241112519254_tse-qcedjpsm-73200-20241112373200-ixbrl.htm
2024-11-12	四半期	当期第1四半期累計	連結	実績			NoteToApplyingOfSpecificAccountingOfTheConsolidatedQuarterlyFinancialStatements			（注）詳細は、添付資料Ｐ．８「２．四半期連結財務諸表及び主な注記 （３）四半期連結財務諸表に関する注記事項（四半期連結財務諸表の作成に特有の会計処理に関する注記）」をご覧ください。	CurrentAccumulatedQ1Duration_ConsolidatedMember_ResultMember	/disc/73200/081220241112519254_tse-qcedjpsm-73200-20241112373200-ixbrl.htm
2024-11-12	四半期	当期第1四半期累計	連結	実績		会計基準等の改正に伴う変更	ChangesBasedOnRevisionsOfAccountingStandard			有	CurrentAccumulatedQ1Duration_ConsolidatedMember_ResultMember	/disc/73200/081220241112519254_tse-qcedjpsm-73200-20241112373200-ixbrl.htm
2024-11-12	四半期	当期第1四半期累計	連結	実績		それ以外の会計方針の変更	ChangesOtherThanOnesBasedOnRevisionsOfAccountingStandard			無	CurrentAccumulatedQ1Duration_ConsolidatedMember_ResultMember	/disc/73200/081220241112519254_tse-qcedjpsm-73200-20241112373200-ixbrl.htm
2024-11-12	四半期	当期第1四半期累計	連結	実績		会計上の見積りの変更	ChangesInAccountingEstimates			無	CurrentAccumulatedQ1Duration_ConsolidatedMember_ResultMember	/disc/73200/081220241112519254_tse-qcedjpsm-73200-20241112373200-ixbrl.htm
2024-11-12	四半期	当期第1四半期累計	連結	実績		修正再表示	RetrospectiveRestatement			無	CurrentAccumulatedQ1Duration_ConsolidatedMember_ResultMember	/disc/73200/081220241112519254_tse-qcedjpsm-73200-20241112373200-ixbrl.htm
2024-11-12	四半期	当期第1四半期累計	連結	実績			NoteToChangesInAccountingPoliciesAccountingEstimatesAndRetrospectiveRestatementQuarterlyConsolidated			（注）詳細は、添付資料Ｐ．８「２．四半期連結財務諸表及び主な注記 （３）四半期連結財務諸表に関する注記事項（会計方針の変更に関する注記）」をご覧ください。	CurrentAccumulatedQ1Duration_ConsolidatedMember_ResultMember	/disc/73200/081220241112519254_tse-qcedjpsm-73200-20241112373200-ixbrl.htm
2024-11-12	四半期	当期第1四半期累計	単体	実績		期末発行済株式数(自己株式を含む)	NumberOfIssuedAndOutstandingSharesAtTheEndOfFiscalYearIncludingTreasuryStock	5118300	Shares	5,118,300	CurrentAccumulatedQ1Instant_NonConsolidatedMember_ResultMember	/disc/73200/081220241112519254_tse-qcedjpsm-73200-20241112373200-ixbrl.htm
2024-11-12	四半期	前期	単体	実績		期末発行済株式数(自己株式を含む)	NumberOfIssuedAndOutstandingSharesAtTheEndOfFiscalYearIncludingTreasuryStock	5118300	Shares	5,118,300	PriorYearInstant_NonConsolidatedMember_ResultMember	/disc/73200/081220241112519254_tse-qcedjpsm-73200-20241112373200-ixbrl.htm
2024-11-12	四半期	当期第1四半期累計	単体	実績		期末自己株式数	NumberOfTreasuryStockAtTheEndOfFiscalYear	94018	Shares	94,018	CurrentAccumulatedQ1Instant_NonConsolidatedMember_ResultMember	/disc/73200/081220241112519254_tse-qcedjpsm-73200-20241112373200-ixbrl.htm
2024-11-12	四半期	前期	単体	実績		期末自己株式数	NumberOfTreasuryStockAtTheEndOfFiscalYear	93974	Shares	93,974	PriorYearInstant_NonConsolidatedMember_ResultMember	/disc/73200/081220241112519254_tse-qcedjpsm-73200-20241112373200-ixbrl.htm
2024-11-12	四半期	当期第1四半期累計	単体	実績		期中平均株式数	AverageNumberOfShares	5024308	Shares	5,024,308	CurrentAccumulatedQ1Duration_NonConsolidatedMember_ResultMember	/disc/73200/081220241112519254_tse-qcedjpsm-73200-20241112373200-ixbrl.htm
2024-11-12	四半期	前期第1四半期累計	単体	実績		期中平均株式数	AverageNumberOfShares	5016356	Shares	5,016,356	PriorAccumulatedQ1Duration_NonConsolidatedMember_ResultMember	/disc/73200/081220241112519254_tse-qcedjpsm-73200-20241112373200-ixbrl.htm
2024-11-12	四半期	当期第1四半期累計					ReviewOfAttachedConsolidatedQuarterlyFinancialStatementsByACertifiedPublicAccountantOrAnAuditFirm			無	CurrentAccumulatedQ1Duration	/disc/73200/081220241112519254_tse-qcedjpsm-73200-20241112373200-ixbrl.htm
2024-11-12	四半期	当期				将来情報の利用に関する注意	NotesForUsingForecastedInformationAndOthers			（将来に関する記述等についてのご注意） 本資料に記載されている業績見通し等の将来に関する記述は、当社が入手している情報及び合理的であると判断する一定の前提に基づいており、その達成を当社として約束する趣旨のものではありません。また、実際の業績等は様々な要因により大きく異なる場合があります。業績予想の前提となる条件及び業績予想のご利用に当たっての注意事項等については、添付資料Ｐ．４「１．経営成績等の概況 （３）連結業績予想などの将来予測情報に関する説明」をご覧ください。&#160;（決算補足説明資料の入手方法） 決算補足説明資料は、2024年11月12日(火)に当社ウェブサイトに掲載いたします。	CurrentYearDuration	/disc/73200/081220241112519254_tse-qcedjpsm-73200-20241112373200-ixbrl.htm
2024-11-12	四半期	当期				決算期末	FiscalYearEnd			2025-06-30	CurrentYearInstant	/disc/73200/081220241112519254_tse-qcedjpsm-73200-20241112373200-ixbrl.htm
2024-11-12	四半期	当期第1四半期累計				四半期	QuarterlyPeriod	1	Pure	1	CurrentAccumulatedQ1Instant	/disc/73200/081220241112519254_tse-qcedjpsm-73200-20241112373200-ixbrl.htm
2025-02-13	半期	当期第2四半期累計				書類名	DocumentName			第２四半期（中間期）決算短信〔日本基準〕（連結）	CurrentAccumulatedQ2Instant	/disc/73200/081220250213571941_tse-scedjpsy-73200-20250213373200-ixbrl.htm
2025-02-13	半期	当期第2四半期累計				提出日	FilingDate			2025年２月13日	CurrentAccumulatedQ2Instant	/disc/73200/081220250213571941_tse-scedjpsy-73200-20250213373200-ixbrl.htm
2025-02-13	半期	当期第2四半期累計				会社名	CompanyName			Solvvy株式会社	CurrentAccumulatedQ2Instant	/disc/73200/081220250213571941_tse-scedjpsy-73200-20250213373200-ixbrl.htm
2025-02-13	半期	当期第2四半期累計					TokyoStockExchange			東	CurrentAccumulatedQ2Instant	/disc/73200/081220250213571941_tse-scedjpsy-73200-20250213373200-ixbrl.htm
2025-02-13	半期	当期第2四半期累計				証券コード	SecuritiesCode			7320	CurrentAccumulatedQ2Instant	/disc/73200/081220250213571941_tse-scedjpsy-73200-20250213373200-ixbrl.htm
2025-02-13	半期	当期第2四半期累計				URL	URL			https://solvvy.co.jp/	CurrentAccumulatedQ2Instant	/disc/73200/081220250213571941_tse-scedjpsy-73200-20250213373200-ixbrl.htm
2025-02-13	半期	当期第2四半期累計				代表者の役職	TitleRepresentative			代表取締役社長	CurrentAccumulatedQ2Instant	/disc/73200/081220250213571941_tse-scedjpsy-73200-20250213373200-ixbrl.htm
2025-02-13	半期	当期第2四半期累計				代表者名	NameRepresentative			安達 慶高	CurrentAccumulatedQ2Instant	/disc/73200/081220250213571941_tse-scedjpsy-73200-20250213373200-ixbrl.htm
2025-02-13	半期	当期第2四半期累計					TitleInquiries			上席執行役員管理本部長	CurrentAccumulatedQ2Instant	/disc/73200/081220250213571941_tse-scedjpsy-73200-20250213373200-ixbrl.htm
2025-02-13	半期	当期第2四半期累計					NameInquiries			吉川 淳史	CurrentAccumulatedQ2Instant	/disc/73200/081220250213571941_tse-scedjpsy-73200-20250213373200-ixbrl.htm
2025-02-13	半期	当期第2四半期累計					Tel			03-6276-0401	CurrentAccumulatedQ2Instant	/disc/73200/081220250213571941_tse-scedjpsy-73200-20250213373200-ixbrl.htm
2025-02-13	半期	当期第2四半期累計					SemiAnnualStatementFilingDateAsPlanned			2025年２月13日	CurrentAccumulatedQ2Instant	/disc/73200/081220250213571941_tse-scedjpsy-73200-20250213373200-ixbrl.htm
2025-02-13	半期	当期第2四半期累計					SupplementalMaterialOfResults			有	CurrentAccumulatedQ2Instant	/disc/73200/081220250213571941_tse-scedjpsy-73200-20250213373200-ixbrl.htm
2025-02-13	半期	当期第2四半期累計					ConveningBriefingOfResults			有	CurrentAccumulatedQ2Instant	/disc/73200/081220250213571941_tse-scedjpsy-73200-20250213373200-ixbrl.htm
2025-02-13	半期	当期第2四半期累計					TargetForBriefingOfResults			（録画配信のみ）	CurrentAccumulatedQ2Instant	/disc/73200/081220250213571941_tse-scedjpsy-73200-20250213373200-ixbrl.htm
2025-02-13	半期	当期第2四半期累計					NoteToFractionProcessingMethod			（百万円未満切捨て）	CurrentAccumulatedQ2Instant	/disc/73200/081220250213571941_tse-scedjpsy-73200-20250213373200-ixbrl.htm
2025-02-13	半期	当期第2四半期累計	連結	実績		売上高	NetSales	2980000000	JPY	2,980	CurrentAccumulatedQ2Duration_ConsolidatedMember_ResultMember	/disc/73200/081220250213571941_tse-scedjpsy-73200-20250213373200-ixbrl.htm
2025-02-13	半期	当期第2四半期累計	連結	実績		売上高の増減率	ChangeInNetSales	0.299	Pure	29.9	CurrentAccumulatedQ2Duration_ConsolidatedMember_ResultMember	/disc/73200/081220250213571941_tse-scedjpsy-73200-20250213373200-ixbrl.htm
2025-02-13	半期	当期第2四半期累計	連結	実績		営業利益	OperatingIncome	668000000	JPY	668	CurrentAccumulatedQ2Duration_ConsolidatedMember_ResultMember	/disc/73200/081220250213571941_tse-scedjpsy-73200-20250213373200-ixbrl.htm
2025-02-13	半期	当期第2四半期累計	連結	実績		営業利益の増減率	ChangeInOperatingIncome	0.244	Pure	24.4	CurrentAccumulatedQ2Duration_ConsolidatedMember_ResultMember	/disc/73200/081220250213571941_tse-scedjpsy-73200-20250213373200-ixbrl.htm
2025-02-13	半期	当期第2四半期累計	連結	実績		経常利益	OrdinaryIncome	857000000	JPY	857	CurrentAccumulatedQ2Duration_ConsolidatedMember_ResultMember	/disc/73200/081220250213571941_tse-scedjpsy-73200-20250213373200-ixbrl.htm
2025-02-13	半期	当期第2四半期累計	連結	実績		経常利益の増減率	ChangeInOrdinaryIncome	0.315	Pure	31.5	CurrentAccumulatedQ2Duration_ConsolidatedMember_ResultMember	/disc/73200/081220250213571941_tse-scedjpsy-73200-20250213373200-ixbrl.htm
2025-02-13	半期	当期第2四半期累計	連結	実績		親会社株主に帰属する当期純利益	ProfitAttributableToOwnersOfParent	573000000	JPY	573	CurrentAccumulatedQ2Duration_ConsolidatedMember_ResultMember	/disc/73200/081220250213571941_tse-scedjpsy-73200-20250213373200-ixbrl.htm
2025-02-13	半期	当期第2四半期累計	連結	実績		親会社株主に帰属する当期純利益の増減率	ChangeInProfitAttributableToOwnersOfParent	0.291	Pure	29.1	CurrentAccumulatedQ2Duration_ConsolidatedMember_ResultMember	/disc/73200/081220250213571941_tse-scedjpsy-73200-20250213373200-ixbrl.htm
2025-02-13	半期	前期第2四半期累計	連結	実績		売上高	NetSales	2295000000	JPY	2,295	PriorAccumulatedQ2Duration_ConsolidatedMember_ResultMember	/disc/73200/081220250213571941_tse-scedjpsy-73200-20250213373200-ixbrl.htm
2025-02-13	半期	前期第2四半期累計	連結	実績		売上高の増減率	ChangeInNetSales	0.316	Pure	31.6	PriorAccumulatedQ2Duration_ConsolidatedMember_ResultMember	/disc/73200/081220250213571941_tse-scedjpsy-73200-20250213373200-ixbrl.htm
2025-02-13	半期	前期第2四半期累計	連結	実績		営業利益	OperatingIncome	537000000	JPY	537	PriorAccumulatedQ2Duration_ConsolidatedMember_ResultMember	/disc/73200/081220250213571941_tse-scedjpsy-73200-20250213373200-ixbrl.htm
2025-02-13	半期	前期第2四半期累計	連結	実績		営業利益の増減率	ChangeInOperatingIncome	0.628	Pure	62.8	PriorAccumulatedQ2Duration_ConsolidatedMember_ResultMember	/disc/73200/081220250213571941_tse-scedjpsy-73200-20250213373200-ixbrl.htm
2025-02-13	半期	前期第2四半期累計	連結	実績		経常利益	OrdinaryIncome	651000000	JPY	651	PriorAccumulatedQ2Duration_ConsolidatedMember_ResultMember	/disc/73200/081220250213571941_tse-scedjpsy-73200-20250213373200-ixbrl.htm
2025-02-13	半期	前期第2四半期累計	連結	実績		経常利益の増減率	ChangeInOrdinaryIncome	0.618	Pure	61.8	PriorAccumulatedQ2Duration_ConsolidatedMember_ResultMember	/disc/73200/081220250213571941_tse-scedjpsy-73200-20250213373200-ixbrl.htm
2025-02-13	半期	前期第2四半期累計	連結	実績		親会社株主に帰属する当期純利益	ProfitAttributableToOwnersOfParent	444000000	JPY	444	PriorAccumulatedQ2Duration_ConsolidatedMember_ResultMember	/disc/73200/081220250213571941_tse-scedjpsy-73200-20250213373200-ixbrl.htm
2025-02-13	半期	前期第2四半期累計	連結	実績		親会社株主に帰属する当期純利益の増減率	ChangeInProfitAttributableToOwnersOfParent	0.607	Pure	60.7	PriorAccumulatedQ2Duration_ConsolidatedMember_ResultMember	/disc/73200/081220250213571941_tse-scedjpsy-73200-20250213373200-ixbrl.htm
2025-02-13	半期	当期第2四半期累計	連結	実績		包括利益	ComprehensiveIncome	505000000	JPY	505	CurrentAccumulatedQ2Duration_ConsolidatedMember_ResultMember	/disc/73200/081220250213571941_tse-scedjpsy-73200-20250213373200-ixbrl.htm
2025-02-13	半期	当期第2四半期累計	連結	実績		包括利益の増減率	ChangeInComprehensiveIncome	0.227	Pure	22.7	CurrentAccumulatedQ2Duration_ConsolidatedMember_ResultMember	/disc/73200/081220250213571941_tse-scedjpsy-73200-20250213373200-ixbrl.htm
2025-02-13	半期	前期第2四半期累計	連結	実績		包括利益	ComprehensiveIncome	412000000	JPY	412	PriorAccumulatedQ2Duration_ConsolidatedMember_ResultMember	/disc/73200/081220250213571941_tse-scedjpsy-73200-20250213373200-ixbrl.htm
2025-02-13	半期	前期第2四半期累計	連結	実績		包括利益の増減率	ChangeInComprehensiveIncome	0.592	Pure	59.2	PriorAccumulatedQ2Duration_ConsolidatedMember_ResultMember	/disc/73200/081220250213571941_tse-scedjpsy-73200-20250213373200-ixbrl.htm
2025-02-13	半期	当期第2四半期累計	連結	実績		1株当たり当期純利益	NetIncomePerShare	109.02	JPYPerShares	109.02	CurrentAccumulatedQ2Duration_ConsolidatedMember_ResultMember	/disc/73200/081220250213571941_tse-scedjpsy-73200-20250213373200-ixbrl.htm
2025-02-13	半期	当期第2四半期累計	連結	実績		潜在株式調整後1株当たり当期純利益	DilutedNetIncomePerShare	109.01	JPYPerShares	109.01	CurrentAccumulatedQ2Duration_ConsolidatedMember_ResultMember	/disc/73200/081220250213571941_tse-scedjpsy-73200-20250213373200-ixbrl.htm
2025-02-13	半期	前期第2四半期累計	連結	実績		1株当たり当期純利益	NetIncomePerShare	88.61	JPYPerShares	88.61	PriorAccumulatedQ2Duration_ConsolidatedMember_ResultMember	/disc/73200/081220250213571941_tse-scedjpsy-73200-20250213373200-ixbrl.htm
2025-02-13	半期	前期第2四半期累計	連結	実績		潜在株式調整後1株当たり当期純利益	DilutedNetIncomePerShare	88.60	JPYPerShares	88.60	PriorAccumulatedQ2Duration_ConsolidatedMember_ResultMember	/disc/73200/081220250213571941_tse-scedjpsy-73200-20250213373200-ixbrl.htm
2025-02-13	半期	当期第2四半期累計	連結	実績		総資産	TotalAssets	28041000000	JPY	28,041	CurrentAccumulatedQ2Instant_ConsolidatedMember_ResultMember	/disc/73200/081220250213571941_tse-scedjpsy-73200-20250213373200-ixbrl.htm
2025-02-13	半期	当期第2四半期累計	連結	実績		純資産	NetAssets	5368000000	JPY	5,368	CurrentAccumulatedQ2Instant_ConsolidatedMember_ResultMember	/disc/73200/081220250213571941_tse-scedjpsy-73200-20250213373200-ixbrl.htm
2025-02-13	半期	当期第2四半期累計	連結	実績		自己資本比率	CapitalAdequacyRatio	0.191	Pure	19.1	CurrentAccumulatedQ2Instant_ConsolidatedMember_ResultMember	/disc/73200/081220250213571941_tse-scedjpsy-73200-20250213373200-ixbrl.htm
2025-02-13	半期	前期	連結	実績		総資産	TotalAssets	24593000000	JPY	24,593	PriorYearInstant_ConsolidatedMember_ResultMember	/disc/73200/081220250213571941_tse-scedjpsy-73200-20250213373200-ixbrl.htm
2025-02-13	半期	前期	連結	実績		純資産	NetAssets	3005000000	JPY	3,005	PriorYearInstant_ConsolidatedMember_ResultMember	/disc/73200/081220250213571941_tse-scedjpsy-73200-20250213373200-ixbrl.htm
2025-02-13	半期	前期	連結	実績		自己資本比率	CapitalAdequacyRatio	0.122	Pure	12.2	PriorYearInstant_ConsolidatedMember_ResultMember	/disc/73200/081220250213571941_tse-scedjpsy-73200-20250213373200-ixbrl.htm
2025-02-13	半期	当期第2四半期累計	連結	実績		自己資本	OwnersEquity	5347000000	JPY	5,347	CurrentAccumulatedQ2Instant_ConsolidatedMember_ResultMember	/disc/73200/081220250213571941_tse-scedjpsy-73200-20250213373200-ixbrl.htm
2025-02-13	半期	前期	連結	実績		自己資本	OwnersEquity	3005000000	JPY	3,005	PriorYearInstant_ConsolidatedMember_ResultMember	/disc/73200/081220250213571941_tse-scedjpsy-73200-20250213373200-ixbrl.htm
2025-02-13	半期	前期	単体	実績	第2四半期末	1株当たり配当金	DividendPerShare	0.00	JPYPerShares	0.00	PriorYearDuration_SecondQuarterMember_NonConsolidatedMember_ResultMember	/disc/73200/081220250213571941_tse-scedjpsy-73200-20250213373200-ixbrl.htm
2025-02-13	半期	前期	単体	実績	期末	1株当たり配当金	DividendPerShare	15.00	JPYPerShares	15.00	PriorYearDuration_YearEndMember_NonConsolidatedMember_ResultMember	/disc/73200/081220250213571941_tse-scedjpsy-73200-20250213373200-ixbrl.htm
2025-02-13	半期	前期	単体	実績	合計	1株当たり配当金	DividendPerShare	15.00	JPYPerShares	15.00	PriorYearDuration_AnnualMember_NonConsolidatedMember_ResultMember	/disc/73200/081220250213571941_tse-scedjpsy-73200-20250213373200-ixbrl.htm
2025-02-13	半期	当期	単体	実績	第2四半期末	1株当たり配当金	DividendPerShare	0.00	JPYPerShares	0.00	CurrentYearDuration_SecondQuarterMember_NonConsolidatedMember_ResultMember	/disc/73200/081220250213571941_tse-scedjpsy-73200-20250213373200-ixbrl.htm
2025-02-13	半期	当期	単体	予想	期末	1株当たり配当金	DividendPerShare	20.00	JPYPerShares	20.00	CurrentYearDuration_YearEndMember_NonConsolidatedMember_ForecastMember	/disc/73200/081220250213571941_tse-scedjpsy-73200-20250213373200-ixbrl.htm
2025-02-13	半期	当期	単体	予想	合計	1株当たり配当金	DividendPerShare	20.00	JPYPerShares	20.00	CurrentYearDuration_AnnualMember_NonConsolidatedMember_ForecastMember	/disc/73200/081220250213571941_tse-scedjpsy-73200-20250213373200-ixbrl.htm
2025-02-13	半期	当期	単体	実績	合計	当四半期における配当予想の修正	CorrectionOfDividendForecastInThisQuarter			無	CurrentYearDuration_AnnualMember_NonConsolidatedMember_ResultMember	/disc/73200/081220250213571941_tse-scedjpsy-73200-20250213373200-ixbrl.htm
2025-02-13	半期	当期第3四半期累計	単体	実績	合計	配当の注記	NoteToDividends			2025年６月期（予想）期末配当金の内訳 普通配当 15円00銭 記念配当 ５円00銭	CurrentAccumulatedQ3Duration_AnnualMember_NonConsolidatedMember_ResultMember	/disc/73200/081220250213571941_tse-scedjpsy-73200-20250213373200-ixbrl.htm
2025-02-13	半期	当期	連結	予想		業績予想の見出し	TitleForForecasts			３．2025年６月期の連結業績予想（2024年７月１日～2025年６月30日）	CurrentYearDuration_ConsolidatedMember_ForecastMember	/disc/73200/081220250213571941_tse-scedjpsy-73200-20250213373200-ixbrl.htm
2025-02-13	半期	当期	連結	予想		売上高	NetSales	6900000000	JPY	6,900	CurrentYearDuration_ConsolidatedMember_ForecastMember	/disc/73200/081220250213571941_tse-scedjpsy-73200-20250213373200-ixbrl.htm
2025-02-13	半期	当期	連結	予想		売上高の増減率	ChangeInNetSales	0.288	Pure	28.8	CurrentYearDuration_ConsolidatedMember_ForecastMember	/disc/73200/081220250213571941_tse-scedjpsy-73200-20250213373200-ixbrl.htm
2025-02-13	半期	当期	連結	予想		営業利益	OperatingIncome	1300000000	JPY	1,300	CurrentYearDuration_ConsolidatedMember_ForecastMember	/disc/73200/081220250213571941_tse-scedjpsy-73200-20250213373200-ixbrl.htm
2025-02-13	半期	当期	連結	予想		営業利益の増減率	ChangeInOperatingIncome	0.048	Pure	4.8	CurrentYearDuration_ConsolidatedMember_ForecastMember	/disc/73200/081220250213571941_tse-scedjpsy-73200-20250213373200-ixbrl.htm
2025-02-13	半期	当期	連結	予想		経常利益	OrdinaryIncome	1600000000	JPY	1,600	CurrentYearDuration_ConsolidatedMember_ForecastMember	/disc/73200/081220250213571941_tse-scedjpsy-73200-20250213373200-ixbrl.htm
2025-02-13	半期	当期	連結	予想		経常利益の増減率	ChangeInOrdinaryIncome	0.058	Pure	5.8	CurrentYearDuration_ConsolidatedMember_ForecastMember	/disc/73200/081220250213571941_tse-scedjpsy-73200-20250213373200-ixbrl.htm
2025-02-13	半期	当期	連結	予想		親会社株主に帰属する当期純利益	ProfitAttributableToOwnersOfParent	1176000000	JPY	1,176	CurrentYearDuration_ConsolidatedMember_ForecastMember	/disc/73200/081220250213571941_tse-scedjpsy-73200-20250213373200-ixbrl.htm
2025-02-13	半期	当期	連結	予想		親会社株主に帰属する当期純利益の増減率	ChangeInProfitAttributableToOwnersOfParent	0.208	Pure	20.8	CurrentYearDuration_ConsolidatedMember_ForecastMember	/disc/73200/081220250213571941_tse-scedjpsy-73200-20250213373200-ixbrl.htm
2025-02-13	半期	当期	連結	予想		1株当たり当期純利益	NetIncomePerShare	212.54	JPYPerShares	212.54	CurrentYearDuration_ConsolidatedMember_ForecastMember	/disc/73200/081220250213571941_tse-scedjpsy-73200-20250213373200-ixbrl.htm
2025-02-13	半期	当期	連結	予想		当四半期における業績予想の修正	CorrectionOfConsolidatedFinancialForecastInThisQuarter			無	CurrentYearDuration_ConsolidatedMember_ForecastMember	/disc/73200/081220250213571941_tse-scedjpsy-73200-20250213373200-ixbrl.htm
2025-02-13	半期	当期	連結	予想		業績予想の注記	NoteToForecasts			当社及び株式会社メディアシーク（以下「メディアシーク」という。）は、2024年８月９日付の両社の取締役会決議により、当社を株式交換完全親会社、メディアシークを株式交換完全子会社とする株式交換（以下「本株式交換」という。）を実施することを決定し、2024年９月25日開催の当社の定時株主総会及び2024年９月26日開催のメディアシークの定時株主総会の決議による本株式交換契約の承認を得て、2024年11月１日を効力発生日として実施いたしました。１株当たり当期純利益については、本株式交換により交付した当社の普通株式974,345株（新株発行880,327株、自己株式の処分94,018株）を考慮して算出しております。	CurrentYearDuration_ConsolidatedMember_ForecastMember	/disc/73200/081220250213571941_tse-scedjpsy-73200-20250213373200-ixbrl.htm
2025-02-13	半期	当期第2四半期累計	連結	実績		期中の連結範囲の重要な変更	SignificantChangesInTheScopeOfConsolidationDuringThePeriod			有	CurrentAccumulatedQ2Duration_ConsolidatedMember_ResultMember	/disc/73200/081220250213571941_tse-scedjpsy-73200-20250213373200-ixbrl.htm
2025-02-13	半期	当期第2四半期累計	連結	実績		新規連結子会社数	NumberOfSubsidiariesNewlyConsolidated	3	NumberOfCompanies	3	CurrentAccumulatedQ2Duration_ConsolidatedMember_ResultMember	/disc/73200/081220250213571941_tse-scedjpsy-73200-20250213373200-ixbrl.htm
2025-02-13	半期	当期第2四半期累計	連結	実績		新規連結子会社の名称	NameOfSubsidiariesNewlyConsolidated			株式会社メディアシーク、スタートメディアジャパン株式会社、株式会社メディアシークキャピタル	CurrentAccumulatedQ2Duration_ConsolidatedMember_ResultMember	/disc/73200/081220250213571941_tse-scedjpsy-73200-20250213373200-ixbrl.htm
2025-02-13	半期	当期第2四半期累計	連結	実績			NoteToSignificantChangesInTheScopeOfConsolidationDuringThePeriod			（注）詳細は、添付資料Ｐ．12「２．中間連結財務諸表及び主な注記 （４）中間連結財務諸表に関する注記事項（連結の範囲又は持分法適用の範囲の変更に関する注記）」をご覧ください。	CurrentAccumulatedQ2Duration_ConsolidatedMember_ResultMember	/disc/73200/081220250213571941_tse-scedjpsy-73200-20250213373200-ixbrl.htm
2025-02-13	半期	当期第2四半期累計	連結	実績			ApplyingOfSpecificAccountingOfTheConsolidatedSemiAnnualFinancialStatements			有	CurrentAccumulatedQ2Duration_ConsolidatedMember_ResultMember	/disc/73200/081220250213571941_tse-scedjpsy-73200-20250213373200-ixbrl.htm
2025-02-13	半期	当期第2四半期累計	連結	実績			NoteToApplyingOfSpecificAccountingOfTheConsolidatedSemiAnnualFinancialStatements			（注）詳細は、添付資料Ｐ．10「２．中間連結財務諸表及び主な注記 （４）中間連結財務諸表に関する注記事項（中間連結財務諸表の作成に特有の会計処理に関する注記）」をご覧ください。	CurrentAccumulatedQ2Duration_ConsolidatedMember_ResultMember	/disc/73200/081220250213571941_tse-scedjpsy-73200-20250213373200-ixbrl.htm
2025-02-13	半期	当期第2四半期累計	連結	実績		会計基準等の改正に伴う変更	ChangesBasedOnRevisionsOfAccountingStandard			有	CurrentAccumulatedQ2Duration_ConsolidatedMember_ResultMember	/disc/73200/081220250213571941_tse-scedjpsy-73200-20250213373200-ixbrl.htm
2025-02-13	半期	当期第2四半期累計	連結	実績		それ以外の会計方針の変更	ChangesOtherThanOnesBasedOnRevisionsOfAccountingStandard			無	CurrentAccumulatedQ2Duration_ConsolidatedMember_ResultMember	/disc/73200/081220250213571941_tse-scedjpsy-73200-20250213373200-ixbrl.htm
2025-02-13	半期	当期第2四半期累計	連結	実績		会計上の見積りの変更	ChangesInAccountingEstimates			無	CurrentAccumulatedQ2Duration_ConsolidatedMember_ResultMember	/disc/73200/081220250213571941_tse-scedjpsy-73200-20250213373200-ixbrl.htm
2025-02-13	半期	当期第2四半期累計	連結	実績		修正再表示	RetrospectiveRestatement			無	CurrentAccumulatedQ2Duration_ConsolidatedMember_ResultMember	/disc/73200/081220250213571941_tse-scedjpsy-73200-20250213373200-ixbrl.htm
2025-02-13	半期	当期第2四半期累計	連結	実績			NoteToChangesInAccountingPoliciesAccountingEstimatesAndRetrospectiveRestatementQuarterlyConsolidated			（注）詳細は、添付資料Ｐ．10「２．中間連結財務諸表及び主な注記 （４）中間連結財務諸表に関する注記事項（会計方針の変更に関する注記）」をご覧ください。	CurrentAccumulatedQ2Duration_ConsolidatedMember_ResultMember	/disc/73200/081220250213571941_tse-scedjpsy-73200-20250213373200-ixbrl.htm
2025-02-13	半期	当期第2四半期累計	単体	実績		期末発行済株式数(自己株式を含む)	NumberOfIssuedAndOutstandingSharesAtTheEndOfFiscalYearIncludingTreasuryStock	5998627	Shares	5,998,627	CurrentAccumulatedQ2Instant_NonConsolidatedMember_ResultMember	/disc/73200/081220250213571941_tse-scedjpsy-73200-20250213373200-ixbrl.htm
2025-02-13	半期	前期	単体	実績		期末発行済株式数(自己株式を含む)	NumberOfIssuedAndOutstandingSharesAtTheEndOfFiscalYearIncludingTreasuryStock	5118300	Shares	5,118,300	PriorYearInstant_NonConsolidatedMember_ResultMember	/disc/73200/081220250213571941_tse-scedjpsy-73200-20250213373200-ixbrl.htm
2025-02-13	半期	当期第2四半期累計	単体	実績		期末自己株式数	NumberOfTreasuryStockAtTheEndOfFiscalYear	237810	Shares	237,810	CurrentAccumulatedQ2Instant_NonConsolidatedMember_ResultMember	/disc/73200/081220250213571941_tse-scedjpsy-73200-20250213373200-ixbrl.htm
2025-02-13	半期	前期	単体	実績		期末自己株式数	NumberOfTreasuryStockAtTheEndOfFiscalYear	93974	Shares	93,974	PriorYearInstant_NonConsolidatedMember_ResultMember	/disc/73200/081220250213571941_tse-scedjpsy-73200-20250213373200-ixbrl.htm
2025-02-13	半期	当期第2四半期累計	単体	実績		期中平均株式数	AverageNumberOfShares	5263671	Shares	5,263,671	CurrentAccumulatedQ2Duration_NonConsolidatedMember_ResultMember	/disc/73200/081220250213571941_tse-scedjpsy-73200-20250213373200-ixbrl.htm
2025-02-13	半期	前期第2四半期累計	単体	実績		期中平均株式数	AverageNumberOfShares	5016342	Shares	5,016,342	PriorAccumulatedQ2Duration_NonConsolidatedMember_ResultMember	/disc/73200/081220250213571941_tse-scedjpsy-73200-20250213373200-ixbrl.htm
2025-02-13	半期	当期				将来情報の利用に関する注意	NotesForUsingForecastedInformationAndOthers			（将来に関する記述等についてのご注意） 本資料に記載されている業績見通し等の将来に関する記述は、当社が入手している情報及び合理的であると判断する一定の前提に基づいており、その達成を当社として約束する趣旨のものではありません。また、実際の業績等は様々な要因により大きく異なる場合があります。業績予想の前提となる条件及び業績予想のご利用に当たっての注意事項等については、添付資料Ｐ．４「１．経営成績等の概況 （４）連結業績予想などの将来予測情報に関する説明」をご覧ください。&#160;（決算補足説明資料及び決算説明会内容の入手方法） 当社は2025年２月18日（火）に録画配信での決算説明会を開催する予定です。 当日使用する決算説明会資料は、当社ウェブサイトに掲載いたします。&#160;	CurrentYearDuration	/disc/73200/081220250213571941_tse-scedjpsy-73200-20250213373200-ixbrl.htm
2025-02-13	半期	当期				決算期末	FiscalYearEnd			2025-06-30	CurrentYearInstant	/disc/73200/081220250213571941_tse-scedjpsy-73200-20250213373200-ixbrl.htm
2025-02-13	半期	当期第2四半期累計				四半期	QuarterlyPeriod	2	Pure	2	CurrentAccumulatedQ2Instant	/disc/73200/081220250213571941_tse-scedjpsy-73200-20250213373200-ixbrl.htm
2025-05-13	四半期	当期第3四半期累計				書類名	DocumentName			第３四半期決算短信〔日本基準〕（連結）	CurrentAccumulatedQ3Instant	/disc/73200/081220250513544462_tse-qcedjpsm-73200-20250513373200-ixbrl.htm
2025-05-13	四半期	当期第3四半期累計				提出日	FilingDate			2025年５月13日	CurrentAccumulatedQ3Instant	/disc/73200/081220250513544462_tse-qcedjpsm-73200-20250513373200-ixbrl.htm
2025-05-13	四半期	当期第3四半期累計				会社名	CompanyName			Solvvy株式会社	CurrentAccumulatedQ3Instant	/disc/73200/081220250513544462_tse-qcedjpsm-73200-20250513373200-ixbrl.htm
2025-05-13	四半期	当期第3四半期累計					TokyoStockExchange			東	CurrentAccumulatedQ3Instant	/disc/73200/081220250513544462_tse-qcedjpsm-73200-20250513373200-ixbrl.htm
2025-05-13	四半期	当期第3四半期累計				証券コード	SecuritiesCode			7320	CurrentAccumulatedQ3Instant	/disc/73200/081220250513544462_tse-qcedjpsm-73200-20250513373200-ixbrl.htm
2025-05-13	四半期	当期第3四半期累計				URL	URL			https://solvvy.co.jp/	CurrentAccumulatedQ3Instant	/disc/73200/081220250513544462_tse-qcedjpsm-73200-20250513373200-ixbrl.htm
2025-05-13	四半期	当期第3四半期累計				代表者の役職	TitleRepresentative			代表取締役社長	CurrentAccumulatedQ3Instant	/disc/73200/081220250513544462_tse-qcedjpsm-73200-20250513373200-ixbrl.htm
2025-05-13	四半期	当期第3四半期累計				代表者名	NameRepresentative			安達&#160; 慶高	CurrentAccumulatedQ3Instant	/disc/73200/081220250513544462_tse-qcedjpsm-73200-20250513373200-ixbrl.htm
2025-05-13	四半期	当期第3四半期累計					TitleInquiries			上席執行役員管理本部長	CurrentAccumulatedQ3Instant	/disc/73200/081220250513544462_tse-qcedjpsm-73200-20250513373200-ixbrl.htm
2025-05-13	四半期	当期第3四半期累計					NameInquiries			吉川 淳史	CurrentAccumulatedQ3Instant	/disc/73200/081220250513544462_tse-qcedjpsm-73200-20250513373200-ixbrl.htm
2025-05-13	四半期	当期第3四半期累計					Tel			03-6276-0401	CurrentAccumulatedQ3Instant	/disc/73200/081220250513544462_tse-qcedjpsm-73200-20250513373200-ixbrl.htm
2025-05-13	四半期	当期第3四半期累計					SupplementalMaterialOfResults			有	CurrentAccumulatedQ3Instant	/disc/73200/081220250513544462_tse-qcedjpsm-73200-20250513373200-ixbrl.htm
2025-05-13	四半期	当期第3四半期累計					ConveningBriefingOfResults			無	CurrentAccumulatedQ3Instant	/disc/73200/081220250513544462_tse-qcedjpsm-73200-20250513373200-ixbrl.htm
2025-05-13	四半期	当期第3四半期累計					NoteToFractionProcessingMethod			（百万円未満切捨て）	CurrentAccumulatedQ3Instant	/disc/73200/081220250513544462_tse-qcedjpsm-73200-20250513373200-ixbrl.htm
2025-05-13	四半期	当期第3四半期累計	連結	実績		売上高	NetSales	4659000000	JPY	4,659	CurrentAccumulatedQ3Duration_ConsolidatedMember_ResultMember	/disc/73200/081220250513544462_tse-qcedjpsm-73200-20250513373200-ixbrl.htm
2025-05-13	四半期	当期第3四半期累計	連結	実績		売上高の増減率	ChangeInNetSales	0.312	Pure	31.2	CurrentAccumulatedQ3Duration_ConsolidatedMember_ResultMember	/disc/73200/081220250513544462_tse-qcedjpsm-73200-20250513373200-ixbrl.htm
2025-05-13	四半期	当期第3四半期累計	連結	実績		営業利益	OperatingIncome	1047000000	JPY	1,047	CurrentAccumulatedQ3Duration_ConsolidatedMember_ResultMember	/disc/73200/081220250513544462_tse-qcedjpsm-73200-20250513373200-ixbrl.htm
2025-05-13	四半期	当期第3四半期累計	連結	実績		営業利益の増減率	ChangeInOperatingIncome	0.336	Pure	33.6	CurrentAccumulatedQ3Duration_ConsolidatedMember_ResultMember	/disc/73200/081220250513544462_tse-qcedjpsm-73200-20250513373200-ixbrl.htm
2025-05-13	四半期	当期第3四半期累計	連結	実績		経常利益	OrdinaryIncome	1360000000	JPY	1,360	CurrentAccumulatedQ3Duration_ConsolidatedMember_ResultMember	/disc/73200/081220250513544462_tse-qcedjpsm-73200-20250513373200-ixbrl.htm
2025-05-13	四半期	当期第3四半期累計	連結	実績		経常利益の増減率	ChangeInOrdinaryIncome	0.392	Pure	39.2	CurrentAccumulatedQ3Duration_ConsolidatedMember_ResultMember	/disc/73200/081220250513544462_tse-qcedjpsm-73200-20250513373200-ixbrl.htm
2025-05-13	四半期	当期第3四半期累計	連結	実績		親会社株主に帰属する当期純利益	ProfitAttributableToOwnersOfParent	930000000	JPY	930	CurrentAccumulatedQ3Duration_ConsolidatedMember_ResultMember	/disc/73200/081220250513544462_tse-qcedjpsm-73200-20250513373200-ixbrl.htm
2025-05-13	四半期	当期第3四半期累計	連結	実績		親会社株主に帰属する当期純利益の増減率	ChangeInProfitAttributableToOwnersOfParent	0.396	Pure	39.6	CurrentAccumulatedQ3Duration_ConsolidatedMember_ResultMember	/disc/73200/081220250513544462_tse-qcedjpsm-73200-20250513373200-ixbrl.htm
2025-05-13	四半期	前期第3四半期累計	連結	実績		売上高	NetSales	3551000000	JPY	3,551	PriorAccumulatedQ3Duration_ConsolidatedMember_ResultMember	/disc/73200/081220250513544462_tse-qcedjpsm-73200-20250513373200-ixbrl.htm
2025-05-13	四半期	前期第3四半期累計	連結	実績		売上高の増減率	ChangeInNetSales	0.304	Pure	30.4	PriorAccumulatedQ3Duration_ConsolidatedMember_ResultMember	/disc/73200/081220250513544462_tse-qcedjpsm-73200-20250513373200-ixbrl.htm
2025-05-13	四半期	前期第3四半期累計	連結	実績		営業利益	OperatingIncome	784000000	JPY	784	PriorAccumulatedQ3Duration_ConsolidatedMember_ResultMember	/disc/73200/081220250513544462_tse-qcedjpsm-73200-20250513373200-ixbrl.htm
2025-05-13	四半期	前期第3四半期累計	連結	実績		営業利益の増減率	ChangeInOperatingIncome	0.470	Pure	47.0	PriorAccumulatedQ3Duration_ConsolidatedMember_ResultMember	/disc/73200/081220250513544462_tse-qcedjpsm-73200-20250513373200-ixbrl.htm
2025-05-13	四半期	前期第3四半期累計	連結	実績		経常利益	OrdinaryIncome	976000000	JPY	976	PriorAccumulatedQ3Duration_ConsolidatedMember_ResultMember	/disc/73200/081220250513544462_tse-qcedjpsm-73200-20250513373200-ixbrl.htm
2025-05-13	四半期	前期第3四半期累計	連結	実績		経常利益の増減率	ChangeInOrdinaryIncome	0.380	Pure	38.0	PriorAccumulatedQ3Duration_ConsolidatedMember_ResultMember	/disc/73200/081220250513544462_tse-qcedjpsm-73200-20250513373200-ixbrl.htm
2025-05-13	四半期	前期第3四半期累計	連結	実績		親会社株主に帰属する当期純利益	ProfitAttributableToOwnersOfParent	666000000	JPY	666	PriorAccumulatedQ3Duration_ConsolidatedMember_ResultMember	/disc/73200/081220250513544462_tse-qcedjpsm-73200-20250513373200-ixbrl.htm
2025-05-13	四半期	前期第3四半期累計	連結	実績		親会社株主に帰属する当期純利益の増減率	ChangeInProfitAttributableToOwnersOfParent	0.372	Pure	37.2	PriorAccumulatedQ3Duration_ConsolidatedMember_ResultMember	/disc/73200/081220250513544462_tse-qcedjpsm-73200-20250513373200-ixbrl.htm
2025-05-13	四半期	当期第3四半期累計	連結	実績		包括利益	ComprehensiveIncome	908000000	JPY	908	CurrentAccumulatedQ3Duration_ConsolidatedMember_ResultMember	/disc/73200/081220250513544462_tse-qcedjpsm-73200-20250513373200-ixbrl.htm
2025-05-13	四半期	当期第3四半期累計	連結	実績		包括利益の増減率	ChangeInComprehensiveIncome	0.279	Pure	27.9	CurrentAccumulatedQ3Duration_ConsolidatedMember_ResultMember	/disc/73200/081220250513544462_tse-qcedjpsm-73200-20250513373200-ixbrl.htm
2025-05-13	四半期	前期第3四半期累計	連結	実績		包括利益	ComprehensiveIncome	709000000	JPY	709	PriorAccumulatedQ3Duration_ConsolidatedMember_ResultMember	/disc/73200/081220250513544462_tse-qcedjpsm-73200-20250513373200-ixbrl.htm
2025-05-13	四半期	前期第3四半期累計	連結	実績		包括利益の増減率	ChangeInComprehensiveIncome	0.606	Pure	60.6	PriorAccumulatedQ3Duration_ConsolidatedMember_ResultMember	/disc/73200/081220250513544462_tse-qcedjpsm-73200-20250513373200-ixbrl.htm
2025-05-13	四半期	当期第3四半期累計	連結	実績		1株当たり当期純利益	NetIncomePerShare	171.27	JPYPerShares	171.27	CurrentAccumulatedQ3Duration_ConsolidatedMember_ResultMember	/disc/73200/081220250513544462_tse-qcedjpsm-73200-20250513373200-ixbrl.htm
2025-05-13	四半期	当期第3四半期累計	連結	実績		潜在株式調整後1株当たり当期純利益	DilutedNetIncomePerShare	171.26	JPYPerShares	171.26	CurrentAccumulatedQ3Duration_ConsolidatedMember_ResultMember	/disc/73200/081220250513544462_tse-qcedjpsm-73200-20250513373200-ixbrl.htm
2025-05-13	四半期	前期第3四半期累計	連結	実績		1株当たり当期純利益	NetIncomePerShare	132.81	JPYPerShares	132.81	PriorAccumulatedQ3Duration_ConsolidatedMember_ResultMember	/disc/73200/081220250513544462_tse-qcedjpsm-73200-20250513373200-ixbrl.htm
2025-05-13	四半期	前期第3四半期累計	連結	実績		潜在株式調整後1株当たり当期純利益	DilutedNetIncomePerShare	132.80	JPYPerShares	132.80	PriorAccumulatedQ3Duration_ConsolidatedMember_ResultMember	/disc/73200/081220250513544462_tse-qcedjpsm-73200-20250513373200-ixbrl.htm
2025-05-13	四半期	当期第3四半期累計	連結	実績		総資産	TotalAssets	29000000000	JPY	29,000	CurrentAccumulatedQ3Instant_ConsolidatedMember_ResultMember	/disc/73200/081220250513544462_tse-qcedjpsm-73200-20250513373200-ixbrl.htm
2025-05-13	四半期	当期第3四半期累計	連結	実績		純資産	NetAssets	5648000000	JPY	5,648	CurrentAccumulatedQ3Instant_ConsolidatedMember_ResultMember	/disc/73200/081220250513544462_tse-qcedjpsm-73200-20250513373200-ixbrl.htm
2025-05-13	四半期	当期第3四半期累計	連結	実績		自己資本比率	CapitalAdequacyRatio	0.194	Pure	19.4	CurrentAccumulatedQ3Instant_ConsolidatedMember_ResultMember	/disc/73200/081220250513544462_tse-qcedjpsm-73200-20250513373200-ixbrl.htm
2025-05-13	四半期	前期	連結	実績		総資産	TotalAssets	24593000000	JPY	24,593	PriorYearInstant_ConsolidatedMember_ResultMember	/disc/73200/081220250513544462_tse-qcedjpsm-73200-20250513373200-ixbrl.htm
2025-05-13	四半期	前期	連結	実績		純資産	NetAssets	3005000000	JPY	3,005	PriorYearInstant_ConsolidatedMember_ResultMember	/disc/73200/081220250513544462_tse-qcedjpsm-73200-20250513373200-ixbrl.htm
2025-05-13	四半期	前期	連結	実績		自己資本比率	CapitalAdequacyRatio	0.122	Pure	12.2	PriorYearInstant_ConsolidatedMember_ResultMember	/disc/73200/081220250513544462_tse-qcedjpsm-73200-20250513373200-ixbrl.htm
2025-05-13	四半期	当期第3四半期累計	連結	実績		自己資本	OwnersEquity	5627000000	JPY	5,627	CurrentAccumulatedQ3Instant_ConsolidatedMember_ResultMember	/disc/73200/081220250513544462_tse-qcedjpsm-73200-20250513373200-ixbrl.htm
2025-05-13	四半期	前期	連結	実績		自己資本	OwnersEquity	3005000000	JPY	3,005	PriorYearInstant_ConsolidatedMember_ResultMember	/disc/73200/081220250513544462_tse-qcedjpsm-73200-20250513373200-ixbrl.htm
2025-05-13	四半期	前期	単体	実績	第2四半期末	1株当たり配当金	DividendPerShare	0.00	JPYPerShares	0.00	PriorYearDuration_SecondQuarterMember_NonConsolidatedMember_ResultMember	/disc/73200/081220250513544462_tse-qcedjpsm-73200-20250513373200-ixbrl.htm
2025-05-13	四半期	前期	単体	実績	期末	1株当たり配当金	DividendPerShare	15.00	JPYPerShares	15.00	PriorYearDuration_YearEndMember_NonConsolidatedMember_ResultMember	/disc/73200/081220250513544462_tse-qcedjpsm-73200-20250513373200-ixbrl.htm
2025-05-13	四半期	前期	単体	実績	合計	1株当たり配当金	DividendPerShare	15.00	JPYPerShares	15.00	PriorYearDuration_AnnualMember_NonConsolidatedMember_ResultMember	/disc/73200/081220250513544462_tse-qcedjpsm-73200-20250513373200-ixbrl.htm
2025-05-13	四半期	当期	単体	実績	第2四半期末	1株当たり配当金	DividendPerShare	0.00	JPYPerShares	0.00	CurrentYearDuration_SecondQuarterMember_NonConsolidatedMember_ResultMember	/disc/73200/081220250513544462_tse-qcedjpsm-73200-20250513373200-ixbrl.htm
2025-05-13	四半期	当期	単体	予想	期末	1株当たり配当金	DividendPerShare	28.00	JPYPerShares	28.00	CurrentYearDuration_YearEndMember_NonConsolidatedMember_ForecastMember	/disc/73200/081220250513544462_tse-qcedjpsm-73200-20250513373200-ixbrl.htm
2025-05-13	四半期	当期	単体	予想	合計	1株当たり配当金	DividendPerShare	28.00	JPYPerShares	28.00	CurrentYearDuration_AnnualMember_NonConsolidatedMember_ForecastMember	/disc/73200/081220250513544462_tse-qcedjpsm-73200-20250513373200-ixbrl.htm
2025-05-13	四半期	当期	単体	実績	合計	当四半期における配当予想の修正	CorrectionOfDividendForecastInThisQuarter			有	CurrentYearDuration_AnnualMember_NonConsolidatedMember_ResultMember	/disc/73200/081220250513544462_tse-qcedjpsm-73200-20250513373200-ixbrl.htm
2025-05-13	四半期	当期第3四半期累計	単体	実績	合計	配当の注記	NoteToDividends			2025年６月期（予想）期末配当金の内訳 普通配当 23円00銭 記念配当 ５円00銭	CurrentAccumulatedQ3Duration_AnnualMember_NonConsolidatedMember_ResultMember	/disc/73200/081220250513544462_tse-qcedjpsm-73200-20250513373200-ixbrl.htm
2025-05-13	四半期	当期	連結	予想		業績予想の見出し	TitleForForecasts			３．2025年６月期の連結業績予想（2024年７月１日～2025年６月30日）	CurrentYearDuration_ConsolidatedMember_ForecastMember	/disc/73200/081220250513544462_tse-qcedjpsm-73200-20250513373200-ixbrl.htm
2025-05-13	四半期	当期	連結	予想		売上高	NetSales	6900000000	JPY	6,900	CurrentYearDuration_ConsolidatedMember_ForecastMember	/disc/73200/081220250513544462_tse-qcedjpsm-73200-20250513373200-ixbrl.htm
2025-05-13	四半期	当期	連結	予想		売上高の増減率	ChangeInNetSales	0.288	Pure	28.8	CurrentYearDuration_ConsolidatedMember_ForecastMember	/disc/73200/081220250513544462_tse-qcedjpsm-73200-20250513373200-ixbrl.htm
2025-05-13	四半期	当期	連結	予想		営業利益	OperatingIncome	1300000000	JPY	1,300	CurrentYearDuration_ConsolidatedMember_ForecastMember	/disc/73200/081220250513544462_tse-qcedjpsm-73200-20250513373200-ixbrl.htm
2025-05-13	四半期	当期	連結	予想		営業利益の増減率	ChangeInOperatingIncome	0.048	Pure	4.8	CurrentYearDuration_ConsolidatedMember_ForecastMember	/disc/73200/081220250513544462_tse-qcedjpsm-73200-20250513373200-ixbrl.htm
2025-05-13	四半期	当期	連結	予想		経常利益	OrdinaryIncome	1600000000	JPY	1,600	CurrentYearDuration_ConsolidatedMember_ForecastMember	/disc/73200/081220250513544462_tse-qcedjpsm-73200-20250513373200-ixbrl.htm
2025-05-13	四半期	当期	連結	予想		経常利益の増減率	ChangeInOrdinaryIncome	0.058	Pure	5.8	CurrentYearDuration_ConsolidatedMember_ForecastMember	/disc/73200/081220250513544462_tse-qcedjpsm-73200-20250513373200-ixbrl.htm
2025-05-13	四半期	当期	連結	予想		親会社株主に帰属する当期純利益	ProfitAttributableToOwnersOfParent	1176000000	JPY	1,176	CurrentYearDuration_ConsolidatedMember_ForecastMember	/disc/73200/081220250513544462_tse-qcedjpsm-73200-20250513373200-ixbrl.htm
2025-05-13	四半期	当期	連結	予想		親会社株主に帰属する当期純利益の増減率	ChangeInProfitAttributableToOwnersOfParent	0.208	Pure	20.8	CurrentYearDuration_ConsolidatedMember_ForecastMember	/disc/73200/081220250513544462_tse-qcedjpsm-73200-20250513373200-ixbrl.htm
2025-05-13	四半期	当期	連結	予想		1株当たり当期純利益	NetIncomePerShare	212.54	JPYPerShares	212.54	CurrentYearDuration_ConsolidatedMember_ForecastMember	/disc/73200/081220250513544462_tse-qcedjpsm-73200-20250513373200-ixbrl.htm
2025-05-13	四半期	当期	連結	予想		当四半期における業績予想の修正	CorrectionOfConsolidatedFinancialForecastInThisQuarter			無	CurrentYearDuration_ConsolidatedMember_ForecastMember	/disc/73200/081220250513544462_tse-qcedjpsm-73200-20250513373200-ixbrl.htm
2025-05-13	四半期	当期	連結	予想		業績予想の注記	NoteToForecasts			当社及び株式会社メディアシーク（以下「メディアシーク」という。）は、2024年８月９日付の両社の取締役会決議により、当社を株式交換完全親会社、メディアシークを株式交換完全子会社とする株式交換（以下「本株式交換」という。）を実施することを決定し、2024年９月25日開催の当社の定時株主総会及び2024年９月26日開催のメディアシークの定時株主総会の決議による本株式交換契約の承認を得て、2024年11月１日を効力発生日として実施いたしました。１株当たり当期純利益については、本株式交換により交付した当社の普通株式974,345株（新株発行880,327株、自己株式の処分94,018株）を考慮して算出しております。	CurrentYearDuration_ConsolidatedMember_ForecastMember	/disc/73200/081220250513544462_tse-qcedjpsm-73200-20250513373200-ixbrl.htm
2025-05-13	四半期	当期第3四半期累計	連結	実績		期中の連結範囲の重要な変更	SignificantChangesInTheScopeOfConsolidationDuringThePeriod			有	CurrentAccumulatedQ3Duration_ConsolidatedMember_ResultMember	/disc/73200/081220250513544462_tse-qcedjpsm-73200-20250513373200-ixbrl.htm
2025-05-13	四半期	当期第3四半期累計	連結	実績		新規連結子会社数	NumberOfSubsidiariesNewlyConsolidated	3	NumberOfCompanies	3	CurrentAccumulatedQ3Duration_ConsolidatedMember_ResultMember	/disc/73200/081220250513544462_tse-qcedjpsm-73200-20250513373200-ixbrl.htm
2025-05-13	四半期	当期第3四半期累計	連結	実績		新規連結子会社の名称	NameOfSubsidiariesNewlyConsolidated			株式会社メディアシーク、スタートメディアジャパン株式会社、株式会社メディアシークキャピタル	CurrentAccumulatedQ3Duration_ConsolidatedMember_ResultMember	/disc/73200/081220250513544462_tse-qcedjpsm-73200-20250513373200-ixbrl.htm
2025-05-13	四半期	当期第1四半期累計	連結	実績			NoteToSignificantChangesInTheScopeOfConsolidationDuringThePeriod			（注）詳細は、添付資料Ｐ．12「２．四半期連結財務諸表及び主な注記 （３）四半期連結財務諸表に関する注記事項（連結の範囲又は持分法適用の範囲の変更に関する注記）」をご覧ください。	CurrentAccumulatedQ1Duration_ConsolidatedMember_ResultMember	/disc/73200/081220250513544462_tse-qcedjpsm-73200-20250513373200-ixbrl.htm
2025-05-13	四半期	当期第3四半期累計	連結	実績			ApplyingOfSpecificAccountingOfTheConsolidatedQuarterlyFinancialStatements			有	CurrentAccumulatedQ3Duration_ConsolidatedMember_ResultMember	/disc/73200/081220250513544462_tse-qcedjpsm-73200-20250513373200-ixbrl.htm
2025-05-13	四半期	当期第3四半期累計	連結	実績			NoteToApplyingOfSpecificAccountingOfTheConsolidatedQuarterlyFinancialStatements			（注）詳細は、添付資料Ｐ．９「２．四半期連結財務諸表及び主な注記 （３）四半期連結財務諸表に関する注記事項（四半期連結財務諸表の作成に特有の会計処理に関する注記）」をご覧ください。	CurrentAccumulatedQ3Duration_ConsolidatedMember_ResultMember	/disc/73200/081220250513544462_tse-qcedjpsm-73200-20250513373200-ixbrl.htm
2025-05-13	四半期	当期第3四半期累計	連結	実績		会計基準等の改正に伴う変更	ChangesBasedOnRevisionsOfAccountingStandard			有	CurrentAccumulatedQ3Duration_ConsolidatedMember_ResultMember	/disc/73200/081220250513544462_tse-qcedjpsm-73200-20250513373200-ixbrl.htm
2025-05-13	四半期	当期第3四半期累計	連結	実績		それ以外の会計方針の変更	ChangesOtherThanOnesBasedOnRevisionsOfAccountingStandard			無	CurrentAccumulatedQ3Duration_ConsolidatedMember_ResultMember	/disc/73200/081220250513544462_tse-qcedjpsm-73200-20250513373200-ixbrl.htm
2025-05-13	四半期	当期第3四半期累計	連結	実績		会計上の見積りの変更	ChangesInAccountingEstimates			無	CurrentAccumulatedQ3Duration_ConsolidatedMember_ResultMember	/disc/73200/081220250513544462_tse-qcedjpsm-73200-20250513373200-ixbrl.htm
2025-05-13	四半期	当期第3四半期累計	連結	実績		修正再表示	RetrospectiveRestatement			無	CurrentAccumulatedQ3Duration_ConsolidatedMember_ResultMember	/disc/73200/081220250513544462_tse-qcedjpsm-73200-20250513373200-ixbrl.htm
2025-05-13	四半期	当期第3四半期累計	連結	実績			NoteToChangesInAccountingPoliciesAccountingEstimatesAndRetrospectiveRestatementQuarterlyConsolidated			（注）詳細は、添付資料Ｐ．９「２．四半期連結財務諸表及び主な注記 （３）四半期連結財務諸表に関する注記事項（会計方針の変更に関する注記）」をご覧ください。	CurrentAccumulatedQ3Duration_ConsolidatedMember_ResultMember	/disc/73200/081220250513544462_tse-qcedjpsm-73200-20250513373200-ixbrl.htm
2025-05-13	四半期	当期第3四半期累計	単体	実績		期末発行済株式数(自己株式を含む)	NumberOfIssuedAndOutstandingSharesAtTheEndOfFiscalYearIncludingTreasuryStock	5998627	Shares	5,998,627	CurrentAccumulatedQ3Instant_NonConsolidatedMember_ResultMember	/disc/73200/081220250513544462_tse-qcedjpsm-73200-20250513373200-ixbrl.htm
2025-05-13	四半期	前期	単体	実績		期末発行済株式数(自己株式を含む)	NumberOfIssuedAndOutstandingSharesAtTheEndOfFiscalYearIncludingTreasuryStock	5118300	Shares	5,118,300	PriorYearInstant_NonConsolidatedMember_ResultMember	/disc/73200/081220250513544462_tse-qcedjpsm-73200-20250513373200-ixbrl.htm
2025-05-13	四半期	当期第3四半期累計	単体	実績		期末自己株式数	NumberOfTreasuryStockAtTheEndOfFiscalYear	238210	Shares	238,210	CurrentAccumulatedQ3Instant_NonConsolidatedMember_ResultMember	/disc/73200/081220250513544462_tse-qcedjpsm-73200-20250513373200-ixbrl.htm
2025-05-13	四半期	前期	単体	実績		期末自己株式数	NumberOfTreasuryStockAtTheEndOfFiscalYear	93974	Shares	93,974	PriorYearInstant_NonConsolidatedMember_ResultMember	/disc/73200/081220250513544462_tse-qcedjpsm-73200-20250513373200-ixbrl.htm
2025-05-13	四半期	当期第3四半期累計	単体	実績		期中平均株式数	AverageNumberOfShares	5432798	Shares	5,432,798	CurrentAccumulatedQ3Duration_NonConsolidatedMember_ResultMember	/disc/73200/081220250513544462_tse-qcedjpsm-73200-20250513373200-ixbrl.htm
2025-05-13	四半期	前期第3四半期累計	単体	実績		期中平均株式数	AverageNumberOfShares	5018781	Shares	5,018,781	PriorAccumulatedQ3Duration_NonConsolidatedMember_ResultMember	/disc/73200/081220250513544462_tse-qcedjpsm-73200-20250513373200-ixbrl.htm
2025-05-13	四半期	当期第3四半期累計					ReviewOfAttachedConsolidatedQuarterlyFinancialStatementsByACertifiedPublicAccountantOrAnAuditFirm			無	CurrentAccumulatedQ3Duration	/disc/73200/081220250513544462_tse-qcedjpsm-73200-20250513373200-ixbrl.htm
2025-05-13	四半期	当期				将来情報の利用に関する注意	NotesForUsingForecastedInformationAndOthers			（将来に関する記述等についてのご注意） 本資料に記載されている業績見通し等の将来に関する記述は、当社が入手している情報及び合理的であると判断する一定の前提に基づいており、その達成を当社として約束する趣旨のものではありません。また、実際の業績等は様々な要因により大きく異なる場合があります。業績予想の前提となる条件及び業績予想のご利用に当たっての注意事項等については、添付資料Ｐ．５「１．経営成績等の概況 （３）連結業績予想などの将来予測情報に関する説明」をご覧ください。&#160;（決算補足説明資料の入手方法） 決算補足説明資料は、2025年５月13日(火)に当社ウェブサイトに掲載いたします。	CurrentYearDuration	/disc/73200/081220250513544462_tse-qcedjpsm-73200-20250513373200-ixbrl.htm
2025-05-13	四半期	当期				決算期末	FiscalYearEnd			2025-06-30	CurrentYearInstant	/disc/73200/081220250513544462_tse-qcedjpsm-73200-20250513373200-ixbrl.htm
2025-05-13	四半期	当期第3四半期累計				四半期	QuarterlyPeriod	3	Pure	3	CurrentAccumulatedQ3Instant	/disc/73200/081220250513544462_tse-qcedjpsm-73200-20250513373200-ixbrl.htm
2025-08-13	年次	当期				書類名	DocumentName			決算短信〔日本基準〕（連結）	CurrentYearInstant	/disc/73200/081220250813540993_tse-acedjpsm-73200-20250813373200-ixbrl.htm
2025-08-13	年次	当期				提出日	FilingDate			2025年８月13日	CurrentYearInstant	/disc/73200/081220250813540993_tse-acedjpsm-73200-20250813373200-ixbrl.htm
2025-08-13	年次	当期				会社名	CompanyName			Solvvy株式会社	CurrentYearInstant	/disc/73200/081220250813540993_tse-acedjpsm-73200-20250813373200-ixbrl.htm
2025-08-13	年次	当期					TokyoStockExchange			東	CurrentYearInstant	/disc/73200/081220250813540993_tse-acedjpsm-73200-20250813373200-ixbrl.htm
2025-08-13	年次	当期				証券コード	SecuritiesCode			7320	CurrentYearInstant	/disc/73200/081220250813540993_tse-acedjpsm-73200-20250813373200-ixbrl.htm
2025-08-13	年次	当期				URL	URL			https://solvvy.co.jp/	CurrentYearInstant	/disc/73200/081220250813540993_tse-acedjpsm-73200-20250813373200-ixbrl.htm
2025-08-13	年次	当期				代表者の役職	TitleRepresentative			代表取締役社長	CurrentYearInstant	/disc/73200/081220250813540993_tse-acedjpsm-73200-20250813373200-ixbrl.htm
2025-08-13	年次	当期				代表者名	NameRepresentative			安達 慶高	CurrentYearInstant	/disc/73200/081220250813540993_tse-acedjpsm-73200-20250813373200-ixbrl.htm
2025-08-13	年次	当期					TitleInquiries			上席執行役員経営管理本部長	CurrentYearInstant	/disc/73200/081220250813540993_tse-acedjpsm-73200-20250813373200-ixbrl.htm
2025-08-13	年次	当期					NameInquiries			吉川 淳史	CurrentYearInstant	/disc/73200/081220250813540993_tse-acedjpsm-73200-20250813373200-ixbrl.htm
2025-08-13	年次	当期					Tel			03-6276-0401	CurrentYearInstant	/disc/73200/081220250813540993_tse-acedjpsm-73200-20250813373200-ixbrl.htm
2025-08-13	年次	当期					DateOfGeneralShareholdersMeetingAsPlanned			2025年９月25日	CurrentYearInstant	/disc/73200/081220250813540993_tse-acedjpsm-73200-20250813373200-ixbrl.htm
2025-08-13	年次	当期					DividendPayableDateAsPlanned			2025年９月26日	CurrentYearInstant	/disc/73200/081220250813540993_tse-acedjpsm-73200-20250813373200-ixbrl.htm
2025-08-13	年次	当期					AnnualSecuritiesReportFilingDateAsPlanned			2025年９月24日	CurrentYearInstant	/disc/73200/081220250813540993_tse-acedjpsm-73200-20250813373200-ixbrl.htm
2025-08-13	年次	当期					SupplementalMaterialOfAnnualResults			有	CurrentYearInstant	/disc/73200/081220250813540993_tse-acedjpsm-73200-20250813373200-ixbrl.htm
2025-08-13	年次	当期					ConveningBriefingOfAnnualResults			無	CurrentYearInstant	/disc/73200/081220250813540993_tse-acedjpsm-73200-20250813373200-ixbrl.htm
2025-08-13	年次	当期					NoteToFractionProcessingMethod			（百万円未満切捨て）	CurrentYearInstant	/disc/73200/081220250813540993_tse-acedjpsm-73200-20250813373200-ixbrl.htm
2025-08-13	年次	当期	連結	実績		売上高	NetSales	6705000000	JPY	6,705	CurrentYearDuration_ConsolidatedMember_ResultMember	/disc/73200/081220250813540993_tse-acedjpsm-73200-20250813373200-ixbrl.htm
2025-08-13	年次	当期	連結	実績		売上高の増減率	ChangeInNetSales	0.251	Pure	25.1	CurrentYearDuration_ConsolidatedMember_ResultMember	/disc/73200/081220250813540993_tse-acedjpsm-73200-20250813373200-ixbrl.htm
2025-08-13	年次	当期	連結	実績		営業利益	OperatingIncome	1620000000	JPY	1,620	CurrentYearDuration_ConsolidatedMember_ResultMember	/disc/73200/081220250813540993_tse-acedjpsm-73200-20250813373200-ixbrl.htm
2025-08-13	年次	当期	連結	実績		営業利益の増減率	ChangeInOperatingIncome	0.307	Pure	30.7	CurrentYearDuration_ConsolidatedMember_ResultMember	/disc/73200/081220250813540993_tse-acedjpsm-73200-20250813373200-ixbrl.htm
2025-08-13	年次	当期	連結	実績		経常利益	OrdinaryIncome	1977000000	JPY	1,977	CurrentYearDuration_ConsolidatedMember_ResultMember	/disc/73200/081220250813540993_tse-acedjpsm-73200-20250813373200-ixbrl.htm
2025-08-13	年次	当期	連結	実績		経常利益の増減率	ChangeInOrdinaryIncome	0.307	Pure	30.7	CurrentYearDuration_ConsolidatedMember_ResultMember	/disc/73200/081220250813540993_tse-acedjpsm-73200-20250813373200-ixbrl.htm
2025-08-13	年次	当期	連結	実績		親会社株主に帰属する当期純利益	ProfitAttributableToOwnersOfParent	-628000000	JPY	628	CurrentYearDuration_ConsolidatedMember_ResultMember	/disc/73200/081220250813540993_tse-acedjpsm-73200-20250813373200-ixbrl.htm
2025-08-13	年次	前期	連結	実績		売上高	NetSales	5359000000	JPY	5,359	PriorYearDuration_ConsolidatedMember_ResultMember	/disc/73200/081220250813540993_tse-acedjpsm-73200-20250813373200-ixbrl.htm
2025-08-13	年次	前期	連結	実績		売上高の増減率	ChangeInNetSales	0.367	Pure	36.7	PriorYearDuration_ConsolidatedMember_ResultMember	/disc/73200/081220250813540993_tse-acedjpsm-73200-20250813373200-ixbrl.htm
2025-08-13	年次	前期	連結	実績		営業利益	OperatingIncome	1240000000	JPY	1,240	PriorYearDuration_ConsolidatedMember_ResultMember	/disc/73200/081220250813540993_tse-acedjpsm-73200-20250813373200-ixbrl.htm
2025-08-13	年次	前期	連結	実績		営業利益の増減率	ChangeInOperatingIncome	0.672	Pure	67.2	PriorYearDuration_ConsolidatedMember_ResultMember	/disc/73200/081220250813540993_tse-acedjpsm-73200-20250813373200-ixbrl.htm
2025-08-13	年次	前期	連結	実績		経常利益	OrdinaryIncome	1512000000	JPY	1,512	PriorYearDuration_ConsolidatedMember_ResultMember	/disc/73200/081220250813540993_tse-acedjpsm-73200-20250813373200-ixbrl.htm
2025-08-13	年次	前期	連結	実績		経常利益の増減率	ChangeInOrdinaryIncome	0.481	Pure	48.1	PriorYearDuration_ConsolidatedMember_ResultMember	/disc/73200/081220250813540993_tse-acedjpsm-73200-20250813373200-ixbrl.htm
2025-08-13	年次	前期	連結	実績		親会社株主に帰属する当期純利益	ProfitAttributableToOwnersOfParent	973000000	JPY	973	PriorYearDuration_ConsolidatedMember_ResultMember	/disc/73200/081220250813540993_tse-acedjpsm-73200-20250813373200-ixbrl.htm
2025-08-13	年次	前期	連結	実績		親会社株主に帰属する当期純利益の増減率	ChangeInProfitAttributableToOwnersOfParent	0.296	Pure	29.6	PriorYearDuration_ConsolidatedMember_ResultMember	/disc/73200/081220250813540993_tse-acedjpsm-73200-20250813373200-ixbrl.htm
2025-08-13	年次	当期	連結	実績		包括利益	ComprehensiveIncome	-720000000	JPY	720	CurrentYearDuration_ConsolidatedMember_ResultMember	/disc/73200/081220250813540993_tse-acedjpsm-73200-20250813373200-ixbrl.htm
2025-08-13	年次	前期	連結	実績		包括利益	ComprehensiveIncome	1085000000	JPY	1,085	PriorYearDuration_ConsolidatedMember_ResultMember	/disc/73200/081220250813540993_tse-acedjpsm-73200-20250813373200-ixbrl.htm
2025-08-13	年次	前期	連結	実績		包括利益の増減率	ChangeInComprehensiveIncome	0.439	Pure	43.9	PriorYearDuration_ConsolidatedMember_ResultMember	/disc/73200/081220250813540993_tse-acedjpsm-73200-20250813373200-ixbrl.htm
2025-08-13	年次	当期	連結	実績		1株当たり当期純利益	NetIncomePerShare	-56.95	JPYPerShares	56.95	CurrentYearDuration_ConsolidatedMember_ResultMember	/disc/73200/081220250813540993_tse-acedjpsm-73200-20250813373200-ixbrl.htm
2025-08-13	年次	当期	連結	実績		自己資本当期純利益率(ROE)	NetIncomeToShareholdersEquityRatio	-0.175	Pure	17.5	CurrentYearDuration_ConsolidatedMember_ResultMember	/disc/73200/081220250813540993_tse-acedjpsm-73200-20250813373200-ixbrl.htm
2025-08-13	年次	当期	連結	実績		総資産経常利益率(ROA)	OrdinaryIncomeToTotalAssetsRatio	0.073	Pure	7.3	CurrentYearDuration_ConsolidatedMember_ResultMember	/disc/73200/081220250813540993_tse-acedjpsm-73200-20250813373200-ixbrl.htm
2025-08-13	年次	当期	連結	実績		売上高営業利益率	OperatingIncomeToNetSalesRatio	0.242	Pure	24.2	CurrentYearDuration_ConsolidatedMember_ResultMember	/disc/73200/081220250813540993_tse-acedjpsm-73200-20250813373200-ixbrl.htm
2025-08-13	年次	前期	連結	実績		1株当たり当期純利益	NetIncomePerShare	96.93	JPYPerShares	96.93	PriorYearDuration_ConsolidatedMember_ResultMember	/disc/73200/081220250813540993_tse-acedjpsm-73200-20250813373200-ixbrl.htm
2025-08-13	年次	前期	連結	実績		潜在株式調整後1株当たり当期純利益	DilutedNetIncomePerShare	96.92	JPYPerShares	96.92	PriorYearDuration_ConsolidatedMember_ResultMember	/disc/73200/081220250813540993_tse-acedjpsm-73200-20250813373200-ixbrl.htm
2025-08-13	年次	前期	連結	実績		自己資本当期純利益率(ROE)	NetIncomeToShareholdersEquityRatio	0.393	Pure	39.3	PriorYearDuration_ConsolidatedMember_ResultMember	/disc/73200/081220250813540993_tse-acedjpsm-73200-20250813373200-ixbrl.htm
2025-08-13	年次	前期	連結	実績		総資産経常利益率(ROA)	OrdinaryIncomeToTotalAssetsRatio	0.068	Pure	6.8	PriorYearDuration_ConsolidatedMember_ResultMember	/disc/73200/081220250813540993_tse-acedjpsm-73200-20250813373200-ixbrl.htm
2025-08-13	年次	前期	連結	実績		売上高営業利益率	OperatingIncomeToNetSalesRatio	0.231	Pure	23.1	PriorYearDuration_ConsolidatedMember_ResultMember	/disc/73200/081220250813540993_tse-acedjpsm-73200-20250813373200-ixbrl.htm
2025-08-13	年次	当期	連結	実績		経営成績の注記	NoteToOperatingResults			（注）当社は、2025年７月１日付で普通株式１株につき２株の割合で株式分割を行っております。前連結会計年度の期首に当該株式分割が行われたと仮定して、「１株当たり当期純利益」及び「潜在株式調整後１株当たり当期純利益」を算定しております。	CurrentYearDuration_ConsolidatedMember_ResultMember	/disc/73200/081220250813540993_tse-acedjpsm-73200-20250813373200-ixbrl.htm
2025-08-13	年次	当期	連結	実績		総資産	TotalAssets	29619000000	JPY	29,619	CurrentYearInstant_ConsolidatedMember_ResultMember	/disc/73200/081220250813540993_tse-acedjpsm-73200-20250813373200-ixbrl.htm
2025-08-13	年次	当期	連結	実績		純資産	NetAssets	4190000000	JPY	4,190	CurrentYearInstant_ConsolidatedMember_ResultMember	/disc/73200/081220250813540993_tse-acedjpsm-73200-20250813373200-ixbrl.htm
2025-08-13	年次	当期	連結	実績		自己資本比率	CapitalAdequacyRatio	0.141	Pure	14.1	CurrentYearInstant_ConsolidatedMember_ResultMember	/disc/73200/081220250813540993_tse-acedjpsm-73200-20250813373200-ixbrl.htm
2025-08-13	年次	当期	連結	実績		1株当たり純資産	NetAssetsPerShare	361.96	JPYPerShares	361.96	CurrentYearInstant_ConsolidatedMember_ResultMember	/disc/73200/081220250813540993_tse-acedjpsm-73200-20250813373200-ixbrl.htm
2025-08-13	年次	前期	連結	実績		総資産	TotalAssets	24593000000	JPY	24,593	PriorYearInstant_ConsolidatedMember_ResultMember	/disc/73200/081220250813540993_tse-acedjpsm-73200-20250813373200-ixbrl.htm
2025-08-13	年次	前期	連結	実績		純資産	NetAssets	3005000000	JPY	3,005	PriorYearInstant_ConsolidatedMember_ResultMember	/disc/73200/081220250813540993_tse-acedjpsm-73200-20250813373200-ixbrl.htm
2025-08-13	年次	前期	連結	実績		自己資本比率	CapitalAdequacyRatio	0.122	Pure	12.2	PriorYearInstant_ConsolidatedMember_ResultMember	/disc/73200/081220250813540993_tse-acedjpsm-73200-20250813373200-ixbrl.htm
2025-08-13	年次	前期	連結	実績		1株当たり純資産	NetAssetsPerShare	299.07	JPYPerShares	299.07	PriorYearInstant_ConsolidatedMember_ResultMember	/disc/73200/081220250813540993_tse-acedjpsm-73200-20250813373200-ixbrl.htm
2025-08-13	年次	当期	連結	実績		自己資本	OwnersEquity	4170000000	JPY	4,170	CurrentYearInstant_ConsolidatedMember_ResultMember	/disc/73200/081220250813540993_tse-acedjpsm-73200-20250813373200-ixbrl.htm
2025-08-13	年次	前期	連結	実績		自己資本	OwnersEquity	3005000000	JPY	3,005	PriorYearInstant_ConsolidatedMember_ResultMember	/disc/73200/081220250813540993_tse-acedjpsm-73200-20250813373200-ixbrl.htm
2025-08-13	年次	当期	連結	実績			NoteToFinancialPositions			（注）当社は、2025年７月１日付で普通株式１株につき２株の割合で株式分割を行っております。前連結会計年度の期首に当該株式分割が行われたと仮定して、「１株当たり純資産」を算定しております。	CurrentYearInstant_ConsolidatedMember_ResultMember	/disc/73200/081220250813540993_tse-acedjpsm-73200-20250813373200-ixbrl.htm
2025-08-13	年次	当期	連結	実績		営業キャッシュフロー	CashFlowsFromOperatingActivities	2099000000	JPY	2,099	CurrentYearDuration_ConsolidatedMember_ResultMember	/disc/73200/081220250813540993_tse-acedjpsm-73200-20250813373200-ixbrl.htm
2025-08-13	年次	当期	連結	実績		投資キャッシュフロー	CashFlowsFromInvestingActivities	-1342000000	JPY	1,342	CurrentYearDuration_ConsolidatedMember_ResultMember	/disc/73200/081220250813540993_tse-acedjpsm-73200-20250813373200-ixbrl.htm
2025-08-13	年次	当期	連結	実績		財務キャッシュフロー	CashFlowsFromFinancingActivities	-549000000	JPY	549	CurrentYearDuration_ConsolidatedMember_ResultMember	/disc/73200/081220250813540993_tse-acedjpsm-73200-20250813373200-ixbrl.htm
2025-08-13	年次	当期	連結	実績		現金及び現金同等物の期末残高	CashAndEquivalentsEndOfPeriod	3413000000	JPY	3,413	CurrentYearInstant_ConsolidatedMember_ResultMember	/disc/73200/081220250813540993_tse-acedjpsm-73200-20250813373200-ixbrl.htm
2025-08-13	年次	前期	連結	実績		営業キャッシュフロー	CashFlowsFromOperatingActivities	922000000	JPY	922	PriorYearDuration_ConsolidatedMember_ResultMember	/disc/73200/081220250813540993_tse-acedjpsm-73200-20250813373200-ixbrl.htm
2025-08-13	年次	前期	連結	実績		投資キャッシュフロー	CashFlowsFromInvestingActivities	-2086000000	JPY	2,086	PriorYearDuration_ConsolidatedMember_ResultMember	/disc/73200/081220250813540993_tse-acedjpsm-73200-20250813373200-ixbrl.htm
2025-08-13	年次	前期	連結	実績		財務キャッシュフロー	CashFlowsFromFinancingActivities	167000000	JPY	167	PriorYearDuration_ConsolidatedMember_ResultMember	/disc/73200/081220250813540993_tse-acedjpsm-73200-20250813373200-ixbrl.htm
2025-08-13	年次	前期	連結	実績		現金及び現金同等物の期末残高	CashAndEquivalentsEndOfPeriod	2804000000	JPY	2,804	PriorYearInstant_ConsolidatedMember_ResultMember	/disc/73200/081220250813540993_tse-acedjpsm-73200-20250813373200-ixbrl.htm
2025-08-13	年次	前期	単体	実績	第2四半期末	1株当たり配当金	DividendPerShare	0.00	JPYPerShares	0.00	PriorYearDuration_SecondQuarterMember_NonConsolidatedMember_ResultMember	/disc/73200/081220250813540993_tse-acedjpsm-73200-20250813373200-ixbrl.htm
2025-08-13	年次	前期	単体	実績	期末	1株当たり配当金	DividendPerShare	15.00	JPYPerShares	15.00	PriorYearDuration_YearEndMember_NonConsolidatedMember_ResultMember	/disc/73200/081220250813540993_tse-acedjpsm-73200-20250813373200-ixbrl.htm
2025-08-13	年次	前期	単体	実績	合計	1株当たり配当金	DividendPerShare	15.00	JPYPerShares	15.00	PriorYearDuration_AnnualMember_NonConsolidatedMember_ResultMember	/disc/73200/081220250813540993_tse-acedjpsm-73200-20250813373200-ixbrl.htm
2025-08-13	年次	前期	単体	実績	合計	配当金総額	TotalDividendPaidAnnual	75000000	JPY	75	PriorYearDuration_AnnualMember_NonConsolidatedMember_ResultMember	/disc/73200/081220250813540993_tse-acedjpsm-73200-20250813373200-ixbrl.htm
2025-08-13	年次	前期	連結	実績	合計	配当性向	PayoutRatio	0.077	Pure	7.7	PriorYearDuration_AnnualMember_ConsolidatedMember_ResultMember	/disc/73200/081220250813540993_tse-acedjpsm-73200-20250813373200-ixbrl.htm
2025-08-13	年次	前期	連結	実績	合計	純資産配当率	RatioOfTotalAmountOfDividendsToNetAssets	0.030	Pure	3.0	PriorYearDuration_AnnualMember_ConsolidatedMember_ResultMember	/disc/73200/081220250813540993_tse-acedjpsm-73200-20250813373200-ixbrl.htm
2025-08-13	年次	当期	単体	実績	第2四半期末	1株当たり配当金	DividendPerShare	0.00	JPYPerShares	0.00	CurrentYearDuration_SecondQuarterMember_NonConsolidatedMember_ResultMember	/disc/73200/081220250813540993_tse-acedjpsm-73200-20250813373200-ixbrl.htm
2025-08-13	年次	当期	単体	実績	期末	1株当たり配当金	DividendPerShare	28.00	JPYPerShares	28.00	CurrentYearDuration_YearEndMember_NonConsolidatedMember_ResultMember	/disc/73200/081220250813540993_tse-acedjpsm-73200-20250813373200-ixbrl.htm
2025-08-13	年次	当期	単体	実績	合計	1株当たり配当金	DividendPerShare	28.00	JPYPerShares	28.00	CurrentYearDuration_AnnualMember_NonConsolidatedMember_ResultMember	/disc/73200/081220250813540993_tse-acedjpsm-73200-20250813373200-ixbrl.htm
2025-08-13	年次	当期	単体	実績	合計	配当金総額	TotalDividendPaidAnnual	161000000	JPY	161	CurrentYearDuration_AnnualMember_NonConsolidatedMember_ResultMember	/disc/73200/081220250813540993_tse-acedjpsm-73200-20250813373200-ixbrl.htm
2025-08-13	年次	当期	連結	実績	合計	純資産配当率	RatioOfTotalAmountOfDividendsToNetAssets	0.042	Pure	4.2	CurrentYearDuration_AnnualMember_ConsolidatedMember_ResultMember	/disc/73200/081220250813540993_tse-acedjpsm-73200-20250813373200-ixbrl.htm
2025-08-13	年次	来期	単体	予想	第2四半期末	1株当たり配当金	DividendPerShare	10.00	JPYPerShares	10.00	NextYearDuration_SecondQuarterMember_NonConsolidatedMember_ForecastMember	/disc/73200/081220250813540993_tse-acedjpsm-73200-20250813373200-ixbrl.htm
2025-08-13	年次	来期	単体	予想	期末	1株当たり配当金	DividendPerShare	10.00	JPYPerShares	10.00	NextYearDuration_YearEndMember_NonConsolidatedMember_ForecastMember	/disc/73200/081220250813540993_tse-acedjpsm-73200-20250813373200-ixbrl.htm
2025-08-13	年次	来期	単体	予想	合計	1株当たり配当金	DividendPerShare	20.00	JPYPerShares	20.00	NextYearDuration_AnnualMember_NonConsolidatedMember_ForecastMember	/disc/73200/081220250813540993_tse-acedjpsm-73200-20250813373200-ixbrl.htm
2025-08-13	年次	来期	連結	予想	合計	配当性向	PayoutRatio	0.136	Pure	13.6	NextYearDuration_AnnualMember_ConsolidatedMember_ForecastMember	/disc/73200/081220250813540993_tse-acedjpsm-73200-20250813373200-ixbrl.htm
2025-08-13	年次	当期	単体	実績	合計	配当の注記	NoteToDividends			（注）１．2025年６月期期末配当金の内訳 普通配当 23円00銭 記念配当 ５円00銭２．当社は、2025年７月１日付で普通株式１株につき２株の割合で株式分割を行っております。2024年６月期及び2025年６月期については、当該株式分割前の実際の配当金の額を記載しております。2026年６月期（予想）については、株式分割後の内容を記載しております。	CurrentYearDuration_AnnualMember_NonConsolidatedMember_ResultMember	/disc/73200/081220250813540993_tse-acedjpsm-73200-20250813373200-ixbrl.htm
2025-08-13	年次	来期	連結	予想		業績予想の見出し	TitleForForecasts			３．2026年６月期の連結業績予想（2025年７月１日～2026年６月30日）	NextYearDuration_ConsolidatedMember_ForecastMember	/disc/73200/081220250813540993_tse-acedjpsm-73200-20250813373200-ixbrl.htm
2025-08-13	年次		連結	予想		売上高	NetSales	3600000000	JPY	3,600	NextAccumulatedQ2Duration_ConsolidatedMember_ForecastMember	/disc/73200/081220250813540993_tse-acedjpsm-73200-20250813373200-ixbrl.htm
2025-08-13	年次		連結	予想		売上高の増減率	ChangeInNetSales	0.208	Pure	20.8	NextAccumulatedQ2Duration_ConsolidatedMember_ForecastMember	/disc/73200/081220250813540993_tse-acedjpsm-73200-20250813373200-ixbrl.htm
2025-08-13	年次		連結	予想		営業利益	OperatingIncome	810000000	JPY	810	NextAccumulatedQ2Duration_ConsolidatedMember_ForecastMember	/disc/73200/081220250813540993_tse-acedjpsm-73200-20250813373200-ixbrl.htm
2025-08-13	年次		連結	予想		営業利益の増減率	ChangeInOperatingIncome	0.212	Pure	21.2	NextAccumulatedQ2Duration_ConsolidatedMember_ForecastMember	/disc/73200/081220250813540993_tse-acedjpsm-73200-20250813373200-ixbrl.htm
2025-08-13	年次		連結	予想		経常利益	OrdinaryIncome	1040000000	JPY	1,040	NextAccumulatedQ2Duration_ConsolidatedMember_ForecastMember	/disc/73200/081220250813540993_tse-acedjpsm-73200-20250813373200-ixbrl.htm
2025-08-13	年次		連結	予想		経常利益の増減率	ChangeInOrdinaryIncome	0.213	Pure	21.3	NextAccumulatedQ2Duration_ConsolidatedMember_ForecastMember	/disc/73200/081220250813540993_tse-acedjpsm-73200-20250813373200-ixbrl.htm
2025-08-13	年次		連結	予想		親会社株主に帰属する当期純利益	ProfitAttributableToOwnersOfParent	695000000	JPY	695	NextAccumulatedQ2Duration_ConsolidatedMember_ForecastMember	/disc/73200/081220250813540993_tse-acedjpsm-73200-20250813373200-ixbrl.htm
2025-08-13	年次		連結	予想		親会社株主に帰属する当期純利益の増減率	ChangeInProfitAttributableToOwnersOfParent	0.211	Pure	21.1	NextAccumulatedQ2Duration_ConsolidatedMember_ForecastMember	/disc/73200/081220250813540993_tse-acedjpsm-73200-20250813373200-ixbrl.htm
2025-08-13	年次		連結	予想		1株当たり当期純利益	NetIncomePerShare	63.01	JPYPerShares	63.01	NextAccumulatedQ2Duration_ConsolidatedMember_ForecastMember	/disc/73200/081220250813540993_tse-acedjpsm-73200-20250813373200-ixbrl.htm
2025-08-13	年次	来期	連結	予想		売上高	NetSales	8200000000	JPY	8,200	NextYearDuration_ConsolidatedMember_ForecastMember	/disc/73200/081220250813540993_tse-acedjpsm-73200-20250813373200-ixbrl.htm
2025-08-13	年次	来期	連結	予想		売上高の増減率	ChangeInNetSales	0.223	Pure	22.3	NextYearDuration_ConsolidatedMember_ForecastMember	/disc/73200/081220250813540993_tse-acedjpsm-73200-20250813373200-ixbrl.htm
2025-08-13	年次	来期	連結	予想		営業利益	OperatingIncome	2100000000	JPY	2,100	NextYearDuration_ConsolidatedMember_ForecastMember	/disc/73200/081220250813540993_tse-acedjpsm-73200-20250813373200-ixbrl.htm
2025-08-13	年次	来期	連結	予想		営業利益の増減率	ChangeInOperatingIncome	0.296	Pure	29.6	NextYearDuration_ConsolidatedMember_ForecastMember	/disc/73200/081220250813540993_tse-acedjpsm-73200-20250813373200-ixbrl.htm
2025-08-13	年次	来期	連結	予想		経常利益	OrdinaryIncome	2500000000	JPY	2,500	NextYearDuration_ConsolidatedMember_ForecastMember	/disc/73200/081220250813540993_tse-acedjpsm-73200-20250813373200-ixbrl.htm
2025-08-13	年次	来期	連結	予想		経常利益の増減率	ChangeInOrdinaryIncome	0.264	Pure	26.4	NextYearDuration_ConsolidatedMember_ForecastMember	/disc/73200/081220250813540993_tse-acedjpsm-73200-20250813373200-ixbrl.htm
2025-08-13	年次	来期	連結	予想		親会社株主に帰属する当期純利益	ProfitAttributableToOwnersOfParent	1625000000	JPY	1,625	NextYearDuration_ConsolidatedMember_ForecastMember	/disc/73200/081220250813540993_tse-acedjpsm-73200-20250813373200-ixbrl.htm
2025-08-13	年次	来期	連結	予想		1株当たり当期純利益	NetIncomePerShare	147.33	JPYPerShares	147.33	NextYearDuration_ConsolidatedMember_ForecastMember	/disc/73200/081220250813540993_tse-acedjpsm-73200-20250813373200-ixbrl.htm
2025-08-13	年次	来期	連結	予想		業績予想の注記	NoteToForecasts			（注）当社は、2025年７月１日付で普通株式１株につき２株の割合で株式分割を行っております。2026年６月期の連結業績予想における「１株当たり当期純利益」については、当該株式分割の影響を考慮しております。	NextYearDuration_ConsolidatedMember_ForecastMember	/disc/73200/081220250813540993_tse-acedjpsm-73200-20250813373200-ixbrl.htm
2025-08-13	年次	当期	連結	実績		期中の連結範囲の重要な変更	SignificantChangesInTheScopeOfConsolidationDuringThePeriod			有	CurrentYearDuration_ConsolidatedMember_ResultMember	/disc/73200/081220250813540993_tse-acedjpsm-73200-20250813373200-ixbrl.htm
2025-08-13	年次	当期	連結	実績		新規連結子会社数	NumberOfSubsidiariesNewlyConsolidated	3	NumberOfCompanies	3	CurrentYearDuration_ConsolidatedMember_ResultMember	/disc/73200/081220250813540993_tse-acedjpsm-73200-20250813373200-ixbrl.htm
2025-08-13	年次	当期	連結	実績		新規連結子会社の名称	NameOfSubsidiariesNewlyConsolidated			株式会社メディアシーク、スタートメディアジャパン株式会社、株式会社メディアシークキ ャピタル	CurrentYearDuration_ConsolidatedMember_ResultMember	/disc/73200/081220250813540993_tse-acedjpsm-73200-20250813373200-ixbrl.htm
2025-08-13	年次	当期	連結	実績			NoteToSignificantChangesInTheScopeOfConsolidationDuringThePeriod			（注）詳細は、添付資料Ｐ．16「３．連結財務諸表及び主な注記 （５）連結財務諸表に関する注記事項（連結財務諸表作成のための基本となる重要な事項）」をご覧ください。	CurrentYearDuration_ConsolidatedMember_ResultMember	/disc/73200/081220250813540993_tse-acedjpsm-73200-20250813373200-ixbrl.htm
2025-08-13	年次	当期	連結	実績		会計基準等の改正に伴う変更	ChangesBasedOnRevisionsOfAccountingStandard			有	CurrentYearDuration_ConsolidatedMember_ResultMember	/disc/73200/081220250813540993_tse-acedjpsm-73200-20250813373200-ixbrl.htm
2025-08-13	年次	当期	連結	実績		それ以外の会計方針の変更	ChangesOtherThanOnesBasedOnRevisionsOfAccountingStandard			無	CurrentYearDuration_ConsolidatedMember_ResultMember	/disc/73200/081220250813540993_tse-acedjpsm-73200-20250813373200-ixbrl.htm
2025-08-13	年次	当期	連結	実績		会計上の見積りの変更	ChangesInAccountingEstimates			無	CurrentYearDuration_ConsolidatedMember_ResultMember	/disc/73200/081220250813540993_tse-acedjpsm-73200-20250813373200-ixbrl.htm
2025-08-13	年次	当期	連結	実績		修正再表示	RetrospectiveRestatement			無	CurrentYearDuration_ConsolidatedMember_ResultMember	/disc/73200/081220250813540993_tse-acedjpsm-73200-20250813373200-ixbrl.htm
2025-08-13	年次	当期	連結	実績			NoteToChangesInAccountingPoliciesAndAccountingEstimatesRetrospectiveRestatement			（注）詳細は、添付資料Ｐ．16「３．連結財務諸表及び主な注記 （５）連結財務諸表に関する注記事項（会計方針の変更に関する注記）」をご覧ください。	CurrentYearDuration_ConsolidatedMember_ResultMember	/disc/73200/081220250813540993_tse-acedjpsm-73200-20250813373200-ixbrl.htm
2025-08-13	年次	当期	単体	実績		期末発行済株式数(自己株式を含む)	NumberOfIssuedAndOutstandingSharesAtTheEndOfFiscalYearIncludingTreasuryStock	11997254	Shares	11,997,254	CurrentYearInstant_NonConsolidatedMember_ResultMember	/disc/73200/081220250813540993_tse-acedjpsm-73200-20250813373200-ixbrl.htm
2025-08-13	年次	前期	単体	実績		期末発行済株式数(自己株式を含む)	NumberOfIssuedAndOutstandingSharesAtTheEndOfFiscalYearIncludingTreasuryStock	10236600	Shares	10,236,600	PriorYearInstant_NonConsolidatedMember_ResultMember	/disc/73200/081220250813540993_tse-acedjpsm-73200-20250813373200-ixbrl.htm
2025-08-13	年次	当期	単体	実績		期末自己株式数	NumberOfTreasuryStockAtTheEndOfFiscalYear	476500	Shares	476,500	CurrentYearInstant_NonConsolidatedMember_ResultMember	/disc/73200/081220250813540993_tse-acedjpsm-73200-20250813373200-ixbrl.htm
2025-08-13	年次	前期	単体	実績		期末自己株式数	NumberOfTreasuryStockAtTheEndOfFiscalYear	187948	Shares	187,948	PriorYearInstant_NonConsolidatedMember_ResultMember	/disc/73200/081220250813540993_tse-acedjpsm-73200-20250813373200-ixbrl.htm
2025-08-13	年次	当期	単体	実績		期中平均株式数	AverageNumberOfShares	11028949	Shares	11,028,949	CurrentYearDuration_NonConsolidatedMember_ResultMember	/disc/73200/081220250813540993_tse-acedjpsm-73200-20250813373200-ixbrl.htm
2025-08-13	年次	前期	単体	実績		期中平均株式数	AverageNumberOfShares	10040353	Shares	10,040,353	PriorYearDuration_NonConsolidatedMember_ResultMember	/disc/73200/081220250813540993_tse-acedjpsm-73200-20250813373200-ixbrl.htm
2025-08-13	年次	当期	単体	実績			NoteToNumberOfIssuedAndOutstandingSharesCommonStock			（注）当社は、2025年７月１日付で普通株式１株につき２株の割合で株式分割を行っております。前連結会計年度の期首に当該株式分割が行われたと仮定して、「期末発行済株式数」、「期末自己株式数」及び「期中平均株式数」を算定しております。	CurrentYearInstant_NonConsolidatedMember_ResultMember	/disc/73200/081220250813540993_tse-acedjpsm-73200-20250813373200-ixbrl.htm
2025-08-13	年次	当期	単体	実績		売上高	NetSales	6235000000	JPY	6,235	CurrentYearDuration_NonConsolidatedMember_ResultMember	/disc/73200/081220250813540993_tse-acedjpsm-73200-20250813373200-ixbrl.htm
2025-08-13	年次	当期	単体	実績		売上高の増減率	ChangeInNetSales	0.172	Pure	17.2	CurrentYearDuration_NonConsolidatedMember_ResultMember	/disc/73200/081220250813540993_tse-acedjpsm-73200-20250813373200-ixbrl.htm
2025-08-13	年次	当期	単体	実績		営業利益	OperatingIncome	1542000000	JPY	1,542	CurrentYearDuration_NonConsolidatedMember_ResultMember	/disc/73200/081220250813540993_tse-acedjpsm-73200-20250813373200-ixbrl.htm
2025-08-13	年次	当期	単体	実績		営業利益の増減率	ChangeInOperatingIncome	0.251	Pure	25.1	CurrentYearDuration_NonConsolidatedMember_ResultMember	/disc/73200/081220250813540993_tse-acedjpsm-73200-20250813373200-ixbrl.htm
2025-08-13	年次	当期	単体	実績		経常利益	OrdinaryIncome	1846000000	JPY	1,846	CurrentYearDuration_NonConsolidatedMember_ResultMember	/disc/73200/081220250813540993_tse-acedjpsm-73200-20250813373200-ixbrl.htm
2025-08-13	年次	当期	単体	実績		経常利益の増減率	ChangeInOrdinaryIncome	0.285	Pure	28.5	CurrentYearDuration_NonConsolidatedMember_ResultMember	/disc/73200/081220250813540993_tse-acedjpsm-73200-20250813373200-ixbrl.htm
2025-08-13	年次	当期	単体	実績		当期純利益	NetIncome	-740000000	JPY	740	CurrentYearDuration_NonConsolidatedMember_ResultMember	/disc/73200/081220250813540993_tse-acedjpsm-73200-20250813373200-ixbrl.htm
2025-08-13	年次	前期	単体	実績		売上高	NetSales	5322000000	JPY	5,322	PriorYearDuration_NonConsolidatedMember_ResultMember	/disc/73200/081220250813540993_tse-acedjpsm-73200-20250813373200-ixbrl.htm
2025-08-13	年次	前期	単体	実績		売上高の増減率	ChangeInNetSales	0.364	Pure	36.4	PriorYearDuration_NonConsolidatedMember_ResultMember	/disc/73200/081220250813540993_tse-acedjpsm-73200-20250813373200-ixbrl.htm
2025-08-13	年次	前期	単体	実績		営業利益	OperatingIncome	1232000000	JPY	1,232	PriorYearDuration_NonConsolidatedMember_ResultMember	/disc/73200/081220250813540993_tse-acedjpsm-73200-20250813373200-ixbrl.htm
2025-08-13	年次	前期	単体	実績		営業利益の増減率	ChangeInOperatingIncome	0.639	Pure	63.9	PriorYearDuration_NonConsolidatedMember_ResultMember	/disc/73200/081220250813540993_tse-acedjpsm-73200-20250813373200-ixbrl.htm
2025-08-13	年次	前期	単体	実績		経常利益	OrdinaryIncome	1436000000	JPY	1,436	PriorYearDuration_NonConsolidatedMember_ResultMember	/disc/73200/081220250813540993_tse-acedjpsm-73200-20250813373200-ixbrl.htm
2025-08-13	年次	前期	単体	実績		経常利益の増減率	ChangeInOrdinaryIncome	0.499	Pure	49.9	PriorYearDuration_NonConsolidatedMember_ResultMember	/disc/73200/081220250813540993_tse-acedjpsm-73200-20250813373200-ixbrl.htm
2025-08-13	年次	前期	単体	実績		当期純利益	NetIncome	929000000	JPY	929	PriorYearDuration_NonConsolidatedMember_ResultMember	/disc/73200/081220250813540993_tse-acedjpsm-73200-20250813373200-ixbrl.htm
2025-08-13	年次	前期	単体	実績		当期純利益の増減率	ChangeInNetIncome	0.320	Pure	32.0	PriorYearDuration_NonConsolidatedMember_ResultMember	/disc/73200/081220250813540993_tse-acedjpsm-73200-20250813373200-ixbrl.htm
2025-08-13	年次	当期	単体	実績		1株当たり当期純利益	NetIncomePerShare	-67.10	JPYPerShares	67.10	CurrentYearDuration_NonConsolidatedMember_ResultMember	/disc/73200/081220250813540993_tse-acedjpsm-73200-20250813373200-ixbrl.htm
2025-08-13	年次	前期	単体	実績		1株当たり当期純利益	NetIncomePerShare	92.56	JPYPerShares	92.56	PriorYearDuration_NonConsolidatedMember_ResultMember	/disc/73200/081220250813540993_tse-acedjpsm-73200-20250813373200-ixbrl.htm
2025-08-13	年次	前期	単体	実績		潜在株式調整後1株当たり当期純利益	DilutedNetIncomePerShare	92.55	JPYPerShares	92.55	PriorYearDuration_NonConsolidatedMember_ResultMember	/disc/73200/081220250813540993_tse-acedjpsm-73200-20250813373200-ixbrl.htm
2025-08-13	年次	当期	単体	実績		経営成績の注記	NoteToOperatingResults			（注）当社は、2025年７月１日付で普通株式１株につき２株の割合で株式分割を行っております。前事業年度の期首に当該株式分割が行われたと仮定して、「１株当たり当期純利益」及び「潜在株式調整後１株当たり当期純利益」を算定しております。	CurrentYearDuration_NonConsolidatedMember_ResultMember	/disc/73200/081220250813540993_tse-acedjpsm-73200-20250813373200-ixbrl.htm
2025-08-13	年次	当期	単体	実績		総資産	TotalAssets	26960000000	JPY	26,960	CurrentYearInstant_NonConsolidatedMember_ResultMember	/disc/73200/081220250813540993_tse-acedjpsm-73200-20250813373200-ixbrl.htm
2025-08-13	年次	当期	単体	実績		純資産	NetAssets	4550000000	JPY	4,550	CurrentYearInstant_NonConsolidatedMember_ResultMember	/disc/73200/081220250813540993_tse-acedjpsm-73200-20250813373200-ixbrl.htm
2025-08-13	年次	当期	単体	実績		自己資本比率	CapitalAdequacyRatio	0.169	Pure	16.9	CurrentYearInstant_NonConsolidatedMember_ResultMember	/disc/73200/081220250813540993_tse-acedjpsm-73200-20250813373200-ixbrl.htm
2025-08-13	年次	当期	単体	実績		1株当たり純資産	NetAssetsPerShare	394.95	JPYPerShares	394.95	CurrentYearInstant_NonConsolidatedMember_ResultMember	/disc/73200/081220250813540993_tse-acedjpsm-73200-20250813373200-ixbrl.htm
2025-08-13	年次	前期	単体	実績		総資産	TotalAssets	21911000000	JPY	21,911	PriorYearInstant_NonConsolidatedMember_ResultMember	/disc/73200/081220250813540993_tse-acedjpsm-73200-20250813373200-ixbrl.htm
2025-08-13	年次	前期	単体	実績		純資産	NetAssets	2773000000	JPY	2,773	PriorYearInstant_NonConsolidatedMember_ResultMember	/disc/73200/081220250813540993_tse-acedjpsm-73200-20250813373200-ixbrl.htm
2025-08-13	年次	前期	単体	実績		自己資本比率	CapitalAdequacyRatio	0.127	Pure	12.7	PriorYearInstant_NonConsolidatedMember_ResultMember	/disc/73200/081220250813540993_tse-acedjpsm-73200-20250813373200-ixbrl.htm
2025-08-13	年次	前期	単体	実績		1株当たり純資産	NetAssetsPerShare	275.97	JPYPerShares	275.97	PriorYearInstant_NonConsolidatedMember_ResultMember	/disc/73200/081220250813540993_tse-acedjpsm-73200-20250813373200-ixbrl.htm
2025-08-13	年次	当期	単体	実績		自己資本	OwnersEquity	4550000000	JPY	4,550	CurrentYearInstant_NonConsolidatedMember_ResultMember	/disc/73200/081220250813540993_tse-acedjpsm-73200-20250813373200-ixbrl.htm
2025-08-13	年次	前期	単体	実績		自己資本	OwnersEquity	2773000000	JPY	2,773	PriorYearInstant_NonConsolidatedMember_ResultMember	/disc/73200/081220250813540993_tse-acedjpsm-73200-20250813373200-ixbrl.htm
2025-08-13	年次	当期	単体	実績			NoteToFinancialPositions			（注）当社は、2025年７月１日付で普通株式１株につき２株の割合で株式分割を行っております。前事業年度の期首に当該株式分割が行われたと仮定して、「１株当たり純資産」を算定しております。	CurrentYearInstant_NonConsolidatedMember_ResultMember	/disc/73200/081220250813540993_tse-acedjpsm-73200-20250813373200-ixbrl.htm
2025-08-13	年次	当期	単体	実績		業績の注記	NoteToFinancialResults			当事業年度では、HomeworthTech事業においては、前事業年度から継続的に取り組む各種SaaSなどの付加価値提供により建物保証を中心とした保証サービスが大きく進展しました。 ExtendTech事業においては、再生可能エネルギー関連機器を中心に引き続き高い社会的ニーズに支えられる形で進展いたしました。 なお、ExtendTech事業の教育ICT端末の保証サービスにおいて、保険金支払限度額の超過による修理費用の当社負担等の事象が発生し、当事業年度において、特別損失を2,797百万円計上しております。詳細につきましては本日適時開示しております「特別損失の計上について」をご覧ください。	CurrentYearDuration_NonConsolidatedMember_ResultMember	/disc/73200/081220250813540993_tse-acedjpsm-73200-20250813373200-ixbrl.htm
2025-08-13	年次	来期				将来情報の利用に関する注意	NotesForUsingForecastedInformationAndOthers			（将来に関する記述等についてのご注意） 本資料に記載されている業績見通し等の将来に関する記述は、当社が入手している情報及び合理的であると判断する一定の前提に基づいており、その達成を当社として約束する趣旨のものではありません。また、実際の業績等は様々な要因により大きく異なる場合があります。業績予想の前提となる条件及び業績予想のご利用に当たっての注意事項等については、添付資料Ｐ．７「１．経営成績等の概況 （４）今後の見通し」をご覧ください。&#160;（決算補足説明資料の入手方法） 決算補足説明資料は、当社ウェブサイトに掲載いたします。	NextYearDuration	/disc/73200/081220250813540993_tse-acedjpsm-73200-20250813373200-ixbrl.htm
2025-08-13	年次	当期				決算期末	FiscalYearEnd			2025-06-30	CurrentYearInstant	/disc/73200/081220250813540993_tse-acedjpsm-73200-20250813373200-ixbrl.htm
2025-09-30	半期	当期第2四半期累計				書類名	DocumentName			第２四半期（中間期）決算短信〔日本基準〕（連結）	CurrentAccumulatedQ2Instant	/disc/73200/081220250930565234_tse-scedjpsy-73200-20250930373200-ixbrl.htm
2025-09-30	半期	当期第2四半期累計				提出日	FilingDate			2025年２月13日	CurrentAccumulatedQ2Instant	/disc/73200/081220250930565234_tse-scedjpsy-73200-20250930373200-ixbrl.htm
2025-09-30	半期	当期第2四半期累計				会社名	CompanyName			Solvvy株式会社	CurrentAccumulatedQ2Instant	/disc/73200/081220250930565234_tse-scedjpsy-73200-20250930373200-ixbrl.htm
2025-09-30	半期	当期第2四半期累計					TokyoStockExchange			東	CurrentAccumulatedQ2Instant	/disc/73200/081220250930565234_tse-scedjpsy-73200-20250930373200-ixbrl.htm
2025-09-30	半期	当期第2四半期累計				証券コード	SecuritiesCode			7320	CurrentAccumulatedQ2Instant	/disc/73200/081220250930565234_tse-scedjpsy-73200-20250930373200-ixbrl.htm
2025-09-30	半期	当期第2四半期累計				URL	URL			https://solvvy.co.jp/	CurrentAccumulatedQ2Instant	/disc/73200/081220250930565234_tse-scedjpsy-73200-20250930373200-ixbrl.htm
2025-09-30	半期	当期第2四半期累計				代表者の役職	TitleRepresentative			代表取締役社長	CurrentAccumulatedQ2Instant	/disc/73200/081220250930565234_tse-scedjpsy-73200-20250930373200-ixbrl.htm
2025-09-30	半期	当期第2四半期累計				代表者名	NameRepresentative			安達 慶高	CurrentAccumulatedQ2Instant	/disc/73200/081220250930565234_tse-scedjpsy-73200-20250930373200-ixbrl.htm
2025-09-30	半期	当期第2四半期累計					TitleInquiries			上席執行役員管理本部長	CurrentAccumulatedQ2Instant	/disc/73200/081220250930565234_tse-scedjpsy-73200-20250930373200-ixbrl.htm
2025-09-30	半期	当期第2四半期累計					NameInquiries			吉川 淳史	CurrentAccumulatedQ2Instant	/disc/73200/081220250930565234_tse-scedjpsy-73200-20250930373200-ixbrl.htm
2025-09-30	半期	当期第2四半期累計					Tel			03-6276-0401	CurrentAccumulatedQ2Instant	/disc/73200/081220250930565234_tse-scedjpsy-73200-20250930373200-ixbrl.htm
2025-09-30	半期	当期第2四半期累計					SemiAnnualStatementFilingDateAsPlanned			2025年２月13日	CurrentAccumulatedQ2Instant	/disc/73200/081220250930565234_tse-scedjpsy-73200-20250930373200-ixbrl.htm
2025-09-30	半期	当期第2四半期累計					SupplementalMaterialOfResults			有	CurrentAccumulatedQ2Instant	/disc/73200/081220250930565234_tse-scedjpsy-73200-20250930373200-ixbrl.htm
2025-09-30	半期	当期第2四半期累計					ConveningBriefingOfResults			有	CurrentAccumulatedQ2Instant	/disc/73200/081220250930565234_tse-scedjpsy-73200-20250930373200-ixbrl.htm
2025-09-30	半期	当期第2四半期累計					TargetForBriefingOfResults			（録画配信のみ）	CurrentAccumulatedQ2Instant	/disc/73200/081220250930565234_tse-scedjpsy-73200-20250930373200-ixbrl.htm
2025-09-30	半期	当期第2四半期累計					NoteToFractionProcessingMethod			（百万円未満切捨て）	CurrentAccumulatedQ2Instant	/disc/73200/081220250930565234_tse-scedjpsy-73200-20250930373200-ixbrl.htm
2025-09-30	半期	当期第2四半期累計	連結	実績		売上高	NetSales	2980000000	JPY	2,980	CurrentAccumulatedQ2Duration_ConsolidatedMember_ResultMember	/disc/73200/081220250930565234_tse-scedjpsy-73200-20250930373200-ixbrl.htm
2025-09-30	半期	当期第2四半期累計	連結	実績		売上高の増減率	ChangeInNetSales	0.299	Pure	29.9	CurrentAccumulatedQ2Duration_ConsolidatedMember_ResultMember	/disc/73200/081220250930565234_tse-scedjpsy-73200-20250930373200-ixbrl.htm
2025-09-30	半期	当期第2四半期累計	連結	実績		営業利益	OperatingIncome	668000000	JPY	668	CurrentAccumulatedQ2Duration_ConsolidatedMember_ResultMember	/disc/73200/081220250930565234_tse-scedjpsy-73200-20250930373200-ixbrl.htm
2025-09-30	半期	当期第2四半期累計	連結	実績		営業利益の増減率	ChangeInOperatingIncome	0.244	Pure	24.4	CurrentAccumulatedQ2Duration_ConsolidatedMember_ResultMember	/disc/73200/081220250930565234_tse-scedjpsy-73200-20250930373200-ixbrl.htm
2025-09-30	半期	当期第2四半期累計	連結	実績		経常利益	OrdinaryIncome	857000000	JPY	857	CurrentAccumulatedQ2Duration_ConsolidatedMember_ResultMember	/disc/73200/081220250930565234_tse-scedjpsy-73200-20250930373200-ixbrl.htm
2025-09-30	半期	当期第2四半期累計	連結	実績		経常利益の増減率	ChangeInOrdinaryIncome	0.315	Pure	31.5	CurrentAccumulatedQ2Duration_ConsolidatedMember_ResultMember	/disc/73200/081220250930565234_tse-scedjpsy-73200-20250930373200-ixbrl.htm
2025-09-30	半期	当期第2四半期累計	連結	実績		親会社株主に帰属する当期純利益	ProfitAttributableToOwnersOfParent	300000000	JPY	300	CurrentAccumulatedQ2Duration_ConsolidatedMember_ResultMember	/disc/73200/081220250930565234_tse-scedjpsy-73200-20250930373200-ixbrl.htm
2025-09-30	半期	当期第2四半期累計	連結	実績		親会社株主に帰属する当期純利益の増減率	ChangeInProfitAttributableToOwnersOfParent	-0.324	Pure	32.4	CurrentAccumulatedQ2Duration_ConsolidatedMember_ResultMember	/disc/73200/081220250930565234_tse-scedjpsy-73200-20250930373200-ixbrl.htm
2025-09-30	半期	前期第2四半期累計	連結	実績		売上高	NetSales	2295000000	JPY	2,295	PriorAccumulatedQ2Duration_ConsolidatedMember_ResultMember	/disc/73200/081220250930565234_tse-scedjpsy-73200-20250930373200-ixbrl.htm
2025-09-30	半期	前期第2四半期累計	連結	実績		売上高の増減率	ChangeInNetSales	0.316	Pure	31.6	PriorAccumulatedQ2Duration_ConsolidatedMember_ResultMember	/disc/73200/081220250930565234_tse-scedjpsy-73200-20250930373200-ixbrl.htm
2025-09-30	半期	前期第2四半期累計	連結	実績		営業利益	OperatingIncome	537000000	JPY	537	PriorAccumulatedQ2Duration_ConsolidatedMember_ResultMember	/disc/73200/081220250930565234_tse-scedjpsy-73200-20250930373200-ixbrl.htm
2025-09-30	半期	前期第2四半期累計	連結	実績		営業利益の増減率	ChangeInOperatingIncome	0.628	Pure	62.8	PriorAccumulatedQ2Duration_ConsolidatedMember_ResultMember	/disc/73200/081220250930565234_tse-scedjpsy-73200-20250930373200-ixbrl.htm
2025-09-30	半期	前期第2四半期累計	連結	実績		経常利益	OrdinaryIncome	651000000	JPY	651	PriorAccumulatedQ2Duration_ConsolidatedMember_ResultMember	/disc/73200/081220250930565234_tse-scedjpsy-73200-20250930373200-ixbrl.htm
2025-09-30	半期	前期第2四半期累計	連結	実績		経常利益の増減率	ChangeInOrdinaryIncome	0.618	Pure	61.8	PriorAccumulatedQ2Duration_ConsolidatedMember_ResultMember	/disc/73200/081220250930565234_tse-scedjpsy-73200-20250930373200-ixbrl.htm
2025-09-30	半期	前期第2四半期累計	連結	実績		親会社株主に帰属する当期純利益	ProfitAttributableToOwnersOfParent	444000000	JPY	444	PriorAccumulatedQ2Duration_ConsolidatedMember_ResultMember	/disc/73200/081220250930565234_tse-scedjpsy-73200-20250930373200-ixbrl.htm
2025-09-30	半期	前期第2四半期累計	連結	実績		親会社株主に帰属する当期純利益の増減率	ChangeInProfitAttributableToOwnersOfParent	0.607	Pure	60.7	PriorAccumulatedQ2Duration_ConsolidatedMember_ResultMember	/disc/73200/081220250930565234_tse-scedjpsy-73200-20250930373200-ixbrl.htm
2025-09-30	半期	当期第2四半期累計	連結	実績		包括利益	ComprehensiveIncome	232000000	JPY	232	CurrentAccumulatedQ2Duration_ConsolidatedMember_ResultMember	/disc/73200/081220250930565234_tse-scedjpsy-73200-20250930373200-ixbrl.htm
2025-09-30	半期	当期第2四半期累計	連結	実績		包括利益の増減率	ChangeInComprehensiveIncome	-0.436	Pure	43.6	CurrentAccumulatedQ2Duration_ConsolidatedMember_ResultMember	/disc/73200/081220250930565234_tse-scedjpsy-73200-20250930373200-ixbrl.htm
2025-09-30	半期	前期第2四半期累計	連結	実績		包括利益	ComprehensiveIncome	412000000	JPY	412	PriorAccumulatedQ2Duration_ConsolidatedMember_ResultMember	/disc/73200/081220250930565234_tse-scedjpsy-73200-20250930373200-ixbrl.htm
2025-09-30	半期	前期第2四半期累計	連結	実績		包括利益の増減率	ChangeInComprehensiveIncome	0.592	Pure	59.2	PriorAccumulatedQ2Duration_ConsolidatedMember_ResultMember	/disc/73200/081220250930565234_tse-scedjpsy-73200-20250930373200-ixbrl.htm
2025-09-30	半期	当期第2四半期累計	連結	実績		1株当たり当期純利益	NetIncomePerShare	57.11	JPYPerShares	57.11	CurrentAccumulatedQ2Duration_ConsolidatedMember_ResultMember	/disc/73200/081220250930565234_tse-scedjpsy-73200-20250930373200-ixbrl.htm
2025-09-30	半期	当期第2四半期累計	連結	実績		潜在株式調整後1株当たり当期純利益	DilutedNetIncomePerShare	57.11	JPYPerShares	57.11	CurrentAccumulatedQ2Duration_ConsolidatedMember_ResultMember	/disc/73200/081220250930565234_tse-scedjpsy-73200-20250930373200-ixbrl.htm
2025-09-30	半期	前期第2四半期累計	連結	実績		1株当たり当期純利益	NetIncomePerShare	88.61	JPYPerShares	88.61	PriorAccumulatedQ2Duration_ConsolidatedMember_ResultMember	/disc/73200/081220250930565234_tse-scedjpsy-73200-20250930373200-ixbrl.htm
2025-09-30	半期	前期第2四半期累計	連結	実績		潜在株式調整後1株当たり当期純利益	DilutedNetIncomePerShare	88.60	JPYPerShares	88.60	PriorAccumulatedQ2Duration_ConsolidatedMember_ResultMember	/disc/73200/081220250930565234_tse-scedjpsy-73200-20250930373200-ixbrl.htm
2025-09-30	半期	当期第2四半期累計	連結	実績		総資産	TotalAssets	27703000000	JPY	27,703	CurrentAccumulatedQ2Instant_ConsolidatedMember_ResultMember	/disc/73200/081220250930565234_tse-scedjpsy-73200-20250930373200-ixbrl.htm
2025-09-30	半期	当期第2四半期累計	連結	実績		純資産	NetAssets	5094000000	JPY	5,094	CurrentAccumulatedQ2Instant_ConsolidatedMember_ResultMember	/disc/73200/081220250930565234_tse-scedjpsy-73200-20250930373200-ixbrl.htm
2025-09-30	半期	当期第2四半期累計	連結	実績		自己資本比率	CapitalAdequacyRatio	0.183	Pure	18.3	CurrentAccumulatedQ2Instant_ConsolidatedMember_ResultMember	/disc/73200/081220250930565234_tse-scedjpsy-73200-20250930373200-ixbrl.htm
2025-09-30	半期	前期	連結	実績		総資産	TotalAssets	24593000000	JPY	24,593	PriorYearInstant_ConsolidatedMember_ResultMember	/disc/73200/081220250930565234_tse-scedjpsy-73200-20250930373200-ixbrl.htm
2025-09-30	半期	前期	連結	実績		純資産	NetAssets	3005000000	JPY	3,005	PriorYearInstant_ConsolidatedMember_ResultMember	/disc/73200/081220250930565234_tse-scedjpsy-73200-20250930373200-ixbrl.htm
2025-09-30	半期	前期	連結	実績		自己資本比率	CapitalAdequacyRatio	0.122	Pure	12.2	PriorYearInstant_ConsolidatedMember_ResultMember	/disc/73200/081220250930565234_tse-scedjpsy-73200-20250930373200-ixbrl.htm
2025-09-30	半期	当期第2四半期累計	連結	実績		自己資本	OwnersEquity	5074000000	JPY	5,074	CurrentAccumulatedQ2Instant_ConsolidatedMember_ResultMember	/disc/73200/081220250930565234_tse-scedjpsy-73200-20250930373200-ixbrl.htm
2025-09-30	半期	前期	連結	実績		自己資本	OwnersEquity	3005000000	JPY	3,005	PriorYearInstant_ConsolidatedMember_ResultMember	/disc/73200/081220250930565234_tse-scedjpsy-73200-20250930373200-ixbrl.htm
2025-09-30	半期	前期	単体	実績	第2四半期末	1株当たり配当金	DividendPerShare	0.00	JPYPerShares	0.00	PriorYearDuration_SecondQuarterMember_NonConsolidatedMember_ResultMember	/disc/73200/081220250930565234_tse-scedjpsy-73200-20250930373200-ixbrl.htm
2025-09-30	半期	前期	単体	実績	期末	1株当たり配当金	DividendPerShare	15.00	JPYPerShares	15.00	PriorYearDuration_YearEndMember_NonConsolidatedMember_ResultMember	/disc/73200/081220250930565234_tse-scedjpsy-73200-20250930373200-ixbrl.htm
2025-09-30	半期	前期	単体	実績	合計	1株当たり配当金	DividendPerShare	15.00	JPYPerShares	15.00	PriorYearDuration_AnnualMember_NonConsolidatedMember_ResultMember	/disc/73200/081220250930565234_tse-scedjpsy-73200-20250930373200-ixbrl.htm
2025-09-30	半期	当期	単体	実績	第2四半期末	1株当たり配当金	DividendPerShare	0.00	JPYPerShares	0.00	CurrentYearDuration_SecondQuarterMember_NonConsolidatedMember_ResultMember	/disc/73200/081220250930565234_tse-scedjpsy-73200-20250930373200-ixbrl.htm
2025-09-30	半期	当期	単体	予想	期末	1株当たり配当金	DividendPerShare	20.00	JPYPerShares	20.00	CurrentYearDuration_YearEndMember_NonConsolidatedMember_ForecastMember	/disc/73200/081220250930565234_tse-scedjpsy-73200-20250930373200-ixbrl.htm
2025-09-30	半期	当期	単体	予想	合計	1株当たり配当金	DividendPerShare	20.00	JPYPerShares	20.00	CurrentYearDuration_AnnualMember_NonConsolidatedMember_ForecastMember	/disc/73200/081220250930565234_tse-scedjpsy-73200-20250930373200-ixbrl.htm
2025-09-30	半期	当期	単体	実績	合計	当四半期における配当予想の修正	CorrectionOfDividendForecastInThisQuarter			無	CurrentYearDuration_AnnualMember_NonConsolidatedMember_ResultMember	/disc/73200/081220250930565234_tse-scedjpsy-73200-20250930373200-ixbrl.htm
2025-09-30	半期	当期第3四半期累計	単体	実績	合計	配当の注記	NoteToDividends			2025年６月期（予想）期末配当金の内訳 普通配当 15円00銭 記念配当 ５円00銭	CurrentAccumulatedQ3Duration_AnnualMember_NonConsolidatedMember_ResultMember	/disc/73200/081220250930565234_tse-scedjpsy-73200-20250930373200-ixbrl.htm
2025-09-30	半期	当期	連結	予想		業績予想の見出し	TitleForForecasts			３．2025年６月期の連結業績予想（2024年７月１日～2025年６月30日）	CurrentYearDuration_ConsolidatedMember_ForecastMember	/disc/73200/081220250930565234_tse-scedjpsy-73200-20250930373200-ixbrl.htm
2025-09-30	半期	当期	連結	予想		売上高	NetSales	6900000000	JPY	6,900	CurrentYearDuration_ConsolidatedMember_ForecastMember	/disc/73200/081220250930565234_tse-scedjpsy-73200-20250930373200-ixbrl.htm
2025-09-30	半期	当期	連結	予想		売上高の増減率	ChangeInNetSales	0.288	Pure	28.8	CurrentYearDuration_ConsolidatedMember_ForecastMember	/disc/73200/081220250930565234_tse-scedjpsy-73200-20250930373200-ixbrl.htm
2025-09-30	半期	当期	連結	予想		営業利益	OperatingIncome	1300000000	JPY	1,300	CurrentYearDuration_ConsolidatedMember_ForecastMember	/disc/73200/081220250930565234_tse-scedjpsy-73200-20250930373200-ixbrl.htm
2025-09-30	半期	当期	連結	予想		営業利益の増減率	ChangeInOperatingIncome	0.048	Pure	4.8	CurrentYearDuration_ConsolidatedMember_ForecastMember	/disc/73200/081220250930565234_tse-scedjpsy-73200-20250930373200-ixbrl.htm
2025-09-30	半期	当期	連結	予想		経常利益	OrdinaryIncome	1600000000	JPY	1,600	CurrentYearDuration_ConsolidatedMember_ForecastMember	/disc/73200/081220250930565234_tse-scedjpsy-73200-20250930373200-ixbrl.htm
2025-09-30	半期	当期	連結	予想		経常利益の増減率	ChangeInOrdinaryIncome	0.058	Pure	5.8	CurrentYearDuration_ConsolidatedMember_ForecastMember	/disc/73200/081220250930565234_tse-scedjpsy-73200-20250930373200-ixbrl.htm
2025-09-30	半期	当期	連結	予想		親会社株主に帰属する当期純利益	ProfitAttributableToOwnersOfParent	1176000000	JPY	1,176	CurrentYearDuration_ConsolidatedMember_ForecastMember	/disc/73200/081220250930565234_tse-scedjpsy-73200-20250930373200-ixbrl.htm
2025-09-30	半期	当期	連結	予想		親会社株主に帰属する当期純利益の増減率	ChangeInProfitAttributableToOwnersOfParent	0.208	Pure	20.8	CurrentYearDuration_ConsolidatedMember_ForecastMember	/disc/73200/081220250930565234_tse-scedjpsy-73200-20250930373200-ixbrl.htm
2025-09-30	半期	当期	連結	予想		1株当たり当期純利益	NetIncomePerShare	212.54	JPYPerShares	212.54	CurrentYearDuration_ConsolidatedMember_ForecastMember	/disc/73200/081220250930565234_tse-scedjpsy-73200-20250930373200-ixbrl.htm
2025-09-30	半期	当期	連結	予想		当四半期における業績予想の修正	CorrectionOfConsolidatedFinancialForecastInThisQuarter			無	CurrentYearDuration_ConsolidatedMember_ForecastMember	/disc/73200/081220250930565234_tse-scedjpsy-73200-20250930373200-ixbrl.htm
2025-09-30	半期	当期	連結	予想		業績予想の注記	NoteToForecasts			当社及び株式会社メディアシーク（以下「メディアシーク」という。）は、2024年８月９日付の両社の取締役会決議により、当社を株式交換完全親会社、メディアシークを株式交換完全子会社とする株式交換（以下「本株式交換」という。）を実施することを決定し、2024年９月25日開催の当社の定時株主総会及び2024年９月26日開催のメディアシークの定時株主総会の決議による本株式交換契約の承認を得て、2024年11月１日を効力発生日として実施いたしました。１株当たり当期純利益については、本株式交換により交付した当社の普通株式974,345株（新株発行880,327株、自己株式の処分94,018株）を考慮して算出しております。	CurrentYearDuration_ConsolidatedMember_ForecastMember	/disc/73200/081220250930565234_tse-scedjpsy-73200-20250930373200-ixbrl.htm
2025-09-30	半期	当期第2四半期累計	連結	実績		期中の連結範囲の重要な変更	SignificantChangesInTheScopeOfConsolidationDuringThePeriod			有	CurrentAccumulatedQ2Duration_ConsolidatedMember_ResultMember	/disc/73200/081220250930565234_tse-scedjpsy-73200-20250930373200-ixbrl.htm
2025-09-30	半期	当期第2四半期累計	連結	実績		新規連結子会社数	NumberOfSubsidiariesNewlyConsolidated	3	NumberOfCompanies	3	CurrentAccumulatedQ2Duration_ConsolidatedMember_ResultMember	/disc/73200/081220250930565234_tse-scedjpsy-73200-20250930373200-ixbrl.htm
2025-09-30	半期	当期第2四半期累計	連結	実績		新規連結子会社の名称	NameOfSubsidiariesNewlyConsolidated			株式会社メディアシーク、スタートメディアジャパン株式会社、株式会社メディアシークキャピタル	CurrentAccumulatedQ2Duration_ConsolidatedMember_ResultMember	/disc/73200/081220250930565234_tse-scedjpsy-73200-20250930373200-ixbrl.htm
2025-09-30	半期	当期第2四半期累計	連結	実績			NoteToSignificantChangesInTheScopeOfConsolidationDuringThePeriod			（注）詳細は、添付資料Ｐ．12「２．中間連結財務諸表及び主な注記 （４）中間連結財務諸表に関する注記事項（連結の範囲又は持分法適用の範囲の変更に関する注記）」をご覧ください。	CurrentAccumulatedQ2Duration_ConsolidatedMember_ResultMember	/disc/73200/081220250930565234_tse-scedjpsy-73200-20250930373200-ixbrl.htm
2025-09-30	半期	当期第2四半期累計	連結	実績			ApplyingOfSpecificAccountingOfTheConsolidatedSemiAnnualFinancialStatements			有	CurrentAccumulatedQ2Duration_ConsolidatedMember_ResultMember	/disc/73200/081220250930565234_tse-scedjpsy-73200-20250930373200-ixbrl.htm
2025-09-30	半期	当期第2四半期累計	連結	実績			NoteToApplyingOfSpecificAccountingOfTheConsolidatedSemiAnnualFinancialStatements			（注）詳細は、添付資料Ｐ．10「２．中間連結財務諸表及び主な注記 （４）中間連結財務諸表に関する注記事項（中間連結財務諸表の作成に特有の会計処理に関する注記）」をご覧ください。	CurrentAccumulatedQ2Duration_ConsolidatedMember_ResultMember	/disc/73200/081220250930565234_tse-scedjpsy-73200-20250930373200-ixbrl.htm
2025-09-30	半期	当期第2四半期累計	連結	実績		会計基準等の改正に伴う変更	ChangesBasedOnRevisionsOfAccountingStandard			有	CurrentAccumulatedQ2Duration_ConsolidatedMember_ResultMember	/disc/73200/081220250930565234_tse-scedjpsy-73200-20250930373200-ixbrl.htm
2025-09-30	半期	当期第2四半期累計	連結	実績		それ以外の会計方針の変更	ChangesOtherThanOnesBasedOnRevisionsOfAccountingStandard			無	CurrentAccumulatedQ2Duration_ConsolidatedMember_ResultMember	/disc/73200/081220250930565234_tse-scedjpsy-73200-20250930373200-ixbrl.htm
2025-09-30	半期	当期第2四半期累計	連結	実績		会計上の見積りの変更	ChangesInAccountingEstimates			無	CurrentAccumulatedQ2Duration_ConsolidatedMember_ResultMember	/disc/73200/081220250930565234_tse-scedjpsy-73200-20250930373200-ixbrl.htm
2025-09-30	半期	当期第2四半期累計	連結	実績		修正再表示	RetrospectiveRestatement			無	CurrentAccumulatedQ2Duration_ConsolidatedMember_ResultMember	/disc/73200/081220250930565234_tse-scedjpsy-73200-20250930373200-ixbrl.htm
2025-09-30	半期	当期第2四半期累計	連結	実績			NoteToChangesInAccountingPoliciesAccountingEstimatesAndRetrospectiveRestatementQuarterlyConsolidated			（注）詳細は、添付資料Ｐ．10「２．中間連結財務諸表及び主な注記 （４）中間連結財務諸表に関する注記事項（会計方針の変更に関する注記）」をご覧ください。	CurrentAccumulatedQ2Duration_ConsolidatedMember_ResultMember	/disc/73200/081220250930565234_tse-scedjpsy-73200-20250930373200-ixbrl.htm
2025-09-30	半期	当期第2四半期累計	単体	実績		期末発行済株式数(自己株式を含む)	NumberOfIssuedAndOutstandingSharesAtTheEndOfFiscalYearIncludingTreasuryStock	5998627	Shares	5,998,627	CurrentAccumulatedQ2Instant_NonConsolidatedMember_ResultMember	/disc/73200/081220250930565234_tse-scedjpsy-73200-20250930373200-ixbrl.htm
2025-09-30	半期	前期	単体	実績		期末発行済株式数(自己株式を含む)	NumberOfIssuedAndOutstandingSharesAtTheEndOfFiscalYearIncludingTreasuryStock	5118300	Shares	5,118,300	PriorYearInstant_NonConsolidatedMember_ResultMember	/disc/73200/081220250930565234_tse-scedjpsy-73200-20250930373200-ixbrl.htm
2025-09-30	半期	当期第2四半期累計	単体	実績		期末自己株式数	NumberOfTreasuryStockAtTheEndOfFiscalYear	237810	Shares	237,810	CurrentAccumulatedQ2Instant_NonConsolidatedMember_ResultMember	/disc/73200/081220250930565234_tse-scedjpsy-73200-20250930373200-ixbrl.htm
2025-09-30	半期	前期	単体	実績		期末自己株式数	NumberOfTreasuryStockAtTheEndOfFiscalYear	93974	Shares	93,974	PriorYearInstant_NonConsolidatedMember_ResultMember	/disc/73200/081220250930565234_tse-scedjpsy-73200-20250930373200-ixbrl.htm
2025-09-30	半期	当期第2四半期累計	単体	実績		期中平均株式数	AverageNumberOfShares	5263671	Shares	5,263,671	CurrentAccumulatedQ2Duration_NonConsolidatedMember_ResultMember	/disc/73200/081220250930565234_tse-scedjpsy-73200-20250930373200-ixbrl.htm
2025-09-30	半期	前期第2四半期累計	単体	実績		期中平均株式数	AverageNumberOfShares	5016342	Shares	5,016,342	PriorAccumulatedQ2Duration_NonConsolidatedMember_ResultMember	/disc/73200/081220250930565234_tse-scedjpsy-73200-20250930373200-ixbrl.htm
2025-09-30	半期	当期				将来情報の利用に関する注意	NotesForUsingForecastedInformationAndOthers			（将来に関する記述等についてのご注意） 本資料に記載されている業績見通し等の将来に関する記述は、当社が入手している情報及び合理的であると判断する一定の前提に基づいており、その達成を当社として約束する趣旨のものではありません。また、実際の業績等は様々な要因により大きく異なる場合があります。業績予想の前提となる条件及び業績予想のご利用に当たっての注意事項等については、添付資料Ｐ．４「１．経営成績等の概況 （４）連結業績予想などの将来予測情報に関する説明」をご覧ください。&#160;（決算補足説明資料及び決算説明会内容の入手方法） 当社は2025年２月18日（火）に録画配信での決算説明会を開催する予定です。 当日使用する決算説明会資料は、当社ウェブサイトに掲載いたします。&#160;	CurrentYearDuration	/disc/73200/081220250930565234_tse-scedjpsy-73200-20250930373200-ixbrl.htm
2025-09-30	半期	当期				決算期末	FiscalYearEnd			2025-06-30	CurrentYearInstant	/disc/73200/081220250930565234_tse-scedjpsy-73200-20250930373200-ixbrl.htm
2025-09-30	半期	当期第2四半期累計				四半期	QuarterlyPeriod	2	Pure	2	CurrentAccumulatedQ2Instant	/disc/73200/081220250930565234_tse-scedjpsy-73200-20250930373200-ixbrl.htm
2025-09-30	四半期	当期第3四半期累計				書類名	DocumentName			第３四半期決算短信〔日本基準〕（連結）	CurrentAccumulatedQ3Instant	/disc/73200/081220250930565252_tse-qcedjpsm-73200-20250930373200-ixbrl.htm
2025-09-30	四半期	当期第3四半期累計				提出日	FilingDate			2025年５月13日	CurrentAccumulatedQ3Instant	/disc/73200/081220250930565252_tse-qcedjpsm-73200-20250930373200-ixbrl.htm
2025-09-30	四半期	当期第3四半期累計				会社名	CompanyName			Solvvy株式会社	CurrentAccumulatedQ3Instant	/disc/73200/081220250930565252_tse-qcedjpsm-73200-20250930373200-ixbrl.htm
2025-09-30	四半期	当期第3四半期累計					TokyoStockExchange			東	CurrentAccumulatedQ3Instant	/disc/73200/081220250930565252_tse-qcedjpsm-73200-20250930373200-ixbrl.htm
2025-09-30	四半期	当期第3四半期累計				証券コード	SecuritiesCode			7320	CurrentAccumulatedQ3Instant	/disc/73200/081220250930565252_tse-qcedjpsm-73200-20250930373200-ixbrl.htm
2025-09-30	四半期	当期第3四半期累計				URL	URL			https://solvvy.co.jp/	CurrentAccumulatedQ3Instant	/disc/73200/081220250930565252_tse-qcedjpsm-73200-20250930373200-ixbrl.htm
2025-09-30	四半期	当期第3四半期累計				代表者の役職	TitleRepresentative			代表取締役社長	CurrentAccumulatedQ3Instant	/disc/73200/081220250930565252_tse-qcedjpsm-73200-20250930373200-ixbrl.htm
2025-09-30	四半期	当期第3四半期累計				代表者名	NameRepresentative			安達&#160; 慶高	CurrentAccumulatedQ3Instant	/disc/73200/081220250930565252_tse-qcedjpsm-73200-20250930373200-ixbrl.htm
2025-09-30	四半期	当期第3四半期累計					TitleInquiries			上席執行役員管理本部長	CurrentAccumulatedQ3Instant	/disc/73200/081220250930565252_tse-qcedjpsm-73200-20250930373200-ixbrl.htm
2025-09-30	四半期	当期第3四半期累計					NameInquiries			吉川 淳史	CurrentAccumulatedQ3Instant	/disc/73200/081220250930565252_tse-qcedjpsm-73200-20250930373200-ixbrl.htm
2025-09-30	四半期	当期第3四半期累計					Tel			03-6276-0401	CurrentAccumulatedQ3Instant	/disc/73200/081220250930565252_tse-qcedjpsm-73200-20250930373200-ixbrl.htm
2025-09-30	四半期	当期第3四半期累計					SupplementalMaterialOfResults			有	CurrentAccumulatedQ3Instant	/disc/73200/081220250930565252_tse-qcedjpsm-73200-20250930373200-ixbrl.htm
2025-09-30	四半期	当期第3四半期累計					ConveningBriefingOfResults			無	CurrentAccumulatedQ3Instant	/disc/73200/081220250930565252_tse-qcedjpsm-73200-20250930373200-ixbrl.htm
2025-09-30	四半期	当期第3四半期累計					NoteToFractionProcessingMethod			（百万円未満切捨て）	CurrentAccumulatedQ3Instant	/disc/73200/081220250930565252_tse-qcedjpsm-73200-20250930373200-ixbrl.htm
2025-09-30	四半期	当期第3四半期累計	連結	実績		売上高	NetSales	4659000000	JPY	4,659	CurrentAccumulatedQ3Duration_ConsolidatedMember_ResultMember	/disc/73200/081220250930565252_tse-qcedjpsm-73200-20250930373200-ixbrl.htm
2025-09-30	四半期	当期第3四半期累計	連結	実績		売上高の増減率	ChangeInNetSales	0.312	Pure	31.2	CurrentAccumulatedQ3Duration_ConsolidatedMember_ResultMember	/disc/73200/081220250930565252_tse-qcedjpsm-73200-20250930373200-ixbrl.htm
2025-09-30	四半期	当期第3四半期累計	連結	実績		営業利益	OperatingIncome	1047000000	JPY	1,047	CurrentAccumulatedQ3Duration_ConsolidatedMember_ResultMember	/disc/73200/081220250930565252_tse-qcedjpsm-73200-20250930373200-ixbrl.htm
2025-09-30	四半期	当期第3四半期累計	連結	実績		営業利益の増減率	ChangeInOperatingIncome	0.336	Pure	33.6	CurrentAccumulatedQ3Duration_ConsolidatedMember_ResultMember	/disc/73200/081220250930565252_tse-qcedjpsm-73200-20250930373200-ixbrl.htm
2025-09-30	四半期	当期第3四半期累計	連結	実績		経常利益	OrdinaryIncome	1360000000	JPY	1,360	CurrentAccumulatedQ3Duration_ConsolidatedMember_ResultMember	/disc/73200/081220250930565252_tse-qcedjpsm-73200-20250930373200-ixbrl.htm
2025-09-30	四半期	当期第3四半期累計	連結	実績		経常利益の増減率	ChangeInOrdinaryIncome	0.392	Pure	39.2	CurrentAccumulatedQ3Duration_ConsolidatedMember_ResultMember	/disc/73200/081220250930565252_tse-qcedjpsm-73200-20250930373200-ixbrl.htm
2025-09-30	四半期	当期第3四半期累計	連結	実績		親会社株主に帰属する当期純利益	ProfitAttributableToOwnersOfParent	275000000	JPY	275	CurrentAccumulatedQ3Duration_ConsolidatedMember_ResultMember	/disc/73200/081220250930565252_tse-qcedjpsm-73200-20250930373200-ixbrl.htm
2025-09-30	四半期	当期第3四半期累計	連結	実績		親会社株主に帰属する当期純利益の増減率	ChangeInProfitAttributableToOwnersOfParent	-0.586	Pure	58.6	CurrentAccumulatedQ3Duration_ConsolidatedMember_ResultMember	/disc/73200/081220250930565252_tse-qcedjpsm-73200-20250930373200-ixbrl.htm
2025-09-30	四半期	前期第3四半期累計	連結	実績		売上高	NetSales	3551000000	JPY	3,551	PriorAccumulatedQ3Duration_ConsolidatedMember_ResultMember	/disc/73200/081220250930565252_tse-qcedjpsm-73200-20250930373200-ixbrl.htm
2025-09-30	四半期	前期第3四半期累計	連結	実績		売上高の増減率	ChangeInNetSales	0.304	Pure	30.4	PriorAccumulatedQ3Duration_ConsolidatedMember_ResultMember	/disc/73200/081220250930565252_tse-qcedjpsm-73200-20250930373200-ixbrl.htm
2025-09-30	四半期	前期第3四半期累計	連結	実績		営業利益	OperatingIncome	784000000	JPY	784	PriorAccumulatedQ3Duration_ConsolidatedMember_ResultMember	/disc/73200/081220250930565252_tse-qcedjpsm-73200-20250930373200-ixbrl.htm
2025-09-30	四半期	前期第3四半期累計	連結	実績		営業利益の増減率	ChangeInOperatingIncome	0.470	Pure	47.0	PriorAccumulatedQ3Duration_ConsolidatedMember_ResultMember	/disc/73200/081220250930565252_tse-qcedjpsm-73200-20250930373200-ixbrl.htm
2025-09-30	四半期	前期第3四半期累計	連結	実績		経常利益	OrdinaryIncome	976000000	JPY	976	PriorAccumulatedQ3Duration_ConsolidatedMember_ResultMember	/disc/73200/081220250930565252_tse-qcedjpsm-73200-20250930373200-ixbrl.htm
2025-09-30	四半期	前期第3四半期累計	連結	実績		経常利益の増減率	ChangeInOrdinaryIncome	0.380	Pure	38.0	PriorAccumulatedQ3Duration_ConsolidatedMember_ResultMember	/disc/73200/081220250930565252_tse-qcedjpsm-73200-20250930373200-ixbrl.htm
2025-09-30	四半期	前期第3四半期累計	連結	実績		親会社株主に帰属する当期純利益	ProfitAttributableToOwnersOfParent	666000000	JPY	666	PriorAccumulatedQ3Duration_ConsolidatedMember_ResultMember	/disc/73200/081220250930565252_tse-qcedjpsm-73200-20250930373200-ixbrl.htm
2025-09-30	四半期	前期第3四半期累計	連結	実績		親会社株主に帰属する当期純利益の増減率	ChangeInProfitAttributableToOwnersOfParent	0.372	Pure	37.2	PriorAccumulatedQ3Duration_ConsolidatedMember_ResultMember	/disc/73200/081220250930565252_tse-qcedjpsm-73200-20250930373200-ixbrl.htm
2025-09-30	四半期	当期第3四半期累計	連結	実績		包括利益	ComprehensiveIncome	253000000	JPY	253	CurrentAccumulatedQ3Duration_ConsolidatedMember_ResultMember	/disc/73200/081220250930565252_tse-qcedjpsm-73200-20250930373200-ixbrl.htm
2025-09-30	四半期	当期第3四半期累計	連結	実績		包括利益の増減率	ChangeInComprehensiveIncome	-0.643	Pure	64.3	CurrentAccumulatedQ3Duration_ConsolidatedMember_ResultMember	/disc/73200/081220250930565252_tse-qcedjpsm-73200-20250930373200-ixbrl.htm
2025-09-30	四半期	前期第3四半期累計	連結	実績		包括利益	ComprehensiveIncome	709000000	JPY	709	PriorAccumulatedQ3Duration_ConsolidatedMember_ResultMember	/disc/73200/081220250930565252_tse-qcedjpsm-73200-20250930373200-ixbrl.htm
2025-09-30	四半期	前期第3四半期累計	連結	実績		包括利益の増減率	ChangeInComprehensiveIncome	0.606	Pure	60.6	PriorAccumulatedQ3Duration_ConsolidatedMember_ResultMember	/disc/73200/081220250930565252_tse-qcedjpsm-73200-20250930373200-ixbrl.htm
2025-09-30	四半期	当期第3四半期累計	連結	実績		1株当たり当期純利益	NetIncomePerShare	50.79	JPYPerShares	50.79	CurrentAccumulatedQ3Duration_ConsolidatedMember_ResultMember	/disc/73200/081220250930565252_tse-qcedjpsm-73200-20250930373200-ixbrl.htm
2025-09-30	四半期	当期第3四半期累計	連結	実績		潜在株式調整後1株当たり当期純利益	DilutedNetIncomePerShare	50.79	JPYPerShares	50.79	CurrentAccumulatedQ3Duration_ConsolidatedMember_ResultMember	/disc/73200/081220250930565252_tse-qcedjpsm-73200-20250930373200-ixbrl.htm
2025-09-30	四半期	前期第3四半期累計	連結	実績		1株当たり当期純利益	NetIncomePerShare	132.81	JPYPerShares	132.81	PriorAccumulatedQ3Duration_ConsolidatedMember_ResultMember	/disc/73200/081220250930565252_tse-qcedjpsm-73200-20250930373200-ixbrl.htm
2025-09-30	四半期	前期第3四半期累計	連結	実績		潜在株式調整後1株当たり当期純利益	DilutedNetIncomePerShare	132.80	JPYPerShares	132.80	PriorAccumulatedQ3Duration_ConsolidatedMember_ResultMember	/disc/73200/081220250930565252_tse-qcedjpsm-73200-20250930373200-ixbrl.htm
2025-09-30	四半期	当期第3四半期累計	連結	実績		総資産	TotalAssets	28118000000	JPY	28,118	CurrentAccumulatedQ3Instant_ConsolidatedMember_ResultMember	/disc/73200/081220250930565252_tse-qcedjpsm-73200-20250930373200-ixbrl.htm
2025-09-30	四半期	当期第3四半期累計	連結	実績		純資産	NetAssets	4993000000	JPY	4,993	CurrentAccumulatedQ3Instant_ConsolidatedMember_ResultMember	/disc/73200/081220250930565252_tse-qcedjpsm-73200-20250930373200-ixbrl.htm
2025-09-30	四半期	当期第3四半期累計	連結	実績		自己資本比率	CapitalAdequacyRatio	0.177	Pure	17.7	CurrentAccumulatedQ3Instant_ConsolidatedMember_ResultMember	/disc/73200/081220250930565252_tse-qcedjpsm-73200-20250930373200-ixbrl.htm
2025-09-30	四半期	前期	連結	実績		総資産	TotalAssets	24593000000	JPY	24,593	PriorYearInstant_ConsolidatedMember_ResultMember	/disc/73200/081220250930565252_tse-qcedjpsm-73200-20250930373200-ixbrl.htm
2025-09-30	四半期	前期	連結	実績		純資産	NetAssets	3005000000	JPY	3,005	PriorYearInstant_ConsolidatedMember_ResultMember	/disc/73200/081220250930565252_tse-qcedjpsm-73200-20250930373200-ixbrl.htm
2025-09-30	四半期	前期	連結	実績		自己資本比率	CapitalAdequacyRatio	0.122	Pure	12.2	PriorYearInstant_ConsolidatedMember_ResultMember	/disc/73200/081220250930565252_tse-qcedjpsm-73200-20250930373200-ixbrl.htm
2025-09-30	四半期	当期第3四半期累計	連結	実績		自己資本	OwnersEquity	4973000000	JPY	4,973	CurrentAccumulatedQ3Instant_ConsolidatedMember_ResultMember	/disc/73200/081220250930565252_tse-qcedjpsm-73200-20250930373200-ixbrl.htm
2025-09-30	四半期	前期	連結	実績		自己資本	OwnersEquity	3005000000	JPY	3,005	PriorYearInstant_ConsolidatedMember_ResultMember	/disc/73200/081220250930565252_tse-qcedjpsm-73200-20250930373200-ixbrl.htm
2025-09-30	四半期	前期	単体	実績	第2四半期末	1株当たり配当金	DividendPerShare	0.00	JPYPerShares	0.00	PriorYearDuration_SecondQuarterMember_NonConsolidatedMember_ResultMember	/disc/73200/081220250930565252_tse-qcedjpsm-73200-20250930373200-ixbrl.htm
2025-09-30	四半期	前期	単体	実績	期末	1株当たり配当金	DividendPerShare	15.00	JPYPerShares	15.00	PriorYearDuration_YearEndMember_NonConsolidatedMember_ResultMember	/disc/73200/081220250930565252_tse-qcedjpsm-73200-20250930373200-ixbrl.htm
2025-09-30	四半期	前期	単体	実績	合計	1株当たり配当金	DividendPerShare	15.00	JPYPerShares	15.00	PriorYearDuration_AnnualMember_NonConsolidatedMember_ResultMember	/disc/73200/081220250930565252_tse-qcedjpsm-73200-20250930373200-ixbrl.htm
2025-09-30	四半期	当期	単体	実績	第2四半期末	1株当たり配当金	DividendPerShare	0.00	JPYPerShares	0.00	CurrentYearDuration_SecondQuarterMember_NonConsolidatedMember_ResultMember	/disc/73200/081220250930565252_tse-qcedjpsm-73200-20250930373200-ixbrl.htm
2025-09-30	四半期	当期	単体	予想	期末	1株当たり配当金	DividendPerShare	28.00	JPYPerShares	28.00	CurrentYearDuration_YearEndMember_NonConsolidatedMember_ForecastMember	/disc/73200/081220250930565252_tse-qcedjpsm-73200-20250930373200-ixbrl.htm
2025-09-30	四半期	当期	単体	予想	合計	1株当たり配当金	DividendPerShare	28.00	JPYPerShares	28.00	CurrentYearDuration_AnnualMember_NonConsolidatedMember_ForecastMember	/disc/73200/081220250930565252_tse-qcedjpsm-73200-20250930373200-ixbrl.htm
2025-09-30	四半期	当期	単体	実績	合計	当四半期における配当予想の修正	CorrectionOfDividendForecastInThisQuarter			有	CurrentYearDuration_AnnualMember_NonConsolidatedMember_ResultMember	/disc/73200/081220250930565252_tse-qcedjpsm-73200-20250930373200-ixbrl.htm
2025-09-30	四半期	当期第3四半期累計	単体	実績	合計	配当の注記	NoteToDividends			2025年６月期（予想）期末配当金の内訳 普通配当 23円00銭 記念配当 ５円00銭	CurrentAccumulatedQ3Duration_AnnualMember_NonConsolidatedMember_ResultMember	/disc/73200/081220250930565252_tse-qcedjpsm-73200-20250930373200-ixbrl.htm
2025-09-30	四半期	当期	連結	予想		業績予想の見出し	TitleForForecasts			３．2025年６月期の連結業績予想（2024年７月１日～2025年６月30日）	CurrentYearDuration_ConsolidatedMember_ForecastMember	/disc/73200/081220250930565252_tse-qcedjpsm-73200-20250930373200-ixbrl.htm
2025-09-30	四半期	当期	連結	予想		売上高	NetSales	6900000000	JPY	6,900	CurrentYearDuration_ConsolidatedMember_ForecastMember	/disc/73200/081220250930565252_tse-qcedjpsm-73200-20250930373200-ixbrl.htm
2025-09-30	四半期	当期	連結	予想		売上高の増減率	ChangeInNetSales	0.288	Pure	28.8	CurrentYearDuration_ConsolidatedMember_ForecastMember	/disc/73200/081220250930565252_tse-qcedjpsm-73200-20250930373200-ixbrl.htm
2025-09-30	四半期	当期	連結	予想		営業利益	OperatingIncome	1300000000	JPY	1,300	CurrentYearDuration_ConsolidatedMember_ForecastMember	/disc/73200/081220250930565252_tse-qcedjpsm-73200-20250930373200-ixbrl.htm
2025-09-30	四半期	当期	連結	予想		営業利益の増減率	ChangeInOperatingIncome	0.048	Pure	4.8	CurrentYearDuration_ConsolidatedMember_ForecastMember	/disc/73200/081220250930565252_tse-qcedjpsm-73200-20250930373200-ixbrl.htm
2025-09-30	四半期	当期	連結	予想		経常利益	OrdinaryIncome	1600000000	JPY	1,600	CurrentYearDuration_ConsolidatedMember_ForecastMember	/disc/73200/081220250930565252_tse-qcedjpsm-73200-20250930373200-ixbrl.htm
2025-09-30	四半期	当期	連結	予想		経常利益の増減率	ChangeInOrdinaryIncome	0.058	Pure	5.8	CurrentYearDuration_ConsolidatedMember_ForecastMember	/disc/73200/081220250930565252_tse-qcedjpsm-73200-20250930373200-ixbrl.htm
2025-09-30	四半期	当期	連結	予想		親会社株主に帰属する当期純利益	ProfitAttributableToOwnersOfParent	1176000000	JPY	1,176	CurrentYearDuration_ConsolidatedMember_ForecastMember	/disc/73200/081220250930565252_tse-qcedjpsm-73200-20250930373200-ixbrl.htm
2025-09-30	四半期	当期	連結	予想		親会社株主に帰属する当期純利益の増減率	ChangeInProfitAttributableToOwnersOfParent	0.208	Pure	20.8	CurrentYearDuration_ConsolidatedMember_ForecastMember	/disc/73200/081220250930565252_tse-qcedjpsm-73200-20250930373200-ixbrl.htm
2025-09-30	四半期	当期	連結	予想		1株当たり当期純利益	NetIncomePerShare	212.54	JPYPerShares	212.54	CurrentYearDuration_ConsolidatedMember_ForecastMember	/disc/73200/081220250930565252_tse-qcedjpsm-73200-20250930373200-ixbrl.htm
2025-09-30	四半期	当期	連結	予想		当四半期における業績予想の修正	CorrectionOfConsolidatedFinancialForecastInThisQuarter			無	CurrentYearDuration_ConsolidatedMember_ForecastMember	/disc/73200/081220250930565252_tse-qcedjpsm-73200-20250930373200-ixbrl.htm
2025-09-30	四半期	当期	連結	予想		業績予想の注記	NoteToForecasts			当社及び株式会社メディアシーク（以下「メディアシーク」という。）は、2024年８月９日付の両社の取締役会決議により、当社を株式交換完全親会社、メディアシークを株式交換完全子会社とする株式交換（以下「本株式交換」という。）を実施することを決定し、2024年９月25日開催の当社の定時株主総会及び2024年９月26日開催のメディアシークの定時株主総会の決議による本株式交換契約の承認を得て、2024年11月１日を効力発生日として実施いたしました。１株当たり当期純利益については、本株式交換により交付した当社の普通株式974,345株（新株発行880,327株、自己株式の処分94,018株）を考慮して算出しております。	CurrentYearDuration_ConsolidatedMember_ForecastMember	/disc/73200/081220250930565252_tse-qcedjpsm-73200-20250930373200-ixbrl.htm
2025-09-30	四半期	当期第3四半期累計	連結	実績		期中の連結範囲の重要な変更	SignificantChangesInTheScopeOfConsolidationDuringThePeriod			有	CurrentAccumulatedQ3Duration_ConsolidatedMember_ResultMember	/disc/73200/081220250930565252_tse-qcedjpsm-73200-20250930373200-ixbrl.htm
2025-09-30	四半期	当期第3四半期累計	連結	実績		新規連結子会社数	NumberOfSubsidiariesNewlyConsolidated	3	NumberOfCompanies	3	CurrentAccumulatedQ3Duration_ConsolidatedMember_ResultMember	/disc/73200/081220250930565252_tse-qcedjpsm-73200-20250930373200-ixbrl.htm
2025-09-30	四半期	当期第3四半期累計	連結	実績		新規連結子会社の名称	NameOfSubsidiariesNewlyConsolidated			株式会社メディアシーク、スタートメディアジャパン株式会社、株式会社メディアシークキャピタル	CurrentAccumulatedQ3Duration_ConsolidatedMember_ResultMember	/disc/73200/081220250930565252_tse-qcedjpsm-73200-20250930373200-ixbrl.htm
2025-09-30	四半期	当期第1四半期累計	連結	実績			NoteToSignificantChangesInTheScopeOfConsolidationDuringThePeriod			（注）詳細は、添付資料Ｐ．12「２．四半期連結財務諸表及び主な注記 （３）四半期連結財務諸表に関する注記事項（連結の範囲又は持分法適用の範囲の変更に関する注記）」をご覧ください。	CurrentAccumulatedQ1Duration_ConsolidatedMember_ResultMember	/disc/73200/081220250930565252_tse-qcedjpsm-73200-20250930373200-ixbrl.htm
2025-09-30	四半期	当期第3四半期累計	連結	実績			ApplyingOfSpecificAccountingOfTheConsolidatedQuarterlyFinancialStatements			有	CurrentAccumulatedQ3Duration_ConsolidatedMember_ResultMember	/disc/73200/081220250930565252_tse-qcedjpsm-73200-20250930373200-ixbrl.htm
2025-09-30	四半期	当期第3四半期累計	連結	実績			NoteToApplyingOfSpecificAccountingOfTheConsolidatedQuarterlyFinancialStatements			（注）詳細は、添付資料Ｐ．９「２．四半期連結財務諸表及び主な注記 （３）四半期連結財務諸表に関する注記事項（四半期連結財務諸表の作成に特有の会計処理に関する注記）」をご覧ください。	CurrentAccumulatedQ3Duration_ConsolidatedMember_ResultMember	/disc/73200/081220250930565252_tse-qcedjpsm-73200-20250930373200-ixbrl.htm
2025-09-30	四半期	当期第3四半期累計	連結	実績		会計基準等の改正に伴う変更	ChangesBasedOnRevisionsOfAccountingStandard			有	CurrentAccumulatedQ3Duration_ConsolidatedMember_ResultMember	/disc/73200/081220250930565252_tse-qcedjpsm-73200-20250930373200-ixbrl.htm
2025-09-30	四半期	当期第3四半期累計	連結	実績		それ以外の会計方針の変更	ChangesOtherThanOnesBasedOnRevisionsOfAccountingStandard			無	CurrentAccumulatedQ3Duration_ConsolidatedMember_ResultMember	/disc/73200/081220250930565252_tse-qcedjpsm-73200-20250930373200-ixbrl.htm
2025-09-30	四半期	当期第3四半期累計	連結	実績		会計上の見積りの変更	ChangesInAccountingEstimates			無	CurrentAccumulatedQ3Duration_ConsolidatedMember_ResultMember	/disc/73200/081220250930565252_tse-qcedjpsm-73200-20250930373200-ixbrl.htm
2025-09-30	四半期	当期第3四半期累計	連結	実績		修正再表示	RetrospectiveRestatement			無	CurrentAccumulatedQ3Duration_ConsolidatedMember_ResultMember	/disc/73200/081220250930565252_tse-qcedjpsm-73200-20250930373200-ixbrl.htm
2025-09-30	四半期	当期第3四半期累計	連結	実績			NoteToChangesInAccountingPoliciesAccountingEstimatesAndRetrospectiveRestatementQuarterlyConsolidated			（注）詳細は、添付資料Ｐ．９「２．四半期連結財務諸表及び主な注記 （３）四半期連結財務諸表に関する注記事項（会計方針の変更に関する注記）」をご覧ください。	CurrentAccumulatedQ3Duration_ConsolidatedMember_ResultMember	/disc/73200/081220250930565252_tse-qcedjpsm-73200-20250930373200-ixbrl.htm
2025-09-30	四半期	当期第3四半期累計	単体	実績		期末発行済株式数(自己株式を含む)	NumberOfIssuedAndOutstandingSharesAtTheEndOfFiscalYearIncludingTreasuryStock	5998627	Shares	5,998,627	CurrentAccumulatedQ3Instant_NonConsolidatedMember_ResultMember	/disc/73200/081220250930565252_tse-qcedjpsm-73200-20250930373200-ixbrl.htm
2025-09-30	四半期	前期	単体	実績		期末発行済株式数(自己株式を含む)	NumberOfIssuedAndOutstandingSharesAtTheEndOfFiscalYearIncludingTreasuryStock	5118300	Shares	5,118,300	PriorYearInstant_NonConsolidatedMember_ResultMember	/disc/73200/081220250930565252_tse-qcedjpsm-73200-20250930373200-ixbrl.htm
2025-09-30	四半期	当期第3四半期累計	単体	実績		期末自己株式数	NumberOfTreasuryStockAtTheEndOfFiscalYear	238210	Shares	238,210	CurrentAccumulatedQ3Instant_NonConsolidatedMember_ResultMember	/disc/73200/081220250930565252_tse-qcedjpsm-73200-20250930373200-ixbrl.htm
2025-09-30	四半期	前期	単体	実績		期末自己株式数	NumberOfTreasuryStockAtTheEndOfFiscalYear	93974	Shares	93,974	PriorYearInstant_NonConsolidatedMember_ResultMember	/disc/73200/081220250930565252_tse-qcedjpsm-73200-20250930373200-ixbrl.htm
2025-09-30	四半期	当期第3四半期累計	単体	実績		期中平均株式数	AverageNumberOfShares	5432798	Shares	5,432,798	CurrentAccumulatedQ3Duration_NonConsolidatedMember_ResultMember	/disc/73200/081220250930565252_tse-qcedjpsm-73200-20250930373200-ixbrl.htm
2025-09-30	四半期	前期第3四半期累計	単体	実績		期中平均株式数	AverageNumberOfShares	5018781	Shares	5,018,781	PriorAccumulatedQ3Duration_NonConsolidatedMember_ResultMember	/disc/73200/081220250930565252_tse-qcedjpsm-73200-20250930373200-ixbrl.htm
2025-09-30	四半期	当期第3四半期累計					ReviewOfAttachedConsolidatedQuarterlyFinancialStatementsByACertifiedPublicAccountantOrAnAuditFirm			無	CurrentAccumulatedQ3Duration	/disc/73200/081220250930565252_tse-qcedjpsm-73200-20250930373200-ixbrl.htm
2025-09-30	四半期	当期				将来情報の利用に関する注意	NotesForUsingForecastedInformationAndOthers			（将来に関する記述等についてのご注意） 本資料に記載されている業績見通し等の将来に関する記述は、当社が入手している情報及び合理的であると判断する一定の前提に基づいており、その達成を当社として約束する趣旨のものではありません。また、実際の業績等は様々な要因により大きく異なる場合があります。業績予想の前提となる条件及び業績予想のご利用に当たっての注意事項等については、添付資料Ｐ．５「１．経営成績等の概況 （３）連結業績予想などの将来予測情報に関する説明」をご覧ください。&#160;（決算補足説明資料の入手方法） 決算補足説明資料は、2025年５月13日(火)に当社ウェブサイトに掲載いたします。	CurrentYearDuration	/disc/73200/081220250930565252_tse-qcedjpsm-73200-20250930373200-ixbrl.htm
2025-09-30	四半期	当期				決算期末	FiscalYearEnd			2025-06-30	CurrentYearInstant	/disc/73200/081220250930565252_tse-qcedjpsm-73200-20250930373200-ixbrl.htm
2025-09-30	四半期	当期第3四半期累計				四半期	QuarterlyPeriod	3	Pure	3	CurrentAccumulatedQ3Instant	/disc/73200/081220250930565252_tse-qcedjpsm-73200-20250930373200-ixbrl.htm
2025-11-12	四半期	当期第1四半期累計				書類名	DocumentName			第１四半期決算短信〔日本基準〕（連結）	CurrentAccumulatedQ1Instant	/disc/73200/081220251112597221_tse-qcedjpsm-73200-20251112373200-ixbrl.htm
2025-11-12	四半期	当期第1四半期累計				提出日	FilingDate			2025年11月12日	CurrentAccumulatedQ1Instant	/disc/73200/081220251112597221_tse-qcedjpsm-73200-20251112373200-ixbrl.htm
2025-11-12	四半期	当期第1四半期累計				会社名	CompanyName			Solvvy株式会社	CurrentAccumulatedQ1Instant	/disc/73200/081220251112597221_tse-qcedjpsm-73200-20251112373200-ixbrl.htm
2025-11-12	四半期	当期第1四半期累計					TokyoStockExchange			東	CurrentAccumulatedQ1Instant	/disc/73200/081220251112597221_tse-qcedjpsm-73200-20251112373200-ixbrl.htm
2025-11-12	四半期	当期第1四半期累計				証券コード	SecuritiesCode			7320	CurrentAccumulatedQ1Instant	/disc/73200/081220251112597221_tse-qcedjpsm-73200-20251112373200-ixbrl.htm
2025-11-12	四半期	当期第1四半期累計				URL	URL			https://solvvy.co.jp/	CurrentAccumulatedQ1Instant	/disc/73200/081220251112597221_tse-qcedjpsm-73200-20251112373200-ixbrl.htm
2025-11-12	四半期	当期第1四半期累計				代表者の役職	TitleRepresentative			代表取締役社長	CurrentAccumulatedQ1Instant	/disc/73200/081220251112597221_tse-qcedjpsm-73200-20251112373200-ixbrl.htm
2025-11-12	四半期	当期第1四半期累計				代表者名	NameRepresentative			安達&#160; 慶高	CurrentAccumulatedQ1Instant	/disc/73200/081220251112597221_tse-qcedjpsm-73200-20251112373200-ixbrl.htm
2025-11-12	四半期	当期第1四半期累計					TitleInquiries			上席執行役員経営管理本部長	CurrentAccumulatedQ1Instant	/disc/73200/081220251112597221_tse-qcedjpsm-73200-20251112373200-ixbrl.htm
2025-11-12	四半期	当期第1四半期累計					NameInquiries			吉川&#160; 淳史	CurrentAccumulatedQ1Instant	/disc/73200/081220251112597221_tse-qcedjpsm-73200-20251112373200-ixbrl.htm
2025-11-12	四半期	当期第1四半期累計					Tel			03-6276-0401	CurrentAccumulatedQ1Instant	/disc/73200/081220251112597221_tse-qcedjpsm-73200-20251112373200-ixbrl.htm
2025-11-12	四半期	当期第1四半期累計					SupplementalMaterialOfResults			有	CurrentAccumulatedQ1Instant	/disc/73200/081220251112597221_tse-qcedjpsm-73200-20251112373200-ixbrl.htm
2025-11-12	四半期	当期第1四半期累計					ConveningBriefingOfResults			無	CurrentAccumulatedQ1Instant	/disc/73200/081220251112597221_tse-qcedjpsm-73200-20251112373200-ixbrl.htm
2025-11-12	四半期	当期第1四半期累計					NoteToFractionProcessingMethod			（百万円未満切捨て）	CurrentAccumulatedQ1Instant	/disc/73200/081220251112597221_tse-qcedjpsm-73200-20251112373200-ixbrl.htm
2025-11-12	四半期	当期第1四半期累計	連結	実績		売上高	NetSales	1534000000	JPY	1,534	CurrentAccumulatedQ1Duration_ConsolidatedMember_ResultMember	/disc/73200/081220251112597221_tse-qcedjpsm-73200-20251112373200-ixbrl.htm
2025-11-12	四半期	当期第1四半期累計	連結	実績		売上高の増減率	ChangeInNetSales	0.041	Pure	4.1	CurrentAccumulatedQ1Duration_ConsolidatedMember_ResultMember	/disc/73200/081220251112597221_tse-qcedjpsm-73200-20251112373200-ixbrl.htm
2025-11-12	四半期	当期第1四半期累計	連結	実績		営業利益	OperatingIncome	201000000	JPY	201	CurrentAccumulatedQ1Duration_ConsolidatedMember_ResultMember	/disc/73200/081220251112597221_tse-qcedjpsm-73200-20251112373200-ixbrl.htm
2025-11-12	四半期	当期第1四半期累計	連結	実績		営業利益の増減率	ChangeInOperatingIncome	-0.489	Pure	48.9	CurrentAccumulatedQ1Duration_ConsolidatedMember_ResultMember	/disc/73200/081220251112597221_tse-qcedjpsm-73200-20251112373200-ixbrl.htm
2025-11-12	四半期	当期第1四半期累計	連結	実績		経常利益	OrdinaryIncome	377000000	JPY	377	CurrentAccumulatedQ1Duration_ConsolidatedMember_ResultMember	/disc/73200/081220251112597221_tse-qcedjpsm-73200-20251112373200-ixbrl.htm
2025-11-12	四半期	当期第1四半期累計	連結	実績		経常利益の増減率	ChangeInOrdinaryIncome	-0.215	Pure	21.5	CurrentAccumulatedQ1Duration_ConsolidatedMember_ResultMember	/disc/73200/081220251112597221_tse-qcedjpsm-73200-20251112373200-ixbrl.htm
2025-11-12	四半期	当期第1四半期累計	連結	実績		親会社株主に帰属する当期純利益	ProfitAttributableToOwnersOfParent	247000000	JPY	247	CurrentAccumulatedQ1Duration_ConsolidatedMember_ResultMember	/disc/73200/081220251112597221_tse-qcedjpsm-73200-20251112373200-ixbrl.htm
2025-11-12	四半期	当期第1四半期累計	連結	実績		親会社株主に帰属する当期純利益の増減率	ChangeInProfitAttributableToOwnersOfParent	-0.242	Pure	24.2	CurrentAccumulatedQ1Duration_ConsolidatedMember_ResultMember	/disc/73200/081220251112597221_tse-qcedjpsm-73200-20251112373200-ixbrl.htm
2025-11-12	四半期	前期第1四半期累計	連結	実績		売上高	NetSales	1473000000	JPY	1,473	PriorAccumulatedQ1Duration_ConsolidatedMember_ResultMember	/disc/73200/081220251112597221_tse-qcedjpsm-73200-20251112373200-ixbrl.htm
2025-11-12	四半期	前期第1四半期累計	連結	実績		売上高の増減率	ChangeInNetSales	0.330	Pure	33.0	PriorAccumulatedQ1Duration_ConsolidatedMember_ResultMember	/disc/73200/081220251112597221_tse-qcedjpsm-73200-20251112373200-ixbrl.htm
2025-11-12	四半期	前期第1四半期累計	連結	実績		営業利益	OperatingIncome	395000000	JPY	395	PriorAccumulatedQ1Duration_ConsolidatedMember_ResultMember	/disc/73200/081220251112597221_tse-qcedjpsm-73200-20251112373200-ixbrl.htm
2025-11-12	四半期	前期第1四半期累計	連結	実績		営業利益の増減率	ChangeInOperatingIncome	0.511	Pure	51.1	PriorAccumulatedQ1Duration_ConsolidatedMember_ResultMember	/disc/73200/081220251112597221_tse-qcedjpsm-73200-20251112373200-ixbrl.htm
2025-11-12	四半期	前期第1四半期累計	連結	実績		経常利益	OrdinaryIncome	480000000	JPY	480	PriorAccumulatedQ1Duration_ConsolidatedMember_ResultMember	/disc/73200/081220251112597221_tse-qcedjpsm-73200-20251112373200-ixbrl.htm
2025-11-12	四半期	前期第1四半期累計	連結	実績		経常利益の増減率	ChangeInOrdinaryIncome	0.494	Pure	49.4	PriorAccumulatedQ1Duration_ConsolidatedMember_ResultMember	/disc/73200/081220251112597221_tse-qcedjpsm-73200-20251112373200-ixbrl.htm
2025-11-12	四半期	前期第1四半期累計	連結	実績		親会社株主に帰属する当期純利益	ProfitAttributableToOwnersOfParent	326000000	JPY	326	PriorAccumulatedQ1Duration_ConsolidatedMember_ResultMember	/disc/73200/081220251112597221_tse-qcedjpsm-73200-20251112373200-ixbrl.htm
2025-11-12	四半期	前期第1四半期累計	連結	実績		親会社株主に帰属する当期純利益の増減率	ChangeInProfitAttributableToOwnersOfParent	0.491	Pure	49.1	PriorAccumulatedQ1Duration_ConsolidatedMember_ResultMember	/disc/73200/081220251112597221_tse-qcedjpsm-73200-20251112373200-ixbrl.htm
2025-11-12	四半期	当期第1四半期累計	連結	実績		包括利益	ComprehensiveIncome	525000000	JPY	525	CurrentAccumulatedQ1Duration_ConsolidatedMember_ResultMember	/disc/73200/081220251112597221_tse-qcedjpsm-73200-20251112373200-ixbrl.htm
2025-11-12	四半期	当期第1四半期累計	連結	実績		包括利益の増減率	ChangeInComprehensiveIncome	1.490	Pure	149.0	CurrentAccumulatedQ1Duration_ConsolidatedMember_ResultMember	/disc/73200/081220251112597221_tse-qcedjpsm-73200-20251112373200-ixbrl.htm
2025-11-12	四半期	前期第1四半期累計	連結	実績		包括利益	ComprehensiveIncome	211000000	JPY	211	PriorAccumulatedQ1Duration_ConsolidatedMember_ResultMember	/disc/73200/081220251112597221_tse-qcedjpsm-73200-20251112373200-ixbrl.htm
2025-11-12	四半期	前期第1四半期累計	連結	実績		包括利益の増減率	ChangeInComprehensiveIncome	-0.067	Pure	6.7	PriorAccumulatedQ1Duration_ConsolidatedMember_ResultMember	/disc/73200/081220251112597221_tse-qcedjpsm-73200-20251112373200-ixbrl.htm
2025-11-12	四半期	当期第1四半期累計	連結	実績		1株当たり当期純利益	NetIncomePerShare	21.50	JPYPerShares	21.50	CurrentAccumulatedQ1Duration_ConsolidatedMember_ResultMember	/disc/73200/081220251112597221_tse-qcedjpsm-73200-20251112373200-ixbrl.htm
2025-11-12	四半期	当期第1四半期累計	連結	実績		潜在株式調整後1株当たり当期純利益	DilutedNetIncomePerShare	21.49	JPYPerShares	21.49	CurrentAccumulatedQ1Duration_ConsolidatedMember_ResultMember	/disc/73200/081220251112597221_tse-qcedjpsm-73200-20251112373200-ixbrl.htm
2025-11-12	四半期	前期第1四半期累計	連結	実績		1株当たり当期純利益	NetIncomePerShare	32.54	JPYPerShares	32.54	PriorAccumulatedQ1Duration_ConsolidatedMember_ResultMember	/disc/73200/081220251112597221_tse-qcedjpsm-73200-20251112373200-ixbrl.htm
2025-11-12	四半期	前期第1四半期累計	連結	実績		潜在株式調整後1株当たり当期純利益	DilutedNetIncomePerShare	32.53	JPYPerShares	32.53	PriorAccumulatedQ1Duration_ConsolidatedMember_ResultMember	/disc/73200/081220251112597221_tse-qcedjpsm-73200-20251112373200-ixbrl.htm
2025-11-12	四半期	当期第1四半期累計	連結	実績		経営成績の注記	NoteToOperatingResults			（注）当社は、2025年７月１日付で普通株式１株につき２株の割合で株式分割を行っております。前連結会計年度の期首に当該株式分割が行われたと仮定して、「１株当たり四半期純利益」及び「潜在株式調整後１株当たり四半期純利益」を算定しております。	CurrentAccumulatedQ1Duration_ConsolidatedMember_ResultMember	/disc/73200/081220251112597221_tse-qcedjpsm-73200-20251112373200-ixbrl.htm
2025-11-12	四半期	当期第1四半期累計	連結	実績		総資産	TotalAssets	30297000000	JPY	30,297	CurrentAccumulatedQ1Instant_ConsolidatedMember_ResultMember	/disc/73200/081220251112597221_tse-qcedjpsm-73200-20251112373200-ixbrl.htm
2025-11-12	四半期	当期第1四半期累計	連結	実績		純資産	NetAssets	4549000000	JPY	4,549	CurrentAccumulatedQ1Instant_ConsolidatedMember_ResultMember	/disc/73200/081220251112597221_tse-qcedjpsm-73200-20251112373200-ixbrl.htm
2025-11-12	四半期	当期第1四半期累計	連結	実績		自己資本比率	CapitalAdequacyRatio	0.149	Pure	14.9	CurrentAccumulatedQ1Instant_ConsolidatedMember_ResultMember	/disc/73200/081220251112597221_tse-qcedjpsm-73200-20251112373200-ixbrl.htm
2025-11-12	四半期	前期	連結	実績		総資産	TotalAssets	29619000000	JPY	29,619	PriorYearInstant_ConsolidatedMember_ResultMember	/disc/73200/081220251112597221_tse-qcedjpsm-73200-20251112373200-ixbrl.htm
2025-11-12	四半期	前期	連結	実績		純資産	NetAssets	4190000000	JPY	4,190	PriorYearInstant_ConsolidatedMember_ResultMember	/disc/73200/081220251112597221_tse-qcedjpsm-73200-20251112373200-ixbrl.htm
2025-11-12	四半期	前期	連結	実績		自己資本比率	CapitalAdequacyRatio	0.141	Pure	14.1	PriorYearInstant_ConsolidatedMember_ResultMember	/disc/73200/081220251112597221_tse-qcedjpsm-73200-20251112373200-ixbrl.htm
2025-11-12	四半期	当期第1四半期累計	連結	実績		自己資本	OwnersEquity	4528000000	JPY	4,528	CurrentAccumulatedQ1Instant_ConsolidatedMember_ResultMember	/disc/73200/081220251112597221_tse-qcedjpsm-73200-20251112373200-ixbrl.htm
2025-11-12	四半期	前期	連結	実績		自己資本	OwnersEquity	4170000000	JPY	4,170	PriorYearInstant_ConsolidatedMember_ResultMember	/disc/73200/081220251112597221_tse-qcedjpsm-73200-20251112373200-ixbrl.htm
2025-11-12	四半期	前期	単体	実績	第2四半期末	1株当たり配当金	DividendPerShare	0.00	JPYPerShares	0.00	PriorYearDuration_SecondQuarterMember_NonConsolidatedMember_ResultMember	/disc/73200/081220251112597221_tse-qcedjpsm-73200-20251112373200-ixbrl.htm
2025-11-12	四半期	前期	単体	実績	期末	1株当たり配当金	DividendPerShare	28.00	JPYPerShares	28.00	PriorYearDuration_YearEndMember_NonConsolidatedMember_ResultMember	/disc/73200/081220251112597221_tse-qcedjpsm-73200-20251112373200-ixbrl.htm
2025-11-12	四半期	前期	単体	実績	合計	1株当たり配当金	DividendPerShare	28.00	JPYPerShares	28.00	PriorYearDuration_AnnualMember_NonConsolidatedMember_ResultMember	/disc/73200/081220251112597221_tse-qcedjpsm-73200-20251112373200-ixbrl.htm
2025-11-12	四半期	当期	単体	予想	第2四半期末	1株当たり配当金	DividendPerShare	10.00	JPYPerShares	10.00	CurrentYearDuration_SecondQuarterMember_NonConsolidatedMember_ForecastMember	/disc/73200/081220251112597221_tse-qcedjpsm-73200-20251112373200-ixbrl.htm
2025-11-12	四半期	当期	単体	予想	期末	1株当たり配当金	DividendPerShare	10.00	JPYPerShares	10.00	CurrentYearDuration_YearEndMember_NonConsolidatedMember_ForecastMember	/disc/73200/081220251112597221_tse-qcedjpsm-73200-20251112373200-ixbrl.htm
2025-11-12	四半期	当期	単体	予想	合計	1株当たり配当金	DividendPerShare	20.00	JPYPerShares	20.00	CurrentYearDuration_AnnualMember_NonConsolidatedMember_ForecastMember	/disc/73200/081220251112597221_tse-qcedjpsm-73200-20251112373200-ixbrl.htm
2025-11-12	四半期	当期	単体	実績	合計	当四半期における配当予想の修正	CorrectionOfDividendForecastInThisQuarter			無	CurrentYearDuration_AnnualMember_NonConsolidatedMember_ResultMember	/disc/73200/081220251112597221_tse-qcedjpsm-73200-20251112373200-ixbrl.htm
2025-11-12	四半期	当期第1四半期累計	連結	実績			NoteToFinancialPositions			当社は、2025年７月１日付で普通株式１株につき２株の割合で株式分割を行っております。2025年６月期については当該株式分割前の実際の配当金の額を記載しております。	CurrentAccumulatedQ1Instant_ConsolidatedMember_ResultMember	/disc/73200/081220251112597221_tse-qcedjpsm-73200-20251112373200-ixbrl.htm
2025-11-12	四半期	当期	連結	予想		業績予想の見出し	TitleForForecasts			３．2026年６月期の連結業績予想（2025年７月１日～2026年６月30日）	CurrentYearDuration_ConsolidatedMember_ForecastMember	/disc/73200/081220251112597221_tse-qcedjpsm-73200-20251112373200-ixbrl.htm
2025-11-12	四半期	当期第2四半期累計	連結	予想		売上高	NetSales	3600000000	JPY	3,600	CurrentAccumulatedQ2Duration_ConsolidatedMember_ForecastMember	/disc/73200/081220251112597221_tse-qcedjpsm-73200-20251112373200-ixbrl.htm
2025-11-12	四半期	当期第2四半期累計	連結	予想		売上高の増減率	ChangeInNetSales	0.208	Pure	20.8	CurrentAccumulatedQ2Duration_ConsolidatedMember_ForecastMember	/disc/73200/081220251112597221_tse-qcedjpsm-73200-20251112373200-ixbrl.htm
2025-11-12	四半期	当期第2四半期累計	連結	予想		営業利益	OperatingIncome	810000000	JPY	810	CurrentAccumulatedQ2Duration_ConsolidatedMember_ForecastMember	/disc/73200/081220251112597221_tse-qcedjpsm-73200-20251112373200-ixbrl.htm
2025-11-12	四半期	当期第2四半期累計	連結	予想		営業利益の増減率	ChangeInOperatingIncome	0.212	Pure	21.2	CurrentAccumulatedQ2Duration_ConsolidatedMember_ForecastMember	/disc/73200/081220251112597221_tse-qcedjpsm-73200-20251112373200-ixbrl.htm
2025-11-12	四半期	当期第2四半期累計	連結	予想		経常利益	OrdinaryIncome	1040000000	JPY	1,040	CurrentAccumulatedQ2Duration_ConsolidatedMember_ForecastMember	/disc/73200/081220251112597221_tse-qcedjpsm-73200-20251112373200-ixbrl.htm
2025-11-12	四半期	当期第2四半期累計	連結	予想		経常利益の増減率	ChangeInOrdinaryIncome	0.213	Pure	21.3	CurrentAccumulatedQ2Duration_ConsolidatedMember_ForecastMember	/disc/73200/081220251112597221_tse-qcedjpsm-73200-20251112373200-ixbrl.htm
2025-11-12	四半期	当期第2四半期累計	連結	予想		親会社株主に帰属する当期純利益	ProfitAttributableToOwnersOfParent	695000000	JPY	695	CurrentAccumulatedQ2Duration_ConsolidatedMember_ForecastMember	/disc/73200/081220251112597221_tse-qcedjpsm-73200-20251112373200-ixbrl.htm
2025-11-12	四半期	当期第2四半期累計	連結	予想		親会社株主に帰属する当期純利益の増減率	ChangeInProfitAttributableToOwnersOfParent	1.312	Pure	131.2	CurrentAccumulatedQ2Duration_ConsolidatedMember_ForecastMember	/disc/73200/081220251112597221_tse-qcedjpsm-73200-20251112373200-ixbrl.htm
2025-11-12	四半期	当期第2四半期累計	連結	予想		1株当たり当期純利益	NetIncomePerShare	63.01	JPYPerShares	63.01	CurrentAccumulatedQ2Duration_ConsolidatedMember_ForecastMember	/disc/73200/081220251112597221_tse-qcedjpsm-73200-20251112373200-ixbrl.htm
2025-11-12	四半期	当期	連結	予想		売上高	NetSales	8200000000	JPY	8,200	CurrentYearDuration_ConsolidatedMember_ForecastMember	/disc/73200/081220251112597221_tse-qcedjpsm-73200-20251112373200-ixbrl.htm
2025-11-12	四半期	当期	連結	予想		売上高の増減率	ChangeInNetSales	0.223	Pure	22.3	CurrentYearDuration_ConsolidatedMember_ForecastMember	/disc/73200/081220251112597221_tse-qcedjpsm-73200-20251112373200-ixbrl.htm
2025-11-12	四半期	当期	連結	予想		営業利益	OperatingIncome	2100000000	JPY	2,100	CurrentYearDuration_ConsolidatedMember_ForecastMember	/disc/73200/081220251112597221_tse-qcedjpsm-73200-20251112373200-ixbrl.htm
2025-11-12	四半期	当期	連結	予想		営業利益の増減率	ChangeInOperatingIncome	0.296	Pure	29.6	CurrentYearDuration_ConsolidatedMember_ForecastMember	/disc/73200/081220251112597221_tse-qcedjpsm-73200-20251112373200-ixbrl.htm
2025-11-12	四半期	当期	連結	予想		経常利益	OrdinaryIncome	2500000000	JPY	2,500	CurrentYearDuration_ConsolidatedMember_ForecastMember	/disc/73200/081220251112597221_tse-qcedjpsm-73200-20251112373200-ixbrl.htm
2025-11-12	四半期	当期	連結	予想		経常利益の増減率	ChangeInOrdinaryIncome	0.264	Pure	26.4	CurrentYearDuration_ConsolidatedMember_ForecastMember	/disc/73200/081220251112597221_tse-qcedjpsm-73200-20251112373200-ixbrl.htm
2025-11-12	四半期	当期	連結	予想		親会社株主に帰属する当期純利益	ProfitAttributableToOwnersOfParent	1625000000	JPY	1,625	CurrentYearDuration_ConsolidatedMember_ForecastMember	/disc/73200/081220251112597221_tse-qcedjpsm-73200-20251112373200-ixbrl.htm
2025-11-12	四半期	当期	連結	予想		1株当たり当期純利益	NetIncomePerShare	147.33	JPYPerShares	147.33	CurrentYearDuration_ConsolidatedMember_ForecastMember	/disc/73200/081220251112597221_tse-qcedjpsm-73200-20251112373200-ixbrl.htm
2025-11-12	四半期	当期	連結	予想		当四半期における業績予想の修正	CorrectionOfConsolidatedFinancialForecastInThisQuarter			無	CurrentYearDuration_ConsolidatedMember_ForecastMember	/disc/73200/081220251112597221_tse-qcedjpsm-73200-20251112373200-ixbrl.htm
2025-11-12	四半期	当期	連結	予想		業績予想の注記	NoteToForecasts			当社は、2025年７月１日付で普通株式１株につき２株の割合で株式分割を行っております。2026年６月期の連結業績予想における「１株当たり当期純利益」については、当該株式分割の影響を考慮しております。	CurrentYearDuration_ConsolidatedMember_ForecastMember	/disc/73200/081220251112597221_tse-qcedjpsm-73200-20251112373200-ixbrl.htm
2025-11-12	四半期	当期第1四半期累計	連結	実績		期中の連結範囲の重要な変更	SignificantChangesInTheScopeOfConsolidationDuringThePeriod			無	CurrentAccumulatedQ1Duration_ConsolidatedMember_ResultMember	/disc/73200/081220251112597221_tse-qcedjpsm-73200-20251112373200-ixbrl.htm
2025-11-12	四半期	当期第1四半期累計	連結	実績			ApplyingOfSpecificAccountingOfTheConsolidatedQuarterlyFinancialStatements			有	CurrentAccumulatedQ1Duration_ConsolidatedMember_ResultMember	/disc/73200/081220251112597221_tse-qcedjpsm-73200-20251112373200-ixbrl.htm
2025-11-12	四半期	当期第1四半期累計	連結	実績			NoteToApplyingOfSpecificAccountingOfTheConsolidatedQuarterlyFinancialStatements			（注）詳細は、添付資料Ｐ．８「２．四半期連結財務諸表及び主な注記 （３）四半期連結財務諸表に関する注記事項（四半期連結財務諸表の作成に特有の会計処理に関する注記）」をご覧ください。	CurrentAccumulatedQ1Duration_ConsolidatedMember_ResultMember	/disc/73200/081220251112597221_tse-qcedjpsm-73200-20251112373200-ixbrl.htm
2025-11-12	四半期	当期第1四半期累計	連結	実績		会計基準等の改正に伴う変更	ChangesBasedOnRevisionsOfAccountingStandard			無	CurrentAccumulatedQ1Duration_ConsolidatedMember_ResultMember	/disc/73200/081220251112597221_tse-qcedjpsm-73200-20251112373200-ixbrl.htm
2025-11-12	四半期	当期第1四半期累計	連結	実績		それ以外の会計方針の変更	ChangesOtherThanOnesBasedOnRevisionsOfAccountingStandard			無	CurrentAccumulatedQ1Duration_ConsolidatedMember_ResultMember	/disc/73200/081220251112597221_tse-qcedjpsm-73200-20251112373200-ixbrl.htm
2025-11-12	四半期	当期第1四半期累計	連結	実績		会計上の見積りの変更	ChangesInAccountingEstimates			無	CurrentAccumulatedQ1Duration_ConsolidatedMember_ResultMember	/disc/73200/081220251112597221_tse-qcedjpsm-73200-20251112373200-ixbrl.htm
2025-11-12	四半期	当期第1四半期累計	連結	実績		修正再表示	RetrospectiveRestatement			無	CurrentAccumulatedQ1Duration_ConsolidatedMember_ResultMember	/disc/73200/081220251112597221_tse-qcedjpsm-73200-20251112373200-ixbrl.htm
2025-11-12	四半期	当期第1四半期累計	単体	実績		期末発行済株式数(自己株式を含む)	NumberOfIssuedAndOutstandingSharesAtTheEndOfFiscalYearIncludingTreasuryStock	11997254	Shares	11,997,254	CurrentAccumulatedQ1Instant_NonConsolidatedMember_ResultMember	/disc/73200/081220251112597221_tse-qcedjpsm-73200-20251112373200-ixbrl.htm
2025-11-12	四半期	前期	単体	実績		期末発行済株式数(自己株式を含む)	NumberOfIssuedAndOutstandingSharesAtTheEndOfFiscalYearIncludingTreasuryStock	11997254	Shares	11,997,254	PriorYearInstant_NonConsolidatedMember_ResultMember	/disc/73200/081220251112597221_tse-qcedjpsm-73200-20251112373200-ixbrl.htm
2025-11-12	四半期	当期第1四半期累計	単体	実績		期末自己株式数	NumberOfTreasuryStockAtTheEndOfFiscalYear	476660	Shares	476,660	CurrentAccumulatedQ1Instant_NonConsolidatedMember_ResultMember	/disc/73200/081220251112597221_tse-qcedjpsm-73200-20251112373200-ixbrl.htm
2025-11-12	四半期	前期	単体	実績		期末自己株式数	NumberOfTreasuryStockAtTheEndOfFiscalYear	476500	Shares	476,500	PriorYearInstant_NonConsolidatedMember_ResultMember	/disc/73200/081220251112597221_tse-qcedjpsm-73200-20251112373200-ixbrl.htm
2025-11-12	四半期	当期第1四半期累計	単体	実績		期中平均株式数	AverageNumberOfShares	11520700	Shares	11,520,700	CurrentAccumulatedQ1Duration_NonConsolidatedMember_ResultMember	/disc/73200/081220251112597221_tse-qcedjpsm-73200-20251112373200-ixbrl.htm
2025-11-12	四半期	前期第1四半期累計	単体	実績		期中平均株式数	AverageNumberOfShares	10048615	Shares	10,048,615	PriorAccumulatedQ1Duration_NonConsolidatedMember_ResultMember	/disc/73200/081220251112597221_tse-qcedjpsm-73200-20251112373200-ixbrl.htm
2025-11-12	四半期	当期第1四半期累計	単体	実績			NoteToNumberOfIssuedAndOutstandingSharesCommonStock			（注）当社は、2025年７月１日付で普通株式１株につき２株の割合で株式分割を行っております。前連結会計年度の期首に当該株式分割が行われたと仮定して、「期末発行済株式数」、「期末自己株式数」及び「期中平均株式数」を算定しております。	CurrentAccumulatedQ1Instant_NonConsolidatedMember_ResultMember	/disc/73200/081220251112597221_tse-qcedjpsm-73200-20251112373200-ixbrl.htm
2025-11-12	四半期	当期第1四半期累計					ReviewOfAttachedConsolidatedQuarterlyFinancialStatementsByACertifiedPublicAccountantOrAnAuditFirm			有（義務）	CurrentAccumulatedQ1Duration	/disc/73200/081220251112597221_tse-qcedjpsm-73200-20251112373200-ixbrl.htm
2025-11-12	四半期	当期				将来情報の利用に関する注意	NotesForUsingForecastedInformationAndOthers			（将来に関する記述等についてのご注意） 本資料に記載されている業績見通し等の将来に関する記述は、当社が入手している情報及び合理的であると判断する一定の前提に基づいており、その達成を当社として約束する趣旨のものではありません。また、実際の業績等は様々な要因により大きく異なる場合があります。業績予想の前提となる条件及び業績予想のご利用に当たっての注意事項等については、添付資料Ｐ．４「１．経営成績等の概況 （３）連結業績予想などの将来予測情報に関する説明」をご覧ください。&#160;（決算補足説明資料の入手方法） 決算補足説明資料は、2025年11月12日(水)に当社ウェブサイトに掲載いたします。	CurrentYearDuration	/disc/73200/081220251112597221_tse-qcedjpsm-73200-20251112373200-ixbrl.htm
2025-11-12	四半期	当期				決算期末	FiscalYearEnd			2026-06-30	CurrentYearInstant	/disc/73200/081220251112597221_tse-qcedjpsm-73200-20251112373200-ixbrl.htm
2025-11-12	四半期	当期第1四半期累計				四半期	QuarterlyPeriod	1	Pure	1	CurrentAccumulatedQ1Instant	/disc/73200/081220251112597221_tse-qcedjpsm-73200-20251112373200-ixbrl.htm
2026-02-13	半期	当期第2四半期累計				書類名	DocumentName			第２四半期（中間期）決算短信〔日本基準〕（連結）	CurrentAccumulatedQ2Instant	/disc/73200/081220260213559688_tse-scedjpsy-73200-20260213373200-ixbrl.htm
2026-02-13	半期	当期第2四半期累計				提出日	FilingDate			2026年２月13日	CurrentAccumulatedQ2Instant	/disc/73200/081220260213559688_tse-scedjpsy-73200-20260213373200-ixbrl.htm
2026-02-13	半期	当期第2四半期累計				会社名	CompanyName			Solvvy株式会社	CurrentAccumulatedQ2Instant	/disc/73200/081220260213559688_tse-scedjpsy-73200-20260213373200-ixbrl.htm
2026-02-13	半期	当期第2四半期累計					TokyoStockExchange			東	CurrentAccumulatedQ2Instant	/disc/73200/081220260213559688_tse-scedjpsy-73200-20260213373200-ixbrl.htm
2026-02-13	半期	当期第2四半期累計				証券コード	SecuritiesCode			7320	CurrentAccumulatedQ2Instant	/disc/73200/081220260213559688_tse-scedjpsy-73200-20260213373200-ixbrl.htm
2026-02-13	半期	当期第2四半期累計				URL	URL			https://solvvy.co.jp/	CurrentAccumulatedQ2Instant	/disc/73200/081220260213559688_tse-scedjpsy-73200-20260213373200-ixbrl.htm
2026-02-13	半期	当期第2四半期累計				代表者の役職	TitleRepresentative			代表取締役社長	CurrentAccumulatedQ2Instant	/disc/73200/081220260213559688_tse-scedjpsy-73200-20260213373200-ixbrl.htm
2026-02-13	半期	当期第2四半期累計				代表者名	NameRepresentative			安達 慶高	CurrentAccumulatedQ2Instant	/disc/73200/081220260213559688_tse-scedjpsy-73200-20260213373200-ixbrl.htm
2026-02-13	半期	当期第2四半期累計					TitleInquiries			上席執行役員経営管理本部長	CurrentAccumulatedQ2Instant	/disc/73200/081220260213559688_tse-scedjpsy-73200-20260213373200-ixbrl.htm
2026-02-13	半期	当期第2四半期累計					NameInquiries			吉川 淳史	CurrentAccumulatedQ2Instant	/disc/73200/081220260213559688_tse-scedjpsy-73200-20260213373200-ixbrl.htm
2026-02-13	半期	当期第2四半期累計					Tel			03-6276-0401	CurrentAccumulatedQ2Instant	/disc/73200/081220260213559688_tse-scedjpsy-73200-20260213373200-ixbrl.htm
2026-02-13	半期	当期第2四半期累計					SemiAnnualStatementFilingDateAsPlanned			2026年２月13日	CurrentAccumulatedQ2Instant	/disc/73200/081220260213559688_tse-scedjpsy-73200-20260213373200-ixbrl.htm
2026-02-13	半期	当期第2四半期累計					DividendPayableDateAsPlanned			2026年３月16日	CurrentAccumulatedQ2Instant	/disc/73200/081220260213559688_tse-scedjpsy-73200-20260213373200-ixbrl.htm
2026-02-13	半期	当期第2四半期累計					SupplementalMaterialOfResults			有	CurrentAccumulatedQ2Instant	/disc/73200/081220260213559688_tse-scedjpsy-73200-20260213373200-ixbrl.htm
2026-02-13	半期	当期第2四半期累計					ConveningBriefingOfResults			有	CurrentAccumulatedQ2Instant	/disc/73200/081220260213559688_tse-scedjpsy-73200-20260213373200-ixbrl.htm
2026-02-13	半期	当期第2四半期累計					TargetForBriefingOfResults			（機関投資家・アナリスト向け）	CurrentAccumulatedQ2Instant	/disc/73200/081220260213559688_tse-scedjpsy-73200-20260213373200-ixbrl.htm
2026-02-13	半期	当期第2四半期累計					NoteToFractionProcessingMethod			（百万円未満切捨て）	CurrentAccumulatedQ2Instant	/disc/73200/081220260213559688_tse-scedjpsy-73200-20260213373200-ixbrl.htm
2026-02-13	半期	当期第2四半期累計	連結	実績		売上高	NetSales	3276000000	JPY	3,276	CurrentAccumulatedQ2Duration_ConsolidatedMember_ResultMember	/disc/73200/081220260213559688_tse-scedjpsy-73200-20260213373200-ixbrl.htm
2026-02-13	半期	当期第2四半期累計	連結	実績		売上高の増減率	ChangeInNetSales	0.099	Pure	9.9	CurrentAccumulatedQ2Duration_ConsolidatedMember_ResultMember	/disc/73200/081220260213559688_tse-scedjpsy-73200-20260213373200-ixbrl.htm
2026-02-13	半期	当期第2四半期累計	連結	実績		営業利益	OperatingIncome	557000000	JPY	557	CurrentAccumulatedQ2Duration_ConsolidatedMember_ResultMember	/disc/73200/081220260213559688_tse-scedjpsy-73200-20260213373200-ixbrl.htm
2026-02-13	半期	当期第2四半期累計	連結	実績		営業利益の増減率	ChangeInOperatingIncome	-0.166	Pure	16.6	CurrentAccumulatedQ2Duration_ConsolidatedMember_ResultMember	/disc/73200/081220260213559688_tse-scedjpsy-73200-20260213373200-ixbrl.htm
2026-02-13	半期	当期第2四半期累計	連結	実績		経常利益	OrdinaryIncome	1044000000	JPY	1,044	CurrentAccumulatedQ2Duration_ConsolidatedMember_ResultMember	/disc/73200/081220260213559688_tse-scedjpsy-73200-20260213373200-ixbrl.htm
2026-02-13	半期	当期第2四半期累計	連結	実績		経常利益の増減率	ChangeInOrdinaryIncome	0.219	Pure	21.9	CurrentAccumulatedQ2Duration_ConsolidatedMember_ResultMember	/disc/73200/081220260213559688_tse-scedjpsy-73200-20260213373200-ixbrl.htm
2026-02-13	半期	当期第2四半期累計	連結	実績		親会社株主に帰属する当期純利益	ProfitAttributableToOwnersOfParent	698000000	JPY	698	CurrentAccumulatedQ2Duration_ConsolidatedMember_ResultMember	/disc/73200/081220260213559688_tse-scedjpsy-73200-20260213373200-ixbrl.htm
2026-02-13	半期	当期第2四半期累計	連結	実績		親会社株主に帰属する当期純利益の増減率	ChangeInProfitAttributableToOwnersOfParent	1.323	Pure	132.3	CurrentAccumulatedQ2Duration_ConsolidatedMember_ResultMember	/disc/73200/081220260213559688_tse-scedjpsy-73200-20260213373200-ixbrl.htm
2026-02-13	半期	前期第2四半期累計	連結	実績		売上高	NetSales	2980000000	JPY	2,980	PriorAccumulatedQ2Duration_ConsolidatedMember_ResultMember	/disc/73200/081220260213559688_tse-scedjpsy-73200-20260213373200-ixbrl.htm
2026-02-13	半期	前期第2四半期累計	連結	実績		売上高の増減率	ChangeInNetSales	0.299	Pure	29.9	PriorAccumulatedQ2Duration_ConsolidatedMember_ResultMember	/disc/73200/081220260213559688_tse-scedjpsy-73200-20260213373200-ixbrl.htm
2026-02-13	半期	前期第2四半期累計	連結	実績		営業利益	OperatingIncome	668000000	JPY	668	PriorAccumulatedQ2Duration_ConsolidatedMember_ResultMember	/disc/73200/081220260213559688_tse-scedjpsy-73200-20260213373200-ixbrl.htm
2026-02-13	半期	前期第2四半期累計	連結	実績		営業利益の増減率	ChangeInOperatingIncome	0.244	Pure	24.4	PriorAccumulatedQ2Duration_ConsolidatedMember_ResultMember	/disc/73200/081220260213559688_tse-scedjpsy-73200-20260213373200-ixbrl.htm
2026-02-13	半期	前期第2四半期累計	連結	実績		経常利益	OrdinaryIncome	857000000	JPY	857	PriorAccumulatedQ2Duration_ConsolidatedMember_ResultMember	/disc/73200/081220260213559688_tse-scedjpsy-73200-20260213373200-ixbrl.htm
2026-02-13	半期	前期第2四半期累計	連結	実績		経常利益の増減率	ChangeInOrdinaryIncome	0.315	Pure	31.5	PriorAccumulatedQ2Duration_ConsolidatedMember_ResultMember	/disc/73200/081220260213559688_tse-scedjpsy-73200-20260213373200-ixbrl.htm
2026-02-13	半期	前期第2四半期累計	連結	実績		親会社株主に帰属する当期純利益	ProfitAttributableToOwnersOfParent	300000000	JPY	300	PriorAccumulatedQ2Duration_ConsolidatedMember_ResultMember	/disc/73200/081220260213559688_tse-scedjpsy-73200-20260213373200-ixbrl.htm
2026-02-13	半期	前期第2四半期累計	連結	実績		親会社株主に帰属する当期純利益の増減率	ChangeInProfitAttributableToOwnersOfParent	-0.324	Pure	32.4	PriorAccumulatedQ2Duration_ConsolidatedMember_ResultMember	/disc/73200/081220260213559688_tse-scedjpsy-73200-20260213373200-ixbrl.htm
2026-02-13	半期	当期第2四半期累計	連結	実績		包括利益	ComprehensiveIncome	1352000000	JPY	1,352	CurrentAccumulatedQ2Duration_ConsolidatedMember_ResultMember	/disc/73200/081220260213559688_tse-scedjpsy-73200-20260213373200-ixbrl.htm
2026-02-13	半期	当期第2四半期累計	連結	実績		包括利益の増減率	ChangeInComprehensiveIncome	4.823	Pure	482.3	CurrentAccumulatedQ2Duration_ConsolidatedMember_ResultMember	/disc/73200/081220260213559688_tse-scedjpsy-73200-20260213373200-ixbrl.htm
2026-02-13	半期	前期第2四半期累計	連結	実績		包括利益	ComprehensiveIncome	232000000	JPY	232	PriorAccumulatedQ2Duration_ConsolidatedMember_ResultMember	/disc/73200/081220260213559688_tse-scedjpsy-73200-20260213373200-ixbrl.htm
2026-02-13	半期	前期第2四半期累計	連結	実績		包括利益の増減率	ChangeInComprehensiveIncome	-0.436	Pure	43.6	PriorAccumulatedQ2Duration_ConsolidatedMember_ResultMember	/disc/73200/081220260213559688_tse-scedjpsy-73200-20260213373200-ixbrl.htm
2026-02-13	半期	当期第2四半期累計	連結	実績		1株当たり当期純利益	NetIncomePerShare	60.90	JPYPerShares	60.90	CurrentAccumulatedQ2Duration_ConsolidatedMember_ResultMember	/disc/73200/081220260213559688_tse-scedjpsy-73200-20260213373200-ixbrl.htm
2026-02-13	半期	当期第2四半期累計	連結	実績		潜在株式調整後1株当たり当期純利益	DilutedNetIncomePerShare	60.88	JPYPerShares	60.88	CurrentAccumulatedQ2Duration_ConsolidatedMember_ResultMember	/disc/73200/081220260213559688_tse-scedjpsy-73200-20260213373200-ixbrl.htm
2026-02-13	半期	前期第2四半期累計	連結	実績		1株当たり当期純利益	NetIncomePerShare	28.55	JPYPerShares	28.55	PriorAccumulatedQ2Duration_ConsolidatedMember_ResultMember	/disc/73200/081220260213559688_tse-scedjpsy-73200-20260213373200-ixbrl.htm
2026-02-13	半期	前期第2四半期累計	連結	実績		潜在株式調整後1株当たり当期純利益	DilutedNetIncomePerShare	28.55	JPYPerShares	28.55	PriorAccumulatedQ2Duration_ConsolidatedMember_ResultMember	/disc/73200/081220260213559688_tse-scedjpsy-73200-20260213373200-ixbrl.htm
2026-02-13	半期	当期第2四半期累計	連結	実績		経営成績の注記	NoteToOperatingResults			（注）当社は、2025年７月１日付で普通株式１株につき２株の割合で株式分割を行っております。前連結会計年度の期首に当該株式分割が行われたと仮定して、「１株当たり中間純利益」及び「潜在株式調整後１株当たり中間純利益」を算定しております。	CurrentAccumulatedQ2Duration_ConsolidatedMember_ResultMember	/disc/73200/081220260213559688_tse-scedjpsy-73200-20260213373200-ixbrl.htm
2026-02-13	半期	当期第2四半期累計	連結	実績		総資産	TotalAssets	31327000000	JPY	31,327	CurrentAccumulatedQ2Instant_ConsolidatedMember_ResultMember	/disc/73200/081220260213559688_tse-scedjpsy-73200-20260213373200-ixbrl.htm
2026-02-13	半期	当期第2四半期累計	連結	実績		純資産	NetAssets	4993000000	JPY	4,993	CurrentAccumulatedQ2Instant_ConsolidatedMember_ResultMember	/disc/73200/081220260213559688_tse-scedjpsy-73200-20260213373200-ixbrl.htm
2026-02-13	半期	当期第2四半期累計	連結	実績		自己資本比率	CapitalAdequacyRatio	0.159	Pure	15.9	CurrentAccumulatedQ2Instant_ConsolidatedMember_ResultMember	/disc/73200/081220260213559688_tse-scedjpsy-73200-20260213373200-ixbrl.htm
2026-02-13	半期	前期	連結	実績		総資産	TotalAssets	29619000000	JPY	29,619	PriorYearInstant_ConsolidatedMember_ResultMember	/disc/73200/081220260213559688_tse-scedjpsy-73200-20260213373200-ixbrl.htm
2026-02-13	半期	前期	連結	実績		純資産	NetAssets	4190000000	JPY	4,190	PriorYearInstant_ConsolidatedMember_ResultMember	/disc/73200/081220260213559688_tse-scedjpsy-73200-20260213373200-ixbrl.htm
2026-02-13	半期	前期	連結	実績		自己資本比率	CapitalAdequacyRatio	0.141	Pure	14.1	PriorYearInstant_ConsolidatedMember_ResultMember	/disc/73200/081220260213559688_tse-scedjpsy-73200-20260213373200-ixbrl.htm
2026-02-13	半期	当期第2四半期累計	連結	実績		自己資本	OwnersEquity	4972000000	JPY	4,972	CurrentAccumulatedQ2Instant_ConsolidatedMember_ResultMember	/disc/73200/081220260213559688_tse-scedjpsy-73200-20260213373200-ixbrl.htm
2026-02-13	半期	前期	連結	実績		自己資本	OwnersEquity	4170000000	JPY	4,170	PriorYearInstant_ConsolidatedMember_ResultMember	/disc/73200/081220260213559688_tse-scedjpsy-73200-20260213373200-ixbrl.htm
2026-02-13	半期	前期	単体	実績	第2四半期末	1株当たり配当金	DividendPerShare	0.00	JPYPerShares	0.00	PriorYearDuration_SecondQuarterMember_NonConsolidatedMember_ResultMember	/disc/73200/081220260213559688_tse-scedjpsy-73200-20260213373200-ixbrl.htm
2026-02-13	半期	前期	単体	実績	期末	1株当たり配当金	DividendPerShare	28.00	JPYPerShares	28.00	PriorYearDuration_YearEndMember_NonConsolidatedMember_ResultMember	/disc/73200/081220260213559688_tse-scedjpsy-73200-20260213373200-ixbrl.htm
2026-02-13	半期	前期	単体	実績	合計	1株当たり配当金	DividendPerShare	28.00	JPYPerShares	28.00	PriorYearDuration_AnnualMember_NonConsolidatedMember_ResultMember	/disc/73200/081220260213559688_tse-scedjpsy-73200-20260213373200-ixbrl.htm
2026-02-13	半期	当期	単体	実績	第2四半期末	1株当たり配当金	DividendPerShare	10.00	JPYPerShares	10.00	CurrentYearDuration_SecondQuarterMember_NonConsolidatedMember_ResultMember	/disc/73200/081220260213559688_tse-scedjpsy-73200-20260213373200-ixbrl.htm
2026-02-13	半期	当期	単体	予想	期末	1株当たり配当金	DividendPerShare	10.00	JPYPerShares	10.00	CurrentYearDuration_YearEndMember_NonConsolidatedMember_ForecastMember	/disc/73200/081220260213559688_tse-scedjpsy-73200-20260213373200-ixbrl.htm
2026-02-13	半期	当期	単体	予想	合計	1株当たり配当金	DividendPerShare	20.00	JPYPerShares	20.00	CurrentYearDuration_AnnualMember_NonConsolidatedMember_ForecastMember	/disc/73200/081220260213559688_tse-scedjpsy-73200-20260213373200-ixbrl.htm
2026-02-13	半期	当期	単体	実績	合計	当四半期における配当予想の修正	CorrectionOfDividendForecastInThisQuarter			無	CurrentYearDuration_AnnualMember_NonConsolidatedMember_ResultMember	/disc/73200/081220260213559688_tse-scedjpsy-73200-20260213373200-ixbrl.htm
2026-02-13	半期	当期第2四半期累計	単体	実績	合計	配当の注記	NoteToDividends			当社は、2025年７月１日付で普通株式１株につき２株の割合で株式分割を行っております。2025年６月期について は当該株式分割前の実際の配当金の額を記載しております。	CurrentAccumulatedQ2Duration_AnnualMember_NonConsolidatedMember_ResultMember	/disc/73200/081220260213559688_tse-scedjpsy-73200-20260213373200-ixbrl.htm
2026-02-13	半期	当期	連結	予想		業績予想の見出し	TitleForForecasts			３．2026年６月期の連結業績予想（2025年７月１日～2026年６月30日）	CurrentYearDuration_ConsolidatedMember_ForecastMember	/disc/73200/081220260213559688_tse-scedjpsy-73200-20260213373200-ixbrl.htm
2026-02-13	半期	当期	連結	予想		売上高	NetSales	8200000000	JPY	8,200	CurrentYearDuration_ConsolidatedMember_ForecastMember	/disc/73200/081220260213559688_tse-scedjpsy-73200-20260213373200-ixbrl.htm
2026-02-13	半期	当期	連結	予想		売上高の増減率	ChangeInNetSales	0.223	Pure	22.3	CurrentYearDuration_ConsolidatedMember_ForecastMember	/disc/73200/081220260213559688_tse-scedjpsy-73200-20260213373200-ixbrl.htm
2026-02-13	半期	当期	連結	予想		営業利益	OperatingIncome	2100000000	JPY	2,100	CurrentYearDuration_ConsolidatedMember_ForecastMember	/disc/73200/081220260213559688_tse-scedjpsy-73200-20260213373200-ixbrl.htm
2026-02-13	半期	当期	連結	予想		営業利益の増減率	ChangeInOperatingIncome	0.296	Pure	29.6	CurrentYearDuration_ConsolidatedMember_ForecastMember	/disc/73200/081220260213559688_tse-scedjpsy-73200-20260213373200-ixbrl.htm
2026-02-13	半期	当期	連結	予想		経常利益	OrdinaryIncome	2500000000	JPY	2,500	CurrentYearDuration_ConsolidatedMember_ForecastMember	/disc/73200/081220260213559688_tse-scedjpsy-73200-20260213373200-ixbrl.htm
2026-02-13	半期	当期	連結	予想		経常利益の増減率	ChangeInOrdinaryIncome	0.264	Pure	26.4	CurrentYearDuration_ConsolidatedMember_ForecastMember	/disc/73200/081220260213559688_tse-scedjpsy-73200-20260213373200-ixbrl.htm
2026-02-13	半期	当期	連結	予想		親会社株主に帰属する当期純利益	ProfitAttributableToOwnersOfParent	1625000000	JPY	1,625	CurrentYearDuration_ConsolidatedMember_ForecastMember	/disc/73200/081220260213559688_tse-scedjpsy-73200-20260213373200-ixbrl.htm
2026-02-13	半期	当期	連結	予想		1株当たり当期純利益	NetIncomePerShare	147.33	JPYPerShares	147.33	CurrentYearDuration_ConsolidatedMember_ForecastMember	/disc/73200/081220260213559688_tse-scedjpsy-73200-20260213373200-ixbrl.htm
2026-02-13	半期	当期	連結	予想		当四半期における業績予想の修正	CorrectionOfConsolidatedFinancialForecastInThisQuarter			無	CurrentYearDuration_ConsolidatedMember_ForecastMember	/disc/73200/081220260213559688_tse-scedjpsy-73200-20260213373200-ixbrl.htm
2026-02-13	半期	当期	連結	予想		業績予想の注記	NoteToForecasts			当社は、2025年７月１日付で普通株式１株につき２株の割合で株式分割を行っております。2026年６月期の連結業績予想における「１株当たり当期純利益」については、当該株式分割の影響を考慮しております。	CurrentYearDuration_ConsolidatedMember_ForecastMember	/disc/73200/081220260213559688_tse-scedjpsy-73200-20260213373200-ixbrl.htm
2026-02-13	半期	当期第2四半期累計	連結	実績		期中の連結範囲の重要な変更	SignificantChangesInTheScopeOfConsolidationDuringThePeriod			無	CurrentAccumulatedQ2Duration_ConsolidatedMember_ResultMember	/disc/73200/081220260213559688_tse-scedjpsy-73200-20260213373200-ixbrl.htm
2026-02-13	半期	当期第2四半期累計	連結	実績			ApplyingOfSpecificAccountingOfTheConsolidatedSemiAnnualFinancialStatements			有	CurrentAccumulatedQ2Duration_ConsolidatedMember_ResultMember	/disc/73200/081220260213559688_tse-scedjpsy-73200-20260213373200-ixbrl.htm
2026-02-13	半期	当期第2四半期累計	連結	実績			NoteToApplyingOfSpecificAccountingOfTheConsolidatedSemiAnnualFinancialStatements			（注）詳細は、添付資料Ｐ．10「２．中間連結財務諸表及び主な注記 （４）中間連結財務諸表に関する注記事項（中間連結財務諸表の作成に特有の会計処理に関する注記）」をご覧ください。	CurrentAccumulatedQ2Duration_ConsolidatedMember_ResultMember	/disc/73200/081220260213559688_tse-scedjpsy-73200-20260213373200-ixbrl.htm
2026-02-13	半期	当期第2四半期累計	連結	実績		会計基準等の改正に伴う変更	ChangesBasedOnRevisionsOfAccountingStandard			無	CurrentAccumulatedQ2Duration_ConsolidatedMember_ResultMember	/disc/73200/081220260213559688_tse-scedjpsy-73200-20260213373200-ixbrl.htm
2026-02-13	半期	当期第2四半期累計	連結	実績		それ以外の会計方針の変更	ChangesOtherThanOnesBasedOnRevisionsOfAccountingStandard			無	CurrentAccumulatedQ2Duration_ConsolidatedMember_ResultMember	/disc/73200/081220260213559688_tse-scedjpsy-73200-20260213373200-ixbrl.htm
2026-02-13	半期	当期第2四半期累計	連結	実績		会計上の見積りの変更	ChangesInAccountingEstimates			無	CurrentAccumulatedQ2Duration_ConsolidatedMember_ResultMember	/disc/73200/081220260213559688_tse-scedjpsy-73200-20260213373200-ixbrl.htm
2026-02-13	半期	当期第2四半期累計	連結	実績		修正再表示	RetrospectiveRestatement			無	CurrentAccumulatedQ2Duration_ConsolidatedMember_ResultMember	/disc/73200/081220260213559688_tse-scedjpsy-73200-20260213373200-ixbrl.htm
2026-02-13	半期	当期第2四半期累計	単体	実績		期末発行済株式数(自己株式を含む)	NumberOfIssuedAndOutstandingSharesAtTheEndOfFiscalYearIncludingTreasuryStock	11997254	Shares	11,997,254	CurrentAccumulatedQ2Instant_NonConsolidatedMember_ResultMember	/disc/73200/081220260213559688_tse-scedjpsy-73200-20260213373200-ixbrl.htm
2026-02-13	半期	前期	単体	実績		期末発行済株式数(自己株式を含む)	NumberOfIssuedAndOutstandingSharesAtTheEndOfFiscalYearIncludingTreasuryStock	11997254	Shares	11,997,254	PriorYearInstant_NonConsolidatedMember_ResultMember	/disc/73200/081220260213559688_tse-scedjpsy-73200-20260213373200-ixbrl.htm
2026-02-13	半期	当期第2四半期累計	単体	実績		期末自己株式数	NumberOfTreasuryStockAtTheEndOfFiscalYear	727660	Shares	727,660	CurrentAccumulatedQ2Instant_NonConsolidatedMember_ResultMember	/disc/73200/081220260213559688_tse-scedjpsy-73200-20260213373200-ixbrl.htm
2026-02-13	半期	前期	単体	実績		期末自己株式数	NumberOfTreasuryStockAtTheEndOfFiscalYear	476500	Shares	476,500	PriorYearInstant_NonConsolidatedMember_ResultMember	/disc/73200/081220260213559688_tse-scedjpsy-73200-20260213373200-ixbrl.htm
2026-02-13	半期	当期第2四半期累計	単体	実績		期中平均株式数	AverageNumberOfShares	11470090	Shares	11,470,090	CurrentAccumulatedQ2Duration_NonConsolidatedMember_ResultMember	/disc/73200/081220260213559688_tse-scedjpsy-73200-20260213373200-ixbrl.htm
2026-02-13	半期	前期第2四半期累計	単体	実績		期中平均株式数	AverageNumberOfShares	10527339	Shares	10,527,339	PriorAccumulatedQ2Duration_NonConsolidatedMember_ResultMember	/disc/73200/081220260213559688_tse-scedjpsy-73200-20260213373200-ixbrl.htm
2026-02-13	半期	当期第2四半期累計	単体	実績			NoteToNumberOfIssuedAndOutstandingSharesCommonStock			（注）当社は、2025年７月１日付で普通株式１株につき２株の割合で株式分割を行っております。前連結会計年度の期首に当該株式分割が行われたと仮定して、「期末発行済株式数」、「期末自己株式数」及び「期中平均株式数」を算定しております。	CurrentAccumulatedQ2Instant_NonConsolidatedMember_ResultMember	/disc/73200/081220260213559688_tse-scedjpsy-73200-20260213373200-ixbrl.htm
2026-02-13	半期	当期				将来情報の利用に関する注意	NotesForUsingForecastedInformationAndOthers			（将来に関する記述等についてのご注意） 本資料に記載されている業績見通し等の将来に関する記述は、当社が入手している情報及び合理的であると判断する一定の前提に基づいており、その達成を当社として約束する趣旨のものではありません。また、実際の業績等は様々な要因により大きく異なる場合があります。業績予想の前提となる条件及び業績予想のご利用に当たっての注意事項等については、添付資料Ｐ．４「１．経営成績等の概況 （４）連結業績予想などの将来予測情報に関する説明」をご覧ください。&#160;（決算補足説明資料及び決算説明会内容の入手方法） 決算補足説明資料はTDnetで同日に開示いたします。また、当社は2026年３月９日（月）に機関投資家及びアナリスト向けの決算説明会をライブ配信にて実施する予定です。この説明会の書き起こしログを、開催後当社ウェブサイトに掲載する予定です。&#160;	CurrentYearDuration	/disc/73200/081220260213559688_tse-scedjpsy-73200-20260213373200-ixbrl.htm
2026-02-13	半期	当期				決算期末	FiscalYearEnd			2026-06-30	CurrentYearInstant	/disc/73200/081220260213559688_tse-scedjpsy-73200-20260213373200-ixbrl.htm
2026-02-13	半期	当期第2四半期累計				四半期	QuarterlyPeriod	2	Pure	2	CurrentAccumulatedQ2Instant	/disc/73200/081220260213559688_tse-scedjpsy-73200-20260213373200-ixbrl.htm
2026-05-15	四半期	当期第3四半期累計				書類名	DocumentName			第３四半期決算短信〔日本基準〕（連結）	CurrentAccumulatedQ3Instant	/disc/73200/081220260515536546_tse-qcedjpsm-73200-20260515373200-ixbrl.htm
2026-05-15	四半期	当期第3四半期累計				提出日	FilingDate			2026年５月15日	CurrentAccumulatedQ3Instant	/disc/73200/081220260515536546_tse-qcedjpsm-73200-20260515373200-ixbrl.htm
2026-05-15	四半期	当期第3四半期累計				会社名	CompanyName			Solvvy株式会社	CurrentAccumulatedQ3Instant	/disc/73200/081220260515536546_tse-qcedjpsm-73200-20260515373200-ixbrl.htm
2026-05-15	四半期	当期第3四半期累計					TokyoStockExchange			東	CurrentAccumulatedQ3Instant	/disc/73200/081220260515536546_tse-qcedjpsm-73200-20260515373200-ixbrl.htm
2026-05-15	四半期	当期第3四半期累計				証券コード	SecuritiesCode			7320	CurrentAccumulatedQ3Instant	/disc/73200/081220260515536546_tse-qcedjpsm-73200-20260515373200-ixbrl.htm
2026-05-15	四半期	当期第3四半期累計				URL	URL			https://solvvy.co.jp/	CurrentAccumulatedQ3Instant	/disc/73200/081220260515536546_tse-qcedjpsm-73200-20260515373200-ixbrl.htm
2026-05-15	四半期	当期第3四半期累計				代表者の役職	TitleRepresentative			代表取締役社長	CurrentAccumulatedQ3Instant	/disc/73200/081220260515536546_tse-qcedjpsm-73200-20260515373200-ixbrl.htm
2026-05-15	四半期	当期第3四半期累計				代表者名	NameRepresentative			安達&#160; 慶高	CurrentAccumulatedQ3Instant	/disc/73200/081220260515536546_tse-qcedjpsm-73200-20260515373200-ixbrl.htm
2026-05-15	四半期	当期第3四半期累計					TitleInquiries			上席執行役員経営管理本部長	CurrentAccumulatedQ3Instant	/disc/73200/081220260515536546_tse-qcedjpsm-73200-20260515373200-ixbrl.htm
2026-05-15	四半期	当期第3四半期累計					NameInquiries			吉川 淳史	CurrentAccumulatedQ3Instant	/disc/73200/081220260515536546_tse-qcedjpsm-73200-20260515373200-ixbrl.htm
2026-05-15	四半期	当期第3四半期累計					Tel			03-6276-0401	CurrentAccumulatedQ3Instant	/disc/73200/081220260515536546_tse-qcedjpsm-73200-20260515373200-ixbrl.htm
2026-05-15	四半期	当期第3四半期累計					SupplementalMaterialOfResults			有	CurrentAccumulatedQ3Instant	/disc/73200/081220260515536546_tse-qcedjpsm-73200-20260515373200-ixbrl.htm
2026-05-15	四半期	当期第3四半期累計					ConveningBriefingOfResults			無	CurrentAccumulatedQ3Instant	/disc/73200/081220260515536546_tse-qcedjpsm-73200-20260515373200-ixbrl.htm
2026-05-15	四半期	当期第3四半期累計					NoteToFractionProcessingMethod			（百万円未満切捨て）	CurrentAccumulatedQ3Instant	/disc/73200/081220260515536546_tse-qcedjpsm-73200-20260515373200-ixbrl.htm
2026-05-15	四半期	当期第3四半期累計	連結	実績		売上高	NetSales	5241000000	JPY	5,241	CurrentAccumulatedQ3Duration_ConsolidatedMember_ResultMember	/disc/73200/081220260515536546_tse-qcedjpsm-73200-20260515373200-ixbrl.htm
2026-05-15	四半期	当期第3四半期累計	連結	実績		売上高の増減率	ChangeInNetSales	0.125	Pure	12.5	CurrentAccumulatedQ3Duration_ConsolidatedMember_ResultMember	/disc/73200/081220260515536546_tse-qcedjpsm-73200-20260515373200-ixbrl.htm
2026-05-15	四半期	当期第3四半期累計	連結	実績		営業利益	OperatingIncome	1068000000	JPY	1,068	CurrentAccumulatedQ3Duration_ConsolidatedMember_ResultMember	/disc/73200/081220260515536546_tse-qcedjpsm-73200-20260515373200-ixbrl.htm
2026-05-15	四半期	当期第3四半期累計	連結	実績		営業利益の増減率	ChangeInOperatingIncome	0.020	Pure	2.0	CurrentAccumulatedQ3Duration_ConsolidatedMember_ResultMember	/disc/73200/081220260515536546_tse-qcedjpsm-73200-20260515373200-ixbrl.htm
2026-05-15	四半期	当期第3四半期累計	連結	実績		経常利益	OrdinaryIncome	1622000000	JPY	1,622	CurrentAccumulatedQ3Duration_ConsolidatedMember_ResultMember	/disc/73200/081220260515536546_tse-qcedjpsm-73200-20260515373200-ixbrl.htm
2026-05-15	四半期	当期第3四半期累計	連結	実績		経常利益の増減率	ChangeInOrdinaryIncome	0.193	Pure	19.3	CurrentAccumulatedQ3Duration_ConsolidatedMember_ResultMember	/disc/73200/081220260515536546_tse-qcedjpsm-73200-20260515373200-ixbrl.htm
2026-05-15	四半期	当期第3四半期累計	連結	実績		親会社株主に帰属する当期純利益	ProfitAttributableToOwnersOfParent	1079000000	JPY	1,079	CurrentAccumulatedQ3Duration_ConsolidatedMember_ResultMember	/disc/73200/081220260515536546_tse-qcedjpsm-73200-20260515373200-ixbrl.htm
2026-05-15	四半期	当期第3四半期累計	連結	実績		親会社株主に帰属する当期純利益の増減率	ChangeInProfitAttributableToOwnersOfParent	2.910	Pure	291.0	CurrentAccumulatedQ3Duration_ConsolidatedMember_ResultMember	/disc/73200/081220260515536546_tse-qcedjpsm-73200-20260515373200-ixbrl.htm
2026-05-15	四半期	前期第3四半期累計	連結	実績		売上高	NetSales	4659000000	JPY	4,659	PriorAccumulatedQ3Duration_ConsolidatedMember_ResultMember	/disc/73200/081220260515536546_tse-qcedjpsm-73200-20260515373200-ixbrl.htm
2026-05-15	四半期	前期第3四半期累計	連結	実績		売上高の増減率	ChangeInNetSales	0.312	Pure	31.2	PriorAccumulatedQ3Duration_ConsolidatedMember_ResultMember	/disc/73200/081220260515536546_tse-qcedjpsm-73200-20260515373200-ixbrl.htm
2026-05-15	四半期	前期第3四半期累計	連結	実績		営業利益	OperatingIncome	1047000000	JPY	1,047	PriorAccumulatedQ3Duration_ConsolidatedMember_ResultMember	/disc/73200/081220260515536546_tse-qcedjpsm-73200-20260515373200-ixbrl.htm
2026-05-15	四半期	前期第3四半期累計	連結	実績		営業利益の増減率	ChangeInOperatingIncome	0.336	Pure	33.6	PriorAccumulatedQ3Duration_ConsolidatedMember_ResultMember	/disc/73200/081220260515536546_tse-qcedjpsm-73200-20260515373200-ixbrl.htm
2026-05-15	四半期	前期第3四半期累計	連結	実績		経常利益	OrdinaryIncome	1360000000	JPY	1,360	PriorAccumulatedQ3Duration_ConsolidatedMember_ResultMember	/disc/73200/081220260515536546_tse-qcedjpsm-73200-20260515373200-ixbrl.htm
2026-05-15	四半期	前期第3四半期累計	連結	実績		経常利益の増減率	ChangeInOrdinaryIncome	0.392	Pure	39.2	PriorAccumulatedQ3Duration_ConsolidatedMember_ResultMember	/disc/73200/081220260515536546_tse-qcedjpsm-73200-20260515373200-ixbrl.htm
2026-05-15	四半期	前期第3四半期累計	連結	実績		親会社株主に帰属する当期純利益	ProfitAttributableToOwnersOfParent	275000000	JPY	275	PriorAccumulatedQ3Duration_ConsolidatedMember_ResultMember	/disc/73200/081220260515536546_tse-qcedjpsm-73200-20260515373200-ixbrl.htm
2026-05-15	四半期	前期第3四半期累計	連結	実績		親会社株主に帰属する当期純利益の増減率	ChangeInProfitAttributableToOwnersOfParent	-0.586	Pure	58.6	PriorAccumulatedQ3Duration_ConsolidatedMember_ResultMember	/disc/73200/081220260515536546_tse-qcedjpsm-73200-20260515373200-ixbrl.htm
2026-05-15	四半期	当期第3四半期累計	連結	実績		包括利益	ComprehensiveIncome	1515000000	JPY	1,515	CurrentAccumulatedQ3Duration_ConsolidatedMember_ResultMember	/disc/73200/081220260515536546_tse-qcedjpsm-73200-20260515373200-ixbrl.htm
2026-05-15	四半期	当期第3四半期累計	連結	実績		包括利益の増減率	ChangeInComprehensiveIncome	4.977	Pure	497.7	CurrentAccumulatedQ3Duration_ConsolidatedMember_ResultMember	/disc/73200/081220260515536546_tse-qcedjpsm-73200-20260515373200-ixbrl.htm
2026-05-15	四半期	前期第3四半期累計	連結	実績		包括利益	ComprehensiveIncome	253000000	JPY	253	PriorAccumulatedQ3Duration_ConsolidatedMember_ResultMember	/disc/73200/081220260515536546_tse-qcedjpsm-73200-20260515373200-ixbrl.htm
2026-05-15	四半期	前期第3四半期累計	連結	実績		包括利益の増減率	ChangeInComprehensiveIncome	-0.643	Pure	64.3	PriorAccumulatedQ3Duration_ConsolidatedMember_ResultMember	/disc/73200/081220260515536546_tse-qcedjpsm-73200-20260515373200-ixbrl.htm
2026-05-15	四半期	当期第3四半期累計	連結	実績		1株当たり当期純利益	NetIncomePerShare	94.64	JPYPerShares	94.64	CurrentAccumulatedQ3Duration_ConsolidatedMember_ResultMember	/disc/73200/081220260515536546_tse-qcedjpsm-73200-20260515373200-ixbrl.htm
2026-05-15	四半期	当期第3四半期累計	連結	実績		潜在株式調整後1株当たり当期純利益	DilutedNetIncomePerShare	94.62	JPYPerShares	94.62	CurrentAccumulatedQ3Duration_ConsolidatedMember_ResultMember	/disc/73200/081220260515536546_tse-qcedjpsm-73200-20260515373200-ixbrl.htm
2026-05-15	四半期	前期第3四半期累計	連結	実績		1株当たり当期純利益	NetIncomePerShare	25.39	JPYPerShares	25.39	PriorAccumulatedQ3Duration_ConsolidatedMember_ResultMember	/disc/73200/081220260515536546_tse-qcedjpsm-73200-20260515373200-ixbrl.htm
2026-05-15	四半期	前期第3四半期累計	連結	実績		潜在株式調整後1株当たり当期純利益	DilutedNetIncomePerShare	25.39	JPYPerShares	25.39	PriorAccumulatedQ3Duration_ConsolidatedMember_ResultMember	/disc/73200/081220260515536546_tse-qcedjpsm-73200-20260515373200-ixbrl.htm
2026-05-15	四半期	当期第3四半期累計	連結	実績		経営成績の注記	NoteToOperatingResults			（注）当社は、2025年７月１日付で普通株式１株につき２株の割合で株式分割を行っております。前連結会計年度の期首に当該株式分割が行われたと仮定して、「１株当たり四半期純利益」及び「潜在株式調整後１株当たり四半期純利益」を算定しております。	CurrentAccumulatedQ3Duration_ConsolidatedMember_ResultMember	/disc/73200/081220260515536546_tse-qcedjpsm-73200-20260515373200-ixbrl.htm
2026-05-15	四半期	当期第3四半期累計	連結	実績		総資産	TotalAssets	32919000000	JPY	32,919	CurrentAccumulatedQ3Instant_ConsolidatedMember_ResultMember	/disc/73200/081220260515536546_tse-qcedjpsm-73200-20260515373200-ixbrl.htm
2026-05-15	四半期	当期第3四半期累計	連結	実績		純資産	NetAssets	4973000000	JPY	4,973	CurrentAccumulatedQ3Instant_ConsolidatedMember_ResultMember	/disc/73200/081220260515536546_tse-qcedjpsm-73200-20260515373200-ixbrl.htm
2026-05-15	四半期	当期第3四半期累計	連結	実績		自己資本比率	CapitalAdequacyRatio	0.150	Pure	15.0	CurrentAccumulatedQ3Instant_ConsolidatedMember_ResultMember	/disc/73200/081220260515536546_tse-qcedjpsm-73200-20260515373200-ixbrl.htm
2026-05-15	四半期	前期	連結	実績		総資産	TotalAssets	29619000000	JPY	29,619	PriorYearInstant_ConsolidatedMember_ResultMember	/disc/73200/081220260515536546_tse-qcedjpsm-73200-20260515373200-ixbrl.htm
2026-05-15	四半期	前期	連結	実績		純資産	NetAssets	4190000000	JPY	4,190	PriorYearInstant_ConsolidatedMember_ResultMember	/disc/73200/081220260515536546_tse-qcedjpsm-73200-20260515373200-ixbrl.htm
2026-05-15	四半期	前期	連結	実績		自己資本比率	CapitalAdequacyRatio	0.141	Pure	14.1	PriorYearInstant_ConsolidatedMember_ResultMember	/disc/73200/081220260515536546_tse-qcedjpsm-73200-20260515373200-ixbrl.htm
2026-05-15	四半期	当期第3四半期累計	連結	実績		自己資本	OwnersEquity	4953000000	JPY	4,953	CurrentAccumulatedQ3Instant_ConsolidatedMember_ResultMember	/disc/73200/081220260515536546_tse-qcedjpsm-73200-20260515373200-ixbrl.htm
2026-05-15	四半期	前期	連結	実績		自己資本	OwnersEquity	4170000000	JPY	4,170	PriorYearInstant_ConsolidatedMember_ResultMember	/disc/73200/081220260515536546_tse-qcedjpsm-73200-20260515373200-ixbrl.htm
2026-05-15	四半期	前期	単体	実績	第2四半期末	1株当たり配当金	DividendPerShare	0.00	JPYPerShares	0.00	PriorYearDuration_SecondQuarterMember_NonConsolidatedMember_ResultMember	/disc/73200/081220260515536546_tse-qcedjpsm-73200-20260515373200-ixbrl.htm
2026-05-15	四半期	前期	単体	実績	期末	1株当たり配当金	DividendPerShare	28.00	JPYPerShares	28.00	PriorYearDuration_YearEndMember_NonConsolidatedMember_ResultMember	/disc/73200/081220260515536546_tse-qcedjpsm-73200-20260515373200-ixbrl.htm
2026-05-15	四半期	前期	単体	実績	合計	1株当たり配当金	DividendPerShare	28.00	JPYPerShares	28.00	PriorYearDuration_AnnualMember_NonConsolidatedMember_ResultMember	/disc/73200/081220260515536546_tse-qcedjpsm-73200-20260515373200-ixbrl.htm
2026-05-15	四半期	当期	単体	実績	第2四半期末	1株当たり配当金	DividendPerShare	10.00	JPYPerShares	10.00	CurrentYearDuration_SecondQuarterMember_NonConsolidatedMember_ResultMember	/disc/73200/081220260515536546_tse-qcedjpsm-73200-20260515373200-ixbrl.htm
2026-05-15	四半期	当期	単体	予想	期末	1株当たり配当金	DividendPerShare	10.00	JPYPerShares	10.00	CurrentYearDuration_YearEndMember_NonConsolidatedMember_ForecastMember	/disc/73200/081220260515536546_tse-qcedjpsm-73200-20260515373200-ixbrl.htm
2026-05-15	四半期	当期	単体	予想	合計	1株当たり配当金	DividendPerShare	20.00	JPYPerShares	20.00	CurrentYearDuration_AnnualMember_NonConsolidatedMember_ForecastMember	/disc/73200/081220260515536546_tse-qcedjpsm-73200-20260515373200-ixbrl.htm
2026-05-15	四半期	当期	単体	実績	合計	当四半期における配当予想の修正	CorrectionOfDividendForecastInThisQuarter			無	CurrentYearDuration_AnnualMember_NonConsolidatedMember_ResultMember	/disc/73200/081220260515536546_tse-qcedjpsm-73200-20260515373200-ixbrl.htm
2026-05-15	四半期	当期第3四半期累計	単体	実績	合計	配当の注記	NoteToDividends			当社は、2025年７月１日付で普通株式１株につき２株の割合で株式分割を行っております。2025年６月期については当該株式分割前の実際の配当金の額を記載しております。	CurrentAccumulatedQ3Duration_AnnualMember_NonConsolidatedMember_ResultMember	/disc/73200/081220260515536546_tse-qcedjpsm-73200-20260515373200-ixbrl.htm
2026-05-15	四半期	当期	連結	予想		業績予想の見出し	TitleForForecasts			３．2026年６月期の連結業績予想（2025年７月１日～2026年６月30日）	CurrentYearDuration_ConsolidatedMember_ForecastMember	/disc/73200/081220260515536546_tse-qcedjpsm-73200-20260515373200-ixbrl.htm
2026-05-15	四半期	当期	連結	予想		売上高	NetSales	8200000000	JPY	8,200	CurrentYearDuration_ConsolidatedMember_ForecastMember	/disc/73200/081220260515536546_tse-qcedjpsm-73200-20260515373200-ixbrl.htm
2026-05-15	四半期	当期	連結	予想		売上高の増減率	ChangeInNetSales	0.223	Pure	22.3	CurrentYearDuration_ConsolidatedMember_ForecastMember	/disc/73200/081220260515536546_tse-qcedjpsm-73200-20260515373200-ixbrl.htm
2026-05-15	四半期	当期	連結	予想		営業利益	OperatingIncome	2100000000	JPY	2,100	CurrentYearDuration_ConsolidatedMember_ForecastMember	/disc/73200/081220260515536546_tse-qcedjpsm-73200-20260515373200-ixbrl.htm
2026-05-15	四半期	当期	連結	予想		営業利益の増減率	ChangeInOperatingIncome	0.296	Pure	29.6	CurrentYearDuration_ConsolidatedMember_ForecastMember	/disc/73200/081220260515536546_tse-qcedjpsm-73200-20260515373200-ixbrl.htm
2026-05-15	四半期	当期	連結	予想		経常利益	OrdinaryIncome	2500000000	JPY	2,500	CurrentYearDuration_ConsolidatedMember_ForecastMember	/disc/73200/081220260515536546_tse-qcedjpsm-73200-20260515373200-ixbrl.htm
2026-05-15	四半期	当期	連結	予想		経常利益の増減率	ChangeInOrdinaryIncome	0.264	Pure	26.4	CurrentYearDuration_ConsolidatedMember_ForecastMember	/disc/73200/081220260515536546_tse-qcedjpsm-73200-20260515373200-ixbrl.htm
2026-05-15	四半期	当期	連結	予想		親会社株主に帰属する当期純利益	ProfitAttributableToOwnersOfParent	1625000000	JPY	1,625	CurrentYearDuration_ConsolidatedMember_ForecastMember	/disc/73200/081220260515536546_tse-qcedjpsm-73200-20260515373200-ixbrl.htm
2026-05-15	四半期	当期	連結	予想		1株当たり当期純利益	NetIncomePerShare	147.33	JPYPerShares	147.33	CurrentYearDuration_ConsolidatedMember_ForecastMember	/disc/73200/081220260515536546_tse-qcedjpsm-73200-20260515373200-ixbrl.htm
2026-05-15	四半期	当期	連結	予想		当四半期における業績予想の修正	CorrectionOfConsolidatedFinancialForecastInThisQuarter			無	CurrentYearDuration_ConsolidatedMember_ForecastMember	/disc/73200/081220260515536546_tse-qcedjpsm-73200-20260515373200-ixbrl.htm
2026-05-15	四半期	当期	連結	予想		業績予想の注記	NoteToForecasts			当社は、2025年７月１日付で普通株式１株につき２株の割合で株式分割を行っております。2026年６月期の連結業績予想における「１株当たり当期純利益」については、当該株式分割の影響を考慮しております。	CurrentYearDuration_ConsolidatedMember_ForecastMember	/disc/73200/081220260515536546_tse-qcedjpsm-73200-20260515373200-ixbrl.htm
2026-05-15	四半期	当期第3四半期累計	連結	実績		期中の連結範囲の重要な変更	SignificantChangesInTheScopeOfConsolidationDuringThePeriod			無	CurrentAccumulatedQ3Duration_ConsolidatedMember_ResultMember	/disc/73200/081220260515536546_tse-qcedjpsm-73200-20260515373200-ixbrl.htm
2026-05-15	四半期	当期第3四半期累計	連結	実績			ApplyingOfSpecificAccountingOfTheConsolidatedQuarterlyFinancialStatements			有	CurrentAccumulatedQ3Duration_ConsolidatedMember_ResultMember	/disc/73200/081220260515536546_tse-qcedjpsm-73200-20260515373200-ixbrl.htm
2026-05-15	四半期	当期第3四半期累計	連結	実績			NoteToApplyingOfSpecificAccountingOfTheConsolidatedQuarterlyFinancialStatements			（注）詳細は、添付資料Ｐ．８「２．四半期連結財務諸表及び主な注記 （３）四半期連結財務諸表に関する注記事項（四半期連結財務諸表の作成に特有の会計処理に関する注記）」をご覧ください。	CurrentAccumulatedQ3Duration_ConsolidatedMember_ResultMember	/disc/73200/081220260515536546_tse-qcedjpsm-73200-20260515373200-ixbrl.htm
2026-05-15	四半期	当期第3四半期累計	連結	実績		会計基準等の改正に伴う変更	ChangesBasedOnRevisionsOfAccountingStandard			無	CurrentAccumulatedQ3Duration_ConsolidatedMember_ResultMember	/disc/73200/081220260515536546_tse-qcedjpsm-73200-20260515373200-ixbrl.htm
2026-05-15	四半期	当期第3四半期累計	連結	実績		それ以外の会計方針の変更	ChangesOtherThanOnesBasedOnRevisionsOfAccountingStandard			無	CurrentAccumulatedQ3Duration_ConsolidatedMember_ResultMember	/disc/73200/081220260515536546_tse-qcedjpsm-73200-20260515373200-ixbrl.htm
2026-05-15	四半期	当期第3四半期累計	連結	実績		会計上の見積りの変更	ChangesInAccountingEstimates			無	CurrentAccumulatedQ3Duration_ConsolidatedMember_ResultMember	/disc/73200/081220260515536546_tse-qcedjpsm-73200-20260515373200-ixbrl.htm
2026-05-15	四半期	当期第3四半期累計	連結	実績		修正再表示	RetrospectiveRestatement			無	CurrentAccumulatedQ3Duration_ConsolidatedMember_ResultMember	/disc/73200/081220260515536546_tse-qcedjpsm-73200-20260515373200-ixbrl.htm
2026-05-15	四半期	当期第3四半期累計	単体	実績		期末発行済株式数(自己株式を含む)	NumberOfIssuedAndOutstandingSharesAtTheEndOfFiscalYearIncludingTreasuryStock	11997254	Shares	11,997,254	CurrentAccumulatedQ3Instant_NonConsolidatedMember_ResultMember	/disc/73200/081220260515536546_tse-qcedjpsm-73200-20260515373200-ixbrl.htm
2026-05-15	四半期	前期	単体	実績		期末発行済株式数(自己株式を含む)	NumberOfIssuedAndOutstandingSharesAtTheEndOfFiscalYearIncludingTreasuryStock	11997254	Shares	11,997,254	PriorYearInstant_NonConsolidatedMember_ResultMember	/disc/73200/081220260515536546_tse-qcedjpsm-73200-20260515373200-ixbrl.htm
2026-05-15	四半期	当期第3四半期累計	単体	実績		期末自己株式数	NumberOfTreasuryStockAtTheEndOfFiscalYear	772200	Shares	772,200	CurrentAccumulatedQ3Instant_NonConsolidatedMember_ResultMember	/disc/73200/081220260515536546_tse-qcedjpsm-73200-20260515373200-ixbrl.htm
2026-05-15	四半期	前期	単体	実績		期末自己株式数	NumberOfTreasuryStockAtTheEndOfFiscalYear	476500	Shares	476,500	PriorYearInstant_NonConsolidatedMember_ResultMember	/disc/73200/081220260515536546_tse-qcedjpsm-73200-20260515373200-ixbrl.htm
2026-05-15	四半期	当期第3四半期累計	単体	実績		期中平均株式数	AverageNumberOfShares	11401763	Shares	11,401,763	CurrentAccumulatedQ3Duration_NonConsolidatedMember_ResultMember	/disc/73200/081220260515536546_tse-qcedjpsm-73200-20260515373200-ixbrl.htm
2026-05-15	四半期	前期第3四半期累計	単体	実績		期中平均株式数	AverageNumberOfShares	10865587	Shares	10,865,587	PriorAccumulatedQ3Duration_NonConsolidatedMember_ResultMember	/disc/73200/081220260515536546_tse-qcedjpsm-73200-20260515373200-ixbrl.htm
2026-05-15	四半期	当期第3四半期累計	単体	実績			NoteToNumberOfIssuedAndOutstandingSharesCommonStock			（注）当社は、2025年７月１日付で普通株式１株につき２株の割合で株式分割を行っております。前連結会計年度の期首に当該株式分割が行われたと仮定して、「期末発行済株式数」、「期末自己株式数」及び「期中平均株式数」を算定しております。	CurrentAccumulatedQ3Instant_NonConsolidatedMember_ResultMember	/disc/73200/081220260515536546_tse-qcedjpsm-73200-20260515373200-ixbrl.htm
2026-05-15	四半期	当期第3四半期累計					ReviewOfAttachedConsolidatedQuarterlyFinancialStatementsByACertifiedPublicAccountantOrAnAuditFirm			有（義務）	CurrentAccumulatedQ3Duration	/disc/73200/081220260515536546_tse-qcedjpsm-73200-20260515373200-ixbrl.htm
2026-05-15	四半期	当期				将来情報の利用に関する注意	NotesForUsingForecastedInformationAndOthers			（将来に関する記述等についてのご注意） 本資料に記載されている業績見通し等の将来に関する記述は、当社が入手している情報及び合理的であると判断する一定の前提に基づいており、その達成を当社として約束する趣旨のものではありません。また、実際の業績等は様々な要因により大きく異なる場合があります。業績予想の前提となる条件及び業績予想のご利用に当たっての注意事項等については、添付資料Ｐ．４「１．経営成績等の概況 （３）連結業績予想などの将来予測情報に関する説明」をご覧ください。&#160;（決算補足説明資料の入手方法） 決算補足説明資料は、2026年５月15日(金)に当社ウェブサイトに掲載いたします。	CurrentYearDuration	/disc/73200/081220260515536546_tse-qcedjpsm-73200-20260515373200-ixbrl.htm
2026-05-15	四半期	当期				決算期末	FiscalYearEnd			2026-06-30	CurrentYearInstant	/disc/73200/081220260515536546_tse-qcedjpsm-73200-20260515373200-ixbrl.htm
2026-05-15	四半期	当期第3四半期累計				四半期	QuarterlyPeriod	3	Pure	3	CurrentAccumulatedQ3Instant	/disc/73200/081220260515536546_tse-qcedjpsm-73200-20260515373200-ixbrl.htm
