日付	書類	期	連単	区分	四半期	項目名	タグ	値	単位	表示	コンテキスト	出所
2016-08-09	四半期	当期第1四半期累計				書類名	DocumentName			第1四半期決算短信〔日本基準〕（連結）	CurrentAccumulatedQ1Instant	/disc/80370/081220160729462406_tse-qcedjpsm-80370-20160729462406-ixbrl.htm
2016-08-09	四半期	当期第1四半期累計				提出日	FilingDate			平成28年8月9日	CurrentAccumulatedQ1Instant	/disc/80370/081220160729462406_tse-qcedjpsm-80370-20160729462406-ixbrl.htm
2016-08-09	四半期	当期第1四半期累計				会社名	CompanyName			カメイ株式会社	CurrentAccumulatedQ1Instant	/disc/80370/081220160729462406_tse-qcedjpsm-80370-20160729462406-ixbrl.htm
2016-08-09	四半期	当期第1四半期累計					TokyoStockExchange			東	CurrentAccumulatedQ1Instant	/disc/80370/081220160729462406_tse-qcedjpsm-80370-20160729462406-ixbrl.htm
2016-08-09	四半期	当期第1四半期累計				証券コード	SecuritiesCode			80370	CurrentAccumulatedQ1Instant	/disc/80370/081220160729462406_tse-qcedjpsm-80370-20160729462406-ixbrl.htm
2016-08-09	四半期	当期第1四半期累計				URL	URL			http://www.kamei.co.jp/	CurrentAccumulatedQ1Instant	/disc/80370/081220160729462406_tse-qcedjpsm-80370-20160729462406-ixbrl.htm
2016-08-09	四半期	当期第1四半期累計				代表者の役職	TitleRepresentative			代表取締役社長	CurrentAccumulatedQ1Instant	/disc/80370/081220160729462406_tse-qcedjpsm-80370-20160729462406-ixbrl.htm
2016-08-09	四半期	当期第1四半期累計				代表者名	NameRepresentative			亀井文行	CurrentAccumulatedQ1Instant	/disc/80370/081220160729462406_tse-qcedjpsm-80370-20160729462406-ixbrl.htm
2016-08-09	四半期	当期第1四半期累計					TitleInquiries			管理部長	CurrentAccumulatedQ1Instant	/disc/80370/081220160729462406_tse-qcedjpsm-80370-20160729462406-ixbrl.htm
2016-08-09	四半期	当期第1四半期累計					NameInquiries			小林哲也	CurrentAccumulatedQ1Instant	/disc/80370/081220160729462406_tse-qcedjpsm-80370-20160729462406-ixbrl.htm
2016-08-09	四半期	当期第1四半期累計					Tel			022-264-6112	CurrentAccumulatedQ1Instant	/disc/80370/081220160729462406_tse-qcedjpsm-80370-20160729462406-ixbrl.htm
2016-08-09	四半期	当期第1四半期累計					QuarterlyStatementFilingDateAsPlanned			平成28年8月9日	CurrentAccumulatedQ1Instant	/disc/80370/081220160729462406_tse-qcedjpsm-80370-20160729462406-ixbrl.htm
2016-08-09	四半期	当期第1四半期累計					SupplementalMaterialOfQuarterlyResults			無	CurrentAccumulatedQ1Instant	/disc/80370/081220160729462406_tse-qcedjpsm-80370-20160729462406-ixbrl.htm
2016-08-09	四半期	当期第1四半期累計					ConveningBriefingOfQuarterlyResults			無	CurrentAccumulatedQ1Instant	/disc/80370/081220160729462406_tse-qcedjpsm-80370-20160729462406-ixbrl.htm
2016-08-09	四半期	当期第1四半期累計					NoteToFractionProcessingMethod			（百万円未満切捨て）	CurrentAccumulatedQ1Instant	/disc/80370/081220160729462406_tse-qcedjpsm-80370-20160729462406-ixbrl.htm
2016-08-09	四半期	当期第1四半期累計	連結	実績		売上高	NetSales	94017000000	JPY	94,017	CurrentAccumulatedQ1Duration_ConsolidatedMember_ResultMember	/disc/80370/081220160729462406_tse-qcedjpsm-80370-20160729462406-ixbrl.htm
2016-08-09	四半期	当期第1四半期累計	連結	実績		売上高の増減率	ChangeInNetSales	-0.091	Pure	9.1	CurrentAccumulatedQ1Duration_ConsolidatedMember_ResultMember	/disc/80370/081220160729462406_tse-qcedjpsm-80370-20160729462406-ixbrl.htm
2016-08-09	四半期	当期第1四半期累計	連結	実績		営業利益	OperatingIncome	2161000000	JPY	2,161	CurrentAccumulatedQ1Duration_ConsolidatedMember_ResultMember	/disc/80370/081220160729462406_tse-qcedjpsm-80370-20160729462406-ixbrl.htm
2016-08-09	四半期	当期第1四半期累計	連結	実績		営業利益の増減率	ChangeInOperatingIncome	-0.027	Pure	2.7	CurrentAccumulatedQ1Duration_ConsolidatedMember_ResultMember	/disc/80370/081220160729462406_tse-qcedjpsm-80370-20160729462406-ixbrl.htm
2016-08-09	四半期	当期第1四半期累計	連結	実績		経常利益	OrdinaryIncome	2341000000	JPY	2,341	CurrentAccumulatedQ1Duration_ConsolidatedMember_ResultMember	/disc/80370/081220160729462406_tse-qcedjpsm-80370-20160729462406-ixbrl.htm
2016-08-09	四半期	当期第1四半期累計	連結	実績		経常利益の増減率	ChangeInOrdinaryIncome	-0.141	Pure	14.1	CurrentAccumulatedQ1Duration_ConsolidatedMember_ResultMember	/disc/80370/081220160729462406_tse-qcedjpsm-80370-20160729462406-ixbrl.htm
2016-08-09	四半期	当期第1四半期累計	連結	実績		親会社株主に帰属する当期純利益	ProfitAttributableToOwnersOfParent	1808000000	JPY	1,808	CurrentAccumulatedQ1Duration_ConsolidatedMember_ResultMember	/disc/80370/081220160729462406_tse-qcedjpsm-80370-20160729462406-ixbrl.htm
2016-08-09	四半期	当期第1四半期累計	連結	実績		親会社株主に帰属する当期純利益の増減率	ChangeInProfitAttributableToOwnersOfParent	0.201	Pure	20.1	CurrentAccumulatedQ1Duration_ConsolidatedMember_ResultMember	/disc/80370/081220160729462406_tse-qcedjpsm-80370-20160729462406-ixbrl.htm
2016-08-09	四半期	前期第1四半期累計	連結	実績		売上高	NetSales	103403000000	JPY	103,403	PriorAccumulatedQ1Duration_ConsolidatedMember_ResultMember	/disc/80370/081220160729462406_tse-qcedjpsm-80370-20160729462406-ixbrl.htm
2016-08-09	四半期	前期第1四半期累計	連結	実績		売上高の増減率	ChangeInNetSales	-0.107	Pure	10.7	PriorAccumulatedQ1Duration_ConsolidatedMember_ResultMember	/disc/80370/081220160729462406_tse-qcedjpsm-80370-20160729462406-ixbrl.htm
2016-08-09	四半期	前期第1四半期累計	連結	実績		営業利益	OperatingIncome	2220000000	JPY	2,220	PriorAccumulatedQ1Duration_ConsolidatedMember_ResultMember	/disc/80370/081220160729462406_tse-qcedjpsm-80370-20160729462406-ixbrl.htm
2016-08-09	四半期	前期第1四半期累計	連結	実績		営業利益の増減率	ChangeInOperatingIncome	1.746	Pure	174.6	PriorAccumulatedQ1Duration_ConsolidatedMember_ResultMember	/disc/80370/081220160729462406_tse-qcedjpsm-80370-20160729462406-ixbrl.htm
2016-08-09	四半期	前期第1四半期累計	連結	実績		経常利益	OrdinaryIncome	2727000000	JPY	2,727	PriorAccumulatedQ1Duration_ConsolidatedMember_ResultMember	/disc/80370/081220160729462406_tse-qcedjpsm-80370-20160729462406-ixbrl.htm
2016-08-09	四半期	前期第1四半期累計	連結	実績		経常利益の増減率	ChangeInOrdinaryIncome	1.452	Pure	145.2	PriorAccumulatedQ1Duration_ConsolidatedMember_ResultMember	/disc/80370/081220160729462406_tse-qcedjpsm-80370-20160729462406-ixbrl.htm
2016-08-09	四半期	前期第1四半期累計	連結	実績		親会社株主に帰属する当期純利益	ProfitAttributableToOwnersOfParent	1506000000	JPY	1,506	PriorAccumulatedQ1Duration_ConsolidatedMember_ResultMember	/disc/80370/081220160729462406_tse-qcedjpsm-80370-20160729462406-ixbrl.htm
2016-08-09	四半期	前期第1四半期累計	連結	実績		親会社株主に帰属する当期純利益の増減率	ChangeInProfitAttributableToOwnersOfParent	0.920	Pure	92.0	PriorAccumulatedQ1Duration_ConsolidatedMember_ResultMember	/disc/80370/081220160729462406_tse-qcedjpsm-80370-20160729462406-ixbrl.htm
2016-08-09	四半期	当期第1四半期累計	連結	実績		包括利益	ComprehensiveIncome	1079000000	JPY	1,079	CurrentAccumulatedQ1Duration_ConsolidatedMember_ResultMember	/disc/80370/081220160729462406_tse-qcedjpsm-80370-20160729462406-ixbrl.htm
2016-08-09	四半期	当期第1四半期累計	連結	実績		包括利益の増減率	ChangeInComprehensiveIncome	-0.347	Pure	34.7	CurrentAccumulatedQ1Duration_ConsolidatedMember_ResultMember	/disc/80370/081220160729462406_tse-qcedjpsm-80370-20160729462406-ixbrl.htm
2016-08-09	四半期	前期第1四半期累計	連結	実績		包括利益	ComprehensiveIncome	1654000000	JPY	1,654	PriorAccumulatedQ1Duration_ConsolidatedMember_ResultMember	/disc/80370/081220160729462406_tse-qcedjpsm-80370-20160729462406-ixbrl.htm
2016-08-09	四半期	前期第1四半期累計	連結	実績		包括利益の増減率	ChangeInComprehensiveIncome	0.699	Pure	69.9	PriorAccumulatedQ1Duration_ConsolidatedMember_ResultMember	/disc/80370/081220160729462406_tse-qcedjpsm-80370-20160729462406-ixbrl.htm
2016-08-09	四半期	当期第1四半期累計	連結	実績		1株当たり当期純利益	NetIncomePerShare	53.83	JPYPerShares	53.83	CurrentAccumulatedQ1Duration_ConsolidatedMember_ResultMember	/disc/80370/081220160729462406_tse-qcedjpsm-80370-20160729462406-ixbrl.htm
2016-08-09	四半期	前期第1四半期累計	連結	実績		1株当たり当期純利益	NetIncomePerShare	44.84	JPYPerShares	44.84	PriorAccumulatedQ1Duration_ConsolidatedMember_ResultMember	/disc/80370/081220160729462406_tse-qcedjpsm-80370-20160729462406-ixbrl.htm
2016-08-09	四半期	当期第1四半期累計	連結	実績		総資産	TotalAssets	208206000000	JPY	208,206	CurrentAccumulatedQ1Instant_ConsolidatedMember_ResultMember	/disc/80370/081220160729462406_tse-qcedjpsm-80370-20160729462406-ixbrl.htm
2016-08-09	四半期	当期第1四半期累計	連結	実績		純資産	NetAssets	87940000000	JPY	87,940	CurrentAccumulatedQ1Instant_ConsolidatedMember_ResultMember	/disc/80370/081220160729462406_tse-qcedjpsm-80370-20160729462406-ixbrl.htm
2016-08-09	四半期	当期第1四半期累計	連結	実績		自己資本比率	CapitalAdequacyRatio	0.398	Pure	39.8	CurrentAccumulatedQ1Instant_ConsolidatedMember_ResultMember	/disc/80370/081220160729462406_tse-qcedjpsm-80370-20160729462406-ixbrl.htm
2016-08-09	四半期	当期第1四半期累計	連結	実績		1株当たり純資産	NetAssetsPerShare	2466.92	JPYPerShares	2,466.92	CurrentAccumulatedQ1Instant_ConsolidatedMember_ResultMember	/disc/80370/081220160729462406_tse-qcedjpsm-80370-20160729462406-ixbrl.htm
2016-08-09	四半期	前期	連結	実績		総資産	TotalAssets	208922000000	JPY	208,922	PriorYearInstant_ConsolidatedMember_ResultMember	/disc/80370/081220160729462406_tse-qcedjpsm-80370-20160729462406-ixbrl.htm
2016-08-09	四半期	前期	連結	実績		純資産	NetAssets	87245000000	JPY	87,245	PriorYearInstant_ConsolidatedMember_ResultMember	/disc/80370/081220160729462406_tse-qcedjpsm-80370-20160729462406-ixbrl.htm
2016-08-09	四半期	前期	連結	実績		自己資本比率	CapitalAdequacyRatio	0.393	Pure	39.3	PriorYearInstant_ConsolidatedMember_ResultMember	/disc/80370/081220160729462406_tse-qcedjpsm-80370-20160729462406-ixbrl.htm
2016-08-09	四半期	前期	連結	実績		1株当たり純資産	NetAssetsPerShare	2445.85	JPYPerShares	2,445.85	PriorYearInstant_ConsolidatedMember_ResultMember	/disc/80370/081220160729462406_tse-qcedjpsm-80370-20160729462406-ixbrl.htm
2016-08-09	四半期	当期第1四半期累計	連結	実績		自己資本	OwnersEquity	82891000000	JPY	82,891	CurrentAccumulatedQ1Instant_ConsolidatedMember_ResultMember	/disc/80370/081220160729462406_tse-qcedjpsm-80370-20160729462406-ixbrl.htm
2016-08-09	四半期	前期	連結	実績		自己資本	OwnersEquity	82183000000	JPY	82,183	PriorYearInstant_ConsolidatedMember_ResultMember	/disc/80370/081220160729462406_tse-qcedjpsm-80370-20160729462406-ixbrl.htm
2016-08-09	四半期	前期	単体	実績	第2四半期末	1株当たり配当金	DividendPerShare	7.50	JPYPerShares	7.50	PriorYearDuration_SecondQuarterMember_NonConsolidatedMember_ResultMember	/disc/80370/081220160729462406_tse-qcedjpsm-80370-20160729462406-ixbrl.htm
2016-08-09	四半期	前期	単体	実績	期末	1株当たり配当金	DividendPerShare	10.00	JPYPerShares	10.00	PriorYearDuration_YearEndMember_NonConsolidatedMember_ResultMember	/disc/80370/081220160729462406_tse-qcedjpsm-80370-20160729462406-ixbrl.htm
2016-08-09	四半期	前期	単体	実績	合計	1株当たり配当金	DividendPerShare	17.50	JPYPerShares	17.50	PriorYearDuration_AnnualMember_NonConsolidatedMember_ResultMember	/disc/80370/081220160729462406_tse-qcedjpsm-80370-20160729462406-ixbrl.htm
2016-08-09	四半期	当期	単体	予想	第2四半期末	1株当たり配当金	DividendPerShare	10.00	JPYPerShares	10.00	CurrentYearDuration_SecondQuarterMember_NonConsolidatedMember_ForecastMember	/disc/80370/081220160729462406_tse-qcedjpsm-80370-20160729462406-ixbrl.htm
2016-08-09	四半期	当期	単体	予想	期末	1株当たり配当金	DividendPerShare	10.00	JPYPerShares	10.00	CurrentYearDuration_YearEndMember_NonConsolidatedMember_ForecastMember	/disc/80370/081220160729462406_tse-qcedjpsm-80370-20160729462406-ixbrl.htm
2016-08-09	四半期	当期	単体	予想	合計	1株当たり配当金	DividendPerShare	20.00	JPYPerShares	20.00	CurrentYearDuration_AnnualMember_NonConsolidatedMember_ForecastMember	/disc/80370/081220160729462406_tse-qcedjpsm-80370-20160729462406-ixbrl.htm
2016-08-09	四半期	当期	単体	実績	合計	当四半期における配当予想の修正	CorrectionOfDividendForecastInThisQuarter			無	CurrentYearDuration_AnnualMember_NonConsolidatedMember_ResultMember	/disc/80370/081220160729462406_tse-qcedjpsm-80370-20160729462406-ixbrl.htm
2016-08-09	四半期	当期	連結	予想		業績予想の見出し	TitleForForecasts			3. 平成29年 3月期の連結業績予想（平成28年 4月 1日～平成29年 3月31日）	CurrentYearDuration_ConsolidatedMember_ForecastMember	/disc/80370/081220160729462406_tse-qcedjpsm-80370-20160729462406-ixbrl.htm
2016-08-09	四半期	当期第2四半期累計	連結	予想		売上高	NetSales	178000000000	JPY	178,000	CurrentAccumulatedQ2Duration_ConsolidatedMember_ForecastMember	/disc/80370/081220160729462406_tse-qcedjpsm-80370-20160729462406-ixbrl.htm
2016-08-09	四半期	当期第2四半期累計	連結	予想		売上高の増減率	ChangeInNetSales	-0.128	Pure	12.8	CurrentAccumulatedQ2Duration_ConsolidatedMember_ForecastMember	/disc/80370/081220160729462406_tse-qcedjpsm-80370-20160729462406-ixbrl.htm
2016-08-09	四半期	当期第2四半期累計	連結	予想		営業利益	OperatingIncome	2900000000	JPY	2,900	CurrentAccumulatedQ2Duration_ConsolidatedMember_ForecastMember	/disc/80370/081220160729462406_tse-qcedjpsm-80370-20160729462406-ixbrl.htm
2016-08-09	四半期	当期第2四半期累計	連結	予想		営業利益の増減率	ChangeInOperatingIncome	-0.327	Pure	32.7	CurrentAccumulatedQ2Duration_ConsolidatedMember_ForecastMember	/disc/80370/081220160729462406_tse-qcedjpsm-80370-20160729462406-ixbrl.htm
2016-08-09	四半期	当期第2四半期累計	連結	予想		経常利益	OrdinaryIncome	3600000000	JPY	3,600	CurrentAccumulatedQ2Duration_ConsolidatedMember_ForecastMember	/disc/80370/081220160729462406_tse-qcedjpsm-80370-20160729462406-ixbrl.htm
2016-08-09	四半期	当期第2四半期累計	連結	予想		経常利益の増減率	ChangeInOrdinaryIncome	-0.276	Pure	27.6	CurrentAccumulatedQ2Duration_ConsolidatedMember_ForecastMember	/disc/80370/081220160729462406_tse-qcedjpsm-80370-20160729462406-ixbrl.htm
2016-08-09	四半期	当期第2四半期累計	連結	予想		親会社株主に帰属する当期純利益	ProfitAttributableToOwnersOfParent	2400000000	JPY	2,400	CurrentAccumulatedQ2Duration_ConsolidatedMember_ForecastMember	/disc/80370/081220160729462406_tse-qcedjpsm-80370-20160729462406-ixbrl.htm
2016-08-09	四半期	当期第2四半期累計	連結	予想		親会社株主に帰属する当期純利益の増減率	ChangeInProfitAttributableToOwnersOfParent	-0.173	Pure	17.3	CurrentAccumulatedQ2Duration_ConsolidatedMember_ForecastMember	/disc/80370/081220160729462406_tse-qcedjpsm-80370-20160729462406-ixbrl.htm
2016-08-09	四半期	当期第2四半期累計	連結	予想		1株当たり当期純利益	NetIncomePerShare	71.43	JPYPerShares	71.43	CurrentAccumulatedQ2Duration_ConsolidatedMember_ForecastMember	/disc/80370/081220160729462406_tse-qcedjpsm-80370-20160729462406-ixbrl.htm
2016-08-09	四半期	当期	連結	予想		売上高	NetSales	393000000000	JPY	393,000	CurrentYearDuration_ConsolidatedMember_ForecastMember	/disc/80370/081220160729462406_tse-qcedjpsm-80370-20160729462406-ixbrl.htm
2016-08-09	四半期	当期	連結	予想		売上高の増減率	ChangeInNetSales	-0.066	Pure	6.6	CurrentYearDuration_ConsolidatedMember_ForecastMember	/disc/80370/081220160729462406_tse-qcedjpsm-80370-20160729462406-ixbrl.htm
2016-08-09	四半期	当期	連結	予想		営業利益	OperatingIncome	9500000000	JPY	9,500	CurrentYearDuration_ConsolidatedMember_ForecastMember	/disc/80370/081220160729462406_tse-qcedjpsm-80370-20160729462406-ixbrl.htm
2016-08-09	四半期	当期	連結	予想		営業利益の増減率	ChangeInOperatingIncome	-0.171	Pure	17.1	CurrentYearDuration_ConsolidatedMember_ForecastMember	/disc/80370/081220160729462406_tse-qcedjpsm-80370-20160729462406-ixbrl.htm
2016-08-09	四半期	当期	連結	予想		経常利益	OrdinaryIncome	10300000000	JPY	10,300	CurrentYearDuration_ConsolidatedMember_ForecastMember	/disc/80370/081220160729462406_tse-qcedjpsm-80370-20160729462406-ixbrl.htm
2016-08-09	四半期	当期	連結	予想		経常利益の増減率	ChangeInOrdinaryIncome	-0.173	Pure	17.3	CurrentYearDuration_ConsolidatedMember_ForecastMember	/disc/80370/081220160729462406_tse-qcedjpsm-80370-20160729462406-ixbrl.htm
2016-08-09	四半期	当期	連結	予想		親会社株主に帰属する当期純利益	ProfitAttributableToOwnersOfParent	6900000000	JPY	6,900	CurrentYearDuration_ConsolidatedMember_ForecastMember	/disc/80370/081220160729462406_tse-qcedjpsm-80370-20160729462406-ixbrl.htm
2016-08-09	四半期	当期	連結	予想		親会社株主に帰属する当期純利益の増減率	ChangeInProfitAttributableToOwnersOfParent	-0.257	Pure	25.7	CurrentYearDuration_ConsolidatedMember_ForecastMember	/disc/80370/081220160729462406_tse-qcedjpsm-80370-20160729462406-ixbrl.htm
2016-08-09	四半期	当期	連結	予想		1株当たり当期純利益	NetIncomePerShare	205.35	JPYPerShares	205.35	CurrentYearDuration_ConsolidatedMember_ForecastMember	/disc/80370/081220160729462406_tse-qcedjpsm-80370-20160729462406-ixbrl.htm
2016-08-09	四半期	当期	連結	予想		当四半期における業績予想の修正	CorrectionOfConsolidatedFinancialForecastInThisQuarter			無	CurrentYearDuration_ConsolidatedMember_ForecastMember	/disc/80370/081220160729462406_tse-qcedjpsm-80370-20160729462406-ixbrl.htm
2016-08-09	四半期	当期第1四半期累計	連結	実績			MaterialChangesInSubsidiariesDuringThisPeriodChangesInScopeOfConsolidationsResultingFromChangeIsSubsidiaries			無	CurrentAccumulatedQ1Duration_ConsolidatedMember_ResultMember	/disc/80370/081220160729462406_tse-qcedjpsm-80370-20160729462406-ixbrl.htm
2016-08-09	四半期	当期第1四半期累計	連結	実績			ApplyingOfSpecificAccountingOfTheConsolidatedQuarterlyFinancialStatements			無	CurrentAccumulatedQ1Duration_ConsolidatedMember_ResultMember	/disc/80370/081220160729462406_tse-qcedjpsm-80370-20160729462406-ixbrl.htm
2016-08-09	四半期	当期第1四半期累計	連結	実績		会計基準等の改正に伴う変更	ChangesBasedOnRevisionsOfAccountingStandard			有	CurrentAccumulatedQ1Duration_ConsolidatedMember_ResultMember	/disc/80370/081220160729462406_tse-qcedjpsm-80370-20160729462406-ixbrl.htm
2016-08-09	四半期	当期第1四半期累計	連結	実績		それ以外の会計方針の変更	ChangesOtherThanOnesBasedOnRevisionsOfAccountingStandard			無	CurrentAccumulatedQ1Duration_ConsolidatedMember_ResultMember	/disc/80370/081220160729462406_tse-qcedjpsm-80370-20160729462406-ixbrl.htm
2016-08-09	四半期	当期第1四半期累計	連結	実績		会計上の見積りの変更	ChangesInAccountingEstimates			無	CurrentAccumulatedQ1Duration_ConsolidatedMember_ResultMember	/disc/80370/081220160729462406_tse-qcedjpsm-80370-20160729462406-ixbrl.htm
2016-08-09	四半期	当期第1四半期累計	連結	実績		修正再表示	RetrospectiveRestatement			無	CurrentAccumulatedQ1Duration_ConsolidatedMember_ResultMember	/disc/80370/081220160729462406_tse-qcedjpsm-80370-20160729462406-ixbrl.htm
2016-08-09	四半期	当期第1四半期累計	連結	実績			NoteToChangesInAccountingPoliciesAccountingEstimatesAndRetrospectiveRestatementQuarterlyConsolidated			（注）詳細は、添付資料４ページ「２．サマリー情報（注記事項）に関する事項（３）会計方針の変更・会計上の見積りの変更・修正再表示」をご覧ください。	CurrentAccumulatedQ1Duration_ConsolidatedMember_ResultMember	/disc/80370/081220160729462406_tse-qcedjpsm-80370-20160729462406-ixbrl.htm
2016-08-09	四半期	当期第1四半期累計	単体	実績		期末発行済株式数(自己株式を含む)	NumberOfIssuedAndOutstandingSharesAtTheEndOfFiscalYearIncludingTreasuryStock	37591969	Shares	37,591,969	CurrentAccumulatedQ1Instant_NonConsolidatedMember_ResultMember	/disc/80370/081220160729462406_tse-qcedjpsm-80370-20160729462406-ixbrl.htm
2016-08-09	四半期	前期	単体	実績		期末発行済株式数(自己株式を含む)	NumberOfIssuedAndOutstandingSharesAtTheEndOfFiscalYearIncludingTreasuryStock	37591969	Shares	37,591,969	PriorYearInstant_NonConsolidatedMember_ResultMember	/disc/80370/081220160729462406_tse-qcedjpsm-80370-20160729462406-ixbrl.htm
2016-08-09	四半期	当期第1四半期累計	単体	実績		期末自己株式数	NumberOfTreasuryStockAtTheEndOfFiscalYear	3990677	Shares	3,990,677	CurrentAccumulatedQ1Instant_NonConsolidatedMember_ResultMember	/disc/80370/081220160729462406_tse-qcedjpsm-80370-20160729462406-ixbrl.htm
2016-08-09	四半期	前期	単体	実績		期末自己株式数	NumberOfTreasuryStockAtTheEndOfFiscalYear	3990677	Shares	3,990,677	PriorYearInstant_NonConsolidatedMember_ResultMember	/disc/80370/081220160729462406_tse-qcedjpsm-80370-20160729462406-ixbrl.htm
2016-08-09	四半期	当期第1四半期累計	単体	実績		期中平均株式数	AverageNumberOfShares	33601292	Shares	33,601,292	CurrentAccumulatedQ1Duration_NonConsolidatedMember_ResultMember	/disc/80370/081220160729462406_tse-qcedjpsm-80370-20160729462406-ixbrl.htm
2016-08-09	四半期	前期第1四半期累計	単体	実績		期中平均株式数	AverageNumberOfShares	33601421	Shares	33,601,421	PriorAccumulatedQ1Duration_NonConsolidatedMember_ResultMember	/disc/80370/081220160729462406_tse-qcedjpsm-80370-20160729462406-ixbrl.htm
2016-08-09	四半期	当期第1四半期累計					ExpressionOfImplementationStatusOfQuarterlyReviewProcedures			この四半期決算短信は、金融商品取引法に基づく四半期レビュー手続の対象外であり、この四半期決算短信の開示時点において、金融商品取引法に基づく四半期連結財務諸表に対するレビュー手続は終了しております。	CurrentAccumulatedQ1Duration	/disc/80370/081220160729462406_tse-qcedjpsm-80370-20160729462406-ixbrl.htm
2016-08-09	四半期	当期				将来情報の利用に関する注意	NotesForUsingForecastedInformationAndOthers			本資料に記載されている業績見通し等の将来に関する記述は、当社が現在入手している情報及び合理的であると判断する一定の前提に基づいており、その達成を当社として約束する趣旨のものではありません。また、実際の業績等は様々な要因により大きく異なる可能性があります。業績予想の前提となる条件及び業績予想のご利用にあたっての注意事項等については、添付資料４ページ「１．当四半期決算に関する定性的情報（３）連結業績予想などの将来予測情報に関する説明」をご覧ください。	CurrentYearDuration	/disc/80370/081220160729462406_tse-qcedjpsm-80370-20160729462406-ixbrl.htm
2016-08-09	四半期	当期				決算期末	FiscalYearEnd			2017-03-31	CurrentYearInstant	/disc/80370/081220160729462406_tse-qcedjpsm-80370-20160729462406-ixbrl.htm
2016-08-09	四半期	当期第1四半期累計				四半期	QuarterlyPeriod	1	Pure	1	CurrentAccumulatedQ1Instant	/disc/80370/081220160729462406_tse-qcedjpsm-80370-20160729462406-ixbrl.htm
2016-11-10	四半期	当期第2四半期累計				書類名	DocumentName			第2四半期決算短信〔日本基準〕（連結）	CurrentAccumulatedQ2Instant	/disc/80370/081220161110436284_tse-qcedjpsm-80370-20161110436284-ixbrl.htm
2016-11-10	四半期	当期第2四半期累計				提出日	FilingDate			平成28年11月10日	CurrentAccumulatedQ2Instant	/disc/80370/081220161110436284_tse-qcedjpsm-80370-20161110436284-ixbrl.htm
2016-11-10	四半期	当期第2四半期累計				会社名	CompanyName			カメイ株式会社	CurrentAccumulatedQ2Instant	/disc/80370/081220161110436284_tse-qcedjpsm-80370-20161110436284-ixbrl.htm
2016-11-10	四半期	当期第2四半期累計					TokyoStockExchange			東	CurrentAccumulatedQ2Instant	/disc/80370/081220161110436284_tse-qcedjpsm-80370-20161110436284-ixbrl.htm
2016-11-10	四半期	当期第2四半期累計				証券コード	SecuritiesCode			80370	CurrentAccumulatedQ2Instant	/disc/80370/081220161110436284_tse-qcedjpsm-80370-20161110436284-ixbrl.htm
2016-11-10	四半期	当期第2四半期累計				URL	URL			http://www.kamei.co.jp/	CurrentAccumulatedQ2Instant	/disc/80370/081220161110436284_tse-qcedjpsm-80370-20161110436284-ixbrl.htm
2016-11-10	四半期	当期第2四半期累計				代表者の役職	TitleRepresentative			代表取締役社長	CurrentAccumulatedQ2Instant	/disc/80370/081220161110436284_tse-qcedjpsm-80370-20161110436284-ixbrl.htm
2016-11-10	四半期	当期第2四半期累計				代表者名	NameRepresentative			亀井文行	CurrentAccumulatedQ2Instant	/disc/80370/081220161110436284_tse-qcedjpsm-80370-20161110436284-ixbrl.htm
2016-11-10	四半期	当期第2四半期累計					TitleInquiries			管理部長	CurrentAccumulatedQ2Instant	/disc/80370/081220161110436284_tse-qcedjpsm-80370-20161110436284-ixbrl.htm
2016-11-10	四半期	当期第2四半期累計					NameInquiries			小林哲也	CurrentAccumulatedQ2Instant	/disc/80370/081220161110436284_tse-qcedjpsm-80370-20161110436284-ixbrl.htm
2016-11-10	四半期	当期第2四半期累計					Tel			022-264-6112	CurrentAccumulatedQ2Instant	/disc/80370/081220161110436284_tse-qcedjpsm-80370-20161110436284-ixbrl.htm
2016-11-10	四半期	当期第2四半期累計					QuarterlyStatementFilingDateAsPlanned			平成28年11月10日	CurrentAccumulatedQ2Instant	/disc/80370/081220161110436284_tse-qcedjpsm-80370-20161110436284-ixbrl.htm
2016-11-10	四半期	当期第2四半期累計					DividendPayableDateAsPlanned			平成28年12月5日	CurrentAccumulatedQ2Instant	/disc/80370/081220161110436284_tse-qcedjpsm-80370-20161110436284-ixbrl.htm
2016-11-10	四半期	当期第2四半期累計					SupplementalMaterialOfQuarterlyResults			無	CurrentAccumulatedQ2Instant	/disc/80370/081220161110436284_tse-qcedjpsm-80370-20161110436284-ixbrl.htm
2016-11-10	四半期	当期第2四半期累計					ConveningBriefingOfQuarterlyResults			無	CurrentAccumulatedQ2Instant	/disc/80370/081220161110436284_tse-qcedjpsm-80370-20161110436284-ixbrl.htm
2016-11-10	四半期	当期第2四半期累計					NoteToFractionProcessingMethod			（百万円未満切捨て）	CurrentAccumulatedQ2Instant	/disc/80370/081220161110436284_tse-qcedjpsm-80370-20161110436284-ixbrl.htm
2016-11-10	四半期	当期第2四半期累計	連結	実績		売上高	NetSales	188378000000	JPY	188,378	CurrentAccumulatedQ2Duration_ConsolidatedMember_ResultMember	/disc/80370/081220161110436284_tse-qcedjpsm-80370-20161110436284-ixbrl.htm
2016-11-10	四半期	当期第2四半期累計	連結	実績		売上高の増減率	ChangeInNetSales	-0.077	Pure	7.7	CurrentAccumulatedQ2Duration_ConsolidatedMember_ResultMember	/disc/80370/081220161110436284_tse-qcedjpsm-80370-20161110436284-ixbrl.htm
2016-11-10	四半期	当期第2四半期累計	連結	実績		営業利益	OperatingIncome	3717000000	JPY	3,717	CurrentAccumulatedQ2Duration_ConsolidatedMember_ResultMember	/disc/80370/081220161110436284_tse-qcedjpsm-80370-20161110436284-ixbrl.htm
2016-11-10	四半期	当期第2四半期累計	連結	実績		営業利益の増減率	ChangeInOperatingIncome	-0.137	Pure	13.7	CurrentAccumulatedQ2Duration_ConsolidatedMember_ResultMember	/disc/80370/081220161110436284_tse-qcedjpsm-80370-20161110436284-ixbrl.htm
2016-11-10	四半期	当期第2四半期累計	連結	実績		経常利益	OrdinaryIncome	4140000000	JPY	4,140	CurrentAccumulatedQ2Duration_ConsolidatedMember_ResultMember	/disc/80370/081220161110436284_tse-qcedjpsm-80370-20161110436284-ixbrl.htm
2016-11-10	四半期	当期第2四半期累計	連結	実績		経常利益の増減率	ChangeInOrdinaryIncome	-0.167	Pure	16.7	CurrentAccumulatedQ2Duration_ConsolidatedMember_ResultMember	/disc/80370/081220161110436284_tse-qcedjpsm-80370-20161110436284-ixbrl.htm
2016-11-10	四半期	当期第2四半期累計	連結	実績		親会社株主に帰属する当期純利益	ProfitAttributableToOwnersOfParent	2926000000	JPY	2,926	CurrentAccumulatedQ2Duration_ConsolidatedMember_ResultMember	/disc/80370/081220161110436284_tse-qcedjpsm-80370-20161110436284-ixbrl.htm
2016-11-10	四半期	当期第2四半期累計	連結	実績		親会社株主に帰属する当期純利益の増減率	ChangeInProfitAttributableToOwnersOfParent	0.008	Pure	0.8	CurrentAccumulatedQ2Duration_ConsolidatedMember_ResultMember	/disc/80370/081220161110436284_tse-qcedjpsm-80370-20161110436284-ixbrl.htm
2016-11-10	四半期	前期第2四半期累計	連結	実績		売上高	NetSales	204082000000	JPY	204,082	PriorAccumulatedQ2Duration_ConsolidatedMember_ResultMember	/disc/80370/081220161110436284_tse-qcedjpsm-80370-20161110436284-ixbrl.htm
2016-11-10	四半期	前期第2四半期累計	連結	実績		売上高の増減率	ChangeInNetSales	-0.175	Pure	17.5	PriorAccumulatedQ2Duration_ConsolidatedMember_ResultMember	/disc/80370/081220161110436284_tse-qcedjpsm-80370-20161110436284-ixbrl.htm
2016-11-10	四半期	前期第2四半期累計	連結	実績		営業利益	OperatingIncome	4306000000	JPY	4,306	PriorAccumulatedQ2Duration_ConsolidatedMember_ResultMember	/disc/80370/081220161110436284_tse-qcedjpsm-80370-20161110436284-ixbrl.htm
2016-11-10	四半期	前期第2四半期累計	連結	実績		営業利益の増減率	ChangeInOperatingIncome	0.576	Pure	57.6	PriorAccumulatedQ2Duration_ConsolidatedMember_ResultMember	/disc/80370/081220161110436284_tse-qcedjpsm-80370-20161110436284-ixbrl.htm
2016-11-10	四半期	前期第2四半期累計	連結	実績		経常利益	OrdinaryIncome	4972000000	JPY	4,972	PriorAccumulatedQ2Duration_ConsolidatedMember_ResultMember	/disc/80370/081220161110436284_tse-qcedjpsm-80370-20161110436284-ixbrl.htm
2016-11-10	四半期	前期第2四半期累計	連結	実績		経常利益の増減率	ChangeInOrdinaryIncome	0.448	Pure	44.8	PriorAccumulatedQ2Duration_ConsolidatedMember_ResultMember	/disc/80370/081220161110436284_tse-qcedjpsm-80370-20161110436284-ixbrl.htm
2016-11-10	四半期	前期第2四半期累計	連結	実績		親会社株主に帰属する当期純利益	ProfitAttributableToOwnersOfParent	2902000000	JPY	2,902	PriorAccumulatedQ2Duration_ConsolidatedMember_ResultMember	/disc/80370/081220161110436284_tse-qcedjpsm-80370-20161110436284-ixbrl.htm
2016-11-10	四半期	前期第2四半期累計	連結	実績		親会社株主に帰属する当期純利益の増減率	ChangeInProfitAttributableToOwnersOfParent	0.394	Pure	39.4	PriorAccumulatedQ2Duration_ConsolidatedMember_ResultMember	/disc/80370/081220161110436284_tse-qcedjpsm-80370-20161110436284-ixbrl.htm
2016-11-10	四半期	当期第2四半期累計	連結	実績		包括利益	ComprehensiveIncome	1998000000	JPY	1,998	CurrentAccumulatedQ2Duration_ConsolidatedMember_ResultMember	/disc/80370/081220161110436284_tse-qcedjpsm-80370-20161110436284-ixbrl.htm
2016-11-10	四半期	当期第2四半期累計	連結	実績		包括利益の増減率	ChangeInComprehensiveIncome	-0.041	Pure	4.1	CurrentAccumulatedQ2Duration_ConsolidatedMember_ResultMember	/disc/80370/081220161110436284_tse-qcedjpsm-80370-20161110436284-ixbrl.htm
2016-11-10	四半期	前期第2四半期累計	連結	実績		包括利益	ComprehensiveIncome	2085000000	JPY	2,085	PriorAccumulatedQ2Duration_ConsolidatedMember_ResultMember	/disc/80370/081220161110436284_tse-qcedjpsm-80370-20161110436284-ixbrl.htm
2016-11-10	四半期	前期第2四半期累計	連結	実績		包括利益の増減率	ChangeInComprehensiveIncome	-0.172	Pure	17.2	PriorAccumulatedQ2Duration_ConsolidatedMember_ResultMember	/disc/80370/081220161110436284_tse-qcedjpsm-80370-20161110436284-ixbrl.htm
2016-11-10	四半期	当期第2四半期累計	連結	実績		1株当たり当期純利益	NetIncomePerShare	87.09	JPYPerShares	87.09	CurrentAccumulatedQ2Duration_ConsolidatedMember_ResultMember	/disc/80370/081220161110436284_tse-qcedjpsm-80370-20161110436284-ixbrl.htm
2016-11-10	四半期	前期第2四半期累計	連結	実績		1株当たり当期純利益	NetIncomePerShare	86.37	JPYPerShares	86.37	PriorAccumulatedQ2Duration_ConsolidatedMember_ResultMember	/disc/80370/081220161110436284_tse-qcedjpsm-80370-20161110436284-ixbrl.htm
2016-11-10	四半期	当期第2四半期累計	連結	実績		総資産	TotalAssets	210935000000	JPY	210,935	CurrentAccumulatedQ2Instant_ConsolidatedMember_ResultMember	/disc/80370/081220161110436284_tse-qcedjpsm-80370-20161110436284-ixbrl.htm
2016-11-10	四半期	当期第2四半期累計	連結	実績		純資産	NetAssets	88859000000	JPY	88,859	CurrentAccumulatedQ2Instant_ConsolidatedMember_ResultMember	/disc/80370/081220161110436284_tse-qcedjpsm-80370-20161110436284-ixbrl.htm
2016-11-10	四半期	当期第2四半期累計	連結	実績		自己資本比率	CapitalAdequacyRatio	0.397	Pure	39.7	CurrentAccumulatedQ2Instant_ConsolidatedMember_ResultMember	/disc/80370/081220161110436284_tse-qcedjpsm-80370-20161110436284-ixbrl.htm
2016-11-10	四半期	当期第2四半期累計	連結	実績		1株当たり純資産	NetAssetsPerShare	2491.38	JPYPerShares	2,491.38	CurrentAccumulatedQ2Instant_ConsolidatedMember_ResultMember	/disc/80370/081220161110436284_tse-qcedjpsm-80370-20161110436284-ixbrl.htm
2016-11-10	四半期	前期	連結	実績		総資産	TotalAssets	208922000000	JPY	208,922	PriorYearInstant_ConsolidatedMember_ResultMember	/disc/80370/081220161110436284_tse-qcedjpsm-80370-20161110436284-ixbrl.htm
2016-11-10	四半期	前期	連結	実績		純資産	NetAssets	87245000000	JPY	87,245	PriorYearInstant_ConsolidatedMember_ResultMember	/disc/80370/081220161110436284_tse-qcedjpsm-80370-20161110436284-ixbrl.htm
2016-11-10	四半期	前期	連結	実績		自己資本比率	CapitalAdequacyRatio	0.393	Pure	39.3	PriorYearInstant_ConsolidatedMember_ResultMember	/disc/80370/081220161110436284_tse-qcedjpsm-80370-20161110436284-ixbrl.htm
2016-11-10	四半期	前期	連結	実績		1株当たり純資産	NetAssetsPerShare	2445.85	JPYPerShares	2,445.85	PriorYearInstant_ConsolidatedMember_ResultMember	/disc/80370/081220161110436284_tse-qcedjpsm-80370-20161110436284-ixbrl.htm
2016-11-10	四半期	当期第2四半期累計	連結	実績		自己資本	OwnersEquity	83713000000	JPY	83,713	CurrentAccumulatedQ2Instant_ConsolidatedMember_ResultMember	/disc/80370/081220161110436284_tse-qcedjpsm-80370-20161110436284-ixbrl.htm
2016-11-10	四半期	前期	連結	実績		自己資本	OwnersEquity	82183000000	JPY	82,183	PriorYearInstant_ConsolidatedMember_ResultMember	/disc/80370/081220161110436284_tse-qcedjpsm-80370-20161110436284-ixbrl.htm
2016-11-10	四半期	前期	単体	実績	第2四半期末	1株当たり配当金	DividendPerShare	7.50	JPYPerShares	7.50	PriorYearDuration_SecondQuarterMember_NonConsolidatedMember_ResultMember	/disc/80370/081220161110436284_tse-qcedjpsm-80370-20161110436284-ixbrl.htm
2016-11-10	四半期	前期	単体	実績	期末	1株当たり配当金	DividendPerShare	10.00	JPYPerShares	10.00	PriorYearDuration_YearEndMember_NonConsolidatedMember_ResultMember	/disc/80370/081220161110436284_tse-qcedjpsm-80370-20161110436284-ixbrl.htm
2016-11-10	四半期	前期	単体	実績	合計	1株当たり配当金	DividendPerShare	17.50	JPYPerShares	17.50	PriorYearDuration_AnnualMember_NonConsolidatedMember_ResultMember	/disc/80370/081220161110436284_tse-qcedjpsm-80370-20161110436284-ixbrl.htm
2016-11-10	四半期	当期	単体	実績	第2四半期末	1株当たり配当金	DividendPerShare	10.00	JPYPerShares	10.00	CurrentYearDuration_SecondQuarterMember_NonConsolidatedMember_ResultMember	/disc/80370/081220161110436284_tse-qcedjpsm-80370-20161110436284-ixbrl.htm
2016-11-10	四半期	当期	単体	予想	期末	1株当たり配当金	DividendPerShare	10.00	JPYPerShares	10.00	CurrentYearDuration_YearEndMember_NonConsolidatedMember_ForecastMember	/disc/80370/081220161110436284_tse-qcedjpsm-80370-20161110436284-ixbrl.htm
2016-11-10	四半期	当期	単体	予想	合計	1株当たり配当金	DividendPerShare	20.00	JPYPerShares	20.00	CurrentYearDuration_AnnualMember_NonConsolidatedMember_ForecastMember	/disc/80370/081220161110436284_tse-qcedjpsm-80370-20161110436284-ixbrl.htm
2016-11-10	四半期	当期	単体	実績	合計	当四半期における配当予想の修正	CorrectionOfDividendForecastInThisQuarter			無	CurrentYearDuration_AnnualMember_NonConsolidatedMember_ResultMember	/disc/80370/081220161110436284_tse-qcedjpsm-80370-20161110436284-ixbrl.htm
2016-11-10	四半期	当期	連結	予想		業績予想の見出し	TitleForForecasts			3. 平成29年 3月期の連結業績予想（平成28年 4月 1日～平成29年 3月31日）	CurrentYearDuration_ConsolidatedMember_ForecastMember	/disc/80370/081220161110436284_tse-qcedjpsm-80370-20161110436284-ixbrl.htm
2016-11-10	四半期	当期	連結	予想		売上高	NetSales	393000000000	JPY	393,000	CurrentYearDuration_ConsolidatedMember_ForecastMember	/disc/80370/081220161110436284_tse-qcedjpsm-80370-20161110436284-ixbrl.htm
2016-11-10	四半期	当期	連結	予想		売上高の増減率	ChangeInNetSales	-0.066	Pure	6.6	CurrentYearDuration_ConsolidatedMember_ForecastMember	/disc/80370/081220161110436284_tse-qcedjpsm-80370-20161110436284-ixbrl.htm
2016-11-10	四半期	当期	連結	予想		営業利益	OperatingIncome	9500000000	JPY	9,500	CurrentYearDuration_ConsolidatedMember_ForecastMember	/disc/80370/081220161110436284_tse-qcedjpsm-80370-20161110436284-ixbrl.htm
2016-11-10	四半期	当期	連結	予想		営業利益の増減率	ChangeInOperatingIncome	-0.171	Pure	17.1	CurrentYearDuration_ConsolidatedMember_ForecastMember	/disc/80370/081220161110436284_tse-qcedjpsm-80370-20161110436284-ixbrl.htm
2016-11-10	四半期	当期	連結	予想		経常利益	OrdinaryIncome	10300000000	JPY	10,300	CurrentYearDuration_ConsolidatedMember_ForecastMember	/disc/80370/081220161110436284_tse-qcedjpsm-80370-20161110436284-ixbrl.htm
2016-11-10	四半期	当期	連結	予想		経常利益の増減率	ChangeInOrdinaryIncome	-0.173	Pure	17.3	CurrentYearDuration_ConsolidatedMember_ForecastMember	/disc/80370/081220161110436284_tse-qcedjpsm-80370-20161110436284-ixbrl.htm
2016-11-10	四半期	当期	連結	予想		親会社株主に帰属する当期純利益	ProfitAttributableToOwnersOfParent	6900000000	JPY	6,900	CurrentYearDuration_ConsolidatedMember_ForecastMember	/disc/80370/081220161110436284_tse-qcedjpsm-80370-20161110436284-ixbrl.htm
2016-11-10	四半期	当期	連結	予想		親会社株主に帰属する当期純利益の増減率	ChangeInProfitAttributableToOwnersOfParent	-0.257	Pure	25.7	CurrentYearDuration_ConsolidatedMember_ForecastMember	/disc/80370/081220161110436284_tse-qcedjpsm-80370-20161110436284-ixbrl.htm
2016-11-10	四半期	当期	連結	予想		1株当たり当期純利益	NetIncomePerShare	205.35	JPYPerShares	205.35	CurrentYearDuration_ConsolidatedMember_ForecastMember	/disc/80370/081220161110436284_tse-qcedjpsm-80370-20161110436284-ixbrl.htm
2016-11-10	四半期	当期	連結	予想		当四半期における業績予想の修正	CorrectionOfConsolidatedFinancialForecastInThisQuarter			無	CurrentYearDuration_ConsolidatedMember_ForecastMember	/disc/80370/081220161110436284_tse-qcedjpsm-80370-20161110436284-ixbrl.htm
2016-11-10	四半期	当期第2四半期累計	連結	実績			MaterialChangesInSubsidiariesDuringThisPeriodChangesInScopeOfConsolidationsResultingFromChangeIsSubsidiaries			無	CurrentAccumulatedQ2Duration_ConsolidatedMember_ResultMember	/disc/80370/081220161110436284_tse-qcedjpsm-80370-20161110436284-ixbrl.htm
2016-11-10	四半期	当期第2四半期累計	連結	実績			ApplyingOfSpecificAccountingOfTheConsolidatedQuarterlyFinancialStatements			無	CurrentAccumulatedQ2Duration_ConsolidatedMember_ResultMember	/disc/80370/081220161110436284_tse-qcedjpsm-80370-20161110436284-ixbrl.htm
2016-11-10	四半期	当期第2四半期累計	連結	実績		会計基準等の改正に伴う変更	ChangesBasedOnRevisionsOfAccountingStandard			有	CurrentAccumulatedQ2Duration_ConsolidatedMember_ResultMember	/disc/80370/081220161110436284_tse-qcedjpsm-80370-20161110436284-ixbrl.htm
2016-11-10	四半期	当期第2四半期累計	連結	実績		それ以外の会計方針の変更	ChangesOtherThanOnesBasedOnRevisionsOfAccountingStandard			無	CurrentAccumulatedQ2Duration_ConsolidatedMember_ResultMember	/disc/80370/081220161110436284_tse-qcedjpsm-80370-20161110436284-ixbrl.htm
2016-11-10	四半期	当期第2四半期累計	連結	実績		会計上の見積りの変更	ChangesInAccountingEstimates			無	CurrentAccumulatedQ2Duration_ConsolidatedMember_ResultMember	/disc/80370/081220161110436284_tse-qcedjpsm-80370-20161110436284-ixbrl.htm
2016-11-10	四半期	当期第2四半期累計	連結	実績		修正再表示	RetrospectiveRestatement			無	CurrentAccumulatedQ2Duration_ConsolidatedMember_ResultMember	/disc/80370/081220161110436284_tse-qcedjpsm-80370-20161110436284-ixbrl.htm
2016-11-10	四半期	当期第2四半期累計	連結	実績			NoteToChangesInAccountingPoliciesAccountingEstimatesAndRetrospectiveRestatementQuarterlyConsolidated			（注）詳細は、添付資料５ページ「２．サマリー情報（注記事項）に関する事項（３）会計方針の変更・会計上の見積りの変更・修正再表示」をご覧ください。	CurrentAccumulatedQ2Duration_ConsolidatedMember_ResultMember	/disc/80370/081220161110436284_tse-qcedjpsm-80370-20161110436284-ixbrl.htm
2016-11-10	四半期	当期第2四半期累計	単体	実績		期末発行済株式数(自己株式を含む)	NumberOfIssuedAndOutstandingSharesAtTheEndOfFiscalYearIncludingTreasuryStock	37591969	Shares	37,591,969	CurrentAccumulatedQ2Instant_NonConsolidatedMember_ResultMember	/disc/80370/081220161110436284_tse-qcedjpsm-80370-20161110436284-ixbrl.htm
2016-11-10	四半期	前期	単体	実績		期末発行済株式数(自己株式を含む)	NumberOfIssuedAndOutstandingSharesAtTheEndOfFiscalYearIncludingTreasuryStock	37591969	Shares	37,591,969	PriorYearInstant_NonConsolidatedMember_ResultMember	/disc/80370/081220161110436284_tse-qcedjpsm-80370-20161110436284-ixbrl.htm
2016-11-10	四半期	当期第2四半期累計	単体	実績		期末自己株式数	NumberOfTreasuryStockAtTheEndOfFiscalYear	3990749	Shares	3,990,749	CurrentAccumulatedQ2Instant_NonConsolidatedMember_ResultMember	/disc/80370/081220161110436284_tse-qcedjpsm-80370-20161110436284-ixbrl.htm
2016-11-10	四半期	前期	単体	実績		期末自己株式数	NumberOfTreasuryStockAtTheEndOfFiscalYear	3990677	Shares	3,990,677	PriorYearInstant_NonConsolidatedMember_ResultMember	/disc/80370/081220161110436284_tse-qcedjpsm-80370-20161110436284-ixbrl.htm
2016-11-10	四半期	当期第2四半期累計	単体	実績		期中平均株式数	AverageNumberOfShares	33601291	Shares	33,601,291	CurrentAccumulatedQ2Duration_NonConsolidatedMember_ResultMember	/disc/80370/081220161110436284_tse-qcedjpsm-80370-20161110436284-ixbrl.htm
2016-11-10	四半期	前期第2四半期累計	単体	実績		期中平均株式数	AverageNumberOfShares	33601395	Shares	33,601,395	PriorAccumulatedQ2Duration_NonConsolidatedMember_ResultMember	/disc/80370/081220161110436284_tse-qcedjpsm-80370-20161110436284-ixbrl.htm
2016-11-10	四半期	当期第2四半期累計					ExpressionOfImplementationStatusOfQuarterlyReviewProcedures			この四半期決算短信は、金融商品取引法に基づく四半期レビュー手続の対象外であり、この四半期決算短信の開示時点において、金融商品取引法に基づく四半期連結財務諸表に対するレビュー手続は終了しております。	CurrentAccumulatedQ2Duration	/disc/80370/081220161110436284_tse-qcedjpsm-80370-20161110436284-ixbrl.htm
2016-11-10	四半期	当期				将来情報の利用に関する注意	NotesForUsingForecastedInformationAndOthers			本資料に記載されている業績見通し等の将来に関する記述は、当社が現在入手している情報及び合理的であると判断する一定の前提に基づいており、その達成を当社として約束する趣旨のものではありません。また、実際の業績等は様々な要因により大きく異なる可能性があります。業績予想の前提となる条件及び業績予想のご利用にあたっての注意事項等については、添付資料４ページ「１．当四半期決算に関する定性的情報（３）連結業績予想などの将来予測情報に関する説明」をご覧ください。	CurrentYearDuration	/disc/80370/081220161110436284_tse-qcedjpsm-80370-20161110436284-ixbrl.htm
2016-11-10	四半期	当期				決算期末	FiscalYearEnd			2017-03-31	CurrentYearInstant	/disc/80370/081220161110436284_tse-qcedjpsm-80370-20161110436284-ixbrl.htm
2016-11-10	四半期	当期第2四半期累計				四半期	QuarterlyPeriod	2	Pure	2	CurrentAccumulatedQ2Instant	/disc/80370/081220161110436284_tse-qcedjpsm-80370-20161110436284-ixbrl.htm
2017-02-09	四半期	当期第3四半期累計				書類名	DocumentName			第3四半期決算短信〔日本基準〕（連結）	CurrentAccumulatedQ3Instant	/disc/80370/081220170131486695_tse-qcedjpsm-80370-20170131486695-ixbrl.htm
2017-02-09	四半期	当期第3四半期累計				提出日	FilingDate			平成29年2月9日	CurrentAccumulatedQ3Instant	/disc/80370/081220170131486695_tse-qcedjpsm-80370-20170131486695-ixbrl.htm
2017-02-09	四半期	当期第3四半期累計				会社名	CompanyName			カメイ株式会社	CurrentAccumulatedQ3Instant	/disc/80370/081220170131486695_tse-qcedjpsm-80370-20170131486695-ixbrl.htm
2017-02-09	四半期	当期第3四半期累計					TokyoStockExchange			東	CurrentAccumulatedQ3Instant	/disc/80370/081220170131486695_tse-qcedjpsm-80370-20170131486695-ixbrl.htm
2017-02-09	四半期	当期第3四半期累計				証券コード	SecuritiesCode			80370	CurrentAccumulatedQ3Instant	/disc/80370/081220170131486695_tse-qcedjpsm-80370-20170131486695-ixbrl.htm
2017-02-09	四半期	当期第3四半期累計				URL	URL			http://www.kamei.co.jp/	CurrentAccumulatedQ3Instant	/disc/80370/081220170131486695_tse-qcedjpsm-80370-20170131486695-ixbrl.htm
2017-02-09	四半期	当期第3四半期累計				代表者の役職	TitleRepresentative			代表取締役社長	CurrentAccumulatedQ3Instant	/disc/80370/081220170131486695_tse-qcedjpsm-80370-20170131486695-ixbrl.htm
2017-02-09	四半期	当期第3四半期累計				代表者名	NameRepresentative			亀井文行	CurrentAccumulatedQ3Instant	/disc/80370/081220170131486695_tse-qcedjpsm-80370-20170131486695-ixbrl.htm
2017-02-09	四半期	当期第3四半期累計					TitleInquiries			管理部長	CurrentAccumulatedQ3Instant	/disc/80370/081220170131486695_tse-qcedjpsm-80370-20170131486695-ixbrl.htm
2017-02-09	四半期	当期第3四半期累計					NameInquiries			小林哲也	CurrentAccumulatedQ3Instant	/disc/80370/081220170131486695_tse-qcedjpsm-80370-20170131486695-ixbrl.htm
2017-02-09	四半期	当期第3四半期累計					Tel			022-264-6112	CurrentAccumulatedQ3Instant	/disc/80370/081220170131486695_tse-qcedjpsm-80370-20170131486695-ixbrl.htm
2017-02-09	四半期	当期第3四半期累計					QuarterlyStatementFilingDateAsPlanned			平成29年2月9日	CurrentAccumulatedQ3Instant	/disc/80370/081220170131486695_tse-qcedjpsm-80370-20170131486695-ixbrl.htm
2017-02-09	四半期	当期第3四半期累計					SupplementalMaterialOfQuarterlyResults			無	CurrentAccumulatedQ3Instant	/disc/80370/081220170131486695_tse-qcedjpsm-80370-20170131486695-ixbrl.htm
2017-02-09	四半期	当期第3四半期累計					ConveningBriefingOfQuarterlyResults			無	CurrentAccumulatedQ3Instant	/disc/80370/081220170131486695_tse-qcedjpsm-80370-20170131486695-ixbrl.htm
2017-02-09	四半期	当期第3四半期累計					NoteToFractionProcessingMethod			（百万円未満切捨て）	CurrentAccumulatedQ3Instant	/disc/80370/081220170131486695_tse-qcedjpsm-80370-20170131486695-ixbrl.htm
2017-02-09	四半期	当期第3四半期累計	連結	実績		売上高	NetSales	299121000000	JPY	299,121	CurrentAccumulatedQ3Duration_ConsolidatedMember_ResultMember	/disc/80370/081220170131486695_tse-qcedjpsm-80370-20170131486695-ixbrl.htm
2017-02-09	四半期	当期第3四半期累計	連結	実績		売上高の増減率	ChangeInNetSales	-0.049	Pure	4.9	CurrentAccumulatedQ3Duration_ConsolidatedMember_ResultMember	/disc/80370/081220170131486695_tse-qcedjpsm-80370-20170131486695-ixbrl.htm
2017-02-09	四半期	当期第3四半期累計	連結	実績		営業利益	OperatingIncome	5883000000	JPY	5,883	CurrentAccumulatedQ3Duration_ConsolidatedMember_ResultMember	/disc/80370/081220170131486695_tse-qcedjpsm-80370-20170131486695-ixbrl.htm
2017-02-09	四半期	当期第3四半期累計	連結	実績		営業利益の増減率	ChangeInOperatingIncome	-0.197	Pure	19.7	CurrentAccumulatedQ3Duration_ConsolidatedMember_ResultMember	/disc/80370/081220170131486695_tse-qcedjpsm-80370-20170131486695-ixbrl.htm
2017-02-09	四半期	当期第3四半期累計	連結	実績		経常利益	OrdinaryIncome	7090000000	JPY	7,090	CurrentAccumulatedQ3Duration_ConsolidatedMember_ResultMember	/disc/80370/081220170131486695_tse-qcedjpsm-80370-20170131486695-ixbrl.htm
2017-02-09	四半期	当期第3四半期累計	連結	実績		経常利益の増減率	ChangeInOrdinaryIncome	-0.146	Pure	14.6	CurrentAccumulatedQ3Duration_ConsolidatedMember_ResultMember	/disc/80370/081220170131486695_tse-qcedjpsm-80370-20170131486695-ixbrl.htm
2017-02-09	四半期	当期第3四半期累計	連結	実績		親会社株主に帰属する当期純利益	ProfitAttributableToOwnersOfParent	4890000000	JPY	4,890	CurrentAccumulatedQ3Duration_ConsolidatedMember_ResultMember	/disc/80370/081220170131486695_tse-qcedjpsm-80370-20170131486695-ixbrl.htm
2017-02-09	四半期	当期第3四半期累計	連結	実績		親会社株主に帰属する当期純利益の増減率	ChangeInProfitAttributableToOwnersOfParent	-0.009	Pure	0.9	CurrentAccumulatedQ3Duration_ConsolidatedMember_ResultMember	/disc/80370/081220170131486695_tse-qcedjpsm-80370-20170131486695-ixbrl.htm
2017-02-09	四半期	前期第3四半期累計	連結	実績		売上高	NetSales	314593000000	JPY	314,593	PriorAccumulatedQ3Duration_ConsolidatedMember_ResultMember	/disc/80370/081220170131486695_tse-qcedjpsm-80370-20170131486695-ixbrl.htm
2017-02-09	四半期	前期第3四半期累計	連結	実績		売上高の増減率	ChangeInNetSales	-0.207	Pure	20.7	PriorAccumulatedQ3Duration_ConsolidatedMember_ResultMember	/disc/80370/081220170131486695_tse-qcedjpsm-80370-20170131486695-ixbrl.htm
2017-02-09	四半期	前期第3四半期累計	連結	実績		営業利益	OperatingIncome	7329000000	JPY	7,329	PriorAccumulatedQ3Duration_ConsolidatedMember_ResultMember	/disc/80370/081220170131486695_tse-qcedjpsm-80370-20170131486695-ixbrl.htm
2017-02-09	四半期	前期第3四半期累計	連結	実績		営業利益の増減率	ChangeInOperatingIncome	0.145	Pure	14.5	PriorAccumulatedQ3Duration_ConsolidatedMember_ResultMember	/disc/80370/081220170131486695_tse-qcedjpsm-80370-20170131486695-ixbrl.htm
2017-02-09	四半期	前期第3四半期累計	連結	実績		経常利益	OrdinaryIncome	8298000000	JPY	8,298	PriorAccumulatedQ3Duration_ConsolidatedMember_ResultMember	/disc/80370/081220170131486695_tse-qcedjpsm-80370-20170131486695-ixbrl.htm
2017-02-09	四半期	前期第3四半期累計	連結	実績		経常利益の増減率	ChangeInOrdinaryIncome	0.238	Pure	23.8	PriorAccumulatedQ3Duration_ConsolidatedMember_ResultMember	/disc/80370/081220170131486695_tse-qcedjpsm-80370-20170131486695-ixbrl.htm
2017-02-09	四半期	前期第3四半期累計	連結	実績		親会社株主に帰属する当期純利益	ProfitAttributableToOwnersOfParent	4932000000	JPY	4,932	PriorAccumulatedQ3Duration_ConsolidatedMember_ResultMember	/disc/80370/081220170131486695_tse-qcedjpsm-80370-20170131486695-ixbrl.htm
2017-02-09	四半期	前期第3四半期累計	連結	実績		親会社株主に帰属する当期純利益の増減率	ChangeInProfitAttributableToOwnersOfParent	2.078	Pure	207.8	PriorAccumulatedQ3Duration_ConsolidatedMember_ResultMember	/disc/80370/081220170131486695_tse-qcedjpsm-80370-20170131486695-ixbrl.htm
2017-02-09	四半期	当期第3四半期累計	連結	実績		包括利益	ComprehensiveIncome	5700000000	JPY	5,700	CurrentAccumulatedQ3Duration_ConsolidatedMember_ResultMember	/disc/80370/081220170131486695_tse-qcedjpsm-80370-20170131486695-ixbrl.htm
2017-02-09	四半期	当期第3四半期累計	連結	実績		包括利益の増減率	ChangeInComprehensiveIncome	0.483	Pure	48.3	CurrentAccumulatedQ3Duration_ConsolidatedMember_ResultMember	/disc/80370/081220170131486695_tse-qcedjpsm-80370-20170131486695-ixbrl.htm
2017-02-09	四半期	前期第3四半期累計	連結	実績		包括利益	ComprehensiveIncome	3844000000	JPY	3,844	PriorAccumulatedQ3Duration_ConsolidatedMember_ResultMember	/disc/80370/081220170131486695_tse-qcedjpsm-80370-20170131486695-ixbrl.htm
2017-02-09	四半期	前期第3四半期累計	連結	実績		包括利益の増減率	ChangeInComprehensiveIncome	0.227	Pure	22.7	PriorAccumulatedQ3Duration_ConsolidatedMember_ResultMember	/disc/80370/081220170131486695_tse-qcedjpsm-80370-20170131486695-ixbrl.htm
2017-02-09	四半期	当期第3四半期累計	連結	実績		1株当たり当期純利益	NetIncomePerShare	145.55	JPYPerShares	145.55	CurrentAccumulatedQ3Duration_ConsolidatedMember_ResultMember	/disc/80370/081220170131486695_tse-qcedjpsm-80370-20170131486695-ixbrl.htm
2017-02-09	四半期	前期第3四半期累計	連結	実績		1株当たり当期純利益	NetIncomePerShare	146.81	JPYPerShares	146.81	PriorAccumulatedQ3Duration_ConsolidatedMember_ResultMember	/disc/80370/081220170131486695_tse-qcedjpsm-80370-20170131486695-ixbrl.htm
2017-02-09	四半期	当期第3四半期累計	連結	実績		総資産	TotalAssets	225009000000	JPY	225,009	CurrentAccumulatedQ3Instant_ConsolidatedMember_ResultMember	/disc/80370/081220170131486695_tse-qcedjpsm-80370-20170131486695-ixbrl.htm
2017-02-09	四半期	当期第3四半期累計	連結	実績		純資産	NetAssets	92224000000	JPY	92,224	CurrentAccumulatedQ3Instant_ConsolidatedMember_ResultMember	/disc/80370/081220170131486695_tse-qcedjpsm-80370-20170131486695-ixbrl.htm
2017-02-09	四半期	当期第3四半期累計	連結	実績		自己資本比率	CapitalAdequacyRatio	0.387	Pure	38.7	CurrentAccumulatedQ3Instant_ConsolidatedMember_ResultMember	/disc/80370/081220170131486695_tse-qcedjpsm-80370-20170131486695-ixbrl.htm
2017-02-09	四半期	当期第3四半期累計	連結	実績		1株当たり純資産	NetAssetsPerShare	2589.43	JPYPerShares	2,589.43	CurrentAccumulatedQ3Instant_ConsolidatedMember_ResultMember	/disc/80370/081220170131486695_tse-qcedjpsm-80370-20170131486695-ixbrl.htm
2017-02-09	四半期	前期	連結	実績		総資産	TotalAssets	208922000000	JPY	208,922	PriorYearInstant_ConsolidatedMember_ResultMember	/disc/80370/081220170131486695_tse-qcedjpsm-80370-20170131486695-ixbrl.htm
2017-02-09	四半期	前期	連結	実績		純資産	NetAssets	87245000000	JPY	87,245	PriorYearInstant_ConsolidatedMember_ResultMember	/disc/80370/081220170131486695_tse-qcedjpsm-80370-20170131486695-ixbrl.htm
2017-02-09	四半期	前期	連結	実績		自己資本比率	CapitalAdequacyRatio	0.393	Pure	39.3	PriorYearInstant_ConsolidatedMember_ResultMember	/disc/80370/081220170131486695_tse-qcedjpsm-80370-20170131486695-ixbrl.htm
2017-02-09	四半期	前期	連結	実績		1株当たり純資産	NetAssetsPerShare	2445.85	JPYPerShares	2,445.85	PriorYearInstant_ConsolidatedMember_ResultMember	/disc/80370/081220170131486695_tse-qcedjpsm-80370-20170131486695-ixbrl.htm
2017-02-09	四半期	当期第3四半期累計	連結	実績		自己資本	OwnersEquity	87007000000	JPY	87,007	CurrentAccumulatedQ3Instant_ConsolidatedMember_ResultMember	/disc/80370/081220170131486695_tse-qcedjpsm-80370-20170131486695-ixbrl.htm
2017-02-09	四半期	前期	連結	実績		自己資本	OwnersEquity	82183000000	JPY	82,183	PriorYearInstant_ConsolidatedMember_ResultMember	/disc/80370/081220170131486695_tse-qcedjpsm-80370-20170131486695-ixbrl.htm
2017-02-09	四半期	前期	単体	実績	第2四半期末	1株当たり配当金	DividendPerShare	7.50	JPYPerShares	7.50	PriorYearDuration_SecondQuarterMember_NonConsolidatedMember_ResultMember	/disc/80370/081220170131486695_tse-qcedjpsm-80370-20170131486695-ixbrl.htm
2017-02-09	四半期	前期	単体	実績	期末	1株当たり配当金	DividendPerShare	10.00	JPYPerShares	10.00	PriorYearDuration_YearEndMember_NonConsolidatedMember_ResultMember	/disc/80370/081220170131486695_tse-qcedjpsm-80370-20170131486695-ixbrl.htm
2017-02-09	四半期	前期	単体	実績	合計	1株当たり配当金	DividendPerShare	17.50	JPYPerShares	17.50	PriorYearDuration_AnnualMember_NonConsolidatedMember_ResultMember	/disc/80370/081220170131486695_tse-qcedjpsm-80370-20170131486695-ixbrl.htm
2017-02-09	四半期	当期	単体	実績	第2四半期末	1株当たり配当金	DividendPerShare	10.00	JPYPerShares	10.00	CurrentYearDuration_SecondQuarterMember_NonConsolidatedMember_ResultMember	/disc/80370/081220170131486695_tse-qcedjpsm-80370-20170131486695-ixbrl.htm
2017-02-09	四半期	当期	単体	予想	期末	1株当たり配当金	DividendPerShare	10.00	JPYPerShares	10.00	CurrentYearDuration_YearEndMember_NonConsolidatedMember_ForecastMember	/disc/80370/081220170131486695_tse-qcedjpsm-80370-20170131486695-ixbrl.htm
2017-02-09	四半期	当期	単体	予想	合計	1株当たり配当金	DividendPerShare	20.00	JPYPerShares	20.00	CurrentYearDuration_AnnualMember_NonConsolidatedMember_ForecastMember	/disc/80370/081220170131486695_tse-qcedjpsm-80370-20170131486695-ixbrl.htm
2017-02-09	四半期	当期	単体	実績	合計	当四半期における配当予想の修正	CorrectionOfDividendForecastInThisQuarter			無	CurrentYearDuration_AnnualMember_NonConsolidatedMember_ResultMember	/disc/80370/081220170131486695_tse-qcedjpsm-80370-20170131486695-ixbrl.htm
2017-02-09	四半期	当期	連結	予想		業績予想の見出し	TitleForForecasts			3. 平成29年 3月期の連結業績予想（平成28年 4月 1日～平成29年 3月31日）	CurrentYearDuration_ConsolidatedMember_ForecastMember	/disc/80370/081220170131486695_tse-qcedjpsm-80370-20170131486695-ixbrl.htm
2017-02-09	四半期	当期	連結	予想		売上高	NetSales	393000000000	JPY	393,000	CurrentYearDuration_ConsolidatedMember_ForecastMember	/disc/80370/081220170131486695_tse-qcedjpsm-80370-20170131486695-ixbrl.htm
2017-02-09	四半期	当期	連結	予想		売上高の増減率	ChangeInNetSales	-0.066	Pure	6.6	CurrentYearDuration_ConsolidatedMember_ForecastMember	/disc/80370/081220170131486695_tse-qcedjpsm-80370-20170131486695-ixbrl.htm
2017-02-09	四半期	当期	連結	予想		営業利益	OperatingIncome	9500000000	JPY	9,500	CurrentYearDuration_ConsolidatedMember_ForecastMember	/disc/80370/081220170131486695_tse-qcedjpsm-80370-20170131486695-ixbrl.htm
2017-02-09	四半期	当期	連結	予想		営業利益の増減率	ChangeInOperatingIncome	-0.171	Pure	17.1	CurrentYearDuration_ConsolidatedMember_ForecastMember	/disc/80370/081220170131486695_tse-qcedjpsm-80370-20170131486695-ixbrl.htm
2017-02-09	四半期	当期	連結	予想		経常利益	OrdinaryIncome	10300000000	JPY	10,300	CurrentYearDuration_ConsolidatedMember_ForecastMember	/disc/80370/081220170131486695_tse-qcedjpsm-80370-20170131486695-ixbrl.htm
2017-02-09	四半期	当期	連結	予想		経常利益の増減率	ChangeInOrdinaryIncome	-0.173	Pure	17.3	CurrentYearDuration_ConsolidatedMember_ForecastMember	/disc/80370/081220170131486695_tse-qcedjpsm-80370-20170131486695-ixbrl.htm
2017-02-09	四半期	当期	連結	予想		親会社株主に帰属する当期純利益	ProfitAttributableToOwnersOfParent	6900000000	JPY	6,900	CurrentYearDuration_ConsolidatedMember_ForecastMember	/disc/80370/081220170131486695_tse-qcedjpsm-80370-20170131486695-ixbrl.htm
2017-02-09	四半期	当期	連結	予想		親会社株主に帰属する当期純利益の増減率	ChangeInProfitAttributableToOwnersOfParent	-0.257	Pure	25.7	CurrentYearDuration_ConsolidatedMember_ForecastMember	/disc/80370/081220170131486695_tse-qcedjpsm-80370-20170131486695-ixbrl.htm
2017-02-09	四半期	当期	連結	予想		1株当たり当期純利益	NetIncomePerShare	205.35	JPYPerShares	205.35	CurrentYearDuration_ConsolidatedMember_ForecastMember	/disc/80370/081220170131486695_tse-qcedjpsm-80370-20170131486695-ixbrl.htm
2017-02-09	四半期	当期	連結	予想		当四半期における業績予想の修正	CorrectionOfConsolidatedFinancialForecastInThisQuarter			無	CurrentYearDuration_ConsolidatedMember_ForecastMember	/disc/80370/081220170131486695_tse-qcedjpsm-80370-20170131486695-ixbrl.htm
2017-02-09	四半期	当期第3四半期累計	連結	実績			MaterialChangesInSubsidiariesDuringThisPeriodChangesInScopeOfConsolidationsResultingFromChangeIsSubsidiaries			無	CurrentAccumulatedQ3Duration_ConsolidatedMember_ResultMember	/disc/80370/081220170131486695_tse-qcedjpsm-80370-20170131486695-ixbrl.htm
2017-02-09	四半期	当期第3四半期累計	連結	実績			ApplyingOfSpecificAccountingOfTheConsolidatedQuarterlyFinancialStatements			無	CurrentAccumulatedQ3Duration_ConsolidatedMember_ResultMember	/disc/80370/081220170131486695_tse-qcedjpsm-80370-20170131486695-ixbrl.htm
2017-02-09	四半期	当期第3四半期累計	連結	実績		会計基準等の改正に伴う変更	ChangesBasedOnRevisionsOfAccountingStandard			有	CurrentAccumulatedQ3Duration_ConsolidatedMember_ResultMember	/disc/80370/081220170131486695_tse-qcedjpsm-80370-20170131486695-ixbrl.htm
2017-02-09	四半期	当期第3四半期累計	連結	実績		それ以外の会計方針の変更	ChangesOtherThanOnesBasedOnRevisionsOfAccountingStandard			無	CurrentAccumulatedQ3Duration_ConsolidatedMember_ResultMember	/disc/80370/081220170131486695_tse-qcedjpsm-80370-20170131486695-ixbrl.htm
2017-02-09	四半期	当期第3四半期累計	連結	実績		会計上の見積りの変更	ChangesInAccountingEstimates			無	CurrentAccumulatedQ3Duration_ConsolidatedMember_ResultMember	/disc/80370/081220170131486695_tse-qcedjpsm-80370-20170131486695-ixbrl.htm
2017-02-09	四半期	当期第3四半期累計	連結	実績		修正再表示	RetrospectiveRestatement			無	CurrentAccumulatedQ3Duration_ConsolidatedMember_ResultMember	/disc/80370/081220170131486695_tse-qcedjpsm-80370-20170131486695-ixbrl.htm
2017-02-09	四半期	当期第3四半期累計	連結	実績			NoteToChangesInAccountingPoliciesAccountingEstimatesAndRetrospectiveRestatementQuarterlyConsolidated			（注）詳細は、添付資料５ページ「２．サマリー情報（注記事項）に関する事項（３）会計方針の変更・会計上の見積りの変更・修正再表示」をご覧ください。	CurrentAccumulatedQ3Duration_ConsolidatedMember_ResultMember	/disc/80370/081220170131486695_tse-qcedjpsm-80370-20170131486695-ixbrl.htm
2017-02-09	四半期	当期第3四半期累計	単体	実績		期末発行済株式数(自己株式を含む)	NumberOfIssuedAndOutstandingSharesAtTheEndOfFiscalYearIncludingTreasuryStock	37591969	Shares	37,591,969	CurrentAccumulatedQ3Instant_NonConsolidatedMember_ResultMember	/disc/80370/081220170131486695_tse-qcedjpsm-80370-20170131486695-ixbrl.htm
2017-02-09	四半期	前期	単体	実績		期末発行済株式数(自己株式を含む)	NumberOfIssuedAndOutstandingSharesAtTheEndOfFiscalYearIncludingTreasuryStock	37591969	Shares	37,591,969	PriorYearInstant_NonConsolidatedMember_ResultMember	/disc/80370/081220170131486695_tse-qcedjpsm-80370-20170131486695-ixbrl.htm
2017-02-09	四半期	当期第3四半期累計	単体	実績		期末自己株式数	NumberOfTreasuryStockAtTheEndOfFiscalYear	3990759	Shares	3,990,759	CurrentAccumulatedQ3Instant_NonConsolidatedMember_ResultMember	/disc/80370/081220170131486695_tse-qcedjpsm-80370-20170131486695-ixbrl.htm
2017-02-09	四半期	前期	単体	実績		期末自己株式数	NumberOfTreasuryStockAtTheEndOfFiscalYear	3990677	Shares	3,990,677	PriorYearInstant_NonConsolidatedMember_ResultMember	/disc/80370/081220170131486695_tse-qcedjpsm-80370-20170131486695-ixbrl.htm
2017-02-09	四半期	当期第3四半期累計	単体	実績		期中平均株式数	AverageNumberOfShares	33601266	Shares	33,601,266	CurrentAccumulatedQ3Duration_NonConsolidatedMember_ResultMember	/disc/80370/081220170131486695_tse-qcedjpsm-80370-20170131486695-ixbrl.htm
2017-02-09	四半期	前期第3四半期累計	単体	実績		期中平均株式数	AverageNumberOfShares	33601380	Shares	33,601,380	PriorAccumulatedQ3Duration_NonConsolidatedMember_ResultMember	/disc/80370/081220170131486695_tse-qcedjpsm-80370-20170131486695-ixbrl.htm
2017-02-09	四半期	当期第3四半期累計					ExpressionOfImplementationStatusOfQuarterlyReviewProcedures			この四半期決算短信は、金融商品取引法に基づく四半期レビュー手続の対象外であり、この四半期決算短信の開示時点において、金融商品取引法に基づく四半期連結財務諸表に対するレビュー手続は終了しております。	CurrentAccumulatedQ3Duration	/disc/80370/081220170131486695_tse-qcedjpsm-80370-20170131486695-ixbrl.htm
2017-02-09	四半期	当期				将来情報の利用に関する注意	NotesForUsingForecastedInformationAndOthers			本資料に記載されている業績見通し等の将来に関する記述は、当社が現在入手している情報及び合理的であると判断する一定の前提に基づいており、その達成を当社として約束する趣旨のものではありません。また、実際の業績等は様々な要因により大きく異なる可能性があります。業績予想の前提となる条件及び業績予想のご利用にあたっての注意事項等については、添付資料４ページ「１．当四半期決算に関する定性的情報（３）連結業績予想などの将来予測情報に関する説明」をご覧ください。	CurrentYearDuration	/disc/80370/081220170131486695_tse-qcedjpsm-80370-20170131486695-ixbrl.htm
2017-02-09	四半期	当期				決算期末	FiscalYearEnd			2017-03-31	CurrentYearInstant	/disc/80370/081220170131486695_tse-qcedjpsm-80370-20170131486695-ixbrl.htm
2017-02-09	四半期	当期第3四半期累計				四半期	QuarterlyPeriod	3	Pure	3	CurrentAccumulatedQ3Instant	/disc/80370/081220170131486695_tse-qcedjpsm-80370-20170131486695-ixbrl.htm
2017-05-11	年次	当期				書類名	DocumentName			決算短信〔日本基準〕（連結）	CurrentYearInstant	/disc/80370/081220170501456553_tse-acedjpsm-80370-20170501456553-ixbrl.htm
2017-05-11	年次	当期				提出日	FilingDate			平成29年5月11日	CurrentYearInstant	/disc/80370/081220170501456553_tse-acedjpsm-80370-20170501456553-ixbrl.htm
2017-05-11	年次	当期				会社名	CompanyName			カメイ株式会社	CurrentYearInstant	/disc/80370/081220170501456553_tse-acedjpsm-80370-20170501456553-ixbrl.htm
2017-05-11	年次	当期					TokyoStockExchange			東	CurrentYearInstant	/disc/80370/081220170501456553_tse-acedjpsm-80370-20170501456553-ixbrl.htm
2017-05-11	年次	当期				証券コード	SecuritiesCode			80370	CurrentYearInstant	/disc/80370/081220170501456553_tse-acedjpsm-80370-20170501456553-ixbrl.htm
2017-05-11	年次	当期				URL	URL			http://www.kamei.co.jp/	CurrentYearInstant	/disc/80370/081220170501456553_tse-acedjpsm-80370-20170501456553-ixbrl.htm
2017-05-11	年次	当期				代表者の役職	TitleRepresentative			代表取締役社長	CurrentYearInstant	/disc/80370/081220170501456553_tse-acedjpsm-80370-20170501456553-ixbrl.htm
2017-05-11	年次	当期				代表者名	NameRepresentative			亀井文行	CurrentYearInstant	/disc/80370/081220170501456553_tse-acedjpsm-80370-20170501456553-ixbrl.htm
2017-05-11	年次	当期					TitleInquiries			管理部長	CurrentYearInstant	/disc/80370/081220170501456553_tse-acedjpsm-80370-20170501456553-ixbrl.htm
2017-05-11	年次	当期					NameInquiries			小林哲也	CurrentYearInstant	/disc/80370/081220170501456553_tse-acedjpsm-80370-20170501456553-ixbrl.htm
2017-05-11	年次	当期					Tel			022-264-6112	CurrentYearInstant	/disc/80370/081220170501456553_tse-acedjpsm-80370-20170501456553-ixbrl.htm
2017-05-11	年次	当期					DateOfGeneralShareholdersMeetingAsPlanned			平成29年6月29日	CurrentYearInstant	/disc/80370/081220170501456553_tse-acedjpsm-80370-20170501456553-ixbrl.htm
2017-05-11	年次	当期					DividendPayableDateAsPlanned			平成29年6月30日	CurrentYearInstant	/disc/80370/081220170501456553_tse-acedjpsm-80370-20170501456553-ixbrl.htm
2017-05-11	年次	当期					AnnualSecuritiesReportFilingDateAsPlanned			平成29年6月30日	CurrentYearInstant	/disc/80370/081220170501456553_tse-acedjpsm-80370-20170501456553-ixbrl.htm
2017-05-11	年次	当期					SupplementalMaterialOfAnnualResults			無	CurrentYearInstant	/disc/80370/081220170501456553_tse-acedjpsm-80370-20170501456553-ixbrl.htm
2017-05-11	年次	当期					ConveningBriefingOfAnnualResults			無	CurrentYearInstant	/disc/80370/081220170501456553_tse-acedjpsm-80370-20170501456553-ixbrl.htm
2017-05-11	年次	当期					NoteToFractionProcessingMethod			（百万円未満切捨て）	CurrentYearInstant	/disc/80370/081220170501456553_tse-acedjpsm-80370-20170501456553-ixbrl.htm
2017-05-11	年次	当期	連結	実績		売上高	NetSales	423469000000	JPY	423,469	CurrentYearDuration_ConsolidatedMember_ResultMember	/disc/80370/081220170501456553_tse-acedjpsm-80370-20170501456553-ixbrl.htm
2017-05-11	年次	当期	連結	実績		売上高の増減率	ChangeInNetSales	0.006	Pure	0.6	CurrentYearDuration_ConsolidatedMember_ResultMember	/disc/80370/081220170501456553_tse-acedjpsm-80370-20170501456553-ixbrl.htm
2017-05-11	年次	当期	連結	実績		営業利益	OperatingIncome	10474000000	JPY	10,474	CurrentYearDuration_ConsolidatedMember_ResultMember	/disc/80370/081220170501456553_tse-acedjpsm-80370-20170501456553-ixbrl.htm
2017-05-11	年次	当期	連結	実績		営業利益の増減率	ChangeInOperatingIncome	-0.086	Pure	8.6	CurrentYearDuration_ConsolidatedMember_ResultMember	/disc/80370/081220170501456553_tse-acedjpsm-80370-20170501456553-ixbrl.htm
2017-05-11	年次	当期	連結	実績		経常利益	OrdinaryIncome	11997000000	JPY	11,997	CurrentYearDuration_ConsolidatedMember_ResultMember	/disc/80370/081220170501456553_tse-acedjpsm-80370-20170501456553-ixbrl.htm
2017-05-11	年次	当期	連結	実績		経常利益の増減率	ChangeInOrdinaryIncome	-0.036	Pure	3.6	CurrentYearDuration_ConsolidatedMember_ResultMember	/disc/80370/081220170501456553_tse-acedjpsm-80370-20170501456553-ixbrl.htm
2017-05-11	年次	当期	連結	実績		親会社株主に帰属する当期純利益	ProfitAttributableToOwnersOfParent	7836000000	JPY	7,836	CurrentYearDuration_ConsolidatedMember_ResultMember	/disc/80370/081220170501456553_tse-acedjpsm-80370-20170501456553-ixbrl.htm
2017-05-11	年次	当期	連結	実績		親会社株主に帰属する当期純利益の増減率	ChangeInProfitAttributableToOwnersOfParent	-0.156	Pure	15.6	CurrentYearDuration_ConsolidatedMember_ResultMember	/disc/80370/081220170501456553_tse-acedjpsm-80370-20170501456553-ixbrl.htm
2017-05-11	年次	前期	連結	実績		売上高	NetSales	420875000000	JPY	420,875	PriorYearDuration_ConsolidatedMember_ResultMember	/disc/80370/081220170501456553_tse-acedjpsm-80370-20170501456553-ixbrl.htm
2017-05-11	年次	前期	連結	実績		売上高の増減率	ChangeInNetSales	-0.208	Pure	20.8	PriorYearDuration_ConsolidatedMember_ResultMember	/disc/80370/081220170501456553_tse-acedjpsm-80370-20170501456553-ixbrl.htm
2017-05-11	年次	前期	連結	実績		営業利益	OperatingIncome	11453000000	JPY	11,453	PriorYearDuration_ConsolidatedMember_ResultMember	/disc/80370/081220170501456553_tse-acedjpsm-80370-20170501456553-ixbrl.htm
2017-05-11	年次	前期	連結	実績		営業利益の増減率	ChangeInOperatingIncome	0.116	Pure	11.6	PriorYearDuration_ConsolidatedMember_ResultMember	/disc/80370/081220170501456553_tse-acedjpsm-80370-20170501456553-ixbrl.htm
2017-05-11	年次	前期	連結	実績		経常利益	OrdinaryIncome	12447000000	JPY	12,447	PriorYearDuration_ConsolidatedMember_ResultMember	/disc/80370/081220170501456553_tse-acedjpsm-80370-20170501456553-ixbrl.htm
2017-05-11	年次	前期	連結	実績		経常利益の増減率	ChangeInOrdinaryIncome	0.219	Pure	21.9	PriorYearDuration_ConsolidatedMember_ResultMember	/disc/80370/081220170501456553_tse-acedjpsm-80370-20170501456553-ixbrl.htm
2017-05-11	年次	前期	連結	実績		親会社株主に帰属する当期純利益	ProfitAttributableToOwnersOfParent	9282000000	JPY	9,282	PriorYearDuration_ConsolidatedMember_ResultMember	/disc/80370/081220170501456553_tse-acedjpsm-80370-20170501456553-ixbrl.htm
2017-05-11	年次	前期	連結	実績		親会社株主に帰属する当期純利益の増減率	ChangeInProfitAttributableToOwnersOfParent	1.387	Pure	138.7	PriorYearDuration_ConsolidatedMember_ResultMember	/disc/80370/081220170501456553_tse-acedjpsm-80370-20170501456553-ixbrl.htm
2017-05-11	年次	当期	連結	実績		包括利益	ComprehensiveIncome	9933000000	JPY	9,933	CurrentYearDuration_ConsolidatedMember_ResultMember	/disc/80370/081220170501456553_tse-acedjpsm-80370-20170501456553-ixbrl.htm
2017-05-11	年次	当期	連結	実績		包括利益の増減率	ChangeInComprehensiveIncome	0.399	Pure	39.9	CurrentYearDuration_ConsolidatedMember_ResultMember	/disc/80370/081220170501456553_tse-acedjpsm-80370-20170501456553-ixbrl.htm
2017-05-11	年次	前期	連結	実績		包括利益	ComprehensiveIncome	7101000000	JPY	7,101	PriorYearDuration_ConsolidatedMember_ResultMember	/disc/80370/081220170501456553_tse-acedjpsm-80370-20170501456553-ixbrl.htm
2017-05-11	年次	前期	連結	実績		包括利益の増減率	ChangeInComprehensiveIncome	-0.013	Pure	1.3	PriorYearDuration_ConsolidatedMember_ResultMember	/disc/80370/081220170501456553_tse-acedjpsm-80370-20170501456553-ixbrl.htm
2017-05-11	年次	当期	連結	実績		1株当たり当期純利益	NetIncomePerShare	233.21	JPYPerShares	233.21	CurrentYearDuration_ConsolidatedMember_ResultMember	/disc/80370/081220170501456553_tse-acedjpsm-80370-20170501456553-ixbrl.htm
2017-05-11	年次	当期	連結	実績		自己資本当期純利益率(ROE)	NetIncomeToShareholdersEquityRatio	0.090	Pure	9.0	CurrentYearDuration_ConsolidatedMember_ResultMember	/disc/80370/081220170501456553_tse-acedjpsm-80370-20170501456553-ixbrl.htm
2017-05-11	年次	当期	連結	実績		総資産経常利益率(ROA)	OrdinaryIncomeToTotalAssetsRatio	0.056	Pure	5.6	CurrentYearDuration_ConsolidatedMember_ResultMember	/disc/80370/081220170501456553_tse-acedjpsm-80370-20170501456553-ixbrl.htm
2017-05-11	年次	当期	連結	実績		売上高営業利益率	OperatingIncomeToNetSalesRatio	0.025	Pure	2.5	CurrentYearDuration_ConsolidatedMember_ResultMember	/disc/80370/081220170501456553_tse-acedjpsm-80370-20170501456553-ixbrl.htm
2017-05-11	年次	前期	連結	実績		1株当たり当期純利益	NetIncomePerShare	276.27	JPYPerShares	276.27	PriorYearDuration_ConsolidatedMember_ResultMember	/disc/80370/081220170501456553_tse-acedjpsm-80370-20170501456553-ixbrl.htm
2017-05-11	年次	前期	連結	実績		自己資本当期純利益率(ROE)	NetIncomeToShareholdersEquityRatio	0.117	Pure	11.7	PriorYearDuration_ConsolidatedMember_ResultMember	/disc/80370/081220170501456553_tse-acedjpsm-80370-20170501456553-ixbrl.htm
2017-05-11	年次	前期	連結	実績		総資産経常利益率(ROA)	OrdinaryIncomeToTotalAssetsRatio	0.056	Pure	5.6	PriorYearDuration_ConsolidatedMember_ResultMember	/disc/80370/081220170501456553_tse-acedjpsm-80370-20170501456553-ixbrl.htm
2017-05-11	年次	前期	連結	実績		売上高営業利益率	OperatingIncomeToNetSalesRatio	0.027	Pure	2.7	PriorYearDuration_ConsolidatedMember_ResultMember	/disc/80370/081220170501456553_tse-acedjpsm-80370-20170501456553-ixbrl.htm
2017-05-11	年次	当期	連結	実績		持分法投資損益	InvestmentProfitLossOnEquityMethod	382000000	JPY	382	CurrentYearDuration_ConsolidatedMember_ResultMember	/disc/80370/081220170501456553_tse-acedjpsm-80370-20170501456553-ixbrl.htm
2017-05-11	年次	前期	連結	実績		持分法投資損益	InvestmentProfitLossOnEquityMethod	298000000	JPY	298	PriorYearDuration_ConsolidatedMember_ResultMember	/disc/80370/081220170501456553_tse-acedjpsm-80370-20170501456553-ixbrl.htm
2017-05-11	年次	当期	連結	実績		総資産	TotalAssets	222891000000	JPY	222,891	CurrentYearInstant_ConsolidatedMember_ResultMember	/disc/80370/081220170501456553_tse-acedjpsm-80370-20170501456553-ixbrl.htm
2017-05-11	年次	当期	連結	実績		純資産	NetAssets	96458000000	JPY	96,458	CurrentYearInstant_ConsolidatedMember_ResultMember	/disc/80370/081220170501456553_tse-acedjpsm-80370-20170501456553-ixbrl.htm
2017-05-11	年次	当期	連結	実績		自己資本比率	CapitalAdequacyRatio	0.409	Pure	40.9	CurrentYearInstant_ConsolidatedMember_ResultMember	/disc/80370/081220170501456553_tse-acedjpsm-80370-20170501456553-ixbrl.htm
2017-05-11	年次	当期	連結	実績		1株当たり純資産	NetAssetsPerShare	2713.24	JPYPerShares	2,713.24	CurrentYearInstant_ConsolidatedMember_ResultMember	/disc/80370/081220170501456553_tse-acedjpsm-80370-20170501456553-ixbrl.htm
2017-05-11	年次	前期	連結	実績		総資産	TotalAssets	208922000000	JPY	208,922	PriorYearInstant_ConsolidatedMember_ResultMember	/disc/80370/081220170501456553_tse-acedjpsm-80370-20170501456553-ixbrl.htm
2017-05-11	年次	前期	連結	実績		純資産	NetAssets	87245000000	JPY	87,245	PriorYearInstant_ConsolidatedMember_ResultMember	/disc/80370/081220170501456553_tse-acedjpsm-80370-20170501456553-ixbrl.htm
2017-05-11	年次	前期	連結	実績		自己資本比率	CapitalAdequacyRatio	0.393	Pure	39.3	PriorYearInstant_ConsolidatedMember_ResultMember	/disc/80370/081220170501456553_tse-acedjpsm-80370-20170501456553-ixbrl.htm
2017-05-11	年次	前期	連結	実績		1株当たり純資産	NetAssetsPerShare	2445.85	JPYPerShares	2,445.85	PriorYearInstant_ConsolidatedMember_ResultMember	/disc/80370/081220170501456553_tse-acedjpsm-80370-20170501456553-ixbrl.htm
2017-05-11	年次	当期	連結	実績		自己資本	OwnersEquity	91168000000	JPY	91,168	CurrentYearInstant_ConsolidatedMember_ResultMember	/disc/80370/081220170501456553_tse-acedjpsm-80370-20170501456553-ixbrl.htm
2017-05-11	年次	前期	連結	実績		自己資本	OwnersEquity	82183000000	JPY	82,183	PriorYearInstant_ConsolidatedMember_ResultMember	/disc/80370/081220170501456553_tse-acedjpsm-80370-20170501456553-ixbrl.htm
2017-05-11	年次	当期	連結	実績		営業キャッシュフロー	CashFlowsFromOperatingActivities	10389000000	JPY	10,389	CurrentYearDuration_ConsolidatedMember_ResultMember	/disc/80370/081220170501456553_tse-acedjpsm-80370-20170501456553-ixbrl.htm
2017-05-11	年次	当期	連結	実績		投資キャッシュフロー	CashFlowsFromInvestingActivities	1419000000	JPY	1,419	CurrentYearDuration_ConsolidatedMember_ResultMember	/disc/80370/081220170501456553_tse-acedjpsm-80370-20170501456553-ixbrl.htm
2017-05-11	年次	当期	連結	実績		財務キャッシュフロー	CashFlowsFromFinancingActivities	-2328000000	JPY	2,328	CurrentYearDuration_ConsolidatedMember_ResultMember	/disc/80370/081220170501456553_tse-acedjpsm-80370-20170501456553-ixbrl.htm
2017-05-11	年次	当期	連結	実績		現金及び現金同等物の期末残高	CashAndEquivalentsEndOfPeriod	25474000000	JPY	25,474	CurrentYearInstant_ConsolidatedMember_ResultMember	/disc/80370/081220170501456553_tse-acedjpsm-80370-20170501456553-ixbrl.htm
2017-05-11	年次	前期	連結	実績		営業キャッシュフロー	CashFlowsFromOperatingActivities	7983000000	JPY	7,983	PriorYearDuration_ConsolidatedMember_ResultMember	/disc/80370/081220170501456553_tse-acedjpsm-80370-20170501456553-ixbrl.htm
2017-05-11	年次	前期	連結	実績		投資キャッシュフロー	CashFlowsFromInvestingActivities	-9113000000	JPY	9,113	PriorYearDuration_ConsolidatedMember_ResultMember	/disc/80370/081220170501456553_tse-acedjpsm-80370-20170501456553-ixbrl.htm
2017-05-11	年次	前期	連結	実績		財務キャッシュフロー	CashFlowsFromFinancingActivities	2477000000	JPY	2,477	PriorYearDuration_ConsolidatedMember_ResultMember	/disc/80370/081220170501456553_tse-acedjpsm-80370-20170501456553-ixbrl.htm
2017-05-11	年次	前期	連結	実績		現金及び現金同等物の期末残高	CashAndEquivalentsEndOfPeriod	16171000000	JPY	16,171	PriorYearInstant_ConsolidatedMember_ResultMember	/disc/80370/081220170501456553_tse-acedjpsm-80370-20170501456553-ixbrl.htm
2017-05-11	年次	前期	単体	実績	第2四半期末	1株当たり配当金	DividendPerShare	7.50	JPYPerShares	7.50	PriorYearDuration_SecondQuarterMember_NonConsolidatedMember_ResultMember	/disc/80370/081220170501456553_tse-acedjpsm-80370-20170501456553-ixbrl.htm
2017-05-11	年次	前期	単体	実績	期末	1株当たり配当金	DividendPerShare	10.00	JPYPerShares	10.00	PriorYearDuration_YearEndMember_NonConsolidatedMember_ResultMember	/disc/80370/081220170501456553_tse-acedjpsm-80370-20170501456553-ixbrl.htm
2017-05-11	年次	前期	単体	実績	合計	1株当たり配当金	DividendPerShare	17.50	JPYPerShares	17.50	PriorYearDuration_AnnualMember_NonConsolidatedMember_ResultMember	/disc/80370/081220170501456553_tse-acedjpsm-80370-20170501456553-ixbrl.htm
2017-05-11	年次	前期	単体	実績	合計	配当金総額	TotalDividendPaidAnnual	588000000	JPY	588	PriorYearDuration_AnnualMember_NonConsolidatedMember_ResultMember	/disc/80370/081220170501456553_tse-acedjpsm-80370-20170501456553-ixbrl.htm
2017-05-11	年次	前期	連結	実績	合計	配当性向	PayoutRatio	0.063	Pure	6.3	PriorYearDuration_AnnualMember_ConsolidatedMember_ResultMember	/disc/80370/081220170501456553_tse-acedjpsm-80370-20170501456553-ixbrl.htm
2017-05-11	年次	前期	連結	実績	合計	純資産配当率	RatioOfTotalAmountOfDividendsToNetAssets	0.007	Pure	0.7	PriorYearDuration_AnnualMember_ConsolidatedMember_ResultMember	/disc/80370/081220170501456553_tse-acedjpsm-80370-20170501456553-ixbrl.htm
2017-05-11	年次	当期	単体	実績	第2四半期末	1株当たり配当金	DividendPerShare	10.00	JPYPerShares	10.00	CurrentYearDuration_SecondQuarterMember_NonConsolidatedMember_ResultMember	/disc/80370/081220170501456553_tse-acedjpsm-80370-20170501456553-ixbrl.htm
2017-05-11	年次	当期	単体	実績	期末	1株当たり配当金	DividendPerShare	12.50	JPYPerShares	12.50	CurrentYearDuration_YearEndMember_NonConsolidatedMember_ResultMember	/disc/80370/081220170501456553_tse-acedjpsm-80370-20170501456553-ixbrl.htm
2017-05-11	年次	当期	単体	実績	合計	1株当たり配当金	DividendPerShare	22.50	JPYPerShares	22.50	CurrentYearDuration_AnnualMember_NonConsolidatedMember_ResultMember	/disc/80370/081220170501456553_tse-acedjpsm-80370-20170501456553-ixbrl.htm
2017-05-11	年次	当期	単体	実績	合計	配当金総額	TotalDividendPaidAnnual	756000000	JPY	756	CurrentYearDuration_AnnualMember_NonConsolidatedMember_ResultMember	/disc/80370/081220170501456553_tse-acedjpsm-80370-20170501456553-ixbrl.htm
2017-05-11	年次	当期	連結	実績	合計	配当性向	PayoutRatio	0.096	Pure	9.6	CurrentYearDuration_AnnualMember_ConsolidatedMember_ResultMember	/disc/80370/081220170501456553_tse-acedjpsm-80370-20170501456553-ixbrl.htm
2017-05-11	年次	当期	連結	実績	合計	純資産配当率	RatioOfTotalAmountOfDividendsToNetAssets	0.009	Pure	0.9	CurrentYearDuration_AnnualMember_ConsolidatedMember_ResultMember	/disc/80370/081220170501456553_tse-acedjpsm-80370-20170501456553-ixbrl.htm
2017-05-11	年次	来期	単体	予想	第2四半期末	1株当たり配当金	DividendPerShare	12.50	JPYPerShares	12.50	NextYearDuration_SecondQuarterMember_NonConsolidatedMember_ForecastMember	/disc/80370/081220170501456553_tse-acedjpsm-80370-20170501456553-ixbrl.htm
2017-05-11	年次	来期	単体	予想	期末	1株当たり配当金	DividendPerShare	12.50	JPYPerShares	12.50	NextYearDuration_YearEndMember_NonConsolidatedMember_ForecastMember	/disc/80370/081220170501456553_tse-acedjpsm-80370-20170501456553-ixbrl.htm
2017-05-11	年次	来期	単体	予想	合計	1株当たり配当金	DividendPerShare	25.00	JPYPerShares	25.00	NextYearDuration_AnnualMember_NonConsolidatedMember_ForecastMember	/disc/80370/081220170501456553_tse-acedjpsm-80370-20170501456553-ixbrl.htm
2017-05-11	年次	来期	連結	予想	合計	配当性向	PayoutRatio	0.114	Pure	11.4	NextYearDuration_AnnualMember_ConsolidatedMember_ForecastMember	/disc/80370/081220170501456553_tse-acedjpsm-80370-20170501456553-ixbrl.htm
2017-05-11	年次	来期	連結	予想		業績予想の見出し	TitleForForecasts			3. 平成30年 3月期の連結業績予想（平成29年 4月 1日～平成30年 3月31日）	NextYearDuration_ConsolidatedMember_ForecastMember	/disc/80370/081220170501456553_tse-acedjpsm-80370-20170501456553-ixbrl.htm
2017-05-11	年次		連結	予想		売上高	NetSales	196000000000	JPY	196,000	NextAccumulatedQ2Duration_ConsolidatedMember_ForecastMember	/disc/80370/081220170501456553_tse-acedjpsm-80370-20170501456553-ixbrl.htm
2017-05-11	年次		連結	予想		売上高の増減率	ChangeInNetSales	0.040	Pure	4.0	NextAccumulatedQ2Duration_ConsolidatedMember_ForecastMember	/disc/80370/081220170501456553_tse-acedjpsm-80370-20170501456553-ixbrl.htm
2017-05-11	年次		連結	予想		営業利益	OperatingIncome	3400000000	JPY	3,400	NextAccumulatedQ2Duration_ConsolidatedMember_ForecastMember	/disc/80370/081220170501456553_tse-acedjpsm-80370-20170501456553-ixbrl.htm
2017-05-11	年次		連結	予想		営業利益の増減率	ChangeInOperatingIncome	-0.085	Pure	8.5	NextAccumulatedQ2Duration_ConsolidatedMember_ForecastMember	/disc/80370/081220170501456553_tse-acedjpsm-80370-20170501456553-ixbrl.htm
2017-05-11	年次		連結	予想		経常利益	OrdinaryIncome	3900000000	JPY	3,900	NextAccumulatedQ2Duration_ConsolidatedMember_ForecastMember	/disc/80370/081220170501456553_tse-acedjpsm-80370-20170501456553-ixbrl.htm
2017-05-11	年次		連結	予想		経常利益の増減率	ChangeInOrdinaryIncome	-0.058	Pure	5.8	NextAccumulatedQ2Duration_ConsolidatedMember_ForecastMember	/disc/80370/081220170501456553_tse-acedjpsm-80370-20170501456553-ixbrl.htm
2017-05-11	年次		連結	予想		親会社株主に帰属する当期純利益	ProfitAttributableToOwnersOfParent	2300000000	JPY	2,300	NextAccumulatedQ2Duration_ConsolidatedMember_ForecastMember	/disc/80370/081220170501456553_tse-acedjpsm-80370-20170501456553-ixbrl.htm
2017-05-11	年次		連結	予想		親会社株主に帰属する当期純利益の増減率	ChangeInProfitAttributableToOwnersOfParent	-0.214	Pure	21.4	NextAccumulatedQ2Duration_ConsolidatedMember_ForecastMember	/disc/80370/081220170501456553_tse-acedjpsm-80370-20170501456553-ixbrl.htm
2017-05-11	年次		連結	予想		1株当たり当期純利益	NetIncomePerShare	68.45	JPYPerShares	68.45	NextAccumulatedQ2Duration_ConsolidatedMember_ForecastMember	/disc/80370/081220170501456553_tse-acedjpsm-80370-20170501456553-ixbrl.htm
2017-05-11	年次	来期	連結	予想		売上高	NetSales	428000000000	JPY	428,000	NextYearDuration_ConsolidatedMember_ForecastMember	/disc/80370/081220170501456553_tse-acedjpsm-80370-20170501456553-ixbrl.htm
2017-05-11	年次	来期	連結	予想		売上高の増減率	ChangeInNetSales	0.011	Pure	1.1	NextYearDuration_ConsolidatedMember_ForecastMember	/disc/80370/081220170501456553_tse-acedjpsm-80370-20170501456553-ixbrl.htm
2017-05-11	年次	来期	連結	予想		営業利益	OperatingIncome	10200000000	JPY	10,200	NextYearDuration_ConsolidatedMember_ForecastMember	/disc/80370/081220170501456553_tse-acedjpsm-80370-20170501456553-ixbrl.htm
2017-05-11	年次	来期	連結	予想		営業利益の増減率	ChangeInOperatingIncome	-0.026	Pure	2.6	NextYearDuration_ConsolidatedMember_ForecastMember	/disc/80370/081220170501456553_tse-acedjpsm-80370-20170501456553-ixbrl.htm
2017-05-11	年次	来期	連結	予想		経常利益	OrdinaryIncome	11700000000	JPY	11,700	NextYearDuration_ConsolidatedMember_ForecastMember	/disc/80370/081220170501456553_tse-acedjpsm-80370-20170501456553-ixbrl.htm
2017-05-11	年次	来期	連結	予想		経常利益の増減率	ChangeInOrdinaryIncome	-0.025	Pure	2.5	NextYearDuration_ConsolidatedMember_ForecastMember	/disc/80370/081220170501456553_tse-acedjpsm-80370-20170501456553-ixbrl.htm
2017-05-11	年次	来期	連結	予想		親会社株主に帰属する当期純利益	ProfitAttributableToOwnersOfParent	7400000000	JPY	7,400	NextYearDuration_ConsolidatedMember_ForecastMember	/disc/80370/081220170501456553_tse-acedjpsm-80370-20170501456553-ixbrl.htm
2017-05-11	年次	来期	連結	予想		親会社株主に帰属する当期純利益の増減率	ChangeInProfitAttributableToOwnersOfParent	-0.056	Pure	5.6	NextYearDuration_ConsolidatedMember_ForecastMember	/disc/80370/081220170501456553_tse-acedjpsm-80370-20170501456553-ixbrl.htm
2017-05-11	年次	来期	連結	予想		1株当たり当期純利益	NetIncomePerShare	220.23	JPYPerShares	220.23	NextYearDuration_ConsolidatedMember_ForecastMember	/disc/80370/081220170501456553_tse-acedjpsm-80370-20170501456553-ixbrl.htm
2017-05-11	年次	当期	連結	実績			MaterialChangesInSubsidiariesDuringThisPeriodChangesInScopeOfConsolidationsResultingFromChangeIsSubsidiaries			無	CurrentYearDuration_ConsolidatedMember_ResultMember	/disc/80370/081220170501456553_tse-acedjpsm-80370-20170501456553-ixbrl.htm
2017-05-11	年次	当期	連結	実績		会計基準等の改正に伴う変更	ChangesBasedOnRevisionsOfAccountingStandard			有	CurrentYearDuration_ConsolidatedMember_ResultMember	/disc/80370/081220170501456553_tse-acedjpsm-80370-20170501456553-ixbrl.htm
2017-05-11	年次	当期	連結	実績		それ以外の会計方針の変更	ChangesOtherThanOnesBasedOnRevisionsOfAccountingStandard			無	CurrentYearDuration_ConsolidatedMember_ResultMember	/disc/80370/081220170501456553_tse-acedjpsm-80370-20170501456553-ixbrl.htm
2017-05-11	年次	当期	連結	実績		会計上の見積りの変更	ChangesInAccountingEstimates			無	CurrentYearDuration_ConsolidatedMember_ResultMember	/disc/80370/081220170501456553_tse-acedjpsm-80370-20170501456553-ixbrl.htm
2017-05-11	年次	当期	連結	実績		修正再表示	RetrospectiveRestatement			無	CurrentYearDuration_ConsolidatedMember_ResultMember	/disc/80370/081220170501456553_tse-acedjpsm-80370-20170501456553-ixbrl.htm
2017-05-11	年次	当期	単体	実績		期末発行済株式数(自己株式を含む)	NumberOfIssuedAndOutstandingSharesAtTheEndOfFiscalYearIncludingTreasuryStock	37591969	Shares	37,591,969	CurrentYearInstant_NonConsolidatedMember_ResultMember	/disc/80370/081220170501456553_tse-acedjpsm-80370-20170501456553-ixbrl.htm
2017-05-11	年次	前期	単体	実績		期末発行済株式数(自己株式を含む)	NumberOfIssuedAndOutstandingSharesAtTheEndOfFiscalYearIncludingTreasuryStock	37591969	Shares	37,591,969	PriorYearInstant_NonConsolidatedMember_ResultMember	/disc/80370/081220170501456553_tse-acedjpsm-80370-20170501456553-ixbrl.htm
2017-05-11	年次	当期	単体	実績		期末自己株式数	NumberOfTreasuryStockAtTheEndOfFiscalYear	3990769	Shares	3,990,769	CurrentYearInstant_NonConsolidatedMember_ResultMember	/disc/80370/081220170501456553_tse-acedjpsm-80370-20170501456553-ixbrl.htm
2017-05-11	年次	前期	単体	実績		期末自己株式数	NumberOfTreasuryStockAtTheEndOfFiscalYear	3990677	Shares	3,990,677	PriorYearInstant_NonConsolidatedMember_ResultMember	/disc/80370/081220170501456553_tse-acedjpsm-80370-20170501456553-ixbrl.htm
2017-05-11	年次	当期	単体	実績		期中平均株式数	AverageNumberOfShares	33601250	Shares	33,601,250	CurrentYearDuration_NonConsolidatedMember_ResultMember	/disc/80370/081220170501456553_tse-acedjpsm-80370-20170501456553-ixbrl.htm
2017-05-11	年次	前期	単体	実績		期中平均株式数	AverageNumberOfShares	33601365	Shares	33,601,365	PriorYearDuration_NonConsolidatedMember_ResultMember	/disc/80370/081220170501456553_tse-acedjpsm-80370-20170501456553-ixbrl.htm
2017-05-11	年次	当期	単体	実績		売上高	NetSales	280893000000	JPY	280,893	CurrentYearDuration_NonConsolidatedMember_ResultMember	/disc/80370/081220170501456553_tse-acedjpsm-80370-20170501456553-ixbrl.htm
2017-05-11	年次	当期	単体	実績		売上高の増減率	ChangeInNetSales	-0.016	Pure	1.6	CurrentYearDuration_NonConsolidatedMember_ResultMember	/disc/80370/081220170501456553_tse-acedjpsm-80370-20170501456553-ixbrl.htm
2017-05-11	年次	当期	単体	実績		営業利益	OperatingIncome	5713000000	JPY	5,713	CurrentYearDuration_NonConsolidatedMember_ResultMember	/disc/80370/081220170501456553_tse-acedjpsm-80370-20170501456553-ixbrl.htm
2017-05-11	年次	当期	単体	実績		営業利益の増減率	ChangeInOperatingIncome	-0.145	Pure	14.5	CurrentYearDuration_NonConsolidatedMember_ResultMember	/disc/80370/081220170501456553_tse-acedjpsm-80370-20170501456553-ixbrl.htm
2017-05-11	年次	当期	単体	実績		経常利益	OrdinaryIncome	7355000000	JPY	7,355	CurrentYearDuration_NonConsolidatedMember_ResultMember	/disc/80370/081220170501456553_tse-acedjpsm-80370-20170501456553-ixbrl.htm
2017-05-11	年次	当期	単体	実績		経常利益の増減率	ChangeInOrdinaryIncome	-0.062	Pure	6.2	CurrentYearDuration_NonConsolidatedMember_ResultMember	/disc/80370/081220170501456553_tse-acedjpsm-80370-20170501456553-ixbrl.htm
2017-05-11	年次	当期	単体	実績		当期純利益	NetIncome	5363000000	JPY	5,363	CurrentYearDuration_NonConsolidatedMember_ResultMember	/disc/80370/081220170501456553_tse-acedjpsm-80370-20170501456553-ixbrl.htm
2017-05-11	年次	当期	単体	実績		当期純利益の増減率	ChangeInNetIncome	-0.442	Pure	44.2	CurrentYearDuration_NonConsolidatedMember_ResultMember	/disc/80370/081220170501456553_tse-acedjpsm-80370-20170501456553-ixbrl.htm
2017-05-11	年次	前期	単体	実績		売上高	NetSales	285373000000	JPY	285,373	PriorYearDuration_NonConsolidatedMember_ResultMember	/disc/80370/081220170501456553_tse-acedjpsm-80370-20170501456553-ixbrl.htm
2017-05-11	年次	前期	単体	実績		売上高の増減率	ChangeInNetSales	-0.175	Pure	17.5	PriorYearDuration_NonConsolidatedMember_ResultMember	/disc/80370/081220170501456553_tse-acedjpsm-80370-20170501456553-ixbrl.htm
2017-05-11	年次	前期	単体	実績		営業利益	OperatingIncome	6679000000	JPY	6,679	PriorYearDuration_NonConsolidatedMember_ResultMember	/disc/80370/081220170501456553_tse-acedjpsm-80370-20170501456553-ixbrl.htm
2017-05-11	年次	前期	単体	実績		営業利益の増減率	ChangeInOperatingIncome	0.009	Pure	0.9	PriorYearDuration_NonConsolidatedMember_ResultMember	/disc/80370/081220170501456553_tse-acedjpsm-80370-20170501456553-ixbrl.htm
2017-05-11	年次	前期	単体	実績		経常利益	OrdinaryIncome	7843000000	JPY	7,843	PriorYearDuration_NonConsolidatedMember_ResultMember	/disc/80370/081220170501456553_tse-acedjpsm-80370-20170501456553-ixbrl.htm
2017-05-11	年次	前期	単体	実績		経常利益の増減率	ChangeInOrdinaryIncome	0.182	Pure	18.2	PriorYearDuration_NonConsolidatedMember_ResultMember	/disc/80370/081220170501456553_tse-acedjpsm-80370-20170501456553-ixbrl.htm
2017-05-11	年次	前期	単体	実績		当期純利益	NetIncome	9611000000	JPY	9,611	PriorYearDuration_NonConsolidatedMember_ResultMember	/disc/80370/081220170501456553_tse-acedjpsm-80370-20170501456553-ixbrl.htm
2017-05-11	年次	前期	単体	実績		当期純利益の増減率	ChangeInNetIncome	1.312	Pure	131.2	PriorYearDuration_NonConsolidatedMember_ResultMember	/disc/80370/081220170501456553_tse-acedjpsm-80370-20170501456553-ixbrl.htm
2017-05-11	年次	当期	単体	実績		1株当たり当期純利益	NetIncomePerShare	159.63	JPYPerShares	159.63	CurrentYearDuration_NonConsolidatedMember_ResultMember	/disc/80370/081220170501456553_tse-acedjpsm-80370-20170501456553-ixbrl.htm
2017-05-11	年次	前期	単体	実績		1株当たり当期純利益	NetIncomePerShare	286.04	JPYPerShares	286.04	PriorYearDuration_NonConsolidatedMember_ResultMember	/disc/80370/081220170501456553_tse-acedjpsm-80370-20170501456553-ixbrl.htm
2017-05-11	年次	当期	単体	実績		総資産	TotalAssets	129558000000	JPY	129,558	CurrentYearInstant_NonConsolidatedMember_ResultMember	/disc/80370/081220170501456553_tse-acedjpsm-80370-20170501456553-ixbrl.htm
2017-05-11	年次	当期	単体	実績		純資産	NetAssets	65826000000	JPY	65,826	CurrentYearInstant_NonConsolidatedMember_ResultMember	/disc/80370/081220170501456553_tse-acedjpsm-80370-20170501456553-ixbrl.htm
2017-05-11	年次	当期	単体	実績		自己資本比率	CapitalAdequacyRatio	0.508	Pure	50.8	CurrentYearInstant_NonConsolidatedMember_ResultMember	/disc/80370/081220170501456553_tse-acedjpsm-80370-20170501456553-ixbrl.htm
2017-05-11	年次	当期	単体	実績		1株当たり純資産	NetAssetsPerShare	1959.04	JPYPerShares	1,959.04	CurrentYearInstant_NonConsolidatedMember_ResultMember	/disc/80370/081220170501456553_tse-acedjpsm-80370-20170501456553-ixbrl.htm
2017-05-11	年次	前期	単体	実績		総資産	TotalAssets	122953000000	JPY	122,953	PriorYearInstant_NonConsolidatedMember_ResultMember	/disc/80370/081220170501456553_tse-acedjpsm-80370-20170501456553-ixbrl.htm
2017-05-11	年次	前期	単体	実績		純資産	NetAssets	58911000000	JPY	58,911	PriorYearInstant_NonConsolidatedMember_ResultMember	/disc/80370/081220170501456553_tse-acedjpsm-80370-20170501456553-ixbrl.htm
2017-05-11	年次	前期	単体	実績		自己資本比率	CapitalAdequacyRatio	0.479	Pure	47.9	PriorYearInstant_NonConsolidatedMember_ResultMember	/disc/80370/081220170501456553_tse-acedjpsm-80370-20170501456553-ixbrl.htm
2017-05-11	年次	前期	単体	実績		1株当たり純資産	NetAssetsPerShare	1753.24	JPYPerShares	1,753.24	PriorYearInstant_NonConsolidatedMember_ResultMember	/disc/80370/081220170501456553_tse-acedjpsm-80370-20170501456553-ixbrl.htm
2017-05-11	年次	当期	単体	実績		自己資本	OwnersEquity	65826000000	JPY	65,826	CurrentYearInstant_NonConsolidatedMember_ResultMember	/disc/80370/081220170501456553_tse-acedjpsm-80370-20170501456553-ixbrl.htm
2017-05-11	年次	前期	単体	実績		自己資本	OwnersEquity	58911000000	JPY	58,911	PriorYearInstant_NonConsolidatedMember_ResultMember	/disc/80370/081220170501456553_tse-acedjpsm-80370-20170501456553-ixbrl.htm
2017-05-11	年次	来期				将来情報の利用に関する注意	NotesForUsingForecastedInformationAndOthers			本資料に記載されている業績見通し等の将来に関する記述は、当社が現在入手している情報及び合理的であると判断する一定の前提に基づいており、その達成を当社として約束する趣旨のものではありません。また、実際の業績等は様々な要因により大きく異なる可能性があります。業績予想の前提となる条件及び業績予想のご利用に当たっての注意事項等については、添付資料４ページ「１．経営成績等の概況（１）経営成績に関する分析」をご覧ください。	NextYearDuration	/disc/80370/081220170501456553_tse-acedjpsm-80370-20170501456553-ixbrl.htm
2017-05-11	年次	当期				決算期末	FiscalYearEnd			2017-03-31	CurrentYearInstant	/disc/80370/081220170501456553_tse-acedjpsm-80370-20170501456553-ixbrl.htm
2017-08-09	四半期	当期第1四半期累計				書類名	DocumentName			第1四半期決算短信〔日本基準〕（連結）	CurrentAccumulatedQ1Instant	/disc/80370/081220170731443679_tse-qcedjpsm-80370-20170731443679-ixbrl.htm
2017-08-09	四半期	当期第1四半期累計				提出日	FilingDate			平成29年8月9日	CurrentAccumulatedQ1Instant	/disc/80370/081220170731443679_tse-qcedjpsm-80370-20170731443679-ixbrl.htm
2017-08-09	四半期	当期第1四半期累計				会社名	CompanyName			カメイ株式会社	CurrentAccumulatedQ1Instant	/disc/80370/081220170731443679_tse-qcedjpsm-80370-20170731443679-ixbrl.htm
2017-08-09	四半期	当期第1四半期累計					TokyoStockExchange			東	CurrentAccumulatedQ1Instant	/disc/80370/081220170731443679_tse-qcedjpsm-80370-20170731443679-ixbrl.htm
2017-08-09	四半期	当期第1四半期累計				証券コード	SecuritiesCode			80370	CurrentAccumulatedQ1Instant	/disc/80370/081220170731443679_tse-qcedjpsm-80370-20170731443679-ixbrl.htm
2017-08-09	四半期	当期第1四半期累計				URL	URL			http://www.kamei.co.jp/	CurrentAccumulatedQ1Instant	/disc/80370/081220170731443679_tse-qcedjpsm-80370-20170731443679-ixbrl.htm
2017-08-09	四半期	当期第1四半期累計				代表者の役職	TitleRepresentative			代表取締役社長	CurrentAccumulatedQ1Instant	/disc/80370/081220170731443679_tse-qcedjpsm-80370-20170731443679-ixbrl.htm
2017-08-09	四半期	当期第1四半期累計				代表者名	NameRepresentative			亀井文行	CurrentAccumulatedQ1Instant	/disc/80370/081220170731443679_tse-qcedjpsm-80370-20170731443679-ixbrl.htm
2017-08-09	四半期	当期第1四半期累計					TitleInquiries			管理部長	CurrentAccumulatedQ1Instant	/disc/80370/081220170731443679_tse-qcedjpsm-80370-20170731443679-ixbrl.htm
2017-08-09	四半期	当期第1四半期累計					NameInquiries			小林哲也	CurrentAccumulatedQ1Instant	/disc/80370/081220170731443679_tse-qcedjpsm-80370-20170731443679-ixbrl.htm
2017-08-09	四半期	当期第1四半期累計					Tel			022-264-6112	CurrentAccumulatedQ1Instant	/disc/80370/081220170731443679_tse-qcedjpsm-80370-20170731443679-ixbrl.htm
2017-08-09	四半期	当期第1四半期累計					QuarterlyStatementFilingDateAsPlanned			平成29年8月9日	CurrentAccumulatedQ1Instant	/disc/80370/081220170731443679_tse-qcedjpsm-80370-20170731443679-ixbrl.htm
2017-08-09	四半期	当期第1四半期累計					SupplementalMaterialOfQuarterlyResults			無	CurrentAccumulatedQ1Instant	/disc/80370/081220170731443679_tse-qcedjpsm-80370-20170731443679-ixbrl.htm
2017-08-09	四半期	当期第1四半期累計					ConveningBriefingOfQuarterlyResults			無	CurrentAccumulatedQ1Instant	/disc/80370/081220170731443679_tse-qcedjpsm-80370-20170731443679-ixbrl.htm
2017-08-09	四半期	当期第1四半期累計					NoteToFractionProcessingMethod			（百万円未満切捨て）	CurrentAccumulatedQ1Instant	/disc/80370/081220170731443679_tse-qcedjpsm-80370-20170731443679-ixbrl.htm
2017-08-09	四半期	当期第1四半期累計	連結	実績		売上高	NetSales	97919000000	JPY	97,919	CurrentAccumulatedQ1Duration_ConsolidatedMember_ResultMember	/disc/80370/081220170731443679_tse-qcedjpsm-80370-20170731443679-ixbrl.htm
2017-08-09	四半期	当期第1四半期累計	連結	実績		売上高の増減率	ChangeInNetSales	0.042	Pure	4.2	CurrentAccumulatedQ1Duration_ConsolidatedMember_ResultMember	/disc/80370/081220170731443679_tse-qcedjpsm-80370-20170731443679-ixbrl.htm
2017-08-09	四半期	当期第1四半期累計	連結	実績		営業利益	OperatingIncome	1961000000	JPY	1,961	CurrentAccumulatedQ1Duration_ConsolidatedMember_ResultMember	/disc/80370/081220170731443679_tse-qcedjpsm-80370-20170731443679-ixbrl.htm
2017-08-09	四半期	当期第1四半期累計	連結	実績		営業利益の増減率	ChangeInOperatingIncome	-0.092	Pure	9.2	CurrentAccumulatedQ1Duration_ConsolidatedMember_ResultMember	/disc/80370/081220170731443679_tse-qcedjpsm-80370-20170731443679-ixbrl.htm
2017-08-09	四半期	当期第1四半期累計	連結	実績		経常利益	OrdinaryIncome	2319000000	JPY	2,319	CurrentAccumulatedQ1Duration_ConsolidatedMember_ResultMember	/disc/80370/081220170731443679_tse-qcedjpsm-80370-20170731443679-ixbrl.htm
2017-08-09	四半期	当期第1四半期累計	連結	実績		経常利益の増減率	ChangeInOrdinaryIncome	-0.010	Pure	1.0	CurrentAccumulatedQ1Duration_ConsolidatedMember_ResultMember	/disc/80370/081220170731443679_tse-qcedjpsm-80370-20170731443679-ixbrl.htm
2017-08-09	四半期	当期第1四半期累計	連結	実績		親会社株主に帰属する当期純利益	ProfitAttributableToOwnersOfParent	1691000000	JPY	1,691	CurrentAccumulatedQ1Duration_ConsolidatedMember_ResultMember	/disc/80370/081220170731443679_tse-qcedjpsm-80370-20170731443679-ixbrl.htm
2017-08-09	四半期	当期第1四半期累計	連結	実績		親会社株主に帰属する当期純利益の増減率	ChangeInProfitAttributableToOwnersOfParent	-0.065	Pure	6.5	CurrentAccumulatedQ1Duration_ConsolidatedMember_ResultMember	/disc/80370/081220170731443679_tse-qcedjpsm-80370-20170731443679-ixbrl.htm
2017-08-09	四半期	前期第1四半期累計	連結	実績		売上高	NetSales	94017000000	JPY	94,017	PriorAccumulatedQ1Duration_ConsolidatedMember_ResultMember	/disc/80370/081220170731443679_tse-qcedjpsm-80370-20170731443679-ixbrl.htm
2017-08-09	四半期	前期第1四半期累計	連結	実績		売上高の増減率	ChangeInNetSales	-0.091	Pure	9.1	PriorAccumulatedQ1Duration_ConsolidatedMember_ResultMember	/disc/80370/081220170731443679_tse-qcedjpsm-80370-20170731443679-ixbrl.htm
2017-08-09	四半期	前期第1四半期累計	連結	実績		営業利益	OperatingIncome	2161000000	JPY	2,161	PriorAccumulatedQ1Duration_ConsolidatedMember_ResultMember	/disc/80370/081220170731443679_tse-qcedjpsm-80370-20170731443679-ixbrl.htm
2017-08-09	四半期	前期第1四半期累計	連結	実績		営業利益の増減率	ChangeInOperatingIncome	-0.027	Pure	2.7	PriorAccumulatedQ1Duration_ConsolidatedMember_ResultMember	/disc/80370/081220170731443679_tse-qcedjpsm-80370-20170731443679-ixbrl.htm
2017-08-09	四半期	前期第1四半期累計	連結	実績		経常利益	OrdinaryIncome	2341000000	JPY	2,341	PriorAccumulatedQ1Duration_ConsolidatedMember_ResultMember	/disc/80370/081220170731443679_tse-qcedjpsm-80370-20170731443679-ixbrl.htm
2017-08-09	四半期	前期第1四半期累計	連結	実績		経常利益の増減率	ChangeInOrdinaryIncome	-0.141	Pure	14.1	PriorAccumulatedQ1Duration_ConsolidatedMember_ResultMember	/disc/80370/081220170731443679_tse-qcedjpsm-80370-20170731443679-ixbrl.htm
2017-08-09	四半期	前期第1四半期累計	連結	実績		親会社株主に帰属する当期純利益	ProfitAttributableToOwnersOfParent	1808000000	JPY	1,808	PriorAccumulatedQ1Duration_ConsolidatedMember_ResultMember	/disc/80370/081220170731443679_tse-qcedjpsm-80370-20170731443679-ixbrl.htm
2017-08-09	四半期	前期第1四半期累計	連結	実績		親会社株主に帰属する当期純利益の増減率	ChangeInProfitAttributableToOwnersOfParent	0.201	Pure	20.1	PriorAccumulatedQ1Duration_ConsolidatedMember_ResultMember	/disc/80370/081220170731443679_tse-qcedjpsm-80370-20170731443679-ixbrl.htm
2017-08-09	四半期	当期第1四半期累計	連結	実績		包括利益	ComprehensiveIncome	1612000000	JPY	1,612	CurrentAccumulatedQ1Duration_ConsolidatedMember_ResultMember	/disc/80370/081220170731443679_tse-qcedjpsm-80370-20170731443679-ixbrl.htm
2017-08-09	四半期	当期第1四半期累計	連結	実績		包括利益の増減率	ChangeInComprehensiveIncome	0.494	Pure	49.4	CurrentAccumulatedQ1Duration_ConsolidatedMember_ResultMember	/disc/80370/081220170731443679_tse-qcedjpsm-80370-20170731443679-ixbrl.htm
2017-08-09	四半期	前期第1四半期累計	連結	実績		包括利益	ComprehensiveIncome	1079000000	JPY	1,079	PriorAccumulatedQ1Duration_ConsolidatedMember_ResultMember	/disc/80370/081220170731443679_tse-qcedjpsm-80370-20170731443679-ixbrl.htm
2017-08-09	四半期	前期第1四半期累計	連結	実績		包括利益の増減率	ChangeInComprehensiveIncome	-0.347	Pure	34.7	PriorAccumulatedQ1Duration_ConsolidatedMember_ResultMember	/disc/80370/081220170731443679_tse-qcedjpsm-80370-20170731443679-ixbrl.htm
2017-08-09	四半期	当期第1四半期累計	連結	実績		1株当たり当期純利益	NetIncomePerShare	50.34	JPYPerShares	50.34	CurrentAccumulatedQ1Duration_ConsolidatedMember_ResultMember	/disc/80370/081220170731443679_tse-qcedjpsm-80370-20170731443679-ixbrl.htm
2017-08-09	四半期	前期第1四半期累計	連結	実績		1株当たり当期純利益	NetIncomePerShare	53.83	JPYPerShares	53.83	PriorAccumulatedQ1Duration_ConsolidatedMember_ResultMember	/disc/80370/081220170731443679_tse-qcedjpsm-80370-20170731443679-ixbrl.htm
2017-08-09	四半期	当期第1四半期累計	連結	実績		総資産	TotalAssets	217255000000	JPY	217,255	CurrentAccumulatedQ1Instant_ConsolidatedMember_ResultMember	/disc/80370/081220170731443679_tse-qcedjpsm-80370-20170731443679-ixbrl.htm
2017-08-09	四半期	当期第1四半期累計	連結	実績		純資産	NetAssets	97592000000	JPY	97,592	CurrentAccumulatedQ1Instant_ConsolidatedMember_ResultMember	/disc/80370/081220170731443679_tse-qcedjpsm-80370-20170731443679-ixbrl.htm
2017-08-09	四半期	当期第1四半期累計	連結	実績		自己資本比率	CapitalAdequacyRatio	0.425	Pure	42.5	CurrentAccumulatedQ1Instant_ConsolidatedMember_ResultMember	/disc/80370/081220170731443679_tse-qcedjpsm-80370-20170731443679-ixbrl.htm
2017-08-09	四半期	当期第1四半期累計	連結	実績		1株当たり純資産	NetAssetsPerShare	2746.59	JPYPerShares	2,746.59	CurrentAccumulatedQ1Instant_ConsolidatedMember_ResultMember	/disc/80370/081220170731443679_tse-qcedjpsm-80370-20170731443679-ixbrl.htm
2017-08-09	四半期	前期	連結	実績		総資産	TotalAssets	222891000000	JPY	222,891	PriorYearInstant_ConsolidatedMember_ResultMember	/disc/80370/081220170731443679_tse-qcedjpsm-80370-20170731443679-ixbrl.htm
2017-08-09	四半期	前期	連結	実績		純資産	NetAssets	96458000000	JPY	96,458	PriorYearInstant_ConsolidatedMember_ResultMember	/disc/80370/081220170731443679_tse-qcedjpsm-80370-20170731443679-ixbrl.htm
2017-08-09	四半期	前期	連結	実績		自己資本比率	CapitalAdequacyRatio	0.409	Pure	40.9	PriorYearInstant_ConsolidatedMember_ResultMember	/disc/80370/081220170731443679_tse-qcedjpsm-80370-20170731443679-ixbrl.htm
2017-08-09	四半期	前期	連結	実績		1株当たり純資産	NetAssetsPerShare	2713.24	JPYPerShares	2,713.24	PriorYearInstant_ConsolidatedMember_ResultMember	/disc/80370/081220170731443679_tse-qcedjpsm-80370-20170731443679-ixbrl.htm
2017-08-09	四半期	当期第1四半期累計	連結	実績		自己資本	OwnersEquity	92288000000	JPY	92,288	CurrentAccumulatedQ1Instant_ConsolidatedMember_ResultMember	/disc/80370/081220170731443679_tse-qcedjpsm-80370-20170731443679-ixbrl.htm
2017-08-09	四半期	前期	連結	実績		自己資本	OwnersEquity	91168000000	JPY	91,168	PriorYearInstant_ConsolidatedMember_ResultMember	/disc/80370/081220170731443679_tse-qcedjpsm-80370-20170731443679-ixbrl.htm
2017-08-09	四半期	前期	単体	実績	第2四半期末	1株当たり配当金	DividendPerShare	10.00	JPYPerShares	10.00	PriorYearDuration_SecondQuarterMember_NonConsolidatedMember_ResultMember	/disc/80370/081220170731443679_tse-qcedjpsm-80370-20170731443679-ixbrl.htm
2017-08-09	四半期	前期	単体	実績	期末	1株当たり配当金	DividendPerShare	12.50	JPYPerShares	12.50	PriorYearDuration_YearEndMember_NonConsolidatedMember_ResultMember	/disc/80370/081220170731443679_tse-qcedjpsm-80370-20170731443679-ixbrl.htm
2017-08-09	四半期	前期	単体	実績	合計	1株当たり配当金	DividendPerShare	22.50	JPYPerShares	22.50	PriorYearDuration_AnnualMember_NonConsolidatedMember_ResultMember	/disc/80370/081220170731443679_tse-qcedjpsm-80370-20170731443679-ixbrl.htm
2017-08-09	四半期	当期	単体	予想	第2四半期末	1株当たり配当金	DividendPerShare	12.50	JPYPerShares	12.50	CurrentYearDuration_SecondQuarterMember_NonConsolidatedMember_ForecastMember	/disc/80370/081220170731443679_tse-qcedjpsm-80370-20170731443679-ixbrl.htm
2017-08-09	四半期	当期	単体	予想	期末	1株当たり配当金	DividendPerShare	12.50	JPYPerShares	12.50	CurrentYearDuration_YearEndMember_NonConsolidatedMember_ForecastMember	/disc/80370/081220170731443679_tse-qcedjpsm-80370-20170731443679-ixbrl.htm
2017-08-09	四半期	当期	単体	予想	合計	1株当たり配当金	DividendPerShare	25.00	JPYPerShares	25.00	CurrentYearDuration_AnnualMember_NonConsolidatedMember_ForecastMember	/disc/80370/081220170731443679_tse-qcedjpsm-80370-20170731443679-ixbrl.htm
2017-08-09	四半期	当期	単体	実績	合計	当四半期における配当予想の修正	CorrectionOfDividendForecastInThisQuarter			無	CurrentYearDuration_AnnualMember_NonConsolidatedMember_ResultMember	/disc/80370/081220170731443679_tse-qcedjpsm-80370-20170731443679-ixbrl.htm
2017-08-09	四半期	当期	連結	予想		業績予想の見出し	TitleForForecasts			3. 平成30年 3月期の連結業績予想（平成29年 4月 1日～平成30年 3月31日）	CurrentYearDuration_ConsolidatedMember_ForecastMember	/disc/80370/081220170731443679_tse-qcedjpsm-80370-20170731443679-ixbrl.htm
2017-08-09	四半期	当期第2四半期累計	連結	予想		売上高	NetSales	196000000000	JPY	196,000	CurrentAccumulatedQ2Duration_ConsolidatedMember_ForecastMember	/disc/80370/081220170731443679_tse-qcedjpsm-80370-20170731443679-ixbrl.htm
2017-08-09	四半期	当期第2四半期累計	連結	予想		売上高の増減率	ChangeInNetSales	0.040	Pure	4.0	CurrentAccumulatedQ2Duration_ConsolidatedMember_ForecastMember	/disc/80370/081220170731443679_tse-qcedjpsm-80370-20170731443679-ixbrl.htm
2017-08-09	四半期	当期第2四半期累計	連結	予想		営業利益	OperatingIncome	3400000000	JPY	3,400	CurrentAccumulatedQ2Duration_ConsolidatedMember_ForecastMember	/disc/80370/081220170731443679_tse-qcedjpsm-80370-20170731443679-ixbrl.htm
2017-08-09	四半期	当期第2四半期累計	連結	予想		営業利益の増減率	ChangeInOperatingIncome	-0.085	Pure	8.5	CurrentAccumulatedQ2Duration_ConsolidatedMember_ForecastMember	/disc/80370/081220170731443679_tse-qcedjpsm-80370-20170731443679-ixbrl.htm
2017-08-09	四半期	当期第2四半期累計	連結	予想		経常利益	OrdinaryIncome	3900000000	JPY	3,900	CurrentAccumulatedQ2Duration_ConsolidatedMember_ForecastMember	/disc/80370/081220170731443679_tse-qcedjpsm-80370-20170731443679-ixbrl.htm
2017-08-09	四半期	当期第2四半期累計	連結	予想		経常利益の増減率	ChangeInOrdinaryIncome	-0.058	Pure	5.8	CurrentAccumulatedQ2Duration_ConsolidatedMember_ForecastMember	/disc/80370/081220170731443679_tse-qcedjpsm-80370-20170731443679-ixbrl.htm
2017-08-09	四半期	当期第2四半期累計	連結	予想		親会社株主に帰属する当期純利益	ProfitAttributableToOwnersOfParent	2300000000	JPY	2,300	CurrentAccumulatedQ2Duration_ConsolidatedMember_ForecastMember	/disc/80370/081220170731443679_tse-qcedjpsm-80370-20170731443679-ixbrl.htm
2017-08-09	四半期	当期第2四半期累計	連結	予想		親会社株主に帰属する当期純利益の増減率	ChangeInProfitAttributableToOwnersOfParent	-0.214	Pure	21.4	CurrentAccumulatedQ2Duration_ConsolidatedMember_ForecastMember	/disc/80370/081220170731443679_tse-qcedjpsm-80370-20170731443679-ixbrl.htm
2017-08-09	四半期	当期第2四半期累計	連結	予想		1株当たり当期純利益	NetIncomePerShare	68.45	JPYPerShares	68.45	CurrentAccumulatedQ2Duration_ConsolidatedMember_ForecastMember	/disc/80370/081220170731443679_tse-qcedjpsm-80370-20170731443679-ixbrl.htm
2017-08-09	四半期	当期	連結	予想		売上高	NetSales	428000000000	JPY	428,000	CurrentYearDuration_ConsolidatedMember_ForecastMember	/disc/80370/081220170731443679_tse-qcedjpsm-80370-20170731443679-ixbrl.htm
2017-08-09	四半期	当期	連結	予想		売上高の増減率	ChangeInNetSales	0.011	Pure	1.1	CurrentYearDuration_ConsolidatedMember_ForecastMember	/disc/80370/081220170731443679_tse-qcedjpsm-80370-20170731443679-ixbrl.htm
2017-08-09	四半期	当期	連結	予想		営業利益	OperatingIncome	10200000000	JPY	10,200	CurrentYearDuration_ConsolidatedMember_ForecastMember	/disc/80370/081220170731443679_tse-qcedjpsm-80370-20170731443679-ixbrl.htm
2017-08-09	四半期	当期	連結	予想		営業利益の増減率	ChangeInOperatingIncome	-0.026	Pure	2.6	CurrentYearDuration_ConsolidatedMember_ForecastMember	/disc/80370/081220170731443679_tse-qcedjpsm-80370-20170731443679-ixbrl.htm
2017-08-09	四半期	当期	連結	予想		経常利益	OrdinaryIncome	11700000000	JPY	11,700	CurrentYearDuration_ConsolidatedMember_ForecastMember	/disc/80370/081220170731443679_tse-qcedjpsm-80370-20170731443679-ixbrl.htm
2017-08-09	四半期	当期	連結	予想		経常利益の増減率	ChangeInOrdinaryIncome	-0.025	Pure	2.5	CurrentYearDuration_ConsolidatedMember_ForecastMember	/disc/80370/081220170731443679_tse-qcedjpsm-80370-20170731443679-ixbrl.htm
2017-08-09	四半期	当期	連結	予想		親会社株主に帰属する当期純利益	ProfitAttributableToOwnersOfParent	7400000000	JPY	7,400	CurrentYearDuration_ConsolidatedMember_ForecastMember	/disc/80370/081220170731443679_tse-qcedjpsm-80370-20170731443679-ixbrl.htm
2017-08-09	四半期	当期	連結	予想		親会社株主に帰属する当期純利益の増減率	ChangeInProfitAttributableToOwnersOfParent	-0.056	Pure	5.6	CurrentYearDuration_ConsolidatedMember_ForecastMember	/disc/80370/081220170731443679_tse-qcedjpsm-80370-20170731443679-ixbrl.htm
2017-08-09	四半期	当期	連結	予想		1株当たり当期純利益	NetIncomePerShare	220.23	JPYPerShares	220.23	CurrentYearDuration_ConsolidatedMember_ForecastMember	/disc/80370/081220170731443679_tse-qcedjpsm-80370-20170731443679-ixbrl.htm
2017-08-09	四半期	当期	連結	予想		当四半期における業績予想の修正	CorrectionOfConsolidatedFinancialForecastInThisQuarter			無	CurrentYearDuration_ConsolidatedMember_ForecastMember	/disc/80370/081220170731443679_tse-qcedjpsm-80370-20170731443679-ixbrl.htm
2017-08-09	四半期	当期第1四半期累計	連結	実績			MaterialChangesInSubsidiariesDuringThisPeriodChangesInScopeOfConsolidationsResultingFromChangeIsSubsidiaries			無	CurrentAccumulatedQ1Duration_ConsolidatedMember_ResultMember	/disc/80370/081220170731443679_tse-qcedjpsm-80370-20170731443679-ixbrl.htm
2017-08-09	四半期	当期第1四半期累計	連結	実績			ApplyingOfSpecificAccountingOfTheConsolidatedQuarterlyFinancialStatements			無	CurrentAccumulatedQ1Duration_ConsolidatedMember_ResultMember	/disc/80370/081220170731443679_tse-qcedjpsm-80370-20170731443679-ixbrl.htm
2017-08-09	四半期	当期第1四半期累計	連結	実績		会計基準等の改正に伴う変更	ChangesBasedOnRevisionsOfAccountingStandard			無	CurrentAccumulatedQ1Duration_ConsolidatedMember_ResultMember	/disc/80370/081220170731443679_tse-qcedjpsm-80370-20170731443679-ixbrl.htm
2017-08-09	四半期	当期第1四半期累計	連結	実績		それ以外の会計方針の変更	ChangesOtherThanOnesBasedOnRevisionsOfAccountingStandard			無	CurrentAccumulatedQ1Duration_ConsolidatedMember_ResultMember	/disc/80370/081220170731443679_tse-qcedjpsm-80370-20170731443679-ixbrl.htm
2017-08-09	四半期	当期第1四半期累計	連結	実績		会計上の見積りの変更	ChangesInAccountingEstimates			無	CurrentAccumulatedQ1Duration_ConsolidatedMember_ResultMember	/disc/80370/081220170731443679_tse-qcedjpsm-80370-20170731443679-ixbrl.htm
2017-08-09	四半期	当期第1四半期累計	連結	実績		修正再表示	RetrospectiveRestatement			無	CurrentAccumulatedQ1Duration_ConsolidatedMember_ResultMember	/disc/80370/081220170731443679_tse-qcedjpsm-80370-20170731443679-ixbrl.htm
2017-08-09	四半期	当期第1四半期累計	単体	実績		期末発行済株式数(自己株式を含む)	NumberOfIssuedAndOutstandingSharesAtTheEndOfFiscalYearIncludingTreasuryStock	37591969	Shares	37,591,969	CurrentAccumulatedQ1Instant_NonConsolidatedMember_ResultMember	/disc/80370/081220170731443679_tse-qcedjpsm-80370-20170731443679-ixbrl.htm
2017-08-09	四半期	前期	単体	実績		期末発行済株式数(自己株式を含む)	NumberOfIssuedAndOutstandingSharesAtTheEndOfFiscalYearIncludingTreasuryStock	37591969	Shares	37,591,969	PriorYearInstant_NonConsolidatedMember_ResultMember	/disc/80370/081220170731443679_tse-qcedjpsm-80370-20170731443679-ixbrl.htm
2017-08-09	四半期	当期第1四半期累計	単体	実績		期末自己株式数	NumberOfTreasuryStockAtTheEndOfFiscalYear	3990843	Shares	3,990,843	CurrentAccumulatedQ1Instant_NonConsolidatedMember_ResultMember	/disc/80370/081220170731443679_tse-qcedjpsm-80370-20170731443679-ixbrl.htm
2017-08-09	四半期	前期	単体	実績		期末自己株式数	NumberOfTreasuryStockAtTheEndOfFiscalYear	3990769	Shares	3,990,769	PriorYearInstant_NonConsolidatedMember_ResultMember	/disc/80370/081220170731443679_tse-qcedjpsm-80370-20170731443679-ixbrl.htm
2017-08-09	四半期	当期第1四半期累計	単体	実績		期中平均株式数	AverageNumberOfShares	33601164	Shares	33,601,164	CurrentAccumulatedQ1Duration_NonConsolidatedMember_ResultMember	/disc/80370/081220170731443679_tse-qcedjpsm-80370-20170731443679-ixbrl.htm
2017-08-09	四半期	前期第1四半期累計	単体	実績		期中平均株式数	AverageNumberOfShares	33601292	Shares	33,601,292	PriorAccumulatedQ1Duration_NonConsolidatedMember_ResultMember	/disc/80370/081220170731443679_tse-qcedjpsm-80370-20170731443679-ixbrl.htm
2017-08-09	四半期	当期				将来情報の利用に関する注意	NotesForUsingForecastedInformationAndOthers			本資料に記載されている業績見通し等の将来に関する記述は、当社が現在入手している情報及び合理的であると判断する一定の前提に基づいており、その達成を当社として約束する趣旨のものではありません。また、実際の業績等は様々な要因により大きく異なる可能性があります。業績予想の前提となる条件及び業績予想のご利用に当たっての注意事項等については、添付資料４ページ「１．当四半期決算に関する定性的情報（３）連結業績予想などの将来予測情報に関する説明」をご覧ください。	CurrentYearDuration	/disc/80370/081220170731443679_tse-qcedjpsm-80370-20170731443679-ixbrl.htm
2017-08-09	四半期	当期				決算期末	FiscalYearEnd			2018-03-31	CurrentYearInstant	/disc/80370/081220170731443679_tse-qcedjpsm-80370-20170731443679-ixbrl.htm
2017-08-09	四半期	当期第1四半期累計				四半期	QuarterlyPeriod	1	Pure	1	CurrentAccumulatedQ1Instant	/disc/80370/081220170731443679_tse-qcedjpsm-80370-20170731443679-ixbrl.htm
2017-11-09	四半期	当期第2四半期累計				書類名	DocumentName			第2四半期決算短信〔日本基準〕（連結）	CurrentAccumulatedQ2Instant	/disc/80370/081220171101405628_tse-qcedjpsm-80370-20171101405628-ixbrl.htm
2017-11-09	四半期	当期第2四半期累計				提出日	FilingDate			平成29年11月9日	CurrentAccumulatedQ2Instant	/disc/80370/081220171101405628_tse-qcedjpsm-80370-20171101405628-ixbrl.htm
2017-11-09	四半期	当期第2四半期累計				会社名	CompanyName			カメイ株式会社	CurrentAccumulatedQ2Instant	/disc/80370/081220171101405628_tse-qcedjpsm-80370-20171101405628-ixbrl.htm
2017-11-09	四半期	当期第2四半期累計					TokyoStockExchange			東	CurrentAccumulatedQ2Instant	/disc/80370/081220171101405628_tse-qcedjpsm-80370-20171101405628-ixbrl.htm
2017-11-09	四半期	当期第2四半期累計				証券コード	SecuritiesCode			80370	CurrentAccumulatedQ2Instant	/disc/80370/081220171101405628_tse-qcedjpsm-80370-20171101405628-ixbrl.htm
2017-11-09	四半期	当期第2四半期累計				URL	URL			http://www.kamei.co.jp/	CurrentAccumulatedQ2Instant	/disc/80370/081220171101405628_tse-qcedjpsm-80370-20171101405628-ixbrl.htm
2017-11-09	四半期	当期第2四半期累計				代表者の役職	TitleRepresentative			代表取締役社長	CurrentAccumulatedQ2Instant	/disc/80370/081220171101405628_tse-qcedjpsm-80370-20171101405628-ixbrl.htm
2017-11-09	四半期	当期第2四半期累計				代表者名	NameRepresentative			亀井文行	CurrentAccumulatedQ2Instant	/disc/80370/081220171101405628_tse-qcedjpsm-80370-20171101405628-ixbrl.htm
2017-11-09	四半期	当期第2四半期累計					TitleInquiries			管理部長	CurrentAccumulatedQ2Instant	/disc/80370/081220171101405628_tse-qcedjpsm-80370-20171101405628-ixbrl.htm
2017-11-09	四半期	当期第2四半期累計					NameInquiries			小林哲也	CurrentAccumulatedQ2Instant	/disc/80370/081220171101405628_tse-qcedjpsm-80370-20171101405628-ixbrl.htm
2017-11-09	四半期	当期第2四半期累計					Tel			022-264-6112	CurrentAccumulatedQ2Instant	/disc/80370/081220171101405628_tse-qcedjpsm-80370-20171101405628-ixbrl.htm
2017-11-09	四半期	当期第2四半期累計					QuarterlyStatementFilingDateAsPlanned			平成29年11月9日	CurrentAccumulatedQ2Instant	/disc/80370/081220171101405628_tse-qcedjpsm-80370-20171101405628-ixbrl.htm
2017-11-09	四半期	当期第2四半期累計					DividendPayableDateAsPlanned			平成29年12月5日	CurrentAccumulatedQ2Instant	/disc/80370/081220171101405628_tse-qcedjpsm-80370-20171101405628-ixbrl.htm
2017-11-09	四半期	当期第2四半期累計					SupplementalMaterialOfQuarterlyResults			無	CurrentAccumulatedQ2Instant	/disc/80370/081220171101405628_tse-qcedjpsm-80370-20171101405628-ixbrl.htm
2017-11-09	四半期	当期第2四半期累計					ConveningBriefingOfQuarterlyResults			無	CurrentAccumulatedQ2Instant	/disc/80370/081220171101405628_tse-qcedjpsm-80370-20171101405628-ixbrl.htm
2017-11-09	四半期	当期第2四半期累計					NoteToFractionProcessingMethod			（百万円未満切捨て）	CurrentAccumulatedQ2Instant	/disc/80370/081220171101405628_tse-qcedjpsm-80370-20171101405628-ixbrl.htm
2017-11-09	四半期	当期第2四半期累計	連結	実績		売上高	NetSales	197613000000	JPY	197,613	CurrentAccumulatedQ2Duration_ConsolidatedMember_ResultMember	/disc/80370/081220171101405628_tse-qcedjpsm-80370-20171101405628-ixbrl.htm
2017-11-09	四半期	当期第2四半期累計	連結	実績		売上高の増減率	ChangeInNetSales	0.049	Pure	4.9	CurrentAccumulatedQ2Duration_ConsolidatedMember_ResultMember	/disc/80370/081220171101405628_tse-qcedjpsm-80370-20171101405628-ixbrl.htm
2017-11-09	四半期	当期第2四半期累計	連結	実績		営業利益	OperatingIncome	3393000000	JPY	3,393	CurrentAccumulatedQ2Duration_ConsolidatedMember_ResultMember	/disc/80370/081220171101405628_tse-qcedjpsm-80370-20171101405628-ixbrl.htm
2017-11-09	四半期	当期第2四半期累計	連結	実績		営業利益の増減率	ChangeInOperatingIncome	-0.087	Pure	8.7	CurrentAccumulatedQ2Duration_ConsolidatedMember_ResultMember	/disc/80370/081220171101405628_tse-qcedjpsm-80370-20171101405628-ixbrl.htm
2017-11-09	四半期	当期第2四半期累計	連結	実績		経常利益	OrdinaryIncome	3964000000	JPY	3,964	CurrentAccumulatedQ2Duration_ConsolidatedMember_ResultMember	/disc/80370/081220171101405628_tse-qcedjpsm-80370-20171101405628-ixbrl.htm
2017-11-09	四半期	当期第2四半期累計	連結	実績		経常利益の増減率	ChangeInOrdinaryIncome	-0.043	Pure	4.3	CurrentAccumulatedQ2Duration_ConsolidatedMember_ResultMember	/disc/80370/081220171101405628_tse-qcedjpsm-80370-20171101405628-ixbrl.htm
2017-11-09	四半期	当期第2四半期累計	連結	実績		親会社株主に帰属する当期純利益	ProfitAttributableToOwnersOfParent	2952000000	JPY	2,952	CurrentAccumulatedQ2Duration_ConsolidatedMember_ResultMember	/disc/80370/081220171101405628_tse-qcedjpsm-80370-20171101405628-ixbrl.htm
2017-11-09	四半期	当期第2四半期累計	連結	実績		親会社株主に帰属する当期純利益の増減率	ChangeInProfitAttributableToOwnersOfParent	0.009	Pure	0.9	CurrentAccumulatedQ2Duration_ConsolidatedMember_ResultMember	/disc/80370/081220171101405628_tse-qcedjpsm-80370-20171101405628-ixbrl.htm
2017-11-09	四半期	前期第2四半期累計	連結	実績		売上高	NetSales	188378000000	JPY	188,378	PriorAccumulatedQ2Duration_ConsolidatedMember_ResultMember	/disc/80370/081220171101405628_tse-qcedjpsm-80370-20171101405628-ixbrl.htm
2017-11-09	四半期	前期第2四半期累計	連結	実績		売上高の増減率	ChangeInNetSales	-0.077	Pure	7.7	PriorAccumulatedQ2Duration_ConsolidatedMember_ResultMember	/disc/80370/081220171101405628_tse-qcedjpsm-80370-20171101405628-ixbrl.htm
2017-11-09	四半期	前期第2四半期累計	連結	実績		営業利益	OperatingIncome	3717000000	JPY	3,717	PriorAccumulatedQ2Duration_ConsolidatedMember_ResultMember	/disc/80370/081220171101405628_tse-qcedjpsm-80370-20171101405628-ixbrl.htm
2017-11-09	四半期	前期第2四半期累計	連結	実績		営業利益の増減率	ChangeInOperatingIncome	-0.137	Pure	13.7	PriorAccumulatedQ2Duration_ConsolidatedMember_ResultMember	/disc/80370/081220171101405628_tse-qcedjpsm-80370-20171101405628-ixbrl.htm
2017-11-09	四半期	前期第2四半期累計	連結	実績		経常利益	OrdinaryIncome	4140000000	JPY	4,140	PriorAccumulatedQ2Duration_ConsolidatedMember_ResultMember	/disc/80370/081220171101405628_tse-qcedjpsm-80370-20171101405628-ixbrl.htm
2017-11-09	四半期	前期第2四半期累計	連結	実績		経常利益の増減率	ChangeInOrdinaryIncome	-0.167	Pure	16.7	PriorAccumulatedQ2Duration_ConsolidatedMember_ResultMember	/disc/80370/081220171101405628_tse-qcedjpsm-80370-20171101405628-ixbrl.htm
2017-11-09	四半期	前期第2四半期累計	連結	実績		親会社株主に帰属する当期純利益	ProfitAttributableToOwnersOfParent	2926000000	JPY	2,926	PriorAccumulatedQ2Duration_ConsolidatedMember_ResultMember	/disc/80370/081220171101405628_tse-qcedjpsm-80370-20171101405628-ixbrl.htm
2017-11-09	四半期	前期第2四半期累計	連結	実績		親会社株主に帰属する当期純利益の増減率	ChangeInProfitAttributableToOwnersOfParent	0.008	Pure	0.8	PriorAccumulatedQ2Duration_ConsolidatedMember_ResultMember	/disc/80370/081220171101405628_tse-qcedjpsm-80370-20171101405628-ixbrl.htm
2017-11-09	四半期	当期第2四半期累計	連結	実績		包括利益	ComprehensiveIncome	3301000000	JPY	3,301	CurrentAccumulatedQ2Duration_ConsolidatedMember_ResultMember	/disc/80370/081220171101405628_tse-qcedjpsm-80370-20171101405628-ixbrl.htm
2017-11-09	四半期	当期第2四半期累計	連結	実績		包括利益の増減率	ChangeInComprehensiveIncome	0.652	Pure	65.2	CurrentAccumulatedQ2Duration_ConsolidatedMember_ResultMember	/disc/80370/081220171101405628_tse-qcedjpsm-80370-20171101405628-ixbrl.htm
2017-11-09	四半期	前期第2四半期累計	連結	実績		包括利益	ComprehensiveIncome	1998000000	JPY	1,998	PriorAccumulatedQ2Duration_ConsolidatedMember_ResultMember	/disc/80370/081220171101405628_tse-qcedjpsm-80370-20171101405628-ixbrl.htm
2017-11-09	四半期	前期第2四半期累計	連結	実績		包括利益の増減率	ChangeInComprehensiveIncome	-0.041	Pure	4.1	PriorAccumulatedQ2Duration_ConsolidatedMember_ResultMember	/disc/80370/081220171101405628_tse-qcedjpsm-80370-20171101405628-ixbrl.htm
2017-11-09	四半期	当期第2四半期累計	連結	実績		1株当たり当期純利益	NetIncomePerShare	87.86	JPYPerShares	87.86	CurrentAccumulatedQ2Duration_ConsolidatedMember_ResultMember	/disc/80370/081220171101405628_tse-qcedjpsm-80370-20171101405628-ixbrl.htm
2017-11-09	四半期	前期第2四半期累計	連結	実績		1株当たり当期純利益	NetIncomePerShare	87.09	JPYPerShares	87.09	PriorAccumulatedQ2Duration_ConsolidatedMember_ResultMember	/disc/80370/081220171101405628_tse-qcedjpsm-80370-20171101405628-ixbrl.htm
2017-11-09	四半期	当期第2四半期累計	連結	実績		総資産	TotalAssets	228134000000	JPY	228,134	CurrentAccumulatedQ2Instant_ConsolidatedMember_ResultMember	/disc/80370/081220171101405628_tse-qcedjpsm-80370-20171101405628-ixbrl.htm
2017-11-09	四半期	当期第2四半期累計	連結	実績		純資産	NetAssets	99281000000	JPY	99,281	CurrentAccumulatedQ2Instant_ConsolidatedMember_ResultMember	/disc/80370/081220171101405628_tse-qcedjpsm-80370-20171101405628-ixbrl.htm
2017-11-09	四半期	当期第2四半期累計	連結	実績		自己資本比率	CapitalAdequacyRatio	0.412	Pure	41.2	CurrentAccumulatedQ2Instant_ConsolidatedMember_ResultMember	/disc/80370/081220171101405628_tse-qcedjpsm-80370-20171101405628-ixbrl.htm
2017-11-09	四半期	当期第2四半期累計	連結	実績		1株当たり純資産	NetAssetsPerShare	2794.41	JPYPerShares	2,794.41	CurrentAccumulatedQ2Instant_ConsolidatedMember_ResultMember	/disc/80370/081220171101405628_tse-qcedjpsm-80370-20171101405628-ixbrl.htm
2017-11-09	四半期	前期	連結	実績		総資産	TotalAssets	222891000000	JPY	222,891	PriorYearInstant_ConsolidatedMember_ResultMember	/disc/80370/081220171101405628_tse-qcedjpsm-80370-20171101405628-ixbrl.htm
2017-11-09	四半期	前期	連結	実績		純資産	NetAssets	96458000000	JPY	96,458	PriorYearInstant_ConsolidatedMember_ResultMember	/disc/80370/081220171101405628_tse-qcedjpsm-80370-20171101405628-ixbrl.htm
2017-11-09	四半期	前期	連結	実績		自己資本比率	CapitalAdequacyRatio	0.409	Pure	40.9	PriorYearInstant_ConsolidatedMember_ResultMember	/disc/80370/081220171101405628_tse-qcedjpsm-80370-20171101405628-ixbrl.htm
2017-11-09	四半期	前期	連結	実績		1株当たり純資産	NetAssetsPerShare	2713.24	JPYPerShares	2,713.24	PriorYearInstant_ConsolidatedMember_ResultMember	/disc/80370/081220171101405628_tse-qcedjpsm-80370-20171101405628-ixbrl.htm
2017-11-09	四半期	当期第2四半期累計	連結	実績		自己資本	OwnersEquity	93895000000	JPY	93,895	CurrentAccumulatedQ2Instant_ConsolidatedMember_ResultMember	/disc/80370/081220171101405628_tse-qcedjpsm-80370-20171101405628-ixbrl.htm
2017-11-09	四半期	前期	連結	実績		自己資本	OwnersEquity	91168000000	JPY	91,168	PriorYearInstant_ConsolidatedMember_ResultMember	/disc/80370/081220171101405628_tse-qcedjpsm-80370-20171101405628-ixbrl.htm
2017-11-09	四半期	前期	単体	実績	第2四半期末	1株当たり配当金	DividendPerShare	10.00	JPYPerShares	10.00	PriorYearDuration_SecondQuarterMember_NonConsolidatedMember_ResultMember	/disc/80370/081220171101405628_tse-qcedjpsm-80370-20171101405628-ixbrl.htm
2017-11-09	四半期	前期	単体	実績	期末	1株当たり配当金	DividendPerShare	12.50	JPYPerShares	12.50	PriorYearDuration_YearEndMember_NonConsolidatedMember_ResultMember	/disc/80370/081220171101405628_tse-qcedjpsm-80370-20171101405628-ixbrl.htm
2017-11-09	四半期	前期	単体	実績	合計	1株当たり配当金	DividendPerShare	22.50	JPYPerShares	22.50	PriorYearDuration_AnnualMember_NonConsolidatedMember_ResultMember	/disc/80370/081220171101405628_tse-qcedjpsm-80370-20171101405628-ixbrl.htm
2017-11-09	四半期	当期	単体	実績	第2四半期末	1株当たり配当金	DividendPerShare	12.50	JPYPerShares	12.50	CurrentYearDuration_SecondQuarterMember_NonConsolidatedMember_ResultMember	/disc/80370/081220171101405628_tse-qcedjpsm-80370-20171101405628-ixbrl.htm
2017-11-09	四半期	当期	単体	予想	期末	1株当たり配当金	DividendPerShare	12.50	JPYPerShares	12.50	CurrentYearDuration_YearEndMember_NonConsolidatedMember_ForecastMember	/disc/80370/081220171101405628_tse-qcedjpsm-80370-20171101405628-ixbrl.htm
2017-11-09	四半期	当期	単体	予想	合計	1株当たり配当金	DividendPerShare	25.00	JPYPerShares	25.00	CurrentYearDuration_AnnualMember_NonConsolidatedMember_ForecastMember	/disc/80370/081220171101405628_tse-qcedjpsm-80370-20171101405628-ixbrl.htm
2017-11-09	四半期	当期	単体	実績	合計	当四半期における配当予想の修正	CorrectionOfDividendForecastInThisQuarter			無	CurrentYearDuration_AnnualMember_NonConsolidatedMember_ResultMember	/disc/80370/081220171101405628_tse-qcedjpsm-80370-20171101405628-ixbrl.htm
2017-11-09	四半期	当期	連結	予想		業績予想の見出し	TitleForForecasts			3. 平成30年 3月期の連結業績予想（平成29年 4月 1日～平成30年 3月31日）	CurrentYearDuration_ConsolidatedMember_ForecastMember	/disc/80370/081220171101405628_tse-qcedjpsm-80370-20171101405628-ixbrl.htm
2017-11-09	四半期	当期	連結	予想		売上高	NetSales	428000000000	JPY	428,000	CurrentYearDuration_ConsolidatedMember_ForecastMember	/disc/80370/081220171101405628_tse-qcedjpsm-80370-20171101405628-ixbrl.htm
2017-11-09	四半期	当期	連結	予想		売上高の増減率	ChangeInNetSales	0.011	Pure	1.1	CurrentYearDuration_ConsolidatedMember_ForecastMember	/disc/80370/081220171101405628_tse-qcedjpsm-80370-20171101405628-ixbrl.htm
2017-11-09	四半期	当期	連結	予想		営業利益	OperatingIncome	10200000000	JPY	10,200	CurrentYearDuration_ConsolidatedMember_ForecastMember	/disc/80370/081220171101405628_tse-qcedjpsm-80370-20171101405628-ixbrl.htm
2017-11-09	四半期	当期	連結	予想		営業利益の増減率	ChangeInOperatingIncome	-0.026	Pure	2.6	CurrentYearDuration_ConsolidatedMember_ForecastMember	/disc/80370/081220171101405628_tse-qcedjpsm-80370-20171101405628-ixbrl.htm
2017-11-09	四半期	当期	連結	予想		経常利益	OrdinaryIncome	11700000000	JPY	11,700	CurrentYearDuration_ConsolidatedMember_ForecastMember	/disc/80370/081220171101405628_tse-qcedjpsm-80370-20171101405628-ixbrl.htm
2017-11-09	四半期	当期	連結	予想		経常利益の増減率	ChangeInOrdinaryIncome	-0.025	Pure	2.5	CurrentYearDuration_ConsolidatedMember_ForecastMember	/disc/80370/081220171101405628_tse-qcedjpsm-80370-20171101405628-ixbrl.htm
2017-11-09	四半期	当期	連結	予想		親会社株主に帰属する当期純利益	ProfitAttributableToOwnersOfParent	7400000000	JPY	7,400	CurrentYearDuration_ConsolidatedMember_ForecastMember	/disc/80370/081220171101405628_tse-qcedjpsm-80370-20171101405628-ixbrl.htm
2017-11-09	四半期	当期	連結	予想		親会社株主に帰属する当期純利益の増減率	ChangeInProfitAttributableToOwnersOfParent	-0.056	Pure	5.6	CurrentYearDuration_ConsolidatedMember_ForecastMember	/disc/80370/081220171101405628_tse-qcedjpsm-80370-20171101405628-ixbrl.htm
2017-11-09	四半期	当期	連結	予想		1株当たり当期純利益	NetIncomePerShare	220.23	JPYPerShares	220.23	CurrentYearDuration_ConsolidatedMember_ForecastMember	/disc/80370/081220171101405628_tse-qcedjpsm-80370-20171101405628-ixbrl.htm
2017-11-09	四半期	当期	連結	予想		当四半期における業績予想の修正	CorrectionOfConsolidatedFinancialForecastInThisQuarter			無	CurrentYearDuration_ConsolidatedMember_ForecastMember	/disc/80370/081220171101405628_tse-qcedjpsm-80370-20171101405628-ixbrl.htm
2017-11-09	四半期	当期第2四半期累計	連結	実績			MaterialChangesInSubsidiariesDuringThisPeriodChangesInScopeOfConsolidationsResultingFromChangeIsSubsidiaries			無	CurrentAccumulatedQ2Duration_ConsolidatedMember_ResultMember	/disc/80370/081220171101405628_tse-qcedjpsm-80370-20171101405628-ixbrl.htm
2017-11-09	四半期	当期第2四半期累計	連結	実績			ApplyingOfSpecificAccountingOfTheConsolidatedQuarterlyFinancialStatements			無	CurrentAccumulatedQ2Duration_ConsolidatedMember_ResultMember	/disc/80370/081220171101405628_tse-qcedjpsm-80370-20171101405628-ixbrl.htm
2017-11-09	四半期	当期第2四半期累計	連結	実績		会計基準等の改正に伴う変更	ChangesBasedOnRevisionsOfAccountingStandard			無	CurrentAccumulatedQ2Duration_ConsolidatedMember_ResultMember	/disc/80370/081220171101405628_tse-qcedjpsm-80370-20171101405628-ixbrl.htm
2017-11-09	四半期	当期第2四半期累計	連結	実績		それ以外の会計方針の変更	ChangesOtherThanOnesBasedOnRevisionsOfAccountingStandard			無	CurrentAccumulatedQ2Duration_ConsolidatedMember_ResultMember	/disc/80370/081220171101405628_tse-qcedjpsm-80370-20171101405628-ixbrl.htm
2017-11-09	四半期	当期第2四半期累計	連結	実績		会計上の見積りの変更	ChangesInAccountingEstimates			無	CurrentAccumulatedQ2Duration_ConsolidatedMember_ResultMember	/disc/80370/081220171101405628_tse-qcedjpsm-80370-20171101405628-ixbrl.htm
2017-11-09	四半期	当期第2四半期累計	連結	実績		修正再表示	RetrospectiveRestatement			無	CurrentAccumulatedQ2Duration_ConsolidatedMember_ResultMember	/disc/80370/081220171101405628_tse-qcedjpsm-80370-20171101405628-ixbrl.htm
2017-11-09	四半期	当期第2四半期累計	単体	実績		期末発行済株式数(自己株式を含む)	NumberOfIssuedAndOutstandingSharesAtTheEndOfFiscalYearIncludingTreasuryStock	37591969	Shares	37,591,969	CurrentAccumulatedQ2Instant_NonConsolidatedMember_ResultMember	/disc/80370/081220171101405628_tse-qcedjpsm-80370-20171101405628-ixbrl.htm
2017-11-09	四半期	前期	単体	実績		期末発行済株式数(自己株式を含む)	NumberOfIssuedAndOutstandingSharesAtTheEndOfFiscalYearIncludingTreasuryStock	37591969	Shares	37,591,969	PriorYearInstant_NonConsolidatedMember_ResultMember	/disc/80370/081220171101405628_tse-qcedjpsm-80370-20171101405628-ixbrl.htm
2017-11-09	四半期	当期第2四半期累計	単体	実績		期末自己株式数	NumberOfTreasuryStockAtTheEndOfFiscalYear	3990853	Shares	3,990,853	CurrentAccumulatedQ2Instant_NonConsolidatedMember_ResultMember	/disc/80370/081220171101405628_tse-qcedjpsm-80370-20171101405628-ixbrl.htm
2017-11-09	四半期	前期	単体	実績		期末自己株式数	NumberOfTreasuryStockAtTheEndOfFiscalYear	3990769	Shares	3,990,769	PriorYearInstant_NonConsolidatedMember_ResultMember	/disc/80370/081220171101405628_tse-qcedjpsm-80370-20171101405628-ixbrl.htm
2017-11-09	四半期	当期第2四半期累計	単体	実績		期中平均株式数	AverageNumberOfShares	33601143	Shares	33,601,143	CurrentAccumulatedQ2Duration_NonConsolidatedMember_ResultMember	/disc/80370/081220171101405628_tse-qcedjpsm-80370-20171101405628-ixbrl.htm
2017-11-09	四半期	前期第2四半期累計	単体	実績		期中平均株式数	AverageNumberOfShares	33601291	Shares	33,601,291	PriorAccumulatedQ2Duration_NonConsolidatedMember_ResultMember	/disc/80370/081220171101405628_tse-qcedjpsm-80370-20171101405628-ixbrl.htm
2017-11-09	四半期	当期				将来情報の利用に関する注意	NotesForUsingForecastedInformationAndOthers			本資料に記載されている業績見通し等の将来に関する記述は、当社が現在入手している情報及び合理的であると判断する一定の前提に基づいており、その達成を当社として約束する趣旨のものではありません。また、実際の業績等は様々な要因により大きく異なる可能性があります。業績予想の前提となる条件及び業績予想のご利用に当たっての注意事項等については、添付資料４ページ「１．当四半期決算に関する定性的情報（３）連結業績予想などの将来予測情報に関する説明」をご覧ください。	CurrentYearDuration	/disc/80370/081220171101405628_tse-qcedjpsm-80370-20171101405628-ixbrl.htm
2017-11-09	四半期	当期				決算期末	FiscalYearEnd			2018-03-31	CurrentYearInstant	/disc/80370/081220171101405628_tse-qcedjpsm-80370-20171101405628-ixbrl.htm
2017-11-09	四半期	当期第2四半期累計				四半期	QuarterlyPeriod	2	Pure	2	CurrentAccumulatedQ2Instant	/disc/80370/081220171101405628_tse-qcedjpsm-80370-20171101405628-ixbrl.htm
2018-02-08	四半期	当期第3四半期累計				書類名	DocumentName			第3四半期決算短信〔日本基準〕（連結）	CurrentAccumulatedQ3Instant	/disc/80370/081220180131460970_tse-qcedjpsm-80370-20180131460970-ixbrl.htm
2018-02-08	四半期	当期第3四半期累計				提出日	FilingDate			平成30年2月8日	CurrentAccumulatedQ3Instant	/disc/80370/081220180131460970_tse-qcedjpsm-80370-20180131460970-ixbrl.htm
2018-02-08	四半期	当期第3四半期累計				会社名	CompanyName			カメイ株式会社	CurrentAccumulatedQ3Instant	/disc/80370/081220180131460970_tse-qcedjpsm-80370-20180131460970-ixbrl.htm
2018-02-08	四半期	当期第3四半期累計					TokyoStockExchange			東	CurrentAccumulatedQ3Instant	/disc/80370/081220180131460970_tse-qcedjpsm-80370-20180131460970-ixbrl.htm
2018-02-08	四半期	当期第3四半期累計				証券コード	SecuritiesCode			80370	CurrentAccumulatedQ3Instant	/disc/80370/081220180131460970_tse-qcedjpsm-80370-20180131460970-ixbrl.htm
2018-02-08	四半期	当期第3四半期累計				URL	URL			http://www.kamei.co.jp/	CurrentAccumulatedQ3Instant	/disc/80370/081220180131460970_tse-qcedjpsm-80370-20180131460970-ixbrl.htm
2018-02-08	四半期	当期第3四半期累計				代表者の役職	TitleRepresentative			代表取締役社長	CurrentAccumulatedQ3Instant	/disc/80370/081220180131460970_tse-qcedjpsm-80370-20180131460970-ixbrl.htm
2018-02-08	四半期	当期第3四半期累計				代表者名	NameRepresentative			亀井文行	CurrentAccumulatedQ3Instant	/disc/80370/081220180131460970_tse-qcedjpsm-80370-20180131460970-ixbrl.htm
2018-02-08	四半期	当期第3四半期累計					TitleInquiries			管理部長	CurrentAccumulatedQ3Instant	/disc/80370/081220180131460970_tse-qcedjpsm-80370-20180131460970-ixbrl.htm
2018-02-08	四半期	当期第3四半期累計					NameInquiries			小林哲也	CurrentAccumulatedQ3Instant	/disc/80370/081220180131460970_tse-qcedjpsm-80370-20180131460970-ixbrl.htm
2018-02-08	四半期	当期第3四半期累計					Tel			022-264-6112	CurrentAccumulatedQ3Instant	/disc/80370/081220180131460970_tse-qcedjpsm-80370-20180131460970-ixbrl.htm
2018-02-08	四半期	当期第3四半期累計					QuarterlyStatementFilingDateAsPlanned			平成30年2月8日	CurrentAccumulatedQ3Instant	/disc/80370/081220180131460970_tse-qcedjpsm-80370-20180131460970-ixbrl.htm
2018-02-08	四半期	当期第3四半期累計					SupplementalMaterialOfQuarterlyResults			無	CurrentAccumulatedQ3Instant	/disc/80370/081220180131460970_tse-qcedjpsm-80370-20180131460970-ixbrl.htm
2018-02-08	四半期	当期第3四半期累計					ConveningBriefingOfQuarterlyResults			無	CurrentAccumulatedQ3Instant	/disc/80370/081220180131460970_tse-qcedjpsm-80370-20180131460970-ixbrl.htm
2018-02-08	四半期	当期第3四半期累計					NoteToFractionProcessingMethod			（百万円未満切捨て）	CurrentAccumulatedQ3Instant	/disc/80370/081220180131460970_tse-qcedjpsm-80370-20180131460970-ixbrl.htm
2018-02-08	四半期	当期第3四半期累計	連結	実績		売上高	NetSales	317084000000	JPY	317,084	CurrentAccumulatedQ3Duration_ConsolidatedMember_ResultMember	/disc/80370/081220180131460970_tse-qcedjpsm-80370-20180131460970-ixbrl.htm
2018-02-08	四半期	当期第3四半期累計	連結	実績		売上高の増減率	ChangeInNetSales	0.060	Pure	6.0	CurrentAccumulatedQ3Duration_ConsolidatedMember_ResultMember	/disc/80370/081220180131460970_tse-qcedjpsm-80370-20180131460970-ixbrl.htm
2018-02-08	四半期	当期第3四半期累計	連結	実績		営業利益	OperatingIncome	5259000000	JPY	5,259	CurrentAccumulatedQ3Duration_ConsolidatedMember_ResultMember	/disc/80370/081220180131460970_tse-qcedjpsm-80370-20180131460970-ixbrl.htm
2018-02-08	四半期	当期第3四半期累計	連結	実績		営業利益の増減率	ChangeInOperatingIncome	-0.106	Pure	10.6	CurrentAccumulatedQ3Duration_ConsolidatedMember_ResultMember	/disc/80370/081220180131460970_tse-qcedjpsm-80370-20180131460970-ixbrl.htm
2018-02-08	四半期	当期第3四半期累計	連結	実績		経常利益	OrdinaryIncome	6198000000	JPY	6,198	CurrentAccumulatedQ3Duration_ConsolidatedMember_ResultMember	/disc/80370/081220180131460970_tse-qcedjpsm-80370-20180131460970-ixbrl.htm
2018-02-08	四半期	当期第3四半期累計	連結	実績		経常利益の増減率	ChangeInOrdinaryIncome	-0.126	Pure	12.6	CurrentAccumulatedQ3Duration_ConsolidatedMember_ResultMember	/disc/80370/081220180131460970_tse-qcedjpsm-80370-20180131460970-ixbrl.htm
2018-02-08	四半期	当期第3四半期累計	連結	実績		親会社株主に帰属する当期純利益	ProfitAttributableToOwnersOfParent	4215000000	JPY	4,215	CurrentAccumulatedQ3Duration_ConsolidatedMember_ResultMember	/disc/80370/081220180131460970_tse-qcedjpsm-80370-20180131460970-ixbrl.htm
2018-02-08	四半期	当期第3四半期累計	連結	実績		親会社株主に帰属する当期純利益の増減率	ChangeInProfitAttributableToOwnersOfParent	-0.138	Pure	13.8	CurrentAccumulatedQ3Duration_ConsolidatedMember_ResultMember	/disc/80370/081220180131460970_tse-qcedjpsm-80370-20180131460970-ixbrl.htm
2018-02-08	四半期	前期第3四半期累計	連結	実績		売上高	NetSales	299121000000	JPY	299,121	PriorAccumulatedQ3Duration_ConsolidatedMember_ResultMember	/disc/80370/081220180131460970_tse-qcedjpsm-80370-20180131460970-ixbrl.htm
2018-02-08	四半期	前期第3四半期累計	連結	実績		売上高の増減率	ChangeInNetSales	-0.049	Pure	4.9	PriorAccumulatedQ3Duration_ConsolidatedMember_ResultMember	/disc/80370/081220180131460970_tse-qcedjpsm-80370-20180131460970-ixbrl.htm
2018-02-08	四半期	前期第3四半期累計	連結	実績		営業利益	OperatingIncome	5883000000	JPY	5,883	PriorAccumulatedQ3Duration_ConsolidatedMember_ResultMember	/disc/80370/081220180131460970_tse-qcedjpsm-80370-20180131460970-ixbrl.htm
2018-02-08	四半期	前期第3四半期累計	連結	実績		営業利益の増減率	ChangeInOperatingIncome	-0.197	Pure	19.7	PriorAccumulatedQ3Duration_ConsolidatedMember_ResultMember	/disc/80370/081220180131460970_tse-qcedjpsm-80370-20180131460970-ixbrl.htm
2018-02-08	四半期	前期第3四半期累計	連結	実績		経常利益	OrdinaryIncome	7090000000	JPY	7,090	PriorAccumulatedQ3Duration_ConsolidatedMember_ResultMember	/disc/80370/081220180131460970_tse-qcedjpsm-80370-20180131460970-ixbrl.htm
2018-02-08	四半期	前期第3四半期累計	連結	実績		経常利益の増減率	ChangeInOrdinaryIncome	-0.146	Pure	14.6	PriorAccumulatedQ3Duration_ConsolidatedMember_ResultMember	/disc/80370/081220180131460970_tse-qcedjpsm-80370-20180131460970-ixbrl.htm
2018-02-08	四半期	前期第3四半期累計	連結	実績		親会社株主に帰属する当期純利益	ProfitAttributableToOwnersOfParent	4890000000	JPY	4,890	PriorAccumulatedQ3Duration_ConsolidatedMember_ResultMember	/disc/80370/081220180131460970_tse-qcedjpsm-80370-20180131460970-ixbrl.htm
2018-02-08	四半期	前期第3四半期累計	連結	実績		親会社株主に帰属する当期純利益の増減率	ChangeInProfitAttributableToOwnersOfParent	-0.009	Pure	0.9	PriorAccumulatedQ3Duration_ConsolidatedMember_ResultMember	/disc/80370/081220180131460970_tse-qcedjpsm-80370-20180131460970-ixbrl.htm
2018-02-08	四半期	当期第3四半期累計	連結	実績		包括利益	ComprehensiveIncome	5240000000	JPY	5,240	CurrentAccumulatedQ3Duration_ConsolidatedMember_ResultMember	/disc/80370/081220180131460970_tse-qcedjpsm-80370-20180131460970-ixbrl.htm
2018-02-08	四半期	当期第3四半期累計	連結	実績		包括利益の増減率	ChangeInComprehensiveIncome	-0.081	Pure	8.1	CurrentAccumulatedQ3Duration_ConsolidatedMember_ResultMember	/disc/80370/081220180131460970_tse-qcedjpsm-80370-20180131460970-ixbrl.htm
2018-02-08	四半期	前期第3四半期累計	連結	実績		包括利益	ComprehensiveIncome	5700000000	JPY	5,700	PriorAccumulatedQ3Duration_ConsolidatedMember_ResultMember	/disc/80370/081220180131460970_tse-qcedjpsm-80370-20180131460970-ixbrl.htm
2018-02-08	四半期	前期第3四半期累計	連結	実績		包括利益の増減率	ChangeInComprehensiveIncome	0.483	Pure	48.3	PriorAccumulatedQ3Duration_ConsolidatedMember_ResultMember	/disc/80370/081220180131460970_tse-qcedjpsm-80370-20180131460970-ixbrl.htm
2018-02-08	四半期	当期第3四半期累計	連結	実績		1株当たり当期純利益	NetIncomePerShare	125.47	JPYPerShares	125.47	CurrentAccumulatedQ3Duration_ConsolidatedMember_ResultMember	/disc/80370/081220180131460970_tse-qcedjpsm-80370-20180131460970-ixbrl.htm
2018-02-08	四半期	前期第3四半期累計	連結	実績		1株当たり当期純利益	NetIncomePerShare	145.55	JPYPerShares	145.55	PriorAccumulatedQ3Duration_ConsolidatedMember_ResultMember	/disc/80370/081220180131460970_tse-qcedjpsm-80370-20180131460970-ixbrl.htm
2018-02-08	四半期	当期第3四半期累計	連結	実績		総資産	TotalAssets	239380000000	JPY	239,380	CurrentAccumulatedQ3Instant_ConsolidatedMember_ResultMember	/disc/80370/081220180131460970_tse-qcedjpsm-80370-20180131460970-ixbrl.htm
2018-02-08	四半期	当期第3四半期累計	連結	実績		純資産	NetAssets	100752000000	JPY	100,752	CurrentAccumulatedQ3Instant_ConsolidatedMember_ResultMember	/disc/80370/081220180131460970_tse-qcedjpsm-80370-20180131460970-ixbrl.htm
2018-02-08	四半期	当期第3四半期累計	連結	実績		自己資本比率	CapitalAdequacyRatio	0.398	Pure	39.8	CurrentAccumulatedQ3Instant_ConsolidatedMember_ResultMember	/disc/80370/081220180131460970_tse-qcedjpsm-80370-20180131460970-ixbrl.htm
2018-02-08	四半期	当期第3四半期累計	連結	実績		1株当たり純資産	NetAssetsPerShare	2838.66	JPYPerShares	2,838.66	CurrentAccumulatedQ3Instant_ConsolidatedMember_ResultMember	/disc/80370/081220180131460970_tse-qcedjpsm-80370-20180131460970-ixbrl.htm
2018-02-08	四半期	前期	連結	実績		総資産	TotalAssets	222891000000	JPY	222,891	PriorYearInstant_ConsolidatedMember_ResultMember	/disc/80370/081220180131460970_tse-qcedjpsm-80370-20180131460970-ixbrl.htm
2018-02-08	四半期	前期	連結	実績		純資産	NetAssets	96458000000	JPY	96,458	PriorYearInstant_ConsolidatedMember_ResultMember	/disc/80370/081220180131460970_tse-qcedjpsm-80370-20180131460970-ixbrl.htm
2018-02-08	四半期	前期	連結	実績		自己資本比率	CapitalAdequacyRatio	0.409	Pure	40.9	PriorYearInstant_ConsolidatedMember_ResultMember	/disc/80370/081220180131460970_tse-qcedjpsm-80370-20180131460970-ixbrl.htm
2018-02-08	四半期	前期	連結	実績		1株当たり純資産	NetAssetsPerShare	2713.24	JPYPerShares	2,713.24	PriorYearInstant_ConsolidatedMember_ResultMember	/disc/80370/081220180131460970_tse-qcedjpsm-80370-20180131460970-ixbrl.htm
2018-02-08	四半期	当期第3四半期累計	連結	実績		自己資本	OwnersEquity	95382000000	JPY	95,382	CurrentAccumulatedQ3Instant_ConsolidatedMember_ResultMember	/disc/80370/081220180131460970_tse-qcedjpsm-80370-20180131460970-ixbrl.htm
2018-02-08	四半期	前期	連結	実績		自己資本	OwnersEquity	91168000000	JPY	91,168	PriorYearInstant_ConsolidatedMember_ResultMember	/disc/80370/081220180131460970_tse-qcedjpsm-80370-20180131460970-ixbrl.htm
2018-02-08	四半期	前期	単体	実績	第2四半期末	1株当たり配当金	DividendPerShare	10.00	JPYPerShares	10.00	PriorYearDuration_SecondQuarterMember_NonConsolidatedMember_ResultMember	/disc/80370/081220180131460970_tse-qcedjpsm-80370-20180131460970-ixbrl.htm
2018-02-08	四半期	前期	単体	実績	期末	1株当たり配当金	DividendPerShare	12.50	JPYPerShares	12.50	PriorYearDuration_YearEndMember_NonConsolidatedMember_ResultMember	/disc/80370/081220180131460970_tse-qcedjpsm-80370-20180131460970-ixbrl.htm
2018-02-08	四半期	前期	単体	実績	合計	1株当たり配当金	DividendPerShare	22.50	JPYPerShares	22.50	PriorYearDuration_AnnualMember_NonConsolidatedMember_ResultMember	/disc/80370/081220180131460970_tse-qcedjpsm-80370-20180131460970-ixbrl.htm
2018-02-08	四半期	当期	単体	実績	第2四半期末	1株当たり配当金	DividendPerShare	12.50	JPYPerShares	12.50	CurrentYearDuration_SecondQuarterMember_NonConsolidatedMember_ResultMember	/disc/80370/081220180131460970_tse-qcedjpsm-80370-20180131460970-ixbrl.htm
2018-02-08	四半期	当期	単体	予想	期末	1株当たり配当金	DividendPerShare	12.50	JPYPerShares	12.50	CurrentYearDuration_YearEndMember_NonConsolidatedMember_ForecastMember	/disc/80370/081220180131460970_tse-qcedjpsm-80370-20180131460970-ixbrl.htm
2018-02-08	四半期	当期	単体	予想	合計	1株当たり配当金	DividendPerShare	25.00	JPYPerShares	25.00	CurrentYearDuration_AnnualMember_NonConsolidatedMember_ForecastMember	/disc/80370/081220180131460970_tse-qcedjpsm-80370-20180131460970-ixbrl.htm
2018-02-08	四半期	当期	単体	実績	合計	当四半期における配当予想の修正	CorrectionOfDividendForecastInThisQuarter			無	CurrentYearDuration_AnnualMember_NonConsolidatedMember_ResultMember	/disc/80370/081220180131460970_tse-qcedjpsm-80370-20180131460970-ixbrl.htm
2018-02-08	四半期	当期	連結	予想		業績予想の見出し	TitleForForecasts			3. 平成30年 3月期の連結業績予想（平成29年 4月 1日～平成30年 3月31日）	CurrentYearDuration_ConsolidatedMember_ForecastMember	/disc/80370/081220180131460970_tse-qcedjpsm-80370-20180131460970-ixbrl.htm
2018-02-08	四半期	当期	連結	予想		売上高	NetSales	428000000000	JPY	428,000	CurrentYearDuration_ConsolidatedMember_ForecastMember	/disc/80370/081220180131460970_tse-qcedjpsm-80370-20180131460970-ixbrl.htm
2018-02-08	四半期	当期	連結	予想		売上高の増減率	ChangeInNetSales	0.011	Pure	1.1	CurrentYearDuration_ConsolidatedMember_ForecastMember	/disc/80370/081220180131460970_tse-qcedjpsm-80370-20180131460970-ixbrl.htm
2018-02-08	四半期	当期	連結	予想		営業利益	OperatingIncome	10200000000	JPY	10,200	CurrentYearDuration_ConsolidatedMember_ForecastMember	/disc/80370/081220180131460970_tse-qcedjpsm-80370-20180131460970-ixbrl.htm
2018-02-08	四半期	当期	連結	予想		営業利益の増減率	ChangeInOperatingIncome	-0.026	Pure	2.6	CurrentYearDuration_ConsolidatedMember_ForecastMember	/disc/80370/081220180131460970_tse-qcedjpsm-80370-20180131460970-ixbrl.htm
2018-02-08	四半期	当期	連結	予想		経常利益	OrdinaryIncome	11700000000	JPY	11,700	CurrentYearDuration_ConsolidatedMember_ForecastMember	/disc/80370/081220180131460970_tse-qcedjpsm-80370-20180131460970-ixbrl.htm
2018-02-08	四半期	当期	連結	予想		経常利益の増減率	ChangeInOrdinaryIncome	-0.025	Pure	2.5	CurrentYearDuration_ConsolidatedMember_ForecastMember	/disc/80370/081220180131460970_tse-qcedjpsm-80370-20180131460970-ixbrl.htm
2018-02-08	四半期	当期	連結	予想		親会社株主に帰属する当期純利益	ProfitAttributableToOwnersOfParent	7400000000	JPY	7,400	CurrentYearDuration_ConsolidatedMember_ForecastMember	/disc/80370/081220180131460970_tse-qcedjpsm-80370-20180131460970-ixbrl.htm
2018-02-08	四半期	当期	連結	予想		親会社株主に帰属する当期純利益の増減率	ChangeInProfitAttributableToOwnersOfParent	-0.056	Pure	5.6	CurrentYearDuration_ConsolidatedMember_ForecastMember	/disc/80370/081220180131460970_tse-qcedjpsm-80370-20180131460970-ixbrl.htm
2018-02-08	四半期	当期	連結	予想		1株当たり当期純利益	NetIncomePerShare	220.23	JPYPerShares	220.23	CurrentYearDuration_ConsolidatedMember_ForecastMember	/disc/80370/081220180131460970_tse-qcedjpsm-80370-20180131460970-ixbrl.htm
2018-02-08	四半期	当期	連結	予想		当四半期における業績予想の修正	CorrectionOfConsolidatedFinancialForecastInThisQuarter			無	CurrentYearDuration_ConsolidatedMember_ForecastMember	/disc/80370/081220180131460970_tse-qcedjpsm-80370-20180131460970-ixbrl.htm
2018-02-08	四半期	当期第3四半期累計	連結	実績			MaterialChangesInSubsidiariesDuringThisPeriodChangesInScopeOfConsolidationsResultingFromChangeIsSubsidiaries			無	CurrentAccumulatedQ3Duration_ConsolidatedMember_ResultMember	/disc/80370/081220180131460970_tse-qcedjpsm-80370-20180131460970-ixbrl.htm
2018-02-08	四半期	当期第3四半期累計	連結	実績			ApplyingOfSpecificAccountingOfTheConsolidatedQuarterlyFinancialStatements			無	CurrentAccumulatedQ3Duration_ConsolidatedMember_ResultMember	/disc/80370/081220180131460970_tse-qcedjpsm-80370-20180131460970-ixbrl.htm
2018-02-08	四半期	当期第3四半期累計	連結	実績		会計基準等の改正に伴う変更	ChangesBasedOnRevisionsOfAccountingStandard			無	CurrentAccumulatedQ3Duration_ConsolidatedMember_ResultMember	/disc/80370/081220180131460970_tse-qcedjpsm-80370-20180131460970-ixbrl.htm
2018-02-08	四半期	当期第3四半期累計	連結	実績		それ以外の会計方針の変更	ChangesOtherThanOnesBasedOnRevisionsOfAccountingStandard			無	CurrentAccumulatedQ3Duration_ConsolidatedMember_ResultMember	/disc/80370/081220180131460970_tse-qcedjpsm-80370-20180131460970-ixbrl.htm
2018-02-08	四半期	当期第3四半期累計	連結	実績		会計上の見積りの変更	ChangesInAccountingEstimates			無	CurrentAccumulatedQ3Duration_ConsolidatedMember_ResultMember	/disc/80370/081220180131460970_tse-qcedjpsm-80370-20180131460970-ixbrl.htm
2018-02-08	四半期	当期第3四半期累計	連結	実績		修正再表示	RetrospectiveRestatement			無	CurrentAccumulatedQ3Duration_ConsolidatedMember_ResultMember	/disc/80370/081220180131460970_tse-qcedjpsm-80370-20180131460970-ixbrl.htm
2018-02-08	四半期	当期第3四半期累計	単体	実績		期末発行済株式数(自己株式を含む)	NumberOfIssuedAndOutstandingSharesAtTheEndOfFiscalYearIncludingTreasuryStock	37591969	Shares	37,591,969	CurrentAccumulatedQ3Instant_NonConsolidatedMember_ResultMember	/disc/80370/081220180131460970_tse-qcedjpsm-80370-20180131460970-ixbrl.htm
2018-02-08	四半期	前期	単体	実績		期末発行済株式数(自己株式を含む)	NumberOfIssuedAndOutstandingSharesAtTheEndOfFiscalYearIncludingTreasuryStock	37591969	Shares	37,591,969	PriorYearInstant_NonConsolidatedMember_ResultMember	/disc/80370/081220180131460970_tse-qcedjpsm-80370-20180131460970-ixbrl.htm
2018-02-08	四半期	当期第3四半期累計	単体	実績		期末自己株式数	NumberOfTreasuryStockAtTheEndOfFiscalYear	3990933	Shares	3,990,933	CurrentAccumulatedQ3Instant_NonConsolidatedMember_ResultMember	/disc/80370/081220180131460970_tse-qcedjpsm-80370-20180131460970-ixbrl.htm
2018-02-08	四半期	前期	単体	実績		期末自己株式数	NumberOfTreasuryStockAtTheEndOfFiscalYear	3990769	Shares	3,990,769	PriorYearInstant_NonConsolidatedMember_ResultMember	/disc/80370/081220180131460970_tse-qcedjpsm-80370-20180131460970-ixbrl.htm
2018-02-08	四半期	当期第3四半期累計	単体	実績		期中平均株式数	AverageNumberOfShares	33601120	Shares	33,601,120	CurrentAccumulatedQ3Duration_NonConsolidatedMember_ResultMember	/disc/80370/081220180131460970_tse-qcedjpsm-80370-20180131460970-ixbrl.htm
2018-02-08	四半期	前期第3四半期累計	単体	実績		期中平均株式数	AverageNumberOfShares	33601266	Shares	33,601,266	PriorAccumulatedQ3Duration_NonConsolidatedMember_ResultMember	/disc/80370/081220180131460970_tse-qcedjpsm-80370-20180131460970-ixbrl.htm
2018-02-08	四半期	当期				将来情報の利用に関する注意	NotesForUsingForecastedInformationAndOthers			本資料に記載されている業績見通し等の将来に関する記述は、当社が現在入手している情報及び合理的であると判断する一定の前提に基づいており、その達成を当社として約束する趣旨のものではありません。また、実際の業績等は様々な要因により大きく異なる可能性があります。業績予想の前提となる条件及び業績予想のご利用に当たっての注意事項等については、添付資料３ページ「１．当四半期決算に関する定性的情報（３）連結業績予想などの将来予測情報に関する説明」をご覧ください。	CurrentYearDuration	/disc/80370/081220180131460970_tse-qcedjpsm-80370-20180131460970-ixbrl.htm
2018-02-08	四半期	当期				決算期末	FiscalYearEnd			2018-03-31	CurrentYearInstant	/disc/80370/081220180131460970_tse-qcedjpsm-80370-20180131460970-ixbrl.htm
2018-02-08	四半期	当期第3四半期累計				四半期	QuarterlyPeriod	3	Pure	3	CurrentAccumulatedQ3Instant	/disc/80370/081220180131460970_tse-qcedjpsm-80370-20180131460970-ixbrl.htm
2018-05-10	年次	当期				書類名	DocumentName			決算短信〔日本基準〕（連結）	CurrentYearInstant	/disc/80370/081220180502427030_tse-acedjpsm-80370-20180502427030-ixbrl.htm
2018-05-10	年次	当期				提出日	FilingDate			平成30年5月10日	CurrentYearInstant	/disc/80370/081220180502427030_tse-acedjpsm-80370-20180502427030-ixbrl.htm
2018-05-10	年次	当期				会社名	CompanyName			カメイ株式会社	CurrentYearInstant	/disc/80370/081220180502427030_tse-acedjpsm-80370-20180502427030-ixbrl.htm
2018-05-10	年次	当期					TokyoStockExchange			東	CurrentYearInstant	/disc/80370/081220180502427030_tse-acedjpsm-80370-20180502427030-ixbrl.htm
2018-05-10	年次	当期				証券コード	SecuritiesCode			80370	CurrentYearInstant	/disc/80370/081220180502427030_tse-acedjpsm-80370-20180502427030-ixbrl.htm
2018-05-10	年次	当期				URL	URL			http://www.kamei.co.jp/	CurrentYearInstant	/disc/80370/081220180502427030_tse-acedjpsm-80370-20180502427030-ixbrl.htm
2018-05-10	年次	当期				代表者の役職	TitleRepresentative			代表取締役社長	CurrentYearInstant	/disc/80370/081220180502427030_tse-acedjpsm-80370-20180502427030-ixbrl.htm
2018-05-10	年次	当期				代表者名	NameRepresentative			亀井文行	CurrentYearInstant	/disc/80370/081220180502427030_tse-acedjpsm-80370-20180502427030-ixbrl.htm
2018-05-10	年次	当期					TitleInquiries			管理部長	CurrentYearInstant	/disc/80370/081220180502427030_tse-acedjpsm-80370-20180502427030-ixbrl.htm
2018-05-10	年次	当期					NameInquiries			小林哲也	CurrentYearInstant	/disc/80370/081220180502427030_tse-acedjpsm-80370-20180502427030-ixbrl.htm
2018-05-10	年次	当期					Tel			022-264-6112	CurrentYearInstant	/disc/80370/081220180502427030_tse-acedjpsm-80370-20180502427030-ixbrl.htm
2018-05-10	年次	当期					DateOfGeneralShareholdersMeetingAsPlanned			平成30年6月28日	CurrentYearInstant	/disc/80370/081220180502427030_tse-acedjpsm-80370-20180502427030-ixbrl.htm
2018-05-10	年次	当期					DividendPayableDateAsPlanned			平成30年6月29日	CurrentYearInstant	/disc/80370/081220180502427030_tse-acedjpsm-80370-20180502427030-ixbrl.htm
2018-05-10	年次	当期					AnnualSecuritiesReportFilingDateAsPlanned			平成30年6月29日	CurrentYearInstant	/disc/80370/081220180502427030_tse-acedjpsm-80370-20180502427030-ixbrl.htm
2018-05-10	年次	当期					SupplementalMaterialOfAnnualResults			無	CurrentYearInstant	/disc/80370/081220180502427030_tse-acedjpsm-80370-20180502427030-ixbrl.htm
2018-05-10	年次	当期					ConveningBriefingOfAnnualResults			無	CurrentYearInstant	/disc/80370/081220180502427030_tse-acedjpsm-80370-20180502427030-ixbrl.htm
2018-05-10	年次	当期					NoteToFractionProcessingMethod			（百万円未満切捨て）	CurrentYearInstant	/disc/80370/081220180502427030_tse-acedjpsm-80370-20180502427030-ixbrl.htm
2018-05-10	年次	当期	連結	実績		売上高	NetSales	447774000000	JPY	447,774	CurrentYearDuration_ConsolidatedMember_ResultMember	/disc/80370/081220180502427030_tse-acedjpsm-80370-20180502427030-ixbrl.htm
2018-05-10	年次	当期	連結	実績		売上高の増減率	ChangeInNetSales	0.057	Pure	5.7	CurrentYearDuration_ConsolidatedMember_ResultMember	/disc/80370/081220180502427030_tse-acedjpsm-80370-20180502427030-ixbrl.htm
2018-05-10	年次	当期	連結	実績		営業利益	OperatingIncome	9802000000	JPY	9,802	CurrentYearDuration_ConsolidatedMember_ResultMember	/disc/80370/081220180502427030_tse-acedjpsm-80370-20180502427030-ixbrl.htm
2018-05-10	年次	当期	連結	実績		営業利益の増減率	ChangeInOperatingIncome	-0.064	Pure	6.4	CurrentYearDuration_ConsolidatedMember_ResultMember	/disc/80370/081220180502427030_tse-acedjpsm-80370-20180502427030-ixbrl.htm
2018-05-10	年次	当期	連結	実績		経常利益	OrdinaryIncome	10847000000	JPY	10,847	CurrentYearDuration_ConsolidatedMember_ResultMember	/disc/80370/081220180502427030_tse-acedjpsm-80370-20180502427030-ixbrl.htm
2018-05-10	年次	当期	連結	実績		経常利益の増減率	ChangeInOrdinaryIncome	-0.096	Pure	9.6	CurrentYearDuration_ConsolidatedMember_ResultMember	/disc/80370/081220180502427030_tse-acedjpsm-80370-20180502427030-ixbrl.htm
2018-05-10	年次	当期	連結	実績		親会社株主に帰属する当期純利益	ProfitAttributableToOwnersOfParent	6577000000	JPY	6,577	CurrentYearDuration_ConsolidatedMember_ResultMember	/disc/80370/081220180502427030_tse-acedjpsm-80370-20180502427030-ixbrl.htm
2018-05-10	年次	当期	連結	実績		親会社株主に帰属する当期純利益の増減率	ChangeInProfitAttributableToOwnersOfParent	-0.161	Pure	16.1	CurrentYearDuration_ConsolidatedMember_ResultMember	/disc/80370/081220180502427030_tse-acedjpsm-80370-20180502427030-ixbrl.htm
2018-05-10	年次	前期	連結	実績		売上高	NetSales	423469000000	JPY	423,469	PriorYearDuration_ConsolidatedMember_ResultMember	/disc/80370/081220180502427030_tse-acedjpsm-80370-20180502427030-ixbrl.htm
2018-05-10	年次	前期	連結	実績		売上高の増減率	ChangeInNetSales	0.006	Pure	0.6	PriorYearDuration_ConsolidatedMember_ResultMember	/disc/80370/081220180502427030_tse-acedjpsm-80370-20180502427030-ixbrl.htm
2018-05-10	年次	前期	連結	実績		営業利益	OperatingIncome	10474000000	JPY	10,474	PriorYearDuration_ConsolidatedMember_ResultMember	/disc/80370/081220180502427030_tse-acedjpsm-80370-20180502427030-ixbrl.htm
2018-05-10	年次	前期	連結	実績		営業利益の増減率	ChangeInOperatingIncome	-0.086	Pure	8.6	PriorYearDuration_ConsolidatedMember_ResultMember	/disc/80370/081220180502427030_tse-acedjpsm-80370-20180502427030-ixbrl.htm
2018-05-10	年次	前期	連結	実績		経常利益	OrdinaryIncome	11997000000	JPY	11,997	PriorYearDuration_ConsolidatedMember_ResultMember	/disc/80370/081220180502427030_tse-acedjpsm-80370-20180502427030-ixbrl.htm
2018-05-10	年次	前期	連結	実績		経常利益の増減率	ChangeInOrdinaryIncome	-0.036	Pure	3.6	PriorYearDuration_ConsolidatedMember_ResultMember	/disc/80370/081220180502427030_tse-acedjpsm-80370-20180502427030-ixbrl.htm
2018-05-10	年次	前期	連結	実績		親会社株主に帰属する当期純利益	ProfitAttributableToOwnersOfParent	7836000000	JPY	7,836	PriorYearDuration_ConsolidatedMember_ResultMember	/disc/80370/081220180502427030_tse-acedjpsm-80370-20180502427030-ixbrl.htm
2018-05-10	年次	前期	連結	実績		親会社株主に帰属する当期純利益の増減率	ChangeInProfitAttributableToOwnersOfParent	-0.156	Pure	15.6	PriorYearDuration_ConsolidatedMember_ResultMember	/disc/80370/081220180502427030_tse-acedjpsm-80370-20180502427030-ixbrl.htm
2018-05-10	年次	当期	連結	実績		包括利益	ComprehensiveIncome	7372000000	JPY	7,372	CurrentYearDuration_ConsolidatedMember_ResultMember	/disc/80370/081220180502427030_tse-acedjpsm-80370-20180502427030-ixbrl.htm
2018-05-10	年次	当期	連結	実績		包括利益の増減率	ChangeInComprehensiveIncome	-0.258	Pure	25.8	CurrentYearDuration_ConsolidatedMember_ResultMember	/disc/80370/081220180502427030_tse-acedjpsm-80370-20180502427030-ixbrl.htm
2018-05-10	年次	前期	連結	実績		包括利益	ComprehensiveIncome	9933000000	JPY	9,933	PriorYearDuration_ConsolidatedMember_ResultMember	/disc/80370/081220180502427030_tse-acedjpsm-80370-20180502427030-ixbrl.htm
2018-05-10	年次	前期	連結	実績		包括利益の増減率	ChangeInComprehensiveIncome	0.399	Pure	39.9	PriorYearDuration_ConsolidatedMember_ResultMember	/disc/80370/081220180502427030_tse-acedjpsm-80370-20180502427030-ixbrl.htm
2018-05-10	年次	当期	連結	実績		1株当たり当期純利益	NetIncomePerShare	195.76	JPYPerShares	195.76	CurrentYearDuration_ConsolidatedMember_ResultMember	/disc/80370/081220180502427030_tse-acedjpsm-80370-20180502427030-ixbrl.htm
2018-05-10	年次	当期	連結	実績		自己資本当期純利益率(ROE)	NetIncomeToShareholdersEquityRatio	0.070	Pure	7.0	CurrentYearDuration_ConsolidatedMember_ResultMember	/disc/80370/081220180502427030_tse-acedjpsm-80370-20180502427030-ixbrl.htm
2018-05-10	年次	当期	連結	実績		総資産経常利益率(ROA)	OrdinaryIncomeToTotalAssetsRatio	0.048	Pure	4.8	CurrentYearDuration_ConsolidatedMember_ResultMember	/disc/80370/081220180502427030_tse-acedjpsm-80370-20180502427030-ixbrl.htm
2018-05-10	年次	当期	連結	実績		売上高営業利益率	OperatingIncomeToNetSalesRatio	0.022	Pure	2.2	CurrentYearDuration_ConsolidatedMember_ResultMember	/disc/80370/081220180502427030_tse-acedjpsm-80370-20180502427030-ixbrl.htm
2018-05-10	年次	前期	連結	実績		1株当たり当期純利益	NetIncomePerShare	233.21	JPYPerShares	233.21	PriorYearDuration_ConsolidatedMember_ResultMember	/disc/80370/081220180502427030_tse-acedjpsm-80370-20180502427030-ixbrl.htm
2018-05-10	年次	前期	連結	実績		自己資本当期純利益率(ROE)	NetIncomeToShareholdersEquityRatio	0.090	Pure	9.0	PriorYearDuration_ConsolidatedMember_ResultMember	/disc/80370/081220180502427030_tse-acedjpsm-80370-20180502427030-ixbrl.htm
2018-05-10	年次	前期	連結	実績		総資産経常利益率(ROA)	OrdinaryIncomeToTotalAssetsRatio	0.056	Pure	5.6	PriorYearDuration_ConsolidatedMember_ResultMember	/disc/80370/081220180502427030_tse-acedjpsm-80370-20180502427030-ixbrl.htm
2018-05-10	年次	前期	連結	実績		売上高営業利益率	OperatingIncomeToNetSalesRatio	0.025	Pure	2.5	PriorYearDuration_ConsolidatedMember_ResultMember	/disc/80370/081220180502427030_tse-acedjpsm-80370-20180502427030-ixbrl.htm
2018-05-10	年次	当期	連結	実績		持分法投資損益	InvestmentProfitLossOnEquityMethod	320000000	JPY	320	CurrentYearDuration_ConsolidatedMember_ResultMember	/disc/80370/081220180502427030_tse-acedjpsm-80370-20180502427030-ixbrl.htm
2018-05-10	年次	前期	連結	実績		持分法投資損益	InvestmentProfitLossOnEquityMethod	382000000	JPY	382	PriorYearDuration_ConsolidatedMember_ResultMember	/disc/80370/081220180502427030_tse-acedjpsm-80370-20180502427030-ixbrl.htm
2018-05-10	年次	当期	連結	実績		総資産	TotalAssets	230434000000	JPY	230,434	CurrentYearInstant_ConsolidatedMember_ResultMember	/disc/80370/081220180502427030_tse-acedjpsm-80370-20180502427030-ixbrl.htm
2018-05-10	年次	当期	連結	実績		純資産	NetAssets	102885000000	JPY	102,885	CurrentYearInstant_ConsolidatedMember_ResultMember	/disc/80370/081220180502427030_tse-acedjpsm-80370-20180502427030-ixbrl.htm
2018-05-10	年次	当期	連結	実績		自己資本比率	CapitalAdequacyRatio	0.423	Pure	42.3	CurrentYearInstant_ConsolidatedMember_ResultMember	/disc/80370/081220180502427030_tse-acedjpsm-80370-20180502427030-ixbrl.htm
2018-05-10	年次	当期	連結	実績		1株当たり純資産	NetAssetsPerShare	2900.26	JPYPerShares	2,900.26	CurrentYearInstant_ConsolidatedMember_ResultMember	/disc/80370/081220180502427030_tse-acedjpsm-80370-20180502427030-ixbrl.htm
2018-05-10	年次	前期	連結	実績		総資産	TotalAssets	222891000000	JPY	222,891	PriorYearInstant_ConsolidatedMember_ResultMember	/disc/80370/081220180502427030_tse-acedjpsm-80370-20180502427030-ixbrl.htm
2018-05-10	年次	前期	連結	実績		純資産	NetAssets	96458000000	JPY	96,458	PriorYearInstant_ConsolidatedMember_ResultMember	/disc/80370/081220180502427030_tse-acedjpsm-80370-20180502427030-ixbrl.htm
2018-05-10	年次	前期	連結	実績		自己資本比率	CapitalAdequacyRatio	0.409	Pure	40.9	PriorYearInstant_ConsolidatedMember_ResultMember	/disc/80370/081220180502427030_tse-acedjpsm-80370-20180502427030-ixbrl.htm
2018-05-10	年次	前期	連結	実績		1株当たり純資産	NetAssetsPerShare	2713.24	JPYPerShares	2,713.24	PriorYearInstant_ConsolidatedMember_ResultMember	/disc/80370/081220180502427030_tse-acedjpsm-80370-20180502427030-ixbrl.htm
2018-05-10	年次	当期	連結	実績		自己資本	OwnersEquity	97451000000	JPY	97,451	CurrentYearInstant_ConsolidatedMember_ResultMember	/disc/80370/081220180502427030_tse-acedjpsm-80370-20180502427030-ixbrl.htm
2018-05-10	年次	前期	連結	実績		自己資本	OwnersEquity	91168000000	JPY	91,168	PriorYearInstant_ConsolidatedMember_ResultMember	/disc/80370/081220180502427030_tse-acedjpsm-80370-20180502427030-ixbrl.htm
2018-05-10	年次	当期	連結	実績		営業キャッシュフロー	CashFlowsFromOperatingActivities	15296000000	JPY	15,296	CurrentYearDuration_ConsolidatedMember_ResultMember	/disc/80370/081220180502427030_tse-acedjpsm-80370-20180502427030-ixbrl.htm
2018-05-10	年次	当期	連結	実績		投資キャッシュフロー	CashFlowsFromInvestingActivities	-6512000000	JPY	6,512	CurrentYearDuration_ConsolidatedMember_ResultMember	/disc/80370/081220180502427030_tse-acedjpsm-80370-20180502427030-ixbrl.htm
2018-05-10	年次	当期	連結	実績		財務キャッシュフロー	CashFlowsFromFinancingActivities	-6312000000	JPY	6,312	CurrentYearDuration_ConsolidatedMember_ResultMember	/disc/80370/081220180502427030_tse-acedjpsm-80370-20180502427030-ixbrl.htm
2018-05-10	年次	当期	連結	実績		現金及び現金同等物の期末残高	CashAndEquivalentsEndOfPeriod	27855000000	JPY	27,855	CurrentYearInstant_ConsolidatedMember_ResultMember	/disc/80370/081220180502427030_tse-acedjpsm-80370-20180502427030-ixbrl.htm
2018-05-10	年次	前期	連結	実績		営業キャッシュフロー	CashFlowsFromOperatingActivities	10389000000	JPY	10,389	PriorYearDuration_ConsolidatedMember_ResultMember	/disc/80370/081220180502427030_tse-acedjpsm-80370-20180502427030-ixbrl.htm
2018-05-10	年次	前期	連結	実績		投資キャッシュフロー	CashFlowsFromInvestingActivities	1419000000	JPY	1,419	PriorYearDuration_ConsolidatedMember_ResultMember	/disc/80370/081220180502427030_tse-acedjpsm-80370-20180502427030-ixbrl.htm
2018-05-10	年次	前期	連結	実績		財務キャッシュフロー	CashFlowsFromFinancingActivities	-2328000000	JPY	2,328	PriorYearDuration_ConsolidatedMember_ResultMember	/disc/80370/081220180502427030_tse-acedjpsm-80370-20180502427030-ixbrl.htm
2018-05-10	年次	前期	連結	実績		現金及び現金同等物の期末残高	CashAndEquivalentsEndOfPeriod	25474000000	JPY	25,474	PriorYearInstant_ConsolidatedMember_ResultMember	/disc/80370/081220180502427030_tse-acedjpsm-80370-20180502427030-ixbrl.htm
2018-05-10	年次	前期	単体	実績	第2四半期末	1株当たり配当金	DividendPerShare	10.00	JPYPerShares	10.00	PriorYearDuration_SecondQuarterMember_NonConsolidatedMember_ResultMember	/disc/80370/081220180502427030_tse-acedjpsm-80370-20180502427030-ixbrl.htm
2018-05-10	年次	前期	単体	実績	期末	1株当たり配当金	DividendPerShare	12.50	JPYPerShares	12.50	PriorYearDuration_YearEndMember_NonConsolidatedMember_ResultMember	/disc/80370/081220180502427030_tse-acedjpsm-80370-20180502427030-ixbrl.htm
2018-05-10	年次	前期	単体	実績	合計	1株当たり配当金	DividendPerShare	22.50	JPYPerShares	22.50	PriorYearDuration_AnnualMember_NonConsolidatedMember_ResultMember	/disc/80370/081220180502427030_tse-acedjpsm-80370-20180502427030-ixbrl.htm
2018-05-10	年次	前期	単体	実績	合計	配当金総額	TotalDividendPaidAnnual	756000000	JPY	756	PriorYearDuration_AnnualMember_NonConsolidatedMember_ResultMember	/disc/80370/081220180502427030_tse-acedjpsm-80370-20180502427030-ixbrl.htm
2018-05-10	年次	前期	連結	実績	合計	配当性向	PayoutRatio	0.096	Pure	9.6	PriorYearDuration_AnnualMember_ConsolidatedMember_ResultMember	/disc/80370/081220180502427030_tse-acedjpsm-80370-20180502427030-ixbrl.htm
2018-05-10	年次	前期	連結	実績	合計	純資産配当率	RatioOfTotalAmountOfDividendsToNetAssets	0.009	Pure	0.9	PriorYearDuration_AnnualMember_ConsolidatedMember_ResultMember	/disc/80370/081220180502427030_tse-acedjpsm-80370-20180502427030-ixbrl.htm
2018-05-10	年次	当期	単体	実績	第2四半期末	1株当たり配当金	DividendPerShare	12.50	JPYPerShares	12.50	CurrentYearDuration_SecondQuarterMember_NonConsolidatedMember_ResultMember	/disc/80370/081220180502427030_tse-acedjpsm-80370-20180502427030-ixbrl.htm
2018-05-10	年次	当期	単体	実績	期末	1株当たり配当金	DividendPerShare	12.50	JPYPerShares	12.50	CurrentYearDuration_YearEndMember_NonConsolidatedMember_ResultMember	/disc/80370/081220180502427030_tse-acedjpsm-80370-20180502427030-ixbrl.htm
2018-05-10	年次	当期	単体	実績	合計	1株当たり配当金	DividendPerShare	25.00	JPYPerShares	25.00	CurrentYearDuration_AnnualMember_NonConsolidatedMember_ResultMember	/disc/80370/081220180502427030_tse-acedjpsm-80370-20180502427030-ixbrl.htm
2018-05-10	年次	当期	単体	実績	合計	配当金総額	TotalDividendPaidAnnual	840000000	JPY	840	CurrentYearDuration_AnnualMember_NonConsolidatedMember_ResultMember	/disc/80370/081220180502427030_tse-acedjpsm-80370-20180502427030-ixbrl.htm
2018-05-10	年次	当期	連結	実績	合計	配当性向	PayoutRatio	0.128	Pure	12.8	CurrentYearDuration_AnnualMember_ConsolidatedMember_ResultMember	/disc/80370/081220180502427030_tse-acedjpsm-80370-20180502427030-ixbrl.htm
2018-05-10	年次	当期	連結	実績	合計	純資産配当率	RatioOfTotalAmountOfDividendsToNetAssets	0.009	Pure	0.9	CurrentYearDuration_AnnualMember_ConsolidatedMember_ResultMember	/disc/80370/081220180502427030_tse-acedjpsm-80370-20180502427030-ixbrl.htm
2018-05-10	年次	来期	単体	予想	第2四半期末	1株当たり配当金	DividendPerShare	12.50	JPYPerShares	12.50	NextYearDuration_SecondQuarterMember_NonConsolidatedMember_ForecastMember	/disc/80370/081220180502427030_tse-acedjpsm-80370-20180502427030-ixbrl.htm
2018-05-10	年次	来期	単体	予想	期末	1株当たり配当金	DividendPerShare	12.50	JPYPerShares	12.50	NextYearDuration_YearEndMember_NonConsolidatedMember_ForecastMember	/disc/80370/081220180502427030_tse-acedjpsm-80370-20180502427030-ixbrl.htm
2018-05-10	年次	来期	単体	予想	合計	1株当たり配当金	DividendPerShare	25.00	JPYPerShares	25.00	NextYearDuration_AnnualMember_NonConsolidatedMember_ForecastMember	/disc/80370/081220180502427030_tse-acedjpsm-80370-20180502427030-ixbrl.htm
2018-05-10	年次	来期	連結	予想	合計	配当性向	PayoutRatio	0.125	Pure	12.5	NextYearDuration_AnnualMember_ConsolidatedMember_ForecastMember	/disc/80370/081220180502427030_tse-acedjpsm-80370-20180502427030-ixbrl.htm
2018-05-10	年次	来期	連結	予想		業績予想の見出し	TitleForForecasts			3. 平成31年 3月期の連結業績予想（平成30年 4月 1日～平成31年 3月31日）	NextYearDuration_ConsolidatedMember_ForecastMember	/disc/80370/081220180502427030_tse-acedjpsm-80370-20180502427030-ixbrl.htm
2018-05-10	年次		連結	予想		売上高	NetSales	210000000000	JPY	210,000	NextAccumulatedQ2Duration_ConsolidatedMember_ForecastMember	/disc/80370/081220180502427030_tse-acedjpsm-80370-20180502427030-ixbrl.htm
2018-05-10	年次		連結	予想		売上高の増減率	ChangeInNetSales	0.063	Pure	6.3	NextAccumulatedQ2Duration_ConsolidatedMember_ForecastMember	/disc/80370/081220180502427030_tse-acedjpsm-80370-20180502427030-ixbrl.htm
2018-05-10	年次		連結	予想		営業利益	OperatingIncome	3500000000	JPY	3,500	NextAccumulatedQ2Duration_ConsolidatedMember_ForecastMember	/disc/80370/081220180502427030_tse-acedjpsm-80370-20180502427030-ixbrl.htm
2018-05-10	年次		連結	予想		営業利益の増減率	ChangeInOperatingIncome	0.031	Pure	3.1	NextAccumulatedQ2Duration_ConsolidatedMember_ForecastMember	/disc/80370/081220180502427030_tse-acedjpsm-80370-20180502427030-ixbrl.htm
2018-05-10	年次		連結	予想		経常利益	OrdinaryIncome	4000000000	JPY	4,000	NextAccumulatedQ2Duration_ConsolidatedMember_ForecastMember	/disc/80370/081220180502427030_tse-acedjpsm-80370-20180502427030-ixbrl.htm
2018-05-10	年次		連結	予想		経常利益の増減率	ChangeInOrdinaryIncome	0.009	Pure	0.9	NextAccumulatedQ2Duration_ConsolidatedMember_ForecastMember	/disc/80370/081220180502427030_tse-acedjpsm-80370-20180502427030-ixbrl.htm
2018-05-10	年次		連結	予想		親会社株主に帰属する当期純利益	ProfitAttributableToOwnersOfParent	2300000000	JPY	2,300	NextAccumulatedQ2Duration_ConsolidatedMember_ForecastMember	/disc/80370/081220180502427030_tse-acedjpsm-80370-20180502427030-ixbrl.htm
2018-05-10	年次		連結	予想		親会社株主に帰属する当期純利益の増減率	ChangeInProfitAttributableToOwnersOfParent	-0.221	Pure	22.1	NextAccumulatedQ2Duration_ConsolidatedMember_ForecastMember	/disc/80370/081220180502427030_tse-acedjpsm-80370-20180502427030-ixbrl.htm
2018-05-10	年次		連結	予想		1株当たり当期純利益	NetIncomePerShare	68.45	JPYPerShares	68.45	NextAccumulatedQ2Duration_ConsolidatedMember_ForecastMember	/disc/80370/081220180502427030_tse-acedjpsm-80370-20180502427030-ixbrl.htm
2018-05-10	年次	来期	連結	予想		売上高	NetSales	457000000000	JPY	457,000	NextYearDuration_ConsolidatedMember_ForecastMember	/disc/80370/081220180502427030_tse-acedjpsm-80370-20180502427030-ixbrl.htm
2018-05-10	年次	来期	連結	予想		売上高の増減率	ChangeInNetSales	0.021	Pure	2.1	NextYearDuration_ConsolidatedMember_ForecastMember	/disc/80370/081220180502427030_tse-acedjpsm-80370-20180502427030-ixbrl.htm
2018-05-10	年次	来期	連結	予想		営業利益	OperatingIncome	9500000000	JPY	9,500	NextYearDuration_ConsolidatedMember_ForecastMember	/disc/80370/081220180502427030_tse-acedjpsm-80370-20180502427030-ixbrl.htm
2018-05-10	年次	来期	連結	予想		営業利益の増減率	ChangeInOperatingIncome	-0.031	Pure	3.1	NextYearDuration_ConsolidatedMember_ForecastMember	/disc/80370/081220180502427030_tse-acedjpsm-80370-20180502427030-ixbrl.htm
2018-05-10	年次	来期	連結	予想		経常利益	OrdinaryIncome	10800000000	JPY	10,800	NextYearDuration_ConsolidatedMember_ForecastMember	/disc/80370/081220180502427030_tse-acedjpsm-80370-20180502427030-ixbrl.htm
2018-05-10	年次	来期	連結	予想		経常利益の増減率	ChangeInOrdinaryIncome	-0.004	Pure	0.4	NextYearDuration_ConsolidatedMember_ForecastMember	/disc/80370/081220180502427030_tse-acedjpsm-80370-20180502427030-ixbrl.htm
2018-05-10	年次	来期	連結	予想		親会社株主に帰属する当期純利益	ProfitAttributableToOwnersOfParent	6700000000	JPY	6,700	NextYearDuration_ConsolidatedMember_ForecastMember	/disc/80370/081220180502427030_tse-acedjpsm-80370-20180502427030-ixbrl.htm
2018-05-10	年次	来期	連結	予想		親会社株主に帰属する当期純利益の増減率	ChangeInProfitAttributableToOwnersOfParent	0.019	Pure	1.9	NextYearDuration_ConsolidatedMember_ForecastMember	/disc/80370/081220180502427030_tse-acedjpsm-80370-20180502427030-ixbrl.htm
2018-05-10	年次	来期	連結	予想		1株当たり当期純利益	NetIncomePerShare	199.40	JPYPerShares	199.40	NextYearDuration_ConsolidatedMember_ForecastMember	/disc/80370/081220180502427030_tse-acedjpsm-80370-20180502427030-ixbrl.htm
2018-05-10	年次	当期	連結	実績			MaterialChangesInSubsidiariesDuringThisPeriodChangesInScopeOfConsolidationsResultingFromChangeIsSubsidiaries			無	CurrentYearDuration_ConsolidatedMember_ResultMember	/disc/80370/081220180502427030_tse-acedjpsm-80370-20180502427030-ixbrl.htm
2018-05-10	年次	当期	連結	実績		会計基準等の改正に伴う変更	ChangesBasedOnRevisionsOfAccountingStandard			無	CurrentYearDuration_ConsolidatedMember_ResultMember	/disc/80370/081220180502427030_tse-acedjpsm-80370-20180502427030-ixbrl.htm
2018-05-10	年次	当期	連結	実績		それ以外の会計方針の変更	ChangesOtherThanOnesBasedOnRevisionsOfAccountingStandard			無	CurrentYearDuration_ConsolidatedMember_ResultMember	/disc/80370/081220180502427030_tse-acedjpsm-80370-20180502427030-ixbrl.htm
2018-05-10	年次	当期	連結	実績		会計上の見積りの変更	ChangesInAccountingEstimates			無	CurrentYearDuration_ConsolidatedMember_ResultMember	/disc/80370/081220180502427030_tse-acedjpsm-80370-20180502427030-ixbrl.htm
2018-05-10	年次	当期	連結	実績		修正再表示	RetrospectiveRestatement			無	CurrentYearDuration_ConsolidatedMember_ResultMember	/disc/80370/081220180502427030_tse-acedjpsm-80370-20180502427030-ixbrl.htm
2018-05-10	年次	当期	単体	実績		期末発行済株式数(自己株式を含む)	NumberOfIssuedAndOutstandingSharesAtTheEndOfFiscalYearIncludingTreasuryStock	37591969	Shares	37,591,969	CurrentYearInstant_NonConsolidatedMember_ResultMember	/disc/80370/081220180502427030_tse-acedjpsm-80370-20180502427030-ixbrl.htm
2018-05-10	年次	前期	単体	実績		期末発行済株式数(自己株式を含む)	NumberOfIssuedAndOutstandingSharesAtTheEndOfFiscalYearIncludingTreasuryStock	37591969	Shares	37,591,969	PriorYearInstant_NonConsolidatedMember_ResultMember	/disc/80370/081220180502427030_tse-acedjpsm-80370-20180502427030-ixbrl.htm
2018-05-10	年次	当期	単体	実績		期末自己株式数	NumberOfTreasuryStockAtTheEndOfFiscalYear	3990933	Shares	3,990,933	CurrentYearInstant_NonConsolidatedMember_ResultMember	/disc/80370/081220180502427030_tse-acedjpsm-80370-20180502427030-ixbrl.htm
2018-05-10	年次	前期	単体	実績		期末自己株式数	NumberOfTreasuryStockAtTheEndOfFiscalYear	3990769	Shares	3,990,769	PriorYearInstant_NonConsolidatedMember_ResultMember	/disc/80370/081220180502427030_tse-acedjpsm-80370-20180502427030-ixbrl.htm
2018-05-10	年次	当期	単体	実績		期中平均株式数	AverageNumberOfShares	33601099	Shares	33,601,099	CurrentYearDuration_NonConsolidatedMember_ResultMember	/disc/80370/081220180502427030_tse-acedjpsm-80370-20180502427030-ixbrl.htm
2018-05-10	年次	前期	単体	実績		期中平均株式数	AverageNumberOfShares	33601250	Shares	33,601,250	PriorYearDuration_NonConsolidatedMember_ResultMember	/disc/80370/081220180502427030_tse-acedjpsm-80370-20180502427030-ixbrl.htm
2018-05-10	年次	当期	単体	実績		売上高	NetSales	290246000000	JPY	290,246	CurrentYearDuration_NonConsolidatedMember_ResultMember	/disc/80370/081220180502427030_tse-acedjpsm-80370-20180502427030-ixbrl.htm
2018-05-10	年次	当期	単体	実績		売上高の増減率	ChangeInNetSales	0.033	Pure	3.3	CurrentYearDuration_NonConsolidatedMember_ResultMember	/disc/80370/081220180502427030_tse-acedjpsm-80370-20180502427030-ixbrl.htm
2018-05-10	年次	当期	単体	実績		営業利益	OperatingIncome	5753000000	JPY	5,753	CurrentYearDuration_NonConsolidatedMember_ResultMember	/disc/80370/081220180502427030_tse-acedjpsm-80370-20180502427030-ixbrl.htm
2018-05-10	年次	当期	単体	実績		営業利益の増減率	ChangeInOperatingIncome	0.007	Pure	0.7	CurrentYearDuration_NonConsolidatedMember_ResultMember	/disc/80370/081220180502427030_tse-acedjpsm-80370-20180502427030-ixbrl.htm
2018-05-10	年次	当期	単体	実績		経常利益	OrdinaryIncome	6642000000	JPY	6,642	CurrentYearDuration_NonConsolidatedMember_ResultMember	/disc/80370/081220180502427030_tse-acedjpsm-80370-20180502427030-ixbrl.htm
2018-05-10	年次	当期	単体	実績		経常利益の増減率	ChangeInOrdinaryIncome	-0.097	Pure	9.7	CurrentYearDuration_NonConsolidatedMember_ResultMember	/disc/80370/081220180502427030_tse-acedjpsm-80370-20180502427030-ixbrl.htm
2018-05-10	年次	当期	単体	実績		当期純利益	NetIncome	5080000000	JPY	5,080	CurrentYearDuration_NonConsolidatedMember_ResultMember	/disc/80370/081220180502427030_tse-acedjpsm-80370-20180502427030-ixbrl.htm
2018-05-10	年次	当期	単体	実績		当期純利益の増減率	ChangeInNetIncome	-0.053	Pure	5.3	CurrentYearDuration_NonConsolidatedMember_ResultMember	/disc/80370/081220180502427030_tse-acedjpsm-80370-20180502427030-ixbrl.htm
2018-05-10	年次	前期	単体	実績		売上高	NetSales	280893000000	JPY	280,893	PriorYearDuration_NonConsolidatedMember_ResultMember	/disc/80370/081220180502427030_tse-acedjpsm-80370-20180502427030-ixbrl.htm
2018-05-10	年次	前期	単体	実績		売上高の増減率	ChangeInNetSales	-0.016	Pure	1.6	PriorYearDuration_NonConsolidatedMember_ResultMember	/disc/80370/081220180502427030_tse-acedjpsm-80370-20180502427030-ixbrl.htm
2018-05-10	年次	前期	単体	実績		営業利益	OperatingIncome	5713000000	JPY	5,713	PriorYearDuration_NonConsolidatedMember_ResultMember	/disc/80370/081220180502427030_tse-acedjpsm-80370-20180502427030-ixbrl.htm
2018-05-10	年次	前期	単体	実績		営業利益の増減率	ChangeInOperatingIncome	-0.145	Pure	14.5	PriorYearDuration_NonConsolidatedMember_ResultMember	/disc/80370/081220180502427030_tse-acedjpsm-80370-20180502427030-ixbrl.htm
2018-05-10	年次	前期	単体	実績		経常利益	OrdinaryIncome	7355000000	JPY	7,355	PriorYearDuration_NonConsolidatedMember_ResultMember	/disc/80370/081220180502427030_tse-acedjpsm-80370-20180502427030-ixbrl.htm
2018-05-10	年次	前期	単体	実績		経常利益の増減率	ChangeInOrdinaryIncome	-0.062	Pure	6.2	PriorYearDuration_NonConsolidatedMember_ResultMember	/disc/80370/081220180502427030_tse-acedjpsm-80370-20180502427030-ixbrl.htm
2018-05-10	年次	前期	単体	実績		当期純利益	NetIncome	5363000000	JPY	5,363	PriorYearDuration_NonConsolidatedMember_ResultMember	/disc/80370/081220180502427030_tse-acedjpsm-80370-20180502427030-ixbrl.htm
2018-05-10	年次	前期	単体	実績		当期純利益の増減率	ChangeInNetIncome	-0.442	Pure	44.2	PriorYearDuration_NonConsolidatedMember_ResultMember	/disc/80370/081220180502427030_tse-acedjpsm-80370-20180502427030-ixbrl.htm
2018-05-10	年次	当期	単体	実績		1株当たり当期純利益	NetIncomePerShare	151.21	JPYPerShares	151.21	CurrentYearDuration_NonConsolidatedMember_ResultMember	/disc/80370/081220180502427030_tse-acedjpsm-80370-20180502427030-ixbrl.htm
2018-05-10	年次	前期	単体	実績		1株当たり当期純利益	NetIncomePerShare	159.63	JPYPerShares	159.63	PriorYearDuration_NonConsolidatedMember_ResultMember	/disc/80370/081220180502427030_tse-acedjpsm-80370-20180502427030-ixbrl.htm
2018-05-10	年次	当期	単体	実績		総資産	TotalAssets	128592000000	JPY	128,592	CurrentYearInstant_NonConsolidatedMember_ResultMember	/disc/80370/081220180502427030_tse-acedjpsm-80370-20180502427030-ixbrl.htm
2018-05-10	年次	当期	単体	実績		純資産	NetAssets	70306000000	JPY	70,306	CurrentYearInstant_NonConsolidatedMember_ResultMember	/disc/80370/081220180502427030_tse-acedjpsm-80370-20180502427030-ixbrl.htm
2018-05-10	年次	当期	単体	実績		自己資本比率	CapitalAdequacyRatio	0.547	Pure	54.7	CurrentYearInstant_NonConsolidatedMember_ResultMember	/disc/80370/081220180502427030_tse-acedjpsm-80370-20180502427030-ixbrl.htm
2018-05-10	年次	当期	単体	実績		1株当たり純資産	NetAssetsPerShare	2092.39	JPYPerShares	2,092.39	CurrentYearInstant_NonConsolidatedMember_ResultMember	/disc/80370/081220180502427030_tse-acedjpsm-80370-20180502427030-ixbrl.htm
2018-05-10	年次	前期	単体	実績		総資産	TotalAssets	129558000000	JPY	129,558	PriorYearInstant_NonConsolidatedMember_ResultMember	/disc/80370/081220180502427030_tse-acedjpsm-80370-20180502427030-ixbrl.htm
2018-05-10	年次	前期	単体	実績		純資産	NetAssets	65826000000	JPY	65,826	PriorYearInstant_NonConsolidatedMember_ResultMember	/disc/80370/081220180502427030_tse-acedjpsm-80370-20180502427030-ixbrl.htm
2018-05-10	年次	前期	単体	実績		自己資本比率	CapitalAdequacyRatio	0.508	Pure	50.8	PriorYearInstant_NonConsolidatedMember_ResultMember	/disc/80370/081220180502427030_tse-acedjpsm-80370-20180502427030-ixbrl.htm
2018-05-10	年次	前期	単体	実績		1株当たり純資産	NetAssetsPerShare	1959.04	JPYPerShares	1,959.04	PriorYearInstant_NonConsolidatedMember_ResultMember	/disc/80370/081220180502427030_tse-acedjpsm-80370-20180502427030-ixbrl.htm
2018-05-10	年次	当期	単体	実績		自己資本	OwnersEquity	70306000000	JPY	70,306	CurrentYearInstant_NonConsolidatedMember_ResultMember	/disc/80370/081220180502427030_tse-acedjpsm-80370-20180502427030-ixbrl.htm
2018-05-10	年次	前期	単体	実績		自己資本	OwnersEquity	65826000000	JPY	65,826	PriorYearInstant_NonConsolidatedMember_ResultMember	/disc/80370/081220180502427030_tse-acedjpsm-80370-20180502427030-ixbrl.htm
2018-05-10	年次	来期				将来情報の利用に関する注意	NotesForUsingForecastedInformationAndOthers			本資料に記載されている業績見通し等の将来に関する記述は、当社が現在入手している情報及び合理的であると判断する一定の前提に基づいており、その達成を当社として約束する趣旨のものではありません。また、実際の業績等は様々な要因により大きく異なる可能性があります。業績予想の前提となる条件及び業績予想のご利用に当たっての注意事項等については、添付資料４ページ「１．経営成績等の概況（１）経営成績に関する分析」をご覧ください。	NextYearDuration	/disc/80370/081220180502427030_tse-acedjpsm-80370-20180502427030-ixbrl.htm
2018-05-10	年次	当期				決算期末	FiscalYearEnd			2018-03-31	CurrentYearInstant	/disc/80370/081220180502427030_tse-acedjpsm-80370-20180502427030-ixbrl.htm
2018-08-09	四半期	当期第1四半期累計				書類名	DocumentName			第1四半期決算短信〔日本基準〕（連結）	CurrentAccumulatedQ1Instant	/disc/80370/081220180801489462_tse-qcedjpsm-80370-20180801489462-ixbrl.htm
2018-08-09	四半期	当期第1四半期累計				提出日	FilingDate			平成30年8月9日	CurrentAccumulatedQ1Instant	/disc/80370/081220180801489462_tse-qcedjpsm-80370-20180801489462-ixbrl.htm
2018-08-09	四半期	当期第1四半期累計				会社名	CompanyName			カメイ株式会社	CurrentAccumulatedQ1Instant	/disc/80370/081220180801489462_tse-qcedjpsm-80370-20180801489462-ixbrl.htm
2018-08-09	四半期	当期第1四半期累計					TokyoStockExchange			東	CurrentAccumulatedQ1Instant	/disc/80370/081220180801489462_tse-qcedjpsm-80370-20180801489462-ixbrl.htm
2018-08-09	四半期	当期第1四半期累計				証券コード	SecuritiesCode			80370	CurrentAccumulatedQ1Instant	/disc/80370/081220180801489462_tse-qcedjpsm-80370-20180801489462-ixbrl.htm
2018-08-09	四半期	当期第1四半期累計				URL	URL			http://www.kamei.co.jp/	CurrentAccumulatedQ1Instant	/disc/80370/081220180801489462_tse-qcedjpsm-80370-20180801489462-ixbrl.htm
2018-08-09	四半期	当期第1四半期累計				代表者の役職	TitleRepresentative			代表取締役社長	CurrentAccumulatedQ1Instant	/disc/80370/081220180801489462_tse-qcedjpsm-80370-20180801489462-ixbrl.htm
2018-08-09	四半期	当期第1四半期累計				代表者名	NameRepresentative			亀井文行	CurrentAccumulatedQ1Instant	/disc/80370/081220180801489462_tse-qcedjpsm-80370-20180801489462-ixbrl.htm
2018-08-09	四半期	当期第1四半期累計					TitleInquiries			管理部長	CurrentAccumulatedQ1Instant	/disc/80370/081220180801489462_tse-qcedjpsm-80370-20180801489462-ixbrl.htm
2018-08-09	四半期	当期第1四半期累計					NameInquiries			小林哲也	CurrentAccumulatedQ1Instant	/disc/80370/081220180801489462_tse-qcedjpsm-80370-20180801489462-ixbrl.htm
2018-08-09	四半期	当期第1四半期累計					Tel			022-264-6112	CurrentAccumulatedQ1Instant	/disc/80370/081220180801489462_tse-qcedjpsm-80370-20180801489462-ixbrl.htm
2018-08-09	四半期	当期第1四半期累計					QuarterlyStatementFilingDateAsPlanned			平成30年8月9日	CurrentAccumulatedQ1Instant	/disc/80370/081220180801489462_tse-qcedjpsm-80370-20180801489462-ixbrl.htm
2018-08-09	四半期	当期第1四半期累計					SupplementalMaterialOfQuarterlyResults			無	CurrentAccumulatedQ1Instant	/disc/80370/081220180801489462_tse-qcedjpsm-80370-20180801489462-ixbrl.htm
2018-08-09	四半期	当期第1四半期累計					ConveningBriefingOfQuarterlyResults			無	CurrentAccumulatedQ1Instant	/disc/80370/081220180801489462_tse-qcedjpsm-80370-20180801489462-ixbrl.htm
2018-08-09	四半期	当期第1四半期累計					NoteToFractionProcessingMethod			（百万円未満切捨て）	CurrentAccumulatedQ1Instant	/disc/80370/081220180801489462_tse-qcedjpsm-80370-20180801489462-ixbrl.htm
2018-08-09	四半期	当期第1四半期累計	連結	実績		売上高	NetSales	106979000000	JPY	106,979	CurrentAccumulatedQ1Duration_ConsolidatedMember_ResultMember	/disc/80370/081220180801489462_tse-qcedjpsm-80370-20180801489462-ixbrl.htm
2018-08-09	四半期	当期第1四半期累計	連結	実績		売上高の増減率	ChangeInNetSales	0.093	Pure	9.3	CurrentAccumulatedQ1Duration_ConsolidatedMember_ResultMember	/disc/80370/081220180801489462_tse-qcedjpsm-80370-20180801489462-ixbrl.htm
2018-08-09	四半期	当期第1四半期累計	連結	実績		営業利益	OperatingIncome	1736000000	JPY	1,736	CurrentAccumulatedQ1Duration_ConsolidatedMember_ResultMember	/disc/80370/081220180801489462_tse-qcedjpsm-80370-20180801489462-ixbrl.htm
2018-08-09	四半期	当期第1四半期累計	連結	実績		営業利益の増減率	ChangeInOperatingIncome	-0.115	Pure	11.5	CurrentAccumulatedQ1Duration_ConsolidatedMember_ResultMember	/disc/80370/081220180801489462_tse-qcedjpsm-80370-20180801489462-ixbrl.htm
2018-08-09	四半期	当期第1四半期累計	連結	実績		経常利益	OrdinaryIncome	2084000000	JPY	2,084	CurrentAccumulatedQ1Duration_ConsolidatedMember_ResultMember	/disc/80370/081220180801489462_tse-qcedjpsm-80370-20180801489462-ixbrl.htm
2018-08-09	四半期	当期第1四半期累計	連結	実績		経常利益の増減率	ChangeInOrdinaryIncome	-0.101	Pure	10.1	CurrentAccumulatedQ1Duration_ConsolidatedMember_ResultMember	/disc/80370/081220180801489462_tse-qcedjpsm-80370-20180801489462-ixbrl.htm
2018-08-09	四半期	当期第1四半期累計	連結	実績		親会社株主に帰属する当期純利益	ProfitAttributableToOwnersOfParent	1349000000	JPY	1,349	CurrentAccumulatedQ1Duration_ConsolidatedMember_ResultMember	/disc/80370/081220180801489462_tse-qcedjpsm-80370-20180801489462-ixbrl.htm
2018-08-09	四半期	当期第1四半期累計	連結	実績		親会社株主に帰属する当期純利益の増減率	ChangeInProfitAttributableToOwnersOfParent	-0.202	Pure	20.2	CurrentAccumulatedQ1Duration_ConsolidatedMember_ResultMember	/disc/80370/081220180801489462_tse-qcedjpsm-80370-20180801489462-ixbrl.htm
2018-08-09	四半期	前期第1四半期累計	連結	実績		売上高	NetSales	97919000000	JPY	97,919	PriorAccumulatedQ1Duration_ConsolidatedMember_ResultMember	/disc/80370/081220180801489462_tse-qcedjpsm-80370-20180801489462-ixbrl.htm
2018-08-09	四半期	前期第1四半期累計	連結	実績		売上高の増減率	ChangeInNetSales	0.042	Pure	4.2	PriorAccumulatedQ1Duration_ConsolidatedMember_ResultMember	/disc/80370/081220180801489462_tse-qcedjpsm-80370-20180801489462-ixbrl.htm
2018-08-09	四半期	前期第1四半期累計	連結	実績		営業利益	OperatingIncome	1961000000	JPY	1,961	PriorAccumulatedQ1Duration_ConsolidatedMember_ResultMember	/disc/80370/081220180801489462_tse-qcedjpsm-80370-20180801489462-ixbrl.htm
2018-08-09	四半期	前期第1四半期累計	連結	実績		営業利益の増減率	ChangeInOperatingIncome	-0.092	Pure	9.2	PriorAccumulatedQ1Duration_ConsolidatedMember_ResultMember	/disc/80370/081220180801489462_tse-qcedjpsm-80370-20180801489462-ixbrl.htm
2018-08-09	四半期	前期第1四半期累計	連結	実績		経常利益	OrdinaryIncome	2319000000	JPY	2,319	PriorAccumulatedQ1Duration_ConsolidatedMember_ResultMember	/disc/80370/081220180801489462_tse-qcedjpsm-80370-20180801489462-ixbrl.htm
2018-08-09	四半期	前期第1四半期累計	連結	実績		経常利益の増減率	ChangeInOrdinaryIncome	-0.010	Pure	1.0	PriorAccumulatedQ1Duration_ConsolidatedMember_ResultMember	/disc/80370/081220180801489462_tse-qcedjpsm-80370-20180801489462-ixbrl.htm
2018-08-09	四半期	前期第1四半期累計	連結	実績		親会社株主に帰属する当期純利益	ProfitAttributableToOwnersOfParent	1691000000	JPY	1,691	PriorAccumulatedQ1Duration_ConsolidatedMember_ResultMember	/disc/80370/081220180801489462_tse-qcedjpsm-80370-20180801489462-ixbrl.htm
2018-08-09	四半期	前期第1四半期累計	連結	実績		親会社株主に帰属する当期純利益の増減率	ChangeInProfitAttributableToOwnersOfParent	-0.065	Pure	6.5	PriorAccumulatedQ1Duration_ConsolidatedMember_ResultMember	/disc/80370/081220180801489462_tse-qcedjpsm-80370-20180801489462-ixbrl.htm
2018-08-09	四半期	当期第1四半期累計	連結	実績		包括利益	ComprehensiveIncome	582000000	JPY	582	CurrentAccumulatedQ1Duration_ConsolidatedMember_ResultMember	/disc/80370/081220180801489462_tse-qcedjpsm-80370-20180801489462-ixbrl.htm
2018-08-09	四半期	当期第1四半期累計	連結	実績		包括利益の増減率	ChangeInComprehensiveIncome	-0.639	Pure	63.9	CurrentAccumulatedQ1Duration_ConsolidatedMember_ResultMember	/disc/80370/081220180801489462_tse-qcedjpsm-80370-20180801489462-ixbrl.htm
2018-08-09	四半期	前期第1四半期累計	連結	実績		包括利益	ComprehensiveIncome	1612000000	JPY	1,612	PriorAccumulatedQ1Duration_ConsolidatedMember_ResultMember	/disc/80370/081220180801489462_tse-qcedjpsm-80370-20180801489462-ixbrl.htm
2018-08-09	四半期	前期第1四半期累計	連結	実績		包括利益の増減率	ChangeInComprehensiveIncome	0.494	Pure	49.4	PriorAccumulatedQ1Duration_ConsolidatedMember_ResultMember	/disc/80370/081220180801489462_tse-qcedjpsm-80370-20180801489462-ixbrl.htm
2018-08-09	四半期	当期第1四半期累計	連結	実績		1株当たり当期純利益	NetIncomePerShare	40.15	JPYPerShares	40.15	CurrentAccumulatedQ1Duration_ConsolidatedMember_ResultMember	/disc/80370/081220180801489462_tse-qcedjpsm-80370-20180801489462-ixbrl.htm
2018-08-09	四半期	前期第1四半期累計	連結	実績		1株当たり当期純利益	NetIncomePerShare	50.34	JPYPerShares	50.34	PriorAccumulatedQ1Duration_ConsolidatedMember_ResultMember	/disc/80370/081220180801489462_tse-qcedjpsm-80370-20180801489462-ixbrl.htm
2018-08-09	四半期	当期第1四半期累計	連結	実績		総資産	TotalAssets	224853000000	JPY	224,853	CurrentAccumulatedQ1Instant_ConsolidatedMember_ResultMember	/disc/80370/081220180801489462_tse-qcedjpsm-80370-20180801489462-ixbrl.htm
2018-08-09	四半期	当期第1四半期累計	連結	実績		純資産	NetAssets	103244000000	JPY	103,244	CurrentAccumulatedQ1Instant_ConsolidatedMember_ResultMember	/disc/80370/081220180801489462_tse-qcedjpsm-80370-20180801489462-ixbrl.htm
2018-08-09	四半期	当期第1四半期累計	連結	実績		自己資本比率	CapitalAdequacyRatio	0.435	Pure	43.5	CurrentAccumulatedQ1Instant_ConsolidatedMember_ResultMember	/disc/80370/081220180801489462_tse-qcedjpsm-80370-20180801489462-ixbrl.htm
2018-08-09	四半期	当期第1四半期累計	連結	実績		1株当たり純資産	NetAssetsPerShare	2910.14	JPYPerShares	2,910.14	CurrentAccumulatedQ1Instant_ConsolidatedMember_ResultMember	/disc/80370/081220180801489462_tse-qcedjpsm-80370-20180801489462-ixbrl.htm
2018-08-09	四半期	前期	連結	実績		総資産	TotalAssets	230039000000	JPY	230,039	PriorYearInstant_ConsolidatedMember_ResultMember	/disc/80370/081220180801489462_tse-qcedjpsm-80370-20180801489462-ixbrl.htm
2018-08-09	四半期	前期	連結	実績		純資産	NetAssets	102885000000	JPY	102,885	PriorYearInstant_ConsolidatedMember_ResultMember	/disc/80370/081220180801489462_tse-qcedjpsm-80370-20180801489462-ixbrl.htm
2018-08-09	四半期	前期	連結	実績		自己資本比率	CapitalAdequacyRatio	0.423	Pure	42.3	PriorYearInstant_ConsolidatedMember_ResultMember	/disc/80370/081220180801489462_tse-qcedjpsm-80370-20180801489462-ixbrl.htm
2018-08-09	四半期	前期	連結	実績		1株当たり純資産	NetAssetsPerShare	2900.26	JPYPerShares	2,900.26	PriorYearInstant_ConsolidatedMember_ResultMember	/disc/80370/081220180801489462_tse-qcedjpsm-80370-20180801489462-ixbrl.htm
2018-08-09	四半期	当期第1四半期累計	連結	実績		自己資本	OwnersEquity	97783000000	JPY	97,783	CurrentAccumulatedQ1Instant_ConsolidatedMember_ResultMember	/disc/80370/081220180801489462_tse-qcedjpsm-80370-20180801489462-ixbrl.htm
2018-08-09	四半期	前期	連結	実績		自己資本	OwnersEquity	97451000000	JPY	97,451	PriorYearInstant_ConsolidatedMember_ResultMember	/disc/80370/081220180801489462_tse-qcedjpsm-80370-20180801489462-ixbrl.htm
2018-08-09	四半期	前期	単体	実績	第2四半期末	1株当たり配当金	DividendPerShare	12.50	JPYPerShares	12.50	PriorYearDuration_SecondQuarterMember_NonConsolidatedMember_ResultMember	/disc/80370/081220180801489462_tse-qcedjpsm-80370-20180801489462-ixbrl.htm
2018-08-09	四半期	前期	単体	実績	期末	1株当たり配当金	DividendPerShare	12.50	JPYPerShares	12.50	PriorYearDuration_YearEndMember_NonConsolidatedMember_ResultMember	/disc/80370/081220180801489462_tse-qcedjpsm-80370-20180801489462-ixbrl.htm
2018-08-09	四半期	前期	単体	実績	合計	1株当たり配当金	DividendPerShare	25.00	JPYPerShares	25.00	PriorYearDuration_AnnualMember_NonConsolidatedMember_ResultMember	/disc/80370/081220180801489462_tse-qcedjpsm-80370-20180801489462-ixbrl.htm
2018-08-09	四半期	当期	単体	予想	第2四半期末	1株当たり配当金	DividendPerShare	12.50	JPYPerShares	12.50	CurrentYearDuration_SecondQuarterMember_NonConsolidatedMember_ForecastMember	/disc/80370/081220180801489462_tse-qcedjpsm-80370-20180801489462-ixbrl.htm
2018-08-09	四半期	当期	単体	予想	期末	1株当たり配当金	DividendPerShare	12.50	JPYPerShares	12.50	CurrentYearDuration_YearEndMember_NonConsolidatedMember_ForecastMember	/disc/80370/081220180801489462_tse-qcedjpsm-80370-20180801489462-ixbrl.htm
2018-08-09	四半期	当期	単体	予想	合計	1株当たり配当金	DividendPerShare	25.00	JPYPerShares	25.00	CurrentYearDuration_AnnualMember_NonConsolidatedMember_ForecastMember	/disc/80370/081220180801489462_tse-qcedjpsm-80370-20180801489462-ixbrl.htm
2018-08-09	四半期	当期	単体	実績	合計	当四半期における配当予想の修正	CorrectionOfDividendForecastInThisQuarter			無	CurrentYearDuration_AnnualMember_NonConsolidatedMember_ResultMember	/disc/80370/081220180801489462_tse-qcedjpsm-80370-20180801489462-ixbrl.htm
2018-08-09	四半期	当期	連結	予想		業績予想の見出し	TitleForForecasts			3. 平成31年 3月期の連結業績予想（平成30年 4月 1日～平成31年 3月31日）	CurrentYearDuration_ConsolidatedMember_ForecastMember	/disc/80370/081220180801489462_tse-qcedjpsm-80370-20180801489462-ixbrl.htm
2018-08-09	四半期	当期第2四半期累計	連結	予想		売上高	NetSales	210000000000	JPY	210,000	CurrentAccumulatedQ2Duration_ConsolidatedMember_ForecastMember	/disc/80370/081220180801489462_tse-qcedjpsm-80370-20180801489462-ixbrl.htm
2018-08-09	四半期	当期第2四半期累計	連結	予想		売上高の増減率	ChangeInNetSales	0.063	Pure	6.3	CurrentAccumulatedQ2Duration_ConsolidatedMember_ForecastMember	/disc/80370/081220180801489462_tse-qcedjpsm-80370-20180801489462-ixbrl.htm
2018-08-09	四半期	当期第2四半期累計	連結	予想		営業利益	OperatingIncome	3500000000	JPY	3,500	CurrentAccumulatedQ2Duration_ConsolidatedMember_ForecastMember	/disc/80370/081220180801489462_tse-qcedjpsm-80370-20180801489462-ixbrl.htm
2018-08-09	四半期	当期第2四半期累計	連結	予想		営業利益の増減率	ChangeInOperatingIncome	0.031	Pure	3.1	CurrentAccumulatedQ2Duration_ConsolidatedMember_ForecastMember	/disc/80370/081220180801489462_tse-qcedjpsm-80370-20180801489462-ixbrl.htm
2018-08-09	四半期	当期第2四半期累計	連結	予想		経常利益	OrdinaryIncome	4000000000	JPY	4,000	CurrentAccumulatedQ2Duration_ConsolidatedMember_ForecastMember	/disc/80370/081220180801489462_tse-qcedjpsm-80370-20180801489462-ixbrl.htm
2018-08-09	四半期	当期第2四半期累計	連結	予想		経常利益の増減率	ChangeInOrdinaryIncome	0.009	Pure	0.9	CurrentAccumulatedQ2Duration_ConsolidatedMember_ForecastMember	/disc/80370/081220180801489462_tse-qcedjpsm-80370-20180801489462-ixbrl.htm
2018-08-09	四半期	当期第2四半期累計	連結	予想		親会社株主に帰属する当期純利益	ProfitAttributableToOwnersOfParent	2300000000	JPY	2,300	CurrentAccumulatedQ2Duration_ConsolidatedMember_ForecastMember	/disc/80370/081220180801489462_tse-qcedjpsm-80370-20180801489462-ixbrl.htm
2018-08-09	四半期	当期第2四半期累計	連結	予想		親会社株主に帰属する当期純利益の増減率	ChangeInProfitAttributableToOwnersOfParent	-0.221	Pure	22.1	CurrentAccumulatedQ2Duration_ConsolidatedMember_ForecastMember	/disc/80370/081220180801489462_tse-qcedjpsm-80370-20180801489462-ixbrl.htm
2018-08-09	四半期	当期第2四半期累計	連結	予想		1株当たり当期純利益	NetIncomePerShare	68.45	JPYPerShares	68.45	CurrentAccumulatedQ2Duration_ConsolidatedMember_ForecastMember	/disc/80370/081220180801489462_tse-qcedjpsm-80370-20180801489462-ixbrl.htm
2018-08-09	四半期	当期	連結	予想		売上高	NetSales	457000000000	JPY	457,000	CurrentYearDuration_ConsolidatedMember_ForecastMember	/disc/80370/081220180801489462_tse-qcedjpsm-80370-20180801489462-ixbrl.htm
2018-08-09	四半期	当期	連結	予想		売上高の増減率	ChangeInNetSales	0.021	Pure	2.1	CurrentYearDuration_ConsolidatedMember_ForecastMember	/disc/80370/081220180801489462_tse-qcedjpsm-80370-20180801489462-ixbrl.htm
2018-08-09	四半期	当期	連結	予想		営業利益	OperatingIncome	9500000000	JPY	9,500	CurrentYearDuration_ConsolidatedMember_ForecastMember	/disc/80370/081220180801489462_tse-qcedjpsm-80370-20180801489462-ixbrl.htm
2018-08-09	四半期	当期	連結	予想		営業利益の増減率	ChangeInOperatingIncome	-0.031	Pure	3.1	CurrentYearDuration_ConsolidatedMember_ForecastMember	/disc/80370/081220180801489462_tse-qcedjpsm-80370-20180801489462-ixbrl.htm
2018-08-09	四半期	当期	連結	予想		経常利益	OrdinaryIncome	10800000000	JPY	10,800	CurrentYearDuration_ConsolidatedMember_ForecastMember	/disc/80370/081220180801489462_tse-qcedjpsm-80370-20180801489462-ixbrl.htm
2018-08-09	四半期	当期	連結	予想		経常利益の増減率	ChangeInOrdinaryIncome	-0.004	Pure	0.4	CurrentYearDuration_ConsolidatedMember_ForecastMember	/disc/80370/081220180801489462_tse-qcedjpsm-80370-20180801489462-ixbrl.htm
2018-08-09	四半期	当期	連結	予想		親会社株主に帰属する当期純利益	ProfitAttributableToOwnersOfParent	6700000000	JPY	6,700	CurrentYearDuration_ConsolidatedMember_ForecastMember	/disc/80370/081220180801489462_tse-qcedjpsm-80370-20180801489462-ixbrl.htm
2018-08-09	四半期	当期	連結	予想		親会社株主に帰属する当期純利益の増減率	ChangeInProfitAttributableToOwnersOfParent	0.019	Pure	1.9	CurrentYearDuration_ConsolidatedMember_ForecastMember	/disc/80370/081220180801489462_tse-qcedjpsm-80370-20180801489462-ixbrl.htm
2018-08-09	四半期	当期	連結	予想		1株当たり当期純利益	NetIncomePerShare	199.40	JPYPerShares	199.40	CurrentYearDuration_ConsolidatedMember_ForecastMember	/disc/80370/081220180801489462_tse-qcedjpsm-80370-20180801489462-ixbrl.htm
2018-08-09	四半期	当期	連結	予想		当四半期における業績予想の修正	CorrectionOfConsolidatedFinancialForecastInThisQuarter			無	CurrentYearDuration_ConsolidatedMember_ForecastMember	/disc/80370/081220180801489462_tse-qcedjpsm-80370-20180801489462-ixbrl.htm
2018-08-09	四半期	当期第1四半期累計	連結	実績			MaterialChangesInSubsidiariesDuringThisPeriodChangesInScopeOfConsolidationsResultingFromChangeIsSubsidiaries			無	CurrentAccumulatedQ1Duration_ConsolidatedMember_ResultMember	/disc/80370/081220180801489462_tse-qcedjpsm-80370-20180801489462-ixbrl.htm
2018-08-09	四半期	当期第1四半期累計	連結	実績			ApplyingOfSpecificAccountingOfTheConsolidatedQuarterlyFinancialStatements			無	CurrentAccumulatedQ1Duration_ConsolidatedMember_ResultMember	/disc/80370/081220180801489462_tse-qcedjpsm-80370-20180801489462-ixbrl.htm
2018-08-09	四半期	当期第1四半期累計	連結	実績		会計基準等の改正に伴う変更	ChangesBasedOnRevisionsOfAccountingStandard			無	CurrentAccumulatedQ1Duration_ConsolidatedMember_ResultMember	/disc/80370/081220180801489462_tse-qcedjpsm-80370-20180801489462-ixbrl.htm
2018-08-09	四半期	当期第1四半期累計	連結	実績		それ以外の会計方針の変更	ChangesOtherThanOnesBasedOnRevisionsOfAccountingStandard			無	CurrentAccumulatedQ1Duration_ConsolidatedMember_ResultMember	/disc/80370/081220180801489462_tse-qcedjpsm-80370-20180801489462-ixbrl.htm
2018-08-09	四半期	当期第1四半期累計	連結	実績		会計上の見積りの変更	ChangesInAccountingEstimates			無	CurrentAccumulatedQ1Duration_ConsolidatedMember_ResultMember	/disc/80370/081220180801489462_tse-qcedjpsm-80370-20180801489462-ixbrl.htm
2018-08-09	四半期	当期第1四半期累計	連結	実績		修正再表示	RetrospectiveRestatement			無	CurrentAccumulatedQ1Duration_ConsolidatedMember_ResultMember	/disc/80370/081220180801489462_tse-qcedjpsm-80370-20180801489462-ixbrl.htm
2018-08-09	四半期	当期第1四半期累計	単体	実績		期末発行済株式数(自己株式を含む)	NumberOfIssuedAndOutstandingSharesAtTheEndOfFiscalYearIncludingTreasuryStock	37591969	Shares	37,591,969	CurrentAccumulatedQ1Instant_NonConsolidatedMember_ResultMember	/disc/80370/081220180801489462_tse-qcedjpsm-80370-20180801489462-ixbrl.htm
2018-08-09	四半期	前期	単体	実績		期末発行済株式数(自己株式を含む)	NumberOfIssuedAndOutstandingSharesAtTheEndOfFiscalYearIncludingTreasuryStock	37591969	Shares	37,591,969	PriorYearInstant_NonConsolidatedMember_ResultMember	/disc/80370/081220180801489462_tse-qcedjpsm-80370-20180801489462-ixbrl.htm
2018-08-09	四半期	当期第1四半期累計	単体	実績		期末自己株式数	NumberOfTreasuryStockAtTheEndOfFiscalYear	3990953	Shares	3,990,953	CurrentAccumulatedQ1Instant_NonConsolidatedMember_ResultMember	/disc/80370/081220180801489462_tse-qcedjpsm-80370-20180801489462-ixbrl.htm
2018-08-09	四半期	前期	単体	実績		期末自己株式数	NumberOfTreasuryStockAtTheEndOfFiscalYear	3990933	Shares	3,990,933	PriorYearInstant_NonConsolidatedMember_ResultMember	/disc/80370/081220180801489462_tse-qcedjpsm-80370-20180801489462-ixbrl.htm
2018-08-09	四半期	当期第1四半期累計	単体	実績		期中平均株式数	AverageNumberOfShares	33601026	Shares	33,601,026	CurrentAccumulatedQ1Duration_NonConsolidatedMember_ResultMember	/disc/80370/081220180801489462_tse-qcedjpsm-80370-20180801489462-ixbrl.htm
2018-08-09	四半期	前期第1四半期累計	単体	実績		期中平均株式数	AverageNumberOfShares	33601164	Shares	33,601,164	PriorAccumulatedQ1Duration_NonConsolidatedMember_ResultMember	/disc/80370/081220180801489462_tse-qcedjpsm-80370-20180801489462-ixbrl.htm
2018-08-09	四半期	当期				将来情報の利用に関する注意	NotesForUsingForecastedInformationAndOthers			本資料に記載されている業績見通し等の将来に関する記述は、当社が現在入手している情報及び合理的であると判断する一定の前提に基づいており、その達成を当社として約束する趣旨のものではありません。また、実際の業績等は様々な要因により大きく異なる可能性があります。業績予想の前提となる条件及び業績予想のご利用に当たっての注意事項等については、添付資料４ページ「１．当四半期決算に関する定性的情報（３）連結業績予想などの将来予測情報に関する説明」をご覧ください。	CurrentYearDuration	/disc/80370/081220180801489462_tse-qcedjpsm-80370-20180801489462-ixbrl.htm
2018-08-09	四半期	当期				決算期末	FiscalYearEnd			2019-03-31	CurrentYearInstant	/disc/80370/081220180801489462_tse-qcedjpsm-80370-20180801489462-ixbrl.htm
2018-08-09	四半期	当期第1四半期累計				四半期	QuarterlyPeriod	1	Pure	1	CurrentAccumulatedQ1Instant	/disc/80370/081220180801489462_tse-qcedjpsm-80370-20180801489462-ixbrl.htm
2018-11-08	四半期	当期第2四半期累計				書類名	DocumentName			第2四半期決算短信〔日本基準〕（連結）	CurrentAccumulatedQ2Instant	/disc/80370/081220181031427632_tse-qcedjpsm-80370-20181031427632-ixbrl.htm
2018-11-08	四半期	当期第2四半期累計				提出日	FilingDate			平成30年11月8日	CurrentAccumulatedQ2Instant	/disc/80370/081220181031427632_tse-qcedjpsm-80370-20181031427632-ixbrl.htm
2018-11-08	四半期	当期第2四半期累計				会社名	CompanyName			カメイ株式会社	CurrentAccumulatedQ2Instant	/disc/80370/081220181031427632_tse-qcedjpsm-80370-20181031427632-ixbrl.htm
2018-11-08	四半期	当期第2四半期累計					TokyoStockExchange			東	CurrentAccumulatedQ2Instant	/disc/80370/081220181031427632_tse-qcedjpsm-80370-20181031427632-ixbrl.htm
2018-11-08	四半期	当期第2四半期累計				証券コード	SecuritiesCode			80370	CurrentAccumulatedQ2Instant	/disc/80370/081220181031427632_tse-qcedjpsm-80370-20181031427632-ixbrl.htm
2018-11-08	四半期	当期第2四半期累計				URL	URL			http://www.kamei.co.jp/	CurrentAccumulatedQ2Instant	/disc/80370/081220181031427632_tse-qcedjpsm-80370-20181031427632-ixbrl.htm
2018-11-08	四半期	当期第2四半期累計				代表者の役職	TitleRepresentative			代表取締役社長	CurrentAccumulatedQ2Instant	/disc/80370/081220181031427632_tse-qcedjpsm-80370-20181031427632-ixbrl.htm
2018-11-08	四半期	当期第2四半期累計				代表者名	NameRepresentative			亀井文行	CurrentAccumulatedQ2Instant	/disc/80370/081220181031427632_tse-qcedjpsm-80370-20181031427632-ixbrl.htm
2018-11-08	四半期	当期第2四半期累計					TitleInquiries			管理部長	CurrentAccumulatedQ2Instant	/disc/80370/081220181031427632_tse-qcedjpsm-80370-20181031427632-ixbrl.htm
2018-11-08	四半期	当期第2四半期累計					NameInquiries			小林哲也	CurrentAccumulatedQ2Instant	/disc/80370/081220181031427632_tse-qcedjpsm-80370-20181031427632-ixbrl.htm
2018-11-08	四半期	当期第2四半期累計					Tel			022-264-6112	CurrentAccumulatedQ2Instant	/disc/80370/081220181031427632_tse-qcedjpsm-80370-20181031427632-ixbrl.htm
2018-11-08	四半期	当期第2四半期累計					QuarterlyStatementFilingDateAsPlanned			平成30年11月8日	CurrentAccumulatedQ2Instant	/disc/80370/081220181031427632_tse-qcedjpsm-80370-20181031427632-ixbrl.htm
2018-11-08	四半期	当期第2四半期累計					DividendPayableDateAsPlanned			平成30年12月5日	CurrentAccumulatedQ2Instant	/disc/80370/081220181031427632_tse-qcedjpsm-80370-20181031427632-ixbrl.htm
2018-11-08	四半期	当期第2四半期累計					SupplementalMaterialOfQuarterlyResults			無	CurrentAccumulatedQ2Instant	/disc/80370/081220181031427632_tse-qcedjpsm-80370-20181031427632-ixbrl.htm
2018-11-08	四半期	当期第2四半期累計					ConveningBriefingOfQuarterlyResults			無	CurrentAccumulatedQ2Instant	/disc/80370/081220181031427632_tse-qcedjpsm-80370-20181031427632-ixbrl.htm
2018-11-08	四半期	当期第2四半期累計					NoteToFractionProcessingMethod			（百万円未満切捨て）	CurrentAccumulatedQ2Instant	/disc/80370/081220181031427632_tse-qcedjpsm-80370-20181031427632-ixbrl.htm
2018-11-08	四半期	当期第2四半期累計	連結	実績		売上高	NetSales	216840000000	JPY	216,840	CurrentAccumulatedQ2Duration_ConsolidatedMember_ResultMember	/disc/80370/081220181031427632_tse-qcedjpsm-80370-20181031427632-ixbrl.htm
2018-11-08	四半期	当期第2四半期累計	連結	実績		売上高の増減率	ChangeInNetSales	0.097	Pure	9.7	CurrentAccumulatedQ2Duration_ConsolidatedMember_ResultMember	/disc/80370/081220181031427632_tse-qcedjpsm-80370-20181031427632-ixbrl.htm
2018-11-08	四半期	当期第2四半期累計	連結	実績		営業利益	OperatingIncome	2972000000	JPY	2,972	CurrentAccumulatedQ2Duration_ConsolidatedMember_ResultMember	/disc/80370/081220181031427632_tse-qcedjpsm-80370-20181031427632-ixbrl.htm
2018-11-08	四半期	当期第2四半期累計	連結	実績		営業利益の増減率	ChangeInOperatingIncome	-0.124	Pure	12.4	CurrentAccumulatedQ2Duration_ConsolidatedMember_ResultMember	/disc/80370/081220181031427632_tse-qcedjpsm-80370-20181031427632-ixbrl.htm
2018-11-08	四半期	当期第2四半期累計	連結	実績		経常利益	OrdinaryIncome	3868000000	JPY	3,868	CurrentAccumulatedQ2Duration_ConsolidatedMember_ResultMember	/disc/80370/081220181031427632_tse-qcedjpsm-80370-20181031427632-ixbrl.htm
2018-11-08	四半期	当期第2四半期累計	連結	実績		経常利益の増減率	ChangeInOrdinaryIncome	-0.024	Pure	2.4	CurrentAccumulatedQ2Duration_ConsolidatedMember_ResultMember	/disc/80370/081220181031427632_tse-qcedjpsm-80370-20181031427632-ixbrl.htm
2018-11-08	四半期	当期第2四半期累計	連結	実績		親会社株主に帰属する当期純利益	ProfitAttributableToOwnersOfParent	2444000000	JPY	2,444	CurrentAccumulatedQ2Duration_ConsolidatedMember_ResultMember	/disc/80370/081220181031427632_tse-qcedjpsm-80370-20181031427632-ixbrl.htm
2018-11-08	四半期	当期第2四半期累計	連結	実績		親会社株主に帰属する当期純利益の増減率	ChangeInProfitAttributableToOwnersOfParent	-0.172	Pure	17.2	CurrentAccumulatedQ2Duration_ConsolidatedMember_ResultMember	/disc/80370/081220181031427632_tse-qcedjpsm-80370-20181031427632-ixbrl.htm
2018-11-08	四半期	前期第2四半期累計	連結	実績		売上高	NetSales	197613000000	JPY	197,613	PriorAccumulatedQ2Duration_ConsolidatedMember_ResultMember	/disc/80370/081220181031427632_tse-qcedjpsm-80370-20181031427632-ixbrl.htm
2018-11-08	四半期	前期第2四半期累計	連結	実績		売上高の増減率	ChangeInNetSales	0.049	Pure	4.9	PriorAccumulatedQ2Duration_ConsolidatedMember_ResultMember	/disc/80370/081220181031427632_tse-qcedjpsm-80370-20181031427632-ixbrl.htm
2018-11-08	四半期	前期第2四半期累計	連結	実績		営業利益	OperatingIncome	3393000000	JPY	3,393	PriorAccumulatedQ2Duration_ConsolidatedMember_ResultMember	/disc/80370/081220181031427632_tse-qcedjpsm-80370-20181031427632-ixbrl.htm
2018-11-08	四半期	前期第2四半期累計	連結	実績		営業利益の増減率	ChangeInOperatingIncome	-0.087	Pure	8.7	PriorAccumulatedQ2Duration_ConsolidatedMember_ResultMember	/disc/80370/081220181031427632_tse-qcedjpsm-80370-20181031427632-ixbrl.htm
2018-11-08	四半期	前期第2四半期累計	連結	実績		経常利益	OrdinaryIncome	3964000000	JPY	3,964	PriorAccumulatedQ2Duration_ConsolidatedMember_ResultMember	/disc/80370/081220181031427632_tse-qcedjpsm-80370-20181031427632-ixbrl.htm
2018-11-08	四半期	前期第2四半期累計	連結	実績		経常利益の増減率	ChangeInOrdinaryIncome	-0.043	Pure	4.3	PriorAccumulatedQ2Duration_ConsolidatedMember_ResultMember	/disc/80370/081220181031427632_tse-qcedjpsm-80370-20181031427632-ixbrl.htm
2018-11-08	四半期	前期第2四半期累計	連結	実績		親会社株主に帰属する当期純利益	ProfitAttributableToOwnersOfParent	2952000000	JPY	2,952	PriorAccumulatedQ2Duration_ConsolidatedMember_ResultMember	/disc/80370/081220181031427632_tse-qcedjpsm-80370-20181031427632-ixbrl.htm
2018-11-08	四半期	前期第2四半期累計	連結	実績		親会社株主に帰属する当期純利益の増減率	ChangeInProfitAttributableToOwnersOfParent	0.009	Pure	0.9	PriorAccumulatedQ2Duration_ConsolidatedMember_ResultMember	/disc/80370/081220181031427632_tse-qcedjpsm-80370-20181031427632-ixbrl.htm
2018-11-08	四半期	当期第2四半期累計	連結	実績		包括利益	ComprehensiveIncome	2431000000	JPY	2,431	CurrentAccumulatedQ2Duration_ConsolidatedMember_ResultMember	/disc/80370/081220181031427632_tse-qcedjpsm-80370-20181031427632-ixbrl.htm
2018-11-08	四半期	当期第2四半期累計	連結	実績		包括利益の増減率	ChangeInComprehensiveIncome	-0.264	Pure	26.4	CurrentAccumulatedQ2Duration_ConsolidatedMember_ResultMember	/disc/80370/081220181031427632_tse-qcedjpsm-80370-20181031427632-ixbrl.htm
2018-11-08	四半期	前期第2四半期累計	連結	実績		包括利益	ComprehensiveIncome	3301000000	JPY	3,301	PriorAccumulatedQ2Duration_ConsolidatedMember_ResultMember	/disc/80370/081220181031427632_tse-qcedjpsm-80370-20181031427632-ixbrl.htm
2018-11-08	四半期	前期第2四半期累計	連結	実績		包括利益の増減率	ChangeInComprehensiveIncome	0.652	Pure	65.2	PriorAccumulatedQ2Duration_ConsolidatedMember_ResultMember	/disc/80370/081220181031427632_tse-qcedjpsm-80370-20181031427632-ixbrl.htm
2018-11-08	四半期	当期第2四半期累計	連結	実績		1株当たり当期純利益	NetIncomePerShare	72.74	JPYPerShares	72.74	CurrentAccumulatedQ2Duration_ConsolidatedMember_ResultMember	/disc/80370/081220181031427632_tse-qcedjpsm-80370-20181031427632-ixbrl.htm
2018-11-08	四半期	前期第2四半期累計	連結	実績		1株当たり当期純利益	NetIncomePerShare	87.86	JPYPerShares	87.86	PriorAccumulatedQ2Duration_ConsolidatedMember_ResultMember	/disc/80370/081220181031427632_tse-qcedjpsm-80370-20181031427632-ixbrl.htm
2018-11-08	四半期	当期第2四半期累計	連結	実績		総資産	TotalAssets	228820000000	JPY	228,820	CurrentAccumulatedQ2Instant_ConsolidatedMember_ResultMember	/disc/80370/081220181031427632_tse-qcedjpsm-80370-20181031427632-ixbrl.htm
2018-11-08	四半期	当期第2四半期累計	連結	実績		純資産	NetAssets	105092000000	JPY	105,092	CurrentAccumulatedQ2Instant_ConsolidatedMember_ResultMember	/disc/80370/081220181031427632_tse-qcedjpsm-80370-20181031427632-ixbrl.htm
2018-11-08	四半期	当期第2四半期累計	連結	実績		自己資本比率	CapitalAdequacyRatio	0.435	Pure	43.5	CurrentAccumulatedQ2Instant_ConsolidatedMember_ResultMember	/disc/80370/081220181031427632_tse-qcedjpsm-80370-20181031427632-ixbrl.htm
2018-11-08	四半期	当期第2四半期累計	連結	実績		1株当たり純資産	NetAssetsPerShare	2962.77	JPYPerShares	2,962.77	CurrentAccumulatedQ2Instant_ConsolidatedMember_ResultMember	/disc/80370/081220181031427632_tse-qcedjpsm-80370-20181031427632-ixbrl.htm
2018-11-08	四半期	前期	連結	実績		総資産	TotalAssets	230039000000	JPY	230,039	PriorYearInstant_ConsolidatedMember_ResultMember	/disc/80370/081220181031427632_tse-qcedjpsm-80370-20181031427632-ixbrl.htm
2018-11-08	四半期	前期	連結	実績		純資産	NetAssets	102885000000	JPY	102,885	PriorYearInstant_ConsolidatedMember_ResultMember	/disc/80370/081220181031427632_tse-qcedjpsm-80370-20181031427632-ixbrl.htm
2018-11-08	四半期	前期	連結	実績		自己資本比率	CapitalAdequacyRatio	0.423	Pure	42.3	PriorYearInstant_ConsolidatedMember_ResultMember	/disc/80370/081220181031427632_tse-qcedjpsm-80370-20181031427632-ixbrl.htm
2018-11-08	四半期	前期	連結	実績		1株当たり純資産	NetAssetsPerShare	2900.26	JPYPerShares	2,900.26	PriorYearInstant_ConsolidatedMember_ResultMember	/disc/80370/081220181031427632_tse-qcedjpsm-80370-20181031427632-ixbrl.htm
2018-11-08	四半期	当期第2四半期累計	連結	実績		自己資本	OwnersEquity	99551000000	JPY	99,551	CurrentAccumulatedQ2Instant_ConsolidatedMember_ResultMember	/disc/80370/081220181031427632_tse-qcedjpsm-80370-20181031427632-ixbrl.htm
2018-11-08	四半期	前期	連結	実績		自己資本	OwnersEquity	97451000000	JPY	97,451	PriorYearInstant_ConsolidatedMember_ResultMember	/disc/80370/081220181031427632_tse-qcedjpsm-80370-20181031427632-ixbrl.htm
2018-11-08	四半期	前期	単体	実績	第2四半期末	1株当たり配当金	DividendPerShare	12.50	JPYPerShares	12.50	PriorYearDuration_SecondQuarterMember_NonConsolidatedMember_ResultMember	/disc/80370/081220181031427632_tse-qcedjpsm-80370-20181031427632-ixbrl.htm
2018-11-08	四半期	前期	単体	実績	期末	1株当たり配当金	DividendPerShare	12.50	JPYPerShares	12.50	PriorYearDuration_YearEndMember_NonConsolidatedMember_ResultMember	/disc/80370/081220181031427632_tse-qcedjpsm-80370-20181031427632-ixbrl.htm
2018-11-08	四半期	前期	単体	実績	合計	1株当たり配当金	DividendPerShare	25.00	JPYPerShares	25.00	PriorYearDuration_AnnualMember_NonConsolidatedMember_ResultMember	/disc/80370/081220181031427632_tse-qcedjpsm-80370-20181031427632-ixbrl.htm
2018-11-08	四半期	当期	単体	実績	第2四半期末	1株当たり配当金	DividendPerShare	12.50	JPYPerShares	12.50	CurrentYearDuration_SecondQuarterMember_NonConsolidatedMember_ResultMember	/disc/80370/081220181031427632_tse-qcedjpsm-80370-20181031427632-ixbrl.htm
2018-11-08	四半期	当期	単体	予想	期末	1株当たり配当金	DividendPerShare	12.50	JPYPerShares	12.50	CurrentYearDuration_YearEndMember_NonConsolidatedMember_ForecastMember	/disc/80370/081220181031427632_tse-qcedjpsm-80370-20181031427632-ixbrl.htm
2018-11-08	四半期	当期	単体	予想	合計	1株当たり配当金	DividendPerShare	25.00	JPYPerShares	25.00	CurrentYearDuration_AnnualMember_NonConsolidatedMember_ForecastMember	/disc/80370/081220181031427632_tse-qcedjpsm-80370-20181031427632-ixbrl.htm
2018-11-08	四半期	当期	単体	実績	合計	当四半期における配当予想の修正	CorrectionOfDividendForecastInThisQuarter			無	CurrentYearDuration_AnnualMember_NonConsolidatedMember_ResultMember	/disc/80370/081220181031427632_tse-qcedjpsm-80370-20181031427632-ixbrl.htm
2018-11-08	四半期	当期	連結	予想		業績予想の見出し	TitleForForecasts			3. 平成31年 3月期の連結業績予想（平成30年 4月 1日～平成31年 3月31日）	CurrentYearDuration_ConsolidatedMember_ForecastMember	/disc/80370/081220181031427632_tse-qcedjpsm-80370-20181031427632-ixbrl.htm
2018-11-08	四半期	当期	連結	予想		売上高	NetSales	457000000000	JPY	457,000	CurrentYearDuration_ConsolidatedMember_ForecastMember	/disc/80370/081220181031427632_tse-qcedjpsm-80370-20181031427632-ixbrl.htm
2018-11-08	四半期	当期	連結	予想		売上高の増減率	ChangeInNetSales	0.021	Pure	2.1	CurrentYearDuration_ConsolidatedMember_ForecastMember	/disc/80370/081220181031427632_tse-qcedjpsm-80370-20181031427632-ixbrl.htm
2018-11-08	四半期	当期	連結	予想		営業利益	OperatingIncome	9500000000	JPY	9,500	CurrentYearDuration_ConsolidatedMember_ForecastMember	/disc/80370/081220181031427632_tse-qcedjpsm-80370-20181031427632-ixbrl.htm
2018-11-08	四半期	当期	連結	予想		営業利益の増減率	ChangeInOperatingIncome	-0.031	Pure	3.1	CurrentYearDuration_ConsolidatedMember_ForecastMember	/disc/80370/081220181031427632_tse-qcedjpsm-80370-20181031427632-ixbrl.htm
2018-11-08	四半期	当期	連結	予想		経常利益	OrdinaryIncome	10800000000	JPY	10,800	CurrentYearDuration_ConsolidatedMember_ForecastMember	/disc/80370/081220181031427632_tse-qcedjpsm-80370-20181031427632-ixbrl.htm
2018-11-08	四半期	当期	連結	予想		経常利益の増減率	ChangeInOrdinaryIncome	-0.004	Pure	0.4	CurrentYearDuration_ConsolidatedMember_ForecastMember	/disc/80370/081220181031427632_tse-qcedjpsm-80370-20181031427632-ixbrl.htm
2018-11-08	四半期	当期	連結	予想		親会社株主に帰属する当期純利益	ProfitAttributableToOwnersOfParent	6700000000	JPY	6,700	CurrentYearDuration_ConsolidatedMember_ForecastMember	/disc/80370/081220181031427632_tse-qcedjpsm-80370-20181031427632-ixbrl.htm
2018-11-08	四半期	当期	連結	予想		親会社株主に帰属する当期純利益の増減率	ChangeInProfitAttributableToOwnersOfParent	0.019	Pure	1.9	CurrentYearDuration_ConsolidatedMember_ForecastMember	/disc/80370/081220181031427632_tse-qcedjpsm-80370-20181031427632-ixbrl.htm
2018-11-08	四半期	当期	連結	予想		1株当たり当期純利益	NetIncomePerShare	199.40	JPYPerShares	199.40	CurrentYearDuration_ConsolidatedMember_ForecastMember	/disc/80370/081220181031427632_tse-qcedjpsm-80370-20181031427632-ixbrl.htm
2018-11-08	四半期	当期	連結	予想		当四半期における業績予想の修正	CorrectionOfConsolidatedFinancialForecastInThisQuarter			無	CurrentYearDuration_ConsolidatedMember_ForecastMember	/disc/80370/081220181031427632_tse-qcedjpsm-80370-20181031427632-ixbrl.htm
2018-11-08	四半期	当期第2四半期累計	連結	実績			MaterialChangesInSubsidiariesDuringThisPeriodChangesInScopeOfConsolidationsResultingFromChangeIsSubsidiaries			無	CurrentAccumulatedQ2Duration_ConsolidatedMember_ResultMember	/disc/80370/081220181031427632_tse-qcedjpsm-80370-20181031427632-ixbrl.htm
2018-11-08	四半期	当期第2四半期累計	連結	実績			ApplyingOfSpecificAccountingOfTheConsolidatedQuarterlyFinancialStatements			無	CurrentAccumulatedQ2Duration_ConsolidatedMember_ResultMember	/disc/80370/081220181031427632_tse-qcedjpsm-80370-20181031427632-ixbrl.htm
2018-11-08	四半期	当期第2四半期累計	連結	実績		会計基準等の改正に伴う変更	ChangesBasedOnRevisionsOfAccountingStandard			無	CurrentAccumulatedQ2Duration_ConsolidatedMember_ResultMember	/disc/80370/081220181031427632_tse-qcedjpsm-80370-20181031427632-ixbrl.htm
2018-11-08	四半期	当期第2四半期累計	連結	実績		それ以外の会計方針の変更	ChangesOtherThanOnesBasedOnRevisionsOfAccountingStandard			無	CurrentAccumulatedQ2Duration_ConsolidatedMember_ResultMember	/disc/80370/081220181031427632_tse-qcedjpsm-80370-20181031427632-ixbrl.htm
2018-11-08	四半期	当期第2四半期累計	連結	実績		会計上の見積りの変更	ChangesInAccountingEstimates			無	CurrentAccumulatedQ2Duration_ConsolidatedMember_ResultMember	/disc/80370/081220181031427632_tse-qcedjpsm-80370-20181031427632-ixbrl.htm
2018-11-08	四半期	当期第2四半期累計	連結	実績		修正再表示	RetrospectiveRestatement			無	CurrentAccumulatedQ2Duration_ConsolidatedMember_ResultMember	/disc/80370/081220181031427632_tse-qcedjpsm-80370-20181031427632-ixbrl.htm
2018-11-08	四半期	当期第2四半期累計	単体	実績		期末発行済株式数(自己株式を含む)	NumberOfIssuedAndOutstandingSharesAtTheEndOfFiscalYearIncludingTreasuryStock	37591969	Shares	37,591,969	CurrentAccumulatedQ2Instant_NonConsolidatedMember_ResultMember	/disc/80370/081220181031427632_tse-qcedjpsm-80370-20181031427632-ixbrl.htm
2018-11-08	四半期	前期	単体	実績		期末発行済株式数(自己株式を含む)	NumberOfIssuedAndOutstandingSharesAtTheEndOfFiscalYearIncludingTreasuryStock	37591969	Shares	37,591,969	PriorYearInstant_NonConsolidatedMember_ResultMember	/disc/80370/081220181031427632_tse-qcedjpsm-80370-20181031427632-ixbrl.htm
2018-11-08	四半期	当期第2四半期累計	単体	実績		期末自己株式数	NumberOfTreasuryStockAtTheEndOfFiscalYear	3991053	Shares	3,991,053	CurrentAccumulatedQ2Instant_NonConsolidatedMember_ResultMember	/disc/80370/081220181031427632_tse-qcedjpsm-80370-20181031427632-ixbrl.htm
2018-11-08	四半期	前期	単体	実績		期末自己株式数	NumberOfTreasuryStockAtTheEndOfFiscalYear	3990933	Shares	3,990,933	PriorYearInstant_NonConsolidatedMember_ResultMember	/disc/80370/081220181031427632_tse-qcedjpsm-80370-20181031427632-ixbrl.htm
2018-11-08	四半期	当期第2四半期累計	単体	実績		期中平均株式数	AverageNumberOfShares	33600979	Shares	33,600,979	CurrentAccumulatedQ2Duration_NonConsolidatedMember_ResultMember	/disc/80370/081220181031427632_tse-qcedjpsm-80370-20181031427632-ixbrl.htm
2018-11-08	四半期	前期第2四半期累計	単体	実績		期中平均株式数	AverageNumberOfShares	33601143	Shares	33,601,143	PriorAccumulatedQ2Duration_NonConsolidatedMember_ResultMember	/disc/80370/081220181031427632_tse-qcedjpsm-80370-20181031427632-ixbrl.htm
2018-11-08	四半期	当期				将来情報の利用に関する注意	NotesForUsingForecastedInformationAndOthers			本資料に記載されている業績見通し等の将来に関する記述は、当社が現在入手している情報及び合理的であると判断する一定の前提に基づいており、その達成を当社として約束する趣旨のものではありません。また、実際の業績等は様々な要因により大きく異なる可能性があります。業績予想の前提となる条件及び業績予想のご利用に当たっての注意事項等については、添付資料４ページ「１．当四半期決算に関する定性的情報（３）連結業績予想などの将来予測情報に関する説明」をご覧ください。	CurrentYearDuration	/disc/80370/081220181031427632_tse-qcedjpsm-80370-20181031427632-ixbrl.htm
2018-11-08	四半期	当期				決算期末	FiscalYearEnd			2019-03-31	CurrentYearInstant	/disc/80370/081220181031427632_tse-qcedjpsm-80370-20181031427632-ixbrl.htm
2018-11-08	四半期	当期第2四半期累計				四半期	QuarterlyPeriod	2	Pure	2	CurrentAccumulatedQ2Instant	/disc/80370/081220181031427632_tse-qcedjpsm-80370-20181031427632-ixbrl.htm
2019-02-07	四半期	当期第3四半期累計				書類名	DocumentName			第3四半期決算短信〔日本基準〕（連結）	CurrentAccumulatedQ3Instant	/disc/80370/081220190131466798_tse-qcedjpsm-80370-20190131466798-ixbrl.htm
2019-02-07	四半期	当期第3四半期累計				提出日	FilingDate			平成31年2月7日	CurrentAccumulatedQ3Instant	/disc/80370/081220190131466798_tse-qcedjpsm-80370-20190131466798-ixbrl.htm
2019-02-07	四半期	当期第3四半期累計				会社名	CompanyName			カメイ株式会社	CurrentAccumulatedQ3Instant	/disc/80370/081220190131466798_tse-qcedjpsm-80370-20190131466798-ixbrl.htm
2019-02-07	四半期	当期第3四半期累計					TokyoStockExchange			東	CurrentAccumulatedQ3Instant	/disc/80370/081220190131466798_tse-qcedjpsm-80370-20190131466798-ixbrl.htm
2019-02-07	四半期	当期第3四半期累計				証券コード	SecuritiesCode			80370	CurrentAccumulatedQ3Instant	/disc/80370/081220190131466798_tse-qcedjpsm-80370-20190131466798-ixbrl.htm
2019-02-07	四半期	当期第3四半期累計				URL	URL			http://www.kamei.co.jp/	CurrentAccumulatedQ3Instant	/disc/80370/081220190131466798_tse-qcedjpsm-80370-20190131466798-ixbrl.htm
2019-02-07	四半期	当期第3四半期累計				代表者の役職	TitleRepresentative			代表取締役社長	CurrentAccumulatedQ3Instant	/disc/80370/081220190131466798_tse-qcedjpsm-80370-20190131466798-ixbrl.htm
2019-02-07	四半期	当期第3四半期累計				代表者名	NameRepresentative			亀井文行	CurrentAccumulatedQ3Instant	/disc/80370/081220190131466798_tse-qcedjpsm-80370-20190131466798-ixbrl.htm
2019-02-07	四半期	当期第3四半期累計					TitleInquiries			管理部長	CurrentAccumulatedQ3Instant	/disc/80370/081220190131466798_tse-qcedjpsm-80370-20190131466798-ixbrl.htm
2019-02-07	四半期	当期第3四半期累計					NameInquiries			小林哲也	CurrentAccumulatedQ3Instant	/disc/80370/081220190131466798_tse-qcedjpsm-80370-20190131466798-ixbrl.htm
2019-02-07	四半期	当期第3四半期累計					Tel			022-264-6112	CurrentAccumulatedQ3Instant	/disc/80370/081220190131466798_tse-qcedjpsm-80370-20190131466798-ixbrl.htm
2019-02-07	四半期	当期第3四半期累計					QuarterlyStatementFilingDateAsPlanned			平成31年2月7日	CurrentAccumulatedQ3Instant	/disc/80370/081220190131466798_tse-qcedjpsm-80370-20190131466798-ixbrl.htm
2019-02-07	四半期	当期第3四半期累計					SupplementalMaterialOfQuarterlyResults			無	CurrentAccumulatedQ3Instant	/disc/80370/081220190131466798_tse-qcedjpsm-80370-20190131466798-ixbrl.htm
2019-02-07	四半期	当期第3四半期累計					ConveningBriefingOfQuarterlyResults			無	CurrentAccumulatedQ3Instant	/disc/80370/081220190131466798_tse-qcedjpsm-80370-20190131466798-ixbrl.htm
2019-02-07	四半期	当期第3四半期累計					NoteToFractionProcessingMethod			（百万円未満切捨て）	CurrentAccumulatedQ3Instant	/disc/80370/081220190131466798_tse-qcedjpsm-80370-20190131466798-ixbrl.htm
2019-02-07	四半期	当期第3四半期累計	連結	実績		売上高	NetSales	345477000000	JPY	345,477	CurrentAccumulatedQ3Duration_ConsolidatedMember_ResultMember	/disc/80370/081220190131466798_tse-qcedjpsm-80370-20190131466798-ixbrl.htm
2019-02-07	四半期	当期第3四半期累計	連結	実績		売上高の増減率	ChangeInNetSales	0.090	Pure	9.0	CurrentAccumulatedQ3Duration_ConsolidatedMember_ResultMember	/disc/80370/081220190131466798_tse-qcedjpsm-80370-20190131466798-ixbrl.htm
2019-02-07	四半期	当期第3四半期累計	連結	実績		営業利益	OperatingIncome	5708000000	JPY	5,708	CurrentAccumulatedQ3Duration_ConsolidatedMember_ResultMember	/disc/80370/081220190131466798_tse-qcedjpsm-80370-20190131466798-ixbrl.htm
2019-02-07	四半期	当期第3四半期累計	連結	実績		営業利益の増減率	ChangeInOperatingIncome	0.085	Pure	8.5	CurrentAccumulatedQ3Duration_ConsolidatedMember_ResultMember	/disc/80370/081220190131466798_tse-qcedjpsm-80370-20190131466798-ixbrl.htm
2019-02-07	四半期	当期第3四半期累計	連結	実績		経常利益	OrdinaryIncome	6361000000	JPY	6,361	CurrentAccumulatedQ3Duration_ConsolidatedMember_ResultMember	/disc/80370/081220190131466798_tse-qcedjpsm-80370-20190131466798-ixbrl.htm
2019-02-07	四半期	当期第3四半期累計	連結	実績		経常利益の増減率	ChangeInOrdinaryIncome	0.026	Pure	2.6	CurrentAccumulatedQ3Duration_ConsolidatedMember_ResultMember	/disc/80370/081220190131466798_tse-qcedjpsm-80370-20190131466798-ixbrl.htm
2019-02-07	四半期	当期第3四半期累計	連結	実績		親会社株主に帰属する当期純利益	ProfitAttributableToOwnersOfParent	3933000000	JPY	3,933	CurrentAccumulatedQ3Duration_ConsolidatedMember_ResultMember	/disc/80370/081220190131466798_tse-qcedjpsm-80370-20190131466798-ixbrl.htm
2019-02-07	四半期	当期第3四半期累計	連結	実績		親会社株主に帰属する当期純利益の増減率	ChangeInProfitAttributableToOwnersOfParent	-0.067	Pure	6.7	CurrentAccumulatedQ3Duration_ConsolidatedMember_ResultMember	/disc/80370/081220190131466798_tse-qcedjpsm-80370-20190131466798-ixbrl.htm
2019-02-07	四半期	前期第3四半期累計	連結	実績		売上高	NetSales	317084000000	JPY	317,084	PriorAccumulatedQ3Duration_ConsolidatedMember_ResultMember	/disc/80370/081220190131466798_tse-qcedjpsm-80370-20190131466798-ixbrl.htm
2019-02-07	四半期	前期第3四半期累計	連結	実績		売上高の増減率	ChangeInNetSales	0.060	Pure	6.0	PriorAccumulatedQ3Duration_ConsolidatedMember_ResultMember	/disc/80370/081220190131466798_tse-qcedjpsm-80370-20190131466798-ixbrl.htm
2019-02-07	四半期	前期第3四半期累計	連結	実績		営業利益	OperatingIncome	5259000000	JPY	5,259	PriorAccumulatedQ3Duration_ConsolidatedMember_ResultMember	/disc/80370/081220190131466798_tse-qcedjpsm-80370-20190131466798-ixbrl.htm
2019-02-07	四半期	前期第3四半期累計	連結	実績		営業利益の増減率	ChangeInOperatingIncome	-0.106	Pure	10.6	PriorAccumulatedQ3Duration_ConsolidatedMember_ResultMember	/disc/80370/081220190131466798_tse-qcedjpsm-80370-20190131466798-ixbrl.htm
2019-02-07	四半期	前期第3四半期累計	連結	実績		経常利益	OrdinaryIncome	6198000000	JPY	6,198	PriorAccumulatedQ3Duration_ConsolidatedMember_ResultMember	/disc/80370/081220190131466798_tse-qcedjpsm-80370-20190131466798-ixbrl.htm
2019-02-07	四半期	前期第3四半期累計	連結	実績		経常利益の増減率	ChangeInOrdinaryIncome	-0.126	Pure	12.6	PriorAccumulatedQ3Duration_ConsolidatedMember_ResultMember	/disc/80370/081220190131466798_tse-qcedjpsm-80370-20190131466798-ixbrl.htm
2019-02-07	四半期	前期第3四半期累計	連結	実績		親会社株主に帰属する当期純利益	ProfitAttributableToOwnersOfParent	4215000000	JPY	4,215	PriorAccumulatedQ3Duration_ConsolidatedMember_ResultMember	/disc/80370/081220190131466798_tse-qcedjpsm-80370-20190131466798-ixbrl.htm
2019-02-07	四半期	前期第3四半期累計	連結	実績		親会社株主に帰属する当期純利益の増減率	ChangeInProfitAttributableToOwnersOfParent	-0.138	Pure	13.8	PriorAccumulatedQ3Duration_ConsolidatedMember_ResultMember	/disc/80370/081220190131466798_tse-qcedjpsm-80370-20190131466798-ixbrl.htm
2019-02-07	四半期	当期第3四半期累計	連結	実績		包括利益	ComprehensiveIncome	2923000000	JPY	2,923	CurrentAccumulatedQ3Duration_ConsolidatedMember_ResultMember	/disc/80370/081220190131466798_tse-qcedjpsm-80370-20190131466798-ixbrl.htm
2019-02-07	四半期	当期第3四半期累計	連結	実績		包括利益の増減率	ChangeInComprehensiveIncome	-0.442	Pure	44.2	CurrentAccumulatedQ3Duration_ConsolidatedMember_ResultMember	/disc/80370/081220190131466798_tse-qcedjpsm-80370-20190131466798-ixbrl.htm
2019-02-07	四半期	前期第3四半期累計	連結	実績		包括利益	ComprehensiveIncome	5240000000	JPY	5,240	PriorAccumulatedQ3Duration_ConsolidatedMember_ResultMember	/disc/80370/081220190131466798_tse-qcedjpsm-80370-20190131466798-ixbrl.htm
2019-02-07	四半期	前期第3四半期累計	連結	実績		包括利益の増減率	ChangeInComprehensiveIncome	-0.081	Pure	8.1	PriorAccumulatedQ3Duration_ConsolidatedMember_ResultMember	/disc/80370/081220190131466798_tse-qcedjpsm-80370-20190131466798-ixbrl.htm
2019-02-07	四半期	当期第3四半期累計	連結	実績		1株当たり当期純利益	NetIncomePerShare	117.07	JPYPerShares	117.07	CurrentAccumulatedQ3Duration_ConsolidatedMember_ResultMember	/disc/80370/081220190131466798_tse-qcedjpsm-80370-20190131466798-ixbrl.htm
2019-02-07	四半期	前期第3四半期累計	連結	実績		1株当たり当期純利益	NetIncomePerShare	125.47	JPYPerShares	125.47	PriorAccumulatedQ3Duration_ConsolidatedMember_ResultMember	/disc/80370/081220190131466798_tse-qcedjpsm-80370-20190131466798-ixbrl.htm
2019-02-07	四半期	当期第3四半期累計	連結	実績		総資産	TotalAssets	238112000000	JPY	238,112	CurrentAccumulatedQ3Instant_ConsolidatedMember_ResultMember	/disc/80370/081220190131466798_tse-qcedjpsm-80370-20190131466798-ixbrl.htm
2019-02-07	四半期	当期第3四半期累計	連結	実績		純資産	NetAssets	105165000000	JPY	105,165	CurrentAccumulatedQ3Instant_ConsolidatedMember_ResultMember	/disc/80370/081220190131466798_tse-qcedjpsm-80370-20190131466798-ixbrl.htm
2019-02-07	四半期	当期第3四半期累計	連結	実績		自己資本比率	CapitalAdequacyRatio	0.418	Pure	41.8	CurrentAccumulatedQ3Instant_ConsolidatedMember_ResultMember	/disc/80370/081220190131466798_tse-qcedjpsm-80370-20190131466798-ixbrl.htm
2019-02-07	四半期	当期第3四半期累計	連結	実績		1株当たり純資産	NetAssetsPerShare	2963.85	JPYPerShares	2,963.85	CurrentAccumulatedQ3Instant_ConsolidatedMember_ResultMember	/disc/80370/081220190131466798_tse-qcedjpsm-80370-20190131466798-ixbrl.htm
2019-02-07	四半期	前期	連結	実績		総資産	TotalAssets	230039000000	JPY	230,039	PriorYearInstant_ConsolidatedMember_ResultMember	/disc/80370/081220190131466798_tse-qcedjpsm-80370-20190131466798-ixbrl.htm
2019-02-07	四半期	前期	連結	実績		純資産	NetAssets	102885000000	JPY	102,885	PriorYearInstant_ConsolidatedMember_ResultMember	/disc/80370/081220190131466798_tse-qcedjpsm-80370-20190131466798-ixbrl.htm
2019-02-07	四半期	前期	連結	実績		自己資本比率	CapitalAdequacyRatio	0.423	Pure	42.3	PriorYearInstant_ConsolidatedMember_ResultMember	/disc/80370/081220190131466798_tse-qcedjpsm-80370-20190131466798-ixbrl.htm
2019-02-07	四半期	前期	連結	実績		1株当たり純資産	NetAssetsPerShare	2900.26	JPYPerShares	2,900.26	PriorYearInstant_ConsolidatedMember_ResultMember	/disc/80370/081220190131466798_tse-qcedjpsm-80370-20190131466798-ixbrl.htm
2019-02-07	四半期	当期第3四半期累計	連結	実績		自己資本	OwnersEquity	99587000000	JPY	99,587	CurrentAccumulatedQ3Instant_ConsolidatedMember_ResultMember	/disc/80370/081220190131466798_tse-qcedjpsm-80370-20190131466798-ixbrl.htm
2019-02-07	四半期	前期	連結	実績		自己資本	OwnersEquity	97451000000	JPY	97,451	PriorYearInstant_ConsolidatedMember_ResultMember	/disc/80370/081220190131466798_tse-qcedjpsm-80370-20190131466798-ixbrl.htm
2019-02-07	四半期	前期	単体	実績	第2四半期末	1株当たり配当金	DividendPerShare	12.50	JPYPerShares	12.50	PriorYearDuration_SecondQuarterMember_NonConsolidatedMember_ResultMember	/disc/80370/081220190131466798_tse-qcedjpsm-80370-20190131466798-ixbrl.htm
2019-02-07	四半期	前期	単体	実績	期末	1株当たり配当金	DividendPerShare	12.50	JPYPerShares	12.50	PriorYearDuration_YearEndMember_NonConsolidatedMember_ResultMember	/disc/80370/081220190131466798_tse-qcedjpsm-80370-20190131466798-ixbrl.htm
2019-02-07	四半期	前期	単体	実績	合計	1株当たり配当金	DividendPerShare	25.00	JPYPerShares	25.00	PriorYearDuration_AnnualMember_NonConsolidatedMember_ResultMember	/disc/80370/081220190131466798_tse-qcedjpsm-80370-20190131466798-ixbrl.htm
2019-02-07	四半期	当期	単体	実績	第2四半期末	1株当たり配当金	DividendPerShare	12.50	JPYPerShares	12.50	CurrentYearDuration_SecondQuarterMember_NonConsolidatedMember_ResultMember	/disc/80370/081220190131466798_tse-qcedjpsm-80370-20190131466798-ixbrl.htm
2019-02-07	四半期	当期	単体	予想	期末	1株当たり配当金	DividendPerShare	12.50	JPYPerShares	12.50	CurrentYearDuration_YearEndMember_NonConsolidatedMember_ForecastMember	/disc/80370/081220190131466798_tse-qcedjpsm-80370-20190131466798-ixbrl.htm
2019-02-07	四半期	当期	単体	予想	合計	1株当たり配当金	DividendPerShare	25.00	JPYPerShares	25.00	CurrentYearDuration_AnnualMember_NonConsolidatedMember_ForecastMember	/disc/80370/081220190131466798_tse-qcedjpsm-80370-20190131466798-ixbrl.htm
2019-02-07	四半期	当期	単体	実績	合計	当四半期における配当予想の修正	CorrectionOfDividendForecastInThisQuarter			無	CurrentYearDuration_AnnualMember_NonConsolidatedMember_ResultMember	/disc/80370/081220190131466798_tse-qcedjpsm-80370-20190131466798-ixbrl.htm
2019-02-07	四半期	当期	連結	予想		業績予想の見出し	TitleForForecasts			3. 平成31年 3月期の連結業績予想（平成30年 4月 1日～平成31年 3月31日）	CurrentYearDuration_ConsolidatedMember_ForecastMember	/disc/80370/081220190131466798_tse-qcedjpsm-80370-20190131466798-ixbrl.htm
2019-02-07	四半期	当期	連結	予想		売上高	NetSales	457000000000	JPY	457,000	CurrentYearDuration_ConsolidatedMember_ForecastMember	/disc/80370/081220190131466798_tse-qcedjpsm-80370-20190131466798-ixbrl.htm
2019-02-07	四半期	当期	連結	予想		売上高の増減率	ChangeInNetSales	0.021	Pure	2.1	CurrentYearDuration_ConsolidatedMember_ForecastMember	/disc/80370/081220190131466798_tse-qcedjpsm-80370-20190131466798-ixbrl.htm
2019-02-07	四半期	当期	連結	予想		営業利益	OperatingIncome	9500000000	JPY	9,500	CurrentYearDuration_ConsolidatedMember_ForecastMember	/disc/80370/081220190131466798_tse-qcedjpsm-80370-20190131466798-ixbrl.htm
2019-02-07	四半期	当期	連結	予想		営業利益の増減率	ChangeInOperatingIncome	-0.031	Pure	3.1	CurrentYearDuration_ConsolidatedMember_ForecastMember	/disc/80370/081220190131466798_tse-qcedjpsm-80370-20190131466798-ixbrl.htm
2019-02-07	四半期	当期	連結	予想		経常利益	OrdinaryIncome	10800000000	JPY	10,800	CurrentYearDuration_ConsolidatedMember_ForecastMember	/disc/80370/081220190131466798_tse-qcedjpsm-80370-20190131466798-ixbrl.htm
2019-02-07	四半期	当期	連結	予想		経常利益の増減率	ChangeInOrdinaryIncome	-0.004	Pure	0.4	CurrentYearDuration_ConsolidatedMember_ForecastMember	/disc/80370/081220190131466798_tse-qcedjpsm-80370-20190131466798-ixbrl.htm
2019-02-07	四半期	当期	連結	予想		親会社株主に帰属する当期純利益	ProfitAttributableToOwnersOfParent	6700000000	JPY	6,700	CurrentYearDuration_ConsolidatedMember_ForecastMember	/disc/80370/081220190131466798_tse-qcedjpsm-80370-20190131466798-ixbrl.htm
2019-02-07	四半期	当期	連結	予想		親会社株主に帰属する当期純利益の増減率	ChangeInProfitAttributableToOwnersOfParent	0.019	Pure	1.9	CurrentYearDuration_ConsolidatedMember_ForecastMember	/disc/80370/081220190131466798_tse-qcedjpsm-80370-20190131466798-ixbrl.htm
2019-02-07	四半期	当期	連結	予想		1株当たり当期純利益	NetIncomePerShare	199.40	JPYPerShares	199.40	CurrentYearDuration_ConsolidatedMember_ForecastMember	/disc/80370/081220190131466798_tse-qcedjpsm-80370-20190131466798-ixbrl.htm
2019-02-07	四半期	当期	連結	予想		当四半期における業績予想の修正	CorrectionOfConsolidatedFinancialForecastInThisQuarter			無	CurrentYearDuration_ConsolidatedMember_ForecastMember	/disc/80370/081220190131466798_tse-qcedjpsm-80370-20190131466798-ixbrl.htm
2019-02-07	四半期	当期第3四半期累計	連結	実績			MaterialChangesInSubsidiariesDuringThisPeriodChangesInScopeOfConsolidationsResultingFromChangeIsSubsidiaries			無	CurrentAccumulatedQ3Duration_ConsolidatedMember_ResultMember	/disc/80370/081220190131466798_tse-qcedjpsm-80370-20190131466798-ixbrl.htm
2019-02-07	四半期	当期第3四半期累計	連結	実績			ApplyingOfSpecificAccountingOfTheConsolidatedQuarterlyFinancialStatements			無	CurrentAccumulatedQ3Duration_ConsolidatedMember_ResultMember	/disc/80370/081220190131466798_tse-qcedjpsm-80370-20190131466798-ixbrl.htm
2019-02-07	四半期	当期第3四半期累計	連結	実績		会計基準等の改正に伴う変更	ChangesBasedOnRevisionsOfAccountingStandard			無	CurrentAccumulatedQ3Duration_ConsolidatedMember_ResultMember	/disc/80370/081220190131466798_tse-qcedjpsm-80370-20190131466798-ixbrl.htm
2019-02-07	四半期	当期第3四半期累計	連結	実績		それ以外の会計方針の変更	ChangesOtherThanOnesBasedOnRevisionsOfAccountingStandard			無	CurrentAccumulatedQ3Duration_ConsolidatedMember_ResultMember	/disc/80370/081220190131466798_tse-qcedjpsm-80370-20190131466798-ixbrl.htm
2019-02-07	四半期	当期第3四半期累計	連結	実績		会計上の見積りの変更	ChangesInAccountingEstimates			無	CurrentAccumulatedQ3Duration_ConsolidatedMember_ResultMember	/disc/80370/081220190131466798_tse-qcedjpsm-80370-20190131466798-ixbrl.htm
2019-02-07	四半期	当期第3四半期累計	連結	実績		修正再表示	RetrospectiveRestatement			無	CurrentAccumulatedQ3Duration_ConsolidatedMember_ResultMember	/disc/80370/081220190131466798_tse-qcedjpsm-80370-20190131466798-ixbrl.htm
2019-02-07	四半期	当期第3四半期累計	単体	実績		期末発行済株式数(自己株式を含む)	NumberOfIssuedAndOutstandingSharesAtTheEndOfFiscalYearIncludingTreasuryStock	37591969	Shares	37,591,969	CurrentAccumulatedQ3Instant_NonConsolidatedMember_ResultMember	/disc/80370/081220190131466798_tse-qcedjpsm-80370-20190131466798-ixbrl.htm
2019-02-07	四半期	前期	単体	実績		期末発行済株式数(自己株式を含む)	NumberOfIssuedAndOutstandingSharesAtTheEndOfFiscalYearIncludingTreasuryStock	37591969	Shares	37,591,969	PriorYearInstant_NonConsolidatedMember_ResultMember	/disc/80370/081220190131466798_tse-qcedjpsm-80370-20190131466798-ixbrl.htm
2019-02-07	四半期	当期第3四半期累計	単体	実績		期末自己株式数	NumberOfTreasuryStockAtTheEndOfFiscalYear	3991063	Shares	3,991,063	CurrentAccumulatedQ3Instant_NonConsolidatedMember_ResultMember	/disc/80370/081220190131466798_tse-qcedjpsm-80370-20190131466798-ixbrl.htm
2019-02-07	四半期	前期	単体	実績		期末自己株式数	NumberOfTreasuryStockAtTheEndOfFiscalYear	3990933	Shares	3,990,933	PriorYearInstant_NonConsolidatedMember_ResultMember	/disc/80370/081220190131466798_tse-qcedjpsm-80370-20190131466798-ixbrl.htm
2019-02-07	四半期	当期第3四半期累計	単体	実績		期中平均株式数	AverageNumberOfShares	33600957	Shares	33,600,957	CurrentAccumulatedQ3Duration_NonConsolidatedMember_ResultMember	/disc/80370/081220190131466798_tse-qcedjpsm-80370-20190131466798-ixbrl.htm
2019-02-07	四半期	前期第3四半期累計	単体	実績		期中平均株式数	AverageNumberOfShares	33601120	Shares	33,601,120	PriorAccumulatedQ3Duration_NonConsolidatedMember_ResultMember	/disc/80370/081220190131466798_tse-qcedjpsm-80370-20190131466798-ixbrl.htm
2019-02-07	四半期	当期				将来情報の利用に関する注意	NotesForUsingForecastedInformationAndOthers			本資料に記載されている業績見通し等の将来に関する記述は、当社が現在入手している情報及び合理的であると判断する一定の前提に基づいており、その達成を当社として約束する趣旨のものではありません。また、実際の業績等は様々な要因により大きく異なる可能性があります。業績予想の前提となる条件及び業績予想のご利用に当たっての注意事項等については、添付資料３ページ「１．当四半期決算に関する定性的情報（３）連結業績予想などの将来予測情報に関する説明」をご覧ください。	CurrentYearDuration	/disc/80370/081220190131466798_tse-qcedjpsm-80370-20190131466798-ixbrl.htm
2019-02-07	四半期	当期				決算期末	FiscalYearEnd			2019-03-31	CurrentYearInstant	/disc/80370/081220190131466798_tse-qcedjpsm-80370-20190131466798-ixbrl.htm
2019-02-07	四半期	当期第3四半期累計				四半期	QuarterlyPeriod	3	Pure	3	CurrentAccumulatedQ3Instant	/disc/80370/081220190131466798_tse-qcedjpsm-80370-20190131466798-ixbrl.htm
2019-05-14	年次	当期				書類名	DocumentName			決算短信〔日本基準〕（連結）	CurrentYearInstant	/disc/80370/081220190510421203_tse-acedjpsm-80370-20190510421203-ixbrl.htm
2019-05-14	年次	当期				提出日	FilingDate			令和元年5月14日	CurrentYearInstant	/disc/80370/081220190510421203_tse-acedjpsm-80370-20190510421203-ixbrl.htm
2019-05-14	年次	当期				会社名	CompanyName			カメイ株式会社	CurrentYearInstant	/disc/80370/081220190510421203_tse-acedjpsm-80370-20190510421203-ixbrl.htm
2019-05-14	年次	当期					TokyoStockExchange			東	CurrentYearInstant	/disc/80370/081220190510421203_tse-acedjpsm-80370-20190510421203-ixbrl.htm
2019-05-14	年次	当期				証券コード	SecuritiesCode			80370	CurrentYearInstant	/disc/80370/081220190510421203_tse-acedjpsm-80370-20190510421203-ixbrl.htm
2019-05-14	年次	当期				URL	URL			http://www.kamei.co.jp/	CurrentYearInstant	/disc/80370/081220190510421203_tse-acedjpsm-80370-20190510421203-ixbrl.htm
2019-05-14	年次	当期				代表者の役職	TitleRepresentative			代表取締役社長	CurrentYearInstant	/disc/80370/081220190510421203_tse-acedjpsm-80370-20190510421203-ixbrl.htm
2019-05-14	年次	当期				代表者名	NameRepresentative			亀井文行	CurrentYearInstant	/disc/80370/081220190510421203_tse-acedjpsm-80370-20190510421203-ixbrl.htm
2019-05-14	年次	当期					TitleInquiries			管理部長	CurrentYearInstant	/disc/80370/081220190510421203_tse-acedjpsm-80370-20190510421203-ixbrl.htm
2019-05-14	年次	当期					NameInquiries			小林哲也	CurrentYearInstant	/disc/80370/081220190510421203_tse-acedjpsm-80370-20190510421203-ixbrl.htm
2019-05-14	年次	当期					Tel			022-264-6112	CurrentYearInstant	/disc/80370/081220190510421203_tse-acedjpsm-80370-20190510421203-ixbrl.htm
2019-05-14	年次	当期					DateOfGeneralShareholdersMeetingAsPlanned			令和元年6月27日	CurrentYearInstant	/disc/80370/081220190510421203_tse-acedjpsm-80370-20190510421203-ixbrl.htm
2019-05-14	年次	当期					DividendPayableDateAsPlanned			令和元年6月28日	CurrentYearInstant	/disc/80370/081220190510421203_tse-acedjpsm-80370-20190510421203-ixbrl.htm
2019-05-14	年次	当期					AnnualSecuritiesReportFilingDateAsPlanned			令和元年6月28日	CurrentYearInstant	/disc/80370/081220190510421203_tse-acedjpsm-80370-20190510421203-ixbrl.htm
2019-05-14	年次	当期					SupplementalMaterialOfAnnualResults			無	CurrentYearInstant	/disc/80370/081220190510421203_tse-acedjpsm-80370-20190510421203-ixbrl.htm
2019-05-14	年次	当期					ConveningBriefingOfAnnualResults			無	CurrentYearInstant	/disc/80370/081220190510421203_tse-acedjpsm-80370-20190510421203-ixbrl.htm
2019-05-14	年次	当期					NoteToFractionProcessingMethod			（百万円未満切捨て）	CurrentYearInstant	/disc/80370/081220190510421203_tse-acedjpsm-80370-20190510421203-ixbrl.htm
2019-05-14	年次	当期	連結	実績		売上高	NetSales	472995000000	JPY	472,995	CurrentYearDuration_ConsolidatedMember_ResultMember	/disc/80370/081220190510421203_tse-acedjpsm-80370-20190510421203-ixbrl.htm
2019-05-14	年次	当期	連結	実績		売上高の増減率	ChangeInNetSales	0.056	Pure	5.6	CurrentYearDuration_ConsolidatedMember_ResultMember	/disc/80370/081220190510421203_tse-acedjpsm-80370-20190510421203-ixbrl.htm
2019-05-14	年次	当期	連結	実績		営業利益	OperatingIncome	9945000000	JPY	9,945	CurrentYearDuration_ConsolidatedMember_ResultMember	/disc/80370/081220190510421203_tse-acedjpsm-80370-20190510421203-ixbrl.htm
2019-05-14	年次	当期	連結	実績		営業利益の増減率	ChangeInOperatingIncome	0.015	Pure	1.5	CurrentYearDuration_ConsolidatedMember_ResultMember	/disc/80370/081220190510421203_tse-acedjpsm-80370-20190510421203-ixbrl.htm
2019-05-14	年次	当期	連結	実績		経常利益	OrdinaryIncome	11076000000	JPY	11,076	CurrentYearDuration_ConsolidatedMember_ResultMember	/disc/80370/081220190510421203_tse-acedjpsm-80370-20190510421203-ixbrl.htm
2019-05-14	年次	当期	連結	実績		経常利益の増減率	ChangeInOrdinaryIncome	0.021	Pure	2.1	CurrentYearDuration_ConsolidatedMember_ResultMember	/disc/80370/081220190510421203_tse-acedjpsm-80370-20190510421203-ixbrl.htm
2019-05-14	年次	当期	連結	実績		親会社株主に帰属する当期純利益	ProfitAttributableToOwnersOfParent	6598000000	JPY	6,598	CurrentYearDuration_ConsolidatedMember_ResultMember	/disc/80370/081220190510421203_tse-acedjpsm-80370-20190510421203-ixbrl.htm
2019-05-14	年次	当期	連結	実績		親会社株主に帰属する当期純利益の増減率	ChangeInProfitAttributableToOwnersOfParent	0.003	Pure	0.3	CurrentYearDuration_ConsolidatedMember_ResultMember	/disc/80370/081220190510421203_tse-acedjpsm-80370-20190510421203-ixbrl.htm
2019-05-14	年次	前期	連結	実績		売上高	NetSales	447774000000	JPY	447,774	PriorYearDuration_ConsolidatedMember_ResultMember	/disc/80370/081220190510421203_tse-acedjpsm-80370-20190510421203-ixbrl.htm
2019-05-14	年次	前期	連結	実績		売上高の増減率	ChangeInNetSales	0.057	Pure	5.7	PriorYearDuration_ConsolidatedMember_ResultMember	/disc/80370/081220190510421203_tse-acedjpsm-80370-20190510421203-ixbrl.htm
2019-05-14	年次	前期	連結	実績		営業利益	OperatingIncome	9802000000	JPY	9,802	PriorYearDuration_ConsolidatedMember_ResultMember	/disc/80370/081220190510421203_tse-acedjpsm-80370-20190510421203-ixbrl.htm
2019-05-14	年次	前期	連結	実績		営業利益の増減率	ChangeInOperatingIncome	-0.064	Pure	6.4	PriorYearDuration_ConsolidatedMember_ResultMember	/disc/80370/081220190510421203_tse-acedjpsm-80370-20190510421203-ixbrl.htm
2019-05-14	年次	前期	連結	実績		経常利益	OrdinaryIncome	10847000000	JPY	10,847	PriorYearDuration_ConsolidatedMember_ResultMember	/disc/80370/081220190510421203_tse-acedjpsm-80370-20190510421203-ixbrl.htm
2019-05-14	年次	前期	連結	実績		経常利益の増減率	ChangeInOrdinaryIncome	-0.096	Pure	9.6	PriorYearDuration_ConsolidatedMember_ResultMember	/disc/80370/081220190510421203_tse-acedjpsm-80370-20190510421203-ixbrl.htm
2019-05-14	年次	前期	連結	実績		親会社株主に帰属する当期純利益	ProfitAttributableToOwnersOfParent	6577000000	JPY	6,577	PriorYearDuration_ConsolidatedMember_ResultMember	/disc/80370/081220190510421203_tse-acedjpsm-80370-20190510421203-ixbrl.htm
2019-05-14	年次	前期	連結	実績		親会社株主に帰属する当期純利益の増減率	ChangeInProfitAttributableToOwnersOfParent	-0.161	Pure	16.1	PriorYearDuration_ConsolidatedMember_ResultMember	/disc/80370/081220190510421203_tse-acedjpsm-80370-20190510421203-ixbrl.htm
2019-05-14	年次	当期	連結	実績		包括利益	ComprehensiveIncome	5273000000	JPY	5,273	CurrentYearDuration_ConsolidatedMember_ResultMember	/disc/80370/081220190510421203_tse-acedjpsm-80370-20190510421203-ixbrl.htm
2019-05-14	年次	当期	連結	実績		包括利益の増減率	ChangeInComprehensiveIncome	-0.285	Pure	28.5	CurrentYearDuration_ConsolidatedMember_ResultMember	/disc/80370/081220190510421203_tse-acedjpsm-80370-20190510421203-ixbrl.htm
2019-05-14	年次	前期	連結	実績		包括利益	ComprehensiveIncome	7372000000	JPY	7,372	PriorYearDuration_ConsolidatedMember_ResultMember	/disc/80370/081220190510421203_tse-acedjpsm-80370-20190510421203-ixbrl.htm
2019-05-14	年次	前期	連結	実績		包括利益の増減率	ChangeInComprehensiveIncome	-0.258	Pure	25.8	PriorYearDuration_ConsolidatedMember_ResultMember	/disc/80370/081220190510421203_tse-acedjpsm-80370-20190510421203-ixbrl.htm
2019-05-14	年次	当期	連結	実績		1株当たり当期純利益	NetIncomePerShare	196.37	JPYPerShares	196.37	CurrentYearDuration_ConsolidatedMember_ResultMember	/disc/80370/081220190510421203_tse-acedjpsm-80370-20190510421203-ixbrl.htm
2019-05-14	年次	当期	連結	実績		自己資本当期純利益率(ROE)	NetIncomeToShareholdersEquityRatio	0.066	Pure	6.6	CurrentYearDuration_ConsolidatedMember_ResultMember	/disc/80370/081220190510421203_tse-acedjpsm-80370-20190510421203-ixbrl.htm
2019-05-14	年次	当期	連結	実績		総資産経常利益率(ROA)	OrdinaryIncomeToTotalAssetsRatio	0.047	Pure	4.7	CurrentYearDuration_ConsolidatedMember_ResultMember	/disc/80370/081220190510421203_tse-acedjpsm-80370-20190510421203-ixbrl.htm
2019-05-14	年次	当期	連結	実績		売上高営業利益率	OperatingIncomeToNetSalesRatio	0.021	Pure	2.1	CurrentYearDuration_ConsolidatedMember_ResultMember	/disc/80370/081220190510421203_tse-acedjpsm-80370-20190510421203-ixbrl.htm
2019-05-14	年次	前期	連結	実績		1株当たり当期純利益	NetIncomePerShare	195.76	JPYPerShares	195.76	PriorYearDuration_ConsolidatedMember_ResultMember	/disc/80370/081220190510421203_tse-acedjpsm-80370-20190510421203-ixbrl.htm
2019-05-14	年次	前期	連結	実績		自己資本当期純利益率(ROE)	NetIncomeToShareholdersEquityRatio	0.070	Pure	7.0	PriorYearDuration_ConsolidatedMember_ResultMember	/disc/80370/081220190510421203_tse-acedjpsm-80370-20190510421203-ixbrl.htm
2019-05-14	年次	前期	連結	実績		総資産経常利益率(ROA)	OrdinaryIncomeToTotalAssetsRatio	0.048	Pure	4.8	PriorYearDuration_ConsolidatedMember_ResultMember	/disc/80370/081220190510421203_tse-acedjpsm-80370-20190510421203-ixbrl.htm
2019-05-14	年次	前期	連結	実績		売上高営業利益率	OperatingIncomeToNetSalesRatio	0.022	Pure	2.2	PriorYearDuration_ConsolidatedMember_ResultMember	/disc/80370/081220190510421203_tse-acedjpsm-80370-20190510421203-ixbrl.htm
2019-05-14	年次	当期	連結	実績		持分法投資損益	InvestmentProfitLossOnEquityMethod	314000000	JPY	314	CurrentYearDuration_ConsolidatedMember_ResultMember	/disc/80370/081220190510421203_tse-acedjpsm-80370-20190510421203-ixbrl.htm
2019-05-14	年次	前期	連結	実績		持分法投資損益	InvestmentProfitLossOnEquityMethod	320000000	JPY	320	PriorYearDuration_ConsolidatedMember_ResultMember	/disc/80370/081220190510421203_tse-acedjpsm-80370-20190510421203-ixbrl.htm
2019-05-14	年次	当期	連結	実績		総資産	TotalAssets	238243000000	JPY	238,243	CurrentYearInstant_ConsolidatedMember_ResultMember	/disc/80370/081220190510421203_tse-acedjpsm-80370-20190510421203-ixbrl.htm
2019-05-14	年次	当期	連結	実績		純資産	NetAssets	107514000000	JPY	107,514	CurrentYearInstant_ConsolidatedMember_ResultMember	/disc/80370/081220190510421203_tse-acedjpsm-80370-20190510421203-ixbrl.htm
2019-05-14	年次	当期	連結	実績		自己資本比率	CapitalAdequacyRatio	0.428	Pure	42.8	CurrentYearInstant_ConsolidatedMember_ResultMember	/disc/80370/081220190510421203_tse-acedjpsm-80370-20190510421203-ixbrl.htm
2019-05-14	年次	当期	連結	実績		1株当たり純資産	NetAssetsPerShare	3032.19	JPYPerShares	3,032.19	CurrentYearInstant_ConsolidatedMember_ResultMember	/disc/80370/081220190510421203_tse-acedjpsm-80370-20190510421203-ixbrl.htm
2019-05-14	年次	前期	連結	実績		総資産	TotalAssets	230039000000	JPY	230,039	PriorYearInstant_ConsolidatedMember_ResultMember	/disc/80370/081220190510421203_tse-acedjpsm-80370-20190510421203-ixbrl.htm
2019-05-14	年次	前期	連結	実績		純資産	NetAssets	102885000000	JPY	102,885	PriorYearInstant_ConsolidatedMember_ResultMember	/disc/80370/081220190510421203_tse-acedjpsm-80370-20190510421203-ixbrl.htm
2019-05-14	年次	前期	連結	実績		自己資本比率	CapitalAdequacyRatio	0.424	Pure	42.4	PriorYearInstant_ConsolidatedMember_ResultMember	/disc/80370/081220190510421203_tse-acedjpsm-80370-20190510421203-ixbrl.htm
2019-05-14	年次	前期	連結	実績		1株当たり純資産	NetAssetsPerShare	2900.26	JPYPerShares	2,900.26	PriorYearInstant_ConsolidatedMember_ResultMember	/disc/80370/081220190510421203_tse-acedjpsm-80370-20190510421203-ixbrl.htm
2019-05-14	年次	当期	連結	実績		自己資本	OwnersEquity	101884000000	JPY	101,884	CurrentYearInstant_ConsolidatedMember_ResultMember	/disc/80370/081220190510421203_tse-acedjpsm-80370-20190510421203-ixbrl.htm
2019-05-14	年次	前期	連結	実績		自己資本	OwnersEquity	97451000000	JPY	97,451	PriorYearInstant_ConsolidatedMember_ResultMember	/disc/80370/081220190510421203_tse-acedjpsm-80370-20190510421203-ixbrl.htm
2019-05-14	年次	当期	連結	実績		営業キャッシュフロー	CashFlowsFromOperatingActivities	16706000000	JPY	16,706	CurrentYearDuration_ConsolidatedMember_ResultMember	/disc/80370/081220190510421203_tse-acedjpsm-80370-20190510421203-ixbrl.htm
2019-05-14	年次	当期	連結	実績		投資キャッシュフロー	CashFlowsFromInvestingActivities	-7329000000	JPY	7,329	CurrentYearDuration_ConsolidatedMember_ResultMember	/disc/80370/081220190510421203_tse-acedjpsm-80370-20190510421203-ixbrl.htm
2019-05-14	年次	当期	連結	実績		財務キャッシュフロー	CashFlowsFromFinancingActivities	-4258000000	JPY	4,258	CurrentYearDuration_ConsolidatedMember_ResultMember	/disc/80370/081220190510421203_tse-acedjpsm-80370-20190510421203-ixbrl.htm
2019-05-14	年次	当期	連結	実績		現金及び現金同等物の期末残高	CashAndEquivalentsEndOfPeriod	32914000000	JPY	32,914	CurrentYearInstant_ConsolidatedMember_ResultMember	/disc/80370/081220190510421203_tse-acedjpsm-80370-20190510421203-ixbrl.htm
2019-05-14	年次	前期	連結	実績		営業キャッシュフロー	CashFlowsFromOperatingActivities	15296000000	JPY	15,296	PriorYearDuration_ConsolidatedMember_ResultMember	/disc/80370/081220190510421203_tse-acedjpsm-80370-20190510421203-ixbrl.htm
2019-05-14	年次	前期	連結	実績		投資キャッシュフロー	CashFlowsFromInvestingActivities	-6512000000	JPY	6,512	PriorYearDuration_ConsolidatedMember_ResultMember	/disc/80370/081220190510421203_tse-acedjpsm-80370-20190510421203-ixbrl.htm
2019-05-14	年次	前期	連結	実績		財務キャッシュフロー	CashFlowsFromFinancingActivities	-6312000000	JPY	6,312	PriorYearDuration_ConsolidatedMember_ResultMember	/disc/80370/081220190510421203_tse-acedjpsm-80370-20190510421203-ixbrl.htm
2019-05-14	年次	前期	連結	実績		現金及び現金同等物の期末残高	CashAndEquivalentsEndOfPeriod	27855000000	JPY	27,855	PriorYearInstant_ConsolidatedMember_ResultMember	/disc/80370/081220190510421203_tse-acedjpsm-80370-20190510421203-ixbrl.htm
2019-05-14	年次	前期	単体	実績	第2四半期末	1株当たり配当金	DividendPerShare	12.50	JPYPerShares	12.50	PriorYearDuration_SecondQuarterMember_NonConsolidatedMember_ResultMember	/disc/80370/081220190510421203_tse-acedjpsm-80370-20190510421203-ixbrl.htm
2019-05-14	年次	前期	単体	実績	期末	1株当たり配当金	DividendPerShare	12.50	JPYPerShares	12.50	PriorYearDuration_YearEndMember_NonConsolidatedMember_ResultMember	/disc/80370/081220190510421203_tse-acedjpsm-80370-20190510421203-ixbrl.htm
2019-05-14	年次	前期	単体	実績	合計	1株当たり配当金	DividendPerShare	25.00	JPYPerShares	25.00	PriorYearDuration_AnnualMember_NonConsolidatedMember_ResultMember	/disc/80370/081220190510421203_tse-acedjpsm-80370-20190510421203-ixbrl.htm
2019-05-14	年次	前期	単体	実績	合計	配当金総額	TotalDividendPaidAnnual	840000000	JPY	840	PriorYearDuration_AnnualMember_NonConsolidatedMember_ResultMember	/disc/80370/081220190510421203_tse-acedjpsm-80370-20190510421203-ixbrl.htm
2019-05-14	年次	前期	連結	実績	合計	配当性向	PayoutRatio	0.128	Pure	12.8	PriorYearDuration_AnnualMember_ConsolidatedMember_ResultMember	/disc/80370/081220190510421203_tse-acedjpsm-80370-20190510421203-ixbrl.htm
2019-05-14	年次	前期	連結	実績	合計	純資産配当率	RatioOfTotalAmountOfDividendsToNetAssets	0.009	Pure	0.9	PriorYearDuration_AnnualMember_ConsolidatedMember_ResultMember	/disc/80370/081220190510421203_tse-acedjpsm-80370-20190510421203-ixbrl.htm
2019-05-14	年次	当期	単体	実績	第2四半期末	1株当たり配当金	DividendPerShare	12.50	JPYPerShares	12.50	CurrentYearDuration_SecondQuarterMember_NonConsolidatedMember_ResultMember	/disc/80370/081220190510421203_tse-acedjpsm-80370-20190510421203-ixbrl.htm
2019-05-14	年次	当期	単体	実績	期末	1株当たり配当金	DividendPerShare	15.00	JPYPerShares	15.00	CurrentYearDuration_YearEndMember_NonConsolidatedMember_ResultMember	/disc/80370/081220190510421203_tse-acedjpsm-80370-20190510421203-ixbrl.htm
2019-05-14	年次	当期	単体	実績	合計	1株当たり配当金	DividendPerShare	27.50	JPYPerShares	27.50	CurrentYearDuration_AnnualMember_NonConsolidatedMember_ResultMember	/disc/80370/081220190510421203_tse-acedjpsm-80370-20190510421203-ixbrl.htm
2019-05-14	年次	当期	単体	実績	合計	配当金総額	TotalDividendPaidAnnual	924000000	JPY	924	CurrentYearDuration_AnnualMember_NonConsolidatedMember_ResultMember	/disc/80370/081220190510421203_tse-acedjpsm-80370-20190510421203-ixbrl.htm
2019-05-14	年次	当期	連結	実績	合計	配当性向	PayoutRatio	0.140	Pure	14.0	CurrentYearDuration_AnnualMember_ConsolidatedMember_ResultMember	/disc/80370/081220190510421203_tse-acedjpsm-80370-20190510421203-ixbrl.htm
2019-05-14	年次	当期	連結	実績	合計	純資産配当率	RatioOfTotalAmountOfDividendsToNetAssets	0.009	Pure	0.9	CurrentYearDuration_AnnualMember_ConsolidatedMember_ResultMember	/disc/80370/081220190510421203_tse-acedjpsm-80370-20190510421203-ixbrl.htm
2019-05-14	年次	来期	単体	予想	第2四半期末	1株当たり配当金	DividendPerShare	15.00	JPYPerShares	15.00	NextYearDuration_SecondQuarterMember_NonConsolidatedMember_ForecastMember	/disc/80370/081220190510421203_tse-acedjpsm-80370-20190510421203-ixbrl.htm
2019-05-14	年次	来期	単体	予想	期末	1株当たり配当金	DividendPerShare	15.00	JPYPerShares	15.00	NextYearDuration_YearEndMember_NonConsolidatedMember_ForecastMember	/disc/80370/081220190510421203_tse-acedjpsm-80370-20190510421203-ixbrl.htm
2019-05-14	年次	来期	単体	予想	合計	1株当たり配当金	DividendPerShare	30.00	JPYPerShares	30.00	NextYearDuration_AnnualMember_NonConsolidatedMember_ForecastMember	/disc/80370/081220190510421203_tse-acedjpsm-80370-20190510421203-ixbrl.htm
2019-05-14	年次	来期	連結	予想	合計	配当性向	PayoutRatio	0.148	Pure	14.8	NextYearDuration_AnnualMember_ConsolidatedMember_ForecastMember	/disc/80370/081220190510421203_tse-acedjpsm-80370-20190510421203-ixbrl.htm
2019-05-14	年次	来期	連結	予想		業績予想の見出し	TitleForForecasts			3. 令和 2年 3月期の連結業績予想（平成31年 4月 1日～令和 2年 3月31日）	NextYearDuration_ConsolidatedMember_ForecastMember	/disc/80370/081220190510421203_tse-acedjpsm-80370-20190510421203-ixbrl.htm
2019-05-14	年次		連結	予想		売上高	NetSales	208000000000	JPY	208,000	NextAccumulatedQ2Duration_ConsolidatedMember_ForecastMember	/disc/80370/081220190510421203_tse-acedjpsm-80370-20190510421203-ixbrl.htm
2019-05-14	年次		連結	予想		売上高の増減率	ChangeInNetSales	-0.041	Pure	4.1	NextAccumulatedQ2Duration_ConsolidatedMember_ForecastMember	/disc/80370/081220190510421203_tse-acedjpsm-80370-20190510421203-ixbrl.htm
2019-05-14	年次		連結	予想		営業利益	OperatingIncome	3200000000	JPY	3,200	NextAccumulatedQ2Duration_ConsolidatedMember_ForecastMember	/disc/80370/081220190510421203_tse-acedjpsm-80370-20190510421203-ixbrl.htm
2019-05-14	年次		連結	予想		営業利益の増減率	ChangeInOperatingIncome	0.077	Pure	7.7	NextAccumulatedQ2Duration_ConsolidatedMember_ForecastMember	/disc/80370/081220190510421203_tse-acedjpsm-80370-20190510421203-ixbrl.htm
2019-05-14	年次		連結	予想		経常利益	OrdinaryIncome	3700000000	JPY	3,700	NextAccumulatedQ2Duration_ConsolidatedMember_ForecastMember	/disc/80370/081220190510421203_tse-acedjpsm-80370-20190510421203-ixbrl.htm
2019-05-14	年次		連結	予想		経常利益の増減率	ChangeInOrdinaryIncome	-0.044	Pure	4.4	NextAccumulatedQ2Duration_ConsolidatedMember_ForecastMember	/disc/80370/081220190510421203_tse-acedjpsm-80370-20190510421203-ixbrl.htm
2019-05-14	年次		連結	予想		親会社株主に帰属する当期純利益	ProfitAttributableToOwnersOfParent	2200000000	JPY	2,200	NextAccumulatedQ2Duration_ConsolidatedMember_ForecastMember	/disc/80370/081220190510421203_tse-acedjpsm-80370-20190510421203-ixbrl.htm
2019-05-14	年次		連結	予想		親会社株主に帰属する当期純利益の増減率	ChangeInProfitAttributableToOwnersOfParent	-0.100	Pure	10.0	NextAccumulatedQ2Duration_ConsolidatedMember_ForecastMember	/disc/80370/081220190510421203_tse-acedjpsm-80370-20190510421203-ixbrl.htm
2019-05-14	年次		連結	予想		1株当たり当期純利益	NetIncomePerShare	65.47	JPYPerShares	65.47	NextAccumulatedQ2Duration_ConsolidatedMember_ForecastMember	/disc/80370/081220190510421203_tse-acedjpsm-80370-20190510421203-ixbrl.htm
2019-05-14	年次	来期	連結	予想		売上高	NetSales	458000000000	JPY	458,000	NextYearDuration_ConsolidatedMember_ForecastMember	/disc/80370/081220190510421203_tse-acedjpsm-80370-20190510421203-ixbrl.htm
2019-05-14	年次	来期	連結	予想		売上高の増減率	ChangeInNetSales	-0.032	Pure	3.2	NextYearDuration_ConsolidatedMember_ForecastMember	/disc/80370/081220190510421203_tse-acedjpsm-80370-20190510421203-ixbrl.htm
2019-05-14	年次	来期	連結	予想		営業利益	OperatingIncome	10200000000	JPY	10,200	NextYearDuration_ConsolidatedMember_ForecastMember	/disc/80370/081220190510421203_tse-acedjpsm-80370-20190510421203-ixbrl.htm
2019-05-14	年次	来期	連結	予想		営業利益の増減率	ChangeInOperatingIncome	0.026	Pure	2.6	NextYearDuration_ConsolidatedMember_ForecastMember	/disc/80370/081220190510421203_tse-acedjpsm-80370-20190510421203-ixbrl.htm
2019-05-14	年次	来期	連結	予想		経常利益	OrdinaryIncome	11200000000	JPY	11,200	NextYearDuration_ConsolidatedMember_ForecastMember	/disc/80370/081220190510421203_tse-acedjpsm-80370-20190510421203-ixbrl.htm
2019-05-14	年次	来期	連結	予想		経常利益の増減率	ChangeInOrdinaryIncome	0.011	Pure	1.1	NextYearDuration_ConsolidatedMember_ForecastMember	/disc/80370/081220190510421203_tse-acedjpsm-80370-20190510421203-ixbrl.htm
2019-05-14	年次	来期	連結	予想		親会社株主に帰属する当期純利益	ProfitAttributableToOwnersOfParent	6800000000	JPY	6,800	NextYearDuration_ConsolidatedMember_ForecastMember	/disc/80370/081220190510421203_tse-acedjpsm-80370-20190510421203-ixbrl.htm
2019-05-14	年次	来期	連結	予想		親会社株主に帰属する当期純利益の増減率	ChangeInProfitAttributableToOwnersOfParent	0.031	Pure	3.1	NextYearDuration_ConsolidatedMember_ForecastMember	/disc/80370/081220190510421203_tse-acedjpsm-80370-20190510421203-ixbrl.htm
2019-05-14	年次	来期	連結	予想		1株当たり当期純利益	NetIncomePerShare	202.38	JPYPerShares	202.38	NextYearDuration_ConsolidatedMember_ForecastMember	/disc/80370/081220190510421203_tse-acedjpsm-80370-20190510421203-ixbrl.htm
2019-05-14	年次	当期	連結	実績			MaterialChangesInSubsidiariesDuringThisPeriodChangesInScopeOfConsolidationsResultingFromChangeIsSubsidiaries			無	CurrentYearDuration_ConsolidatedMember_ResultMember	/disc/80370/081220190510421203_tse-acedjpsm-80370-20190510421203-ixbrl.htm
2019-05-14	年次	当期	連結	実績		会計基準等の改正に伴う変更	ChangesBasedOnRevisionsOfAccountingStandard			無	CurrentYearDuration_ConsolidatedMember_ResultMember	/disc/80370/081220190510421203_tse-acedjpsm-80370-20190510421203-ixbrl.htm
2019-05-14	年次	当期	連結	実績		それ以外の会計方針の変更	ChangesOtherThanOnesBasedOnRevisionsOfAccountingStandard			無	CurrentYearDuration_ConsolidatedMember_ResultMember	/disc/80370/081220190510421203_tse-acedjpsm-80370-20190510421203-ixbrl.htm
2019-05-14	年次	当期	連結	実績		会計上の見積りの変更	ChangesInAccountingEstimates			無	CurrentYearDuration_ConsolidatedMember_ResultMember	/disc/80370/081220190510421203_tse-acedjpsm-80370-20190510421203-ixbrl.htm
2019-05-14	年次	当期	連結	実績		修正再表示	RetrospectiveRestatement			無	CurrentYearDuration_ConsolidatedMember_ResultMember	/disc/80370/081220190510421203_tse-acedjpsm-80370-20190510421203-ixbrl.htm
2019-05-14	年次	当期	単体	実績		期末発行済株式数(自己株式を含む)	NumberOfIssuedAndOutstandingSharesAtTheEndOfFiscalYearIncludingTreasuryStock	37591969	Shares	37,591,969	CurrentYearInstant_NonConsolidatedMember_ResultMember	/disc/80370/081220190510421203_tse-acedjpsm-80370-20190510421203-ixbrl.htm
2019-05-14	年次	前期	単体	実績		期末発行済株式数(自己株式を含む)	NumberOfIssuedAndOutstandingSharesAtTheEndOfFiscalYearIncludingTreasuryStock	37591969	Shares	37,591,969	PriorYearInstant_NonConsolidatedMember_ResultMember	/disc/80370/081220190510421203_tse-acedjpsm-80370-20190510421203-ixbrl.htm
2019-05-14	年次	当期	単体	実績		期末自己株式数	NumberOfTreasuryStockAtTheEndOfFiscalYear	3991063	Shares	3,991,063	CurrentYearInstant_NonConsolidatedMember_ResultMember	/disc/80370/081220190510421203_tse-acedjpsm-80370-20190510421203-ixbrl.htm
2019-05-14	年次	前期	単体	実績		期末自己株式数	NumberOfTreasuryStockAtTheEndOfFiscalYear	3990933	Shares	3,990,933	PriorYearInstant_NonConsolidatedMember_ResultMember	/disc/80370/081220190510421203_tse-acedjpsm-80370-20190510421203-ixbrl.htm
2019-05-14	年次	当期	単体	実績		期中平均株式数	AverageNumberOfShares	33600944	Shares	33,600,944	CurrentYearDuration_NonConsolidatedMember_ResultMember	/disc/80370/081220190510421203_tse-acedjpsm-80370-20190510421203-ixbrl.htm
2019-05-14	年次	前期	単体	実績		期中平均株式数	AverageNumberOfShares	33601099	Shares	33,601,099	PriorYearDuration_NonConsolidatedMember_ResultMember	/disc/80370/081220190510421203_tse-acedjpsm-80370-20190510421203-ixbrl.htm
2019-05-14	年次	当期	単体	実績		売上高	NetSales	309964000000	JPY	309,964	CurrentYearDuration_NonConsolidatedMember_ResultMember	/disc/80370/081220190510421203_tse-acedjpsm-80370-20190510421203-ixbrl.htm
2019-05-14	年次	当期	単体	実績		売上高の増減率	ChangeInNetSales	0.068	Pure	6.8	CurrentYearDuration_NonConsolidatedMember_ResultMember	/disc/80370/081220190510421203_tse-acedjpsm-80370-20190510421203-ixbrl.htm
2019-05-14	年次	当期	単体	実績		営業利益	OperatingIncome	5790000000	JPY	5,790	CurrentYearDuration_NonConsolidatedMember_ResultMember	/disc/80370/081220190510421203_tse-acedjpsm-80370-20190510421203-ixbrl.htm
2019-05-14	年次	当期	単体	実績		営業利益の増減率	ChangeInOperatingIncome	0.006	Pure	0.6	CurrentYearDuration_NonConsolidatedMember_ResultMember	/disc/80370/081220190510421203_tse-acedjpsm-80370-20190510421203-ixbrl.htm
2019-05-14	年次	当期	単体	実績		経常利益	OrdinaryIncome	6954000000	JPY	6,954	CurrentYearDuration_NonConsolidatedMember_ResultMember	/disc/80370/081220190510421203_tse-acedjpsm-80370-20190510421203-ixbrl.htm
2019-05-14	年次	当期	単体	実績		経常利益の増減率	ChangeInOrdinaryIncome	0.047	Pure	4.7	CurrentYearDuration_NonConsolidatedMember_ResultMember	/disc/80370/081220190510421203_tse-acedjpsm-80370-20190510421203-ixbrl.htm
2019-05-14	年次	当期	単体	実績		当期純利益	NetIncome	3542000000	JPY	3,542	CurrentYearDuration_NonConsolidatedMember_ResultMember	/disc/80370/081220190510421203_tse-acedjpsm-80370-20190510421203-ixbrl.htm
2019-05-14	年次	当期	単体	実績		当期純利益の増減率	ChangeInNetIncome	-0.303	Pure	30.3	CurrentYearDuration_NonConsolidatedMember_ResultMember	/disc/80370/081220190510421203_tse-acedjpsm-80370-20190510421203-ixbrl.htm
2019-05-14	年次	前期	単体	実績		売上高	NetSales	290246000000	JPY	290,246	PriorYearDuration_NonConsolidatedMember_ResultMember	/disc/80370/081220190510421203_tse-acedjpsm-80370-20190510421203-ixbrl.htm
2019-05-14	年次	前期	単体	実績		売上高の増減率	ChangeInNetSales	0.033	Pure	3.3	PriorYearDuration_NonConsolidatedMember_ResultMember	/disc/80370/081220190510421203_tse-acedjpsm-80370-20190510421203-ixbrl.htm
2019-05-14	年次	前期	単体	実績		営業利益	OperatingIncome	5753000000	JPY	5,753	PriorYearDuration_NonConsolidatedMember_ResultMember	/disc/80370/081220190510421203_tse-acedjpsm-80370-20190510421203-ixbrl.htm
2019-05-14	年次	前期	単体	実績		営業利益の増減率	ChangeInOperatingIncome	0.007	Pure	0.7	PriorYearDuration_NonConsolidatedMember_ResultMember	/disc/80370/081220190510421203_tse-acedjpsm-80370-20190510421203-ixbrl.htm
2019-05-14	年次	前期	単体	実績		経常利益	OrdinaryIncome	6642000000	JPY	6,642	PriorYearDuration_NonConsolidatedMember_ResultMember	/disc/80370/081220190510421203_tse-acedjpsm-80370-20190510421203-ixbrl.htm
2019-05-14	年次	前期	単体	実績		経常利益の増減率	ChangeInOrdinaryIncome	-0.097	Pure	9.7	PriorYearDuration_NonConsolidatedMember_ResultMember	/disc/80370/081220190510421203_tse-acedjpsm-80370-20190510421203-ixbrl.htm
2019-05-14	年次	前期	単体	実績		当期純利益	NetIncome	5080000000	JPY	5,080	PriorYearDuration_NonConsolidatedMember_ResultMember	/disc/80370/081220190510421203_tse-acedjpsm-80370-20190510421203-ixbrl.htm
2019-05-14	年次	前期	単体	実績		当期純利益の増減率	ChangeInNetIncome	-0.053	Pure	5.3	PriorYearDuration_NonConsolidatedMember_ResultMember	/disc/80370/081220190510421203_tse-acedjpsm-80370-20190510421203-ixbrl.htm
2019-05-14	年次	当期	単体	実績		1株当たり当期純利益	NetIncomePerShare	105.43	JPYPerShares	105.43	CurrentYearDuration_NonConsolidatedMember_ResultMember	/disc/80370/081220190510421203_tse-acedjpsm-80370-20190510421203-ixbrl.htm
2019-05-14	年次	前期	単体	実績		1株当たり当期純利益	NetIncomePerShare	151.21	JPYPerShares	151.21	PriorYearDuration_NonConsolidatedMember_ResultMember	/disc/80370/081220190510421203_tse-acedjpsm-80370-20190510421203-ixbrl.htm
2019-05-14	年次	当期	単体	実績		総資産	TotalAssets	132588000000	JPY	132,588	CurrentYearInstant_NonConsolidatedMember_ResultMember	/disc/80370/081220190510421203_tse-acedjpsm-80370-20190510421203-ixbrl.htm
2019-05-14	年次	当期	単体	実績		純資産	NetAssets	72105000000	JPY	72,105	CurrentYearInstant_NonConsolidatedMember_ResultMember	/disc/80370/081220190510421203_tse-acedjpsm-80370-20190510421203-ixbrl.htm
2019-05-14	年次	当期	単体	実績		自己資本比率	CapitalAdequacyRatio	0.544	Pure	54.4	CurrentYearInstant_NonConsolidatedMember_ResultMember	/disc/80370/081220190510421203_tse-acedjpsm-80370-20190510421203-ixbrl.htm
2019-05-14	年次	当期	単体	実績		1株当たり純資産	NetAssetsPerShare	2145.95	JPYPerShares	2,145.95	CurrentYearInstant_NonConsolidatedMember_ResultMember	/disc/80370/081220190510421203_tse-acedjpsm-80370-20190510421203-ixbrl.htm
2019-05-14	年次	前期	単体	実績		総資産	TotalAssets	128319000000	JPY	128,319	PriorYearInstant_NonConsolidatedMember_ResultMember	/disc/80370/081220190510421203_tse-acedjpsm-80370-20190510421203-ixbrl.htm
2019-05-14	年次	前期	単体	実績		純資産	NetAssets	70306000000	JPY	70,306	PriorYearInstant_NonConsolidatedMember_ResultMember	/disc/80370/081220190510421203_tse-acedjpsm-80370-20190510421203-ixbrl.htm
2019-05-14	年次	前期	単体	実績		自己資本比率	CapitalAdequacyRatio	0.548	Pure	54.8	PriorYearInstant_NonConsolidatedMember_ResultMember	/disc/80370/081220190510421203_tse-acedjpsm-80370-20190510421203-ixbrl.htm
2019-05-14	年次	前期	単体	実績		1株当たり純資産	NetAssetsPerShare	2092.39	JPYPerShares	2,092.39	PriorYearInstant_NonConsolidatedMember_ResultMember	/disc/80370/081220190510421203_tse-acedjpsm-80370-20190510421203-ixbrl.htm
2019-05-14	年次	当期	単体	実績		自己資本	OwnersEquity	72105000000	JPY	72,105	CurrentYearInstant_NonConsolidatedMember_ResultMember	/disc/80370/081220190510421203_tse-acedjpsm-80370-20190510421203-ixbrl.htm
2019-05-14	年次	前期	単体	実績		自己資本	OwnersEquity	70306000000	JPY	70,306	PriorYearInstant_NonConsolidatedMember_ResultMember	/disc/80370/081220190510421203_tse-acedjpsm-80370-20190510421203-ixbrl.htm
2019-05-14	年次	来期				将来情報の利用に関する注意	NotesForUsingForecastedInformationAndOthers			本資料に記載されている業績見通し等の将来に関する記述は、当社が現在入手している情報及び合理的であると判断する一定の前提に基づいており、その達成を当社として約束する趣旨のものではありません。また、実際の業績等は様々な要因により大きく異なる可能性があります。業績予想の前提となる条件及び業績予想のご利用に当たっての注意事項等については、添付資料３ページ「１．経営成績等の概況（１）経営成績に関する分析」をご覧ください。	NextYearDuration	/disc/80370/081220190510421203_tse-acedjpsm-80370-20190510421203-ixbrl.htm
2019-05-14	年次	当期				決算期末	FiscalYearEnd			2019-03-31	CurrentYearInstant	/disc/80370/081220190510421203_tse-acedjpsm-80370-20190510421203-ixbrl.htm
2019-08-08	四半期	当期第1四半期累計				書類名	DocumentName			第1四半期決算短信〔日本基準〕（連結）	CurrentAccumulatedQ1Instant	/disc/80370/081220190731479315_tse-qcedjpsm-80370-20190731479315-ixbrl.htm
2019-08-08	四半期	当期第1四半期累計				提出日	FilingDate			令和元年8月8日	CurrentAccumulatedQ1Instant	/disc/80370/081220190731479315_tse-qcedjpsm-80370-20190731479315-ixbrl.htm
2019-08-08	四半期	当期第1四半期累計				会社名	CompanyName			カメイ株式会社	CurrentAccumulatedQ1Instant	/disc/80370/081220190731479315_tse-qcedjpsm-80370-20190731479315-ixbrl.htm
2019-08-08	四半期	当期第1四半期累計					TokyoStockExchange			東	CurrentAccumulatedQ1Instant	/disc/80370/081220190731479315_tse-qcedjpsm-80370-20190731479315-ixbrl.htm
2019-08-08	四半期	当期第1四半期累計				証券コード	SecuritiesCode			80370	CurrentAccumulatedQ1Instant	/disc/80370/081220190731479315_tse-qcedjpsm-80370-20190731479315-ixbrl.htm
2019-08-08	四半期	当期第1四半期累計				URL	URL			http://www.kamei.co.jp/	CurrentAccumulatedQ1Instant	/disc/80370/081220190731479315_tse-qcedjpsm-80370-20190731479315-ixbrl.htm
2019-08-08	四半期	当期第1四半期累計				代表者の役職	TitleRepresentative			代表取締役社長	CurrentAccumulatedQ1Instant	/disc/80370/081220190731479315_tse-qcedjpsm-80370-20190731479315-ixbrl.htm
2019-08-08	四半期	当期第1四半期累計				代表者名	NameRepresentative			亀井文行	CurrentAccumulatedQ1Instant	/disc/80370/081220190731479315_tse-qcedjpsm-80370-20190731479315-ixbrl.htm
2019-08-08	四半期	当期第1四半期累計					TitleInquiries			管理部長	CurrentAccumulatedQ1Instant	/disc/80370/081220190731479315_tse-qcedjpsm-80370-20190731479315-ixbrl.htm
2019-08-08	四半期	当期第1四半期累計					NameInquiries			小林哲也	CurrentAccumulatedQ1Instant	/disc/80370/081220190731479315_tse-qcedjpsm-80370-20190731479315-ixbrl.htm
2019-08-08	四半期	当期第1四半期累計					Tel			022-264-6112	CurrentAccumulatedQ1Instant	/disc/80370/081220190731479315_tse-qcedjpsm-80370-20190731479315-ixbrl.htm
2019-08-08	四半期	当期第1四半期累計					QuarterlyStatementFilingDateAsPlanned			令和元年8月8日	CurrentAccumulatedQ1Instant	/disc/80370/081220190731479315_tse-qcedjpsm-80370-20190731479315-ixbrl.htm
2019-08-08	四半期	当期第1四半期累計					SupplementalMaterialOfQuarterlyResults			無	CurrentAccumulatedQ1Instant	/disc/80370/081220190731479315_tse-qcedjpsm-80370-20190731479315-ixbrl.htm
2019-08-08	四半期	当期第1四半期累計					ConveningBriefingOfQuarterlyResults			無	CurrentAccumulatedQ1Instant	/disc/80370/081220190731479315_tse-qcedjpsm-80370-20190731479315-ixbrl.htm
2019-08-08	四半期	当期第1四半期累計					NoteToFractionProcessingMethod			（百万円未満切捨て）	CurrentAccumulatedQ1Instant	/disc/80370/081220190731479315_tse-qcedjpsm-80370-20190731479315-ixbrl.htm
2019-08-08	四半期	当期第1四半期累計	連結	実績		売上高	NetSales	104485000000	JPY	104,485	CurrentAccumulatedQ1Duration_ConsolidatedMember_ResultMember	/disc/80370/081220190731479315_tse-qcedjpsm-80370-20190731479315-ixbrl.htm
2019-08-08	四半期	当期第1四半期累計	連結	実績		売上高の増減率	ChangeInNetSales	-0.023	Pure	2.3	CurrentAccumulatedQ1Duration_ConsolidatedMember_ResultMember	/disc/80370/081220190731479315_tse-qcedjpsm-80370-20190731479315-ixbrl.htm
2019-08-08	四半期	当期第1四半期累計	連結	実績		営業利益	OperatingIncome	1895000000	JPY	1,895	CurrentAccumulatedQ1Duration_ConsolidatedMember_ResultMember	/disc/80370/081220190731479315_tse-qcedjpsm-80370-20190731479315-ixbrl.htm
2019-08-08	四半期	当期第1四半期累計	連結	実績		営業利益の増減率	ChangeInOperatingIncome	0.091	Pure	9.1	CurrentAccumulatedQ1Duration_ConsolidatedMember_ResultMember	/disc/80370/081220190731479315_tse-qcedjpsm-80370-20190731479315-ixbrl.htm
2019-08-08	四半期	当期第1四半期累計	連結	実績		経常利益	OrdinaryIncome	2233000000	JPY	2,233	CurrentAccumulatedQ1Duration_ConsolidatedMember_ResultMember	/disc/80370/081220190731479315_tse-qcedjpsm-80370-20190731479315-ixbrl.htm
2019-08-08	四半期	当期第1四半期累計	連結	実績		経常利益の増減率	ChangeInOrdinaryIncome	0.072	Pure	7.2	CurrentAccumulatedQ1Duration_ConsolidatedMember_ResultMember	/disc/80370/081220190731479315_tse-qcedjpsm-80370-20190731479315-ixbrl.htm
2019-08-08	四半期	当期第1四半期累計	連結	実績		親会社株主に帰属する当期純利益	ProfitAttributableToOwnersOfParent	1285000000	JPY	1,285	CurrentAccumulatedQ1Duration_ConsolidatedMember_ResultMember	/disc/80370/081220190731479315_tse-qcedjpsm-80370-20190731479315-ixbrl.htm
2019-08-08	四半期	当期第1四半期累計	連結	実績		親会社株主に帰属する当期純利益の増減率	ChangeInProfitAttributableToOwnersOfParent	-0.047	Pure	4.7	CurrentAccumulatedQ1Duration_ConsolidatedMember_ResultMember	/disc/80370/081220190731479315_tse-qcedjpsm-80370-20190731479315-ixbrl.htm
2019-08-08	四半期	前期第1四半期累計	連結	実績		売上高	NetSales	106979000000	JPY	106,979	PriorAccumulatedQ1Duration_ConsolidatedMember_ResultMember	/disc/80370/081220190731479315_tse-qcedjpsm-80370-20190731479315-ixbrl.htm
2019-08-08	四半期	前期第1四半期累計	連結	実績		売上高の増減率	ChangeInNetSales	0.093	Pure	9.3	PriorAccumulatedQ1Duration_ConsolidatedMember_ResultMember	/disc/80370/081220190731479315_tse-qcedjpsm-80370-20190731479315-ixbrl.htm
2019-08-08	四半期	前期第1四半期累計	連結	実績		営業利益	OperatingIncome	1736000000	JPY	1,736	PriorAccumulatedQ1Duration_ConsolidatedMember_ResultMember	/disc/80370/081220190731479315_tse-qcedjpsm-80370-20190731479315-ixbrl.htm
2019-08-08	四半期	前期第1四半期累計	連結	実績		営業利益の増減率	ChangeInOperatingIncome	-0.115	Pure	11.5	PriorAccumulatedQ1Duration_ConsolidatedMember_ResultMember	/disc/80370/081220190731479315_tse-qcedjpsm-80370-20190731479315-ixbrl.htm
2019-08-08	四半期	前期第1四半期累計	連結	実績		経常利益	OrdinaryIncome	2084000000	JPY	2,084	PriorAccumulatedQ1Duration_ConsolidatedMember_ResultMember	/disc/80370/081220190731479315_tse-qcedjpsm-80370-20190731479315-ixbrl.htm
2019-08-08	四半期	前期第1四半期累計	連結	実績		経常利益の増減率	ChangeInOrdinaryIncome	-0.101	Pure	10.1	PriorAccumulatedQ1Duration_ConsolidatedMember_ResultMember	/disc/80370/081220190731479315_tse-qcedjpsm-80370-20190731479315-ixbrl.htm
2019-08-08	四半期	前期第1四半期累計	連結	実績		親会社株主に帰属する当期純利益	ProfitAttributableToOwnersOfParent	1349000000	JPY	1,349	PriorAccumulatedQ1Duration_ConsolidatedMember_ResultMember	/disc/80370/081220190731479315_tse-qcedjpsm-80370-20190731479315-ixbrl.htm
2019-08-08	四半期	前期第1四半期累計	連結	実績		親会社株主に帰属する当期純利益の増減率	ChangeInProfitAttributableToOwnersOfParent	-0.202	Pure	20.2	PriorAccumulatedQ1Duration_ConsolidatedMember_ResultMember	/disc/80370/081220190731479315_tse-qcedjpsm-80370-20190731479315-ixbrl.htm
2019-08-08	四半期	当期第1四半期累計	連結	実績		包括利益	ComprehensiveIncome	1285000000	JPY	1,285	CurrentAccumulatedQ1Duration_ConsolidatedMember_ResultMember	/disc/80370/081220190731479315_tse-qcedjpsm-80370-20190731479315-ixbrl.htm
2019-08-08	四半期	当期第1四半期累計	連結	実績		包括利益の増減率	ChangeInComprehensiveIncome	1.206	Pure	120.6	CurrentAccumulatedQ1Duration_ConsolidatedMember_ResultMember	/disc/80370/081220190731479315_tse-qcedjpsm-80370-20190731479315-ixbrl.htm
2019-08-08	四半期	前期第1四半期累計	連結	実績		包括利益	ComprehensiveIncome	582000000	JPY	582	PriorAccumulatedQ1Duration_ConsolidatedMember_ResultMember	/disc/80370/081220190731479315_tse-qcedjpsm-80370-20190731479315-ixbrl.htm
2019-08-08	四半期	前期第1四半期累計	連結	実績		包括利益の増減率	ChangeInComprehensiveIncome	-0.639	Pure	63.9	PriorAccumulatedQ1Duration_ConsolidatedMember_ResultMember	/disc/80370/081220190731479315_tse-qcedjpsm-80370-20190731479315-ixbrl.htm
2019-08-08	四半期	当期第1四半期累計	連結	実績		1株当たり当期純利益	NetIncomePerShare	38.26	JPYPerShares	38.26	CurrentAccumulatedQ1Duration_ConsolidatedMember_ResultMember	/disc/80370/081220190731479315_tse-qcedjpsm-80370-20190731479315-ixbrl.htm
2019-08-08	四半期	前期第1四半期累計	連結	実績		1株当たり当期純利益	NetIncomePerShare	40.15	JPYPerShares	40.15	PriorAccumulatedQ1Duration_ConsolidatedMember_ResultMember	/disc/80370/081220190731479315_tse-qcedjpsm-80370-20190731479315-ixbrl.htm
2019-08-08	四半期	当期第1四半期累計	連結	実績		総資産	TotalAssets	237331000000	JPY	237,331	CurrentAccumulatedQ1Instant_ConsolidatedMember_ResultMember	/disc/80370/081220190731479315_tse-qcedjpsm-80370-20190731479315-ixbrl.htm
2019-08-08	四半期	当期第1四半期累計	連結	実績		純資産	NetAssets	108223000000	JPY	108,223	CurrentAccumulatedQ1Instant_ConsolidatedMember_ResultMember	/disc/80370/081220190731479315_tse-qcedjpsm-80370-20190731479315-ixbrl.htm
2019-08-08	四半期	当期第1四半期累計	連結	実績		自己資本比率	CapitalAdequacyRatio	0.432	Pure	43.2	CurrentAccumulatedQ1Instant_ConsolidatedMember_ResultMember	/disc/80370/081220190731479315_tse-qcedjpsm-80370-20190731479315-ixbrl.htm
2019-08-08	四半期	当期第1四半期累計	連結	実績		1株当たり純資産	NetAssetsPerShare	3052.65	JPYPerShares	3,052.65	CurrentAccumulatedQ1Instant_ConsolidatedMember_ResultMember	/disc/80370/081220190731479315_tse-qcedjpsm-80370-20190731479315-ixbrl.htm
2019-08-08	四半期	前期	連結	実績		総資産	TotalAssets	238243000000	JPY	238,243	PriorYearInstant_ConsolidatedMember_ResultMember	/disc/80370/081220190731479315_tse-qcedjpsm-80370-20190731479315-ixbrl.htm
2019-08-08	四半期	前期	連結	実績		純資産	NetAssets	107514000000	JPY	107,514	PriorYearInstant_ConsolidatedMember_ResultMember	/disc/80370/081220190731479315_tse-qcedjpsm-80370-20190731479315-ixbrl.htm
2019-08-08	四半期	前期	連結	実績		自己資本比率	CapitalAdequacyRatio	0.428	Pure	42.8	PriorYearInstant_ConsolidatedMember_ResultMember	/disc/80370/081220190731479315_tse-qcedjpsm-80370-20190731479315-ixbrl.htm
2019-08-08	四半期	前期	連結	実績		1株当たり純資産	NetAssetsPerShare	3032.19	JPYPerShares	3,032.19	PriorYearInstant_ConsolidatedMember_ResultMember	/disc/80370/081220190731479315_tse-qcedjpsm-80370-20190731479315-ixbrl.htm
2019-08-08	四半期	当期第1四半期累計	連結	実績		自己資本	OwnersEquity	102571000000	JPY	102,571	CurrentAccumulatedQ1Instant_ConsolidatedMember_ResultMember	/disc/80370/081220190731479315_tse-qcedjpsm-80370-20190731479315-ixbrl.htm
2019-08-08	四半期	前期	連結	実績		自己資本	OwnersEquity	101884000000	JPY	101,884	PriorYearInstant_ConsolidatedMember_ResultMember	/disc/80370/081220190731479315_tse-qcedjpsm-80370-20190731479315-ixbrl.htm
2019-08-08	四半期	前期	単体	実績	第2四半期末	1株当たり配当金	DividendPerShare	12.50	JPYPerShares	12.50	PriorYearDuration_SecondQuarterMember_NonConsolidatedMember_ResultMember	/disc/80370/081220190731479315_tse-qcedjpsm-80370-20190731479315-ixbrl.htm
2019-08-08	四半期	前期	単体	実績	期末	1株当たり配当金	DividendPerShare	15.00	JPYPerShares	15.00	PriorYearDuration_YearEndMember_NonConsolidatedMember_ResultMember	/disc/80370/081220190731479315_tse-qcedjpsm-80370-20190731479315-ixbrl.htm
2019-08-08	四半期	前期	単体	実績	合計	1株当たり配当金	DividendPerShare	27.50	JPYPerShares	27.50	PriorYearDuration_AnnualMember_NonConsolidatedMember_ResultMember	/disc/80370/081220190731479315_tse-qcedjpsm-80370-20190731479315-ixbrl.htm
2019-08-08	四半期	当期	単体	予想	第2四半期末	1株当たり配当金	DividendPerShare	15.00	JPYPerShares	15.00	CurrentYearDuration_SecondQuarterMember_NonConsolidatedMember_ForecastMember	/disc/80370/081220190731479315_tse-qcedjpsm-80370-20190731479315-ixbrl.htm
2019-08-08	四半期	当期	単体	予想	期末	1株当たり配当金	DividendPerShare	15.00	JPYPerShares	15.00	CurrentYearDuration_YearEndMember_NonConsolidatedMember_ForecastMember	/disc/80370/081220190731479315_tse-qcedjpsm-80370-20190731479315-ixbrl.htm
2019-08-08	四半期	当期	単体	予想	合計	1株当たり配当金	DividendPerShare	30.00	JPYPerShares	30.00	CurrentYearDuration_AnnualMember_NonConsolidatedMember_ForecastMember	/disc/80370/081220190731479315_tse-qcedjpsm-80370-20190731479315-ixbrl.htm
2019-08-08	四半期	当期	単体	実績	合計	当四半期における配当予想の修正	CorrectionOfDividendForecastInThisQuarter			無	CurrentYearDuration_AnnualMember_NonConsolidatedMember_ResultMember	/disc/80370/081220190731479315_tse-qcedjpsm-80370-20190731479315-ixbrl.htm
2019-08-08	四半期	当期	連結	予想		業績予想の見出し	TitleForForecasts			3. 令和 2年 3月期の連結業績予想（平成31年 4月 1日～令和 2年 3月31日）	CurrentYearDuration_ConsolidatedMember_ForecastMember	/disc/80370/081220190731479315_tse-qcedjpsm-80370-20190731479315-ixbrl.htm
2019-08-08	四半期	当期第2四半期累計	連結	予想		売上高	NetSales	208000000000	JPY	208,000	CurrentAccumulatedQ2Duration_ConsolidatedMember_ForecastMember	/disc/80370/081220190731479315_tse-qcedjpsm-80370-20190731479315-ixbrl.htm
2019-08-08	四半期	当期第2四半期累計	連結	予想		売上高の増減率	ChangeInNetSales	-0.041	Pure	4.1	CurrentAccumulatedQ2Duration_ConsolidatedMember_ForecastMember	/disc/80370/081220190731479315_tse-qcedjpsm-80370-20190731479315-ixbrl.htm
2019-08-08	四半期	当期第2四半期累計	連結	予想		営業利益	OperatingIncome	3200000000	JPY	3,200	CurrentAccumulatedQ2Duration_ConsolidatedMember_ForecastMember	/disc/80370/081220190731479315_tse-qcedjpsm-80370-20190731479315-ixbrl.htm
2019-08-08	四半期	当期第2四半期累計	連結	予想		営業利益の増減率	ChangeInOperatingIncome	0.077	Pure	7.7	CurrentAccumulatedQ2Duration_ConsolidatedMember_ForecastMember	/disc/80370/081220190731479315_tse-qcedjpsm-80370-20190731479315-ixbrl.htm
2019-08-08	四半期	当期第2四半期累計	連結	予想		経常利益	OrdinaryIncome	3700000000	JPY	3,700	CurrentAccumulatedQ2Duration_ConsolidatedMember_ForecastMember	/disc/80370/081220190731479315_tse-qcedjpsm-80370-20190731479315-ixbrl.htm
2019-08-08	四半期	当期第2四半期累計	連結	予想		経常利益の増減率	ChangeInOrdinaryIncome	-0.044	Pure	4.4	CurrentAccumulatedQ2Duration_ConsolidatedMember_ForecastMember	/disc/80370/081220190731479315_tse-qcedjpsm-80370-20190731479315-ixbrl.htm
2019-08-08	四半期	当期第2四半期累計	連結	予想		親会社株主に帰属する当期純利益	ProfitAttributableToOwnersOfParent	2200000000	JPY	2,200	CurrentAccumulatedQ2Duration_ConsolidatedMember_ForecastMember	/disc/80370/081220190731479315_tse-qcedjpsm-80370-20190731479315-ixbrl.htm
2019-08-08	四半期	当期第2四半期累計	連結	予想		親会社株主に帰属する当期純利益の増減率	ChangeInProfitAttributableToOwnersOfParent	-0.100	Pure	10.0	CurrentAccumulatedQ2Duration_ConsolidatedMember_ForecastMember	/disc/80370/081220190731479315_tse-qcedjpsm-80370-20190731479315-ixbrl.htm
2019-08-08	四半期	当期第2四半期累計	連結	予想		1株当たり当期純利益	NetIncomePerShare	65.47	JPYPerShares	65.47	CurrentAccumulatedQ2Duration_ConsolidatedMember_ForecastMember	/disc/80370/081220190731479315_tse-qcedjpsm-80370-20190731479315-ixbrl.htm
2019-08-08	四半期	当期	連結	予想		売上高	NetSales	458000000000	JPY	458,000	CurrentYearDuration_ConsolidatedMember_ForecastMember	/disc/80370/081220190731479315_tse-qcedjpsm-80370-20190731479315-ixbrl.htm
2019-08-08	四半期	当期	連結	予想		売上高の増減率	ChangeInNetSales	-0.032	Pure	3.2	CurrentYearDuration_ConsolidatedMember_ForecastMember	/disc/80370/081220190731479315_tse-qcedjpsm-80370-20190731479315-ixbrl.htm
2019-08-08	四半期	当期	連結	予想		営業利益	OperatingIncome	10200000000	JPY	10,200	CurrentYearDuration_ConsolidatedMember_ForecastMember	/disc/80370/081220190731479315_tse-qcedjpsm-80370-20190731479315-ixbrl.htm
2019-08-08	四半期	当期	連結	予想		営業利益の増減率	ChangeInOperatingIncome	0.026	Pure	2.6	CurrentYearDuration_ConsolidatedMember_ForecastMember	/disc/80370/081220190731479315_tse-qcedjpsm-80370-20190731479315-ixbrl.htm
2019-08-08	四半期	当期	連結	予想		経常利益	OrdinaryIncome	11200000000	JPY	11,200	CurrentYearDuration_ConsolidatedMember_ForecastMember	/disc/80370/081220190731479315_tse-qcedjpsm-80370-20190731479315-ixbrl.htm
2019-08-08	四半期	当期	連結	予想		経常利益の増減率	ChangeInOrdinaryIncome	0.011	Pure	1.1	CurrentYearDuration_ConsolidatedMember_ForecastMember	/disc/80370/081220190731479315_tse-qcedjpsm-80370-20190731479315-ixbrl.htm
2019-08-08	四半期	当期	連結	予想		親会社株主に帰属する当期純利益	ProfitAttributableToOwnersOfParent	6800000000	JPY	6,800	CurrentYearDuration_ConsolidatedMember_ForecastMember	/disc/80370/081220190731479315_tse-qcedjpsm-80370-20190731479315-ixbrl.htm
2019-08-08	四半期	当期	連結	予想		親会社株主に帰属する当期純利益の増減率	ChangeInProfitAttributableToOwnersOfParent	0.031	Pure	3.1	CurrentYearDuration_ConsolidatedMember_ForecastMember	/disc/80370/081220190731479315_tse-qcedjpsm-80370-20190731479315-ixbrl.htm
2019-08-08	四半期	当期	連結	予想		1株当たり当期純利益	NetIncomePerShare	202.38	JPYPerShares	202.38	CurrentYearDuration_ConsolidatedMember_ForecastMember	/disc/80370/081220190731479315_tse-qcedjpsm-80370-20190731479315-ixbrl.htm
2019-08-08	四半期	当期	連結	予想		当四半期における業績予想の修正	CorrectionOfConsolidatedFinancialForecastInThisQuarter			無	CurrentYearDuration_ConsolidatedMember_ForecastMember	/disc/80370/081220190731479315_tse-qcedjpsm-80370-20190731479315-ixbrl.htm
2019-08-08	四半期	当期第1四半期累計	連結	実績			MaterialChangesInSubsidiariesDuringThisPeriodChangesInScopeOfConsolidationsResultingFromChangeIsSubsidiaries			無	CurrentAccumulatedQ1Duration_ConsolidatedMember_ResultMember	/disc/80370/081220190731479315_tse-qcedjpsm-80370-20190731479315-ixbrl.htm
2019-08-08	四半期	当期第1四半期累計	連結	実績			ApplyingOfSpecificAccountingOfTheConsolidatedQuarterlyFinancialStatements			無	CurrentAccumulatedQ1Duration_ConsolidatedMember_ResultMember	/disc/80370/081220190731479315_tse-qcedjpsm-80370-20190731479315-ixbrl.htm
2019-08-08	四半期	当期第1四半期累計	連結	実績		会計基準等の改正に伴う変更	ChangesBasedOnRevisionsOfAccountingStandard			有	CurrentAccumulatedQ1Duration_ConsolidatedMember_ResultMember	/disc/80370/081220190731479315_tse-qcedjpsm-80370-20190731479315-ixbrl.htm
2019-08-08	四半期	当期第1四半期累計	連結	実績		それ以外の会計方針の変更	ChangesOtherThanOnesBasedOnRevisionsOfAccountingStandard			無	CurrentAccumulatedQ1Duration_ConsolidatedMember_ResultMember	/disc/80370/081220190731479315_tse-qcedjpsm-80370-20190731479315-ixbrl.htm
2019-08-08	四半期	当期第1四半期累計	連結	実績		会計上の見積りの変更	ChangesInAccountingEstimates			無	CurrentAccumulatedQ1Duration_ConsolidatedMember_ResultMember	/disc/80370/081220190731479315_tse-qcedjpsm-80370-20190731479315-ixbrl.htm
2019-08-08	四半期	当期第1四半期累計	連結	実績		修正再表示	RetrospectiveRestatement			無	CurrentAccumulatedQ1Duration_ConsolidatedMember_ResultMember	/disc/80370/081220190731479315_tse-qcedjpsm-80370-20190731479315-ixbrl.htm
2019-08-08	四半期	当期第1四半期累計	連結	実績			NoteToChangesInAccountingPoliciesAccountingEstimatesAndRetrospectiveRestatementQuarterlyConsolidated			（注）詳細は、添付資料９ページ「２．四半期連結財務諸表及び主な注記（３）四半期連結財務諸表に関する注記事項（会計方針の変更）」をご覧ください。	CurrentAccumulatedQ1Duration_ConsolidatedMember_ResultMember	/disc/80370/081220190731479315_tse-qcedjpsm-80370-20190731479315-ixbrl.htm
2019-08-08	四半期	当期第1四半期累計	単体	実績		期末発行済株式数(自己株式を含む)	NumberOfIssuedAndOutstandingSharesAtTheEndOfFiscalYearIncludingTreasuryStock	37591969	Shares	37,591,969	CurrentAccumulatedQ1Instant_NonConsolidatedMember_ResultMember	/disc/80370/081220190731479315_tse-qcedjpsm-80370-20190731479315-ixbrl.htm
2019-08-08	四半期	前期	単体	実績		期末発行済株式数(自己株式を含む)	NumberOfIssuedAndOutstandingSharesAtTheEndOfFiscalYearIncludingTreasuryStock	37591969	Shares	37,591,969	PriorYearInstant_NonConsolidatedMember_ResultMember	/disc/80370/081220190731479315_tse-qcedjpsm-80370-20190731479315-ixbrl.htm
2019-08-08	四半期	当期第1四半期累計	単体	実績		期末自己株式数	NumberOfTreasuryStockAtTheEndOfFiscalYear	3991133	Shares	3,991,133	CurrentAccumulatedQ1Instant_NonConsolidatedMember_ResultMember	/disc/80370/081220190731479315_tse-qcedjpsm-80370-20190731479315-ixbrl.htm
2019-08-08	四半期	前期	単体	実績		期末自己株式数	NumberOfTreasuryStockAtTheEndOfFiscalYear	3991063	Shares	3,991,063	PriorYearInstant_NonConsolidatedMember_ResultMember	/disc/80370/081220190731479315_tse-qcedjpsm-80370-20190731479315-ixbrl.htm
2019-08-08	四半期	当期第1四半期累計	単体	実績		期中平均株式数	AverageNumberOfShares	33600897	Shares	33,600,897	CurrentAccumulatedQ1Duration_NonConsolidatedMember_ResultMember	/disc/80370/081220190731479315_tse-qcedjpsm-80370-20190731479315-ixbrl.htm
2019-08-08	四半期	前期第1四半期累計	単体	実績		期中平均株式数	AverageNumberOfShares	33601026	Shares	33,601,026	PriorAccumulatedQ1Duration_NonConsolidatedMember_ResultMember	/disc/80370/081220190731479315_tse-qcedjpsm-80370-20190731479315-ixbrl.htm
2019-08-08	四半期	当期				将来情報の利用に関する注意	NotesForUsingForecastedInformationAndOthers			本資料に記載されている業績見通し等の将来に関する記述は、当社が現在入手している情報及び合理的であると判断する一定の前提に基づいており、その達成を当社として約束する趣旨のものではありません。また、実際の業績等は様々な要因により大きく異なる可能性があります。業績予想の前提となる条件及び業績予想のご利用に当たっての注意事項等については、添付資料４ページ「１．当四半期決算に関する定性的情報（３）連結業績予想などの将来予測情報に関する説明」をご覧ください。	CurrentYearDuration	/disc/80370/081220190731479315_tse-qcedjpsm-80370-20190731479315-ixbrl.htm
2019-08-08	四半期	当期				決算期末	FiscalYearEnd			2020-03-31	CurrentYearInstant	/disc/80370/081220190731479315_tse-qcedjpsm-80370-20190731479315-ixbrl.htm
2019-08-08	四半期	当期第1四半期累計				四半期	QuarterlyPeriod	1	Pure	1	CurrentAccumulatedQ1Instant	/disc/80370/081220190731479315_tse-qcedjpsm-80370-20190731479315-ixbrl.htm
2019-11-07	四半期	当期第2四半期累計				書類名	DocumentName			第2四半期決算短信〔日本基準〕（連結）	CurrentAccumulatedQ2Instant	/disc/80370/081220191030414971_tse-qcedjpsm-80370-20191030414971-ixbrl.htm
2019-11-07	四半期	当期第2四半期累計				提出日	FilingDate			令和元年11月7日	CurrentAccumulatedQ2Instant	/disc/80370/081220191030414971_tse-qcedjpsm-80370-20191030414971-ixbrl.htm
2019-11-07	四半期	当期第2四半期累計				会社名	CompanyName			カメイ株式会社	CurrentAccumulatedQ2Instant	/disc/80370/081220191030414971_tse-qcedjpsm-80370-20191030414971-ixbrl.htm
2019-11-07	四半期	当期第2四半期累計					TokyoStockExchange			東	CurrentAccumulatedQ2Instant	/disc/80370/081220191030414971_tse-qcedjpsm-80370-20191030414971-ixbrl.htm
2019-11-07	四半期	当期第2四半期累計				証券コード	SecuritiesCode			80370	CurrentAccumulatedQ2Instant	/disc/80370/081220191030414971_tse-qcedjpsm-80370-20191030414971-ixbrl.htm
2019-11-07	四半期	当期第2四半期累計				URL	URL			http://www.kamei.co.jp/	CurrentAccumulatedQ2Instant	/disc/80370/081220191030414971_tse-qcedjpsm-80370-20191030414971-ixbrl.htm
2019-11-07	四半期	当期第2四半期累計				代表者の役職	TitleRepresentative			代表取締役社長	CurrentAccumulatedQ2Instant	/disc/80370/081220191030414971_tse-qcedjpsm-80370-20191030414971-ixbrl.htm
2019-11-07	四半期	当期第2四半期累計				代表者名	NameRepresentative			亀井文行	CurrentAccumulatedQ2Instant	/disc/80370/081220191030414971_tse-qcedjpsm-80370-20191030414971-ixbrl.htm
2019-11-07	四半期	当期第2四半期累計					TitleInquiries			管理部長	CurrentAccumulatedQ2Instant	/disc/80370/081220191030414971_tse-qcedjpsm-80370-20191030414971-ixbrl.htm
2019-11-07	四半期	当期第2四半期累計					NameInquiries			小林哲也	CurrentAccumulatedQ2Instant	/disc/80370/081220191030414971_tse-qcedjpsm-80370-20191030414971-ixbrl.htm
2019-11-07	四半期	当期第2四半期累計					Tel			022-264-6112	CurrentAccumulatedQ2Instant	/disc/80370/081220191030414971_tse-qcedjpsm-80370-20191030414971-ixbrl.htm
2019-11-07	四半期	当期第2四半期累計					QuarterlyStatementFilingDateAsPlanned			令和元年11月7日	CurrentAccumulatedQ2Instant	/disc/80370/081220191030414971_tse-qcedjpsm-80370-20191030414971-ixbrl.htm
2019-11-07	四半期	当期第2四半期累計					DividendPayableDateAsPlanned			令和元年12月5日	CurrentAccumulatedQ2Instant	/disc/80370/081220191030414971_tse-qcedjpsm-80370-20191030414971-ixbrl.htm
2019-11-07	四半期	当期第2四半期累計					SupplementalMaterialOfQuarterlyResults			無	CurrentAccumulatedQ2Instant	/disc/80370/081220191030414971_tse-qcedjpsm-80370-20191030414971-ixbrl.htm
2019-11-07	四半期	当期第2四半期累計					ConveningBriefingOfQuarterlyResults			無	CurrentAccumulatedQ2Instant	/disc/80370/081220191030414971_tse-qcedjpsm-80370-20191030414971-ixbrl.htm
2019-11-07	四半期	当期第2四半期累計					NoteToFractionProcessingMethod			（百万円未満切捨て）	CurrentAccumulatedQ2Instant	/disc/80370/081220191030414971_tse-qcedjpsm-80370-20191030414971-ixbrl.htm
2019-11-07	四半期	当期第2四半期累計	連結	実績		売上高	NetSales	211907000000	JPY	211,907	CurrentAccumulatedQ2Duration_ConsolidatedMember_ResultMember	/disc/80370/081220191030414971_tse-qcedjpsm-80370-20191030414971-ixbrl.htm
2019-11-07	四半期	当期第2四半期累計	連結	実績		売上高の増減率	ChangeInNetSales	-0.023	Pure	2.3	CurrentAccumulatedQ2Duration_ConsolidatedMember_ResultMember	/disc/80370/081220191030414971_tse-qcedjpsm-80370-20191030414971-ixbrl.htm
2019-11-07	四半期	当期第2四半期累計	連結	実績		営業利益	OperatingIncome	3875000000	JPY	3,875	CurrentAccumulatedQ2Duration_ConsolidatedMember_ResultMember	/disc/80370/081220191030414971_tse-qcedjpsm-80370-20191030414971-ixbrl.htm
2019-11-07	四半期	当期第2四半期累計	連結	実績		営業利益の増減率	ChangeInOperatingIncome	0.304	Pure	30.4	CurrentAccumulatedQ2Duration_ConsolidatedMember_ResultMember	/disc/80370/081220191030414971_tse-qcedjpsm-80370-20191030414971-ixbrl.htm
2019-11-07	四半期	当期第2四半期累計	連結	実績		経常利益	OrdinaryIncome	4437000000	JPY	4,437	CurrentAccumulatedQ2Duration_ConsolidatedMember_ResultMember	/disc/80370/081220191030414971_tse-qcedjpsm-80370-20191030414971-ixbrl.htm
2019-11-07	四半期	当期第2四半期累計	連結	実績		経常利益の増減率	ChangeInOrdinaryIncome	0.147	Pure	14.7	CurrentAccumulatedQ2Duration_ConsolidatedMember_ResultMember	/disc/80370/081220191030414971_tse-qcedjpsm-80370-20191030414971-ixbrl.htm
2019-11-07	四半期	当期第2四半期累計	連結	実績		親会社株主に帰属する当期純利益	ProfitAttributableToOwnersOfParent	2495000000	JPY	2,495	CurrentAccumulatedQ2Duration_ConsolidatedMember_ResultMember	/disc/80370/081220191030414971_tse-qcedjpsm-80370-20191030414971-ixbrl.htm
2019-11-07	四半期	当期第2四半期累計	連結	実績		親会社株主に帰属する当期純利益の増減率	ChangeInProfitAttributableToOwnersOfParent	0.021	Pure	2.1	CurrentAccumulatedQ2Duration_ConsolidatedMember_ResultMember	/disc/80370/081220191030414971_tse-qcedjpsm-80370-20191030414971-ixbrl.htm
2019-11-07	四半期	前期第2四半期累計	連結	実績		売上高	NetSales	216840000000	JPY	216,840	PriorAccumulatedQ2Duration_ConsolidatedMember_ResultMember	/disc/80370/081220191030414971_tse-qcedjpsm-80370-20191030414971-ixbrl.htm
2019-11-07	四半期	前期第2四半期累計	連結	実績		売上高の増減率	ChangeInNetSales	0.097	Pure	9.7	PriorAccumulatedQ2Duration_ConsolidatedMember_ResultMember	/disc/80370/081220191030414971_tse-qcedjpsm-80370-20191030414971-ixbrl.htm
2019-11-07	四半期	前期第2四半期累計	連結	実績		営業利益	OperatingIncome	2972000000	JPY	2,972	PriorAccumulatedQ2Duration_ConsolidatedMember_ResultMember	/disc/80370/081220191030414971_tse-qcedjpsm-80370-20191030414971-ixbrl.htm
2019-11-07	四半期	前期第2四半期累計	連結	実績		営業利益の増減率	ChangeInOperatingIncome	-0.124	Pure	12.4	PriorAccumulatedQ2Duration_ConsolidatedMember_ResultMember	/disc/80370/081220191030414971_tse-qcedjpsm-80370-20191030414971-ixbrl.htm
2019-11-07	四半期	前期第2四半期累計	連結	実績		経常利益	OrdinaryIncome	3868000000	JPY	3,868	PriorAccumulatedQ2Duration_ConsolidatedMember_ResultMember	/disc/80370/081220191030414971_tse-qcedjpsm-80370-20191030414971-ixbrl.htm
2019-11-07	四半期	前期第2四半期累計	連結	実績		経常利益の増減率	ChangeInOrdinaryIncome	-0.024	Pure	2.4	PriorAccumulatedQ2Duration_ConsolidatedMember_ResultMember	/disc/80370/081220191030414971_tse-qcedjpsm-80370-20191030414971-ixbrl.htm
2019-11-07	四半期	前期第2四半期累計	連結	実績		親会社株主に帰属する当期純利益	ProfitAttributableToOwnersOfParent	2444000000	JPY	2,444	PriorAccumulatedQ2Duration_ConsolidatedMember_ResultMember	/disc/80370/081220191030414971_tse-qcedjpsm-80370-20191030414971-ixbrl.htm
2019-11-07	四半期	前期第2四半期累計	連結	実績		親会社株主に帰属する当期純利益の増減率	ChangeInProfitAttributableToOwnersOfParent	-0.172	Pure	17.2	PriorAccumulatedQ2Duration_ConsolidatedMember_ResultMember	/disc/80370/081220191030414971_tse-qcedjpsm-80370-20191030414971-ixbrl.htm
2019-11-07	四半期	当期第2四半期累計	連結	実績		包括利益	ComprehensiveIncome	2184000000	JPY	2,184	CurrentAccumulatedQ2Duration_ConsolidatedMember_ResultMember	/disc/80370/081220191030414971_tse-qcedjpsm-80370-20191030414971-ixbrl.htm
2019-11-07	四半期	当期第2四半期累計	連結	実績		包括利益の増減率	ChangeInComprehensiveIncome	-0.101	Pure	10.1	CurrentAccumulatedQ2Duration_ConsolidatedMember_ResultMember	/disc/80370/081220191030414971_tse-qcedjpsm-80370-20191030414971-ixbrl.htm
2019-11-07	四半期	前期第2四半期累計	連結	実績		包括利益	ComprehensiveIncome	2431000000	JPY	2,431	PriorAccumulatedQ2Duration_ConsolidatedMember_ResultMember	/disc/80370/081220191030414971_tse-qcedjpsm-80370-20191030414971-ixbrl.htm
2019-11-07	四半期	前期第2四半期累計	連結	実績		包括利益の増減率	ChangeInComprehensiveIncome	-0.264	Pure	26.4	PriorAccumulatedQ2Duration_ConsolidatedMember_ResultMember	/disc/80370/081220191030414971_tse-qcedjpsm-80370-20191030414971-ixbrl.htm
2019-11-07	四半期	当期第2四半期累計	連結	実績		1株当たり当期純利益	NetIncomePerShare	74.27	JPYPerShares	74.27	CurrentAccumulatedQ2Duration_ConsolidatedMember_ResultMember	/disc/80370/081220191030414971_tse-qcedjpsm-80370-20191030414971-ixbrl.htm
2019-11-07	四半期	前期第2四半期累計	連結	実績		1株当たり当期純利益	NetIncomePerShare	72.74	JPYPerShares	72.74	PriorAccumulatedQ2Duration_ConsolidatedMember_ResultMember	/disc/80370/081220191030414971_tse-qcedjpsm-80370-20191030414971-ixbrl.htm
2019-11-07	四半期	当期第2四半期累計	連結	実績		総資産	TotalAssets	246023000000	JPY	246,023	CurrentAccumulatedQ2Instant_ConsolidatedMember_ResultMember	/disc/80370/081220191030414971_tse-qcedjpsm-80370-20191030414971-ixbrl.htm
2019-11-07	四半期	当期第2四半期累計	連結	実績		純資産	NetAssets	109131000000	JPY	109,131	CurrentAccumulatedQ2Instant_ConsolidatedMember_ResultMember	/disc/80370/081220191030414971_tse-qcedjpsm-80370-20191030414971-ixbrl.htm
2019-11-07	四半期	当期第2四半期累計	連結	実績		自己資本比率	CapitalAdequacyRatio	0.420	Pure	42.0	CurrentAccumulatedQ2Instant_ConsolidatedMember_ResultMember	/disc/80370/081220191030414971_tse-qcedjpsm-80370-20191030414971-ixbrl.htm
2019-11-07	四半期	当期第2四半期累計	連結	実績		1株当たり純資産	NetAssetsPerShare	3075.96	JPYPerShares	3,075.96	CurrentAccumulatedQ2Instant_ConsolidatedMember_ResultMember	/disc/80370/081220191030414971_tse-qcedjpsm-80370-20191030414971-ixbrl.htm
2019-11-07	四半期	前期	連結	実績		総資産	TotalAssets	238243000000	JPY	238,243	PriorYearInstant_ConsolidatedMember_ResultMember	/disc/80370/081220191030414971_tse-qcedjpsm-80370-20191030414971-ixbrl.htm
2019-11-07	四半期	前期	連結	実績		純資産	NetAssets	107514000000	JPY	107,514	PriorYearInstant_ConsolidatedMember_ResultMember	/disc/80370/081220191030414971_tse-qcedjpsm-80370-20191030414971-ixbrl.htm
2019-11-07	四半期	前期	連結	実績		自己資本比率	CapitalAdequacyRatio	0.428	Pure	42.8	PriorYearInstant_ConsolidatedMember_ResultMember	/disc/80370/081220191030414971_tse-qcedjpsm-80370-20191030414971-ixbrl.htm
2019-11-07	四半期	前期	連結	実績		1株当たり純資産	NetAssetsPerShare	3032.19	JPYPerShares	3,032.19	PriorYearInstant_ConsolidatedMember_ResultMember	/disc/80370/081220191030414971_tse-qcedjpsm-80370-20191030414971-ixbrl.htm
2019-11-07	四半期	当期第2四半期累計	連結	実績		自己資本	OwnersEquity	103354000000	JPY	103,354	CurrentAccumulatedQ2Instant_ConsolidatedMember_ResultMember	/disc/80370/081220191030414971_tse-qcedjpsm-80370-20191030414971-ixbrl.htm
2019-11-07	四半期	前期	連結	実績		自己資本	OwnersEquity	101884000000	JPY	101,884	PriorYearInstant_ConsolidatedMember_ResultMember	/disc/80370/081220191030414971_tse-qcedjpsm-80370-20191030414971-ixbrl.htm
2019-11-07	四半期	前期	単体	実績	第2四半期末	1株当たり配当金	DividendPerShare	12.50	JPYPerShares	12.50	PriorYearDuration_SecondQuarterMember_NonConsolidatedMember_ResultMember	/disc/80370/081220191030414971_tse-qcedjpsm-80370-20191030414971-ixbrl.htm
2019-11-07	四半期	前期	単体	実績	期末	1株当たり配当金	DividendPerShare	15.00	JPYPerShares	15.00	PriorYearDuration_YearEndMember_NonConsolidatedMember_ResultMember	/disc/80370/081220191030414971_tse-qcedjpsm-80370-20191030414971-ixbrl.htm
2019-11-07	四半期	前期	単体	実績	合計	1株当たり配当金	DividendPerShare	27.50	JPYPerShares	27.50	PriorYearDuration_AnnualMember_NonConsolidatedMember_ResultMember	/disc/80370/081220191030414971_tse-qcedjpsm-80370-20191030414971-ixbrl.htm
2019-11-07	四半期	当期	単体	実績	第2四半期末	1株当たり配当金	DividendPerShare	15.00	JPYPerShares	15.00	CurrentYearDuration_SecondQuarterMember_NonConsolidatedMember_ResultMember	/disc/80370/081220191030414971_tse-qcedjpsm-80370-20191030414971-ixbrl.htm
2019-11-07	四半期	当期	単体	予想	期末	1株当たり配当金	DividendPerShare	15.00	JPYPerShares	15.00	CurrentYearDuration_YearEndMember_NonConsolidatedMember_ForecastMember	/disc/80370/081220191030414971_tse-qcedjpsm-80370-20191030414971-ixbrl.htm
2019-11-07	四半期	当期	単体	予想	合計	1株当たり配当金	DividendPerShare	30.00	JPYPerShares	30.00	CurrentYearDuration_AnnualMember_NonConsolidatedMember_ForecastMember	/disc/80370/081220191030414971_tse-qcedjpsm-80370-20191030414971-ixbrl.htm
2019-11-07	四半期	当期	単体	実績	合計	当四半期における配当予想の修正	CorrectionOfDividendForecastInThisQuarter			無	CurrentYearDuration_AnnualMember_NonConsolidatedMember_ResultMember	/disc/80370/081220191030414971_tse-qcedjpsm-80370-20191030414971-ixbrl.htm
2019-11-07	四半期	当期	連結	予想		業績予想の見出し	TitleForForecasts			3. 令和 2年 3月期の連結業績予想（平成31年 4月 1日～令和 2年 3月31日）	CurrentYearDuration_ConsolidatedMember_ForecastMember	/disc/80370/081220191030414971_tse-qcedjpsm-80370-20191030414971-ixbrl.htm
2019-11-07	四半期	当期	連結	予想		売上高	NetSales	458000000000	JPY	458,000	CurrentYearDuration_ConsolidatedMember_ForecastMember	/disc/80370/081220191030414971_tse-qcedjpsm-80370-20191030414971-ixbrl.htm
2019-11-07	四半期	当期	連結	予想		売上高の増減率	ChangeInNetSales	-0.032	Pure	3.2	CurrentYearDuration_ConsolidatedMember_ForecastMember	/disc/80370/081220191030414971_tse-qcedjpsm-80370-20191030414971-ixbrl.htm
2019-11-07	四半期	当期	連結	予想		営業利益	OperatingIncome	10200000000	JPY	10,200	CurrentYearDuration_ConsolidatedMember_ForecastMember	/disc/80370/081220191030414971_tse-qcedjpsm-80370-20191030414971-ixbrl.htm
2019-11-07	四半期	当期	連結	予想		営業利益の増減率	ChangeInOperatingIncome	0.026	Pure	2.6	CurrentYearDuration_ConsolidatedMember_ForecastMember	/disc/80370/081220191030414971_tse-qcedjpsm-80370-20191030414971-ixbrl.htm
2019-11-07	四半期	当期	連結	予想		経常利益	OrdinaryIncome	11200000000	JPY	11,200	CurrentYearDuration_ConsolidatedMember_ForecastMember	/disc/80370/081220191030414971_tse-qcedjpsm-80370-20191030414971-ixbrl.htm
2019-11-07	四半期	当期	連結	予想		経常利益の増減率	ChangeInOrdinaryIncome	0.011	Pure	1.1	CurrentYearDuration_ConsolidatedMember_ForecastMember	/disc/80370/081220191030414971_tse-qcedjpsm-80370-20191030414971-ixbrl.htm
2019-11-07	四半期	当期	連結	予想		親会社株主に帰属する当期純利益	ProfitAttributableToOwnersOfParent	6800000000	JPY	6,800	CurrentYearDuration_ConsolidatedMember_ForecastMember	/disc/80370/081220191030414971_tse-qcedjpsm-80370-20191030414971-ixbrl.htm
2019-11-07	四半期	当期	連結	予想		親会社株主に帰属する当期純利益の増減率	ChangeInProfitAttributableToOwnersOfParent	0.031	Pure	3.1	CurrentYearDuration_ConsolidatedMember_ForecastMember	/disc/80370/081220191030414971_tse-qcedjpsm-80370-20191030414971-ixbrl.htm
2019-11-07	四半期	当期	連結	予想		1株当たり当期純利益	NetIncomePerShare	202.38	JPYPerShares	202.38	CurrentYearDuration_ConsolidatedMember_ForecastMember	/disc/80370/081220191030414971_tse-qcedjpsm-80370-20191030414971-ixbrl.htm
2019-11-07	四半期	当期	連結	予想		当四半期における業績予想の修正	CorrectionOfConsolidatedFinancialForecastInThisQuarter			無	CurrentYearDuration_ConsolidatedMember_ForecastMember	/disc/80370/081220191030414971_tse-qcedjpsm-80370-20191030414971-ixbrl.htm
2019-11-07	四半期	当期第2四半期累計	連結	実績			MaterialChangesInSubsidiariesDuringThisPeriodChangesInScopeOfConsolidationsResultingFromChangeIsSubsidiaries			無	CurrentAccumulatedQ2Duration_ConsolidatedMember_ResultMember	/disc/80370/081220191030414971_tse-qcedjpsm-80370-20191030414971-ixbrl.htm
2019-11-07	四半期	当期第2四半期累計	連結	実績			ApplyingOfSpecificAccountingOfTheConsolidatedQuarterlyFinancialStatements			無	CurrentAccumulatedQ2Duration_ConsolidatedMember_ResultMember	/disc/80370/081220191030414971_tse-qcedjpsm-80370-20191030414971-ixbrl.htm
2019-11-07	四半期	当期第2四半期累計	連結	実績		会計基準等の改正に伴う変更	ChangesBasedOnRevisionsOfAccountingStandard			有	CurrentAccumulatedQ2Duration_ConsolidatedMember_ResultMember	/disc/80370/081220191030414971_tse-qcedjpsm-80370-20191030414971-ixbrl.htm
2019-11-07	四半期	当期第2四半期累計	連結	実績		それ以外の会計方針の変更	ChangesOtherThanOnesBasedOnRevisionsOfAccountingStandard			無	CurrentAccumulatedQ2Duration_ConsolidatedMember_ResultMember	/disc/80370/081220191030414971_tse-qcedjpsm-80370-20191030414971-ixbrl.htm
2019-11-07	四半期	当期第2四半期累計	連結	実績		会計上の見積りの変更	ChangesInAccountingEstimates			無	CurrentAccumulatedQ2Duration_ConsolidatedMember_ResultMember	/disc/80370/081220191030414971_tse-qcedjpsm-80370-20191030414971-ixbrl.htm
2019-11-07	四半期	当期第2四半期累計	連結	実績		修正再表示	RetrospectiveRestatement			無	CurrentAccumulatedQ2Duration_ConsolidatedMember_ResultMember	/disc/80370/081220191030414971_tse-qcedjpsm-80370-20191030414971-ixbrl.htm
2019-11-07	四半期	当期第2四半期累計	連結	実績			NoteToChangesInAccountingPoliciesAccountingEstimatesAndRetrospectiveRestatementQuarterlyConsolidated			（注）詳細は、添付資料11ページ「２．四半期連結財務諸表及び主な注記（４）四半期連結財務諸表に関する注記事項（会計方針の変更）」をご覧ください。	CurrentAccumulatedQ2Duration_ConsolidatedMember_ResultMember	/disc/80370/081220191030414971_tse-qcedjpsm-80370-20191030414971-ixbrl.htm
2019-11-07	四半期	当期第2四半期累計	単体	実績		期末発行済株式数(自己株式を含む)	NumberOfIssuedAndOutstandingSharesAtTheEndOfFiscalYearIncludingTreasuryStock	37591969	Shares	37,591,969	CurrentAccumulatedQ2Instant_NonConsolidatedMember_ResultMember	/disc/80370/081220191030414971_tse-qcedjpsm-80370-20191030414971-ixbrl.htm
2019-11-07	四半期	前期	単体	実績		期末発行済株式数(自己株式を含む)	NumberOfIssuedAndOutstandingSharesAtTheEndOfFiscalYearIncludingTreasuryStock	37591969	Shares	37,591,969	PriorYearInstant_NonConsolidatedMember_ResultMember	/disc/80370/081220191030414971_tse-qcedjpsm-80370-20191030414971-ixbrl.htm
2019-11-07	四半期	当期第2四半期累計	単体	実績		期末自己株式数	NumberOfTreasuryStockAtTheEndOfFiscalYear	3991153	Shares	3,991,153	CurrentAccumulatedQ2Instant_NonConsolidatedMember_ResultMember	/disc/80370/081220191030414971_tse-qcedjpsm-80370-20191030414971-ixbrl.htm
2019-11-07	四半期	前期	単体	実績		期末自己株式数	NumberOfTreasuryStockAtTheEndOfFiscalYear	3991063	Shares	3,991,063	PriorYearInstant_NonConsolidatedMember_ResultMember	/disc/80370/081220191030414971_tse-qcedjpsm-80370-20191030414971-ixbrl.htm
2019-11-07	四半期	当期第2四半期累計	単体	実績		期中平均株式数	AverageNumberOfShares	33600859	Shares	33,600,859	CurrentAccumulatedQ2Duration_NonConsolidatedMember_ResultMember	/disc/80370/081220191030414971_tse-qcedjpsm-80370-20191030414971-ixbrl.htm
2019-11-07	四半期	前期第2四半期累計	単体	実績		期中平均株式数	AverageNumberOfShares	33600979	Shares	33,600,979	PriorAccumulatedQ2Duration_NonConsolidatedMember_ResultMember	/disc/80370/081220191030414971_tse-qcedjpsm-80370-20191030414971-ixbrl.htm
2019-11-07	四半期	当期				将来情報の利用に関する注意	NotesForUsingForecastedInformationAndOthers			本資料に記載されている業績見通し等の将来に関する記述は、当社が現在入手している情報及び合理的であると判断する一定の前提に基づいており、その達成を当社として約束する趣旨のものではありません。また、実際の業績等は様々な要因により大きく異なる可能性があります。業績予想の前提となる条件及び業績予想のご利用に当たっての注意事項等については、添付資料４ページ「１．当四半期決算に関する定性的情報（３）連結業績予想などの将来予測情報に関する説明」をご覧ください。	CurrentYearDuration	/disc/80370/081220191030414971_tse-qcedjpsm-80370-20191030414971-ixbrl.htm
2019-11-07	四半期	当期				決算期末	FiscalYearEnd			2020-03-31	CurrentYearInstant	/disc/80370/081220191030414971_tse-qcedjpsm-80370-20191030414971-ixbrl.htm
2019-11-07	四半期	当期第2四半期累計				四半期	QuarterlyPeriod	2	Pure	2	CurrentAccumulatedQ2Instant	/disc/80370/081220191030414971_tse-qcedjpsm-80370-20191030414971-ixbrl.htm
2020-02-06	四半期	当期第3四半期累計				書類名	DocumentName			第3四半期決算短信〔日本基準〕（連結）	CurrentAccumulatedQ3Instant	/disc/80370/081220200129452901_tse-qcedjpsm-80370-20200129452901-ixbrl.htm
2020-02-06	四半期	当期第3四半期累計				提出日	FilingDate			令和2年2月6日	CurrentAccumulatedQ3Instant	/disc/80370/081220200129452901_tse-qcedjpsm-80370-20200129452901-ixbrl.htm
2020-02-06	四半期	当期第3四半期累計				会社名	CompanyName			カメイ株式会社	CurrentAccumulatedQ3Instant	/disc/80370/081220200129452901_tse-qcedjpsm-80370-20200129452901-ixbrl.htm
2020-02-06	四半期	当期第3四半期累計					TokyoStockExchange			東	CurrentAccumulatedQ3Instant	/disc/80370/081220200129452901_tse-qcedjpsm-80370-20200129452901-ixbrl.htm
2020-02-06	四半期	当期第3四半期累計				証券コード	SecuritiesCode			80370	CurrentAccumulatedQ3Instant	/disc/80370/081220200129452901_tse-qcedjpsm-80370-20200129452901-ixbrl.htm
2020-02-06	四半期	当期第3四半期累計				URL	URL			http://www.kamei.co.jp/	CurrentAccumulatedQ3Instant	/disc/80370/081220200129452901_tse-qcedjpsm-80370-20200129452901-ixbrl.htm
2020-02-06	四半期	当期第3四半期累計				代表者の役職	TitleRepresentative			代表取締役社長	CurrentAccumulatedQ3Instant	/disc/80370/081220200129452901_tse-qcedjpsm-80370-20200129452901-ixbrl.htm
2020-02-06	四半期	当期第3四半期累計				代表者名	NameRepresentative			亀井文行	CurrentAccumulatedQ3Instant	/disc/80370/081220200129452901_tse-qcedjpsm-80370-20200129452901-ixbrl.htm
2020-02-06	四半期	当期第3四半期累計					TitleInquiries			管理部長	CurrentAccumulatedQ3Instant	/disc/80370/081220200129452901_tse-qcedjpsm-80370-20200129452901-ixbrl.htm
2020-02-06	四半期	当期第3四半期累計					NameInquiries			小林哲也	CurrentAccumulatedQ3Instant	/disc/80370/081220200129452901_tse-qcedjpsm-80370-20200129452901-ixbrl.htm
2020-02-06	四半期	当期第3四半期累計					Tel			022-264-6112	CurrentAccumulatedQ3Instant	/disc/80370/081220200129452901_tse-qcedjpsm-80370-20200129452901-ixbrl.htm
2020-02-06	四半期	当期第3四半期累計					QuarterlyStatementFilingDateAsPlanned			令和2年2月6日	CurrentAccumulatedQ3Instant	/disc/80370/081220200129452901_tse-qcedjpsm-80370-20200129452901-ixbrl.htm
2020-02-06	四半期	当期第3四半期累計					SupplementalMaterialOfQuarterlyResults			無	CurrentAccumulatedQ3Instant	/disc/80370/081220200129452901_tse-qcedjpsm-80370-20200129452901-ixbrl.htm
2020-02-06	四半期	当期第3四半期累計					ConveningBriefingOfQuarterlyResults			無	CurrentAccumulatedQ3Instant	/disc/80370/081220200129452901_tse-qcedjpsm-80370-20200129452901-ixbrl.htm
2020-02-06	四半期	当期第3四半期累計					NoteToFractionProcessingMethod			（百万円未満切捨て）	CurrentAccumulatedQ3Instant	/disc/80370/081220200129452901_tse-qcedjpsm-80370-20200129452901-ixbrl.htm
2020-02-06	四半期	当期第3四半期累計	連結	実績		売上高	NetSales	332585000000	JPY	332,585	CurrentAccumulatedQ3Duration_ConsolidatedMember_ResultMember	/disc/80370/081220200129452901_tse-qcedjpsm-80370-20200129452901-ixbrl.htm
2020-02-06	四半期	当期第3四半期累計	連結	実績		売上高の増減率	ChangeInNetSales	-0.037	Pure	3.7	CurrentAccumulatedQ3Duration_ConsolidatedMember_ResultMember	/disc/80370/081220200129452901_tse-qcedjpsm-80370-20200129452901-ixbrl.htm
2020-02-06	四半期	当期第3四半期累計	連結	実績		営業利益	OperatingIncome	6258000000	JPY	6,258	CurrentAccumulatedQ3Duration_ConsolidatedMember_ResultMember	/disc/80370/081220200129452901_tse-qcedjpsm-80370-20200129452901-ixbrl.htm
2020-02-06	四半期	当期第3四半期累計	連結	実績		営業利益の増減率	ChangeInOperatingIncome	0.096	Pure	9.6	CurrentAccumulatedQ3Duration_ConsolidatedMember_ResultMember	/disc/80370/081220200129452901_tse-qcedjpsm-80370-20200129452901-ixbrl.htm
2020-02-06	四半期	当期第3四半期累計	連結	実績		経常利益	OrdinaryIncome	7559000000	JPY	7,559	CurrentAccumulatedQ3Duration_ConsolidatedMember_ResultMember	/disc/80370/081220200129452901_tse-qcedjpsm-80370-20200129452901-ixbrl.htm
2020-02-06	四半期	当期第3四半期累計	連結	実績		経常利益の増減率	ChangeInOrdinaryIncome	0.188	Pure	18.8	CurrentAccumulatedQ3Duration_ConsolidatedMember_ResultMember	/disc/80370/081220200129452901_tse-qcedjpsm-80370-20200129452901-ixbrl.htm
2020-02-06	四半期	当期第3四半期累計	連結	実績		親会社株主に帰属する当期純利益	ProfitAttributableToOwnersOfParent	4441000000	JPY	4,441	CurrentAccumulatedQ3Duration_ConsolidatedMember_ResultMember	/disc/80370/081220200129452901_tse-qcedjpsm-80370-20200129452901-ixbrl.htm
2020-02-06	四半期	当期第3四半期累計	連結	実績		親会社株主に帰属する当期純利益の増減率	ChangeInProfitAttributableToOwnersOfParent	0.129	Pure	12.9	CurrentAccumulatedQ3Duration_ConsolidatedMember_ResultMember	/disc/80370/081220200129452901_tse-qcedjpsm-80370-20200129452901-ixbrl.htm
2020-02-06	四半期	前期第3四半期累計	連結	実績		売上高	NetSales	345477000000	JPY	345,477	PriorAccumulatedQ3Duration_ConsolidatedMember_ResultMember	/disc/80370/081220200129452901_tse-qcedjpsm-80370-20200129452901-ixbrl.htm
2020-02-06	四半期	前期第3四半期累計	連結	実績		売上高の増減率	ChangeInNetSales	0.090	Pure	9.0	PriorAccumulatedQ3Duration_ConsolidatedMember_ResultMember	/disc/80370/081220200129452901_tse-qcedjpsm-80370-20200129452901-ixbrl.htm
2020-02-06	四半期	前期第3四半期累計	連結	実績		営業利益	OperatingIncome	5708000000	JPY	5,708	PriorAccumulatedQ3Duration_ConsolidatedMember_ResultMember	/disc/80370/081220200129452901_tse-qcedjpsm-80370-20200129452901-ixbrl.htm
2020-02-06	四半期	前期第3四半期累計	連結	実績		営業利益の増減率	ChangeInOperatingIncome	0.085	Pure	8.5	PriorAccumulatedQ3Duration_ConsolidatedMember_ResultMember	/disc/80370/081220200129452901_tse-qcedjpsm-80370-20200129452901-ixbrl.htm
2020-02-06	四半期	前期第3四半期累計	連結	実績		経常利益	OrdinaryIncome	6361000000	JPY	6,361	PriorAccumulatedQ3Duration_ConsolidatedMember_ResultMember	/disc/80370/081220200129452901_tse-qcedjpsm-80370-20200129452901-ixbrl.htm
2020-02-06	四半期	前期第3四半期累計	連結	実績		経常利益の増減率	ChangeInOrdinaryIncome	0.026	Pure	2.6	PriorAccumulatedQ3Duration_ConsolidatedMember_ResultMember	/disc/80370/081220200129452901_tse-qcedjpsm-80370-20200129452901-ixbrl.htm
2020-02-06	四半期	前期第3四半期累計	連結	実績		親会社株主に帰属する当期純利益	ProfitAttributableToOwnersOfParent	3933000000	JPY	3,933	PriorAccumulatedQ3Duration_ConsolidatedMember_ResultMember	/disc/80370/081220200129452901_tse-qcedjpsm-80370-20200129452901-ixbrl.htm
2020-02-06	四半期	前期第3四半期累計	連結	実績		親会社株主に帰属する当期純利益の増減率	ChangeInProfitAttributableToOwnersOfParent	-0.067	Pure	6.7	PriorAccumulatedQ3Duration_ConsolidatedMember_ResultMember	/disc/80370/081220200129452901_tse-qcedjpsm-80370-20200129452901-ixbrl.htm
2020-02-06	四半期	当期第3四半期累計	連結	実績		包括利益	ComprehensiveIncome	4443000000	JPY	4,443	CurrentAccumulatedQ3Duration_ConsolidatedMember_ResultMember	/disc/80370/081220200129452901_tse-qcedjpsm-80370-20200129452901-ixbrl.htm
2020-02-06	四半期	当期第3四半期累計	連結	実績		包括利益の増減率	ChangeInComprehensiveIncome	0.520	Pure	52.0	CurrentAccumulatedQ3Duration_ConsolidatedMember_ResultMember	/disc/80370/081220200129452901_tse-qcedjpsm-80370-20200129452901-ixbrl.htm
2020-02-06	四半期	前期第3四半期累計	連結	実績		包括利益	ComprehensiveIncome	2923000000	JPY	2,923	PriorAccumulatedQ3Duration_ConsolidatedMember_ResultMember	/disc/80370/081220200129452901_tse-qcedjpsm-80370-20200129452901-ixbrl.htm
2020-02-06	四半期	前期第3四半期累計	連結	実績		包括利益の増減率	ChangeInComprehensiveIncome	-0.442	Pure	44.2	PriorAccumulatedQ3Duration_ConsolidatedMember_ResultMember	/disc/80370/081220200129452901_tse-qcedjpsm-80370-20200129452901-ixbrl.htm
2020-02-06	四半期	当期第3四半期累計	連結	実績		1株当たり当期純利益	NetIncomePerShare	132.18	JPYPerShares	132.18	CurrentAccumulatedQ3Duration_ConsolidatedMember_ResultMember	/disc/80370/081220200129452901_tse-qcedjpsm-80370-20200129452901-ixbrl.htm
2020-02-06	四半期	前期第3四半期累計	連結	実績		1株当たり当期純利益	NetIncomePerShare	117.07	JPYPerShares	117.07	PriorAccumulatedQ3Duration_ConsolidatedMember_ResultMember	/disc/80370/081220200129452901_tse-qcedjpsm-80370-20200129452901-ixbrl.htm
2020-02-06	四半期	当期第3四半期累計	連結	実績		総資産	TotalAssets	256357000000	JPY	256,357	CurrentAccumulatedQ3Instant_ConsolidatedMember_ResultMember	/disc/80370/081220200129452901_tse-qcedjpsm-80370-20200129452901-ixbrl.htm
2020-02-06	四半期	当期第3四半期累計	連結	実績		純資産	NetAssets	110885000000	JPY	110,885	CurrentAccumulatedQ3Instant_ConsolidatedMember_ResultMember	/disc/80370/081220200129452901_tse-qcedjpsm-80370-20200129452901-ixbrl.htm
2020-02-06	四半期	当期第3四半期累計	連結	実績		自己資本比率	CapitalAdequacyRatio	0.410	Pure	41.0	CurrentAccumulatedQ3Instant_ConsolidatedMember_ResultMember	/disc/80370/081220200129452901_tse-qcedjpsm-80370-20200129452901-ixbrl.htm
2020-02-06	四半期	当期第3四半期累計	連結	実績		1株当たり純資産	NetAssetsPerShare	3126.00	JPYPerShares	3,126.00	CurrentAccumulatedQ3Instant_ConsolidatedMember_ResultMember	/disc/80370/081220200129452901_tse-qcedjpsm-80370-20200129452901-ixbrl.htm
2020-02-06	四半期	前期	連結	実績		総資産	TotalAssets	238243000000	JPY	238,243	PriorYearInstant_ConsolidatedMember_ResultMember	/disc/80370/081220200129452901_tse-qcedjpsm-80370-20200129452901-ixbrl.htm
2020-02-06	四半期	前期	連結	実績		純資産	NetAssets	107514000000	JPY	107,514	PriorYearInstant_ConsolidatedMember_ResultMember	/disc/80370/081220200129452901_tse-qcedjpsm-80370-20200129452901-ixbrl.htm
2020-02-06	四半期	前期	連結	実績		自己資本比率	CapitalAdequacyRatio	0.428	Pure	42.8	PriorYearInstant_ConsolidatedMember_ResultMember	/disc/80370/081220200129452901_tse-qcedjpsm-80370-20200129452901-ixbrl.htm
2020-02-06	四半期	前期	連結	実績		1株当たり純資産	NetAssetsPerShare	3032.19	JPYPerShares	3,032.19	PriorYearInstant_ConsolidatedMember_ResultMember	/disc/80370/081220200129452901_tse-qcedjpsm-80370-20200129452901-ixbrl.htm
2020-02-06	四半期	当期第3四半期累計	連結	実績		自己資本	OwnersEquity	105035000000	JPY	105,035	CurrentAccumulatedQ3Instant_ConsolidatedMember_ResultMember	/disc/80370/081220200129452901_tse-qcedjpsm-80370-20200129452901-ixbrl.htm
2020-02-06	四半期	前期	連結	実績		自己資本	OwnersEquity	101884000000	JPY	101,884	PriorYearInstant_ConsolidatedMember_ResultMember	/disc/80370/081220200129452901_tse-qcedjpsm-80370-20200129452901-ixbrl.htm
2020-02-06	四半期	前期	単体	実績	第2四半期末	1株当たり配当金	DividendPerShare	12.50	JPYPerShares	12.50	PriorYearDuration_SecondQuarterMember_NonConsolidatedMember_ResultMember	/disc/80370/081220200129452901_tse-qcedjpsm-80370-20200129452901-ixbrl.htm
2020-02-06	四半期	前期	単体	実績	期末	1株当たり配当金	DividendPerShare	15.00	JPYPerShares	15.00	PriorYearDuration_YearEndMember_NonConsolidatedMember_ResultMember	/disc/80370/081220200129452901_tse-qcedjpsm-80370-20200129452901-ixbrl.htm
2020-02-06	四半期	前期	単体	実績	合計	1株当たり配当金	DividendPerShare	27.50	JPYPerShares	27.50	PriorYearDuration_AnnualMember_NonConsolidatedMember_ResultMember	/disc/80370/081220200129452901_tse-qcedjpsm-80370-20200129452901-ixbrl.htm
2020-02-06	四半期	当期	単体	実績	第2四半期末	1株当たり配当金	DividendPerShare	15.00	JPYPerShares	15.00	CurrentYearDuration_SecondQuarterMember_NonConsolidatedMember_ResultMember	/disc/80370/081220200129452901_tse-qcedjpsm-80370-20200129452901-ixbrl.htm
2020-02-06	四半期	当期	単体	予想	期末	1株当たり配当金	DividendPerShare	15.00	JPYPerShares	15.00	CurrentYearDuration_YearEndMember_NonConsolidatedMember_ForecastMember	/disc/80370/081220200129452901_tse-qcedjpsm-80370-20200129452901-ixbrl.htm
2020-02-06	四半期	当期	単体	予想	合計	1株当たり配当金	DividendPerShare	30.00	JPYPerShares	30.00	CurrentYearDuration_AnnualMember_NonConsolidatedMember_ForecastMember	/disc/80370/081220200129452901_tse-qcedjpsm-80370-20200129452901-ixbrl.htm
2020-02-06	四半期	当期	単体	実績	合計	当四半期における配当予想の修正	CorrectionOfDividendForecastInThisQuarter			無	CurrentYearDuration_AnnualMember_NonConsolidatedMember_ResultMember	/disc/80370/081220200129452901_tse-qcedjpsm-80370-20200129452901-ixbrl.htm
2020-02-06	四半期	当期	連結	予想		業績予想の見出し	TitleForForecasts			3. 令和 2年 3月期の連結業績予想（平成31年 4月 1日～令和 2年 3月31日）	CurrentYearDuration_ConsolidatedMember_ForecastMember	/disc/80370/081220200129452901_tse-qcedjpsm-80370-20200129452901-ixbrl.htm
2020-02-06	四半期	当期	連結	予想		売上高	NetSales	458000000000	JPY	458,000	CurrentYearDuration_ConsolidatedMember_ForecastMember	/disc/80370/081220200129452901_tse-qcedjpsm-80370-20200129452901-ixbrl.htm
2020-02-06	四半期	当期	連結	予想		売上高の増減率	ChangeInNetSales	-0.032	Pure	3.2	CurrentYearDuration_ConsolidatedMember_ForecastMember	/disc/80370/081220200129452901_tse-qcedjpsm-80370-20200129452901-ixbrl.htm
2020-02-06	四半期	当期	連結	予想		営業利益	OperatingIncome	10200000000	JPY	10,200	CurrentYearDuration_ConsolidatedMember_ForecastMember	/disc/80370/081220200129452901_tse-qcedjpsm-80370-20200129452901-ixbrl.htm
2020-02-06	四半期	当期	連結	予想		営業利益の増減率	ChangeInOperatingIncome	0.026	Pure	2.6	CurrentYearDuration_ConsolidatedMember_ForecastMember	/disc/80370/081220200129452901_tse-qcedjpsm-80370-20200129452901-ixbrl.htm
2020-02-06	四半期	当期	連結	予想		経常利益	OrdinaryIncome	11200000000	JPY	11,200	CurrentYearDuration_ConsolidatedMember_ForecastMember	/disc/80370/081220200129452901_tse-qcedjpsm-80370-20200129452901-ixbrl.htm
2020-02-06	四半期	当期	連結	予想		経常利益の増減率	ChangeInOrdinaryIncome	0.011	Pure	1.1	CurrentYearDuration_ConsolidatedMember_ForecastMember	/disc/80370/081220200129452901_tse-qcedjpsm-80370-20200129452901-ixbrl.htm
2020-02-06	四半期	当期	連結	予想		親会社株主に帰属する当期純利益	ProfitAttributableToOwnersOfParent	6800000000	JPY	6,800	CurrentYearDuration_ConsolidatedMember_ForecastMember	/disc/80370/081220200129452901_tse-qcedjpsm-80370-20200129452901-ixbrl.htm
2020-02-06	四半期	当期	連結	予想		親会社株主に帰属する当期純利益の増減率	ChangeInProfitAttributableToOwnersOfParent	0.031	Pure	3.1	CurrentYearDuration_ConsolidatedMember_ForecastMember	/disc/80370/081220200129452901_tse-qcedjpsm-80370-20200129452901-ixbrl.htm
2020-02-06	四半期	当期	連結	予想		1株当たり当期純利益	NetIncomePerShare	202.38	JPYPerShares	202.38	CurrentYearDuration_ConsolidatedMember_ForecastMember	/disc/80370/081220200129452901_tse-qcedjpsm-80370-20200129452901-ixbrl.htm
2020-02-06	四半期	当期	連結	予想		当四半期における業績予想の修正	CorrectionOfConsolidatedFinancialForecastInThisQuarter			無	CurrentYearDuration_ConsolidatedMember_ForecastMember	/disc/80370/081220200129452901_tse-qcedjpsm-80370-20200129452901-ixbrl.htm
2020-02-06	四半期	当期第3四半期累計	連結	実績			MaterialChangesInSubsidiariesDuringThisPeriodChangesInScopeOfConsolidationsResultingFromChangeIsSubsidiaries			無	CurrentAccumulatedQ3Duration_ConsolidatedMember_ResultMember	/disc/80370/081220200129452901_tse-qcedjpsm-80370-20200129452901-ixbrl.htm
2020-02-06	四半期	当期第3四半期累計	連結	実績			ApplyingOfSpecificAccountingOfTheConsolidatedQuarterlyFinancialStatements			無	CurrentAccumulatedQ3Duration_ConsolidatedMember_ResultMember	/disc/80370/081220200129452901_tse-qcedjpsm-80370-20200129452901-ixbrl.htm
2020-02-06	四半期	当期第3四半期累計	連結	実績		会計基準等の改正に伴う変更	ChangesBasedOnRevisionsOfAccountingStandard			有	CurrentAccumulatedQ3Duration_ConsolidatedMember_ResultMember	/disc/80370/081220200129452901_tse-qcedjpsm-80370-20200129452901-ixbrl.htm
2020-02-06	四半期	当期第3四半期累計	連結	実績		それ以外の会計方針の変更	ChangesOtherThanOnesBasedOnRevisionsOfAccountingStandard			無	CurrentAccumulatedQ3Duration_ConsolidatedMember_ResultMember	/disc/80370/081220200129452901_tse-qcedjpsm-80370-20200129452901-ixbrl.htm
2020-02-06	四半期	当期第3四半期累計	連結	実績		会計上の見積りの変更	ChangesInAccountingEstimates			無	CurrentAccumulatedQ3Duration_ConsolidatedMember_ResultMember	/disc/80370/081220200129452901_tse-qcedjpsm-80370-20200129452901-ixbrl.htm
2020-02-06	四半期	当期第3四半期累計	連結	実績		修正再表示	RetrospectiveRestatement			無	CurrentAccumulatedQ3Duration_ConsolidatedMember_ResultMember	/disc/80370/081220200129452901_tse-qcedjpsm-80370-20200129452901-ixbrl.htm
2020-02-06	四半期	当期第3四半期累計	連結	実績			NoteToChangesInAccountingPoliciesAccountingEstimatesAndRetrospectiveRestatementQuarterlyConsolidated			（注）詳細は、添付資料８ページ「２．四半期連結財務諸表及び主な注記（３）四半期連結財務諸表に関する注記事項（会計方針の変更）」をご覧ください。	CurrentAccumulatedQ3Duration_ConsolidatedMember_ResultMember	/disc/80370/081220200129452901_tse-qcedjpsm-80370-20200129452901-ixbrl.htm
2020-02-06	四半期	当期第3四半期累計	単体	実績		期末発行済株式数(自己株式を含む)	NumberOfIssuedAndOutstandingSharesAtTheEndOfFiscalYearIncludingTreasuryStock	37591969	Shares	37,591,969	CurrentAccumulatedQ3Instant_NonConsolidatedMember_ResultMember	/disc/80370/081220200129452901_tse-qcedjpsm-80370-20200129452901-ixbrl.htm
2020-02-06	四半期	前期	単体	実績		期末発行済株式数(自己株式を含む)	NumberOfIssuedAndOutstandingSharesAtTheEndOfFiscalYearIncludingTreasuryStock	37591969	Shares	37,591,969	PriorYearInstant_NonConsolidatedMember_ResultMember	/disc/80370/081220200129452901_tse-qcedjpsm-80370-20200129452901-ixbrl.htm
2020-02-06	四半期	当期第3四半期累計	単体	実績		期末自己株式数	NumberOfTreasuryStockAtTheEndOfFiscalYear	3991183	Shares	3,991,183	CurrentAccumulatedQ3Instant_NonConsolidatedMember_ResultMember	/disc/80370/081220200129452901_tse-qcedjpsm-80370-20200129452901-ixbrl.htm
2020-02-06	四半期	前期	単体	実績		期末自己株式数	NumberOfTreasuryStockAtTheEndOfFiscalYear	3991063	Shares	3,991,063	PriorYearInstant_NonConsolidatedMember_ResultMember	/disc/80370/081220200129452901_tse-qcedjpsm-80370-20200129452901-ixbrl.htm
2020-02-06	四半期	当期第3四半期累計	単体	実績		期中平均株式数	AverageNumberOfShares	33600839	Shares	33,600,839	CurrentAccumulatedQ3Duration_NonConsolidatedMember_ResultMember	/disc/80370/081220200129452901_tse-qcedjpsm-80370-20200129452901-ixbrl.htm
2020-02-06	四半期	前期第3四半期累計	単体	実績		期中平均株式数	AverageNumberOfShares	33600957	Shares	33,600,957	PriorAccumulatedQ3Duration_NonConsolidatedMember_ResultMember	/disc/80370/081220200129452901_tse-qcedjpsm-80370-20200129452901-ixbrl.htm
2020-02-06	四半期	当期				将来情報の利用に関する注意	NotesForUsingForecastedInformationAndOthers			本資料に記載されている業績見通し等の将来に関する記述は、当社が現在入手している情報及び合理的であると判断する一定の前提に基づいており、その達成を当社として約束する趣旨のものではありません。また、実際の業績等は様々な要因により大きく異なる可能性があります。業績予想の前提となる条件及び業績予想のご利用に当たっての注意事項等については、添付資料３ページ「１．当四半期決算に関する定性的情報（３）連結業績予想などの将来予測情報に関する説明」をご覧ください。	CurrentYearDuration	/disc/80370/081220200129452901_tse-qcedjpsm-80370-20200129452901-ixbrl.htm
2020-02-06	四半期	当期				決算期末	FiscalYearEnd			2020-03-31	CurrentYearInstant	/disc/80370/081220200129452901_tse-qcedjpsm-80370-20200129452901-ixbrl.htm
2020-02-06	四半期	当期第3四半期累計				四半期	QuarterlyPeriod	3	Pure	3	CurrentAccumulatedQ3Instant	/disc/80370/081220200129452901_tse-qcedjpsm-80370-20200129452901-ixbrl.htm
2020-05-13	年次	当期				書類名	DocumentName			決算短信〔日本基準〕（連結）	CurrentYearInstant	/disc/80370/081220200507406040_tse-acedjpsm-80370-20200507406040-ixbrl.htm
2020-05-13	年次	当期				提出日	FilingDate			令和2年5月13日	CurrentYearInstant	/disc/80370/081220200507406040_tse-acedjpsm-80370-20200507406040-ixbrl.htm
2020-05-13	年次	当期				会社名	CompanyName			カメイ株式会社	CurrentYearInstant	/disc/80370/081220200507406040_tse-acedjpsm-80370-20200507406040-ixbrl.htm
2020-05-13	年次	当期					TokyoStockExchange			東	CurrentYearInstant	/disc/80370/081220200507406040_tse-acedjpsm-80370-20200507406040-ixbrl.htm
2020-05-13	年次	当期				証券コード	SecuritiesCode			80370	CurrentYearInstant	/disc/80370/081220200507406040_tse-acedjpsm-80370-20200507406040-ixbrl.htm
2020-05-13	年次	当期				URL	URL			http://www.kamei.co.jp/	CurrentYearInstant	/disc/80370/081220200507406040_tse-acedjpsm-80370-20200507406040-ixbrl.htm
2020-05-13	年次	当期				代表者の役職	TitleRepresentative			代表取締役社長	CurrentYearInstant	/disc/80370/081220200507406040_tse-acedjpsm-80370-20200507406040-ixbrl.htm
2020-05-13	年次	当期				代表者名	NameRepresentative			亀井文行	CurrentYearInstant	/disc/80370/081220200507406040_tse-acedjpsm-80370-20200507406040-ixbrl.htm
2020-05-13	年次	当期					TitleInquiries			管理部長	CurrentYearInstant	/disc/80370/081220200507406040_tse-acedjpsm-80370-20200507406040-ixbrl.htm
2020-05-13	年次	当期					NameInquiries			遠藤忠章	CurrentYearInstant	/disc/80370/081220200507406040_tse-acedjpsm-80370-20200507406040-ixbrl.htm
2020-05-13	年次	当期					Tel			022-264-6112	CurrentYearInstant	/disc/80370/081220200507406040_tse-acedjpsm-80370-20200507406040-ixbrl.htm
2020-05-13	年次	当期					DateOfGeneralShareholdersMeetingAsPlanned			令和2年6月26日	CurrentYearInstant	/disc/80370/081220200507406040_tse-acedjpsm-80370-20200507406040-ixbrl.htm
2020-05-13	年次	当期					DividendPayableDateAsPlanned			令和2年6月29日	CurrentYearInstant	/disc/80370/081220200507406040_tse-acedjpsm-80370-20200507406040-ixbrl.htm
2020-05-13	年次	当期					AnnualSecuritiesReportFilingDateAsPlanned			令和2年6月29日	CurrentYearInstant	/disc/80370/081220200507406040_tse-acedjpsm-80370-20200507406040-ixbrl.htm
2020-05-13	年次	当期					SupplementalMaterialOfAnnualResults			無	CurrentYearInstant	/disc/80370/081220200507406040_tse-acedjpsm-80370-20200507406040-ixbrl.htm
2020-05-13	年次	当期					ConveningBriefingOfAnnualResults			無	CurrentYearInstant	/disc/80370/081220200507406040_tse-acedjpsm-80370-20200507406040-ixbrl.htm
2020-05-13	年次	当期					NoteToFractionProcessingMethod			（百万円未満切捨て）	CurrentYearInstant	/disc/80370/081220200507406040_tse-acedjpsm-80370-20200507406040-ixbrl.htm
2020-05-13	年次	当期	連結	実績		売上高	NetSales	453844000000	JPY	453,844	CurrentYearDuration_ConsolidatedMember_ResultMember	/disc/80370/081220200507406040_tse-acedjpsm-80370-20200507406040-ixbrl.htm
2020-05-13	年次	当期	連結	実績		売上高の増減率	ChangeInNetSales	-0.040	Pure	4.0	CurrentYearDuration_ConsolidatedMember_ResultMember	/disc/80370/081220200507406040_tse-acedjpsm-80370-20200507406040-ixbrl.htm
2020-05-13	年次	当期	連結	実績		営業利益	OperatingIncome	10399000000	JPY	10,399	CurrentYearDuration_ConsolidatedMember_ResultMember	/disc/80370/081220200507406040_tse-acedjpsm-80370-20200507406040-ixbrl.htm
2020-05-13	年次	当期	連結	実績		営業利益の増減率	ChangeInOperatingIncome	0.046	Pure	4.6	CurrentYearDuration_ConsolidatedMember_ResultMember	/disc/80370/081220200507406040_tse-acedjpsm-80370-20200507406040-ixbrl.htm
2020-05-13	年次	当期	連結	実績		経常利益	OrdinaryIncome	11747000000	JPY	11,747	CurrentYearDuration_ConsolidatedMember_ResultMember	/disc/80370/081220200507406040_tse-acedjpsm-80370-20200507406040-ixbrl.htm
2020-05-13	年次	当期	連結	実績		経常利益の増減率	ChangeInOrdinaryIncome	0.061	Pure	6.1	CurrentYearDuration_ConsolidatedMember_ResultMember	/disc/80370/081220200507406040_tse-acedjpsm-80370-20200507406040-ixbrl.htm
2020-05-13	年次	当期	連結	実績		親会社株主に帰属する当期純利益	ProfitAttributableToOwnersOfParent	6755000000	JPY	6,755	CurrentYearDuration_ConsolidatedMember_ResultMember	/disc/80370/081220200507406040_tse-acedjpsm-80370-20200507406040-ixbrl.htm
2020-05-13	年次	当期	連結	実績		親会社株主に帰属する当期純利益の増減率	ChangeInProfitAttributableToOwnersOfParent	0.024	Pure	2.4	CurrentYearDuration_ConsolidatedMember_ResultMember	/disc/80370/081220200507406040_tse-acedjpsm-80370-20200507406040-ixbrl.htm
2020-05-13	年次	前期	連結	実績		売上高	NetSales	472995000000	JPY	472,995	PriorYearDuration_ConsolidatedMember_ResultMember	/disc/80370/081220200507406040_tse-acedjpsm-80370-20200507406040-ixbrl.htm
2020-05-13	年次	前期	連結	実績		売上高の増減率	ChangeInNetSales	0.056	Pure	5.6	PriorYearDuration_ConsolidatedMember_ResultMember	/disc/80370/081220200507406040_tse-acedjpsm-80370-20200507406040-ixbrl.htm
2020-05-13	年次	前期	連結	実績		営業利益	OperatingIncome	9945000000	JPY	9,945	PriorYearDuration_ConsolidatedMember_ResultMember	/disc/80370/081220200507406040_tse-acedjpsm-80370-20200507406040-ixbrl.htm
2020-05-13	年次	前期	連結	実績		営業利益の増減率	ChangeInOperatingIncome	0.015	Pure	1.5	PriorYearDuration_ConsolidatedMember_ResultMember	/disc/80370/081220200507406040_tse-acedjpsm-80370-20200507406040-ixbrl.htm
2020-05-13	年次	前期	連結	実績		経常利益	OrdinaryIncome	11076000000	JPY	11,076	PriorYearDuration_ConsolidatedMember_ResultMember	/disc/80370/081220200507406040_tse-acedjpsm-80370-20200507406040-ixbrl.htm
2020-05-13	年次	前期	連結	実績		経常利益の増減率	ChangeInOrdinaryIncome	0.021	Pure	2.1	PriorYearDuration_ConsolidatedMember_ResultMember	/disc/80370/081220200507406040_tse-acedjpsm-80370-20200507406040-ixbrl.htm
2020-05-13	年次	前期	連結	実績		親会社株主に帰属する当期純利益	ProfitAttributableToOwnersOfParent	6598000000	JPY	6,598	PriorYearDuration_ConsolidatedMember_ResultMember	/disc/80370/081220200507406040_tse-acedjpsm-80370-20200507406040-ixbrl.htm
2020-05-13	年次	前期	連結	実績		親会社株主に帰属する当期純利益の増減率	ChangeInProfitAttributableToOwnersOfParent	0.003	Pure	0.3	PriorYearDuration_ConsolidatedMember_ResultMember	/disc/80370/081220200507406040_tse-acedjpsm-80370-20200507406040-ixbrl.htm
2020-05-13	年次	当期	連結	実績		包括利益	ComprehensiveIncome	6074000000	JPY	6,074	CurrentYearDuration_ConsolidatedMember_ResultMember	/disc/80370/081220200507406040_tse-acedjpsm-80370-20200507406040-ixbrl.htm
2020-05-13	年次	当期	連結	実績		包括利益の増減率	ChangeInComprehensiveIncome	0.152	Pure	15.2	CurrentYearDuration_ConsolidatedMember_ResultMember	/disc/80370/081220200507406040_tse-acedjpsm-80370-20200507406040-ixbrl.htm
2020-05-13	年次	前期	連結	実績		包括利益	ComprehensiveIncome	5273000000	JPY	5,273	PriorYearDuration_ConsolidatedMember_ResultMember	/disc/80370/081220200507406040_tse-acedjpsm-80370-20200507406040-ixbrl.htm
2020-05-13	年次	前期	連結	実績		包括利益の増減率	ChangeInComprehensiveIncome	-0.285	Pure	28.5	PriorYearDuration_ConsolidatedMember_ResultMember	/disc/80370/081220200507406040_tse-acedjpsm-80370-20200507406040-ixbrl.htm
2020-05-13	年次	当期	連結	実績		1株当たり当期純利益	NetIncomePerShare	201.04	JPYPerShares	201.04	CurrentYearDuration_ConsolidatedMember_ResultMember	/disc/80370/081220200507406040_tse-acedjpsm-80370-20200507406040-ixbrl.htm
2020-05-13	年次	当期	連結	実績		自己資本当期純利益率(ROE)	NetIncomeToShareholdersEquityRatio	0.065	Pure	6.5	CurrentYearDuration_ConsolidatedMember_ResultMember	/disc/80370/081220200507406040_tse-acedjpsm-80370-20200507406040-ixbrl.htm
2020-05-13	年次	当期	連結	実績		総資産経常利益率(ROA)	OrdinaryIncomeToTotalAssetsRatio	0.049	Pure	4.9	CurrentYearDuration_ConsolidatedMember_ResultMember	/disc/80370/081220200507406040_tse-acedjpsm-80370-20200507406040-ixbrl.htm
2020-05-13	年次	当期	連結	実績		売上高営業利益率	OperatingIncomeToNetSalesRatio	0.023	Pure	2.3	CurrentYearDuration_ConsolidatedMember_ResultMember	/disc/80370/081220200507406040_tse-acedjpsm-80370-20200507406040-ixbrl.htm
2020-05-13	年次	前期	連結	実績		1株当たり当期純利益	NetIncomePerShare	196.37	JPYPerShares	196.37	PriorYearDuration_ConsolidatedMember_ResultMember	/disc/80370/081220200507406040_tse-acedjpsm-80370-20200507406040-ixbrl.htm
2020-05-13	年次	前期	連結	実績		自己資本当期純利益率(ROE)	NetIncomeToShareholdersEquityRatio	0.066	Pure	6.6	PriorYearDuration_ConsolidatedMember_ResultMember	/disc/80370/081220200507406040_tse-acedjpsm-80370-20200507406040-ixbrl.htm
2020-05-13	年次	前期	連結	実績		総資産経常利益率(ROA)	OrdinaryIncomeToTotalAssetsRatio	0.047	Pure	4.7	PriorYearDuration_ConsolidatedMember_ResultMember	/disc/80370/081220200507406040_tse-acedjpsm-80370-20200507406040-ixbrl.htm
2020-05-13	年次	前期	連結	実績		売上高営業利益率	OperatingIncomeToNetSalesRatio	0.021	Pure	2.1	PriorYearDuration_ConsolidatedMember_ResultMember	/disc/80370/081220200507406040_tse-acedjpsm-80370-20200507406040-ixbrl.htm
2020-05-13	年次	当期	連結	実績		持分法投資損益	InvestmentProfitLossOnEquityMethod	272000000	JPY	272	CurrentYearDuration_ConsolidatedMember_ResultMember	/disc/80370/081220200507406040_tse-acedjpsm-80370-20200507406040-ixbrl.htm
2020-05-13	年次	前期	連結	実績		持分法投資損益	InvestmentProfitLossOnEquityMethod	314000000	JPY	314	PriorYearDuration_ConsolidatedMember_ResultMember	/disc/80370/081220200507406040_tse-acedjpsm-80370-20200507406040-ixbrl.htm
2020-05-13	年次	当期	連結	実績		総資産	TotalAssets	243448000000	JPY	243,448	CurrentYearInstant_ConsolidatedMember_ResultMember	/disc/80370/081220200507406040_tse-acedjpsm-80370-20200507406040-ixbrl.htm
2020-05-13	年次	当期	連結	実績		純資産	NetAssets	112508000000	JPY	112,508	CurrentYearInstant_ConsolidatedMember_ResultMember	/disc/80370/081220200507406040_tse-acedjpsm-80370-20200507406040-ixbrl.htm
2020-05-13	年次	当期	連結	実績		自己資本比率	CapitalAdequacyRatio	0.438	Pure	43.8	CurrentYearInstant_ConsolidatedMember_ResultMember	/disc/80370/081220200507406040_tse-acedjpsm-80370-20200507406040-ixbrl.htm
2020-05-13	年次	当期	連結	実績		1株当たり純資産	NetAssetsPerShare	3173.47	JPYPerShares	3,173.47	CurrentYearInstant_ConsolidatedMember_ResultMember	/disc/80370/081220200507406040_tse-acedjpsm-80370-20200507406040-ixbrl.htm
2020-05-13	年次	前期	連結	実績		総資産	TotalAssets	238243000000	JPY	238,243	PriorYearInstant_ConsolidatedMember_ResultMember	/disc/80370/081220200507406040_tse-acedjpsm-80370-20200507406040-ixbrl.htm
2020-05-13	年次	前期	連結	実績		純資産	NetAssets	107514000000	JPY	107,514	PriorYearInstant_ConsolidatedMember_ResultMember	/disc/80370/081220200507406040_tse-acedjpsm-80370-20200507406040-ixbrl.htm
2020-05-13	年次	前期	連結	実績		自己資本比率	CapitalAdequacyRatio	0.428	Pure	42.8	PriorYearInstant_ConsolidatedMember_ResultMember	/disc/80370/081220200507406040_tse-acedjpsm-80370-20200507406040-ixbrl.htm
2020-05-13	年次	前期	連結	実績		1株当たり純資産	NetAssetsPerShare	3032.19	JPYPerShares	3,032.19	PriorYearInstant_ConsolidatedMember_ResultMember	/disc/80370/081220200507406040_tse-acedjpsm-80370-20200507406040-ixbrl.htm
2020-05-13	年次	当期	連結	実績		自己資本	OwnersEquity	106630000000	JPY	106,630	CurrentYearInstant_ConsolidatedMember_ResultMember	/disc/80370/081220200507406040_tse-acedjpsm-80370-20200507406040-ixbrl.htm
2020-05-13	年次	前期	連結	実績		自己資本	OwnersEquity	101884000000	JPY	101,884	PriorYearInstant_ConsolidatedMember_ResultMember	/disc/80370/081220200507406040_tse-acedjpsm-80370-20200507406040-ixbrl.htm
2020-05-13	年次	当期	連結	実績		営業キャッシュフロー	CashFlowsFromOperatingActivities	14408000000	JPY	14,408	CurrentYearDuration_ConsolidatedMember_ResultMember	/disc/80370/081220200507406040_tse-acedjpsm-80370-20200507406040-ixbrl.htm
2020-05-13	年次	当期	連結	実績		投資キャッシュフロー	CashFlowsFromInvestingActivities	-12907000000	JPY	12,907	CurrentYearDuration_ConsolidatedMember_ResultMember	/disc/80370/081220200507406040_tse-acedjpsm-80370-20200507406040-ixbrl.htm
2020-05-13	年次	当期	連結	実績		財務キャッシュフロー	CashFlowsFromFinancingActivities	891000000	JPY	891	CurrentYearDuration_ConsolidatedMember_ResultMember	/disc/80370/081220200507406040_tse-acedjpsm-80370-20200507406040-ixbrl.htm
2020-05-13	年次	当期	連結	実績		現金及び現金同等物の期末残高	CashAndEquivalentsEndOfPeriod	35241000000	JPY	35,241	CurrentYearInstant_ConsolidatedMember_ResultMember	/disc/80370/081220200507406040_tse-acedjpsm-80370-20200507406040-ixbrl.htm
2020-05-13	年次	前期	連結	実績		営業キャッシュフロー	CashFlowsFromOperatingActivities	16706000000	JPY	16,706	PriorYearDuration_ConsolidatedMember_ResultMember	/disc/80370/081220200507406040_tse-acedjpsm-80370-20200507406040-ixbrl.htm
2020-05-13	年次	前期	連結	実績		投資キャッシュフロー	CashFlowsFromInvestingActivities	-7329000000	JPY	7,329	PriorYearDuration_ConsolidatedMember_ResultMember	/disc/80370/081220200507406040_tse-acedjpsm-80370-20200507406040-ixbrl.htm
2020-05-13	年次	前期	連結	実績		財務キャッシュフロー	CashFlowsFromFinancingActivities	-4258000000	JPY	4,258	PriorYearDuration_ConsolidatedMember_ResultMember	/disc/80370/081220200507406040_tse-acedjpsm-80370-20200507406040-ixbrl.htm
2020-05-13	年次	前期	連結	実績		現金及び現金同等物の期末残高	CashAndEquivalentsEndOfPeriod	32914000000	JPY	32,914	PriorYearInstant_ConsolidatedMember_ResultMember	/disc/80370/081220200507406040_tse-acedjpsm-80370-20200507406040-ixbrl.htm
2020-05-13	年次	前期	単体	実績	第2四半期末	1株当たり配当金	DividendPerShare	12.50	JPYPerShares	12.50	PriorYearDuration_SecondQuarterMember_NonConsolidatedMember_ResultMember	/disc/80370/081220200507406040_tse-acedjpsm-80370-20200507406040-ixbrl.htm
2020-05-13	年次	前期	単体	実績	期末	1株当たり配当金	DividendPerShare	15.00	JPYPerShares	15.00	PriorYearDuration_YearEndMember_NonConsolidatedMember_ResultMember	/disc/80370/081220200507406040_tse-acedjpsm-80370-20200507406040-ixbrl.htm
2020-05-13	年次	前期	単体	実績	合計	1株当たり配当金	DividendPerShare	27.50	JPYPerShares	27.50	PriorYearDuration_AnnualMember_NonConsolidatedMember_ResultMember	/disc/80370/081220200507406040_tse-acedjpsm-80370-20200507406040-ixbrl.htm
2020-05-13	年次	前期	単体	実績	合計	配当金総額	TotalDividendPaidAnnual	924000000	JPY	924	PriorYearDuration_AnnualMember_NonConsolidatedMember_ResultMember	/disc/80370/081220200507406040_tse-acedjpsm-80370-20200507406040-ixbrl.htm
2020-05-13	年次	前期	連結	実績	合計	配当性向	PayoutRatio	0.140	Pure	14.0	PriorYearDuration_AnnualMember_ConsolidatedMember_ResultMember	/disc/80370/081220200507406040_tse-acedjpsm-80370-20200507406040-ixbrl.htm
2020-05-13	年次	前期	連結	実績	合計	純資産配当率	RatioOfTotalAmountOfDividendsToNetAssets	0.009	Pure	0.9	PriorYearDuration_AnnualMember_ConsolidatedMember_ResultMember	/disc/80370/081220200507406040_tse-acedjpsm-80370-20200507406040-ixbrl.htm
2020-05-13	年次	当期	単体	実績	第2四半期末	1株当たり配当金	DividendPerShare	15.00	JPYPerShares	15.00	CurrentYearDuration_SecondQuarterMember_NonConsolidatedMember_ResultMember	/disc/80370/081220200507406040_tse-acedjpsm-80370-20200507406040-ixbrl.htm
2020-05-13	年次	当期	単体	実績	期末	1株当たり配当金	DividendPerShare	15.00	JPYPerShares	15.00	CurrentYearDuration_YearEndMember_NonConsolidatedMember_ResultMember	/disc/80370/081220200507406040_tse-acedjpsm-80370-20200507406040-ixbrl.htm
2020-05-13	年次	当期	単体	実績	合計	1株当たり配当金	DividendPerShare	30.00	JPYPerShares	30.00	CurrentYearDuration_AnnualMember_NonConsolidatedMember_ResultMember	/disc/80370/081220200507406040_tse-acedjpsm-80370-20200507406040-ixbrl.htm
2020-05-13	年次	当期	単体	実績	合計	配当金総額	TotalDividendPaidAnnual	1008000000	JPY	1,008	CurrentYearDuration_AnnualMember_NonConsolidatedMember_ResultMember	/disc/80370/081220200507406040_tse-acedjpsm-80370-20200507406040-ixbrl.htm
2020-05-13	年次	当期	連結	実績	合計	配当性向	PayoutRatio	0.149	Pure	14.9	CurrentYearDuration_AnnualMember_ConsolidatedMember_ResultMember	/disc/80370/081220200507406040_tse-acedjpsm-80370-20200507406040-ixbrl.htm
2020-05-13	年次	当期	連結	実績	合計	純資産配当率	RatioOfTotalAmountOfDividendsToNetAssets	0.010	Pure	1.0	CurrentYearDuration_AnnualMember_ConsolidatedMember_ResultMember	/disc/80370/081220200507406040_tse-acedjpsm-80370-20200507406040-ixbrl.htm
2020-05-13	年次	当期	単体	実績	合計	配当の注記	NoteToDividends			（注）令和３年３月期の配当予想につきましては、現時点では未定としております。	CurrentYearDuration_AnnualMember_NonConsolidatedMember_ResultMember	/disc/80370/081220200507406040_tse-acedjpsm-80370-20200507406040-ixbrl.htm
2020-05-13	年次	来期	連結	予想		業績予想の見出し	TitleForForecasts			3. 令和 3年 3月期の連結業績予想（令和 2年 4月 1日～令和 3年 3月31日）	NextYearDuration_ConsolidatedMember_ForecastMember	/disc/80370/081220200507406040_tse-acedjpsm-80370-20200507406040-ixbrl.htm
2020-05-13	年次	来期	連結	予想			PreambleToForecasts			令和３年３月期の連結業績予想につきましては、新型コロナウイルス感染症などによる影響を合理的に算定することが困難なことから、現時点では未定としております。業績予想の開示が可能となった段階で、速やかに開示いたします。	NextYearDuration_ConsolidatedMember_ForecastMember	/disc/80370/081220200507406040_tse-acedjpsm-80370-20200507406040-ixbrl.htm
2020-05-13	年次	当期	連結	実績			MaterialChangesInSubsidiariesDuringThisPeriodChangesInScopeOfConsolidationsResultingFromChangeIsSubsidiaries			無	CurrentYearDuration_ConsolidatedMember_ResultMember	/disc/80370/081220200507406040_tse-acedjpsm-80370-20200507406040-ixbrl.htm
2020-05-13	年次	当期	連結	実績		会計基準等の改正に伴う変更	ChangesBasedOnRevisionsOfAccountingStandard			有	CurrentYearDuration_ConsolidatedMember_ResultMember	/disc/80370/081220200507406040_tse-acedjpsm-80370-20200507406040-ixbrl.htm
2020-05-13	年次	当期	連結	実績		それ以外の会計方針の変更	ChangesOtherThanOnesBasedOnRevisionsOfAccountingStandard			無	CurrentYearDuration_ConsolidatedMember_ResultMember	/disc/80370/081220200507406040_tse-acedjpsm-80370-20200507406040-ixbrl.htm
2020-05-13	年次	当期	連結	実績		会計上の見積りの変更	ChangesInAccountingEstimates			無	CurrentYearDuration_ConsolidatedMember_ResultMember	/disc/80370/081220200507406040_tse-acedjpsm-80370-20200507406040-ixbrl.htm
2020-05-13	年次	当期	連結	実績		修正再表示	RetrospectiveRestatement			無	CurrentYearDuration_ConsolidatedMember_ResultMember	/disc/80370/081220200507406040_tse-acedjpsm-80370-20200507406040-ixbrl.htm
2020-05-13	年次	当期	連結	実績			NoteToChangesInAccountingPoliciesAndAccountingEstimatesRetrospectiveRestatement			詳細は、添付資料15ページ「３．連結財務諸表及び主な注記（５）連結財務諸表に関する注記事項（会計方針の変更）」をご覧ください。	CurrentYearDuration_ConsolidatedMember_ResultMember	/disc/80370/081220200507406040_tse-acedjpsm-80370-20200507406040-ixbrl.htm
2020-05-13	年次	当期	単体	実績		期末発行済株式数(自己株式を含む)	NumberOfIssuedAndOutstandingSharesAtTheEndOfFiscalYearIncludingTreasuryStock	37591969	Shares	37,591,969	CurrentYearInstant_NonConsolidatedMember_ResultMember	/disc/80370/081220200507406040_tse-acedjpsm-80370-20200507406040-ixbrl.htm
2020-05-13	年次	前期	単体	実績		期末発行済株式数(自己株式を含む)	NumberOfIssuedAndOutstandingSharesAtTheEndOfFiscalYearIncludingTreasuryStock	37591969	Shares	37,591,969	PriorYearInstant_NonConsolidatedMember_ResultMember	/disc/80370/081220200507406040_tse-acedjpsm-80370-20200507406040-ixbrl.htm
2020-05-13	年次	当期	単体	実績		期末自己株式数	NumberOfTreasuryStockAtTheEndOfFiscalYear	3991183	Shares	3,991,183	CurrentYearInstant_NonConsolidatedMember_ResultMember	/disc/80370/081220200507406040_tse-acedjpsm-80370-20200507406040-ixbrl.htm
2020-05-13	年次	前期	単体	実績		期末自己株式数	NumberOfTreasuryStockAtTheEndOfFiscalYear	3991063	Shares	3,991,063	PriorYearInstant_NonConsolidatedMember_ResultMember	/disc/80370/081220200507406040_tse-acedjpsm-80370-20200507406040-ixbrl.htm
2020-05-13	年次	当期	単体	実績		期中平均株式数	AverageNumberOfShares	33600826	Shares	33,600,826	CurrentYearDuration_NonConsolidatedMember_ResultMember	/disc/80370/081220200507406040_tse-acedjpsm-80370-20200507406040-ixbrl.htm
2020-05-13	年次	前期	単体	実績		期中平均株式数	AverageNumberOfShares	33600944	Shares	33,600,944	PriorYearDuration_NonConsolidatedMember_ResultMember	/disc/80370/081220200507406040_tse-acedjpsm-80370-20200507406040-ixbrl.htm
2020-05-13	年次	当期	単体	実績		売上高	NetSales	297828000000	JPY	297,828	CurrentYearDuration_NonConsolidatedMember_ResultMember	/disc/80370/081220200507406040_tse-acedjpsm-80370-20200507406040-ixbrl.htm
2020-05-13	年次	当期	単体	実績		売上高の増減率	ChangeInNetSales	-0.039	Pure	3.9	CurrentYearDuration_NonConsolidatedMember_ResultMember	/disc/80370/081220200507406040_tse-acedjpsm-80370-20200507406040-ixbrl.htm
2020-05-13	年次	当期	単体	実績		営業利益	OperatingIncome	6129000000	JPY	6,129	CurrentYearDuration_NonConsolidatedMember_ResultMember	/disc/80370/081220200507406040_tse-acedjpsm-80370-20200507406040-ixbrl.htm
2020-05-13	年次	当期	単体	実績		営業利益の増減率	ChangeInOperatingIncome	0.059	Pure	5.9	CurrentYearDuration_NonConsolidatedMember_ResultMember	/disc/80370/081220200507406040_tse-acedjpsm-80370-20200507406040-ixbrl.htm
2020-05-13	年次	当期	単体	実績		経常利益	OrdinaryIncome	7461000000	JPY	7,461	CurrentYearDuration_NonConsolidatedMember_ResultMember	/disc/80370/081220200507406040_tse-acedjpsm-80370-20200507406040-ixbrl.htm
2020-05-13	年次	当期	単体	実績		経常利益の増減率	ChangeInOrdinaryIncome	0.073	Pure	7.3	CurrentYearDuration_NonConsolidatedMember_ResultMember	/disc/80370/081220200507406040_tse-acedjpsm-80370-20200507406040-ixbrl.htm
2020-05-13	年次	当期	単体	実績		当期純利益	NetIncome	4827000000	JPY	4,827	CurrentYearDuration_NonConsolidatedMember_ResultMember	/disc/80370/081220200507406040_tse-acedjpsm-80370-20200507406040-ixbrl.htm
2020-05-13	年次	当期	単体	実績		当期純利益の増減率	ChangeInNetIncome	0.363	Pure	36.3	CurrentYearDuration_NonConsolidatedMember_ResultMember	/disc/80370/081220200507406040_tse-acedjpsm-80370-20200507406040-ixbrl.htm
2020-05-13	年次	前期	単体	実績		売上高	NetSales	309964000000	JPY	309,964	PriorYearDuration_NonConsolidatedMember_ResultMember	/disc/80370/081220200507406040_tse-acedjpsm-80370-20200507406040-ixbrl.htm
2020-05-13	年次	前期	単体	実績		売上高の増減率	ChangeInNetSales	0.068	Pure	6.8	PriorYearDuration_NonConsolidatedMember_ResultMember	/disc/80370/081220200507406040_tse-acedjpsm-80370-20200507406040-ixbrl.htm
2020-05-13	年次	前期	単体	実績		営業利益	OperatingIncome	5790000000	JPY	5,790	PriorYearDuration_NonConsolidatedMember_ResultMember	/disc/80370/081220200507406040_tse-acedjpsm-80370-20200507406040-ixbrl.htm
2020-05-13	年次	前期	単体	実績		営業利益の増減率	ChangeInOperatingIncome	0.006	Pure	0.6	PriorYearDuration_NonConsolidatedMember_ResultMember	/disc/80370/081220200507406040_tse-acedjpsm-80370-20200507406040-ixbrl.htm
2020-05-13	年次	前期	単体	実績		経常利益	OrdinaryIncome	6954000000	JPY	6,954	PriorYearDuration_NonConsolidatedMember_ResultMember	/disc/80370/081220200507406040_tse-acedjpsm-80370-20200507406040-ixbrl.htm
2020-05-13	年次	前期	単体	実績		経常利益の増減率	ChangeInOrdinaryIncome	0.047	Pure	4.7	PriorYearDuration_NonConsolidatedMember_ResultMember	/disc/80370/081220200507406040_tse-acedjpsm-80370-20200507406040-ixbrl.htm
2020-05-13	年次	前期	単体	実績		当期純利益	NetIncome	3542000000	JPY	3,542	PriorYearDuration_NonConsolidatedMember_ResultMember	/disc/80370/081220200507406040_tse-acedjpsm-80370-20200507406040-ixbrl.htm
2020-05-13	年次	前期	単体	実績		当期純利益の増減率	ChangeInNetIncome	-0.303	Pure	30.3	PriorYearDuration_NonConsolidatedMember_ResultMember	/disc/80370/081220200507406040_tse-acedjpsm-80370-20200507406040-ixbrl.htm
2020-05-13	年次	当期	単体	実績		1株当たり当期純利益	NetIncomePerShare	143.67	JPYPerShares	143.67	CurrentYearDuration_NonConsolidatedMember_ResultMember	/disc/80370/081220200507406040_tse-acedjpsm-80370-20200507406040-ixbrl.htm
2020-05-13	年次	前期	単体	実績		1株当たり当期純利益	NetIncomePerShare	105.43	JPYPerShares	105.43	PriorYearDuration_NonConsolidatedMember_ResultMember	/disc/80370/081220200507406040_tse-acedjpsm-80370-20200507406040-ixbrl.htm
2020-05-13	年次	当期	単体	実績		総資産	TotalAssets	132589000000	JPY	132,589	CurrentYearInstant_NonConsolidatedMember_ResultMember	/disc/80370/081220200507406040_tse-acedjpsm-80370-20200507406040-ixbrl.htm
2020-05-13	年次	当期	単体	実績		純資産	NetAssets	75157000000	JPY	75,157	CurrentYearInstant_NonConsolidatedMember_ResultMember	/disc/80370/081220200507406040_tse-acedjpsm-80370-20200507406040-ixbrl.htm
2020-05-13	年次	当期	単体	実績		自己資本比率	CapitalAdequacyRatio	0.567	Pure	56.7	CurrentYearInstant_NonConsolidatedMember_ResultMember	/disc/80370/081220200507406040_tse-acedjpsm-80370-20200507406040-ixbrl.htm
2020-05-13	年次	当期	単体	実績		1株当たり純資産	NetAssetsPerShare	2236.77	JPYPerShares	2,236.77	CurrentYearInstant_NonConsolidatedMember_ResultMember	/disc/80370/081220200507406040_tse-acedjpsm-80370-20200507406040-ixbrl.htm
2020-05-13	年次	前期	単体	実績		総資産	TotalAssets	132588000000	JPY	132,588	PriorYearInstant_NonConsolidatedMember_ResultMember	/disc/80370/081220200507406040_tse-acedjpsm-80370-20200507406040-ixbrl.htm
2020-05-13	年次	前期	単体	実績		純資産	NetAssets	72105000000	JPY	72,105	PriorYearInstant_NonConsolidatedMember_ResultMember	/disc/80370/081220200507406040_tse-acedjpsm-80370-20200507406040-ixbrl.htm
2020-05-13	年次	前期	単体	実績		自己資本比率	CapitalAdequacyRatio	0.544	Pure	54.4	PriorYearInstant_NonConsolidatedMember_ResultMember	/disc/80370/081220200507406040_tse-acedjpsm-80370-20200507406040-ixbrl.htm
2020-05-13	年次	前期	単体	実績		1株当たり純資産	NetAssetsPerShare	2145.95	JPYPerShares	2,145.95	PriorYearInstant_NonConsolidatedMember_ResultMember	/disc/80370/081220200507406040_tse-acedjpsm-80370-20200507406040-ixbrl.htm
2020-05-13	年次	当期	単体	実績		自己資本	OwnersEquity	75157000000	JPY	75,157	CurrentYearInstant_NonConsolidatedMember_ResultMember	/disc/80370/081220200507406040_tse-acedjpsm-80370-20200507406040-ixbrl.htm
2020-05-13	年次	前期	単体	実績		自己資本	OwnersEquity	72105000000	JPY	72,105	PriorYearInstant_NonConsolidatedMember_ResultMember	/disc/80370/081220200507406040_tse-acedjpsm-80370-20200507406040-ixbrl.htm
2020-05-13	年次	来期				将来情報の利用に関する注意	NotesForUsingForecastedInformationAndOthers			本資料に記載されている業績見通し等の将来に関する記述は、当社が現在入手している情報及び合理的であると判断する一定の前提に基づいており、その達成を当社として約束する趣旨のものではありません。また、実際の業績等は様々な要因により大きく異なる可能性があります。業績予想の前提となる条件及び業績予想のご利用に当たっての注意事項等については、添付資料３ページ「１．経営成績等の概況（１）経営成績に関する分析」をご覧ください。	NextYearDuration	/disc/80370/081220200507406040_tse-acedjpsm-80370-20200507406040-ixbrl.htm
2020-05-13	年次	当期				決算期末	FiscalYearEnd			2020-03-31	CurrentYearInstant	/disc/80370/081220200507406040_tse-acedjpsm-80370-20200507406040-ixbrl.htm
2020-08-06	四半期	当期第1四半期累計				書類名	DocumentName			第1四半期決算短信〔日本基準〕（連結）	CurrentAccumulatedQ1Instant	/disc/80370/081220200730469789_tse-qcedjpsm-80370-20200730469789-ixbrl.htm
2020-08-06	四半期	当期第1四半期累計				提出日	FilingDate			令和2年8月6日	CurrentAccumulatedQ1Instant	/disc/80370/081220200730469789_tse-qcedjpsm-80370-20200730469789-ixbrl.htm
2020-08-06	四半期	当期第1四半期累計				会社名	CompanyName			カメイ株式会社	CurrentAccumulatedQ1Instant	/disc/80370/081220200730469789_tse-qcedjpsm-80370-20200730469789-ixbrl.htm
2020-08-06	四半期	当期第1四半期累計					TokyoStockExchange			東	CurrentAccumulatedQ1Instant	/disc/80370/081220200730469789_tse-qcedjpsm-80370-20200730469789-ixbrl.htm
2020-08-06	四半期	当期第1四半期累計				証券コード	SecuritiesCode			80370	CurrentAccumulatedQ1Instant	/disc/80370/081220200730469789_tse-qcedjpsm-80370-20200730469789-ixbrl.htm
2020-08-06	四半期	当期第1四半期累計				URL	URL			http://www.kamei.co.jp/	CurrentAccumulatedQ1Instant	/disc/80370/081220200730469789_tse-qcedjpsm-80370-20200730469789-ixbrl.htm
2020-08-06	四半期	当期第1四半期累計				代表者の役職	TitleRepresentative			代表取締役社長	CurrentAccumulatedQ1Instant	/disc/80370/081220200730469789_tse-qcedjpsm-80370-20200730469789-ixbrl.htm
2020-08-06	四半期	当期第1四半期累計				代表者名	NameRepresentative			亀井文行	CurrentAccumulatedQ1Instant	/disc/80370/081220200730469789_tse-qcedjpsm-80370-20200730469789-ixbrl.htm
2020-08-06	四半期	当期第1四半期累計					TitleInquiries			管理部長	CurrentAccumulatedQ1Instant	/disc/80370/081220200730469789_tse-qcedjpsm-80370-20200730469789-ixbrl.htm
2020-08-06	四半期	当期第1四半期累計					NameInquiries			遠藤忠章	CurrentAccumulatedQ1Instant	/disc/80370/081220200730469789_tse-qcedjpsm-80370-20200730469789-ixbrl.htm
2020-08-06	四半期	当期第1四半期累計					Tel			022-264-6112	CurrentAccumulatedQ1Instant	/disc/80370/081220200730469789_tse-qcedjpsm-80370-20200730469789-ixbrl.htm
2020-08-06	四半期	当期第1四半期累計					QuarterlyStatementFilingDateAsPlanned			令和2年8月6日	CurrentAccumulatedQ1Instant	/disc/80370/081220200730469789_tse-qcedjpsm-80370-20200730469789-ixbrl.htm
2020-08-06	四半期	当期第1四半期累計					SupplementalMaterialOfQuarterlyResults			無	CurrentAccumulatedQ1Instant	/disc/80370/081220200730469789_tse-qcedjpsm-80370-20200730469789-ixbrl.htm
2020-08-06	四半期	当期第1四半期累計					ConveningBriefingOfQuarterlyResults			無	CurrentAccumulatedQ1Instant	/disc/80370/081220200730469789_tse-qcedjpsm-80370-20200730469789-ixbrl.htm
2020-08-06	四半期	当期第1四半期累計					NoteToFractionProcessingMethod			（百万円未満切捨て）	CurrentAccumulatedQ1Instant	/disc/80370/081220200730469789_tse-qcedjpsm-80370-20200730469789-ixbrl.htm
2020-08-06	四半期	当期第1四半期累計	連結	実績		売上高	NetSales	82385000000	JPY	82,385	CurrentAccumulatedQ1Duration_ConsolidatedMember_ResultMember	/disc/80370/081220200730469789_tse-qcedjpsm-80370-20200730469789-ixbrl.htm
2020-08-06	四半期	当期第1四半期累計	連結	実績		売上高の増減率	ChangeInNetSales	-0.212	Pure	21.2	CurrentAccumulatedQ1Duration_ConsolidatedMember_ResultMember	/disc/80370/081220200730469789_tse-qcedjpsm-80370-20200730469789-ixbrl.htm
2020-08-06	四半期	当期第1四半期累計	連結	実績		営業利益	OperatingIncome	1525000000	JPY	1,525	CurrentAccumulatedQ1Duration_ConsolidatedMember_ResultMember	/disc/80370/081220200730469789_tse-qcedjpsm-80370-20200730469789-ixbrl.htm
2020-08-06	四半期	当期第1四半期累計	連結	実績		営業利益の増減率	ChangeInOperatingIncome	-0.195	Pure	19.5	CurrentAccumulatedQ1Duration_ConsolidatedMember_ResultMember	/disc/80370/081220200730469789_tse-qcedjpsm-80370-20200730469789-ixbrl.htm
2020-08-06	四半期	当期第1四半期累計	連結	実績		経常利益	OrdinaryIncome	1796000000	JPY	1,796	CurrentAccumulatedQ1Duration_ConsolidatedMember_ResultMember	/disc/80370/081220200730469789_tse-qcedjpsm-80370-20200730469789-ixbrl.htm
2020-08-06	四半期	当期第1四半期累計	連結	実績		経常利益の増減率	ChangeInOrdinaryIncome	-0.196	Pure	19.6	CurrentAccumulatedQ1Duration_ConsolidatedMember_ResultMember	/disc/80370/081220200730469789_tse-qcedjpsm-80370-20200730469789-ixbrl.htm
2020-08-06	四半期	当期第1四半期累計	連結	実績		親会社株主に帰属する当期純利益	ProfitAttributableToOwnersOfParent	1358000000	JPY	1,358	CurrentAccumulatedQ1Duration_ConsolidatedMember_ResultMember	/disc/80370/081220200730469789_tse-qcedjpsm-80370-20200730469789-ixbrl.htm
2020-08-06	四半期	当期第1四半期累計	連結	実績		親会社株主に帰属する当期純利益の増減率	ChangeInProfitAttributableToOwnersOfParent	0.057	Pure	5.7	CurrentAccumulatedQ1Duration_ConsolidatedMember_ResultMember	/disc/80370/081220200730469789_tse-qcedjpsm-80370-20200730469789-ixbrl.htm
2020-08-06	四半期	前期第1四半期累計	連結	実績		売上高	NetSales	104485000000	JPY	104,485	PriorAccumulatedQ1Duration_ConsolidatedMember_ResultMember	/disc/80370/081220200730469789_tse-qcedjpsm-80370-20200730469789-ixbrl.htm
2020-08-06	四半期	前期第1四半期累計	連結	実績		売上高の増減率	ChangeInNetSales	-0.023	Pure	2.3	PriorAccumulatedQ1Duration_ConsolidatedMember_ResultMember	/disc/80370/081220200730469789_tse-qcedjpsm-80370-20200730469789-ixbrl.htm
2020-08-06	四半期	前期第1四半期累計	連結	実績		営業利益	OperatingIncome	1895000000	JPY	1,895	PriorAccumulatedQ1Duration_ConsolidatedMember_ResultMember	/disc/80370/081220200730469789_tse-qcedjpsm-80370-20200730469789-ixbrl.htm
2020-08-06	四半期	前期第1四半期累計	連結	実績		営業利益の増減率	ChangeInOperatingIncome	0.091	Pure	9.1	PriorAccumulatedQ1Duration_ConsolidatedMember_ResultMember	/disc/80370/081220200730469789_tse-qcedjpsm-80370-20200730469789-ixbrl.htm
2020-08-06	四半期	前期第1四半期累計	連結	実績		経常利益	OrdinaryIncome	2233000000	JPY	2,233	PriorAccumulatedQ1Duration_ConsolidatedMember_ResultMember	/disc/80370/081220200730469789_tse-qcedjpsm-80370-20200730469789-ixbrl.htm
2020-08-06	四半期	前期第1四半期累計	連結	実績		経常利益の増減率	ChangeInOrdinaryIncome	0.072	Pure	7.2	PriorAccumulatedQ1Duration_ConsolidatedMember_ResultMember	/disc/80370/081220200730469789_tse-qcedjpsm-80370-20200730469789-ixbrl.htm
2020-08-06	四半期	前期第1四半期累計	連結	実績		親会社株主に帰属する当期純利益	ProfitAttributableToOwnersOfParent	1285000000	JPY	1,285	PriorAccumulatedQ1Duration_ConsolidatedMember_ResultMember	/disc/80370/081220200730469789_tse-qcedjpsm-80370-20200730469789-ixbrl.htm
2020-08-06	四半期	前期第1四半期累計	連結	実績		親会社株主に帰属する当期純利益の増減率	ChangeInProfitAttributableToOwnersOfParent	-0.047	Pure	4.7	PriorAccumulatedQ1Duration_ConsolidatedMember_ResultMember	/disc/80370/081220200730469789_tse-qcedjpsm-80370-20200730469789-ixbrl.htm
2020-08-06	四半期	当期第1四半期累計	連結	実績		包括利益	ComprehensiveIncome	1503000000	JPY	1,503	CurrentAccumulatedQ1Duration_ConsolidatedMember_ResultMember	/disc/80370/081220200730469789_tse-qcedjpsm-80370-20200730469789-ixbrl.htm
2020-08-06	四半期	当期第1四半期累計	連結	実績		包括利益の増減率	ChangeInComprehensiveIncome	0.169	Pure	16.9	CurrentAccumulatedQ1Duration_ConsolidatedMember_ResultMember	/disc/80370/081220200730469789_tse-qcedjpsm-80370-20200730469789-ixbrl.htm
2020-08-06	四半期	前期第1四半期累計	連結	実績		包括利益	ComprehensiveIncome	1285000000	JPY	1,285	PriorAccumulatedQ1Duration_ConsolidatedMember_ResultMember	/disc/80370/081220200730469789_tse-qcedjpsm-80370-20200730469789-ixbrl.htm
2020-08-06	四半期	前期第1四半期累計	連結	実績		包括利益の増減率	ChangeInComprehensiveIncome	1.206	Pure	120.6	PriorAccumulatedQ1Duration_ConsolidatedMember_ResultMember	/disc/80370/081220200730469789_tse-qcedjpsm-80370-20200730469789-ixbrl.htm
2020-08-06	四半期	当期第1四半期累計	連結	実績		1株当たり当期純利益	NetIncomePerShare	40.42	JPYPerShares	40.42	CurrentAccumulatedQ1Duration_ConsolidatedMember_ResultMember	/disc/80370/081220200730469789_tse-qcedjpsm-80370-20200730469789-ixbrl.htm
2020-08-06	四半期	前期第1四半期累計	連結	実績		1株当たり当期純利益	NetIncomePerShare	38.26	JPYPerShares	38.26	PriorAccumulatedQ1Duration_ConsolidatedMember_ResultMember	/disc/80370/081220200730469789_tse-qcedjpsm-80370-20200730469789-ixbrl.htm
2020-08-06	四半期	当期第1四半期累計	連結	実績		総資産	TotalAssets	233781000000	JPY	233,781	CurrentAccumulatedQ1Instant_ConsolidatedMember_ResultMember	/disc/80370/081220200730469789_tse-qcedjpsm-80370-20200730469789-ixbrl.htm
2020-08-06	四半期	当期第1四半期累計	連結	実績		純資産	NetAssets	113433000000	JPY	113,433	CurrentAccumulatedQ1Instant_ConsolidatedMember_ResultMember	/disc/80370/081220200730469789_tse-qcedjpsm-80370-20200730469789-ixbrl.htm
2020-08-06	四半期	当期第1四半期累計	連結	実績		自己資本比率	CapitalAdequacyRatio	0.460	Pure	46.0	CurrentAccumulatedQ1Instant_ConsolidatedMember_ResultMember	/disc/80370/081220200730469789_tse-qcedjpsm-80370-20200730469789-ixbrl.htm
2020-08-06	四半期	当期第1四半期累計	連結	実績		1株当たり純資産	NetAssetsPerShare	3198.40	JPYPerShares	3,198.40	CurrentAccumulatedQ1Instant_ConsolidatedMember_ResultMember	/disc/80370/081220200730469789_tse-qcedjpsm-80370-20200730469789-ixbrl.htm
2020-08-06	四半期	前期	連結	実績		総資産	TotalAssets	243448000000	JPY	243,448	PriorYearInstant_ConsolidatedMember_ResultMember	/disc/80370/081220200730469789_tse-qcedjpsm-80370-20200730469789-ixbrl.htm
2020-08-06	四半期	前期	連結	実績		純資産	NetAssets	112508000000	JPY	112,508	PriorYearInstant_ConsolidatedMember_ResultMember	/disc/80370/081220200730469789_tse-qcedjpsm-80370-20200730469789-ixbrl.htm
2020-08-06	四半期	前期	連結	実績		自己資本比率	CapitalAdequacyRatio	0.438	Pure	43.8	PriorYearInstant_ConsolidatedMember_ResultMember	/disc/80370/081220200730469789_tse-qcedjpsm-80370-20200730469789-ixbrl.htm
2020-08-06	四半期	前期	連結	実績		1株当たり純資産	NetAssetsPerShare	3173.47	JPYPerShares	3,173.47	PriorYearInstant_ConsolidatedMember_ResultMember	/disc/80370/081220200730469789_tse-qcedjpsm-80370-20200730469789-ixbrl.htm
2020-08-06	四半期	当期第1四半期累計	連結	実績		自己資本	OwnersEquity	107468000000	JPY	107,468	CurrentAccumulatedQ1Instant_ConsolidatedMember_ResultMember	/disc/80370/081220200730469789_tse-qcedjpsm-80370-20200730469789-ixbrl.htm
2020-08-06	四半期	前期	連結	実績		自己資本	OwnersEquity	106630000000	JPY	106,630	PriorYearInstant_ConsolidatedMember_ResultMember	/disc/80370/081220200730469789_tse-qcedjpsm-80370-20200730469789-ixbrl.htm
2020-08-06	四半期	前期	単体	実績	第2四半期末	1株当たり配当金	DividendPerShare	15.00	JPYPerShares	15.00	PriorYearDuration_SecondQuarterMember_NonConsolidatedMember_ResultMember	/disc/80370/081220200730469789_tse-qcedjpsm-80370-20200730469789-ixbrl.htm
2020-08-06	四半期	前期	単体	実績	期末	1株当たり配当金	DividendPerShare	15.00	JPYPerShares	15.00	PriorYearDuration_YearEndMember_NonConsolidatedMember_ResultMember	/disc/80370/081220200730469789_tse-qcedjpsm-80370-20200730469789-ixbrl.htm
2020-08-06	四半期	前期	単体	実績	合計	1株当たり配当金	DividendPerShare	30.00	JPYPerShares	30.00	PriorYearDuration_AnnualMember_NonConsolidatedMember_ResultMember	/disc/80370/081220200730469789_tse-qcedjpsm-80370-20200730469789-ixbrl.htm
2020-08-06	四半期	当期	単体	実績	合計	当四半期における配当予想の修正	CorrectionOfDividendForecastInThisQuarter			無	CurrentYearDuration_AnnualMember_NonConsolidatedMember_ResultMember	/disc/80370/081220200730469789_tse-qcedjpsm-80370-20200730469789-ixbrl.htm
2020-08-06	四半期	当期第1四半期累計	単体	実績	合計	配当の注記	NoteToDividends			（注）令和３年３月期の配当予想については、現時点では未定としております。	CurrentAccumulatedQ1Duration_AnnualMember_NonConsolidatedMember_ResultMember	/disc/80370/081220200730469789_tse-qcedjpsm-80370-20200730469789-ixbrl.htm
2020-08-06	四半期	当期	連結	予想		業績予想の見出し	TitleForForecasts			3. 令和 3年 3月期の連結業績予想（令和 2年 4月 1日～令和 3年 3月31日）	CurrentYearDuration_ConsolidatedMember_ForecastMember	/disc/80370/081220200730469789_tse-qcedjpsm-80370-20200730469789-ixbrl.htm
2020-08-06	四半期	当期	連結	予想			PreambleToForecasts			令和３年３月期の連結業績予想につきましては、新型コロナウイルス感染症などによる影響を合理的に算定することが困難なことから、現時点では未定としております。業績予想の開示が可能となった段階で、速やかに開示いたします。	CurrentYearDuration_ConsolidatedMember_ForecastMember	/disc/80370/081220200730469789_tse-qcedjpsm-80370-20200730469789-ixbrl.htm
2020-08-06	四半期	当期第1四半期累計	連結	実績			MaterialChangesInSubsidiariesDuringThisPeriodChangesInScopeOfConsolidationsResultingFromChangeIsSubsidiaries			無	CurrentAccumulatedQ1Duration_ConsolidatedMember_ResultMember	/disc/80370/081220200730469789_tse-qcedjpsm-80370-20200730469789-ixbrl.htm
2020-08-06	四半期	当期第1四半期累計	連結	実績			ApplyingOfSpecificAccountingOfTheConsolidatedQuarterlyFinancialStatements			無	CurrentAccumulatedQ1Duration_ConsolidatedMember_ResultMember	/disc/80370/081220200730469789_tse-qcedjpsm-80370-20200730469789-ixbrl.htm
2020-08-06	四半期	当期第1四半期累計	連結	実績		会計基準等の改正に伴う変更	ChangesBasedOnRevisionsOfAccountingStandard			無	CurrentAccumulatedQ1Duration_ConsolidatedMember_ResultMember	/disc/80370/081220200730469789_tse-qcedjpsm-80370-20200730469789-ixbrl.htm
2020-08-06	四半期	当期第1四半期累計	連結	実績		それ以外の会計方針の変更	ChangesOtherThanOnesBasedOnRevisionsOfAccountingStandard			無	CurrentAccumulatedQ1Duration_ConsolidatedMember_ResultMember	/disc/80370/081220200730469789_tse-qcedjpsm-80370-20200730469789-ixbrl.htm
2020-08-06	四半期	当期第1四半期累計	連結	実績		会計上の見積りの変更	ChangesInAccountingEstimates			無	CurrentAccumulatedQ1Duration_ConsolidatedMember_ResultMember	/disc/80370/081220200730469789_tse-qcedjpsm-80370-20200730469789-ixbrl.htm
2020-08-06	四半期	当期第1四半期累計	連結	実績		修正再表示	RetrospectiveRestatement			無	CurrentAccumulatedQ1Duration_ConsolidatedMember_ResultMember	/disc/80370/081220200730469789_tse-qcedjpsm-80370-20200730469789-ixbrl.htm
2020-08-06	四半期	当期第1四半期累計	単体	実績		期末発行済株式数(自己株式を含む)	NumberOfIssuedAndOutstandingSharesAtTheEndOfFiscalYearIncludingTreasuryStock	37591969	Shares	37,591,969	CurrentAccumulatedQ1Instant_NonConsolidatedMember_ResultMember	/disc/80370/081220200730469789_tse-qcedjpsm-80370-20200730469789-ixbrl.htm
2020-08-06	四半期	前期	単体	実績		期末発行済株式数(自己株式を含む)	NumberOfIssuedAndOutstandingSharesAtTheEndOfFiscalYearIncludingTreasuryStock	37591969	Shares	37,591,969	PriorYearInstant_NonConsolidatedMember_ResultMember	/disc/80370/081220200730469789_tse-qcedjpsm-80370-20200730469789-ixbrl.htm
2020-08-06	四半期	当期第1四半期累計	単体	実績		期末自己株式数	NumberOfTreasuryStockAtTheEndOfFiscalYear	3991183	Shares	3,991,183	CurrentAccumulatedQ1Instant_NonConsolidatedMember_ResultMember	/disc/80370/081220200730469789_tse-qcedjpsm-80370-20200730469789-ixbrl.htm
2020-08-06	四半期	前期	単体	実績		期末自己株式数	NumberOfTreasuryStockAtTheEndOfFiscalYear	3991183	Shares	3,991,183	PriorYearInstant_NonConsolidatedMember_ResultMember	/disc/80370/081220200730469789_tse-qcedjpsm-80370-20200730469789-ixbrl.htm
2020-08-06	四半期	当期第1四半期累計	単体	実績		期中平均株式数	AverageNumberOfShares	33600786	Shares	33,600,786	CurrentAccumulatedQ1Duration_NonConsolidatedMember_ResultMember	/disc/80370/081220200730469789_tse-qcedjpsm-80370-20200730469789-ixbrl.htm
2020-08-06	四半期	前期第1四半期累計	単体	実績		期中平均株式数	AverageNumberOfShares	33600897	Shares	33,600,897	PriorAccumulatedQ1Duration_NonConsolidatedMember_ResultMember	/disc/80370/081220200730469789_tse-qcedjpsm-80370-20200730469789-ixbrl.htm
2020-08-06	四半期	当期				将来情報の利用に関する注意	NotesForUsingForecastedInformationAndOthers			本資料に記載されている業績見通し等の将来に関する記述は、当社が現在入手している情報及び合理的であると判断する一定の前提に基づいており、その達成を当社として約束する趣旨のものではありません。また、実際の業績等は様々な要因により大きく異なる可能性があります。業績予想の前提となる条件及び業績予想のご利用に当たっての注意事項等については、添付資料４ページ「１．当四半期決算に関する定性的情報（３）連結業績予想などの将来予測情報に関する説明」をご覧ください。	CurrentYearDuration	/disc/80370/081220200730469789_tse-qcedjpsm-80370-20200730469789-ixbrl.htm
2020-08-06	四半期	当期				決算期末	FiscalYearEnd			2021-03-31	CurrentYearInstant	/disc/80370/081220200730469789_tse-qcedjpsm-80370-20200730469789-ixbrl.htm
2020-08-06	四半期	当期第1四半期累計				四半期	QuarterlyPeriod	1	Pure	1	CurrentAccumulatedQ1Instant	/disc/80370/081220200730469789_tse-qcedjpsm-80370-20200730469789-ixbrl.htm
2020-11-11	四半期	当期第2四半期累計				書類名	DocumentName			第2四半期決算短信〔日本基準〕（連結）	CurrentAccumulatedQ2Instant	/disc/80370/081220201031413574_tse-qcedjpsm-80370-20201031413574-ixbrl.htm
2020-11-11	四半期	当期第2四半期累計				提出日	FilingDate			令和2年11月11日	CurrentAccumulatedQ2Instant	/disc/80370/081220201031413574_tse-qcedjpsm-80370-20201031413574-ixbrl.htm
2020-11-11	四半期	当期第2四半期累計				会社名	CompanyName			カメイ株式会社	CurrentAccumulatedQ2Instant	/disc/80370/081220201031413574_tse-qcedjpsm-80370-20201031413574-ixbrl.htm
2020-11-11	四半期	当期第2四半期累計					TokyoStockExchange			東	CurrentAccumulatedQ2Instant	/disc/80370/081220201031413574_tse-qcedjpsm-80370-20201031413574-ixbrl.htm
2020-11-11	四半期	当期第2四半期累計				証券コード	SecuritiesCode			80370	CurrentAccumulatedQ2Instant	/disc/80370/081220201031413574_tse-qcedjpsm-80370-20201031413574-ixbrl.htm
2020-11-11	四半期	当期第2四半期累計				URL	URL			http://www.kamei.co.jp/	CurrentAccumulatedQ2Instant	/disc/80370/081220201031413574_tse-qcedjpsm-80370-20201031413574-ixbrl.htm
2020-11-11	四半期	当期第2四半期累計				代表者の役職	TitleRepresentative			代表取締役社長	CurrentAccumulatedQ2Instant	/disc/80370/081220201031413574_tse-qcedjpsm-80370-20201031413574-ixbrl.htm
2020-11-11	四半期	当期第2四半期累計				代表者名	NameRepresentative			亀井文行	CurrentAccumulatedQ2Instant	/disc/80370/081220201031413574_tse-qcedjpsm-80370-20201031413574-ixbrl.htm
2020-11-11	四半期	当期第2四半期累計					TitleInquiries			管理部長	CurrentAccumulatedQ2Instant	/disc/80370/081220201031413574_tse-qcedjpsm-80370-20201031413574-ixbrl.htm
2020-11-11	四半期	当期第2四半期累計					NameInquiries			遠藤忠章	CurrentAccumulatedQ2Instant	/disc/80370/081220201031413574_tse-qcedjpsm-80370-20201031413574-ixbrl.htm
2020-11-11	四半期	当期第2四半期累計					Tel			022-264-6112	CurrentAccumulatedQ2Instant	/disc/80370/081220201031413574_tse-qcedjpsm-80370-20201031413574-ixbrl.htm
2020-11-11	四半期	当期第2四半期累計					QuarterlyStatementFilingDateAsPlanned			令和2年11月13日	CurrentAccumulatedQ2Instant	/disc/80370/081220201031413574_tse-qcedjpsm-80370-20201031413574-ixbrl.htm
2020-11-11	四半期	当期第2四半期累計					DividendPayableDateAsPlanned			令和2年12月4日	CurrentAccumulatedQ2Instant	/disc/80370/081220201031413574_tse-qcedjpsm-80370-20201031413574-ixbrl.htm
2020-11-11	四半期	当期第2四半期累計					SupplementalMaterialOfQuarterlyResults			無	CurrentAccumulatedQ2Instant	/disc/80370/081220201031413574_tse-qcedjpsm-80370-20201031413574-ixbrl.htm
2020-11-11	四半期	当期第2四半期累計					ConveningBriefingOfQuarterlyResults			無	CurrentAccumulatedQ2Instant	/disc/80370/081220201031413574_tse-qcedjpsm-80370-20201031413574-ixbrl.htm
2020-11-11	四半期	当期第2四半期累計					NoteToFractionProcessingMethod			（百万円未満切捨て）	CurrentAccumulatedQ2Instant	/disc/80370/081220201031413574_tse-qcedjpsm-80370-20201031413574-ixbrl.htm
2020-11-11	四半期	当期第2四半期累計	連結	実績		売上高	NetSales	173024000000	JPY	173,024	CurrentAccumulatedQ2Duration_ConsolidatedMember_ResultMember	/disc/80370/081220201031413574_tse-qcedjpsm-80370-20201031413574-ixbrl.htm
2020-11-11	四半期	当期第2四半期累計	連結	実績		売上高の増減率	ChangeInNetSales	-0.183	Pure	18.3	CurrentAccumulatedQ2Duration_ConsolidatedMember_ResultMember	/disc/80370/081220201031413574_tse-qcedjpsm-80370-20201031413574-ixbrl.htm
2020-11-11	四半期	当期第2四半期累計	連結	実績		営業利益	OperatingIncome	3505000000	JPY	3,505	CurrentAccumulatedQ2Duration_ConsolidatedMember_ResultMember	/disc/80370/081220201031413574_tse-qcedjpsm-80370-20201031413574-ixbrl.htm
2020-11-11	四半期	当期第2四半期累計	連結	実績		営業利益の増減率	ChangeInOperatingIncome	-0.096	Pure	9.6	CurrentAccumulatedQ2Duration_ConsolidatedMember_ResultMember	/disc/80370/081220201031413574_tse-qcedjpsm-80370-20201031413574-ixbrl.htm
2020-11-11	四半期	当期第2四半期累計	連結	実績		経常利益	OrdinaryIncome	4089000000	JPY	4,089	CurrentAccumulatedQ2Duration_ConsolidatedMember_ResultMember	/disc/80370/081220201031413574_tse-qcedjpsm-80370-20201031413574-ixbrl.htm
2020-11-11	四半期	当期第2四半期累計	連結	実績		経常利益の増減率	ChangeInOrdinaryIncome	-0.078	Pure	7.8	CurrentAccumulatedQ2Duration_ConsolidatedMember_ResultMember	/disc/80370/081220201031413574_tse-qcedjpsm-80370-20201031413574-ixbrl.htm
2020-11-11	四半期	当期第2四半期累計	連結	実績		親会社株主に帰属する当期純利益	ProfitAttributableToOwnersOfParent	2724000000	JPY	2,724	CurrentAccumulatedQ2Duration_ConsolidatedMember_ResultMember	/disc/80370/081220201031413574_tse-qcedjpsm-80370-20201031413574-ixbrl.htm
2020-11-11	四半期	当期第2四半期累計	連結	実績		親会社株主に帰属する当期純利益の増減率	ChangeInProfitAttributableToOwnersOfParent	0.092	Pure	9.2	CurrentAccumulatedQ2Duration_ConsolidatedMember_ResultMember	/disc/80370/081220201031413574_tse-qcedjpsm-80370-20201031413574-ixbrl.htm
2020-11-11	四半期	前期第2四半期累計	連結	実績		売上高	NetSales	211907000000	JPY	211,907	PriorAccumulatedQ2Duration_ConsolidatedMember_ResultMember	/disc/80370/081220201031413574_tse-qcedjpsm-80370-20201031413574-ixbrl.htm
2020-11-11	四半期	前期第2四半期累計	連結	実績		売上高の増減率	ChangeInNetSales	-0.023	Pure	2.3	PriorAccumulatedQ2Duration_ConsolidatedMember_ResultMember	/disc/80370/081220201031413574_tse-qcedjpsm-80370-20201031413574-ixbrl.htm
2020-11-11	四半期	前期第2四半期累計	連結	実績		営業利益	OperatingIncome	3875000000	JPY	3,875	PriorAccumulatedQ2Duration_ConsolidatedMember_ResultMember	/disc/80370/081220201031413574_tse-qcedjpsm-80370-20201031413574-ixbrl.htm
2020-11-11	四半期	前期第2四半期累計	連結	実績		営業利益の増減率	ChangeInOperatingIncome	0.304	Pure	30.4	PriorAccumulatedQ2Duration_ConsolidatedMember_ResultMember	/disc/80370/081220201031413574_tse-qcedjpsm-80370-20201031413574-ixbrl.htm
2020-11-11	四半期	前期第2四半期累計	連結	実績		経常利益	OrdinaryIncome	4437000000	JPY	4,437	PriorAccumulatedQ2Duration_ConsolidatedMember_ResultMember	/disc/80370/081220201031413574_tse-qcedjpsm-80370-20201031413574-ixbrl.htm
2020-11-11	四半期	前期第2四半期累計	連結	実績		経常利益の増減率	ChangeInOrdinaryIncome	0.147	Pure	14.7	PriorAccumulatedQ2Duration_ConsolidatedMember_ResultMember	/disc/80370/081220201031413574_tse-qcedjpsm-80370-20201031413574-ixbrl.htm
2020-11-11	四半期	前期第2四半期累計	連結	実績		親会社株主に帰属する当期純利益	ProfitAttributableToOwnersOfParent	2495000000	JPY	2,495	PriorAccumulatedQ2Duration_ConsolidatedMember_ResultMember	/disc/80370/081220201031413574_tse-qcedjpsm-80370-20201031413574-ixbrl.htm
2020-11-11	四半期	前期第2四半期累計	連結	実績		親会社株主に帰属する当期純利益の増減率	ChangeInProfitAttributableToOwnersOfParent	0.021	Pure	2.1	PriorAccumulatedQ2Duration_ConsolidatedMember_ResultMember	/disc/80370/081220201031413574_tse-qcedjpsm-80370-20201031413574-ixbrl.htm
2020-11-11	四半期	当期第2四半期累計	連結	実績		包括利益	ComprehensiveIncome	3006000000	JPY	3,006	CurrentAccumulatedQ2Duration_ConsolidatedMember_ResultMember	/disc/80370/081220201031413574_tse-qcedjpsm-80370-20201031413574-ixbrl.htm
2020-11-11	四半期	当期第2四半期累計	連結	実績		包括利益の増減率	ChangeInComprehensiveIncome	0.376	Pure	37.6	CurrentAccumulatedQ2Duration_ConsolidatedMember_ResultMember	/disc/80370/081220201031413574_tse-qcedjpsm-80370-20201031413574-ixbrl.htm
2020-11-11	四半期	前期第2四半期累計	連結	実績		包括利益	ComprehensiveIncome	2184000000	JPY	2,184	PriorAccumulatedQ2Duration_ConsolidatedMember_ResultMember	/disc/80370/081220201031413574_tse-qcedjpsm-80370-20201031413574-ixbrl.htm
2020-11-11	四半期	前期第2四半期累計	連結	実績		包括利益の増減率	ChangeInComprehensiveIncome	-0.101	Pure	10.1	PriorAccumulatedQ2Duration_ConsolidatedMember_ResultMember	/disc/80370/081220201031413574_tse-qcedjpsm-80370-20201031413574-ixbrl.htm
2020-11-11	四半期	当期第2四半期累計	連結	実績		1株当たり当期純利益	NetIncomePerShare	81.08	JPYPerShares	81.08	CurrentAccumulatedQ2Duration_ConsolidatedMember_ResultMember	/disc/80370/081220201031413574_tse-qcedjpsm-80370-20201031413574-ixbrl.htm
2020-11-11	四半期	前期第2四半期累計	連結	実績		1株当たり当期純利益	NetIncomePerShare	74.27	JPYPerShares	74.27	PriorAccumulatedQ2Duration_ConsolidatedMember_ResultMember	/disc/80370/081220201031413574_tse-qcedjpsm-80370-20201031413574-ixbrl.htm
2020-11-11	四半期	当期第2四半期累計	連結	実績		総資産	TotalAssets	242427000000	JPY	242,427	CurrentAccumulatedQ2Instant_ConsolidatedMember_ResultMember	/disc/80370/081220201031413574_tse-qcedjpsm-80370-20201031413574-ixbrl.htm
2020-11-11	四半期	当期第2四半期累計	連結	実績		純資産	NetAssets	114937000000	JPY	114,937	CurrentAccumulatedQ2Instant_ConsolidatedMember_ResultMember	/disc/80370/081220201031413574_tse-qcedjpsm-80370-20201031413574-ixbrl.htm
2020-11-11	四半期	当期第2四半期累計	連結	実績		自己資本比率	CapitalAdequacyRatio	0.449	Pure	44.9	CurrentAccumulatedQ2Instant_ConsolidatedMember_ResultMember	/disc/80370/081220201031413574_tse-qcedjpsm-80370-20201031413574-ixbrl.htm
2020-11-11	四半期	当期第2四半期累計	連結	実績		1株当たり純資産	NetAssetsPerShare	3240.66	JPYPerShares	3,240.66	CurrentAccumulatedQ2Instant_ConsolidatedMember_ResultMember	/disc/80370/081220201031413574_tse-qcedjpsm-80370-20201031413574-ixbrl.htm
2020-11-11	四半期	前期	連結	実績		総資産	TotalAssets	243448000000	JPY	243,448	PriorYearInstant_ConsolidatedMember_ResultMember	/disc/80370/081220201031413574_tse-qcedjpsm-80370-20201031413574-ixbrl.htm
2020-11-11	四半期	前期	連結	実績		純資産	NetAssets	112508000000	JPY	112,508	PriorYearInstant_ConsolidatedMember_ResultMember	/disc/80370/081220201031413574_tse-qcedjpsm-80370-20201031413574-ixbrl.htm
2020-11-11	四半期	前期	連結	実績		自己資本比率	CapitalAdequacyRatio	0.438	Pure	43.8	PriorYearInstant_ConsolidatedMember_ResultMember	/disc/80370/081220201031413574_tse-qcedjpsm-80370-20201031413574-ixbrl.htm
2020-11-11	四半期	前期	連結	実績		1株当たり純資産	NetAssetsPerShare	3173.47	JPYPerShares	3,173.47	PriorYearInstant_ConsolidatedMember_ResultMember	/disc/80370/081220201031413574_tse-qcedjpsm-80370-20201031413574-ixbrl.htm
2020-11-11	四半期	当期第2四半期累計	連結	実績		自己資本	OwnersEquity	108888000000	JPY	108,888	CurrentAccumulatedQ2Instant_ConsolidatedMember_ResultMember	/disc/80370/081220201031413574_tse-qcedjpsm-80370-20201031413574-ixbrl.htm
2020-11-11	四半期	前期	連結	実績		自己資本	OwnersEquity	106630000000	JPY	106,630	PriorYearInstant_ConsolidatedMember_ResultMember	/disc/80370/081220201031413574_tse-qcedjpsm-80370-20201031413574-ixbrl.htm
2020-11-11	四半期	前期	単体	実績	第2四半期末	1株当たり配当金	DividendPerShare	15.00	JPYPerShares	15.00	PriorYearDuration_SecondQuarterMember_NonConsolidatedMember_ResultMember	/disc/80370/081220201031413574_tse-qcedjpsm-80370-20201031413574-ixbrl.htm
2020-11-11	四半期	前期	単体	実績	期末	1株当たり配当金	DividendPerShare	15.00	JPYPerShares	15.00	PriorYearDuration_YearEndMember_NonConsolidatedMember_ResultMember	/disc/80370/081220201031413574_tse-qcedjpsm-80370-20201031413574-ixbrl.htm
2020-11-11	四半期	前期	単体	実績	合計	1株当たり配当金	DividendPerShare	30.00	JPYPerShares	30.00	PriorYearDuration_AnnualMember_NonConsolidatedMember_ResultMember	/disc/80370/081220201031413574_tse-qcedjpsm-80370-20201031413574-ixbrl.htm
2020-11-11	四半期	当期	単体	実績	第2四半期末	1株当たり配当金	DividendPerShare	15.00	JPYPerShares	15.00	CurrentYearDuration_SecondQuarterMember_NonConsolidatedMember_ResultMember	/disc/80370/081220201031413574_tse-qcedjpsm-80370-20201031413574-ixbrl.htm
2020-11-11	四半期	当期	単体	予想	期末	1株当たり配当金	DividendPerShare	15.00	JPYPerShares	15.00	CurrentYearDuration_YearEndMember_NonConsolidatedMember_ForecastMember	/disc/80370/081220201031413574_tse-qcedjpsm-80370-20201031413574-ixbrl.htm
2020-11-11	四半期	当期	単体	予想	合計	1株当たり配当金	DividendPerShare	30.00	JPYPerShares	30.00	CurrentYearDuration_AnnualMember_NonConsolidatedMember_ForecastMember	/disc/80370/081220201031413574_tse-qcedjpsm-80370-20201031413574-ixbrl.htm
2020-11-11	四半期	当期	単体	実績	合計	当四半期における配当予想の修正	CorrectionOfDividendForecastInThisQuarter			有	CurrentYearDuration_AnnualMember_NonConsolidatedMember_ResultMember	/disc/80370/081220201031413574_tse-qcedjpsm-80370-20201031413574-ixbrl.htm
2020-11-11	四半期	当期第2四半期累計	単体	実績	合計	配当の注記	NoteToDividends			配当予想の修正については、本日公表の「令和３年３月期通期連結業績予想並びに剰余金の配当（中間配当）及び配当予想に関するお知らせ」をご覧ください。	CurrentAccumulatedQ2Duration_AnnualMember_NonConsolidatedMember_ResultMember	/disc/80370/081220201031413574_tse-qcedjpsm-80370-20201031413574-ixbrl.htm
2020-11-11	四半期	当期	連結	予想		業績予想の見出し	TitleForForecasts			3. 令和 3年 3月期の連結業績予想（令和 2年 4月 1日～令和 3年 3月31日）	CurrentYearDuration_ConsolidatedMember_ForecastMember	/disc/80370/081220201031413574_tse-qcedjpsm-80370-20201031413574-ixbrl.htm
2020-11-11	四半期	当期	連結	予想		売上高	NetSales	384000000000	JPY	384,000	CurrentYearDuration_ConsolidatedMember_ForecastMember	/disc/80370/081220201031413574_tse-qcedjpsm-80370-20201031413574-ixbrl.htm
2020-11-11	四半期	当期	連結	予想		売上高の増減率	ChangeInNetSales	-0.154	Pure	15.4	CurrentYearDuration_ConsolidatedMember_ForecastMember	/disc/80370/081220201031413574_tse-qcedjpsm-80370-20201031413574-ixbrl.htm
2020-11-11	四半期	当期	連結	予想		営業利益	OperatingIncome	8200000000	JPY	8,200	CurrentYearDuration_ConsolidatedMember_ForecastMember	/disc/80370/081220201031413574_tse-qcedjpsm-80370-20201031413574-ixbrl.htm
2020-11-11	四半期	当期	連結	予想		営業利益の増減率	ChangeInOperatingIncome	-0.212	Pure	21.2	CurrentYearDuration_ConsolidatedMember_ForecastMember	/disc/80370/081220201031413574_tse-qcedjpsm-80370-20201031413574-ixbrl.htm
2020-11-11	四半期	当期	連結	予想		経常利益	OrdinaryIncome	9400000000	JPY	9,400	CurrentYearDuration_ConsolidatedMember_ForecastMember	/disc/80370/081220201031413574_tse-qcedjpsm-80370-20201031413574-ixbrl.htm
2020-11-11	四半期	当期	連結	予想		経常利益の増減率	ChangeInOrdinaryIncome	-0.200	Pure	20.0	CurrentYearDuration_ConsolidatedMember_ForecastMember	/disc/80370/081220201031413574_tse-qcedjpsm-80370-20201031413574-ixbrl.htm
2020-11-11	四半期	当期	連結	予想		当期純利益	NetIncome	6200000000	JPY	6,200	CurrentYearDuration_ConsolidatedMember_ForecastMember	/disc/80370/081220201031413574_tse-qcedjpsm-80370-20201031413574-ixbrl.htm
2020-11-11	四半期	当期	連結	予想		当期純利益の増減率	ChangeInNetIncome	-0.082	Pure	8.2	CurrentYearDuration_ConsolidatedMember_ForecastMember	/disc/80370/081220201031413574_tse-qcedjpsm-80370-20201031413574-ixbrl.htm
2020-11-11	四半期	当期	連結	予想		1株当たり当期純利益	NetIncomePerShare	184.52	JPYPerShares	184.52	CurrentYearDuration_ConsolidatedMember_ForecastMember	/disc/80370/081220201031413574_tse-qcedjpsm-80370-20201031413574-ixbrl.htm
2020-11-11	四半期	当期	連結	予想		当四半期における業績予想の修正	CorrectionOfConsolidatedFinancialForecastInThisQuarter			有	CurrentYearDuration_ConsolidatedMember_ForecastMember	/disc/80370/081220201031413574_tse-qcedjpsm-80370-20201031413574-ixbrl.htm
2020-11-11	四半期	当期	連結	予想		業績予想の注記	NoteToForecasts			連結業績予想の修正については、本日公表の「令和３年３月期通期連結業績予想並びに剰余金の配当（中間配当）及び配当予想に関するお知らせ」をご覧ください。	CurrentYearDuration_ConsolidatedMember_ForecastMember	/disc/80370/081220201031413574_tse-qcedjpsm-80370-20201031413574-ixbrl.htm
2020-11-11	四半期	当期第2四半期累計	連結	実績			MaterialChangesInSubsidiariesDuringThisPeriodChangesInScopeOfConsolidationsResultingFromChangeIsSubsidiaries			無	CurrentAccumulatedQ2Duration_ConsolidatedMember_ResultMember	/disc/80370/081220201031413574_tse-qcedjpsm-80370-20201031413574-ixbrl.htm
2020-11-11	四半期	当期第2四半期累計	連結	実績			ApplyingOfSpecificAccountingOfTheConsolidatedQuarterlyFinancialStatements			無	CurrentAccumulatedQ2Duration_ConsolidatedMember_ResultMember	/disc/80370/081220201031413574_tse-qcedjpsm-80370-20201031413574-ixbrl.htm
2020-11-11	四半期	当期第2四半期累計	連結	実績		会計基準等の改正に伴う変更	ChangesBasedOnRevisionsOfAccountingStandard			無	CurrentAccumulatedQ2Duration_ConsolidatedMember_ResultMember	/disc/80370/081220201031413574_tse-qcedjpsm-80370-20201031413574-ixbrl.htm
2020-11-11	四半期	当期第2四半期累計	連結	実績		それ以外の会計方針の変更	ChangesOtherThanOnesBasedOnRevisionsOfAccountingStandard			無	CurrentAccumulatedQ2Duration_ConsolidatedMember_ResultMember	/disc/80370/081220201031413574_tse-qcedjpsm-80370-20201031413574-ixbrl.htm
2020-11-11	四半期	当期第2四半期累計	連結	実績		会計上の見積りの変更	ChangesInAccountingEstimates			無	CurrentAccumulatedQ2Duration_ConsolidatedMember_ResultMember	/disc/80370/081220201031413574_tse-qcedjpsm-80370-20201031413574-ixbrl.htm
2020-11-11	四半期	当期第2四半期累計	連結	実績		修正再表示	RetrospectiveRestatement			無	CurrentAccumulatedQ2Duration_ConsolidatedMember_ResultMember	/disc/80370/081220201031413574_tse-qcedjpsm-80370-20201031413574-ixbrl.htm
2020-11-11	四半期	当期第2四半期累計	単体	実績		期末発行済株式数(自己株式を含む)	NumberOfIssuedAndOutstandingSharesAtTheEndOfFiscalYearIncludingTreasuryStock	37591969	Shares	37,591,969	CurrentAccumulatedQ2Instant_NonConsolidatedMember_ResultMember	/disc/80370/081220201031413574_tse-qcedjpsm-80370-20201031413574-ixbrl.htm
2020-11-11	四半期	前期	単体	実績		期末発行済株式数(自己株式を含む)	NumberOfIssuedAndOutstandingSharesAtTheEndOfFiscalYearIncludingTreasuryStock	37591969	Shares	37,591,969	PriorYearInstant_NonConsolidatedMember_ResultMember	/disc/80370/081220201031413574_tse-qcedjpsm-80370-20201031413574-ixbrl.htm
2020-11-11	四半期	当期第2四半期累計	単体	実績		期末自己株式数	NumberOfTreasuryStockAtTheEndOfFiscalYear	3991247	Shares	3,991,247	CurrentAccumulatedQ2Instant_NonConsolidatedMember_ResultMember	/disc/80370/081220201031413574_tse-qcedjpsm-80370-20201031413574-ixbrl.htm
2020-11-11	四半期	前期	単体	実績		期末自己株式数	NumberOfTreasuryStockAtTheEndOfFiscalYear	3991183	Shares	3,991,183	PriorYearInstant_NonConsolidatedMember_ResultMember	/disc/80370/081220201031413574_tse-qcedjpsm-80370-20201031413574-ixbrl.htm
2020-11-11	四半期	当期第2四半期累計	単体	実績		期中平均株式数	AverageNumberOfShares	33600781	Shares	33,600,781	CurrentAccumulatedQ2Duration_NonConsolidatedMember_ResultMember	/disc/80370/081220201031413574_tse-qcedjpsm-80370-20201031413574-ixbrl.htm
2020-11-11	四半期	前期第2四半期累計	単体	実績		期中平均株式数	AverageNumberOfShares	33600859	Shares	33,600,859	PriorAccumulatedQ2Duration_NonConsolidatedMember_ResultMember	/disc/80370/081220201031413574_tse-qcedjpsm-80370-20201031413574-ixbrl.htm
2020-11-11	四半期	当期				将来情報の利用に関する注意	NotesForUsingForecastedInformationAndOthers			本資料に記載されている業績見通し等の将来に関する記述は、当社が現在入手している情報及び合理的であると判断する一定の前提に基づいており、その達成を当社として約束する趣旨のものではありません。また、実際の業績等は様々な要因により大きく異なる可能性があります。業績予想の前提となる条件及び業績予想のご利用に当たっての注意事項等については、添付資料４ページ「１．当四半期決算に関する定性的情報（３）連結業績予想などの将来予測情報に関する説明」をご覧ください。	CurrentYearDuration	/disc/80370/081220201031413574_tse-qcedjpsm-80370-20201031413574-ixbrl.htm
2020-11-11	四半期	当期				決算期末	FiscalYearEnd			2021-03-31	CurrentYearInstant	/disc/80370/081220201031413574_tse-qcedjpsm-80370-20201031413574-ixbrl.htm
2020-11-11	四半期	当期第2四半期累計				四半期	QuarterlyPeriod	2	Pure	2	CurrentAccumulatedQ2Instant	/disc/80370/081220201031413574_tse-qcedjpsm-80370-20201031413574-ixbrl.htm
2021-02-09	四半期	当期第3四半期累計				書類名	DocumentName			第3四半期決算短信〔日本基準〕（連結）	CurrentAccumulatedQ3Instant	/disc/80370/081220210201453497_tse-qcedjpsm-80370-20210201453497-ixbrl.htm
2021-02-09	四半期	当期第3四半期累計				提出日	FilingDate			令和3年2月9日	CurrentAccumulatedQ3Instant	/disc/80370/081220210201453497_tse-qcedjpsm-80370-20210201453497-ixbrl.htm
2021-02-09	四半期	当期第3四半期累計				会社名	CompanyName			カメイ株式会社	CurrentAccumulatedQ3Instant	/disc/80370/081220210201453497_tse-qcedjpsm-80370-20210201453497-ixbrl.htm
2021-02-09	四半期	当期第3四半期累計					TokyoStockExchange			東	CurrentAccumulatedQ3Instant	/disc/80370/081220210201453497_tse-qcedjpsm-80370-20210201453497-ixbrl.htm
2021-02-09	四半期	当期第3四半期累計				証券コード	SecuritiesCode			80370	CurrentAccumulatedQ3Instant	/disc/80370/081220210201453497_tse-qcedjpsm-80370-20210201453497-ixbrl.htm
2021-02-09	四半期	当期第3四半期累計				URL	URL			http://www.kamei.co.jp/	CurrentAccumulatedQ3Instant	/disc/80370/081220210201453497_tse-qcedjpsm-80370-20210201453497-ixbrl.htm
2021-02-09	四半期	当期第3四半期累計				代表者の役職	TitleRepresentative			代表取締役社長	CurrentAccumulatedQ3Instant	/disc/80370/081220210201453497_tse-qcedjpsm-80370-20210201453497-ixbrl.htm
2021-02-09	四半期	当期第3四半期累計				代表者名	NameRepresentative			亀井文行	CurrentAccumulatedQ3Instant	/disc/80370/081220210201453497_tse-qcedjpsm-80370-20210201453497-ixbrl.htm
2021-02-09	四半期	当期第3四半期累計					TitleInquiries			管理部長	CurrentAccumulatedQ3Instant	/disc/80370/081220210201453497_tse-qcedjpsm-80370-20210201453497-ixbrl.htm
2021-02-09	四半期	当期第3四半期累計					NameInquiries			遠藤忠章	CurrentAccumulatedQ3Instant	/disc/80370/081220210201453497_tse-qcedjpsm-80370-20210201453497-ixbrl.htm
2021-02-09	四半期	当期第3四半期累計					Tel			022-264-6112	CurrentAccumulatedQ3Instant	/disc/80370/081220210201453497_tse-qcedjpsm-80370-20210201453497-ixbrl.htm
2021-02-09	四半期	当期第3四半期累計					QuarterlyStatementFilingDateAsPlanned			令和3年2月9日	CurrentAccumulatedQ3Instant	/disc/80370/081220210201453497_tse-qcedjpsm-80370-20210201453497-ixbrl.htm
2021-02-09	四半期	当期第3四半期累計					SupplementalMaterialOfQuarterlyResults			無	CurrentAccumulatedQ3Instant	/disc/80370/081220210201453497_tse-qcedjpsm-80370-20210201453497-ixbrl.htm
2021-02-09	四半期	当期第3四半期累計					ConveningBriefingOfQuarterlyResults			無	CurrentAccumulatedQ3Instant	/disc/80370/081220210201453497_tse-qcedjpsm-80370-20210201453497-ixbrl.htm
2021-02-09	四半期	当期第3四半期累計					NoteToFractionProcessingMethod			（百万円未満切捨て）	CurrentAccumulatedQ3Instant	/disc/80370/081220210201453497_tse-qcedjpsm-80370-20210201453497-ixbrl.htm
2021-02-09	四半期	当期第3四半期累計	連結	実績		売上高	NetSales	282926000000	JPY	282,926	CurrentAccumulatedQ3Duration_ConsolidatedMember_ResultMember	/disc/80370/081220210201453497_tse-qcedjpsm-80370-20210201453497-ixbrl.htm
2021-02-09	四半期	当期第3四半期累計	連結	実績		売上高の増減率	ChangeInNetSales	-0.149	Pure	14.9	CurrentAccumulatedQ3Duration_ConsolidatedMember_ResultMember	/disc/80370/081220210201453497_tse-qcedjpsm-80370-20210201453497-ixbrl.htm
2021-02-09	四半期	当期第3四半期累計	連結	実績		営業利益	OperatingIncome	6692000000	JPY	6,692	CurrentAccumulatedQ3Duration_ConsolidatedMember_ResultMember	/disc/80370/081220210201453497_tse-qcedjpsm-80370-20210201453497-ixbrl.htm
2021-02-09	四半期	当期第3四半期累計	連結	実績		営業利益の増減率	ChangeInOperatingIncome	0.069	Pure	6.9	CurrentAccumulatedQ3Duration_ConsolidatedMember_ResultMember	/disc/80370/081220210201453497_tse-qcedjpsm-80370-20210201453497-ixbrl.htm
2021-02-09	四半期	当期第3四半期累計	連結	実績		経常利益	OrdinaryIncome	7680000000	JPY	7,680	CurrentAccumulatedQ3Duration_ConsolidatedMember_ResultMember	/disc/80370/081220210201453497_tse-qcedjpsm-80370-20210201453497-ixbrl.htm
2021-02-09	四半期	当期第3四半期累計	連結	実績		経常利益の増減率	ChangeInOrdinaryIncome	0.016	Pure	1.6	CurrentAccumulatedQ3Duration_ConsolidatedMember_ResultMember	/disc/80370/081220210201453497_tse-qcedjpsm-80370-20210201453497-ixbrl.htm
2021-02-09	四半期	当期第3四半期累計	連結	実績		親会社株主に帰属する当期純利益	ProfitAttributableToOwnersOfParent	5025000000	JPY	5,025	CurrentAccumulatedQ3Duration_ConsolidatedMember_ResultMember	/disc/80370/081220210201453497_tse-qcedjpsm-80370-20210201453497-ixbrl.htm
2021-02-09	四半期	当期第3四半期累計	連結	実績		親会社株主に帰属する当期純利益の増減率	ChangeInProfitAttributableToOwnersOfParent	0.132	Pure	13.2	CurrentAccumulatedQ3Duration_ConsolidatedMember_ResultMember	/disc/80370/081220210201453497_tse-qcedjpsm-80370-20210201453497-ixbrl.htm
2021-02-09	四半期	前期第3四半期累計	連結	実績		売上高	NetSales	332585000000	JPY	332,585	PriorAccumulatedQ3Duration_ConsolidatedMember_ResultMember	/disc/80370/081220210201453497_tse-qcedjpsm-80370-20210201453497-ixbrl.htm
2021-02-09	四半期	前期第3四半期累計	連結	実績		売上高の増減率	ChangeInNetSales	-0.037	Pure	3.7	PriorAccumulatedQ3Duration_ConsolidatedMember_ResultMember	/disc/80370/081220210201453497_tse-qcedjpsm-80370-20210201453497-ixbrl.htm
2021-02-09	四半期	前期第3四半期累計	連結	実績		営業利益	OperatingIncome	6258000000	JPY	6,258	PriorAccumulatedQ3Duration_ConsolidatedMember_ResultMember	/disc/80370/081220210201453497_tse-qcedjpsm-80370-20210201453497-ixbrl.htm
2021-02-09	四半期	前期第3四半期累計	連結	実績		営業利益の増減率	ChangeInOperatingIncome	0.096	Pure	9.6	PriorAccumulatedQ3Duration_ConsolidatedMember_ResultMember	/disc/80370/081220210201453497_tse-qcedjpsm-80370-20210201453497-ixbrl.htm
2021-02-09	四半期	前期第3四半期累計	連結	実績		経常利益	OrdinaryIncome	7559000000	JPY	7,559	PriorAccumulatedQ3Duration_ConsolidatedMember_ResultMember	/disc/80370/081220210201453497_tse-qcedjpsm-80370-20210201453497-ixbrl.htm
2021-02-09	四半期	前期第3四半期累計	連結	実績		経常利益の増減率	ChangeInOrdinaryIncome	0.188	Pure	18.8	PriorAccumulatedQ3Duration_ConsolidatedMember_ResultMember	/disc/80370/081220210201453497_tse-qcedjpsm-80370-20210201453497-ixbrl.htm
2021-02-09	四半期	前期第3四半期累計	連結	実績		親会社株主に帰属する当期純利益	ProfitAttributableToOwnersOfParent	4441000000	JPY	4,441	PriorAccumulatedQ3Duration_ConsolidatedMember_ResultMember	/disc/80370/081220210201453497_tse-qcedjpsm-80370-20210201453497-ixbrl.htm
2021-02-09	四半期	前期第3四半期累計	連結	実績		親会社株主に帰属する当期純利益の増減率	ChangeInProfitAttributableToOwnersOfParent	0.129	Pure	12.9	PriorAccumulatedQ3Duration_ConsolidatedMember_ResultMember	/disc/80370/081220210201453497_tse-qcedjpsm-80370-20210201453497-ixbrl.htm
2021-02-09	四半期	当期第3四半期累計	連結	実績		包括利益	ComprehensiveIncome	5332000000	JPY	5,332	CurrentAccumulatedQ3Duration_ConsolidatedMember_ResultMember	/disc/80370/081220210201453497_tse-qcedjpsm-80370-20210201453497-ixbrl.htm
2021-02-09	四半期	当期第3四半期累計	連結	実績		包括利益の増減率	ChangeInComprehensiveIncome	0.200	Pure	20.0	CurrentAccumulatedQ3Duration_ConsolidatedMember_ResultMember	/disc/80370/081220210201453497_tse-qcedjpsm-80370-20210201453497-ixbrl.htm
2021-02-09	四半期	前期第3四半期累計	連結	実績		包括利益	ComprehensiveIncome	4443000000	JPY	4,443	PriorAccumulatedQ3Duration_ConsolidatedMember_ResultMember	/disc/80370/081220210201453497_tse-qcedjpsm-80370-20210201453497-ixbrl.htm
2021-02-09	四半期	前期第3四半期累計	連結	実績		包括利益の増減率	ChangeInComprehensiveIncome	0.520	Pure	52.0	PriorAccumulatedQ3Duration_ConsolidatedMember_ResultMember	/disc/80370/081220210201453497_tse-qcedjpsm-80370-20210201453497-ixbrl.htm
2021-02-09	四半期	当期第3四半期累計	連結	実績		1株当たり当期純利益	NetIncomePerShare	149.56	JPYPerShares	149.56	CurrentAccumulatedQ3Duration_ConsolidatedMember_ResultMember	/disc/80370/081220210201453497_tse-qcedjpsm-80370-20210201453497-ixbrl.htm
2021-02-09	四半期	前期第3四半期累計	連結	実績		1株当たり当期純利益	NetIncomePerShare	132.18	JPYPerShares	132.18	PriorAccumulatedQ3Duration_ConsolidatedMember_ResultMember	/disc/80370/081220210201453497_tse-qcedjpsm-80370-20210201453497-ixbrl.htm
2021-02-09	四半期	当期第3四半期累計	連結	実績		総資産	TotalAssets	258309000000	JPY	258,309	CurrentAccumulatedQ3Instant_ConsolidatedMember_ResultMember	/disc/80370/081220210201453497_tse-qcedjpsm-80370-20210201453497-ixbrl.htm
2021-02-09	四半期	当期第3四半期累計	連結	実績		純資産	NetAssets	116758000000	JPY	116,758	CurrentAccumulatedQ3Instant_ConsolidatedMember_ResultMember	/disc/80370/081220210201453497_tse-qcedjpsm-80370-20210201453497-ixbrl.htm
2021-02-09	四半期	当期第3四半期累計	連結	実績		自己資本比率	CapitalAdequacyRatio	0.428	Pure	42.8	CurrentAccumulatedQ3Instant_ConsolidatedMember_ResultMember	/disc/80370/081220210201453497_tse-qcedjpsm-80370-20210201453497-ixbrl.htm
2021-02-09	四半期	当期第3四半期累計	連結	実績		1株当たり純資産	NetAssetsPerShare	3292.17	JPYPerShares	3,292.17	CurrentAccumulatedQ3Instant_ConsolidatedMember_ResultMember	/disc/80370/081220210201453497_tse-qcedjpsm-80370-20210201453497-ixbrl.htm
2021-02-09	四半期	前期	連結	実績		総資産	TotalAssets	243448000000	JPY	243,448	PriorYearInstant_ConsolidatedMember_ResultMember	/disc/80370/081220210201453497_tse-qcedjpsm-80370-20210201453497-ixbrl.htm
2021-02-09	四半期	前期	連結	実績		純資産	NetAssets	112508000000	JPY	112,508	PriorYearInstant_ConsolidatedMember_ResultMember	/disc/80370/081220210201453497_tse-qcedjpsm-80370-20210201453497-ixbrl.htm
2021-02-09	四半期	前期	連結	実績		自己資本比率	CapitalAdequacyRatio	0.438	Pure	43.8	PriorYearInstant_ConsolidatedMember_ResultMember	/disc/80370/081220210201453497_tse-qcedjpsm-80370-20210201453497-ixbrl.htm
2021-02-09	四半期	前期	連結	実績		1株当たり純資産	NetAssetsPerShare	3173.47	JPYPerShares	3,173.47	PriorYearInstant_ConsolidatedMember_ResultMember	/disc/80370/081220210201453497_tse-qcedjpsm-80370-20210201453497-ixbrl.htm
2021-02-09	四半期	当期第3四半期累計	連結	実績		自己資本	OwnersEquity	110619000000	JPY	110,619	CurrentAccumulatedQ3Instant_ConsolidatedMember_ResultMember	/disc/80370/081220210201453497_tse-qcedjpsm-80370-20210201453497-ixbrl.htm
2021-02-09	四半期	前期	連結	実績		自己資本	OwnersEquity	106630000000	JPY	106,630	PriorYearInstant_ConsolidatedMember_ResultMember	/disc/80370/081220210201453497_tse-qcedjpsm-80370-20210201453497-ixbrl.htm
2021-02-09	四半期	前期	単体	実績	第2四半期末	1株当たり配当金	DividendPerShare	15.00	JPYPerShares	15.00	PriorYearDuration_SecondQuarterMember_NonConsolidatedMember_ResultMember	/disc/80370/081220210201453497_tse-qcedjpsm-80370-20210201453497-ixbrl.htm
2021-02-09	四半期	前期	単体	実績	期末	1株当たり配当金	DividendPerShare	15.00	JPYPerShares	15.00	PriorYearDuration_YearEndMember_NonConsolidatedMember_ResultMember	/disc/80370/081220210201453497_tse-qcedjpsm-80370-20210201453497-ixbrl.htm
2021-02-09	四半期	前期	単体	実績	合計	1株当たり配当金	DividendPerShare	30.00	JPYPerShares	30.00	PriorYearDuration_AnnualMember_NonConsolidatedMember_ResultMember	/disc/80370/081220210201453497_tse-qcedjpsm-80370-20210201453497-ixbrl.htm
2021-02-09	四半期	当期	単体	実績	第2四半期末	1株当たり配当金	DividendPerShare	15.00	JPYPerShares	15.00	CurrentYearDuration_SecondQuarterMember_NonConsolidatedMember_ResultMember	/disc/80370/081220210201453497_tse-qcedjpsm-80370-20210201453497-ixbrl.htm
2021-02-09	四半期	当期	単体	予想	期末	1株当たり配当金	DividendPerShare	15.00	JPYPerShares	15.00	CurrentYearDuration_YearEndMember_NonConsolidatedMember_ForecastMember	/disc/80370/081220210201453497_tse-qcedjpsm-80370-20210201453497-ixbrl.htm
2021-02-09	四半期	当期	単体	予想	合計	1株当たり配当金	DividendPerShare	30.00	JPYPerShares	30.00	CurrentYearDuration_AnnualMember_NonConsolidatedMember_ForecastMember	/disc/80370/081220210201453497_tse-qcedjpsm-80370-20210201453497-ixbrl.htm
2021-02-09	四半期	当期	単体	実績	合計	当四半期における配当予想の修正	CorrectionOfDividendForecastInThisQuarter			無	CurrentYearDuration_AnnualMember_NonConsolidatedMember_ResultMember	/disc/80370/081220210201453497_tse-qcedjpsm-80370-20210201453497-ixbrl.htm
2021-02-09	四半期	当期	連結	予想		業績予想の見出し	TitleForForecasts			3. 令和 3年 3月期の連結業績予想（令和 2年 4月 1日～令和 3年 3月31日）	CurrentYearDuration_ConsolidatedMember_ForecastMember	/disc/80370/081220210201453497_tse-qcedjpsm-80370-20210201453497-ixbrl.htm
2021-02-09	四半期	当期	連結	予想		売上高	NetSales	396000000000	JPY	396,000	CurrentYearDuration_ConsolidatedMember_ForecastMember	/disc/80370/081220210201453497_tse-qcedjpsm-80370-20210201453497-ixbrl.htm
2021-02-09	四半期	当期	連結	予想		売上高の増減率	ChangeInNetSales	-0.127	Pure	12.7	CurrentYearDuration_ConsolidatedMember_ForecastMember	/disc/80370/081220210201453497_tse-qcedjpsm-80370-20210201453497-ixbrl.htm
2021-02-09	四半期	当期	連結	予想		営業利益	OperatingIncome	10200000000	JPY	10,200	CurrentYearDuration_ConsolidatedMember_ForecastMember	/disc/80370/081220210201453497_tse-qcedjpsm-80370-20210201453497-ixbrl.htm
2021-02-09	四半期	当期	連結	予想		営業利益の増減率	ChangeInOperatingIncome	-0.019	Pure	1.9	CurrentYearDuration_ConsolidatedMember_ForecastMember	/disc/80370/081220210201453497_tse-qcedjpsm-80370-20210201453497-ixbrl.htm
2021-02-09	四半期	当期	連結	予想		経常利益	OrdinaryIncome	11300000000	JPY	11,300	CurrentYearDuration_ConsolidatedMember_ForecastMember	/disc/80370/081220210201453497_tse-qcedjpsm-80370-20210201453497-ixbrl.htm
2021-02-09	四半期	当期	連結	予想		経常利益の増減率	ChangeInOrdinaryIncome	-0.038	Pure	3.8	CurrentYearDuration_ConsolidatedMember_ForecastMember	/disc/80370/081220210201453497_tse-qcedjpsm-80370-20210201453497-ixbrl.htm
2021-02-09	四半期	当期	連結	予想		当期純利益	NetIncome	7000000000	JPY	7,000	CurrentYearDuration_ConsolidatedMember_ForecastMember	/disc/80370/081220210201453497_tse-qcedjpsm-80370-20210201453497-ixbrl.htm
2021-02-09	四半期	当期	連結	予想		当期純利益の増減率	ChangeInNetIncome	0.036	Pure	3.6	CurrentYearDuration_ConsolidatedMember_ForecastMember	/disc/80370/081220210201453497_tse-qcedjpsm-80370-20210201453497-ixbrl.htm
2021-02-09	四半期	当期	連結	予想		1株当たり当期純利益	NetIncomePerShare	208.33	JPYPerShares	208.33	CurrentYearDuration_ConsolidatedMember_ForecastMember	/disc/80370/081220210201453497_tse-qcedjpsm-80370-20210201453497-ixbrl.htm
2021-02-09	四半期	当期	連結	予想		当四半期における業績予想の修正	CorrectionOfConsolidatedFinancialForecastInThisQuarter			有	CurrentYearDuration_ConsolidatedMember_ForecastMember	/disc/80370/081220210201453497_tse-qcedjpsm-80370-20210201453497-ixbrl.htm
2021-02-09	四半期	当期第3四半期累計	連結	実績			MaterialChangesInSubsidiariesDuringThisPeriodChangesInScopeOfConsolidationsResultingFromChangeIsSubsidiaries			無	CurrentAccumulatedQ3Duration_ConsolidatedMember_ResultMember	/disc/80370/081220210201453497_tse-qcedjpsm-80370-20210201453497-ixbrl.htm
2021-02-09	四半期	当期第3四半期累計	連結	実績			ApplyingOfSpecificAccountingOfTheConsolidatedQuarterlyFinancialStatements			無	CurrentAccumulatedQ3Duration_ConsolidatedMember_ResultMember	/disc/80370/081220210201453497_tse-qcedjpsm-80370-20210201453497-ixbrl.htm
2021-02-09	四半期	当期第3四半期累計	連結	実績		会計基準等の改正に伴う変更	ChangesBasedOnRevisionsOfAccountingStandard			無	CurrentAccumulatedQ3Duration_ConsolidatedMember_ResultMember	/disc/80370/081220210201453497_tse-qcedjpsm-80370-20210201453497-ixbrl.htm
2021-02-09	四半期	当期第3四半期累計	連結	実績		それ以外の会計方針の変更	ChangesOtherThanOnesBasedOnRevisionsOfAccountingStandard			無	CurrentAccumulatedQ3Duration_ConsolidatedMember_ResultMember	/disc/80370/081220210201453497_tse-qcedjpsm-80370-20210201453497-ixbrl.htm
2021-02-09	四半期	当期第3四半期累計	連結	実績		会計上の見積りの変更	ChangesInAccountingEstimates			無	CurrentAccumulatedQ3Duration_ConsolidatedMember_ResultMember	/disc/80370/081220210201453497_tse-qcedjpsm-80370-20210201453497-ixbrl.htm
2021-02-09	四半期	当期第3四半期累計	連結	実績		修正再表示	RetrospectiveRestatement			無	CurrentAccumulatedQ3Duration_ConsolidatedMember_ResultMember	/disc/80370/081220210201453497_tse-qcedjpsm-80370-20210201453497-ixbrl.htm
2021-02-09	四半期	当期第3四半期累計	単体	実績		期末発行済株式数(自己株式を含む)	NumberOfIssuedAndOutstandingSharesAtTheEndOfFiscalYearIncludingTreasuryStock	37591969	Shares	37,591,969	CurrentAccumulatedQ3Instant_NonConsolidatedMember_ResultMember	/disc/80370/081220210201453497_tse-qcedjpsm-80370-20210201453497-ixbrl.htm
2021-02-09	四半期	前期	単体	実績		期末発行済株式数(自己株式を含む)	NumberOfIssuedAndOutstandingSharesAtTheEndOfFiscalYearIncludingTreasuryStock	37591969	Shares	37,591,969	PriorYearInstant_NonConsolidatedMember_ResultMember	/disc/80370/081220210201453497_tse-qcedjpsm-80370-20210201453497-ixbrl.htm
2021-02-09	四半期	当期第3四半期累計	単体	実績		期末自己株式数	NumberOfTreasuryStockAtTheEndOfFiscalYear	3991267	Shares	3,991,267	CurrentAccumulatedQ3Instant_NonConsolidatedMember_ResultMember	/disc/80370/081220210201453497_tse-qcedjpsm-80370-20210201453497-ixbrl.htm
2021-02-09	四半期	前期	単体	実績		期末自己株式数	NumberOfTreasuryStockAtTheEndOfFiscalYear	3991183	Shares	3,991,183	PriorYearInstant_NonConsolidatedMember_ResultMember	/disc/80370/081220210201453497_tse-qcedjpsm-80370-20210201453497-ixbrl.htm
2021-02-09	四半期	当期第3四半期累計	単体	実績		期中平均株式数	AverageNumberOfShares	33600758	Shares	33,600,758	CurrentAccumulatedQ3Duration_NonConsolidatedMember_ResultMember	/disc/80370/081220210201453497_tse-qcedjpsm-80370-20210201453497-ixbrl.htm
2021-02-09	四半期	前期第3四半期累計	単体	実績		期中平均株式数	AverageNumberOfShares	33600839	Shares	33,600,839	PriorAccumulatedQ3Duration_NonConsolidatedMember_ResultMember	/disc/80370/081220210201453497_tse-qcedjpsm-80370-20210201453497-ixbrl.htm
2021-02-09	四半期	当期				将来情報の利用に関する注意	NotesForUsingForecastedInformationAndOthers			本資料に記載されている業績見通し等の将来に関する記述は、当社が現在入手している情報及び合理的であると判断する一定の前提に基づいており、その達成を当社として約束する趣旨のものではありません。また、実際の業績等は様々な要因により大きく異なる可能性があります。業績予想の前提となる条件及び業績予想のご利用に当たっての注意事項等については、添付資料３ページ「１．当四半期決算に関する定性的情報（３）連結業績予想などの将来予測情報に関する説明」をご覧ください。	CurrentYearDuration	/disc/80370/081220210201453497_tse-qcedjpsm-80370-20210201453497-ixbrl.htm
2021-02-09	四半期	当期				決算期末	FiscalYearEnd			2021-03-31	CurrentYearInstant	/disc/80370/081220210201453497_tse-qcedjpsm-80370-20210201453497-ixbrl.htm
2021-02-09	四半期	当期第3四半期累計				四半期	QuarterlyPeriod	3	Pure	3	CurrentAccumulatedQ3Instant	/disc/80370/081220210201453497_tse-qcedjpsm-80370-20210201453497-ixbrl.htm
2021-05-13	年次	当期				書類名	DocumentName			決算短信〔日本基準〕（連結）	CurrentYearInstant	/disc/80370/081220210506406278_tse-acedjpsm-80370-20210506406278-ixbrl.htm
2021-05-13	年次	当期				提出日	FilingDate			令和3年5月13日	CurrentYearInstant	/disc/80370/081220210506406278_tse-acedjpsm-80370-20210506406278-ixbrl.htm
2021-05-13	年次	当期				会社名	CompanyName			カメイ株式会社	CurrentYearInstant	/disc/80370/081220210506406278_tse-acedjpsm-80370-20210506406278-ixbrl.htm
2021-05-13	年次	当期					TokyoStockExchange			東	CurrentYearInstant	/disc/80370/081220210506406278_tse-acedjpsm-80370-20210506406278-ixbrl.htm
2021-05-13	年次	当期				証券コード	SecuritiesCode			80370	CurrentYearInstant	/disc/80370/081220210506406278_tse-acedjpsm-80370-20210506406278-ixbrl.htm
2021-05-13	年次	当期				URL	URL			http://www.kamei.co.jp/	CurrentYearInstant	/disc/80370/081220210506406278_tse-acedjpsm-80370-20210506406278-ixbrl.htm
2021-05-13	年次	当期				代表者の役職	TitleRepresentative			代表取締役社長	CurrentYearInstant	/disc/80370/081220210506406278_tse-acedjpsm-80370-20210506406278-ixbrl.htm
2021-05-13	年次	当期				代表者名	NameRepresentative			亀井文行	CurrentYearInstant	/disc/80370/081220210506406278_tse-acedjpsm-80370-20210506406278-ixbrl.htm
2021-05-13	年次	当期					TitleInquiries			管理部長	CurrentYearInstant	/disc/80370/081220210506406278_tse-acedjpsm-80370-20210506406278-ixbrl.htm
2021-05-13	年次	当期					NameInquiries			遠藤忠章	CurrentYearInstant	/disc/80370/081220210506406278_tse-acedjpsm-80370-20210506406278-ixbrl.htm
2021-05-13	年次	当期					Tel			022-264-6112	CurrentYearInstant	/disc/80370/081220210506406278_tse-acedjpsm-80370-20210506406278-ixbrl.htm
2021-05-13	年次	当期					DateOfGeneralShareholdersMeetingAsPlanned			令和3年6月29日	CurrentYearInstant	/disc/80370/081220210506406278_tse-acedjpsm-80370-20210506406278-ixbrl.htm
2021-05-13	年次	当期					DividendPayableDateAsPlanned			令和3年6月30日	CurrentYearInstant	/disc/80370/081220210506406278_tse-acedjpsm-80370-20210506406278-ixbrl.htm
2021-05-13	年次	当期					AnnualSecuritiesReportFilingDateAsPlanned			令和3年6月30日	CurrentYearInstant	/disc/80370/081220210506406278_tse-acedjpsm-80370-20210506406278-ixbrl.htm
2021-05-13	年次	当期					SupplementalMaterialOfAnnualResults			無	CurrentYearInstant	/disc/80370/081220210506406278_tse-acedjpsm-80370-20210506406278-ixbrl.htm
2021-05-13	年次	当期					ConveningBriefingOfAnnualResults			無	CurrentYearInstant	/disc/80370/081220210506406278_tse-acedjpsm-80370-20210506406278-ixbrl.htm
2021-05-13	年次	当期					NoteToFractionProcessingMethod			（百万円未満切捨て）	CurrentYearInstant	/disc/80370/081220210506406278_tse-acedjpsm-80370-20210506406278-ixbrl.htm
2021-05-13	年次	当期	連結	実績		売上高	NetSales	405332000000	JPY	405,332	CurrentYearDuration_ConsolidatedMember_ResultMember	/disc/80370/081220210506406278_tse-acedjpsm-80370-20210506406278-ixbrl.htm
2021-05-13	年次	当期	連結	実績		売上高の増減率	ChangeInNetSales	-0.107	Pure	10.7	CurrentYearDuration_ConsolidatedMember_ResultMember	/disc/80370/081220210506406278_tse-acedjpsm-80370-20210506406278-ixbrl.htm
2021-05-13	年次	当期	連結	実績		営業利益	OperatingIncome	11504000000	JPY	11,504	CurrentYearDuration_ConsolidatedMember_ResultMember	/disc/80370/081220210506406278_tse-acedjpsm-80370-20210506406278-ixbrl.htm
2021-05-13	年次	当期	連結	実績		営業利益の増減率	ChangeInOperatingIncome	0.106	Pure	10.6	CurrentYearDuration_ConsolidatedMember_ResultMember	/disc/80370/081220210506406278_tse-acedjpsm-80370-20210506406278-ixbrl.htm
2021-05-13	年次	当期	連結	実績		経常利益	OrdinaryIncome	12977000000	JPY	12,977	CurrentYearDuration_ConsolidatedMember_ResultMember	/disc/80370/081220210506406278_tse-acedjpsm-80370-20210506406278-ixbrl.htm
2021-05-13	年次	当期	連結	実績		経常利益の増減率	ChangeInOrdinaryIncome	0.105	Pure	10.5	CurrentYearDuration_ConsolidatedMember_ResultMember	/disc/80370/081220210506406278_tse-acedjpsm-80370-20210506406278-ixbrl.htm
2021-05-13	年次	当期	連結	実績		親会社株主に帰属する当期純利益	ProfitAttributableToOwnersOfParent	7848000000	JPY	7,848	CurrentYearDuration_ConsolidatedMember_ResultMember	/disc/80370/081220210506406278_tse-acedjpsm-80370-20210506406278-ixbrl.htm
2021-05-13	年次	当期	連結	実績		親会社株主に帰属する当期純利益の増減率	ChangeInProfitAttributableToOwnersOfParent	0.162	Pure	16.2	CurrentYearDuration_ConsolidatedMember_ResultMember	/disc/80370/081220210506406278_tse-acedjpsm-80370-20210506406278-ixbrl.htm
2021-05-13	年次	前期	連結	実績		売上高	NetSales	453844000000	JPY	453,844	PriorYearDuration_ConsolidatedMember_ResultMember	/disc/80370/081220210506406278_tse-acedjpsm-80370-20210506406278-ixbrl.htm
2021-05-13	年次	前期	連結	実績		売上高の増減率	ChangeInNetSales	-0.040	Pure	4.0	PriorYearDuration_ConsolidatedMember_ResultMember	/disc/80370/081220210506406278_tse-acedjpsm-80370-20210506406278-ixbrl.htm
2021-05-13	年次	前期	連結	実績		営業利益	OperatingIncome	10399000000	JPY	10,399	PriorYearDuration_ConsolidatedMember_ResultMember	/disc/80370/081220210506406278_tse-acedjpsm-80370-20210506406278-ixbrl.htm
2021-05-13	年次	前期	連結	実績		営業利益の増減率	ChangeInOperatingIncome	0.046	Pure	4.6	PriorYearDuration_ConsolidatedMember_ResultMember	/disc/80370/081220210506406278_tse-acedjpsm-80370-20210506406278-ixbrl.htm
2021-05-13	年次	前期	連結	実績		経常利益	OrdinaryIncome	11747000000	JPY	11,747	PriorYearDuration_ConsolidatedMember_ResultMember	/disc/80370/081220210506406278_tse-acedjpsm-80370-20210506406278-ixbrl.htm
2021-05-13	年次	前期	連結	実績		経常利益の増減率	ChangeInOrdinaryIncome	0.061	Pure	6.1	PriorYearDuration_ConsolidatedMember_ResultMember	/disc/80370/081220210506406278_tse-acedjpsm-80370-20210506406278-ixbrl.htm
2021-05-13	年次	前期	連結	実績		親会社株主に帰属する当期純利益	ProfitAttributableToOwnersOfParent	6755000000	JPY	6,755	PriorYearDuration_ConsolidatedMember_ResultMember	/disc/80370/081220210506406278_tse-acedjpsm-80370-20210506406278-ixbrl.htm
2021-05-13	年次	前期	連結	実績		親会社株主に帰属する当期純利益の増減率	ChangeInProfitAttributableToOwnersOfParent	0.024	Pure	2.4	PriorYearDuration_ConsolidatedMember_ResultMember	/disc/80370/081220210506406278_tse-acedjpsm-80370-20210506406278-ixbrl.htm
2021-05-13	年次	当期	連結	実績		包括利益	ComprehensiveIncome	8468000000	JPY	8,468	CurrentYearDuration_ConsolidatedMember_ResultMember	/disc/80370/081220210506406278_tse-acedjpsm-80370-20210506406278-ixbrl.htm
2021-05-13	年次	当期	連結	実績		包括利益の増減率	ChangeInComprehensiveIncome	0.394	Pure	39.4	CurrentYearDuration_ConsolidatedMember_ResultMember	/disc/80370/081220210506406278_tse-acedjpsm-80370-20210506406278-ixbrl.htm
2021-05-13	年次	前期	連結	実績		包括利益	ComprehensiveIncome	6074000000	JPY	6,074	PriorYearDuration_ConsolidatedMember_ResultMember	/disc/80370/081220210506406278_tse-acedjpsm-80370-20210506406278-ixbrl.htm
2021-05-13	年次	前期	連結	実績		包括利益の増減率	ChangeInComprehensiveIncome	0.152	Pure	15.2	PriorYearDuration_ConsolidatedMember_ResultMember	/disc/80370/081220210506406278_tse-acedjpsm-80370-20210506406278-ixbrl.htm
2021-05-13	年次	当期	連結	実績		1株当たり当期純利益	NetIncomePerShare	233.58	JPYPerShares	233.58	CurrentYearDuration_ConsolidatedMember_ResultMember	/disc/80370/081220210506406278_tse-acedjpsm-80370-20210506406278-ixbrl.htm
2021-05-13	年次	当期	連結	実績		自己資本当期純利益率(ROE)	NetIncomeToShareholdersEquityRatio	0.071	Pure	7.1	CurrentYearDuration_ConsolidatedMember_ResultMember	/disc/80370/081220210506406278_tse-acedjpsm-80370-20210506406278-ixbrl.htm
2021-05-13	年次	当期	連結	実績		総資産経常利益率(ROA)	OrdinaryIncomeToTotalAssetsRatio	0.052	Pure	5.2	CurrentYearDuration_ConsolidatedMember_ResultMember	/disc/80370/081220210506406278_tse-acedjpsm-80370-20210506406278-ixbrl.htm
2021-05-13	年次	当期	連結	実績		売上高営業利益率	OperatingIncomeToNetSalesRatio	0.028	Pure	2.8	CurrentYearDuration_ConsolidatedMember_ResultMember	/disc/80370/081220210506406278_tse-acedjpsm-80370-20210506406278-ixbrl.htm
2021-05-13	年次	前期	連結	実績		1株当たり当期純利益	NetIncomePerShare	201.04	JPYPerShares	201.04	PriorYearDuration_ConsolidatedMember_ResultMember	/disc/80370/081220210506406278_tse-acedjpsm-80370-20210506406278-ixbrl.htm
2021-05-13	年次	前期	連結	実績		自己資本当期純利益率(ROE)	NetIncomeToShareholdersEquityRatio	0.065	Pure	6.5	PriorYearDuration_ConsolidatedMember_ResultMember	/disc/80370/081220210506406278_tse-acedjpsm-80370-20210506406278-ixbrl.htm
2021-05-13	年次	前期	連結	実績		総資産経常利益率(ROA)	OrdinaryIncomeToTotalAssetsRatio	0.049	Pure	4.9	PriorYearDuration_ConsolidatedMember_ResultMember	/disc/80370/081220210506406278_tse-acedjpsm-80370-20210506406278-ixbrl.htm
2021-05-13	年次	前期	連結	実績		売上高営業利益率	OperatingIncomeToNetSalesRatio	0.023	Pure	2.3	PriorYearDuration_ConsolidatedMember_ResultMember	/disc/80370/081220210506406278_tse-acedjpsm-80370-20210506406278-ixbrl.htm
2021-05-13	年次	当期	連結	実績		持分法投資損益	InvestmentProfitLossOnEquityMethod	98000000	JPY	98	CurrentYearDuration_ConsolidatedMember_ResultMember	/disc/80370/081220210506406278_tse-acedjpsm-80370-20210506406278-ixbrl.htm
2021-05-13	年次	前期	連結	実績		持分法投資損益	InvestmentProfitLossOnEquityMethod	272000000	JPY	272	PriorYearDuration_ConsolidatedMember_ResultMember	/disc/80370/081220210506406278_tse-acedjpsm-80370-20210506406278-ixbrl.htm
2021-05-13	年次	当期	連結	実績		総資産	TotalAssets	256486000000	JPY	256,486	CurrentYearInstant_ConsolidatedMember_ResultMember	/disc/80370/081220210506406278_tse-acedjpsm-80370-20210506406278-ixbrl.htm
2021-05-13	年次	当期	連結	実績		純資産	NetAssets	119895000000	JPY	119,895	CurrentYearInstant_ConsolidatedMember_ResultMember	/disc/80370/081220210506406278_tse-acedjpsm-80370-20210506406278-ixbrl.htm
2021-05-13	年次	当期	連結	実績		自己資本比率	CapitalAdequacyRatio	0.443	Pure	44.3	CurrentYearInstant_ConsolidatedMember_ResultMember	/disc/80370/081220210506406278_tse-acedjpsm-80370-20210506406278-ixbrl.htm
2021-05-13	年次	当期	連結	実績		1株当たり純資産	NetAssetsPerShare	3381.81	JPYPerShares	3,381.81	CurrentYearInstant_ConsolidatedMember_ResultMember	/disc/80370/081220210506406278_tse-acedjpsm-80370-20210506406278-ixbrl.htm
2021-05-13	年次	前期	連結	実績		総資産	TotalAssets	243448000000	JPY	243,448	PriorYearInstant_ConsolidatedMember_ResultMember	/disc/80370/081220210506406278_tse-acedjpsm-80370-20210506406278-ixbrl.htm
2021-05-13	年次	前期	連結	実績		純資産	NetAssets	112508000000	JPY	112,508	PriorYearInstant_ConsolidatedMember_ResultMember	/disc/80370/081220210506406278_tse-acedjpsm-80370-20210506406278-ixbrl.htm
2021-05-13	年次	前期	連結	実績		自己資本比率	CapitalAdequacyRatio	0.438	Pure	43.8	PriorYearInstant_ConsolidatedMember_ResultMember	/disc/80370/081220210506406278_tse-acedjpsm-80370-20210506406278-ixbrl.htm
2021-05-13	年次	前期	連結	実績		1株当たり純資産	NetAssetsPerShare	3173.47	JPYPerShares	3,173.47	PriorYearInstant_ConsolidatedMember_ResultMember	/disc/80370/081220210506406278_tse-acedjpsm-80370-20210506406278-ixbrl.htm
2021-05-13	年次	当期	連結	実績		自己資本	OwnersEquity	113631000000	JPY	113,631	CurrentYearInstant_ConsolidatedMember_ResultMember	/disc/80370/081220210506406278_tse-acedjpsm-80370-20210506406278-ixbrl.htm
2021-05-13	年次	前期	連結	実績		自己資本	OwnersEquity	106630000000	JPY	106,630	PriorYearInstant_ConsolidatedMember_ResultMember	/disc/80370/081220210506406278_tse-acedjpsm-80370-20210506406278-ixbrl.htm
2021-05-13	年次	当期	連結	実績			NoteToFinancialPositions			21256	CurrentYearInstant_ConsolidatedMember_ResultMember	/disc/80370/081220210506406278_tse-acedjpsm-80370-20210506406278-ixbrl.htm
2021-05-13	年次	当期	連結	実績		営業キャッシュフロー	CashFlowsFromOperatingActivities	21256000000	JPY	21,256	CurrentYearDuration_ConsolidatedMember_ResultMember	/disc/80370/081220210506406278_tse-acedjpsm-80370-20210506406278-ixbrl.htm
2021-05-13	年次	当期	連結	実績		投資キャッシュフロー	CashFlowsFromInvestingActivities	-10842000000	JPY	10,842	CurrentYearDuration_ConsolidatedMember_ResultMember	/disc/80370/081220210506406278_tse-acedjpsm-80370-20210506406278-ixbrl.htm
2021-05-13	年次	当期	連結	実績		財務キャッシュフロー	CashFlowsFromFinancingActivities	-3331000000	JPY	3,331	CurrentYearDuration_ConsolidatedMember_ResultMember	/disc/80370/081220210506406278_tse-acedjpsm-80370-20210506406278-ixbrl.htm
2021-05-13	年次	当期	連結	実績		現金及び現金同等物の期末残高	CashAndEquivalentsEndOfPeriod	41812000000	JPY	41,812	CurrentYearInstant_ConsolidatedMember_ResultMember	/disc/80370/081220210506406278_tse-acedjpsm-80370-20210506406278-ixbrl.htm
2021-05-13	年次	前期	連結	実績		営業キャッシュフロー	CashFlowsFromOperatingActivities	14408000000	JPY	14,408	PriorYearDuration_ConsolidatedMember_ResultMember	/disc/80370/081220210506406278_tse-acedjpsm-80370-20210506406278-ixbrl.htm
2021-05-13	年次	前期	連結	実績		投資キャッシュフロー	CashFlowsFromInvestingActivities	-12907000000	JPY	12,907	PriorYearDuration_ConsolidatedMember_ResultMember	/disc/80370/081220210506406278_tse-acedjpsm-80370-20210506406278-ixbrl.htm
2021-05-13	年次	前期	連結	実績		財務キャッシュフロー	CashFlowsFromFinancingActivities	891000000	JPY	891	PriorYearDuration_ConsolidatedMember_ResultMember	/disc/80370/081220210506406278_tse-acedjpsm-80370-20210506406278-ixbrl.htm
2021-05-13	年次	前期	連結	実績		現金及び現金同等物の期末残高	CashAndEquivalentsEndOfPeriod	35241000000	JPY	35,241	PriorYearInstant_ConsolidatedMember_ResultMember	/disc/80370/081220210506406278_tse-acedjpsm-80370-20210506406278-ixbrl.htm
2021-05-13	年次	前期	単体	実績	第2四半期末	1株当たり配当金	DividendPerShare	15.00	JPYPerShares	15.00	PriorYearDuration_SecondQuarterMember_NonConsolidatedMember_ResultMember	/disc/80370/081220210506406278_tse-acedjpsm-80370-20210506406278-ixbrl.htm
2021-05-13	年次	前期	単体	実績	期末	1株当たり配当金	DividendPerShare	15.00	JPYPerShares	15.00	PriorYearDuration_YearEndMember_NonConsolidatedMember_ResultMember	/disc/80370/081220210506406278_tse-acedjpsm-80370-20210506406278-ixbrl.htm
2021-05-13	年次	前期	単体	実績	合計	1株当たり配当金	DividendPerShare	30.00	JPYPerShares	30.00	PriorYearDuration_AnnualMember_NonConsolidatedMember_ResultMember	/disc/80370/081220210506406278_tse-acedjpsm-80370-20210506406278-ixbrl.htm
2021-05-13	年次	前期	単体	実績	合計	配当金総額	TotalDividendPaidAnnual	1008000000	JPY	1,008	PriorYearDuration_AnnualMember_NonConsolidatedMember_ResultMember	/disc/80370/081220210506406278_tse-acedjpsm-80370-20210506406278-ixbrl.htm
2021-05-13	年次	前期	連結	実績	合計	配当性向	PayoutRatio	0.149	Pure	14.9	PriorYearDuration_AnnualMember_ConsolidatedMember_ResultMember	/disc/80370/081220210506406278_tse-acedjpsm-80370-20210506406278-ixbrl.htm
2021-05-13	年次	前期	連結	実績	合計	純資産配当率	RatioOfTotalAmountOfDividendsToNetAssets	0.010	Pure	1.0	PriorYearDuration_AnnualMember_ConsolidatedMember_ResultMember	/disc/80370/081220210506406278_tse-acedjpsm-80370-20210506406278-ixbrl.htm
2021-05-13	年次	当期	単体	実績	第2四半期末	1株当たり配当金	DividendPerShare	15.00	JPYPerShares	15.00	CurrentYearDuration_SecondQuarterMember_NonConsolidatedMember_ResultMember	/disc/80370/081220210506406278_tse-acedjpsm-80370-20210506406278-ixbrl.htm
2021-05-13	年次	当期	単体	実績	期末	1株当たり配当金	DividendPerShare	17.50	JPYPerShares	17.50	CurrentYearDuration_YearEndMember_NonConsolidatedMember_ResultMember	/disc/80370/081220210506406278_tse-acedjpsm-80370-20210506406278-ixbrl.htm
2021-05-13	年次	当期	単体	実績	合計	1株当たり配当金	DividendPerShare	32.50	JPYPerShares	32.50	CurrentYearDuration_AnnualMember_NonConsolidatedMember_ResultMember	/disc/80370/081220210506406278_tse-acedjpsm-80370-20210506406278-ixbrl.htm
2021-05-13	年次	当期	単体	実績	合計	配当金総額	TotalDividendPaidAnnual	1092000000	JPY	1,092	CurrentYearDuration_AnnualMember_NonConsolidatedMember_ResultMember	/disc/80370/081220210506406278_tse-acedjpsm-80370-20210506406278-ixbrl.htm
2021-05-13	年次	当期	連結	実績	合計	配当性向	PayoutRatio	0.139	Pure	13.9	CurrentYearDuration_AnnualMember_ConsolidatedMember_ResultMember	/disc/80370/081220210506406278_tse-acedjpsm-80370-20210506406278-ixbrl.htm
2021-05-13	年次	当期	連結	実績	合計	純資産配当率	RatioOfTotalAmountOfDividendsToNetAssets	0.010	Pure	1.0	CurrentYearDuration_AnnualMember_ConsolidatedMember_ResultMember	/disc/80370/081220210506406278_tse-acedjpsm-80370-20210506406278-ixbrl.htm
2021-05-13	年次	来期	単体	予想	第2四半期末	1株当たり配当金	DividendPerShare	17.50	JPYPerShares	17.50	NextYearDuration_SecondQuarterMember_NonConsolidatedMember_ForecastMember	/disc/80370/081220210506406278_tse-acedjpsm-80370-20210506406278-ixbrl.htm
2021-05-13	年次	来期	単体	予想	期末	1株当たり配当金	DividendPerShare	17.50	JPYPerShares	17.50	NextYearDuration_YearEndMember_NonConsolidatedMember_ForecastMember	/disc/80370/081220210506406278_tse-acedjpsm-80370-20210506406278-ixbrl.htm
2021-05-13	年次	来期	単体	予想	合計	1株当たり配当金	DividendPerShare	35.00	JPYPerShares	35.00	NextYearDuration_AnnualMember_NonConsolidatedMember_ForecastMember	/disc/80370/081220210506406278_tse-acedjpsm-80370-20210506406278-ixbrl.htm
2021-05-13	年次	来期	連結	予想	合計	配当性向	PayoutRatio	0.157	Pure	15.7	NextYearDuration_AnnualMember_ConsolidatedMember_ForecastMember	/disc/80370/081220210506406278_tse-acedjpsm-80370-20210506406278-ixbrl.htm
2021-05-13	年次	来期	連結	予想		業績予想の見出し	TitleForForecasts			3. 令和 4年 3月期の連結業績予想（令和 3年 4月 1日～令和 4年 3月31日）	NextYearDuration_ConsolidatedMember_ForecastMember	/disc/80370/081220210506406278_tse-acedjpsm-80370-20210506406278-ixbrl.htm
2021-05-13	年次		連結	予想		売上高	NetSales	184000000000	JPY	184,000	NextAccumulatedQ2Duration_ConsolidatedMember_ForecastMember	/disc/80370/081220210506406278_tse-acedjpsm-80370-20210506406278-ixbrl.htm
2021-05-13	年次		連結	予想		売上高の増減率	ChangeInNetSales	0.063	Pure	6.3	NextAccumulatedQ2Duration_ConsolidatedMember_ForecastMember	/disc/80370/081220210506406278_tse-acedjpsm-80370-20210506406278-ixbrl.htm
2021-05-13	年次		連結	予想		営業利益	OperatingIncome	4000000000	JPY	4,000	NextAccumulatedQ2Duration_ConsolidatedMember_ForecastMember	/disc/80370/081220210506406278_tse-acedjpsm-80370-20210506406278-ixbrl.htm
2021-05-13	年次		連結	予想		営業利益の増減率	ChangeInOperatingIncome	0.141	Pure	14.1	NextAccumulatedQ2Duration_ConsolidatedMember_ForecastMember	/disc/80370/081220210506406278_tse-acedjpsm-80370-20210506406278-ixbrl.htm
2021-05-13	年次		連結	予想		経常利益	OrdinaryIncome	4400000000	JPY	4,400	NextAccumulatedQ2Duration_ConsolidatedMember_ForecastMember	/disc/80370/081220210506406278_tse-acedjpsm-80370-20210506406278-ixbrl.htm
2021-05-13	年次		連結	予想		経常利益の増減率	ChangeInOrdinaryIncome	0.076	Pure	7.6	NextAccumulatedQ2Duration_ConsolidatedMember_ForecastMember	/disc/80370/081220210506406278_tse-acedjpsm-80370-20210506406278-ixbrl.htm
2021-05-13	年次		連結	予想		当期純利益	NetIncome	2500000000	JPY	2,500	NextAccumulatedQ2Duration_ConsolidatedMember_ForecastMember	/disc/80370/081220210506406278_tse-acedjpsm-80370-20210506406278-ixbrl.htm
2021-05-13	年次		連結	予想		当期純利益の増減率	ChangeInNetIncome	-0.082	Pure	8.2	NextAccumulatedQ2Duration_ConsolidatedMember_ForecastMember	/disc/80370/081220210506406278_tse-acedjpsm-80370-20210506406278-ixbrl.htm
2021-05-13	年次		連結	予想		1株当たり当期純利益	NetIncomePerShare	74.40	JPYPerShares	74.40	NextAccumulatedQ2Duration_ConsolidatedMember_ForecastMember	/disc/80370/081220210506406278_tse-acedjpsm-80370-20210506406278-ixbrl.htm
2021-05-13	年次	来期	連結	予想		売上高	NetSales	413000000000	JPY	413,000	NextYearDuration_ConsolidatedMember_ForecastMember	/disc/80370/081220210506406278_tse-acedjpsm-80370-20210506406278-ixbrl.htm
2021-05-13	年次	来期	連結	予想		売上高の増減率	ChangeInNetSales	0.019	Pure	1.9	NextYearDuration_ConsolidatedMember_ForecastMember	/disc/80370/081220210506406278_tse-acedjpsm-80370-20210506406278-ixbrl.htm
2021-05-13	年次	来期	連結	予想		営業利益	OperatingIncome	11400000000	JPY	11,400	NextYearDuration_ConsolidatedMember_ForecastMember	/disc/80370/081220210506406278_tse-acedjpsm-80370-20210506406278-ixbrl.htm
2021-05-13	年次	来期	連結	予想		営業利益の増減率	ChangeInOperatingIncome	-0.009	Pure	0.9	NextYearDuration_ConsolidatedMember_ForecastMember	/disc/80370/081220210506406278_tse-acedjpsm-80370-20210506406278-ixbrl.htm
2021-05-13	年次	来期	連結	予想		経常利益	OrdinaryIncome	12400000000	JPY	12,400	NextYearDuration_ConsolidatedMember_ForecastMember	/disc/80370/081220210506406278_tse-acedjpsm-80370-20210506406278-ixbrl.htm
2021-05-13	年次	来期	連結	予想		経常利益の増減率	ChangeInOrdinaryIncome	-0.044	Pure	4.4	NextYearDuration_ConsolidatedMember_ForecastMember	/disc/80370/081220210506406278_tse-acedjpsm-80370-20210506406278-ixbrl.htm
2021-05-13	年次	来期	連結	予想		当期純利益	NetIncome	7500000000	JPY	7,500	NextYearDuration_ConsolidatedMember_ForecastMember	/disc/80370/081220210506406278_tse-acedjpsm-80370-20210506406278-ixbrl.htm
2021-05-13	年次	来期	連結	予想		当期純利益の増減率	ChangeInNetIncome	-0.044	Pure	4.4	NextYearDuration_ConsolidatedMember_ForecastMember	/disc/80370/081220210506406278_tse-acedjpsm-80370-20210506406278-ixbrl.htm
2021-05-13	年次	来期	連結	予想		1株当たり当期純利益	NetIncomePerShare	223.21	JPYPerShares	223.21	NextYearDuration_ConsolidatedMember_ForecastMember	/disc/80370/081220210506406278_tse-acedjpsm-80370-20210506406278-ixbrl.htm
2021-05-13	年次	来期	連結	予想		業績予想の注記	NoteToForecasts			（注）令和４年３月期の期首より「収益認識に関する会計基準」（企業会計基準第29号）等を適用するため、上記の連結業績予想は当該会計基準等を適用した後の金額となっており、対前期及び対前年同四半期増減率は記載しておりません。	NextYearDuration_ConsolidatedMember_ForecastMember	/disc/80370/081220210506406278_tse-acedjpsm-80370-20210506406278-ixbrl.htm
2021-05-13	年次	当期	連結	実績			MaterialChangesInSubsidiariesDuringThisPeriodChangesInScopeOfConsolidationsResultingFromChangeIsSubsidiaries			無	CurrentYearDuration_ConsolidatedMember_ResultMember	/disc/80370/081220210506406278_tse-acedjpsm-80370-20210506406278-ixbrl.htm
2021-05-13	年次	当期	連結	実績		会計基準等の改正に伴う変更	ChangesBasedOnRevisionsOfAccountingStandard			無	CurrentYearDuration_ConsolidatedMember_ResultMember	/disc/80370/081220210506406278_tse-acedjpsm-80370-20210506406278-ixbrl.htm
2021-05-13	年次	当期	連結	実績		それ以外の会計方針の変更	ChangesOtherThanOnesBasedOnRevisionsOfAccountingStandard			無	CurrentYearDuration_ConsolidatedMember_ResultMember	/disc/80370/081220210506406278_tse-acedjpsm-80370-20210506406278-ixbrl.htm
2021-05-13	年次	当期	連結	実績		会計上の見積りの変更	ChangesInAccountingEstimates			無	CurrentYearDuration_ConsolidatedMember_ResultMember	/disc/80370/081220210506406278_tse-acedjpsm-80370-20210506406278-ixbrl.htm
2021-05-13	年次	当期	連結	実績		修正再表示	RetrospectiveRestatement			無	CurrentYearDuration_ConsolidatedMember_ResultMember	/disc/80370/081220210506406278_tse-acedjpsm-80370-20210506406278-ixbrl.htm
2021-05-13	年次	当期	単体	実績		期末発行済株式数(自己株式を含む)	NumberOfIssuedAndOutstandingSharesAtTheEndOfFiscalYearIncludingTreasuryStock	37591969	Shares	37,591,969	CurrentYearInstant_NonConsolidatedMember_ResultMember	/disc/80370/081220210506406278_tse-acedjpsm-80370-20210506406278-ixbrl.htm
2021-05-13	年次	前期	単体	実績		期末発行済株式数(自己株式を含む)	NumberOfIssuedAndOutstandingSharesAtTheEndOfFiscalYearIncludingTreasuryStock	37591969	Shares	37,591,969	PriorYearInstant_NonConsolidatedMember_ResultMember	/disc/80370/081220210506406278_tse-acedjpsm-80370-20210506406278-ixbrl.htm
2021-05-13	年次	当期	単体	実績		期末自己株式数	NumberOfTreasuryStockAtTheEndOfFiscalYear	3991287	Shares	3,991,287	CurrentYearInstant_NonConsolidatedMember_ResultMember	/disc/80370/081220210506406278_tse-acedjpsm-80370-20210506406278-ixbrl.htm
2021-05-13	年次	前期	単体	実績		期末自己株式数	NumberOfTreasuryStockAtTheEndOfFiscalYear	3991183	Shares	3,991,183	PriorYearInstant_NonConsolidatedMember_ResultMember	/disc/80370/081220210506406278_tse-acedjpsm-80370-20210506406278-ixbrl.htm
2021-05-13	年次	当期	単体	実績		期中平均株式数	AverageNumberOfShares	33600742	Shares	33,600,742	CurrentYearDuration_NonConsolidatedMember_ResultMember	/disc/80370/081220210506406278_tse-acedjpsm-80370-20210506406278-ixbrl.htm
2021-05-13	年次	前期	単体	実績		期中平均株式数	AverageNumberOfShares	33600826	Shares	33,600,826	PriorYearDuration_NonConsolidatedMember_ResultMember	/disc/80370/081220210506406278_tse-acedjpsm-80370-20210506406278-ixbrl.htm
2021-05-13	年次	当期	単体	実績		売上高	NetSales	254717000000	JPY	254,717	CurrentYearDuration_NonConsolidatedMember_ResultMember	/disc/80370/081220210506406278_tse-acedjpsm-80370-20210506406278-ixbrl.htm
2021-05-13	年次	当期	単体	実績		売上高の増減率	ChangeInNetSales	-0.145	Pure	14.5	CurrentYearDuration_NonConsolidatedMember_ResultMember	/disc/80370/081220210506406278_tse-acedjpsm-80370-20210506406278-ixbrl.htm
2021-05-13	年次	当期	単体	実績		営業利益	OperatingIncome	6583000000	JPY	6,583	CurrentYearDuration_NonConsolidatedMember_ResultMember	/disc/80370/081220210506406278_tse-acedjpsm-80370-20210506406278-ixbrl.htm
2021-05-13	年次	当期	単体	実績		営業利益の増減率	ChangeInOperatingIncome	0.074	Pure	7.4	CurrentYearDuration_NonConsolidatedMember_ResultMember	/disc/80370/081220210506406278_tse-acedjpsm-80370-20210506406278-ixbrl.htm
2021-05-13	年次	当期	単体	実績		経常利益	OrdinaryIncome	8057000000	JPY	8,057	CurrentYearDuration_NonConsolidatedMember_ResultMember	/disc/80370/081220210506406278_tse-acedjpsm-80370-20210506406278-ixbrl.htm
2021-05-13	年次	当期	単体	実績		経常利益の増減率	ChangeInOrdinaryIncome	0.080	Pure	8.0	CurrentYearDuration_NonConsolidatedMember_ResultMember	/disc/80370/081220210506406278_tse-acedjpsm-80370-20210506406278-ixbrl.htm
2021-05-13	年次	当期	単体	実績		当期純利益	NetIncome	4776000000	JPY	4,776	CurrentYearDuration_NonConsolidatedMember_ResultMember	/disc/80370/081220210506406278_tse-acedjpsm-80370-20210506406278-ixbrl.htm
2021-05-13	年次	当期	単体	実績		当期純利益の増減率	ChangeInNetIncome	-0.011	Pure	1.1	CurrentYearDuration_NonConsolidatedMember_ResultMember	/disc/80370/081220210506406278_tse-acedjpsm-80370-20210506406278-ixbrl.htm
2021-05-13	年次	前期	単体	実績		売上高	NetSales	297828000000	JPY	297,828	PriorYearDuration_NonConsolidatedMember_ResultMember	/disc/80370/081220210506406278_tse-acedjpsm-80370-20210506406278-ixbrl.htm
2021-05-13	年次	前期	単体	実績		売上高の増減率	ChangeInNetSales	-0.039	Pure	3.9	PriorYearDuration_NonConsolidatedMember_ResultMember	/disc/80370/081220210506406278_tse-acedjpsm-80370-20210506406278-ixbrl.htm
2021-05-13	年次	前期	単体	実績		営業利益	OperatingIncome	6129000000	JPY	6,129	PriorYearDuration_NonConsolidatedMember_ResultMember	/disc/80370/081220210506406278_tse-acedjpsm-80370-20210506406278-ixbrl.htm
2021-05-13	年次	前期	単体	実績		営業利益の増減率	ChangeInOperatingIncome	0.059	Pure	5.9	PriorYearDuration_NonConsolidatedMember_ResultMember	/disc/80370/081220210506406278_tse-acedjpsm-80370-20210506406278-ixbrl.htm
2021-05-13	年次	前期	単体	実績		経常利益	OrdinaryIncome	7461000000	JPY	7,461	PriorYearDuration_NonConsolidatedMember_ResultMember	/disc/80370/081220210506406278_tse-acedjpsm-80370-20210506406278-ixbrl.htm
2021-05-13	年次	前期	単体	実績		経常利益の増減率	ChangeInOrdinaryIncome	0.073	Pure	7.3	PriorYearDuration_NonConsolidatedMember_ResultMember	/disc/80370/081220210506406278_tse-acedjpsm-80370-20210506406278-ixbrl.htm
2021-05-13	年次	前期	単体	実績		当期純利益	NetIncome	4827000000	JPY	4,827	PriorYearDuration_NonConsolidatedMember_ResultMember	/disc/80370/081220210506406278_tse-acedjpsm-80370-20210506406278-ixbrl.htm
2021-05-13	年次	前期	単体	実績		当期純利益の増減率	ChangeInNetIncome	0.363	Pure	36.3	PriorYearDuration_NonConsolidatedMember_ResultMember	/disc/80370/081220210506406278_tse-acedjpsm-80370-20210506406278-ixbrl.htm
2021-05-13	年次	当期	単体	実績		1株当たり当期純利益	NetIncomePerShare	142.15	JPYPerShares	142.15	CurrentYearDuration_NonConsolidatedMember_ResultMember	/disc/80370/081220210506406278_tse-acedjpsm-80370-20210506406278-ixbrl.htm
2021-05-13	年次	前期	単体	実績		1株当たり当期純利益	NetIncomePerShare	143.67	JPYPerShares	143.67	PriorYearDuration_NonConsolidatedMember_ResultMember	/disc/80370/081220210506406278_tse-acedjpsm-80370-20210506406278-ixbrl.htm
2021-05-13	年次	当期	単体	実績		総資産	TotalAssets	141896000000	JPY	141,896	CurrentYearInstant_NonConsolidatedMember_ResultMember	/disc/80370/081220210506406278_tse-acedjpsm-80370-20210506406278-ixbrl.htm
2021-05-13	年次	当期	単体	実績		純資産	NetAssets	79583000000	JPY	79,583	CurrentYearInstant_NonConsolidatedMember_ResultMember	/disc/80370/081220210506406278_tse-acedjpsm-80370-20210506406278-ixbrl.htm
2021-05-13	年次	当期	単体	実績		自己資本比率	CapitalAdequacyRatio	0.561	Pure	56.1	CurrentYearInstant_NonConsolidatedMember_ResultMember	/disc/80370/081220210506406278_tse-acedjpsm-80370-20210506406278-ixbrl.htm
2021-05-13	年次	当期	単体	実績		1株当たり純資産	NetAssetsPerShare	2368.52	JPYPerShares	2,368.52	CurrentYearInstant_NonConsolidatedMember_ResultMember	/disc/80370/081220210506406278_tse-acedjpsm-80370-20210506406278-ixbrl.htm
2021-05-13	年次	前期	単体	実績		総資産	TotalAssets	132589000000	JPY	132,589	PriorYearInstant_NonConsolidatedMember_ResultMember	/disc/80370/081220210506406278_tse-acedjpsm-80370-20210506406278-ixbrl.htm
2021-05-13	年次	前期	単体	実績		純資産	NetAssets	75157000000	JPY	75,157	PriorYearInstant_NonConsolidatedMember_ResultMember	/disc/80370/081220210506406278_tse-acedjpsm-80370-20210506406278-ixbrl.htm
2021-05-13	年次	前期	単体	実績		自己資本比率	CapitalAdequacyRatio	0.567	Pure	56.7	PriorYearInstant_NonConsolidatedMember_ResultMember	/disc/80370/081220210506406278_tse-acedjpsm-80370-20210506406278-ixbrl.htm
2021-05-13	年次	前期	単体	実績		1株当たり純資産	NetAssetsPerShare	2236.77	JPYPerShares	2,236.77	PriorYearInstant_NonConsolidatedMember_ResultMember	/disc/80370/081220210506406278_tse-acedjpsm-80370-20210506406278-ixbrl.htm
2021-05-13	年次	当期	単体	実績		自己資本	OwnersEquity	79583000000	JPY	79,583	CurrentYearInstant_NonConsolidatedMember_ResultMember	/disc/80370/081220210506406278_tse-acedjpsm-80370-20210506406278-ixbrl.htm
2021-05-13	年次	前期	単体	実績		自己資本	OwnersEquity	75157000000	JPY	75,157	PriorYearInstant_NonConsolidatedMember_ResultMember	/disc/80370/081220210506406278_tse-acedjpsm-80370-20210506406278-ixbrl.htm
2021-05-13	年次	来期				将来情報の利用に関する注意	NotesForUsingForecastedInformationAndOthers			本資料に記載されている業績見通し等の将来に関する記述は、当社が現在入手している情報及び合理的であると判断する一定の前提に基づいており、その達成を当社として約束する趣旨のものではありません。また、実際の業績等は様々な要因により大きく異なる可能性があります。業績予想の前提となる条件及び業績予想のご利用に当たっての注意事項等については、添付資料３ページ「１．経営成績等の概況（１）経営成績に関する分析」をご覧ください。	NextYearDuration	/disc/80370/081220210506406278_tse-acedjpsm-80370-20210506406278-ixbrl.htm
2021-05-13	年次	当期				決算期末	FiscalYearEnd			2021-03-31	CurrentYearInstant	/disc/80370/081220210506406278_tse-acedjpsm-80370-20210506406278-ixbrl.htm
2021-08-10	四半期	当期第1四半期累計				書類名	DocumentName			第1四半期決算短信〔日本基準〕（連結）	CurrentAccumulatedQ1Instant	/disc/80370/081220210803477887_tse-qcedjpsm-80370-20210803477887-ixbrl.htm
2021-08-10	四半期	当期第1四半期累計				提出日	FilingDate			令和3年8月10日	CurrentAccumulatedQ1Instant	/disc/80370/081220210803477887_tse-qcedjpsm-80370-20210803477887-ixbrl.htm
2021-08-10	四半期	当期第1四半期累計				会社名	CompanyName			カメイ株式会社	CurrentAccumulatedQ1Instant	/disc/80370/081220210803477887_tse-qcedjpsm-80370-20210803477887-ixbrl.htm
2021-08-10	四半期	当期第1四半期累計					TokyoStockExchange			東	CurrentAccumulatedQ1Instant	/disc/80370/081220210803477887_tse-qcedjpsm-80370-20210803477887-ixbrl.htm
2021-08-10	四半期	当期第1四半期累計				証券コード	SecuritiesCode			80370	CurrentAccumulatedQ1Instant	/disc/80370/081220210803477887_tse-qcedjpsm-80370-20210803477887-ixbrl.htm
2021-08-10	四半期	当期第1四半期累計				URL	URL			http://www.kamei.co.jp/	CurrentAccumulatedQ1Instant	/disc/80370/081220210803477887_tse-qcedjpsm-80370-20210803477887-ixbrl.htm
2021-08-10	四半期	当期第1四半期累計				代表者の役職	TitleRepresentative			代表取締役社長	CurrentAccumulatedQ1Instant	/disc/80370/081220210803477887_tse-qcedjpsm-80370-20210803477887-ixbrl.htm
2021-08-10	四半期	当期第1四半期累計				代表者名	NameRepresentative			亀井文行	CurrentAccumulatedQ1Instant	/disc/80370/081220210803477887_tse-qcedjpsm-80370-20210803477887-ixbrl.htm
2021-08-10	四半期	当期第1四半期累計					TitleInquiries			管理部長	CurrentAccumulatedQ1Instant	/disc/80370/081220210803477887_tse-qcedjpsm-80370-20210803477887-ixbrl.htm
2021-08-10	四半期	当期第1四半期累計					NameInquiries			遠藤忠章	CurrentAccumulatedQ1Instant	/disc/80370/081220210803477887_tse-qcedjpsm-80370-20210803477887-ixbrl.htm
2021-08-10	四半期	当期第1四半期累計					Tel			022-264-6112	CurrentAccumulatedQ1Instant	/disc/80370/081220210803477887_tse-qcedjpsm-80370-20210803477887-ixbrl.htm
2021-08-10	四半期	当期第1四半期累計					QuarterlyStatementFilingDateAsPlanned			令和3年8月13日	CurrentAccumulatedQ1Instant	/disc/80370/081220210803477887_tse-qcedjpsm-80370-20210803477887-ixbrl.htm
2021-08-10	四半期	当期第1四半期累計					SupplementalMaterialOfQuarterlyResults			無	CurrentAccumulatedQ1Instant	/disc/80370/081220210803477887_tse-qcedjpsm-80370-20210803477887-ixbrl.htm
2021-08-10	四半期	当期第1四半期累計					ConveningBriefingOfQuarterlyResults			無	CurrentAccumulatedQ1Instant	/disc/80370/081220210803477887_tse-qcedjpsm-80370-20210803477887-ixbrl.htm
2021-08-10	四半期	当期第1四半期累計					NoteToFractionProcessingMethod			（百万円未満切捨て）	CurrentAccumulatedQ1Instant	/disc/80370/081220210803477887_tse-qcedjpsm-80370-20210803477887-ixbrl.htm
2021-08-10	四半期	当期第1四半期累計	連結	実績		売上高	NetSales	98167000000	JPY	98,167	CurrentAccumulatedQ1Duration_ConsolidatedMember_ResultMember	/disc/80370/081220210803477887_tse-qcedjpsm-80370-20210803477887-ixbrl.htm
2021-08-10	四半期	当期第1四半期累計	連結	実績		売上高の増減率	ChangeInNetSales	0.192	Pure	19.2	CurrentAccumulatedQ1Duration_ConsolidatedMember_ResultMember	/disc/80370/081220210803477887_tse-qcedjpsm-80370-20210803477887-ixbrl.htm
2021-08-10	四半期	当期第1四半期累計	連結	実績		営業利益	OperatingIncome	2445000000	JPY	2,445	CurrentAccumulatedQ1Duration_ConsolidatedMember_ResultMember	/disc/80370/081220210803477887_tse-qcedjpsm-80370-20210803477887-ixbrl.htm
2021-08-10	四半期	当期第1四半期累計	連結	実績		営業利益の増減率	ChangeInOperatingIncome	0.603	Pure	60.3	CurrentAccumulatedQ1Duration_ConsolidatedMember_ResultMember	/disc/80370/081220210803477887_tse-qcedjpsm-80370-20210803477887-ixbrl.htm
2021-08-10	四半期	当期第1四半期累計	連結	実績		経常利益	OrdinaryIncome	2942000000	JPY	2,942	CurrentAccumulatedQ1Duration_ConsolidatedMember_ResultMember	/disc/80370/081220210803477887_tse-qcedjpsm-80370-20210803477887-ixbrl.htm
2021-08-10	四半期	当期第1四半期累計	連結	実績		経常利益の増減率	ChangeInOrdinaryIncome	0.638	Pure	63.8	CurrentAccumulatedQ1Duration_ConsolidatedMember_ResultMember	/disc/80370/081220210803477887_tse-qcedjpsm-80370-20210803477887-ixbrl.htm
2021-08-10	四半期	当期第1四半期累計	連結	実績		親会社株主に帰属する当期純利益	ProfitAttributableToOwnersOfParent	1722000000	JPY	1,722	CurrentAccumulatedQ1Duration_ConsolidatedMember_ResultMember	/disc/80370/081220210803477887_tse-qcedjpsm-80370-20210803477887-ixbrl.htm
2021-08-10	四半期	当期第1四半期累計	連結	実績		親会社株主に帰属する当期純利益の増減率	ChangeInProfitAttributableToOwnersOfParent	0.268	Pure	26.8	CurrentAccumulatedQ1Duration_ConsolidatedMember_ResultMember	/disc/80370/081220210803477887_tse-qcedjpsm-80370-20210803477887-ixbrl.htm
2021-08-10	四半期	前期第1四半期累計	連結	実績		売上高	NetSales	82385000000	JPY	82,385	PriorAccumulatedQ1Duration_ConsolidatedMember_ResultMember	/disc/80370/081220210803477887_tse-qcedjpsm-80370-20210803477887-ixbrl.htm
2021-08-10	四半期	前期第1四半期累計	連結	実績		売上高の増減率	ChangeInNetSales	-0.212	Pure	21.2	PriorAccumulatedQ1Duration_ConsolidatedMember_ResultMember	/disc/80370/081220210803477887_tse-qcedjpsm-80370-20210803477887-ixbrl.htm
2021-08-10	四半期	前期第1四半期累計	連結	実績		営業利益	OperatingIncome	1525000000	JPY	1,525	PriorAccumulatedQ1Duration_ConsolidatedMember_ResultMember	/disc/80370/081220210803477887_tse-qcedjpsm-80370-20210803477887-ixbrl.htm
2021-08-10	四半期	前期第1四半期累計	連結	実績		営業利益の増減率	ChangeInOperatingIncome	-0.195	Pure	19.5	PriorAccumulatedQ1Duration_ConsolidatedMember_ResultMember	/disc/80370/081220210803477887_tse-qcedjpsm-80370-20210803477887-ixbrl.htm
2021-08-10	四半期	前期第1四半期累計	連結	実績		経常利益	OrdinaryIncome	1796000000	JPY	1,796	PriorAccumulatedQ1Duration_ConsolidatedMember_ResultMember	/disc/80370/081220210803477887_tse-qcedjpsm-80370-20210803477887-ixbrl.htm
2021-08-10	四半期	前期第1四半期累計	連結	実績		経常利益の増減率	ChangeInOrdinaryIncome	-0.196	Pure	19.6	PriorAccumulatedQ1Duration_ConsolidatedMember_ResultMember	/disc/80370/081220210803477887_tse-qcedjpsm-80370-20210803477887-ixbrl.htm
2021-08-10	四半期	前期第1四半期累計	連結	実績		親会社株主に帰属する当期純利益	ProfitAttributableToOwnersOfParent	1358000000	JPY	1,358	PriorAccumulatedQ1Duration_ConsolidatedMember_ResultMember	/disc/80370/081220210803477887_tse-qcedjpsm-80370-20210803477887-ixbrl.htm
2021-08-10	四半期	前期第1四半期累計	連結	実績		親会社株主に帰属する当期純利益の増減率	ChangeInProfitAttributableToOwnersOfParent	0.057	Pure	5.7	PriorAccumulatedQ1Duration_ConsolidatedMember_ResultMember	/disc/80370/081220210803477887_tse-qcedjpsm-80370-20210803477887-ixbrl.htm
2021-08-10	四半期	当期第1四半期累計	連結	実績		包括利益	ComprehensiveIncome	2859000000	JPY	2,859	CurrentAccumulatedQ1Duration_ConsolidatedMember_ResultMember	/disc/80370/081220210803477887_tse-qcedjpsm-80370-20210803477887-ixbrl.htm
2021-08-10	四半期	当期第1四半期累計	連結	実績		包括利益の増減率	ChangeInComprehensiveIncome	0.902	Pure	90.2	CurrentAccumulatedQ1Duration_ConsolidatedMember_ResultMember	/disc/80370/081220210803477887_tse-qcedjpsm-80370-20210803477887-ixbrl.htm
2021-08-10	四半期	前期第1四半期累計	連結	実績		包括利益	ComprehensiveIncome	1503000000	JPY	1,503	PriorAccumulatedQ1Duration_ConsolidatedMember_ResultMember	/disc/80370/081220210803477887_tse-qcedjpsm-80370-20210803477887-ixbrl.htm
2021-08-10	四半期	前期第1四半期累計	連結	実績		包括利益の増減率	ChangeInComprehensiveIncome	0.169	Pure	16.9	PriorAccumulatedQ1Duration_ConsolidatedMember_ResultMember	/disc/80370/081220210803477887_tse-qcedjpsm-80370-20210803477887-ixbrl.htm
2021-08-10	四半期	当期第1四半期累計	連結	実績		1株当たり当期純利益	NetIncomePerShare	51.25	JPYPerShares	51.25	CurrentAccumulatedQ1Duration_ConsolidatedMember_ResultMember	/disc/80370/081220210803477887_tse-qcedjpsm-80370-20210803477887-ixbrl.htm
2021-08-10	四半期	前期第1四半期累計	連結	実績		1株当たり当期純利益	NetIncomePerShare	40.42	JPYPerShares	40.42	PriorAccumulatedQ1Duration_ConsolidatedMember_ResultMember	/disc/80370/081220210803477887_tse-qcedjpsm-80370-20210803477887-ixbrl.htm
2021-08-10	四半期	当期第1四半期累計	連結	実績		総資産	TotalAssets	252709000000	JPY	252,709	CurrentAccumulatedQ1Instant_ConsolidatedMember_ResultMember	/disc/80370/081220210803477887_tse-qcedjpsm-80370-20210803477887-ixbrl.htm
2021-08-10	四半期	当期第1四半期累計	連結	実績		純資産	NetAssets	124398000000	JPY	124,398	CurrentAccumulatedQ1Instant_ConsolidatedMember_ResultMember	/disc/80370/081220210803477887_tse-qcedjpsm-80370-20210803477887-ixbrl.htm
2021-08-10	四半期	当期第1四半期累計	連結	実績		自己資本比率	CapitalAdequacyRatio	0.466	Pure	46.6	CurrentAccumulatedQ1Instant_ConsolidatedMember_ResultMember	/disc/80370/081220210803477887_tse-qcedjpsm-80370-20210803477887-ixbrl.htm
2021-08-10	四半期	当期第1四半期累計	連結	実績		1株当たり純資産	NetAssetsPerShare	3503.28	JPYPerShares	3,503.28	CurrentAccumulatedQ1Instant_ConsolidatedMember_ResultMember	/disc/80370/081220210803477887_tse-qcedjpsm-80370-20210803477887-ixbrl.htm
2021-08-10	四半期	前期	連結	実績		総資産	TotalAssets	256486000000	JPY	256,486	PriorYearInstant_ConsolidatedMember_ResultMember	/disc/80370/081220210803477887_tse-qcedjpsm-80370-20210803477887-ixbrl.htm
2021-08-10	四半期	前期	連結	実績		純資産	NetAssets	119895000000	JPY	119,895	PriorYearInstant_ConsolidatedMember_ResultMember	/disc/80370/081220210803477887_tse-qcedjpsm-80370-20210803477887-ixbrl.htm
2021-08-10	四半期	前期	連結	実績		自己資本比率	CapitalAdequacyRatio	0.443	Pure	44.3	PriorYearInstant_ConsolidatedMember_ResultMember	/disc/80370/081220210803477887_tse-qcedjpsm-80370-20210803477887-ixbrl.htm
2021-08-10	四半期	前期	連結	実績		1株当たり純資産	NetAssetsPerShare	3381.81	JPYPerShares	3,381.81	PriorYearInstant_ConsolidatedMember_ResultMember	/disc/80370/081220210803477887_tse-qcedjpsm-80370-20210803477887-ixbrl.htm
2021-08-10	四半期	当期第1四半期累計	連結	実績		自己資本	OwnersEquity	117712000000	JPY	117,712	CurrentAccumulatedQ1Instant_ConsolidatedMember_ResultMember	/disc/80370/081220210803477887_tse-qcedjpsm-80370-20210803477887-ixbrl.htm
2021-08-10	四半期	前期	連結	実績		自己資本	OwnersEquity	113631000000	JPY	113,631	PriorYearInstant_ConsolidatedMember_ResultMember	/disc/80370/081220210803477887_tse-qcedjpsm-80370-20210803477887-ixbrl.htm
2021-08-10	四半期	前期	単体	実績	第2四半期末	1株当たり配当金	DividendPerShare	15.00	JPYPerShares	15.00	PriorYearDuration_SecondQuarterMember_NonConsolidatedMember_ResultMember	/disc/80370/081220210803477887_tse-qcedjpsm-80370-20210803477887-ixbrl.htm
2021-08-10	四半期	前期	単体	実績	期末	1株当たり配当金	DividendPerShare	17.50	JPYPerShares	17.50	PriorYearDuration_YearEndMember_NonConsolidatedMember_ResultMember	/disc/80370/081220210803477887_tse-qcedjpsm-80370-20210803477887-ixbrl.htm
2021-08-10	四半期	前期	単体	実績	合計	1株当たり配当金	DividendPerShare	32.50	JPYPerShares	32.50	PriorYearDuration_AnnualMember_NonConsolidatedMember_ResultMember	/disc/80370/081220210803477887_tse-qcedjpsm-80370-20210803477887-ixbrl.htm
2021-08-10	四半期	当期	単体	予想	第2四半期末	1株当たり配当金	DividendPerShare	17.50	JPYPerShares	17.50	CurrentYearDuration_SecondQuarterMember_NonConsolidatedMember_ForecastMember	/disc/80370/081220210803477887_tse-qcedjpsm-80370-20210803477887-ixbrl.htm
2021-08-10	四半期	当期	単体	予想	期末	1株当たり配当金	DividendPerShare	17.50	JPYPerShares	17.50	CurrentYearDuration_YearEndMember_NonConsolidatedMember_ForecastMember	/disc/80370/081220210803477887_tse-qcedjpsm-80370-20210803477887-ixbrl.htm
2021-08-10	四半期	当期	単体	予想	合計	1株当たり配当金	DividendPerShare	35.00	JPYPerShares	35.00	CurrentYearDuration_AnnualMember_NonConsolidatedMember_ForecastMember	/disc/80370/081220210803477887_tse-qcedjpsm-80370-20210803477887-ixbrl.htm
2021-08-10	四半期	当期	単体	実績	合計	当四半期における配当予想の修正	CorrectionOfDividendForecastInThisQuarter			無	CurrentYearDuration_AnnualMember_NonConsolidatedMember_ResultMember	/disc/80370/081220210803477887_tse-qcedjpsm-80370-20210803477887-ixbrl.htm
2021-08-10	四半期	当期	連結	予想		業績予想の見出し	TitleForForecasts			3. 令和 4年 3月期の連結業績予想（令和 3年 4月 1日～令和 4年 3月31日）	CurrentYearDuration_ConsolidatedMember_ForecastMember	/disc/80370/081220210803477887_tse-qcedjpsm-80370-20210803477887-ixbrl.htm
2021-08-10	四半期	当期第2四半期累計	連結	予想		売上高	NetSales	201000000000	JPY	201,000	CurrentAccumulatedQ2Duration_ConsolidatedMember_ForecastMember	/disc/80370/081220210803477887_tse-qcedjpsm-80370-20210803477887-ixbrl.htm
2021-08-10	四半期	当期第2四半期累計	連結	予想		売上高の増減率	ChangeInNetSales	0.162	Pure	16.2	CurrentAccumulatedQ2Duration_ConsolidatedMember_ForecastMember	/disc/80370/081220210803477887_tse-qcedjpsm-80370-20210803477887-ixbrl.htm
2021-08-10	四半期	当期第2四半期累計	連結	予想		営業利益	OperatingIncome	4600000000	JPY	4,600	CurrentAccumulatedQ2Duration_ConsolidatedMember_ForecastMember	/disc/80370/081220210803477887_tse-qcedjpsm-80370-20210803477887-ixbrl.htm
2021-08-10	四半期	当期第2四半期累計	連結	予想		営業利益の増減率	ChangeInOperatingIncome	0.312	Pure	31.2	CurrentAccumulatedQ2Duration_ConsolidatedMember_ForecastMember	/disc/80370/081220210803477887_tse-qcedjpsm-80370-20210803477887-ixbrl.htm
2021-08-10	四半期	当期第2四半期累計	連結	予想		経常利益	OrdinaryIncome	5200000000	JPY	5,200	CurrentAccumulatedQ2Duration_ConsolidatedMember_ForecastMember	/disc/80370/081220210803477887_tse-qcedjpsm-80370-20210803477887-ixbrl.htm
2021-08-10	四半期	当期第2四半期累計	連結	予想		経常利益の増減率	ChangeInOrdinaryIncome	0.272	Pure	27.2	CurrentAccumulatedQ2Duration_ConsolidatedMember_ForecastMember	/disc/80370/081220210803477887_tse-qcedjpsm-80370-20210803477887-ixbrl.htm
2021-08-10	四半期	当期第2四半期累計	連結	予想		当期純利益	NetIncome	3000000000	JPY	3,000	CurrentAccumulatedQ2Duration_ConsolidatedMember_ForecastMember	/disc/80370/081220210803477887_tse-qcedjpsm-80370-20210803477887-ixbrl.htm
2021-08-10	四半期	当期第2四半期累計	連結	予想		当期純利益の増減率	ChangeInNetIncome	0.101	Pure	10.1	CurrentAccumulatedQ2Duration_ConsolidatedMember_ForecastMember	/disc/80370/081220210803477887_tse-qcedjpsm-80370-20210803477887-ixbrl.htm
2021-08-10	四半期	当期第2四半期累計	連結	予想		1株当たり当期純利益	NetIncomePerShare	89.28	JPYPerShares	89.28	CurrentAccumulatedQ2Duration_ConsolidatedMember_ForecastMember	/disc/80370/081220210803477887_tse-qcedjpsm-80370-20210803477887-ixbrl.htm
2021-08-10	四半期	当期	連結	予想		売上高	NetSales	445000000000	JPY	445,000	CurrentYearDuration_ConsolidatedMember_ForecastMember	/disc/80370/081220210803477887_tse-qcedjpsm-80370-20210803477887-ixbrl.htm
2021-08-10	四半期	当期	連結	予想		売上高の増減率	ChangeInNetSales	0.098	Pure	9.8	CurrentYearDuration_ConsolidatedMember_ForecastMember	/disc/80370/081220210803477887_tse-qcedjpsm-80370-20210803477887-ixbrl.htm
2021-08-10	四半期	当期	連結	予想		営業利益	OperatingIncome	11800000000	JPY	11,800	CurrentYearDuration_ConsolidatedMember_ForecastMember	/disc/80370/081220210803477887_tse-qcedjpsm-80370-20210803477887-ixbrl.htm
2021-08-10	四半期	当期	連結	予想		営業利益の増減率	ChangeInOperatingIncome	0.026	Pure	2.6	CurrentYearDuration_ConsolidatedMember_ForecastMember	/disc/80370/081220210803477887_tse-qcedjpsm-80370-20210803477887-ixbrl.htm
2021-08-10	四半期	当期	連結	予想		経常利益	OrdinaryIncome	13000000000	JPY	13,000	CurrentYearDuration_ConsolidatedMember_ForecastMember	/disc/80370/081220210803477887_tse-qcedjpsm-80370-20210803477887-ixbrl.htm
2021-08-10	四半期	当期	連結	予想		経常利益の増減率	ChangeInOrdinaryIncome	0.002	Pure	0.2	CurrentYearDuration_ConsolidatedMember_ForecastMember	/disc/80370/081220210803477887_tse-qcedjpsm-80370-20210803477887-ixbrl.htm
2021-08-10	四半期	当期	連結	予想		当期純利益	NetIncome	8000000000	JPY	8,000	CurrentYearDuration_ConsolidatedMember_ForecastMember	/disc/80370/081220210803477887_tse-qcedjpsm-80370-20210803477887-ixbrl.htm
2021-08-10	四半期	当期	連結	予想		当期純利益の増減率	ChangeInNetIncome	0.019	Pure	1.9	CurrentYearDuration_ConsolidatedMember_ForecastMember	/disc/80370/081220210803477887_tse-qcedjpsm-80370-20210803477887-ixbrl.htm
2021-08-10	四半期	当期	連結	予想		1株当たり当期純利益	NetIncomePerShare	238.09	JPYPerShares	238.09	CurrentYearDuration_ConsolidatedMember_ForecastMember	/disc/80370/081220210803477887_tse-qcedjpsm-80370-20210803477887-ixbrl.htm
2021-08-10	四半期	当期	連結	予想		当四半期における業績予想の修正	CorrectionOfConsolidatedFinancialForecastInThisQuarter			有	CurrentYearDuration_ConsolidatedMember_ForecastMember	/disc/80370/081220210803477887_tse-qcedjpsm-80370-20210803477887-ixbrl.htm
2021-08-10	四半期	当期第1四半期累計	連結	実績			MaterialChangesInSubsidiariesDuringThisPeriodChangesInScopeOfConsolidationsResultingFromChangeIsSubsidiaries			無	CurrentAccumulatedQ1Duration_ConsolidatedMember_ResultMember	/disc/80370/081220210803477887_tse-qcedjpsm-80370-20210803477887-ixbrl.htm
2021-08-10	四半期	当期第1四半期累計	連結	実績			ApplyingOfSpecificAccountingOfTheConsolidatedQuarterlyFinancialStatements			無	CurrentAccumulatedQ1Duration_ConsolidatedMember_ResultMember	/disc/80370/081220210803477887_tse-qcedjpsm-80370-20210803477887-ixbrl.htm
2021-08-10	四半期	当期第1四半期累計	連結	実績		会計基準等の改正に伴う変更	ChangesBasedOnRevisionsOfAccountingStandard			有	CurrentAccumulatedQ1Duration_ConsolidatedMember_ResultMember	/disc/80370/081220210803477887_tse-qcedjpsm-80370-20210803477887-ixbrl.htm
2021-08-10	四半期	当期第1四半期累計	連結	実績		それ以外の会計方針の変更	ChangesOtherThanOnesBasedOnRevisionsOfAccountingStandard			無	CurrentAccumulatedQ1Duration_ConsolidatedMember_ResultMember	/disc/80370/081220210803477887_tse-qcedjpsm-80370-20210803477887-ixbrl.htm
2021-08-10	四半期	当期第1四半期累計	連結	実績		会計上の見積りの変更	ChangesInAccountingEstimates			無	CurrentAccumulatedQ1Duration_ConsolidatedMember_ResultMember	/disc/80370/081220210803477887_tse-qcedjpsm-80370-20210803477887-ixbrl.htm
2021-08-10	四半期	当期第1四半期累計	連結	実績		修正再表示	RetrospectiveRestatement			無	CurrentAccumulatedQ1Duration_ConsolidatedMember_ResultMember	/disc/80370/081220210803477887_tse-qcedjpsm-80370-20210803477887-ixbrl.htm
2021-08-10	四半期	当期第1四半期累計	連結	実績			NoteToChangesInAccountingPoliciesAccountingEstimatesAndRetrospectiveRestatementQuarterlyConsolidated			（注）詳細は、添付資料９ページ「２．四半期連結財務諸表及び主な注記（３）四半期連結財務諸表に関する注記事項（会計方針の変更）」をご覧ください。	CurrentAccumulatedQ1Duration_ConsolidatedMember_ResultMember	/disc/80370/081220210803477887_tse-qcedjpsm-80370-20210803477887-ixbrl.htm
2021-08-10	四半期	当期第1四半期累計	単体	実績		期末発行済株式数(自己株式を含む)	NumberOfIssuedAndOutstandingSharesAtTheEndOfFiscalYearIncludingTreasuryStock	37591969	Shares	37,591,969	CurrentAccumulatedQ1Instant_NonConsolidatedMember_ResultMember	/disc/80370/081220210803477887_tse-qcedjpsm-80370-20210803477887-ixbrl.htm
2021-08-10	四半期	前期	単体	実績		期末発行済株式数(自己株式を含む)	NumberOfIssuedAndOutstandingSharesAtTheEndOfFiscalYearIncludingTreasuryStock	37591969	Shares	37,591,969	PriorYearInstant_NonConsolidatedMember_ResultMember	/disc/80370/081220210803477887_tse-qcedjpsm-80370-20210803477887-ixbrl.htm
2021-08-10	四半期	当期第1四半期累計	単体	実績		期末自己株式数	NumberOfTreasuryStockAtTheEndOfFiscalYear	3991297	Shares	3,991,297	CurrentAccumulatedQ1Instant_NonConsolidatedMember_ResultMember	/disc/80370/081220210803477887_tse-qcedjpsm-80370-20210803477887-ixbrl.htm
2021-08-10	四半期	前期	単体	実績		期末自己株式数	NumberOfTreasuryStockAtTheEndOfFiscalYear	3991287	Shares	3,991,287	PriorYearInstant_NonConsolidatedMember_ResultMember	/disc/80370/081220210803477887_tse-qcedjpsm-80370-20210803477887-ixbrl.htm
2021-08-10	四半期	当期第1四半期累計	単体	実績		期中平均株式数	AverageNumberOfShares	33600691	Shares	33,600,691	CurrentAccumulatedQ1Duration_NonConsolidatedMember_ResultMember	/disc/80370/081220210803477887_tse-qcedjpsm-80370-20210803477887-ixbrl.htm
2021-08-10	四半期	前期第1四半期累計	単体	実績		期中平均株式数	AverageNumberOfShares	33600786	Shares	33,600,786	PriorAccumulatedQ1Duration_NonConsolidatedMember_ResultMember	/disc/80370/081220210803477887_tse-qcedjpsm-80370-20210803477887-ixbrl.htm
2021-08-10	四半期	当期				将来情報の利用に関する注意	NotesForUsingForecastedInformationAndOthers			本資料に記載されている業績見通し等の将来に関する記述は、当社が現在入手している情報及び合理的であると判断する一定の前提に基づいており、その達成を当社として約束する趣旨のものではありません。また、実際の業績等は様々な要因により大きく異なる可能性があります。業績予想の前提となる条件及び業績予想のご利用に当たっての注意事項等については、添付資料４ページ「１．当四半期決算に関する定性的情報（３）連結業績予想などの将来予測情報に関する説明」をご覧ください。	CurrentYearDuration	/disc/80370/081220210803477887_tse-qcedjpsm-80370-20210803477887-ixbrl.htm
2021-08-10	四半期	当期				決算期末	FiscalYearEnd			2022-03-31	CurrentYearInstant	/disc/80370/081220210803477887_tse-qcedjpsm-80370-20210803477887-ixbrl.htm
2021-08-10	四半期	当期第1四半期累計				四半期	QuarterlyPeriod	1	Pure	1	CurrentAccumulatedQ1Instant	/disc/80370/081220210803477887_tse-qcedjpsm-80370-20210803477887-ixbrl.htm
2021-11-11	四半期	当期第2四半期累計				書類名	DocumentName			第2四半期決算短信〔日本基準〕（連結）	CurrentAccumulatedQ2Instant	/disc/80370/081220211102423277_tse-qcedjpsm-80370-20211102423277-ixbrl.htm
2021-11-11	四半期	当期第2四半期累計				提出日	FilingDate			令和3年11月11日	CurrentAccumulatedQ2Instant	/disc/80370/081220211102423277_tse-qcedjpsm-80370-20211102423277-ixbrl.htm
2021-11-11	四半期	当期第2四半期累計				会社名	CompanyName			カメイ株式会社	CurrentAccumulatedQ2Instant	/disc/80370/081220211102423277_tse-qcedjpsm-80370-20211102423277-ixbrl.htm
2021-11-11	四半期	当期第2四半期累計					TokyoStockExchange			東	CurrentAccumulatedQ2Instant	/disc/80370/081220211102423277_tse-qcedjpsm-80370-20211102423277-ixbrl.htm
2021-11-11	四半期	当期第2四半期累計				証券コード	SecuritiesCode			80370	CurrentAccumulatedQ2Instant	/disc/80370/081220211102423277_tse-qcedjpsm-80370-20211102423277-ixbrl.htm
2021-11-11	四半期	当期第2四半期累計				URL	URL			http://www.kamei.co.jp/	CurrentAccumulatedQ2Instant	/disc/80370/081220211102423277_tse-qcedjpsm-80370-20211102423277-ixbrl.htm
2021-11-11	四半期	当期第2四半期累計				代表者の役職	TitleRepresentative			代表取締役社長	CurrentAccumulatedQ2Instant	/disc/80370/081220211102423277_tse-qcedjpsm-80370-20211102423277-ixbrl.htm
2021-11-11	四半期	当期第2四半期累計				代表者名	NameRepresentative			亀井文行	CurrentAccumulatedQ2Instant	/disc/80370/081220211102423277_tse-qcedjpsm-80370-20211102423277-ixbrl.htm
2021-11-11	四半期	当期第2四半期累計					TitleInquiries			管理部長	CurrentAccumulatedQ2Instant	/disc/80370/081220211102423277_tse-qcedjpsm-80370-20211102423277-ixbrl.htm
2021-11-11	四半期	当期第2四半期累計					NameInquiries			遠藤忠章	CurrentAccumulatedQ2Instant	/disc/80370/081220211102423277_tse-qcedjpsm-80370-20211102423277-ixbrl.htm
2021-11-11	四半期	当期第2四半期累計					Tel			022-264-6112	CurrentAccumulatedQ2Instant	/disc/80370/081220211102423277_tse-qcedjpsm-80370-20211102423277-ixbrl.htm
2021-11-11	四半期	当期第2四半期累計					QuarterlyStatementFilingDateAsPlanned			令和3年11月11日	CurrentAccumulatedQ2Instant	/disc/80370/081220211102423277_tse-qcedjpsm-80370-20211102423277-ixbrl.htm
2021-11-11	四半期	当期第2四半期累計					DividendPayableDateAsPlanned			令和3年12月6日	CurrentAccumulatedQ2Instant	/disc/80370/081220211102423277_tse-qcedjpsm-80370-20211102423277-ixbrl.htm
2021-11-11	四半期	当期第2四半期累計					SupplementalMaterialOfQuarterlyResults			無	CurrentAccumulatedQ2Instant	/disc/80370/081220211102423277_tse-qcedjpsm-80370-20211102423277-ixbrl.htm
2021-11-11	四半期	当期第2四半期累計					ConveningBriefingOfQuarterlyResults			無	CurrentAccumulatedQ2Instant	/disc/80370/081220211102423277_tse-qcedjpsm-80370-20211102423277-ixbrl.htm
2021-11-11	四半期	当期第2四半期累計					NoteToFractionProcessingMethod			（百万円未満切捨て）	CurrentAccumulatedQ2Instant	/disc/80370/081220211102423277_tse-qcedjpsm-80370-20211102423277-ixbrl.htm
2021-11-11	四半期	当期第2四半期累計	連結	実績		売上高	NetSales	202914000000	JPY	202,914	CurrentAccumulatedQ2Duration_ConsolidatedMember_ResultMember	/disc/80370/081220211102423277_tse-qcedjpsm-80370-20211102423277-ixbrl.htm
2021-11-11	四半期	当期第2四半期累計	連結	実績		売上高の増減率	ChangeInNetSales	0.173	Pure	17.3	CurrentAccumulatedQ2Duration_ConsolidatedMember_ResultMember	/disc/80370/081220211102423277_tse-qcedjpsm-80370-20211102423277-ixbrl.htm
2021-11-11	四半期	当期第2四半期累計	連結	実績		営業利益	OperatingIncome	4775000000	JPY	4,775	CurrentAccumulatedQ2Duration_ConsolidatedMember_ResultMember	/disc/80370/081220211102423277_tse-qcedjpsm-80370-20211102423277-ixbrl.htm
2021-11-11	四半期	当期第2四半期累計	連結	実績		営業利益の増減率	ChangeInOperatingIncome	0.362	Pure	36.2	CurrentAccumulatedQ2Duration_ConsolidatedMember_ResultMember	/disc/80370/081220211102423277_tse-qcedjpsm-80370-20211102423277-ixbrl.htm
2021-11-11	四半期	当期第2四半期累計	連結	実績		経常利益	OrdinaryIncome	5438000000	JPY	5,438	CurrentAccumulatedQ2Duration_ConsolidatedMember_ResultMember	/disc/80370/081220211102423277_tse-qcedjpsm-80370-20211102423277-ixbrl.htm
2021-11-11	四半期	当期第2四半期累計	連結	実績		経常利益の増減率	ChangeInOrdinaryIncome	0.330	Pure	33.0	CurrentAccumulatedQ2Duration_ConsolidatedMember_ResultMember	/disc/80370/081220211102423277_tse-qcedjpsm-80370-20211102423277-ixbrl.htm
2021-11-11	四半期	当期第2四半期累計	連結	実績		親会社株主に帰属する当期純利益	ProfitAttributableToOwnersOfParent	3290000000	JPY	3,290	CurrentAccumulatedQ2Duration_ConsolidatedMember_ResultMember	/disc/80370/081220211102423277_tse-qcedjpsm-80370-20211102423277-ixbrl.htm
2021-11-11	四半期	当期第2四半期累計	連結	実績		親会社株主に帰属する当期純利益の増減率	ChangeInProfitAttributableToOwnersOfParent	0.208	Pure	20.8	CurrentAccumulatedQ2Duration_ConsolidatedMember_ResultMember	/disc/80370/081220211102423277_tse-qcedjpsm-80370-20211102423277-ixbrl.htm
2021-11-11	四半期	前期第2四半期累計	連結	実績		売上高	NetSales	173024000000	JPY	173,024	PriorAccumulatedQ2Duration_ConsolidatedMember_ResultMember	/disc/80370/081220211102423277_tse-qcedjpsm-80370-20211102423277-ixbrl.htm
2021-11-11	四半期	前期第2四半期累計	連結	実績		売上高の増減率	ChangeInNetSales	-0.183	Pure	18.3	PriorAccumulatedQ2Duration_ConsolidatedMember_ResultMember	/disc/80370/081220211102423277_tse-qcedjpsm-80370-20211102423277-ixbrl.htm
2021-11-11	四半期	前期第2四半期累計	連結	実績		営業利益	OperatingIncome	3505000000	JPY	3,505	PriorAccumulatedQ2Duration_ConsolidatedMember_ResultMember	/disc/80370/081220211102423277_tse-qcedjpsm-80370-20211102423277-ixbrl.htm
2021-11-11	四半期	前期第2四半期累計	連結	実績		営業利益の増減率	ChangeInOperatingIncome	-0.096	Pure	9.6	PriorAccumulatedQ2Duration_ConsolidatedMember_ResultMember	/disc/80370/081220211102423277_tse-qcedjpsm-80370-20211102423277-ixbrl.htm
2021-11-11	四半期	前期第2四半期累計	連結	実績		経常利益	OrdinaryIncome	4089000000	JPY	4,089	PriorAccumulatedQ2Duration_ConsolidatedMember_ResultMember	/disc/80370/081220211102423277_tse-qcedjpsm-80370-20211102423277-ixbrl.htm
2021-11-11	四半期	前期第2四半期累計	連結	実績		経常利益の増減率	ChangeInOrdinaryIncome	-0.078	Pure	7.8	PriorAccumulatedQ2Duration_ConsolidatedMember_ResultMember	/disc/80370/081220211102423277_tse-qcedjpsm-80370-20211102423277-ixbrl.htm
2021-11-11	四半期	前期第2四半期累計	連結	実績		親会社株主に帰属する当期純利益	ProfitAttributableToOwnersOfParent	2724000000	JPY	2,724	PriorAccumulatedQ2Duration_ConsolidatedMember_ResultMember	/disc/80370/081220211102423277_tse-qcedjpsm-80370-20211102423277-ixbrl.htm
2021-11-11	四半期	前期第2四半期累計	連結	実績		親会社株主に帰属する当期純利益の増減率	ChangeInProfitAttributableToOwnersOfParent	0.092	Pure	9.2	PriorAccumulatedQ2Duration_ConsolidatedMember_ResultMember	/disc/80370/081220211102423277_tse-qcedjpsm-80370-20211102423277-ixbrl.htm
2021-11-11	四半期	当期第2四半期累計	連結	実績		包括利益	ComprehensiveIncome	4778000000	JPY	4,778	CurrentAccumulatedQ2Duration_ConsolidatedMember_ResultMember	/disc/80370/081220211102423277_tse-qcedjpsm-80370-20211102423277-ixbrl.htm
2021-11-11	四半期	当期第2四半期累計	連結	実績		包括利益の増減率	ChangeInComprehensiveIncome	0.589	Pure	58.9	CurrentAccumulatedQ2Duration_ConsolidatedMember_ResultMember	/disc/80370/081220211102423277_tse-qcedjpsm-80370-20211102423277-ixbrl.htm
2021-11-11	四半期	前期第2四半期累計	連結	実績		包括利益	ComprehensiveIncome	3006000000	JPY	3,006	PriorAccumulatedQ2Duration_ConsolidatedMember_ResultMember	/disc/80370/081220211102423277_tse-qcedjpsm-80370-20211102423277-ixbrl.htm
2021-11-11	四半期	前期第2四半期累計	連結	実績		包括利益の増減率	ChangeInComprehensiveIncome	0.376	Pure	37.6	PriorAccumulatedQ2Duration_ConsolidatedMember_ResultMember	/disc/80370/081220211102423277_tse-qcedjpsm-80370-20211102423277-ixbrl.htm
2021-11-11	四半期	当期第2四半期累計	連結	実績		1株当たり当期純利益	NetIncomePerShare	97.93	JPYPerShares	97.93	CurrentAccumulatedQ2Duration_ConsolidatedMember_ResultMember	/disc/80370/081220211102423277_tse-qcedjpsm-80370-20211102423277-ixbrl.htm
2021-11-11	四半期	前期第2四半期累計	連結	実績		1株当たり当期純利益	NetIncomePerShare	81.08	JPYPerShares	81.08	PriorAccumulatedQ2Duration_ConsolidatedMember_ResultMember	/disc/80370/081220211102423277_tse-qcedjpsm-80370-20211102423277-ixbrl.htm
2021-11-11	四半期	当期第2四半期累計	連結	実績		総資産	TotalAssets	259294000000	JPY	259,294	CurrentAccumulatedQ2Instant_ConsolidatedMember_ResultMember	/disc/80370/081220211102423277_tse-qcedjpsm-80370-20211102423277-ixbrl.htm
2021-11-11	四半期	当期第2四半期累計	連結	実績		純資産	NetAssets	126317000000	JPY	126,317	CurrentAccumulatedQ2Instant_ConsolidatedMember_ResultMember	/disc/80370/081220211102423277_tse-qcedjpsm-80370-20211102423277-ixbrl.htm
2021-11-11	四半期	当期第2四半期累計	連結	実績		自己資本比率	CapitalAdequacyRatio	0.461	Pure	46.1	CurrentAccumulatedQ2Instant_ConsolidatedMember_ResultMember	/disc/80370/081220211102423277_tse-qcedjpsm-80370-20211102423277-ixbrl.htm
2021-11-11	四半期	当期第2四半期累計	連結	実績		1株当たり純資産	NetAssetsPerShare	3557.95	JPYPerShares	3,557.95	CurrentAccumulatedQ2Instant_ConsolidatedMember_ResultMember	/disc/80370/081220211102423277_tse-qcedjpsm-80370-20211102423277-ixbrl.htm
2021-11-11	四半期	前期	連結	実績		総資産	TotalAssets	256486000000	JPY	256,486	PriorYearInstant_ConsolidatedMember_ResultMember	/disc/80370/081220211102423277_tse-qcedjpsm-80370-20211102423277-ixbrl.htm
2021-11-11	四半期	前期	連結	実績		純資産	NetAssets	119895000000	JPY	119,895	PriorYearInstant_ConsolidatedMember_ResultMember	/disc/80370/081220211102423277_tse-qcedjpsm-80370-20211102423277-ixbrl.htm
2021-11-11	四半期	前期	連結	実績		自己資本比率	CapitalAdequacyRatio	0.443	Pure	44.3	PriorYearInstant_ConsolidatedMember_ResultMember	/disc/80370/081220211102423277_tse-qcedjpsm-80370-20211102423277-ixbrl.htm
2021-11-11	四半期	前期	連結	実績		1株当たり純資産	NetAssetsPerShare	3381.81	JPYPerShares	3,381.81	PriorYearInstant_ConsolidatedMember_ResultMember	/disc/80370/081220211102423277_tse-qcedjpsm-80370-20211102423277-ixbrl.htm
2021-11-11	四半期	当期第2四半期累計	連結	実績		自己資本	OwnersEquity	119549000000	JPY	119,549	CurrentAccumulatedQ2Instant_ConsolidatedMember_ResultMember	/disc/80370/081220211102423277_tse-qcedjpsm-80370-20211102423277-ixbrl.htm
2021-11-11	四半期	前期	連結	実績		自己資本	OwnersEquity	113631000000	JPY	113,631	PriorYearInstant_ConsolidatedMember_ResultMember	/disc/80370/081220211102423277_tse-qcedjpsm-80370-20211102423277-ixbrl.htm
2021-11-11	四半期	前期	単体	実績	第2四半期末	1株当たり配当金	DividendPerShare	15.00	JPYPerShares	15.00	PriorYearDuration_SecondQuarterMember_NonConsolidatedMember_ResultMember	/disc/80370/081220211102423277_tse-qcedjpsm-80370-20211102423277-ixbrl.htm
2021-11-11	四半期	前期	単体	実績	期末	1株当たり配当金	DividendPerShare	17.50	JPYPerShares	17.50	PriorYearDuration_YearEndMember_NonConsolidatedMember_ResultMember	/disc/80370/081220211102423277_tse-qcedjpsm-80370-20211102423277-ixbrl.htm
2021-11-11	四半期	前期	単体	実績	合計	1株当たり配当金	DividendPerShare	32.50	JPYPerShares	32.50	PriorYearDuration_AnnualMember_NonConsolidatedMember_ResultMember	/disc/80370/081220211102423277_tse-qcedjpsm-80370-20211102423277-ixbrl.htm
2021-11-11	四半期	当期	単体	実績	第2四半期末	1株当たり配当金	DividendPerShare	17.50	JPYPerShares	17.50	CurrentYearDuration_SecondQuarterMember_NonConsolidatedMember_ResultMember	/disc/80370/081220211102423277_tse-qcedjpsm-80370-20211102423277-ixbrl.htm
2021-11-11	四半期	当期	単体	予想	期末	1株当たり配当金	DividendPerShare	17.50	JPYPerShares	17.50	CurrentYearDuration_YearEndMember_NonConsolidatedMember_ForecastMember	/disc/80370/081220211102423277_tse-qcedjpsm-80370-20211102423277-ixbrl.htm
2021-11-11	四半期	当期	単体	予想	合計	1株当たり配当金	DividendPerShare	35.00	JPYPerShares	35.00	CurrentYearDuration_AnnualMember_NonConsolidatedMember_ForecastMember	/disc/80370/081220211102423277_tse-qcedjpsm-80370-20211102423277-ixbrl.htm
2021-11-11	四半期	当期	単体	実績	合計	当四半期における配当予想の修正	CorrectionOfDividendForecastInThisQuarter			無	CurrentYearDuration_AnnualMember_NonConsolidatedMember_ResultMember	/disc/80370/081220211102423277_tse-qcedjpsm-80370-20211102423277-ixbrl.htm
2021-11-11	四半期	当期	連結	予想		業績予想の見出し	TitleForForecasts			3. 令和 4年 3月期の連結業績予想（令和 3年 4月 1日～令和 4年 3月31日）	CurrentYearDuration_ConsolidatedMember_ForecastMember	/disc/80370/081220211102423277_tse-qcedjpsm-80370-20211102423277-ixbrl.htm
2021-11-11	四半期	当期	連結	予想		売上高	NetSales	445000000000	JPY	445,000	CurrentYearDuration_ConsolidatedMember_ForecastMember	/disc/80370/081220211102423277_tse-qcedjpsm-80370-20211102423277-ixbrl.htm
2021-11-11	四半期	当期	連結	予想		売上高の増減率	ChangeInNetSales	0.098	Pure	9.8	CurrentYearDuration_ConsolidatedMember_ForecastMember	/disc/80370/081220211102423277_tse-qcedjpsm-80370-20211102423277-ixbrl.htm
2021-11-11	四半期	当期	連結	予想		営業利益	OperatingIncome	11800000000	JPY	11,800	CurrentYearDuration_ConsolidatedMember_ForecastMember	/disc/80370/081220211102423277_tse-qcedjpsm-80370-20211102423277-ixbrl.htm
2021-11-11	四半期	当期	連結	予想		営業利益の増減率	ChangeInOperatingIncome	0.026	Pure	2.6	CurrentYearDuration_ConsolidatedMember_ForecastMember	/disc/80370/081220211102423277_tse-qcedjpsm-80370-20211102423277-ixbrl.htm
2021-11-11	四半期	当期	連結	予想		経常利益	OrdinaryIncome	13000000000	JPY	13,000	CurrentYearDuration_ConsolidatedMember_ForecastMember	/disc/80370/081220211102423277_tse-qcedjpsm-80370-20211102423277-ixbrl.htm
2021-11-11	四半期	当期	連結	予想		経常利益の増減率	ChangeInOrdinaryIncome	0.002	Pure	0.2	CurrentYearDuration_ConsolidatedMember_ForecastMember	/disc/80370/081220211102423277_tse-qcedjpsm-80370-20211102423277-ixbrl.htm
2021-11-11	四半期	当期	連結	予想		当期純利益	NetIncome	8000000000	JPY	8,000	CurrentYearDuration_ConsolidatedMember_ForecastMember	/disc/80370/081220211102423277_tse-qcedjpsm-80370-20211102423277-ixbrl.htm
2021-11-11	四半期	当期	連結	予想		当期純利益の増減率	ChangeInNetIncome	0.019	Pure	1.9	CurrentYearDuration_ConsolidatedMember_ForecastMember	/disc/80370/081220211102423277_tse-qcedjpsm-80370-20211102423277-ixbrl.htm
2021-11-11	四半期	当期	連結	予想		1株当たり当期純利益	NetIncomePerShare	238.09	JPYPerShares	238.09	CurrentYearDuration_ConsolidatedMember_ForecastMember	/disc/80370/081220211102423277_tse-qcedjpsm-80370-20211102423277-ixbrl.htm
2021-11-11	四半期	当期	連結	予想		当四半期における業績予想の修正	CorrectionOfConsolidatedFinancialForecastInThisQuarter			無	CurrentYearDuration_ConsolidatedMember_ForecastMember	/disc/80370/081220211102423277_tse-qcedjpsm-80370-20211102423277-ixbrl.htm
2021-11-11	四半期	当期第2四半期累計	連結	実績			MaterialChangesInSubsidiariesDuringThisPeriodChangesInScopeOfConsolidationsResultingFromChangeIsSubsidiaries			無	CurrentAccumulatedQ2Duration_ConsolidatedMember_ResultMember	/disc/80370/081220211102423277_tse-qcedjpsm-80370-20211102423277-ixbrl.htm
2021-11-11	四半期	当期第2四半期累計	連結	実績			ApplyingOfSpecificAccountingOfTheConsolidatedQuarterlyFinancialStatements			無	CurrentAccumulatedQ2Duration_ConsolidatedMember_ResultMember	/disc/80370/081220211102423277_tse-qcedjpsm-80370-20211102423277-ixbrl.htm
2021-11-11	四半期	当期第2四半期累計	連結	実績		会計基準等の改正に伴う変更	ChangesBasedOnRevisionsOfAccountingStandard			有	CurrentAccumulatedQ2Duration_ConsolidatedMember_ResultMember	/disc/80370/081220211102423277_tse-qcedjpsm-80370-20211102423277-ixbrl.htm
2021-11-11	四半期	当期第2四半期累計	連結	実績		それ以外の会計方針の変更	ChangesOtherThanOnesBasedOnRevisionsOfAccountingStandard			無	CurrentAccumulatedQ2Duration_ConsolidatedMember_ResultMember	/disc/80370/081220211102423277_tse-qcedjpsm-80370-20211102423277-ixbrl.htm
2021-11-11	四半期	当期第2四半期累計	連結	実績		会計上の見積りの変更	ChangesInAccountingEstimates			無	CurrentAccumulatedQ2Duration_ConsolidatedMember_ResultMember	/disc/80370/081220211102423277_tse-qcedjpsm-80370-20211102423277-ixbrl.htm
2021-11-11	四半期	当期第2四半期累計	連結	実績		修正再表示	RetrospectiveRestatement			無	CurrentAccumulatedQ2Duration_ConsolidatedMember_ResultMember	/disc/80370/081220211102423277_tse-qcedjpsm-80370-20211102423277-ixbrl.htm
2021-11-11	四半期	当期第2四半期累計	連結	実績			NoteToChangesInAccountingPoliciesAccountingEstimatesAndRetrospectiveRestatementQuarterlyConsolidated			（注）詳細は、添付資料11ページ「２．四半期連結財務諸表及び主な注記（４）四半期連結財務諸表に関する注記事項（会計方針の変更）」をご覧ください。	CurrentAccumulatedQ2Duration_ConsolidatedMember_ResultMember	/disc/80370/081220211102423277_tse-qcedjpsm-80370-20211102423277-ixbrl.htm
2021-11-11	四半期	当期第2四半期累計	単体	実績		期末発行済株式数(自己株式を含む)	NumberOfIssuedAndOutstandingSharesAtTheEndOfFiscalYearIncludingTreasuryStock	37591969	Shares	37,591,969	CurrentAccumulatedQ2Instant_NonConsolidatedMember_ResultMember	/disc/80370/081220211102423277_tse-qcedjpsm-80370-20211102423277-ixbrl.htm
2021-11-11	四半期	前期	単体	実績		期末発行済株式数(自己株式を含む)	NumberOfIssuedAndOutstandingSharesAtTheEndOfFiscalYearIncludingTreasuryStock	37591969	Shares	37,591,969	PriorYearInstant_NonConsolidatedMember_ResultMember	/disc/80370/081220211102423277_tse-qcedjpsm-80370-20211102423277-ixbrl.htm
2021-11-11	四半期	当期第2四半期累計	単体	実績		期末自己株式数	NumberOfTreasuryStockAtTheEndOfFiscalYear	3991348	Shares	3,991,348	CurrentAccumulatedQ2Instant_NonConsolidatedMember_ResultMember	/disc/80370/081220211102423277_tse-qcedjpsm-80370-20211102423277-ixbrl.htm
2021-11-11	四半期	前期	単体	実績		期末自己株式数	NumberOfTreasuryStockAtTheEndOfFiscalYear	3991287	Shares	3,991,287	PriorYearInstant_NonConsolidatedMember_ResultMember	/disc/80370/081220211102423277_tse-qcedjpsm-80370-20211102423277-ixbrl.htm
2021-11-11	四半期	当期第2四半期累計	単体	実績		期中平均株式数	AverageNumberOfShares	33600658	Shares	33,600,658	CurrentAccumulatedQ2Duration_NonConsolidatedMember_ResultMember	/disc/80370/081220211102423277_tse-qcedjpsm-80370-20211102423277-ixbrl.htm
2021-11-11	四半期	前期第2四半期累計	単体	実績		期中平均株式数	AverageNumberOfShares	33600781	Shares	33,600,781	PriorAccumulatedQ2Duration_NonConsolidatedMember_ResultMember	/disc/80370/081220211102423277_tse-qcedjpsm-80370-20211102423277-ixbrl.htm
2021-11-11	四半期	当期				将来情報の利用に関する注意	NotesForUsingForecastedInformationAndOthers			本資料に記載されている業績見通し等の将来に関する記述は、当社が現在入手している情報及び合理的であると判断する一定の前提に基づいており、その達成を当社として約束する趣旨のものではありません。また、実際の業績等は様々な要因により大きく異なる可能性があります。業績予想の前提となる条件及び業績予想のご利用に当たっての注意事項等については、添付資料４ページ「１．当四半期決算に関する定性的情報（３）連結業績予想などの将来予測情報に関する説明」をご覧ください。	CurrentYearDuration	/disc/80370/081220211102423277_tse-qcedjpsm-80370-20211102423277-ixbrl.htm
2021-11-11	四半期	当期				決算期末	FiscalYearEnd			2022-03-31	CurrentYearInstant	/disc/80370/081220211102423277_tse-qcedjpsm-80370-20211102423277-ixbrl.htm
2021-11-11	四半期	当期第2四半期累計				四半期	QuarterlyPeriod	2	Pure	2	CurrentAccumulatedQ2Instant	/disc/80370/081220211102423277_tse-qcedjpsm-80370-20211102423277-ixbrl.htm
2022-02-09	四半期	当期第3四半期累計				書類名	DocumentName			第3四半期決算短信〔日本基準〕（連結）	CurrentAccumulatedQ3Instant	/disc/80370/081220220201576981_tse-qcedjpsm-80370-20220201576981-ixbrl.htm
2022-02-09	四半期	当期第3四半期累計				提出日	FilingDate			令和4年2月9日	CurrentAccumulatedQ3Instant	/disc/80370/081220220201576981_tse-qcedjpsm-80370-20220201576981-ixbrl.htm
2022-02-09	四半期	当期第3四半期累計				会社名	CompanyName			カメイ株式会社	CurrentAccumulatedQ3Instant	/disc/80370/081220220201576981_tse-qcedjpsm-80370-20220201576981-ixbrl.htm
2022-02-09	四半期	当期第3四半期累計					TokyoStockExchange			東	CurrentAccumulatedQ3Instant	/disc/80370/081220220201576981_tse-qcedjpsm-80370-20220201576981-ixbrl.htm
2022-02-09	四半期	当期第3四半期累計				証券コード	SecuritiesCode			80370	CurrentAccumulatedQ3Instant	/disc/80370/081220220201576981_tse-qcedjpsm-80370-20220201576981-ixbrl.htm
2022-02-09	四半期	当期第3四半期累計				URL	URL			https://www.kamei.co.jp/	CurrentAccumulatedQ3Instant	/disc/80370/081220220201576981_tse-qcedjpsm-80370-20220201576981-ixbrl.htm
2022-02-09	四半期	当期第3四半期累計				代表者の役職	TitleRepresentative			代表取締役社長	CurrentAccumulatedQ3Instant	/disc/80370/081220220201576981_tse-qcedjpsm-80370-20220201576981-ixbrl.htm
2022-02-09	四半期	当期第3四半期累計				代表者名	NameRepresentative			亀井文行	CurrentAccumulatedQ3Instant	/disc/80370/081220220201576981_tse-qcedjpsm-80370-20220201576981-ixbrl.htm
2022-02-09	四半期	当期第3四半期累計					TitleInquiries			管理部長	CurrentAccumulatedQ3Instant	/disc/80370/081220220201576981_tse-qcedjpsm-80370-20220201576981-ixbrl.htm
2022-02-09	四半期	当期第3四半期累計					NameInquiries			遠藤忠章	CurrentAccumulatedQ3Instant	/disc/80370/081220220201576981_tse-qcedjpsm-80370-20220201576981-ixbrl.htm
2022-02-09	四半期	当期第3四半期累計					Tel			022-264-6112	CurrentAccumulatedQ3Instant	/disc/80370/081220220201576981_tse-qcedjpsm-80370-20220201576981-ixbrl.htm
2022-02-09	四半期	当期第3四半期累計					QuarterlyStatementFilingDateAsPlanned			令和4年2月9日	CurrentAccumulatedQ3Instant	/disc/80370/081220220201576981_tse-qcedjpsm-80370-20220201576981-ixbrl.htm
2022-02-09	四半期	当期第3四半期累計					SupplementalMaterialOfQuarterlyResults			無	CurrentAccumulatedQ3Instant	/disc/80370/081220220201576981_tse-qcedjpsm-80370-20220201576981-ixbrl.htm
2022-02-09	四半期	当期第3四半期累計					ConveningBriefingOfQuarterlyResults			無	CurrentAccumulatedQ3Instant	/disc/80370/081220220201576981_tse-qcedjpsm-80370-20220201576981-ixbrl.htm
2022-02-09	四半期	当期第3四半期累計					NoteToFractionProcessingMethod			（百万円未満切捨て）	CurrentAccumulatedQ3Instant	/disc/80370/081220220201576981_tse-qcedjpsm-80370-20220201576981-ixbrl.htm
2022-02-09	四半期	当期第3四半期累計	連結	実績		売上高	NetSales	334273000000	JPY	334,273	CurrentAccumulatedQ3Duration_ConsolidatedMember_ResultMember	/disc/80370/081220220201576981_tse-qcedjpsm-80370-20220201576981-ixbrl.htm
2022-02-09	四半期	当期第3四半期累計	連結	実績		売上高の増減率	ChangeInNetSales	0.181	Pure	18.1	CurrentAccumulatedQ3Duration_ConsolidatedMember_ResultMember	/disc/80370/081220220201576981_tse-qcedjpsm-80370-20220201576981-ixbrl.htm
2022-02-09	四半期	当期第3四半期累計	連結	実績		営業利益	OperatingIncome	7950000000	JPY	7,950	CurrentAccumulatedQ3Duration_ConsolidatedMember_ResultMember	/disc/80370/081220220201576981_tse-qcedjpsm-80370-20220201576981-ixbrl.htm
2022-02-09	四半期	当期第3四半期累計	連結	実績		営業利益の増減率	ChangeInOperatingIncome	0.188	Pure	18.8	CurrentAccumulatedQ3Duration_ConsolidatedMember_ResultMember	/disc/80370/081220220201576981_tse-qcedjpsm-80370-20220201576981-ixbrl.htm
2022-02-09	四半期	当期第3四半期累計	連結	実績		経常利益	OrdinaryIncome	9168000000	JPY	9,168	CurrentAccumulatedQ3Duration_ConsolidatedMember_ResultMember	/disc/80370/081220220201576981_tse-qcedjpsm-80370-20220201576981-ixbrl.htm
2022-02-09	四半期	当期第3四半期累計	連結	実績		経常利益の増減率	ChangeInOrdinaryIncome	0.194	Pure	19.4	CurrentAccumulatedQ3Duration_ConsolidatedMember_ResultMember	/disc/80370/081220220201576981_tse-qcedjpsm-80370-20220201576981-ixbrl.htm
2022-02-09	四半期	当期第3四半期累計	連結	実績		親会社株主に帰属する当期純利益	ProfitAttributableToOwnersOfParent	4835000000	JPY	4,835	CurrentAccumulatedQ3Duration_ConsolidatedMember_ResultMember	/disc/80370/081220220201576981_tse-qcedjpsm-80370-20220201576981-ixbrl.htm
2022-02-09	四半期	当期第3四半期累計	連結	実績		親会社株主に帰属する当期純利益の増減率	ChangeInProfitAttributableToOwnersOfParent	-0.038	Pure	3.8	CurrentAccumulatedQ3Duration_ConsolidatedMember_ResultMember	/disc/80370/081220220201576981_tse-qcedjpsm-80370-20220201576981-ixbrl.htm
2022-02-09	四半期	前期第3四半期累計	連結	実績		売上高	NetSales	282926000000	JPY	282,926	PriorAccumulatedQ3Duration_ConsolidatedMember_ResultMember	/disc/80370/081220220201576981_tse-qcedjpsm-80370-20220201576981-ixbrl.htm
2022-02-09	四半期	前期第3四半期累計	連結	実績		売上高の増減率	ChangeInNetSales	-0.149	Pure	14.9	PriorAccumulatedQ3Duration_ConsolidatedMember_ResultMember	/disc/80370/081220220201576981_tse-qcedjpsm-80370-20220201576981-ixbrl.htm
2022-02-09	四半期	前期第3四半期累計	連結	実績		営業利益	OperatingIncome	6692000000	JPY	6,692	PriorAccumulatedQ3Duration_ConsolidatedMember_ResultMember	/disc/80370/081220220201576981_tse-qcedjpsm-80370-20220201576981-ixbrl.htm
2022-02-09	四半期	前期第3四半期累計	連結	実績		営業利益の増減率	ChangeInOperatingIncome	0.069	Pure	6.9	PriorAccumulatedQ3Duration_ConsolidatedMember_ResultMember	/disc/80370/081220220201576981_tse-qcedjpsm-80370-20220201576981-ixbrl.htm
2022-02-09	四半期	前期第3四半期累計	連結	実績		経常利益	OrdinaryIncome	7680000000	JPY	7,680	PriorAccumulatedQ3Duration_ConsolidatedMember_ResultMember	/disc/80370/081220220201576981_tse-qcedjpsm-80370-20220201576981-ixbrl.htm
2022-02-09	四半期	前期第3四半期累計	連結	実績		経常利益の増減率	ChangeInOrdinaryIncome	0.016	Pure	1.6	PriorAccumulatedQ3Duration_ConsolidatedMember_ResultMember	/disc/80370/081220220201576981_tse-qcedjpsm-80370-20220201576981-ixbrl.htm
2022-02-09	四半期	前期第3四半期累計	連結	実績		親会社株主に帰属する当期純利益	ProfitAttributableToOwnersOfParent	5025000000	JPY	5,025	PriorAccumulatedQ3Duration_ConsolidatedMember_ResultMember	/disc/80370/081220220201576981_tse-qcedjpsm-80370-20220201576981-ixbrl.htm
2022-02-09	四半期	前期第3四半期累計	連結	実績		親会社株主に帰属する当期純利益の増減率	ChangeInProfitAttributableToOwnersOfParent	0.132	Pure	13.2	PriorAccumulatedQ3Duration_ConsolidatedMember_ResultMember	/disc/80370/081220220201576981_tse-qcedjpsm-80370-20220201576981-ixbrl.htm
2022-02-09	四半期	当期第3四半期累計	連結	実績		包括利益	ComprehensiveIncome	6874000000	JPY	6,874	CurrentAccumulatedQ3Duration_ConsolidatedMember_ResultMember	/disc/80370/081220220201576981_tse-qcedjpsm-80370-20220201576981-ixbrl.htm
2022-02-09	四半期	当期第3四半期累計	連結	実績		包括利益の増減率	ChangeInComprehensiveIncome	0.289	Pure	28.9	CurrentAccumulatedQ3Duration_ConsolidatedMember_ResultMember	/disc/80370/081220220201576981_tse-qcedjpsm-80370-20220201576981-ixbrl.htm
2022-02-09	四半期	前期第3四半期累計	連結	実績		包括利益	ComprehensiveIncome	5332000000	JPY	5,332	PriorAccumulatedQ3Duration_ConsolidatedMember_ResultMember	/disc/80370/081220220201576981_tse-qcedjpsm-80370-20220201576981-ixbrl.htm
2022-02-09	四半期	前期第3四半期累計	連結	実績		包括利益の増減率	ChangeInComprehensiveIncome	0.200	Pure	20.0	PriorAccumulatedQ3Duration_ConsolidatedMember_ResultMember	/disc/80370/081220220201576981_tse-qcedjpsm-80370-20220201576981-ixbrl.htm
2022-02-09	四半期	当期第3四半期累計	連結	実績		1株当たり当期純利益	NetIncomePerShare	143.90	JPYPerShares	143.90	CurrentAccumulatedQ3Duration_ConsolidatedMember_ResultMember	/disc/80370/081220220201576981_tse-qcedjpsm-80370-20220201576981-ixbrl.htm
2022-02-09	四半期	前期第3四半期累計	連結	実績		1株当たり当期純利益	NetIncomePerShare	149.56	JPYPerShares	149.56	PriorAccumulatedQ3Duration_ConsolidatedMember_ResultMember	/disc/80370/081220220201576981_tse-qcedjpsm-80370-20220201576981-ixbrl.htm
2022-02-09	四半期	当期第3四半期累計	連結	実績		総資産	TotalAssets	278104000000	JPY	278,104	CurrentAccumulatedQ3Instant_ConsolidatedMember_ResultMember	/disc/80370/081220220201576981_tse-qcedjpsm-80370-20220201576981-ixbrl.htm
2022-02-09	四半期	当期第3四半期累計	連結	実績		純資産	NetAssets	128031000000	JPY	128,031	CurrentAccumulatedQ3Instant_ConsolidatedMember_ResultMember	/disc/80370/081220220201576981_tse-qcedjpsm-80370-20220201576981-ixbrl.htm
2022-02-09	四半期	当期第3四半期累計	連結	実績		自己資本比率	CapitalAdequacyRatio	0.435	Pure	43.5	CurrentAccumulatedQ3Instant_ConsolidatedMember_ResultMember	/disc/80370/081220220201576981_tse-qcedjpsm-80370-20220201576981-ixbrl.htm
2022-02-09	四半期	当期第3四半期累計	連結	実績		1株当たり純資産	NetAssetsPerShare	3599.73	JPYPerShares	3,599.73	CurrentAccumulatedQ3Instant_ConsolidatedMember_ResultMember	/disc/80370/081220220201576981_tse-qcedjpsm-80370-20220201576981-ixbrl.htm
2022-02-09	四半期	前期	連結	実績		総資産	TotalAssets	256486000000	JPY	256,486	PriorYearInstant_ConsolidatedMember_ResultMember	/disc/80370/081220220201576981_tse-qcedjpsm-80370-20220201576981-ixbrl.htm
2022-02-09	四半期	前期	連結	実績		純資産	NetAssets	119895000000	JPY	119,895	PriorYearInstant_ConsolidatedMember_ResultMember	/disc/80370/081220220201576981_tse-qcedjpsm-80370-20220201576981-ixbrl.htm
2022-02-09	四半期	前期	連結	実績		自己資本比率	CapitalAdequacyRatio	0.443	Pure	44.3	PriorYearInstant_ConsolidatedMember_ResultMember	/disc/80370/081220220201576981_tse-qcedjpsm-80370-20220201576981-ixbrl.htm
2022-02-09	四半期	前期	連結	実績		1株当たり純資産	NetAssetsPerShare	3381.81	JPYPerShares	3,381.81	PriorYearInstant_ConsolidatedMember_ResultMember	/disc/80370/081220220201576981_tse-qcedjpsm-80370-20220201576981-ixbrl.htm
2022-02-09	四半期	当期第3四半期累計	連結	実績		自己資本	OwnersEquity	120953000000	JPY	120,953	CurrentAccumulatedQ3Instant_ConsolidatedMember_ResultMember	/disc/80370/081220220201576981_tse-qcedjpsm-80370-20220201576981-ixbrl.htm
2022-02-09	四半期	前期	連結	実績		自己資本	OwnersEquity	113631000000	JPY	113,631	PriorYearInstant_ConsolidatedMember_ResultMember	/disc/80370/081220220201576981_tse-qcedjpsm-80370-20220201576981-ixbrl.htm
2022-02-09	四半期	前期	単体	実績	第2四半期末	1株当たり配当金	DividendPerShare	15.00	JPYPerShares	15.00	PriorYearDuration_SecondQuarterMember_NonConsolidatedMember_ResultMember	/disc/80370/081220220201576981_tse-qcedjpsm-80370-20220201576981-ixbrl.htm
2022-02-09	四半期	前期	単体	実績	期末	1株当たり配当金	DividendPerShare	17.50	JPYPerShares	17.50	PriorYearDuration_YearEndMember_NonConsolidatedMember_ResultMember	/disc/80370/081220220201576981_tse-qcedjpsm-80370-20220201576981-ixbrl.htm
2022-02-09	四半期	前期	単体	実績	合計	1株当たり配当金	DividendPerShare	32.50	JPYPerShares	32.50	PriorYearDuration_AnnualMember_NonConsolidatedMember_ResultMember	/disc/80370/081220220201576981_tse-qcedjpsm-80370-20220201576981-ixbrl.htm
2022-02-09	四半期	当期	単体	実績	第2四半期末	1株当たり配当金	DividendPerShare	17.50	JPYPerShares	17.50	CurrentYearDuration_SecondQuarterMember_NonConsolidatedMember_ResultMember	/disc/80370/081220220201576981_tse-qcedjpsm-80370-20220201576981-ixbrl.htm
2022-02-09	四半期	当期	単体	予想	期末	1株当たり配当金	DividendPerShare	17.50	JPYPerShares	17.50	CurrentYearDuration_YearEndMember_NonConsolidatedMember_ForecastMember	/disc/80370/081220220201576981_tse-qcedjpsm-80370-20220201576981-ixbrl.htm
2022-02-09	四半期	当期	単体	予想	合計	1株当たり配当金	DividendPerShare	35.00	JPYPerShares	35.00	CurrentYearDuration_AnnualMember_NonConsolidatedMember_ForecastMember	/disc/80370/081220220201576981_tse-qcedjpsm-80370-20220201576981-ixbrl.htm
2022-02-09	四半期	当期	単体	実績	合計	当四半期における配当予想の修正	CorrectionOfDividendForecastInThisQuarter			無	CurrentYearDuration_AnnualMember_NonConsolidatedMember_ResultMember	/disc/80370/081220220201576981_tse-qcedjpsm-80370-20220201576981-ixbrl.htm
2022-02-09	四半期	当期	連結	予想		業績予想の見出し	TitleForForecasts			3. 令和 4年 3月期の連結業績予想（令和 3年 4月 1日～令和 4年 3月31日）	CurrentYearDuration_ConsolidatedMember_ForecastMember	/disc/80370/081220220201576981_tse-qcedjpsm-80370-20220201576981-ixbrl.htm
2022-02-09	四半期	当期	連結	予想		売上高	NetSales	467000000000	JPY	467,000	CurrentYearDuration_ConsolidatedMember_ForecastMember	/disc/80370/081220220201576981_tse-qcedjpsm-80370-20220201576981-ixbrl.htm
2022-02-09	四半期	当期	連結	予想		売上高の増減率	ChangeInNetSales	0.152	Pure	15.2	CurrentYearDuration_ConsolidatedMember_ForecastMember	/disc/80370/081220220201576981_tse-qcedjpsm-80370-20220201576981-ixbrl.htm
2022-02-09	四半期	当期	連結	予想		営業利益	OperatingIncome	12200000000	JPY	12,200	CurrentYearDuration_ConsolidatedMember_ForecastMember	/disc/80370/081220220201576981_tse-qcedjpsm-80370-20220201576981-ixbrl.htm
2022-02-09	四半期	当期	連結	予想		営業利益の増減率	ChangeInOperatingIncome	0.060	Pure	6.0	CurrentYearDuration_ConsolidatedMember_ForecastMember	/disc/80370/081220220201576981_tse-qcedjpsm-80370-20220201576981-ixbrl.htm
2022-02-09	四半期	当期	連結	予想		経常利益	OrdinaryIncome	13700000000	JPY	13,700	CurrentYearDuration_ConsolidatedMember_ForecastMember	/disc/80370/081220220201576981_tse-qcedjpsm-80370-20220201576981-ixbrl.htm
2022-02-09	四半期	当期	連結	予想		経常利益の増減率	ChangeInOrdinaryIncome	0.056	Pure	5.6	CurrentYearDuration_ConsolidatedMember_ForecastMember	/disc/80370/081220220201576981_tse-qcedjpsm-80370-20220201576981-ixbrl.htm
2022-02-09	四半期	当期	連結	予想		当期純利益	NetIncome	8000000000	JPY	8,000	CurrentYearDuration_ConsolidatedMember_ForecastMember	/disc/80370/081220220201576981_tse-qcedjpsm-80370-20220201576981-ixbrl.htm
2022-02-09	四半期	当期	連結	予想		当期純利益の増減率	ChangeInNetIncome	0.019	Pure	1.9	CurrentYearDuration_ConsolidatedMember_ForecastMember	/disc/80370/081220220201576981_tse-qcedjpsm-80370-20220201576981-ixbrl.htm
2022-02-09	四半期	当期	連結	予想		1株当たり当期純利益	NetIncomePerShare	238.09	JPYPerShares	238.09	CurrentYearDuration_ConsolidatedMember_ForecastMember	/disc/80370/081220220201576981_tse-qcedjpsm-80370-20220201576981-ixbrl.htm
2022-02-09	四半期	当期	連結	予想		当四半期における業績予想の修正	CorrectionOfConsolidatedFinancialForecastInThisQuarter			有	CurrentYearDuration_ConsolidatedMember_ForecastMember	/disc/80370/081220220201576981_tse-qcedjpsm-80370-20220201576981-ixbrl.htm
2022-02-09	四半期	当期第3四半期累計	連結	実績			MaterialChangesInSubsidiariesDuringThisPeriodChangesInScopeOfConsolidationsResultingFromChangeIsSubsidiaries			無	CurrentAccumulatedQ3Duration_ConsolidatedMember_ResultMember	/disc/80370/081220220201576981_tse-qcedjpsm-80370-20220201576981-ixbrl.htm
2022-02-09	四半期	当期第3四半期累計	連結	実績			ApplyingOfSpecificAccountingOfTheConsolidatedQuarterlyFinancialStatements			無	CurrentAccumulatedQ3Duration_ConsolidatedMember_ResultMember	/disc/80370/081220220201576981_tse-qcedjpsm-80370-20220201576981-ixbrl.htm
2022-02-09	四半期	当期第3四半期累計	連結	実績		会計基準等の改正に伴う変更	ChangesBasedOnRevisionsOfAccountingStandard			有	CurrentAccumulatedQ3Duration_ConsolidatedMember_ResultMember	/disc/80370/081220220201576981_tse-qcedjpsm-80370-20220201576981-ixbrl.htm
2022-02-09	四半期	当期第3四半期累計	連結	実績		それ以外の会計方針の変更	ChangesOtherThanOnesBasedOnRevisionsOfAccountingStandard			無	CurrentAccumulatedQ3Duration_ConsolidatedMember_ResultMember	/disc/80370/081220220201576981_tse-qcedjpsm-80370-20220201576981-ixbrl.htm
2022-02-09	四半期	当期第3四半期累計	連結	実績		会計上の見積りの変更	ChangesInAccountingEstimates			無	CurrentAccumulatedQ3Duration_ConsolidatedMember_ResultMember	/disc/80370/081220220201576981_tse-qcedjpsm-80370-20220201576981-ixbrl.htm
2022-02-09	四半期	当期第3四半期累計	連結	実績		修正再表示	RetrospectiveRestatement			無	CurrentAccumulatedQ3Duration_ConsolidatedMember_ResultMember	/disc/80370/081220220201576981_tse-qcedjpsm-80370-20220201576981-ixbrl.htm
2022-02-09	四半期	当期第3四半期累計	連結	実績			NoteToChangesInAccountingPoliciesAccountingEstimatesAndRetrospectiveRestatementQuarterlyConsolidated			（注）詳細は、添付資料８ページ「２．四半期連結財務諸表及び主な注記（３）四半期連結財務諸表に関する注記事項（会計方針の変更）」をご覧ください。	CurrentAccumulatedQ3Duration_ConsolidatedMember_ResultMember	/disc/80370/081220220201576981_tse-qcedjpsm-80370-20220201576981-ixbrl.htm
2022-02-09	四半期	当期第3四半期累計	単体	実績		期末発行済株式数(自己株式を含む)	NumberOfIssuedAndOutstandingSharesAtTheEndOfFiscalYearIncludingTreasuryStock	37591969	Shares	37,591,969	CurrentAccumulatedQ3Instant_NonConsolidatedMember_ResultMember	/disc/80370/081220220201576981_tse-qcedjpsm-80370-20220201576981-ixbrl.htm
2022-02-09	四半期	前期	単体	実績		期末発行済株式数(自己株式を含む)	NumberOfIssuedAndOutstandingSharesAtTheEndOfFiscalYearIncludingTreasuryStock	37591969	Shares	37,591,969	PriorYearInstant_NonConsolidatedMember_ResultMember	/disc/80370/081220220201576981_tse-qcedjpsm-80370-20220201576981-ixbrl.htm
2022-02-09	四半期	当期第3四半期累計	単体	実績		期末自己株式数	NumberOfTreasuryStockAtTheEndOfFiscalYear	3991358	Shares	3,991,358	CurrentAccumulatedQ3Instant_NonConsolidatedMember_ResultMember	/disc/80370/081220220201576981_tse-qcedjpsm-80370-20220201576981-ixbrl.htm
2022-02-09	四半期	前期	単体	実績		期末自己株式数	NumberOfTreasuryStockAtTheEndOfFiscalYear	3991287	Shares	3,991,287	PriorYearInstant_NonConsolidatedMember_ResultMember	/disc/80370/081220220201576981_tse-qcedjpsm-80370-20220201576981-ixbrl.htm
2022-02-09	四半期	当期第3四半期累計	単体	実績		期中平均株式数	AverageNumberOfShares	33600643	Shares	33,600,643	CurrentAccumulatedQ3Duration_NonConsolidatedMember_ResultMember	/disc/80370/081220220201576981_tse-qcedjpsm-80370-20220201576981-ixbrl.htm
2022-02-09	四半期	前期第3四半期累計	単体	実績		期中平均株式数	AverageNumberOfShares	33600758	Shares	33,600,758	PriorAccumulatedQ3Duration_NonConsolidatedMember_ResultMember	/disc/80370/081220220201576981_tse-qcedjpsm-80370-20220201576981-ixbrl.htm
2022-02-09	四半期	当期				将来情報の利用に関する注意	NotesForUsingForecastedInformationAndOthers			本資料に記載されている業績見通し等の将来に関する記述は、当社が現在入手している情報及び合理的であると判断する一定の前提に基づいており、その達成を当社として約束する趣旨のものではありません。また、実際の業績等は様々な要因により大きく異なる可能性があります。業績予想の前提となる条件及び業績予想のご利用に当たっての注意事項等については、添付資料３ページ「１．当四半期決算に関する定性的情報（３）連結業績予想などの将来予測情報に関する説明」をご覧ください。	CurrentYearDuration	/disc/80370/081220220201576981_tse-qcedjpsm-80370-20220201576981-ixbrl.htm
2022-02-09	四半期	当期				決算期末	FiscalYearEnd			2022-03-31	CurrentYearInstant	/disc/80370/081220220201576981_tse-qcedjpsm-80370-20220201576981-ixbrl.htm
2022-02-09	四半期	当期第3四半期累計				四半期	QuarterlyPeriod	3	Pure	3	CurrentAccumulatedQ3Instant	/disc/80370/081220220201576981_tse-qcedjpsm-80370-20220201576981-ixbrl.htm
2022-05-12	年次	当期				書類名	DocumentName			決算短信〔日本基準〕（連結）	CurrentYearInstant	/disc/80370/081220220502533103_tse-acedjpsm-80370-20220502533103-ixbrl.htm
2022-05-12	年次	当期				提出日	FilingDate			令和4年5月12日	CurrentYearInstant	/disc/80370/081220220502533103_tse-acedjpsm-80370-20220502533103-ixbrl.htm
2022-05-12	年次	当期				会社名	CompanyName			カメイ株式会社	CurrentYearInstant	/disc/80370/081220220502533103_tse-acedjpsm-80370-20220502533103-ixbrl.htm
2022-05-12	年次	当期					TokyoStockExchange			東	CurrentYearInstant	/disc/80370/081220220502533103_tse-acedjpsm-80370-20220502533103-ixbrl.htm
2022-05-12	年次	当期				証券コード	SecuritiesCode			80370	CurrentYearInstant	/disc/80370/081220220502533103_tse-acedjpsm-80370-20220502533103-ixbrl.htm
2022-05-12	年次	当期				URL	URL			https://www.kamei.co.jp/	CurrentYearInstant	/disc/80370/081220220502533103_tse-acedjpsm-80370-20220502533103-ixbrl.htm
2022-05-12	年次	当期				代表者の役職	TitleRepresentative			代表取締役社長	CurrentYearInstant	/disc/80370/081220220502533103_tse-acedjpsm-80370-20220502533103-ixbrl.htm
2022-05-12	年次	当期				代表者名	NameRepresentative			亀井文行	CurrentYearInstant	/disc/80370/081220220502533103_tse-acedjpsm-80370-20220502533103-ixbrl.htm
2022-05-12	年次	当期					TitleInquiries			管理部長	CurrentYearInstant	/disc/80370/081220220502533103_tse-acedjpsm-80370-20220502533103-ixbrl.htm
2022-05-12	年次	当期					NameInquiries			遠藤忠章	CurrentYearInstant	/disc/80370/081220220502533103_tse-acedjpsm-80370-20220502533103-ixbrl.htm
2022-05-12	年次	当期					Tel			022-264-6112	CurrentYearInstant	/disc/80370/081220220502533103_tse-acedjpsm-80370-20220502533103-ixbrl.htm
2022-05-12	年次	当期					DateOfGeneralShareholdersMeetingAsPlanned			令和4年6月29日	CurrentYearInstant	/disc/80370/081220220502533103_tse-acedjpsm-80370-20220502533103-ixbrl.htm
2022-05-12	年次	当期					DividendPayableDateAsPlanned			令和4年6月30日	CurrentYearInstant	/disc/80370/081220220502533103_tse-acedjpsm-80370-20220502533103-ixbrl.htm
2022-05-12	年次	当期					AnnualSecuritiesReportFilingDateAsPlanned			令和4年6月30日	CurrentYearInstant	/disc/80370/081220220502533103_tse-acedjpsm-80370-20220502533103-ixbrl.htm
2022-05-12	年次	当期					SupplementalMaterialOfAnnualResults			無	CurrentYearInstant	/disc/80370/081220220502533103_tse-acedjpsm-80370-20220502533103-ixbrl.htm
2022-05-12	年次	当期					ConveningBriefingOfAnnualResults			無	CurrentYearInstant	/disc/80370/081220220502533103_tse-acedjpsm-80370-20220502533103-ixbrl.htm
2022-05-12	年次	当期					NoteToFractionProcessingMethod			（百万円未満切捨て）	CurrentYearInstant	/disc/80370/081220220502533103_tse-acedjpsm-80370-20220502533103-ixbrl.htm
2022-05-12	年次	当期	連結	実績		売上高	NetSales	482557000000	JPY	482,557	CurrentYearDuration_ConsolidatedMember_ResultMember	/disc/80370/081220220502533103_tse-acedjpsm-80370-20220502533103-ixbrl.htm
2022-05-12	年次	当期	連結	実績		売上高の増減率	ChangeInNetSales	0.191	Pure	19.1	CurrentYearDuration_ConsolidatedMember_ResultMember	/disc/80370/081220220502533103_tse-acedjpsm-80370-20220502533103-ixbrl.htm
2022-05-12	年次	当期	連結	実績		営業利益	OperatingIncome	12648000000	JPY	12,648	CurrentYearDuration_ConsolidatedMember_ResultMember	/disc/80370/081220220502533103_tse-acedjpsm-80370-20220502533103-ixbrl.htm
2022-05-12	年次	当期	連結	実績		営業利益の増減率	ChangeInOperatingIncome	0.099	Pure	9.9	CurrentYearDuration_ConsolidatedMember_ResultMember	/disc/80370/081220220502533103_tse-acedjpsm-80370-20220502533103-ixbrl.htm
2022-05-12	年次	当期	連結	実績		経常利益	OrdinaryIncome	14725000000	JPY	14,725	CurrentYearDuration_ConsolidatedMember_ResultMember	/disc/80370/081220220502533103_tse-acedjpsm-80370-20220502533103-ixbrl.htm
2022-05-12	年次	当期	連結	実績		経常利益の増減率	ChangeInOrdinaryIncome	0.135	Pure	13.5	CurrentYearDuration_ConsolidatedMember_ResultMember	/disc/80370/081220220502533103_tse-acedjpsm-80370-20220502533103-ixbrl.htm
2022-05-12	年次	当期	連結	実績		親会社株主に帰属する当期純利益	ProfitAttributableToOwnersOfParent	8514000000	JPY	8,514	CurrentYearDuration_ConsolidatedMember_ResultMember	/disc/80370/081220220502533103_tse-acedjpsm-80370-20220502533103-ixbrl.htm
2022-05-12	年次	当期	連結	実績		親会社株主に帰属する当期純利益の増減率	ChangeInProfitAttributableToOwnersOfParent	0.085	Pure	8.5	CurrentYearDuration_ConsolidatedMember_ResultMember	/disc/80370/081220220502533103_tse-acedjpsm-80370-20220502533103-ixbrl.htm
2022-05-12	年次	前期	連結	実績		売上高	NetSales	405332000000	JPY	405,332	PriorYearDuration_ConsolidatedMember_ResultMember	/disc/80370/081220220502533103_tse-acedjpsm-80370-20220502533103-ixbrl.htm
2022-05-12	年次	前期	連結	実績		売上高の増減率	ChangeInNetSales	-0.107	Pure	10.7	PriorYearDuration_ConsolidatedMember_ResultMember	/disc/80370/081220220502533103_tse-acedjpsm-80370-20220502533103-ixbrl.htm
2022-05-12	年次	前期	連結	実績		営業利益	OperatingIncome	11504000000	JPY	11,504	PriorYearDuration_ConsolidatedMember_ResultMember	/disc/80370/081220220502533103_tse-acedjpsm-80370-20220502533103-ixbrl.htm
2022-05-12	年次	前期	連結	実績		営業利益の増減率	ChangeInOperatingIncome	0.106	Pure	10.6	PriorYearDuration_ConsolidatedMember_ResultMember	/disc/80370/081220220502533103_tse-acedjpsm-80370-20220502533103-ixbrl.htm
2022-05-12	年次	前期	連結	実績		経常利益	OrdinaryIncome	12977000000	JPY	12,977	PriorYearDuration_ConsolidatedMember_ResultMember	/disc/80370/081220220502533103_tse-acedjpsm-80370-20220502533103-ixbrl.htm
2022-05-12	年次	前期	連結	実績		経常利益の増減率	ChangeInOrdinaryIncome	0.105	Pure	10.5	PriorYearDuration_ConsolidatedMember_ResultMember	/disc/80370/081220220502533103_tse-acedjpsm-80370-20220502533103-ixbrl.htm
2022-05-12	年次	前期	連結	実績		親会社株主に帰属する当期純利益	ProfitAttributableToOwnersOfParent	7848000000	JPY	7,848	PriorYearDuration_ConsolidatedMember_ResultMember	/disc/80370/081220220502533103_tse-acedjpsm-80370-20220502533103-ixbrl.htm
2022-05-12	年次	前期	連結	実績		親会社株主に帰属する当期純利益の増減率	ChangeInProfitAttributableToOwnersOfParent	0.162	Pure	16.2	PriorYearDuration_ConsolidatedMember_ResultMember	/disc/80370/081220220502533103_tse-acedjpsm-80370-20220502533103-ixbrl.htm
2022-05-12	年次	当期	連結	実績		包括利益	ComprehensiveIncome	11467000000	JPY	11,467	CurrentYearDuration_ConsolidatedMember_ResultMember	/disc/80370/081220220502533103_tse-acedjpsm-80370-20220502533103-ixbrl.htm
2022-05-12	年次	当期	連結	実績		包括利益の増減率	ChangeInComprehensiveIncome	0.354	Pure	35.4	CurrentYearDuration_ConsolidatedMember_ResultMember	/disc/80370/081220220502533103_tse-acedjpsm-80370-20220502533103-ixbrl.htm
2022-05-12	年次	前期	連結	実績		包括利益	ComprehensiveIncome	8468000000	JPY	8,468	PriorYearDuration_ConsolidatedMember_ResultMember	/disc/80370/081220220502533103_tse-acedjpsm-80370-20220502533103-ixbrl.htm
2022-05-12	年次	前期	連結	実績		包括利益の増減率	ChangeInComprehensiveIncome	0.394	Pure	39.4	PriorYearDuration_ConsolidatedMember_ResultMember	/disc/80370/081220220502533103_tse-acedjpsm-80370-20220502533103-ixbrl.htm
2022-05-12	年次	当期	連結	実績		1株当たり当期純利益	NetIncomePerShare	253.41	JPYPerShares	253.41	CurrentYearDuration_ConsolidatedMember_ResultMember	/disc/80370/081220220502533103_tse-acedjpsm-80370-20220502533103-ixbrl.htm
2022-05-12	年次	当期	連結	実績		自己資本当期純利益率(ROE)	NetIncomeToShareholdersEquityRatio	0.071	Pure	7.1	CurrentYearDuration_ConsolidatedMember_ResultMember	/disc/80370/081220220502533103_tse-acedjpsm-80370-20220502533103-ixbrl.htm
2022-05-12	年次	当期	連結	実績		総資産経常利益率(ROA)	OrdinaryIncomeToTotalAssetsRatio	0.054	Pure	5.4	CurrentYearDuration_ConsolidatedMember_ResultMember	/disc/80370/081220220502533103_tse-acedjpsm-80370-20220502533103-ixbrl.htm
2022-05-12	年次	当期	連結	実績		売上高営業利益率	OperatingIncomeToNetSalesRatio	0.026	Pure	2.6	CurrentYearDuration_ConsolidatedMember_ResultMember	/disc/80370/081220220502533103_tse-acedjpsm-80370-20220502533103-ixbrl.htm
2022-05-12	年次	前期	連結	実績		1株当たり当期純利益	NetIncomePerShare	233.58	JPYPerShares	233.58	PriorYearDuration_ConsolidatedMember_ResultMember	/disc/80370/081220220502533103_tse-acedjpsm-80370-20220502533103-ixbrl.htm
2022-05-12	年次	前期	連結	実績		自己資本当期純利益率(ROE)	NetIncomeToShareholdersEquityRatio	0.071	Pure	7.1	PriorYearDuration_ConsolidatedMember_ResultMember	/disc/80370/081220220502533103_tse-acedjpsm-80370-20220502533103-ixbrl.htm
2022-05-12	年次	前期	連結	実績		総資産経常利益率(ROA)	OrdinaryIncomeToTotalAssetsRatio	0.052	Pure	5.2	PriorYearDuration_ConsolidatedMember_ResultMember	/disc/80370/081220220502533103_tse-acedjpsm-80370-20220502533103-ixbrl.htm
2022-05-12	年次	前期	連結	実績		売上高営業利益率	OperatingIncomeToNetSalesRatio	0.028	Pure	2.8	PriorYearDuration_ConsolidatedMember_ResultMember	/disc/80370/081220220502533103_tse-acedjpsm-80370-20220502533103-ixbrl.htm
2022-05-12	年次	当期	連結	実績		持分法投資損益	InvestmentProfitLossOnEquityMethod	258000000	JPY	258	CurrentYearDuration_ConsolidatedMember_ResultMember	/disc/80370/081220220502533103_tse-acedjpsm-80370-20220502533103-ixbrl.htm
2022-05-12	年次	前期	連結	実績		持分法投資損益	InvestmentProfitLossOnEquityMethod	98000000	JPY	98	PriorYearDuration_ConsolidatedMember_ResultMember	/disc/80370/081220220502533103_tse-acedjpsm-80370-20220502533103-ixbrl.htm
2022-05-12	年次	当期	連結	実績		総資産	TotalAssets	285300000000	JPY	285,300	CurrentYearInstant_ConsolidatedMember_ResultMember	/disc/80370/081220220502533103_tse-acedjpsm-80370-20220502533103-ixbrl.htm
2022-05-12	年次	当期	連結	実績		純資産	NetAssets	132649000000	JPY	132,649	CurrentYearInstant_ConsolidatedMember_ResultMember	/disc/80370/081220220502533103_tse-acedjpsm-80370-20220502533103-ixbrl.htm
2022-05-12	年次	当期	連結	実績		自己資本比率	CapitalAdequacyRatio	0.440	Pure	44.0	CurrentYearInstant_ConsolidatedMember_ResultMember	/disc/80370/081220220502533103_tse-acedjpsm-80370-20220502533103-ixbrl.htm
2022-05-12	年次	当期	連結	実績		1株当たり純資産	NetAssetsPerShare	3733.92	JPYPerShares	3,733.92	CurrentYearInstant_ConsolidatedMember_ResultMember	/disc/80370/081220220502533103_tse-acedjpsm-80370-20220502533103-ixbrl.htm
2022-05-12	年次	前期	連結	実績		総資産	TotalAssets	256486000000	JPY	256,486	PriorYearInstant_ConsolidatedMember_ResultMember	/disc/80370/081220220502533103_tse-acedjpsm-80370-20220502533103-ixbrl.htm
2022-05-12	年次	前期	連結	実績		純資産	NetAssets	119895000000	JPY	119,895	PriorYearInstant_ConsolidatedMember_ResultMember	/disc/80370/081220220502533103_tse-acedjpsm-80370-20220502533103-ixbrl.htm
2022-05-12	年次	前期	連結	実績		自己資本比率	CapitalAdequacyRatio	0.443	Pure	44.3	PriorYearInstant_ConsolidatedMember_ResultMember	/disc/80370/081220220502533103_tse-acedjpsm-80370-20220502533103-ixbrl.htm
2022-05-12	年次	前期	連結	実績		1株当たり純資産	NetAssetsPerShare	3381.81	JPYPerShares	3,381.81	PriorYearInstant_ConsolidatedMember_ResultMember	/disc/80370/081220220502533103_tse-acedjpsm-80370-20220502533103-ixbrl.htm
2022-05-12	年次	当期	連結	実績		自己資本	OwnersEquity	125461000000	JPY	125,461	CurrentYearInstant_ConsolidatedMember_ResultMember	/disc/80370/081220220502533103_tse-acedjpsm-80370-20220502533103-ixbrl.htm
2022-05-12	年次	前期	連結	実績		自己資本	OwnersEquity	113631000000	JPY	113,631	PriorYearInstant_ConsolidatedMember_ResultMember	/disc/80370/081220220502533103_tse-acedjpsm-80370-20220502533103-ixbrl.htm
2022-05-12	年次	当期	連結	実績		営業キャッシュフロー	CashFlowsFromOperatingActivities	18364000000	JPY	18,364	CurrentYearDuration_ConsolidatedMember_ResultMember	/disc/80370/081220220502533103_tse-acedjpsm-80370-20220502533103-ixbrl.htm
2022-05-12	年次	当期	連結	実績		投資キャッシュフロー	CashFlowsFromInvestingActivities	-17839000000	JPY	17,839	CurrentYearDuration_ConsolidatedMember_ResultMember	/disc/80370/081220220502533103_tse-acedjpsm-80370-20220502533103-ixbrl.htm
2022-05-12	年次	当期	連結	実績		財務キャッシュフロー	CashFlowsFromFinancingActivities	-4530000000	JPY	4,530	CurrentYearDuration_ConsolidatedMember_ResultMember	/disc/80370/081220220502533103_tse-acedjpsm-80370-20220502533103-ixbrl.htm
2022-05-12	年次	当期	連結	実績		現金及び現金同等物の期末残高	CashAndEquivalentsEndOfPeriod	38883000000	JPY	38,883	CurrentYearInstant_ConsolidatedMember_ResultMember	/disc/80370/081220220502533103_tse-acedjpsm-80370-20220502533103-ixbrl.htm
2022-05-12	年次	前期	連結	実績		営業キャッシュフロー	CashFlowsFromOperatingActivities	21256000000	JPY	21,256	PriorYearDuration_ConsolidatedMember_ResultMember	/disc/80370/081220220502533103_tse-acedjpsm-80370-20220502533103-ixbrl.htm
2022-05-12	年次	前期	連結	実績		投資キャッシュフロー	CashFlowsFromInvestingActivities	-10842000000	JPY	10,842	PriorYearDuration_ConsolidatedMember_ResultMember	/disc/80370/081220220502533103_tse-acedjpsm-80370-20220502533103-ixbrl.htm
2022-05-12	年次	前期	連結	実績		財務キャッシュフロー	CashFlowsFromFinancingActivities	-3331000000	JPY	3,331	PriorYearDuration_ConsolidatedMember_ResultMember	/disc/80370/081220220502533103_tse-acedjpsm-80370-20220502533103-ixbrl.htm
2022-05-12	年次	前期	連結	実績		現金及び現金同等物の期末残高	CashAndEquivalentsEndOfPeriod	41812000000	JPY	41,812	PriorYearInstant_ConsolidatedMember_ResultMember	/disc/80370/081220220502533103_tse-acedjpsm-80370-20220502533103-ixbrl.htm
2022-05-12	年次	前期	単体	実績	第2四半期末	1株当たり配当金	DividendPerShare	15.00	JPYPerShares	15.00	PriorYearDuration_SecondQuarterMember_NonConsolidatedMember_ResultMember	/disc/80370/081220220502533103_tse-acedjpsm-80370-20220502533103-ixbrl.htm
2022-05-12	年次	前期	単体	実績	期末	1株当たり配当金	DividendPerShare	17.50	JPYPerShares	17.50	PriorYearDuration_YearEndMember_NonConsolidatedMember_ResultMember	/disc/80370/081220220502533103_tse-acedjpsm-80370-20220502533103-ixbrl.htm
2022-05-12	年次	前期	単体	実績	合計	1株当たり配当金	DividendPerShare	32.50	JPYPerShares	32.50	PriorYearDuration_AnnualMember_NonConsolidatedMember_ResultMember	/disc/80370/081220220502533103_tse-acedjpsm-80370-20220502533103-ixbrl.htm
2022-05-12	年次	前期	単体	実績	合計	配当金総額	TotalDividendPaidAnnual	1092000000	JPY	1,092	PriorYearDuration_AnnualMember_NonConsolidatedMember_ResultMember	/disc/80370/081220220502533103_tse-acedjpsm-80370-20220502533103-ixbrl.htm
2022-05-12	年次	前期	連結	実績	合計	配当性向	PayoutRatio	0.139	Pure	13.9	PriorYearDuration_AnnualMember_ConsolidatedMember_ResultMember	/disc/80370/081220220502533103_tse-acedjpsm-80370-20220502533103-ixbrl.htm
2022-05-12	年次	前期	連結	実績	合計	純資産配当率	RatioOfTotalAmountOfDividendsToNetAssets	0.010	Pure	1.0	PriorYearDuration_AnnualMember_ConsolidatedMember_ResultMember	/disc/80370/081220220502533103_tse-acedjpsm-80370-20220502533103-ixbrl.htm
2022-05-12	年次	当期	単体	実績	第2四半期末	1株当たり配当金	DividendPerShare	17.50	JPYPerShares	17.50	CurrentYearDuration_SecondQuarterMember_NonConsolidatedMember_ResultMember	/disc/80370/081220220502533103_tse-acedjpsm-80370-20220502533103-ixbrl.htm
2022-05-12	年次	当期	単体	実績	期末	1株当たり配当金	DividendPerShare	18.50	JPYPerShares	18.50	CurrentYearDuration_YearEndMember_NonConsolidatedMember_ResultMember	/disc/80370/081220220502533103_tse-acedjpsm-80370-20220502533103-ixbrl.htm
2022-05-12	年次	当期	単体	実績	合計	1株当たり配当金	DividendPerShare	36.00	JPYPerShares	36.00	CurrentYearDuration_AnnualMember_NonConsolidatedMember_ResultMember	/disc/80370/081220220502533103_tse-acedjpsm-80370-20220502533103-ixbrl.htm
2022-05-12	年次	当期	単体	実績	合計	配当金総額	TotalDividendPaidAnnual	1209000000	JPY	1,209	CurrentYearDuration_AnnualMember_NonConsolidatedMember_ResultMember	/disc/80370/081220220502533103_tse-acedjpsm-80370-20220502533103-ixbrl.htm
2022-05-12	年次	当期	連結	実績	合計	配当性向	PayoutRatio	0.142	Pure	14.2	CurrentYearDuration_AnnualMember_ConsolidatedMember_ResultMember	/disc/80370/081220220502533103_tse-acedjpsm-80370-20220502533103-ixbrl.htm
2022-05-12	年次	当期	連結	実績	合計	純資産配当率	RatioOfTotalAmountOfDividendsToNetAssets	0.010	Pure	1.0	CurrentYearDuration_AnnualMember_ConsolidatedMember_ResultMember	/disc/80370/081220220502533103_tse-acedjpsm-80370-20220502533103-ixbrl.htm
2022-05-12	年次	来期	単体	予想	第2四半期末	1株当たり配当金	DividendPerShare	18.50	JPYPerShares	18.50	NextYearDuration_SecondQuarterMember_NonConsolidatedMember_ForecastMember	/disc/80370/081220220502533103_tse-acedjpsm-80370-20220502533103-ixbrl.htm
2022-05-12	年次	来期	単体	予想	期末	1株当たり配当金	DividendPerShare	18.50	JPYPerShares	18.50	NextYearDuration_YearEndMember_NonConsolidatedMember_ForecastMember	/disc/80370/081220220502533103_tse-acedjpsm-80370-20220502533103-ixbrl.htm
2022-05-12	年次	来期	単体	予想	合計	1株当たり配当金	DividendPerShare	37.00	JPYPerShares	37.00	NextYearDuration_AnnualMember_NonConsolidatedMember_ForecastMember	/disc/80370/081220220502533103_tse-acedjpsm-80370-20220502533103-ixbrl.htm
2022-05-12	年次	来期	連結	予想	合計	配当性向	PayoutRatio	0.140	Pure	14.0	NextYearDuration_AnnualMember_ConsolidatedMember_ForecastMember	/disc/80370/081220220502533103_tse-acedjpsm-80370-20220502533103-ixbrl.htm
2022-05-12	年次	来期	連結	予想		業績予想の見出し	TitleForForecasts			3. 令和 5年 3月期の連結業績予想（令和 4年 4月 1日～令和 5年 3月31日）	NextYearDuration_ConsolidatedMember_ForecastMember	/disc/80370/081220220502533103_tse-acedjpsm-80370-20220502533103-ixbrl.htm
2022-05-12	年次		連結	予想		売上高	NetSales	232000000000	JPY	232,000	NextAccumulatedQ2Duration_ConsolidatedMember_ForecastMember	/disc/80370/081220220502533103_tse-acedjpsm-80370-20220502533103-ixbrl.htm
2022-05-12	年次		連結	予想		売上高の増減率	ChangeInNetSales	0.143	Pure	14.3	NextAccumulatedQ2Duration_ConsolidatedMember_ForecastMember	/disc/80370/081220220502533103_tse-acedjpsm-80370-20220502533103-ixbrl.htm
2022-05-12	年次		連結	予想		営業利益	OperatingIncome	5100000000	JPY	5,100	NextAccumulatedQ2Duration_ConsolidatedMember_ForecastMember	/disc/80370/081220220502533103_tse-acedjpsm-80370-20220502533103-ixbrl.htm
2022-05-12	年次		連結	予想		営業利益の増減率	ChangeInOperatingIncome	0.068	Pure	6.8	NextAccumulatedQ2Duration_ConsolidatedMember_ForecastMember	/disc/80370/081220220502533103_tse-acedjpsm-80370-20220502533103-ixbrl.htm
2022-05-12	年次		連結	予想		経常利益	OrdinaryIncome	5500000000	JPY	5,500	NextAccumulatedQ2Duration_ConsolidatedMember_ForecastMember	/disc/80370/081220220502533103_tse-acedjpsm-80370-20220502533103-ixbrl.htm
2022-05-12	年次		連結	予想		経常利益の増減率	ChangeInOrdinaryIncome	0.011	Pure	1.1	NextAccumulatedQ2Duration_ConsolidatedMember_ForecastMember	/disc/80370/081220220502533103_tse-acedjpsm-80370-20220502533103-ixbrl.htm
2022-05-12	年次		連結	予想		当期純利益	NetIncome	3300000000	JPY	3,300	NextAccumulatedQ2Duration_ConsolidatedMember_ForecastMember	/disc/80370/081220220502533103_tse-acedjpsm-80370-20220502533103-ixbrl.htm
2022-05-12	年次		連結	予想		当期純利益の増減率	ChangeInNetIncome	0.003	Pure	0.3	NextAccumulatedQ2Duration_ConsolidatedMember_ForecastMember	/disc/80370/081220220502533103_tse-acedjpsm-80370-20220502533103-ixbrl.htm
2022-05-12	年次		連結	予想		1株当たり当期純利益	NetIncomePerShare	98.21	JPYPerShares	98.21	NextAccumulatedQ2Duration_ConsolidatedMember_ForecastMember	/disc/80370/081220220502533103_tse-acedjpsm-80370-20220502533103-ixbrl.htm
2022-05-12	年次	来期	連結	予想		売上高	NetSales	536000000000	JPY	536,000	NextYearDuration_ConsolidatedMember_ForecastMember	/disc/80370/081220220502533103_tse-acedjpsm-80370-20220502533103-ixbrl.htm
2022-05-12	年次	来期	連結	予想		売上高の増減率	ChangeInNetSales	0.111	Pure	11.1	NextYearDuration_ConsolidatedMember_ForecastMember	/disc/80370/081220220502533103_tse-acedjpsm-80370-20220502533103-ixbrl.htm
2022-05-12	年次	来期	連結	予想		営業利益	OperatingIncome	13600000000	JPY	13,600	NextYearDuration_ConsolidatedMember_ForecastMember	/disc/80370/081220220502533103_tse-acedjpsm-80370-20220502533103-ixbrl.htm
2022-05-12	年次	来期	連結	予想		営業利益の増減率	ChangeInOperatingIncome	0.075	Pure	7.5	NextYearDuration_ConsolidatedMember_ForecastMember	/disc/80370/081220220502533103_tse-acedjpsm-80370-20220502533103-ixbrl.htm
2022-05-12	年次	来期	連結	予想		経常利益	OrdinaryIncome	14800000000	JPY	14,800	NextYearDuration_ConsolidatedMember_ForecastMember	/disc/80370/081220220502533103_tse-acedjpsm-80370-20220502533103-ixbrl.htm
2022-05-12	年次	来期	連結	予想		経常利益の増減率	ChangeInOrdinaryIncome	0.005	Pure	0.5	NextYearDuration_ConsolidatedMember_ForecastMember	/disc/80370/081220220502533103_tse-acedjpsm-80370-20220502533103-ixbrl.htm
2022-05-12	年次	来期	連結	予想		当期純利益	NetIncome	8900000000	JPY	8,900	NextYearDuration_ConsolidatedMember_ForecastMember	/disc/80370/081220220502533103_tse-acedjpsm-80370-20220502533103-ixbrl.htm
2022-05-12	年次	来期	連結	予想		当期純利益の増減率	ChangeInNetIncome	0.045	Pure	4.5	NextYearDuration_ConsolidatedMember_ForecastMember	/disc/80370/081220220502533103_tse-acedjpsm-80370-20220502533103-ixbrl.htm
2022-05-12	年次	来期	連結	予想		1株当たり当期純利益	NetIncomePerShare	264.88	JPYPerShares	264.88	NextYearDuration_ConsolidatedMember_ForecastMember	/disc/80370/081220220502533103_tse-acedjpsm-80370-20220502533103-ixbrl.htm
2022-05-12	年次	当期	連結	実績			MaterialChangesInSubsidiariesDuringThisPeriodChangesInScopeOfConsolidationsResultingFromChangeIsSubsidiaries			無	CurrentYearDuration_ConsolidatedMember_ResultMember	/disc/80370/081220220502533103_tse-acedjpsm-80370-20220502533103-ixbrl.htm
2022-05-12	年次	当期	連結	実績		会計基準等の改正に伴う変更	ChangesBasedOnRevisionsOfAccountingStandard			有	CurrentYearDuration_ConsolidatedMember_ResultMember	/disc/80370/081220220502533103_tse-acedjpsm-80370-20220502533103-ixbrl.htm
2022-05-12	年次	当期	連結	実績		それ以外の会計方針の変更	ChangesOtherThanOnesBasedOnRevisionsOfAccountingStandard			無	CurrentYearDuration_ConsolidatedMember_ResultMember	/disc/80370/081220220502533103_tse-acedjpsm-80370-20220502533103-ixbrl.htm
2022-05-12	年次	当期	連結	実績		会計上の見積りの変更	ChangesInAccountingEstimates			無	CurrentYearDuration_ConsolidatedMember_ResultMember	/disc/80370/081220220502533103_tse-acedjpsm-80370-20220502533103-ixbrl.htm
2022-05-12	年次	当期	連結	実績		修正再表示	RetrospectiveRestatement			無	CurrentYearDuration_ConsolidatedMember_ResultMember	/disc/80370/081220220502533103_tse-acedjpsm-80370-20220502533103-ixbrl.htm
2022-05-12	年次	当期	連結	実績			NoteToChangesInAccountingPoliciesAndAccountingEstimatesRetrospectiveRestatement			（注）詳細は、添付資料15ページ「３．連結財務諸表及び主な注記（５）連結財務諸表に関する注記事項（会計方針の変更）」をご覧ください。	CurrentYearDuration_ConsolidatedMember_ResultMember	/disc/80370/081220220502533103_tse-acedjpsm-80370-20220502533103-ixbrl.htm
2022-05-12	年次	当期	単体	実績		期末発行済株式数(自己株式を含む)	NumberOfIssuedAndOutstandingSharesAtTheEndOfFiscalYearIncludingTreasuryStock	37591969	Shares	37,591,969	CurrentYearInstant_NonConsolidatedMember_ResultMember	/disc/80370/081220220502533103_tse-acedjpsm-80370-20220502533103-ixbrl.htm
2022-05-12	年次	前期	単体	実績		期末発行済株式数(自己株式を含む)	NumberOfIssuedAndOutstandingSharesAtTheEndOfFiscalYearIncludingTreasuryStock	37591969	Shares	37,591,969	PriorYearInstant_NonConsolidatedMember_ResultMember	/disc/80370/081220220502533103_tse-acedjpsm-80370-20220502533103-ixbrl.htm
2022-05-12	年次	当期	単体	実績		期末自己株式数	NumberOfTreasuryStockAtTheEndOfFiscalYear	3991368	Shares	3,991,368	CurrentYearInstant_NonConsolidatedMember_ResultMember	/disc/80370/081220220502533103_tse-acedjpsm-80370-20220502533103-ixbrl.htm
2022-05-12	年次	前期	単体	実績		期末自己株式数	NumberOfTreasuryStockAtTheEndOfFiscalYear	3991287	Shares	3,991,287	PriorYearInstant_NonConsolidatedMember_ResultMember	/disc/80370/081220220502533103_tse-acedjpsm-80370-20220502533103-ixbrl.htm
2022-05-12	年次	当期	単体	実績		期中平均株式数	AverageNumberOfShares	33600633	Shares	33,600,633	CurrentYearDuration_NonConsolidatedMember_ResultMember	/disc/80370/081220220502533103_tse-acedjpsm-80370-20220502533103-ixbrl.htm
2022-05-12	年次	前期	単体	実績		期中平均株式数	AverageNumberOfShares	33600742	Shares	33,600,742	PriorYearDuration_NonConsolidatedMember_ResultMember	/disc/80370/081220220502533103_tse-acedjpsm-80370-20220502533103-ixbrl.htm
2022-05-12	年次	当期	単体	実績		売上高	NetSales	320522000000	JPY	320,522	CurrentYearDuration_NonConsolidatedMember_ResultMember	/disc/80370/081220220502533103_tse-acedjpsm-80370-20220502533103-ixbrl.htm
2022-05-12	年次	当期	単体	実績		売上高の増減率	ChangeInNetSales	0.258	Pure	25.8	CurrentYearDuration_NonConsolidatedMember_ResultMember	/disc/80370/081220220502533103_tse-acedjpsm-80370-20220502533103-ixbrl.htm
2022-05-12	年次	当期	単体	実績		営業利益	OperatingIncome	6201000000	JPY	6,201	CurrentYearDuration_NonConsolidatedMember_ResultMember	/disc/80370/081220220502533103_tse-acedjpsm-80370-20220502533103-ixbrl.htm
2022-05-12	年次	当期	単体	実績		営業利益の増減率	ChangeInOperatingIncome	-0.058	Pure	5.8	CurrentYearDuration_NonConsolidatedMember_ResultMember	/disc/80370/081220220502533103_tse-acedjpsm-80370-20220502533103-ixbrl.htm
2022-05-12	年次	当期	単体	実績		経常利益	OrdinaryIncome	8242000000	JPY	8,242	CurrentYearDuration_NonConsolidatedMember_ResultMember	/disc/80370/081220220502533103_tse-acedjpsm-80370-20220502533103-ixbrl.htm
2022-05-12	年次	当期	単体	実績		経常利益の増減率	ChangeInOrdinaryIncome	0.023	Pure	2.3	CurrentYearDuration_NonConsolidatedMember_ResultMember	/disc/80370/081220220502533103_tse-acedjpsm-80370-20220502533103-ixbrl.htm
2022-05-12	年次	当期	単体	実績		当期純利益	NetIncome	4824000000	JPY	4,824	CurrentYearDuration_NonConsolidatedMember_ResultMember	/disc/80370/081220220502533103_tse-acedjpsm-80370-20220502533103-ixbrl.htm
2022-05-12	年次	当期	単体	実績		当期純利益の増減率	ChangeInNetIncome	0.010	Pure	1.0	CurrentYearDuration_NonConsolidatedMember_ResultMember	/disc/80370/081220220502533103_tse-acedjpsm-80370-20220502533103-ixbrl.htm
2022-05-12	年次	前期	単体	実績		売上高	NetSales	254717000000	JPY	254,717	PriorYearDuration_NonConsolidatedMember_ResultMember	/disc/80370/081220220502533103_tse-acedjpsm-80370-20220502533103-ixbrl.htm
2022-05-12	年次	前期	単体	実績		売上高の増減率	ChangeInNetSales	-0.145	Pure	14.5	PriorYearDuration_NonConsolidatedMember_ResultMember	/disc/80370/081220220502533103_tse-acedjpsm-80370-20220502533103-ixbrl.htm
2022-05-12	年次	前期	単体	実績		営業利益	OperatingIncome	6583000000	JPY	6,583	PriorYearDuration_NonConsolidatedMember_ResultMember	/disc/80370/081220220502533103_tse-acedjpsm-80370-20220502533103-ixbrl.htm
2022-05-12	年次	前期	単体	実績		営業利益の増減率	ChangeInOperatingIncome	0.074	Pure	7.4	PriorYearDuration_NonConsolidatedMember_ResultMember	/disc/80370/081220220502533103_tse-acedjpsm-80370-20220502533103-ixbrl.htm
2022-05-12	年次	前期	単体	実績		経常利益	OrdinaryIncome	8057000000	JPY	8,057	PriorYearDuration_NonConsolidatedMember_ResultMember	/disc/80370/081220220502533103_tse-acedjpsm-80370-20220502533103-ixbrl.htm
2022-05-12	年次	前期	単体	実績		経常利益の増減率	ChangeInOrdinaryIncome	0.080	Pure	8.0	PriorYearDuration_NonConsolidatedMember_ResultMember	/disc/80370/081220220502533103_tse-acedjpsm-80370-20220502533103-ixbrl.htm
2022-05-12	年次	前期	単体	実績		当期純利益	NetIncome	4776000000	JPY	4,776	PriorYearDuration_NonConsolidatedMember_ResultMember	/disc/80370/081220220502533103_tse-acedjpsm-80370-20220502533103-ixbrl.htm
2022-05-12	年次	前期	単体	実績		当期純利益の増減率	ChangeInNetIncome	-0.011	Pure	1.1	PriorYearDuration_NonConsolidatedMember_ResultMember	/disc/80370/081220220502533103_tse-acedjpsm-80370-20220502533103-ixbrl.htm
2022-05-12	年次	当期	単体	実績		1株当たり当期純利益	NetIncomePerShare	143.57	JPYPerShares	143.57	CurrentYearDuration_NonConsolidatedMember_ResultMember	/disc/80370/081220220502533103_tse-acedjpsm-80370-20220502533103-ixbrl.htm
2022-05-12	年次	前期	単体	実績		1株当たり当期純利益	NetIncomePerShare	142.15	JPYPerShares	142.15	PriorYearDuration_NonConsolidatedMember_ResultMember	/disc/80370/081220220502533103_tse-acedjpsm-80370-20220502533103-ixbrl.htm
2022-05-12	年次	当期	単体	実績		総資産	TotalAssets	154845000000	JPY	154,845	CurrentYearInstant_NonConsolidatedMember_ResultMember	/disc/80370/081220220502533103_tse-acedjpsm-80370-20220502533103-ixbrl.htm
2022-05-12	年次	当期	単体	実績		純資産	NetAssets	84060000000	JPY	84,060	CurrentYearInstant_NonConsolidatedMember_ResultMember	/disc/80370/081220220502533103_tse-acedjpsm-80370-20220502533103-ixbrl.htm
2022-05-12	年次	当期	単体	実績		自己資本比率	CapitalAdequacyRatio	0.543	Pure	54.3	CurrentYearInstant_NonConsolidatedMember_ResultMember	/disc/80370/081220220502533103_tse-acedjpsm-80370-20220502533103-ixbrl.htm
2022-05-12	年次	当期	単体	実績		1株当たり純資産	NetAssetsPerShare	2501.76	JPYPerShares	2,501.76	CurrentYearInstant_NonConsolidatedMember_ResultMember	/disc/80370/081220220502533103_tse-acedjpsm-80370-20220502533103-ixbrl.htm
2022-05-12	年次	前期	単体	実績		総資産	TotalAssets	141896000000	JPY	141,896	PriorYearInstant_NonConsolidatedMember_ResultMember	/disc/80370/081220220502533103_tse-acedjpsm-80370-20220502533103-ixbrl.htm
2022-05-12	年次	前期	単体	実績		純資産	NetAssets	79583000000	JPY	79,583	PriorYearInstant_NonConsolidatedMember_ResultMember	/disc/80370/081220220502533103_tse-acedjpsm-80370-20220502533103-ixbrl.htm
2022-05-12	年次	前期	単体	実績		自己資本比率	CapitalAdequacyRatio	0.561	Pure	56.1	PriorYearInstant_NonConsolidatedMember_ResultMember	/disc/80370/081220220502533103_tse-acedjpsm-80370-20220502533103-ixbrl.htm
2022-05-12	年次	前期	単体	実績		1株当たり純資産	NetAssetsPerShare	2368.52	JPYPerShares	2,368.52	PriorYearInstant_NonConsolidatedMember_ResultMember	/disc/80370/081220220502533103_tse-acedjpsm-80370-20220502533103-ixbrl.htm
2022-05-12	年次	当期	単体	実績		自己資本	OwnersEquity	84060000000	JPY	84,060	CurrentYearInstant_NonConsolidatedMember_ResultMember	/disc/80370/081220220502533103_tse-acedjpsm-80370-20220502533103-ixbrl.htm
2022-05-12	年次	前期	単体	実績		自己資本	OwnersEquity	79583000000	JPY	79,583	PriorYearInstant_NonConsolidatedMember_ResultMember	/disc/80370/081220220502533103_tse-acedjpsm-80370-20220502533103-ixbrl.htm
2022-05-12	年次	来期				将来情報の利用に関する注意	NotesForUsingForecastedInformationAndOthers			本資料に記載されている業績見通し等の将来に関する記述は、当社が現在入手している情報及び合理的であると判断する一定の前提に基づいており、その達成を当社として約束する趣旨のものではありません。また、実際の業績等は様々な要因により大きく異なる可能性があります。業績予想の前提となる条件及び業績予想のご利用に当たっての注意事項等については、添付資料３ページ「１．経営成績等の概況（１）経営成績に関する分析」をご覧ください。	NextYearDuration	/disc/80370/081220220502533103_tse-acedjpsm-80370-20220502533103-ixbrl.htm
2022-05-12	年次	当期				決算期末	FiscalYearEnd			2022-03-31	CurrentYearInstant	/disc/80370/081220220502533103_tse-acedjpsm-80370-20220502533103-ixbrl.htm
2022-08-09	四半期	当期第1四半期累計				書類名	DocumentName			第1四半期決算短信〔日本基準〕（連結）	CurrentAccumulatedQ1Instant	/disc/80370/081220220802510016_tse-qcedjpsm-80370-20220802510016-ixbrl.htm
2022-08-09	四半期	当期第1四半期累計				提出日	FilingDate			令和4年8月9日	CurrentAccumulatedQ1Instant	/disc/80370/081220220802510016_tse-qcedjpsm-80370-20220802510016-ixbrl.htm
2022-08-09	四半期	当期第1四半期累計				会社名	CompanyName			カメイ株式会社	CurrentAccumulatedQ1Instant	/disc/80370/081220220802510016_tse-qcedjpsm-80370-20220802510016-ixbrl.htm
2022-08-09	四半期	当期第1四半期累計					TokyoStockExchange			東	CurrentAccumulatedQ1Instant	/disc/80370/081220220802510016_tse-qcedjpsm-80370-20220802510016-ixbrl.htm
2022-08-09	四半期	当期第1四半期累計				証券コード	SecuritiesCode			80370	CurrentAccumulatedQ1Instant	/disc/80370/081220220802510016_tse-qcedjpsm-80370-20220802510016-ixbrl.htm
2022-08-09	四半期	当期第1四半期累計				URL	URL			https://www.kamei.co.jp/	CurrentAccumulatedQ1Instant	/disc/80370/081220220802510016_tse-qcedjpsm-80370-20220802510016-ixbrl.htm
2022-08-09	四半期	当期第1四半期累計				代表者の役職	TitleRepresentative			代表取締役社長	CurrentAccumulatedQ1Instant	/disc/80370/081220220802510016_tse-qcedjpsm-80370-20220802510016-ixbrl.htm
2022-08-09	四半期	当期第1四半期累計				代表者名	NameRepresentative			亀井文行	CurrentAccumulatedQ1Instant	/disc/80370/081220220802510016_tse-qcedjpsm-80370-20220802510016-ixbrl.htm
2022-08-09	四半期	当期第1四半期累計					TitleInquiries			管理部長	CurrentAccumulatedQ1Instant	/disc/80370/081220220802510016_tse-qcedjpsm-80370-20220802510016-ixbrl.htm
2022-08-09	四半期	当期第1四半期累計					NameInquiries			遠藤忠章	CurrentAccumulatedQ1Instant	/disc/80370/081220220802510016_tse-qcedjpsm-80370-20220802510016-ixbrl.htm
2022-08-09	四半期	当期第1四半期累計					Tel			022-264-6112	CurrentAccumulatedQ1Instant	/disc/80370/081220220802510016_tse-qcedjpsm-80370-20220802510016-ixbrl.htm
2022-08-09	四半期	当期第1四半期累計					QuarterlyStatementFilingDateAsPlanned			令和4年8月9日	CurrentAccumulatedQ1Instant	/disc/80370/081220220802510016_tse-qcedjpsm-80370-20220802510016-ixbrl.htm
2022-08-09	四半期	当期第1四半期累計					SupplementalMaterialOfQuarterlyResults			無	CurrentAccumulatedQ1Instant	/disc/80370/081220220802510016_tse-qcedjpsm-80370-20220802510016-ixbrl.htm
2022-08-09	四半期	当期第1四半期累計					ConveningBriefingOfQuarterlyResults			無	CurrentAccumulatedQ1Instant	/disc/80370/081220220802510016_tse-qcedjpsm-80370-20220802510016-ixbrl.htm
2022-08-09	四半期	当期第1四半期累計					NoteToFractionProcessingMethod			（百万円未満切捨て）	CurrentAccumulatedQ1Instant	/disc/80370/081220220802510016_tse-qcedjpsm-80370-20220802510016-ixbrl.htm
2022-08-09	四半期	当期第1四半期累計	連結	実績		売上高	NetSales	124181000000	JPY	124,181	CurrentAccumulatedQ1Duration_ConsolidatedMember_ResultMember	/disc/80370/081220220802510016_tse-qcedjpsm-80370-20220802510016-ixbrl.htm
2022-08-09	四半期	当期第1四半期累計	連結	実績		売上高の増減率	ChangeInNetSales	0.265	Pure	26.5	CurrentAccumulatedQ1Duration_ConsolidatedMember_ResultMember	/disc/80370/081220220802510016_tse-qcedjpsm-80370-20220802510016-ixbrl.htm
2022-08-09	四半期	当期第1四半期累計	連結	実績		営業利益	OperatingIncome	3320000000	JPY	3,320	CurrentAccumulatedQ1Duration_ConsolidatedMember_ResultMember	/disc/80370/081220220802510016_tse-qcedjpsm-80370-20220802510016-ixbrl.htm
2022-08-09	四半期	当期第1四半期累計	連結	実績		営業利益の増減率	ChangeInOperatingIncome	0.358	Pure	35.8	CurrentAccumulatedQ1Duration_ConsolidatedMember_ResultMember	/disc/80370/081220220802510016_tse-qcedjpsm-80370-20220802510016-ixbrl.htm
2022-08-09	四半期	当期第1四半期累計	連結	実績		経常利益	OrdinaryIncome	3845000000	JPY	3,845	CurrentAccumulatedQ1Duration_ConsolidatedMember_ResultMember	/disc/80370/081220220802510016_tse-qcedjpsm-80370-20220802510016-ixbrl.htm
2022-08-09	四半期	当期第1四半期累計	連結	実績		経常利益の増減率	ChangeInOrdinaryIncome	0.307	Pure	30.7	CurrentAccumulatedQ1Duration_ConsolidatedMember_ResultMember	/disc/80370/081220220802510016_tse-qcedjpsm-80370-20220802510016-ixbrl.htm
2022-08-09	四半期	当期第1四半期累計	連結	実績		親会社株主に帰属する当期純利益	ProfitAttributableToOwnersOfParent	2573000000	JPY	2,573	CurrentAccumulatedQ1Duration_ConsolidatedMember_ResultMember	/disc/80370/081220220802510016_tse-qcedjpsm-80370-20220802510016-ixbrl.htm
2022-08-09	四半期	当期第1四半期累計	連結	実績		親会社株主に帰属する当期純利益の増減率	ChangeInProfitAttributableToOwnersOfParent	0.495	Pure	49.5	CurrentAccumulatedQ1Duration_ConsolidatedMember_ResultMember	/disc/80370/081220220802510016_tse-qcedjpsm-80370-20220802510016-ixbrl.htm
2022-08-09	四半期	前期第1四半期累計	連結	実績		売上高	NetSales	98167000000	JPY	98,167	PriorAccumulatedQ1Duration_ConsolidatedMember_ResultMember	/disc/80370/081220220802510016_tse-qcedjpsm-80370-20220802510016-ixbrl.htm
2022-08-09	四半期	前期第1四半期累計	連結	実績		売上高の増減率	ChangeInNetSales	0.192	Pure	19.2	PriorAccumulatedQ1Duration_ConsolidatedMember_ResultMember	/disc/80370/081220220802510016_tse-qcedjpsm-80370-20220802510016-ixbrl.htm
2022-08-09	四半期	前期第1四半期累計	連結	実績		営業利益	OperatingIncome	2445000000	JPY	2,445	PriorAccumulatedQ1Duration_ConsolidatedMember_ResultMember	/disc/80370/081220220802510016_tse-qcedjpsm-80370-20220802510016-ixbrl.htm
2022-08-09	四半期	前期第1四半期累計	連結	実績		営業利益の増減率	ChangeInOperatingIncome	0.603	Pure	60.3	PriorAccumulatedQ1Duration_ConsolidatedMember_ResultMember	/disc/80370/081220220802510016_tse-qcedjpsm-80370-20220802510016-ixbrl.htm
2022-08-09	四半期	前期第1四半期累計	連結	実績		経常利益	OrdinaryIncome	2942000000	JPY	2,942	PriorAccumulatedQ1Duration_ConsolidatedMember_ResultMember	/disc/80370/081220220802510016_tse-qcedjpsm-80370-20220802510016-ixbrl.htm
2022-08-09	四半期	前期第1四半期累計	連結	実績		経常利益の増減率	ChangeInOrdinaryIncome	0.638	Pure	63.8	PriorAccumulatedQ1Duration_ConsolidatedMember_ResultMember	/disc/80370/081220220802510016_tse-qcedjpsm-80370-20220802510016-ixbrl.htm
2022-08-09	四半期	前期第1四半期累計	連結	実績		親会社株主に帰属する当期純利益	ProfitAttributableToOwnersOfParent	1722000000	JPY	1,722	PriorAccumulatedQ1Duration_ConsolidatedMember_ResultMember	/disc/80370/081220220802510016_tse-qcedjpsm-80370-20220802510016-ixbrl.htm
2022-08-09	四半期	前期第1四半期累計	連結	実績		親会社株主に帰属する当期純利益の増減率	ChangeInProfitAttributableToOwnersOfParent	0.268	Pure	26.8	PriorAccumulatedQ1Duration_ConsolidatedMember_ResultMember	/disc/80370/081220220802510016_tse-qcedjpsm-80370-20220802510016-ixbrl.htm
2022-08-09	四半期	当期第1四半期累計	連結	実績		包括利益	ComprehensiveIncome	4334000000	JPY	4,334	CurrentAccumulatedQ1Duration_ConsolidatedMember_ResultMember	/disc/80370/081220220802510016_tse-qcedjpsm-80370-20220802510016-ixbrl.htm
2022-08-09	四半期	当期第1四半期累計	連結	実績		包括利益の増減率	ChangeInComprehensiveIncome	0.516	Pure	51.6	CurrentAccumulatedQ1Duration_ConsolidatedMember_ResultMember	/disc/80370/081220220802510016_tse-qcedjpsm-80370-20220802510016-ixbrl.htm
2022-08-09	四半期	前期第1四半期累計	連結	実績		包括利益	ComprehensiveIncome	2859000000	JPY	2,859	PriorAccumulatedQ1Duration_ConsolidatedMember_ResultMember	/disc/80370/081220220802510016_tse-qcedjpsm-80370-20220802510016-ixbrl.htm
2022-08-09	四半期	前期第1四半期累計	連結	実績		包括利益の増減率	ChangeInComprehensiveIncome	0.902	Pure	90.2	PriorAccumulatedQ1Duration_ConsolidatedMember_ResultMember	/disc/80370/081220220802510016_tse-qcedjpsm-80370-20220802510016-ixbrl.htm
2022-08-09	四半期	当期第1四半期累計	連結	実績		1株当たり当期純利益	NetIncomePerShare	76.61	JPYPerShares	76.61	CurrentAccumulatedQ1Duration_ConsolidatedMember_ResultMember	/disc/80370/081220220802510016_tse-qcedjpsm-80370-20220802510016-ixbrl.htm
2022-08-09	四半期	前期第1四半期累計	連結	実績		1株当たり当期純利益	NetIncomePerShare	51.25	JPYPerShares	51.25	PriorAccumulatedQ1Duration_ConsolidatedMember_ResultMember	/disc/80370/081220220802510016_tse-qcedjpsm-80370-20220802510016-ixbrl.htm
2022-08-09	四半期	当期第1四半期累計	連結	実績		総資産	TotalAssets	281181000000	JPY	281,181	CurrentAccumulatedQ1Instant_ConsolidatedMember_ResultMember	/disc/80370/081220220802510016_tse-qcedjpsm-80370-20220802510016-ixbrl.htm
2022-08-09	四半期	当期第1四半期累計	連結	実績		純資産	NetAssets	136289000000	JPY	136,289	CurrentAccumulatedQ1Instant_ConsolidatedMember_ResultMember	/disc/80370/081220220802510016_tse-qcedjpsm-80370-20220802510016-ixbrl.htm
2022-08-09	四半期	当期第1四半期累計	連結	実績		自己資本比率	CapitalAdequacyRatio	0.459	Pure	45.9	CurrentAccumulatedQ1Instant_ConsolidatedMember_ResultMember	/disc/80370/081220220802510016_tse-qcedjpsm-80370-20220802510016-ixbrl.htm
2022-08-09	四半期	当期第1四半期累計	連結	実績		1株当たり純資産	NetAssetsPerShare	3841.83	JPYPerShares	3,841.83	CurrentAccumulatedQ1Instant_ConsolidatedMember_ResultMember	/disc/80370/081220220802510016_tse-qcedjpsm-80370-20220802510016-ixbrl.htm
2022-08-09	四半期	前期	連結	実績		総資産	TotalAssets	285947000000	JPY	285,947	PriorYearInstant_ConsolidatedMember_ResultMember	/disc/80370/081220220802510016_tse-qcedjpsm-80370-20220802510016-ixbrl.htm
2022-08-09	四半期	前期	連結	実績		純資産	NetAssets	132649000000	JPY	132,649	PriorYearInstant_ConsolidatedMember_ResultMember	/disc/80370/081220220802510016_tse-qcedjpsm-80370-20220802510016-ixbrl.htm
2022-08-09	四半期	前期	連結	実績		自己資本比率	CapitalAdequacyRatio	0.439	Pure	43.9	PriorYearInstant_ConsolidatedMember_ResultMember	/disc/80370/081220220802510016_tse-qcedjpsm-80370-20220802510016-ixbrl.htm
2022-08-09	四半期	前期	連結	実績		1株当たり純資産	NetAssetsPerShare	3733.92	JPYPerShares	3,733.92	PriorYearInstant_ConsolidatedMember_ResultMember	/disc/80370/081220220802510016_tse-qcedjpsm-80370-20220802510016-ixbrl.htm
2022-08-09	四半期	当期第1四半期累計	連結	実績		自己資本	OwnersEquity	129087000000	JPY	129,087	CurrentAccumulatedQ1Instant_ConsolidatedMember_ResultMember	/disc/80370/081220220802510016_tse-qcedjpsm-80370-20220802510016-ixbrl.htm
2022-08-09	四半期	前期	連結	実績		自己資本	OwnersEquity	125461000000	JPY	125,461	PriorYearInstant_ConsolidatedMember_ResultMember	/disc/80370/081220220802510016_tse-qcedjpsm-80370-20220802510016-ixbrl.htm
2022-08-09	四半期	当期第1四半期累計	連結	実績			NoteToFinancialPositions			（注）当第１四半期連結会計期間において、企業結合に係る暫定的な会計処理の確定を行っており、前連結会計年度の各数値については、暫定的な会計処理 の確定の内容を反映しております。	CurrentAccumulatedQ1Instant_ConsolidatedMember_ResultMember	/disc/80370/081220220802510016_tse-qcedjpsm-80370-20220802510016-ixbrl.htm
2022-08-09	四半期	前期	単体	実績	第2四半期末	1株当たり配当金	DividendPerShare	17.50	JPYPerShares	17.50	PriorYearDuration_SecondQuarterMember_NonConsolidatedMember_ResultMember	/disc/80370/081220220802510016_tse-qcedjpsm-80370-20220802510016-ixbrl.htm
2022-08-09	四半期	前期	単体	実績	期末	1株当たり配当金	DividendPerShare	18.50	JPYPerShares	18.50	PriorYearDuration_YearEndMember_NonConsolidatedMember_ResultMember	/disc/80370/081220220802510016_tse-qcedjpsm-80370-20220802510016-ixbrl.htm
2022-08-09	四半期	前期	単体	実績	合計	1株当たり配当金	DividendPerShare	36.00	JPYPerShares	36.00	PriorYearDuration_AnnualMember_NonConsolidatedMember_ResultMember	/disc/80370/081220220802510016_tse-qcedjpsm-80370-20220802510016-ixbrl.htm
2022-08-09	四半期	当期	単体	予想	第2四半期末	1株当たり配当金	DividendPerShare	18.50	JPYPerShares	18.50	CurrentYearDuration_SecondQuarterMember_NonConsolidatedMember_ForecastMember	/disc/80370/081220220802510016_tse-qcedjpsm-80370-20220802510016-ixbrl.htm
2022-08-09	四半期	当期	単体	予想	期末	1株当たり配当金	DividendPerShare	18.50	JPYPerShares	18.50	CurrentYearDuration_YearEndMember_NonConsolidatedMember_ForecastMember	/disc/80370/081220220802510016_tse-qcedjpsm-80370-20220802510016-ixbrl.htm
2022-08-09	四半期	当期	単体	予想	合計	1株当たり配当金	DividendPerShare	37.00	JPYPerShares	37.00	CurrentYearDuration_AnnualMember_NonConsolidatedMember_ForecastMember	/disc/80370/081220220802510016_tse-qcedjpsm-80370-20220802510016-ixbrl.htm
2022-08-09	四半期	当期	単体	実績	合計	当四半期における配当予想の修正	CorrectionOfDividendForecastInThisQuarter			無	CurrentYearDuration_AnnualMember_NonConsolidatedMember_ResultMember	/disc/80370/081220220802510016_tse-qcedjpsm-80370-20220802510016-ixbrl.htm
2022-08-09	四半期	当期	連結	予想		業績予想の見出し	TitleForForecasts			3. 令和 5年 3月期の連結業績予想（令和 4年 4月 1日～令和 5年 3月31日）	CurrentYearDuration_ConsolidatedMember_ForecastMember	/disc/80370/081220220802510016_tse-qcedjpsm-80370-20220802510016-ixbrl.htm
2022-08-09	四半期	当期第2四半期累計	連結	予想		売上高	NetSales	232000000000	JPY	232,000	CurrentAccumulatedQ2Duration_ConsolidatedMember_ForecastMember	/disc/80370/081220220802510016_tse-qcedjpsm-80370-20220802510016-ixbrl.htm
2022-08-09	四半期	当期第2四半期累計	連結	予想		売上高の増減率	ChangeInNetSales	0.143	Pure	14.3	CurrentAccumulatedQ2Duration_ConsolidatedMember_ForecastMember	/disc/80370/081220220802510016_tse-qcedjpsm-80370-20220802510016-ixbrl.htm
2022-08-09	四半期	当期第2四半期累計	連結	予想		営業利益	OperatingIncome	5100000000	JPY	5,100	CurrentAccumulatedQ2Duration_ConsolidatedMember_ForecastMember	/disc/80370/081220220802510016_tse-qcedjpsm-80370-20220802510016-ixbrl.htm
2022-08-09	四半期	当期第2四半期累計	連結	予想		営業利益の増減率	ChangeInOperatingIncome	0.068	Pure	6.8	CurrentAccumulatedQ2Duration_ConsolidatedMember_ForecastMember	/disc/80370/081220220802510016_tse-qcedjpsm-80370-20220802510016-ixbrl.htm
2022-08-09	四半期	当期第2四半期累計	連結	予想		経常利益	OrdinaryIncome	5500000000	JPY	5,500	CurrentAccumulatedQ2Duration_ConsolidatedMember_ForecastMember	/disc/80370/081220220802510016_tse-qcedjpsm-80370-20220802510016-ixbrl.htm
2022-08-09	四半期	当期第2四半期累計	連結	予想		経常利益の増減率	ChangeInOrdinaryIncome	0.011	Pure	1.1	CurrentAccumulatedQ2Duration_ConsolidatedMember_ForecastMember	/disc/80370/081220220802510016_tse-qcedjpsm-80370-20220802510016-ixbrl.htm
2022-08-09	四半期	当期第2四半期累計	連結	予想		当期純利益	NetIncome	3300000000	JPY	3,300	CurrentAccumulatedQ2Duration_ConsolidatedMember_ForecastMember	/disc/80370/081220220802510016_tse-qcedjpsm-80370-20220802510016-ixbrl.htm
2022-08-09	四半期	当期第2四半期累計	連結	予想		当期純利益の増減率	ChangeInNetIncome	0.003	Pure	0.3	CurrentAccumulatedQ2Duration_ConsolidatedMember_ForecastMember	/disc/80370/081220220802510016_tse-qcedjpsm-80370-20220802510016-ixbrl.htm
2022-08-09	四半期	当期第2四半期累計	連結	予想		1株当たり当期純利益	NetIncomePerShare	98.21	JPYPerShares	98.21	CurrentAccumulatedQ2Duration_ConsolidatedMember_ForecastMember	/disc/80370/081220220802510016_tse-qcedjpsm-80370-20220802510016-ixbrl.htm
2022-08-09	四半期	当期	連結	予想		売上高	NetSales	536000000000	JPY	536,000	CurrentYearDuration_ConsolidatedMember_ForecastMember	/disc/80370/081220220802510016_tse-qcedjpsm-80370-20220802510016-ixbrl.htm
2022-08-09	四半期	当期	連結	予想		売上高の増減率	ChangeInNetSales	0.111	Pure	11.1	CurrentYearDuration_ConsolidatedMember_ForecastMember	/disc/80370/081220220802510016_tse-qcedjpsm-80370-20220802510016-ixbrl.htm
2022-08-09	四半期	当期	連結	予想		営業利益	OperatingIncome	13600000000	JPY	13,600	CurrentYearDuration_ConsolidatedMember_ForecastMember	/disc/80370/081220220802510016_tse-qcedjpsm-80370-20220802510016-ixbrl.htm
2022-08-09	四半期	当期	連結	予想		営業利益の増減率	ChangeInOperatingIncome	0.075	Pure	7.5	CurrentYearDuration_ConsolidatedMember_ForecastMember	/disc/80370/081220220802510016_tse-qcedjpsm-80370-20220802510016-ixbrl.htm
2022-08-09	四半期	当期	連結	予想		経常利益	OrdinaryIncome	14800000000	JPY	14,800	CurrentYearDuration_ConsolidatedMember_ForecastMember	/disc/80370/081220220802510016_tse-qcedjpsm-80370-20220802510016-ixbrl.htm
2022-08-09	四半期	当期	連結	予想		経常利益の増減率	ChangeInOrdinaryIncome	0.005	Pure	0.5	CurrentYearDuration_ConsolidatedMember_ForecastMember	/disc/80370/081220220802510016_tse-qcedjpsm-80370-20220802510016-ixbrl.htm
2022-08-09	四半期	当期	連結	予想		当期純利益	NetIncome	8900000000	JPY	8,900	CurrentYearDuration_ConsolidatedMember_ForecastMember	/disc/80370/081220220802510016_tse-qcedjpsm-80370-20220802510016-ixbrl.htm
2022-08-09	四半期	当期	連結	予想		当期純利益の増減率	ChangeInNetIncome	0.045	Pure	4.5	CurrentYearDuration_ConsolidatedMember_ForecastMember	/disc/80370/081220220802510016_tse-qcedjpsm-80370-20220802510016-ixbrl.htm
2022-08-09	四半期	当期	連結	予想		1株当たり当期純利益	NetIncomePerShare	264.88	JPYPerShares	264.88	CurrentYearDuration_ConsolidatedMember_ForecastMember	/disc/80370/081220220802510016_tse-qcedjpsm-80370-20220802510016-ixbrl.htm
2022-08-09	四半期	当期	連結	予想		当四半期における業績予想の修正	CorrectionOfConsolidatedFinancialForecastInThisQuarter			無	CurrentYearDuration_ConsolidatedMember_ForecastMember	/disc/80370/081220220802510016_tse-qcedjpsm-80370-20220802510016-ixbrl.htm
2022-08-09	四半期	当期第1四半期累計	連結	実績			MaterialChangesInSubsidiariesDuringThisPeriodChangesInScopeOfConsolidationsResultingFromChangeIsSubsidiaries			無	CurrentAccumulatedQ1Duration_ConsolidatedMember_ResultMember	/disc/80370/081220220802510016_tse-qcedjpsm-80370-20220802510016-ixbrl.htm
2022-08-09	四半期	当期第1四半期累計	連結	実績			ApplyingOfSpecificAccountingOfTheConsolidatedQuarterlyFinancialStatements			無	CurrentAccumulatedQ1Duration_ConsolidatedMember_ResultMember	/disc/80370/081220220802510016_tse-qcedjpsm-80370-20220802510016-ixbrl.htm
2022-08-09	四半期	当期第1四半期累計	連結	実績		会計基準等の改正に伴う変更	ChangesBasedOnRevisionsOfAccountingStandard			有	CurrentAccumulatedQ1Duration_ConsolidatedMember_ResultMember	/disc/80370/081220220802510016_tse-qcedjpsm-80370-20220802510016-ixbrl.htm
2022-08-09	四半期	当期第1四半期累計	連結	実績		それ以外の会計方針の変更	ChangesOtherThanOnesBasedOnRevisionsOfAccountingStandard			無	CurrentAccumulatedQ1Duration_ConsolidatedMember_ResultMember	/disc/80370/081220220802510016_tse-qcedjpsm-80370-20220802510016-ixbrl.htm
2022-08-09	四半期	当期第1四半期累計	連結	実績		会計上の見積りの変更	ChangesInAccountingEstimates			無	CurrentAccumulatedQ1Duration_ConsolidatedMember_ResultMember	/disc/80370/081220220802510016_tse-qcedjpsm-80370-20220802510016-ixbrl.htm
2022-08-09	四半期	当期第1四半期累計	連結	実績		修正再表示	RetrospectiveRestatement			無	CurrentAccumulatedQ1Duration_ConsolidatedMember_ResultMember	/disc/80370/081220220802510016_tse-qcedjpsm-80370-20220802510016-ixbrl.htm
2022-08-09	四半期	当期第1四半期累計	連結	実績			NoteToChangesInAccountingPoliciesAccountingEstimatesAndRetrospectiveRestatementQuarterlyConsolidated			（注）詳細は、添付資料９ページ「２．四半期連結財務諸表及び主な注記（３）四半期連結財務諸表に関する注記事項（会計方針の変更）」をご覧ください。	CurrentAccumulatedQ1Duration_ConsolidatedMember_ResultMember	/disc/80370/081220220802510016_tse-qcedjpsm-80370-20220802510016-ixbrl.htm
2022-08-09	四半期	当期第1四半期累計	単体	実績		期末発行済株式数(自己株式を含む)	NumberOfIssuedAndOutstandingSharesAtTheEndOfFiscalYearIncludingTreasuryStock	37591969	Shares	37,591,969	CurrentAccumulatedQ1Instant_NonConsolidatedMember_ResultMember	/disc/80370/081220220802510016_tse-qcedjpsm-80370-20220802510016-ixbrl.htm
2022-08-09	四半期	前期	単体	実績		期末発行済株式数(自己株式を含む)	NumberOfIssuedAndOutstandingSharesAtTheEndOfFiscalYearIncludingTreasuryStock	37591969	Shares	37,591,969	PriorYearInstant_NonConsolidatedMember_ResultMember	/disc/80370/081220220802510016_tse-qcedjpsm-80370-20220802510016-ixbrl.htm
2022-08-09	四半期	当期第1四半期累計	単体	実績		期末自己株式数	NumberOfTreasuryStockAtTheEndOfFiscalYear	3991368	Shares	3,991,368	CurrentAccumulatedQ1Instant_NonConsolidatedMember_ResultMember	/disc/80370/081220220802510016_tse-qcedjpsm-80370-20220802510016-ixbrl.htm
2022-08-09	四半期	前期	単体	実績		期末自己株式数	NumberOfTreasuryStockAtTheEndOfFiscalYear	3991368	Shares	3,991,368	PriorYearInstant_NonConsolidatedMember_ResultMember	/disc/80370/081220220802510016_tse-qcedjpsm-80370-20220802510016-ixbrl.htm
2022-08-09	四半期	当期第1四半期累計	単体	実績		期中平均株式数	AverageNumberOfShares	33600601	Shares	33,600,601	CurrentAccumulatedQ1Duration_NonConsolidatedMember_ResultMember	/disc/80370/081220220802510016_tse-qcedjpsm-80370-20220802510016-ixbrl.htm
2022-08-09	四半期	前期第1四半期累計	単体	実績		期中平均株式数	AverageNumberOfShares	33600691	Shares	33,600,691	PriorAccumulatedQ1Duration_NonConsolidatedMember_ResultMember	/disc/80370/081220220802510016_tse-qcedjpsm-80370-20220802510016-ixbrl.htm
2022-08-09	四半期	当期				将来情報の利用に関する注意	NotesForUsingForecastedInformationAndOthers			本資料に記載されている業績見通し等の将来に関する記述は、当社が現在入手している情報及び合理的であると判断する一定の前提に基づいており、その達成を当社として約束する趣旨のものではありません。また、実際の業績等は様々な要因により大きく異なる可能性があります。業績予想の前提となる条件及び業績予想のご利用に当たっての注意事項等については、添付資料４ページ「１．当四半期決算に関する定性的情報（３）連結業績予想などの将来予測情報に関する説明」をご覧ください。	CurrentYearDuration	/disc/80370/081220220802510016_tse-qcedjpsm-80370-20220802510016-ixbrl.htm
2022-08-09	四半期	当期				決算期末	FiscalYearEnd			2023-03-31	CurrentYearInstant	/disc/80370/081220220802510016_tse-qcedjpsm-80370-20220802510016-ixbrl.htm
2022-08-09	四半期	当期第1四半期累計				四半期	QuarterlyPeriod	1	Pure	1	CurrentAccumulatedQ1Instant	/disc/80370/081220220802510016_tse-qcedjpsm-80370-20220802510016-ixbrl.htm
2022-11-10	四半期	当期第2四半期累計				書類名	DocumentName			第2四半期決算短信〔日本基準〕（連結）	CurrentAccumulatedQ2Instant	/disc/80370/081220221101554291_tse-qcedjpsm-80370-20221101554291-ixbrl.htm
2022-11-10	四半期	当期第2四半期累計				提出日	FilingDate			令和4年11月10日	CurrentAccumulatedQ2Instant	/disc/80370/081220221101554291_tse-qcedjpsm-80370-20221101554291-ixbrl.htm
2022-11-10	四半期	当期第2四半期累計				会社名	CompanyName			カメイ株式会社	CurrentAccumulatedQ2Instant	/disc/80370/081220221101554291_tse-qcedjpsm-80370-20221101554291-ixbrl.htm
2022-11-10	四半期	当期第2四半期累計					TokyoStockExchange			東	CurrentAccumulatedQ2Instant	/disc/80370/081220221101554291_tse-qcedjpsm-80370-20221101554291-ixbrl.htm
2022-11-10	四半期	当期第2四半期累計				証券コード	SecuritiesCode			80370	CurrentAccumulatedQ2Instant	/disc/80370/081220221101554291_tse-qcedjpsm-80370-20221101554291-ixbrl.htm
2022-11-10	四半期	当期第2四半期累計				URL	URL			https://www.kamei.co.jp/	CurrentAccumulatedQ2Instant	/disc/80370/081220221101554291_tse-qcedjpsm-80370-20221101554291-ixbrl.htm
2022-11-10	四半期	当期第2四半期累計				代表者の役職	TitleRepresentative			代表取締役社長	CurrentAccumulatedQ2Instant	/disc/80370/081220221101554291_tse-qcedjpsm-80370-20221101554291-ixbrl.htm
2022-11-10	四半期	当期第2四半期累計				代表者名	NameRepresentative			亀井文行	CurrentAccumulatedQ2Instant	/disc/80370/081220221101554291_tse-qcedjpsm-80370-20221101554291-ixbrl.htm
2022-11-10	四半期	当期第2四半期累計					TitleInquiries			管理部長	CurrentAccumulatedQ2Instant	/disc/80370/081220221101554291_tse-qcedjpsm-80370-20221101554291-ixbrl.htm
2022-11-10	四半期	当期第2四半期累計					NameInquiries			遠藤忠章	CurrentAccumulatedQ2Instant	/disc/80370/081220221101554291_tse-qcedjpsm-80370-20221101554291-ixbrl.htm
2022-11-10	四半期	当期第2四半期累計					Tel			022-264-6112	CurrentAccumulatedQ2Instant	/disc/80370/081220221101554291_tse-qcedjpsm-80370-20221101554291-ixbrl.htm
2022-11-10	四半期	当期第2四半期累計					QuarterlyStatementFilingDateAsPlanned			令和4年11月10日	CurrentAccumulatedQ2Instant	/disc/80370/081220221101554291_tse-qcedjpsm-80370-20221101554291-ixbrl.htm
2022-11-10	四半期	当期第2四半期累計					DividendPayableDateAsPlanned			令和4年12月6日	CurrentAccumulatedQ2Instant	/disc/80370/081220221101554291_tse-qcedjpsm-80370-20221101554291-ixbrl.htm
2022-11-10	四半期	当期第2四半期累計					SupplementalMaterialOfQuarterlyResults			無	CurrentAccumulatedQ2Instant	/disc/80370/081220221101554291_tse-qcedjpsm-80370-20221101554291-ixbrl.htm
2022-11-10	四半期	当期第2四半期累計					ConveningBriefingOfQuarterlyResults			無	CurrentAccumulatedQ2Instant	/disc/80370/081220221101554291_tse-qcedjpsm-80370-20221101554291-ixbrl.htm
2022-11-10	四半期	当期第2四半期累計					NoteToFractionProcessingMethod			（百万円未満切捨て）	CurrentAccumulatedQ2Instant	/disc/80370/081220221101554291_tse-qcedjpsm-80370-20221101554291-ixbrl.htm
2022-11-10	四半期	当期第2四半期累計	連結	実績		売上高	NetSales	245495000000	JPY	245,495	CurrentAccumulatedQ2Duration_ConsolidatedMember_ResultMember	/disc/80370/081220221101554291_tse-qcedjpsm-80370-20221101554291-ixbrl.htm
2022-11-10	四半期	当期第2四半期累計	連結	実績		売上高の増減率	ChangeInNetSales	0.210	Pure	21.0	CurrentAccumulatedQ2Duration_ConsolidatedMember_ResultMember	/disc/80370/081220221101554291_tse-qcedjpsm-80370-20221101554291-ixbrl.htm
2022-11-10	四半期	当期第2四半期累計	連結	実績		営業利益	OperatingIncome	6771000000	JPY	6,771	CurrentAccumulatedQ2Duration_ConsolidatedMember_ResultMember	/disc/80370/081220221101554291_tse-qcedjpsm-80370-20221101554291-ixbrl.htm
2022-11-10	四半期	当期第2四半期累計	連結	実績		営業利益の増減率	ChangeInOperatingIncome	0.418	Pure	41.8	CurrentAccumulatedQ2Duration_ConsolidatedMember_ResultMember	/disc/80370/081220221101554291_tse-qcedjpsm-80370-20221101554291-ixbrl.htm
2022-11-10	四半期	当期第2四半期累計	連結	実績		経常利益	OrdinaryIncome	7504000000	JPY	7,504	CurrentAccumulatedQ2Duration_ConsolidatedMember_ResultMember	/disc/80370/081220221101554291_tse-qcedjpsm-80370-20221101554291-ixbrl.htm
2022-11-10	四半期	当期第2四半期累計	連結	実績		経常利益の増減率	ChangeInOrdinaryIncome	0.380	Pure	38.0	CurrentAccumulatedQ2Duration_ConsolidatedMember_ResultMember	/disc/80370/081220221101554291_tse-qcedjpsm-80370-20221101554291-ixbrl.htm
2022-11-10	四半期	当期第2四半期累計	連結	実績		親会社株主に帰属する当期純利益	ProfitAttributableToOwnersOfParent	4870000000	JPY	4,870	CurrentAccumulatedQ2Duration_ConsolidatedMember_ResultMember	/disc/80370/081220221101554291_tse-qcedjpsm-80370-20221101554291-ixbrl.htm
2022-11-10	四半期	当期第2四半期累計	連結	実績		親会社株主に帰属する当期純利益の増減率	ChangeInProfitAttributableToOwnersOfParent	0.480	Pure	48.0	CurrentAccumulatedQ2Duration_ConsolidatedMember_ResultMember	/disc/80370/081220221101554291_tse-qcedjpsm-80370-20221101554291-ixbrl.htm
2022-11-10	四半期	前期第2四半期累計	連結	実績		売上高	NetSales	202914000000	JPY	202,914	PriorAccumulatedQ2Duration_ConsolidatedMember_ResultMember	/disc/80370/081220221101554291_tse-qcedjpsm-80370-20221101554291-ixbrl.htm
2022-11-10	四半期	前期第2四半期累計	連結	実績		売上高の増減率	ChangeInNetSales	0.173	Pure	17.3	PriorAccumulatedQ2Duration_ConsolidatedMember_ResultMember	/disc/80370/081220221101554291_tse-qcedjpsm-80370-20221101554291-ixbrl.htm
2022-11-10	四半期	前期第2四半期累計	連結	実績		営業利益	OperatingIncome	4775000000	JPY	4,775	PriorAccumulatedQ2Duration_ConsolidatedMember_ResultMember	/disc/80370/081220221101554291_tse-qcedjpsm-80370-20221101554291-ixbrl.htm
2022-11-10	四半期	前期第2四半期累計	連結	実績		営業利益の増減率	ChangeInOperatingIncome	0.362	Pure	36.2	PriorAccumulatedQ2Duration_ConsolidatedMember_ResultMember	/disc/80370/081220221101554291_tse-qcedjpsm-80370-20221101554291-ixbrl.htm
2022-11-10	四半期	前期第2四半期累計	連結	実績		経常利益	OrdinaryIncome	5438000000	JPY	5,438	PriorAccumulatedQ2Duration_ConsolidatedMember_ResultMember	/disc/80370/081220221101554291_tse-qcedjpsm-80370-20221101554291-ixbrl.htm
2022-11-10	四半期	前期第2四半期累計	連結	実績		経常利益の増減率	ChangeInOrdinaryIncome	0.330	Pure	33.0	PriorAccumulatedQ2Duration_ConsolidatedMember_ResultMember	/disc/80370/081220221101554291_tse-qcedjpsm-80370-20221101554291-ixbrl.htm
2022-11-10	四半期	前期第2四半期累計	連結	実績		親会社株主に帰属する当期純利益	ProfitAttributableToOwnersOfParent	3290000000	JPY	3,290	PriorAccumulatedQ2Duration_ConsolidatedMember_ResultMember	/disc/80370/081220221101554291_tse-qcedjpsm-80370-20221101554291-ixbrl.htm
2022-11-10	四半期	前期第2四半期累計	連結	実績		親会社株主に帰属する当期純利益の増減率	ChangeInProfitAttributableToOwnersOfParent	0.208	Pure	20.8	PriorAccumulatedQ2Duration_ConsolidatedMember_ResultMember	/disc/80370/081220221101554291_tse-qcedjpsm-80370-20221101554291-ixbrl.htm
2022-11-10	四半期	当期第2四半期累計	連結	実績		包括利益	ComprehensiveIncome	9382000000	JPY	9,382	CurrentAccumulatedQ2Duration_ConsolidatedMember_ResultMember	/disc/80370/081220221101554291_tse-qcedjpsm-80370-20221101554291-ixbrl.htm
2022-11-10	四半期	当期第2四半期累計	連結	実績		包括利益の増減率	ChangeInComprehensiveIncome	0.964	Pure	96.4	CurrentAccumulatedQ2Duration_ConsolidatedMember_ResultMember	/disc/80370/081220221101554291_tse-qcedjpsm-80370-20221101554291-ixbrl.htm
2022-11-10	四半期	前期第2四半期累計	連結	実績		包括利益	ComprehensiveIncome	4778000000	JPY	4,778	PriorAccumulatedQ2Duration_ConsolidatedMember_ResultMember	/disc/80370/081220221101554291_tse-qcedjpsm-80370-20221101554291-ixbrl.htm
2022-11-10	四半期	前期第2四半期累計	連結	実績		包括利益の増減率	ChangeInComprehensiveIncome	0.589	Pure	58.9	PriorAccumulatedQ2Duration_ConsolidatedMember_ResultMember	/disc/80370/081220221101554291_tse-qcedjpsm-80370-20221101554291-ixbrl.htm
2022-11-10	四半期	当期第2四半期累計	連結	実績		1株当たり当期純利益	NetIncomePerShare	144.94	JPYPerShares	144.94	CurrentAccumulatedQ2Duration_ConsolidatedMember_ResultMember	/disc/80370/081220221101554291_tse-qcedjpsm-80370-20221101554291-ixbrl.htm
2022-11-10	四半期	前期第2四半期累計	連結	実績		1株当たり当期純利益	NetIncomePerShare	97.93	JPYPerShares	97.93	PriorAccumulatedQ2Duration_ConsolidatedMember_ResultMember	/disc/80370/081220221101554291_tse-qcedjpsm-80370-20221101554291-ixbrl.htm
2022-11-10	四半期	当期第2四半期累計	連結	実績		総資産	TotalAssets	286734000000	JPY	286,734	CurrentAccumulatedQ2Instant_ConsolidatedMember_ResultMember	/disc/80370/081220221101554291_tse-qcedjpsm-80370-20221101554291-ixbrl.htm
2022-11-10	四半期	当期第2四半期累計	連結	実績		純資産	NetAssets	141367000000	JPY	141,367	CurrentAccumulatedQ2Instant_ConsolidatedMember_ResultMember	/disc/80370/081220221101554291_tse-qcedjpsm-80370-20221101554291-ixbrl.htm
2022-11-10	四半期	当期第2四半期累計	連結	実績		自己資本比率	CapitalAdequacyRatio	0.468	Pure	46.8	CurrentAccumulatedQ2Instant_ConsolidatedMember_ResultMember	/disc/80370/081220221101554291_tse-qcedjpsm-80370-20221101554291-ixbrl.htm
2022-11-10	四半期	当期第2四半期累計	連結	実績		1株当たり純資産	NetAssetsPerShare	3990.03	JPYPerShares	3,990.03	CurrentAccumulatedQ2Instant_ConsolidatedMember_ResultMember	/disc/80370/081220221101554291_tse-qcedjpsm-80370-20221101554291-ixbrl.htm
2022-11-10	四半期	前期	連結	実績		総資産	TotalAssets	285947000000	JPY	285,947	PriorYearInstant_ConsolidatedMember_ResultMember	/disc/80370/081220221101554291_tse-qcedjpsm-80370-20221101554291-ixbrl.htm
2022-11-10	四半期	前期	連結	実績		純資産	NetAssets	132649000000	JPY	132,649	PriorYearInstant_ConsolidatedMember_ResultMember	/disc/80370/081220221101554291_tse-qcedjpsm-80370-20221101554291-ixbrl.htm
2022-11-10	四半期	前期	連結	実績		自己資本比率	CapitalAdequacyRatio	0.439	Pure	43.9	PriorYearInstant_ConsolidatedMember_ResultMember	/disc/80370/081220221101554291_tse-qcedjpsm-80370-20221101554291-ixbrl.htm
2022-11-10	四半期	前期	連結	実績		1株当たり純資産	NetAssetsPerShare	3733.92	JPYPerShares	3,733.92	PriorYearInstant_ConsolidatedMember_ResultMember	/disc/80370/081220221101554291_tse-qcedjpsm-80370-20221101554291-ixbrl.htm
2022-11-10	四半期	当期第2四半期累計	連結	実績		自己資本	OwnersEquity	134066000000	JPY	134,066	CurrentAccumulatedQ2Instant_ConsolidatedMember_ResultMember	/disc/80370/081220221101554291_tse-qcedjpsm-80370-20221101554291-ixbrl.htm
2022-11-10	四半期	前期	連結	実績		自己資本	OwnersEquity	125461000000	JPY	125,461	PriorYearInstant_ConsolidatedMember_ResultMember	/disc/80370/081220221101554291_tse-qcedjpsm-80370-20221101554291-ixbrl.htm
2022-11-10	四半期	当期第2四半期累計	連結	実績			NoteToFinancialPositions			（注）第１四半期連結会計期間において、企業結合に係る暫定的な会計処理の確定を行っており、前連結会計年度の各数値については、暫定的な会計処理の確定の内容を反映しております。	CurrentAccumulatedQ2Instant_ConsolidatedMember_ResultMember	/disc/80370/081220221101554291_tse-qcedjpsm-80370-20221101554291-ixbrl.htm
2022-11-10	四半期	前期	単体	実績	第2四半期末	1株当たり配当金	DividendPerShare	17.50	JPYPerShares	17.50	PriorYearDuration_SecondQuarterMember_NonConsolidatedMember_ResultMember	/disc/80370/081220221101554291_tse-qcedjpsm-80370-20221101554291-ixbrl.htm
2022-11-10	四半期	前期	単体	実績	期末	1株当たり配当金	DividendPerShare	18.50	JPYPerShares	18.50	PriorYearDuration_YearEndMember_NonConsolidatedMember_ResultMember	/disc/80370/081220221101554291_tse-qcedjpsm-80370-20221101554291-ixbrl.htm
2022-11-10	四半期	前期	単体	実績	合計	1株当たり配当金	DividendPerShare	36.00	JPYPerShares	36.00	PriorYearDuration_AnnualMember_NonConsolidatedMember_ResultMember	/disc/80370/081220221101554291_tse-qcedjpsm-80370-20221101554291-ixbrl.htm
2022-11-10	四半期	当期	単体	実績	第2四半期末	1株当たり配当金	DividendPerShare	18.50	JPYPerShares	18.50	CurrentYearDuration_SecondQuarterMember_NonConsolidatedMember_ResultMember	/disc/80370/081220221101554291_tse-qcedjpsm-80370-20221101554291-ixbrl.htm
2022-11-10	四半期	当期	単体	予想	期末	1株当たり配当金	DividendPerShare	18.50	JPYPerShares	18.50	CurrentYearDuration_YearEndMember_NonConsolidatedMember_ForecastMember	/disc/80370/081220221101554291_tse-qcedjpsm-80370-20221101554291-ixbrl.htm
2022-11-10	四半期	当期	単体	予想	合計	1株当たり配当金	DividendPerShare	37.00	JPYPerShares	37.00	CurrentYearDuration_AnnualMember_NonConsolidatedMember_ForecastMember	/disc/80370/081220221101554291_tse-qcedjpsm-80370-20221101554291-ixbrl.htm
2022-11-10	四半期	当期	単体	実績	合計	当四半期における配当予想の修正	CorrectionOfDividendForecastInThisQuarter			無	CurrentYearDuration_AnnualMember_NonConsolidatedMember_ResultMember	/disc/80370/081220221101554291_tse-qcedjpsm-80370-20221101554291-ixbrl.htm
2022-11-10	四半期	当期	連結	予想		業績予想の見出し	TitleForForecasts			3. 令和 5年 3月期の連結業績予想（令和 4年 4月 1日～令和 5年 3月31日）	CurrentYearDuration_ConsolidatedMember_ForecastMember	/disc/80370/081220221101554291_tse-qcedjpsm-80370-20221101554291-ixbrl.htm
2022-11-10	四半期	当期	連結	予想		売上高	NetSales	547000000000	JPY	547,000	CurrentYearDuration_ConsolidatedMember_ForecastMember	/disc/80370/081220221101554291_tse-qcedjpsm-80370-20221101554291-ixbrl.htm
2022-11-10	四半期	当期	連結	予想		売上高の増減率	ChangeInNetSales	0.134	Pure	13.4	CurrentYearDuration_ConsolidatedMember_ForecastMember	/disc/80370/081220221101554291_tse-qcedjpsm-80370-20221101554291-ixbrl.htm
2022-11-10	四半期	当期	連結	予想		営業利益	OperatingIncome	14700000000	JPY	14,700	CurrentYearDuration_ConsolidatedMember_ForecastMember	/disc/80370/081220221101554291_tse-qcedjpsm-80370-20221101554291-ixbrl.htm
2022-11-10	四半期	当期	連結	予想		営業利益の増減率	ChangeInOperatingIncome	0.162	Pure	16.2	CurrentYearDuration_ConsolidatedMember_ForecastMember	/disc/80370/081220221101554291_tse-qcedjpsm-80370-20221101554291-ixbrl.htm
2022-11-10	四半期	当期	連結	予想		経常利益	OrdinaryIncome	16500000000	JPY	16,500	CurrentYearDuration_ConsolidatedMember_ForecastMember	/disc/80370/081220221101554291_tse-qcedjpsm-80370-20221101554291-ixbrl.htm
2022-11-10	四半期	当期	連結	予想		経常利益の増減率	ChangeInOrdinaryIncome	0.120	Pure	12.0	CurrentYearDuration_ConsolidatedMember_ForecastMember	/disc/80370/081220221101554291_tse-qcedjpsm-80370-20221101554291-ixbrl.htm
2022-11-10	四半期	当期	連結	予想		当期純利益	NetIncome	10000000000	JPY	10,000	CurrentYearDuration_ConsolidatedMember_ForecastMember	/disc/80370/081220221101554291_tse-qcedjpsm-80370-20221101554291-ixbrl.htm
2022-11-10	四半期	当期	連結	予想		当期純利益の増減率	ChangeInNetIncome	0.174	Pure	17.4	CurrentYearDuration_ConsolidatedMember_ForecastMember	/disc/80370/081220221101554291_tse-qcedjpsm-80370-20221101554291-ixbrl.htm
2022-11-10	四半期	当期	連結	予想		1株当たり当期純利益	NetIncomePerShare	297.61	JPYPerShares	297.61	CurrentYearDuration_ConsolidatedMember_ForecastMember	/disc/80370/081220221101554291_tse-qcedjpsm-80370-20221101554291-ixbrl.htm
2022-11-10	四半期	当期	連結	予想		当四半期における業績予想の修正	CorrectionOfConsolidatedFinancialForecastInThisQuarter			有	CurrentYearDuration_ConsolidatedMember_ForecastMember	/disc/80370/081220221101554291_tse-qcedjpsm-80370-20221101554291-ixbrl.htm
2022-11-10	四半期	当期第2四半期累計	連結	実績			MaterialChangesInSubsidiariesDuringThisPeriodChangesInScopeOfConsolidationsResultingFromChangeIsSubsidiaries			無	CurrentAccumulatedQ2Duration_ConsolidatedMember_ResultMember	/disc/80370/081220221101554291_tse-qcedjpsm-80370-20221101554291-ixbrl.htm
2022-11-10	四半期	当期第2四半期累計	連結	実績			ApplyingOfSpecificAccountingOfTheConsolidatedQuarterlyFinancialStatements			無	CurrentAccumulatedQ2Duration_ConsolidatedMember_ResultMember	/disc/80370/081220221101554291_tse-qcedjpsm-80370-20221101554291-ixbrl.htm
2022-11-10	四半期	当期第2四半期累計	連結	実績		会計基準等の改正に伴う変更	ChangesBasedOnRevisionsOfAccountingStandard			有	CurrentAccumulatedQ2Duration_ConsolidatedMember_ResultMember	/disc/80370/081220221101554291_tse-qcedjpsm-80370-20221101554291-ixbrl.htm
2022-11-10	四半期	当期第2四半期累計	連結	実績		それ以外の会計方針の変更	ChangesOtherThanOnesBasedOnRevisionsOfAccountingStandard			無	CurrentAccumulatedQ2Duration_ConsolidatedMember_ResultMember	/disc/80370/081220221101554291_tse-qcedjpsm-80370-20221101554291-ixbrl.htm
2022-11-10	四半期	当期第2四半期累計	連結	実績		会計上の見積りの変更	ChangesInAccountingEstimates			無	CurrentAccumulatedQ2Duration_ConsolidatedMember_ResultMember	/disc/80370/081220221101554291_tse-qcedjpsm-80370-20221101554291-ixbrl.htm
2022-11-10	四半期	当期第2四半期累計	連結	実績		修正再表示	RetrospectiveRestatement			無	CurrentAccumulatedQ2Duration_ConsolidatedMember_ResultMember	/disc/80370/081220221101554291_tse-qcedjpsm-80370-20221101554291-ixbrl.htm
2022-11-10	四半期	当期第2四半期累計	連結	実績			NoteToChangesInAccountingPoliciesAccountingEstimatesAndRetrospectiveRestatementQuarterlyConsolidated			（注）詳細は、添付資料11ページ「２．四半期連結財務諸表及び主な注記（４）四半期連結財務諸表に関する注記事項（会計方針の変更）」をご覧ください。	CurrentAccumulatedQ2Duration_ConsolidatedMember_ResultMember	/disc/80370/081220221101554291_tse-qcedjpsm-80370-20221101554291-ixbrl.htm
2022-11-10	四半期	当期第2四半期累計	単体	実績		期末発行済株式数(自己株式を含む)	NumberOfIssuedAndOutstandingSharesAtTheEndOfFiscalYearIncludingTreasuryStock	37591969	Shares	37,591,969	CurrentAccumulatedQ2Instant_NonConsolidatedMember_ResultMember	/disc/80370/081220221101554291_tse-qcedjpsm-80370-20221101554291-ixbrl.htm
2022-11-10	四半期	前期	単体	実績		期末発行済株式数(自己株式を含む)	NumberOfIssuedAndOutstandingSharesAtTheEndOfFiscalYearIncludingTreasuryStock	37591969	Shares	37,591,969	PriorYearInstant_NonConsolidatedMember_ResultMember	/disc/80370/081220221101554291_tse-qcedjpsm-80370-20221101554291-ixbrl.htm
2022-11-10	四半期	当期第2四半期累計	単体	実績		期末自己株式数	NumberOfTreasuryStockAtTheEndOfFiscalYear	3991518	Shares	3,991,518	CurrentAccumulatedQ2Instant_NonConsolidatedMember_ResultMember	/disc/80370/081220221101554291_tse-qcedjpsm-80370-20221101554291-ixbrl.htm
2022-11-10	四半期	前期	単体	実績		期末自己株式数	NumberOfTreasuryStockAtTheEndOfFiscalYear	3991368	Shares	3,991,368	PriorYearInstant_NonConsolidatedMember_ResultMember	/disc/80370/081220221101554291_tse-qcedjpsm-80370-20221101554291-ixbrl.htm
2022-11-10	四半期	当期第2四半期累計	単体	実績		期中平均株式数	AverageNumberOfShares	33600570	Shares	33,600,570	CurrentAccumulatedQ2Duration_NonConsolidatedMember_ResultMember	/disc/80370/081220221101554291_tse-qcedjpsm-80370-20221101554291-ixbrl.htm
2022-11-10	四半期	前期第2四半期累計	単体	実績		期中平均株式数	AverageNumberOfShares	33600658	Shares	33,600,658	PriorAccumulatedQ2Duration_NonConsolidatedMember_ResultMember	/disc/80370/081220221101554291_tse-qcedjpsm-80370-20221101554291-ixbrl.htm
2022-11-10	四半期	当期				将来情報の利用に関する注意	NotesForUsingForecastedInformationAndOthers			本資料に記載されている業績見通し等の将来に関する記述は、当社が現在入手している情報及び合理的であると判断する一定の前提に基づいており、その達成を当社として約束する趣旨のものではありません。また、実際の業績等は様々な要因により大きく異なる可能性があります。業績予想の前提となる条件及び業績予想のご利用に当たっての注意事項等については、添付資料４ページ「１．当四半期決算に関する定性的情報（３）連結業績予想などの将来予測情報に関する説明」をご覧ください。	CurrentYearDuration	/disc/80370/081220221101554291_tse-qcedjpsm-80370-20221101554291-ixbrl.htm
2022-11-10	四半期	当期				決算期末	FiscalYearEnd			2023-03-31	CurrentYearInstant	/disc/80370/081220221101554291_tse-qcedjpsm-80370-20221101554291-ixbrl.htm
2022-11-10	四半期	当期第2四半期累計				四半期	QuarterlyPeriod	2	Pure	2	CurrentAccumulatedQ2Instant	/disc/80370/081220221101554291_tse-qcedjpsm-80370-20221101554291-ixbrl.htm
2023-02-09	四半期	当期第3四半期累計				書類名	DocumentName			第3四半期決算短信〔日本基準〕（連結）	CurrentAccumulatedQ3Instant	/disc/80370/081220230201598680_tse-qcedjpsm-80370-20230201598680-ixbrl.htm
2023-02-09	四半期	当期第3四半期累計				提出日	FilingDate			令和5年2月9日	CurrentAccumulatedQ3Instant	/disc/80370/081220230201598680_tse-qcedjpsm-80370-20230201598680-ixbrl.htm
2023-02-09	四半期	当期第3四半期累計				会社名	CompanyName			カメイ株式会社	CurrentAccumulatedQ3Instant	/disc/80370/081220230201598680_tse-qcedjpsm-80370-20230201598680-ixbrl.htm
2023-02-09	四半期	当期第3四半期累計					TokyoStockExchange			東	CurrentAccumulatedQ3Instant	/disc/80370/081220230201598680_tse-qcedjpsm-80370-20230201598680-ixbrl.htm
2023-02-09	四半期	当期第3四半期累計				証券コード	SecuritiesCode			80370	CurrentAccumulatedQ3Instant	/disc/80370/081220230201598680_tse-qcedjpsm-80370-20230201598680-ixbrl.htm
2023-02-09	四半期	当期第3四半期累計				URL	URL			https://www.kamei.co.jp/	CurrentAccumulatedQ3Instant	/disc/80370/081220230201598680_tse-qcedjpsm-80370-20230201598680-ixbrl.htm
2023-02-09	四半期	当期第3四半期累計				代表者の役職	TitleRepresentative			代表取締役社長	CurrentAccumulatedQ3Instant	/disc/80370/081220230201598680_tse-qcedjpsm-80370-20230201598680-ixbrl.htm
2023-02-09	四半期	当期第3四半期累計				代表者名	NameRepresentative			亀井文行	CurrentAccumulatedQ3Instant	/disc/80370/081220230201598680_tse-qcedjpsm-80370-20230201598680-ixbrl.htm
2023-02-09	四半期	当期第3四半期累計					TitleInquiries			管理部長	CurrentAccumulatedQ3Instant	/disc/80370/081220230201598680_tse-qcedjpsm-80370-20230201598680-ixbrl.htm
2023-02-09	四半期	当期第3四半期累計					NameInquiries			遠藤忠章	CurrentAccumulatedQ3Instant	/disc/80370/081220230201598680_tse-qcedjpsm-80370-20230201598680-ixbrl.htm
2023-02-09	四半期	当期第3四半期累計					Tel			022-264-6112	CurrentAccumulatedQ3Instant	/disc/80370/081220230201598680_tse-qcedjpsm-80370-20230201598680-ixbrl.htm
2023-02-09	四半期	当期第3四半期累計					QuarterlyStatementFilingDateAsPlanned			令和5年2月9日	CurrentAccumulatedQ3Instant	/disc/80370/081220230201598680_tse-qcedjpsm-80370-20230201598680-ixbrl.htm
2023-02-09	四半期	当期第3四半期累計					SupplementalMaterialOfQuarterlyResults			無	CurrentAccumulatedQ3Instant	/disc/80370/081220230201598680_tse-qcedjpsm-80370-20230201598680-ixbrl.htm
2023-02-09	四半期	当期第3四半期累計					ConveningBriefingOfQuarterlyResults			無	CurrentAccumulatedQ3Instant	/disc/80370/081220230201598680_tse-qcedjpsm-80370-20230201598680-ixbrl.htm
2023-02-09	四半期	当期第3四半期累計					NoteToFractionProcessingMethod			（百万円未満切捨て）	CurrentAccumulatedQ3Instant	/disc/80370/081220230201598680_tse-qcedjpsm-80370-20230201598680-ixbrl.htm
2023-02-09	四半期	当期第3四半期累計	連結	実績		売上高	NetSales	392571000000	JPY	392,571	CurrentAccumulatedQ3Duration_ConsolidatedMember_ResultMember	/disc/80370/081220230201598680_tse-qcedjpsm-80370-20230201598680-ixbrl.htm
2023-02-09	四半期	当期第3四半期累計	連結	実績		売上高の増減率	ChangeInNetSales	0.174	Pure	17.4	CurrentAccumulatedQ3Duration_ConsolidatedMember_ResultMember	/disc/80370/081220230201598680_tse-qcedjpsm-80370-20230201598680-ixbrl.htm
2023-02-09	四半期	当期第3四半期累計	連結	実績		営業利益	OperatingIncome	9855000000	JPY	9,855	CurrentAccumulatedQ3Duration_ConsolidatedMember_ResultMember	/disc/80370/081220230201598680_tse-qcedjpsm-80370-20230201598680-ixbrl.htm
2023-02-09	四半期	当期第3四半期累計	連結	実績		営業利益の増減率	ChangeInOperatingIncome	0.240	Pure	24.0	CurrentAccumulatedQ3Duration_ConsolidatedMember_ResultMember	/disc/80370/081220230201598680_tse-qcedjpsm-80370-20230201598680-ixbrl.htm
2023-02-09	四半期	当期第3四半期累計	連結	実績		経常利益	OrdinaryIncome	10951000000	JPY	10,951	CurrentAccumulatedQ3Duration_ConsolidatedMember_ResultMember	/disc/80370/081220230201598680_tse-qcedjpsm-80370-20230201598680-ixbrl.htm
2023-02-09	四半期	当期第3四半期累計	連結	実績		経常利益の増減率	ChangeInOrdinaryIncome	0.194	Pure	19.4	CurrentAccumulatedQ3Duration_ConsolidatedMember_ResultMember	/disc/80370/081220230201598680_tse-qcedjpsm-80370-20230201598680-ixbrl.htm
2023-02-09	四半期	当期第3四半期累計	連結	実績		親会社株主に帰属する当期純利益	ProfitAttributableToOwnersOfParent	7031000000	JPY	7,031	CurrentAccumulatedQ3Duration_ConsolidatedMember_ResultMember	/disc/80370/081220230201598680_tse-qcedjpsm-80370-20230201598680-ixbrl.htm
2023-02-09	四半期	当期第3四半期累計	連結	実績		親会社株主に帰属する当期純利益の増減率	ChangeInProfitAttributableToOwnersOfParent	0.454	Pure	45.4	CurrentAccumulatedQ3Duration_ConsolidatedMember_ResultMember	/disc/80370/081220230201598680_tse-qcedjpsm-80370-20230201598680-ixbrl.htm
2023-02-09	四半期	前期第3四半期累計	連結	実績		売上高	NetSales	334273000000	JPY	334,273	PriorAccumulatedQ3Duration_ConsolidatedMember_ResultMember	/disc/80370/081220230201598680_tse-qcedjpsm-80370-20230201598680-ixbrl.htm
2023-02-09	四半期	前期第3四半期累計	連結	実績		売上高の増減率	ChangeInNetSales	0.181	Pure	18.1	PriorAccumulatedQ3Duration_ConsolidatedMember_ResultMember	/disc/80370/081220230201598680_tse-qcedjpsm-80370-20230201598680-ixbrl.htm
2023-02-09	四半期	前期第3四半期累計	連結	実績		営業利益	OperatingIncome	7950000000	JPY	7,950	PriorAccumulatedQ3Duration_ConsolidatedMember_ResultMember	/disc/80370/081220230201598680_tse-qcedjpsm-80370-20230201598680-ixbrl.htm
2023-02-09	四半期	前期第3四半期累計	連結	実績		営業利益の増減率	ChangeInOperatingIncome	0.188	Pure	18.8	PriorAccumulatedQ3Duration_ConsolidatedMember_ResultMember	/disc/80370/081220230201598680_tse-qcedjpsm-80370-20230201598680-ixbrl.htm
2023-02-09	四半期	前期第3四半期累計	連結	実績		経常利益	OrdinaryIncome	9168000000	JPY	9,168	PriorAccumulatedQ3Duration_ConsolidatedMember_ResultMember	/disc/80370/081220230201598680_tse-qcedjpsm-80370-20230201598680-ixbrl.htm
2023-02-09	四半期	前期第3四半期累計	連結	実績		経常利益の増減率	ChangeInOrdinaryIncome	0.194	Pure	19.4	PriorAccumulatedQ3Duration_ConsolidatedMember_ResultMember	/disc/80370/081220230201598680_tse-qcedjpsm-80370-20230201598680-ixbrl.htm
2023-02-09	四半期	前期第3四半期累計	連結	実績		親会社株主に帰属する当期純利益	ProfitAttributableToOwnersOfParent	4835000000	JPY	4,835	PriorAccumulatedQ3Duration_ConsolidatedMember_ResultMember	/disc/80370/081220230201598680_tse-qcedjpsm-80370-20230201598680-ixbrl.htm
2023-02-09	四半期	前期第3四半期累計	連結	実績		親会社株主に帰属する当期純利益の増減率	ChangeInProfitAttributableToOwnersOfParent	-0.038	Pure	3.8	PriorAccumulatedQ3Duration_ConsolidatedMember_ResultMember	/disc/80370/081220230201598680_tse-qcedjpsm-80370-20230201598680-ixbrl.htm
2023-02-09	四半期	当期第3四半期累計	連結	実績		包括利益	ComprehensiveIncome	13720000000	JPY	13,720	CurrentAccumulatedQ3Duration_ConsolidatedMember_ResultMember	/disc/80370/081220230201598680_tse-qcedjpsm-80370-20230201598680-ixbrl.htm
2023-02-09	四半期	当期第3四半期累計	連結	実績		包括利益の増減率	ChangeInComprehensiveIncome	0.996	Pure	99.6	CurrentAccumulatedQ3Duration_ConsolidatedMember_ResultMember	/disc/80370/081220230201598680_tse-qcedjpsm-80370-20230201598680-ixbrl.htm
2023-02-09	四半期	前期第3四半期累計	連結	実績		包括利益	ComprehensiveIncome	6874000000	JPY	6,874	PriorAccumulatedQ3Duration_ConsolidatedMember_ResultMember	/disc/80370/081220230201598680_tse-qcedjpsm-80370-20230201598680-ixbrl.htm
2023-02-09	四半期	前期第3四半期累計	連結	実績		包括利益の増減率	ChangeInComprehensiveIncome	0.289	Pure	28.9	PriorAccumulatedQ3Duration_ConsolidatedMember_ResultMember	/disc/80370/081220230201598680_tse-qcedjpsm-80370-20230201598680-ixbrl.htm
2023-02-09	四半期	当期第3四半期累計	連結	実績		1株当たり当期純利益	NetIncomePerShare	209.27	JPYPerShares	209.27	CurrentAccumulatedQ3Duration_ConsolidatedMember_ResultMember	/disc/80370/081220230201598680_tse-qcedjpsm-80370-20230201598680-ixbrl.htm
2023-02-09	四半期	前期第3四半期累計	連結	実績		1株当たり当期純利益	NetIncomePerShare	143.90	JPYPerShares	143.90	PriorAccumulatedQ3Duration_ConsolidatedMember_ResultMember	/disc/80370/081220230201598680_tse-qcedjpsm-80370-20230201598680-ixbrl.htm
2023-02-09	四半期	当期第3四半期累計	連結	実績		総資産	TotalAssets	308625000000	JPY	308,625	CurrentAccumulatedQ3Instant_ConsolidatedMember_ResultMember	/disc/80370/081220230201598680_tse-qcedjpsm-80370-20230201598680-ixbrl.htm
2023-02-09	四半期	当期第3四半期累計	連結	実績		純資産	NetAssets	145074000000	JPY	145,074	CurrentAccumulatedQ3Instant_ConsolidatedMember_ResultMember	/disc/80370/081220230201598680_tse-qcedjpsm-80370-20230201598680-ixbrl.htm
2023-02-09	四半期	当期第3四半期累計	連結	実績		自己資本比率	CapitalAdequacyRatio	0.446	Pure	44.6	CurrentAccumulatedQ3Instant_ConsolidatedMember_ResultMember	/disc/80370/081220230201598680_tse-qcedjpsm-80370-20230201598680-ixbrl.htm
2023-02-09	四半期	当期第3四半期累計	連結	実績		1株当たり純資産	NetAssetsPerShare	4097.69	JPYPerShares	4,097.69	CurrentAccumulatedQ3Instant_ConsolidatedMember_ResultMember	/disc/80370/081220230201598680_tse-qcedjpsm-80370-20230201598680-ixbrl.htm
2023-02-09	四半期	前期	連結	実績		総資産	TotalAssets	285947000000	JPY	285,947	PriorYearInstant_ConsolidatedMember_ResultMember	/disc/80370/081220230201598680_tse-qcedjpsm-80370-20230201598680-ixbrl.htm
2023-02-09	四半期	前期	連結	実績		純資産	NetAssets	132649000000	JPY	132,649	PriorYearInstant_ConsolidatedMember_ResultMember	/disc/80370/081220230201598680_tse-qcedjpsm-80370-20230201598680-ixbrl.htm
2023-02-09	四半期	前期	連結	実績		自己資本比率	CapitalAdequacyRatio	0.439	Pure	43.9	PriorYearInstant_ConsolidatedMember_ResultMember	/disc/80370/081220230201598680_tse-qcedjpsm-80370-20230201598680-ixbrl.htm
2023-02-09	四半期	前期	連結	実績		1株当たり純資産	NetAssetsPerShare	3733.92	JPYPerShares	3,733.92	PriorYearInstant_ConsolidatedMember_ResultMember	/disc/80370/081220230201598680_tse-qcedjpsm-80370-20230201598680-ixbrl.htm
2023-02-09	四半期	当期第3四半期累計	連結	実績		自己資本	OwnersEquity	137684000000	JPY	137,684	CurrentAccumulatedQ3Instant_ConsolidatedMember_ResultMember	/disc/80370/081220230201598680_tse-qcedjpsm-80370-20230201598680-ixbrl.htm
2023-02-09	四半期	前期	連結	実績		自己資本	OwnersEquity	125461000000	JPY	125,461	PriorYearInstant_ConsolidatedMember_ResultMember	/disc/80370/081220230201598680_tse-qcedjpsm-80370-20230201598680-ixbrl.htm
2023-02-09	四半期	当期第3四半期累計	連結	実績			NoteToFinancialPositions			（注）第１四半期連結会計期間において、企業結合に係る暫定的な会計処理の確定を行っており、前連結会計年度の各数値については、暫定的な会計処理の確定の内容を反映しております。	CurrentAccumulatedQ3Instant_ConsolidatedMember_ResultMember	/disc/80370/081220230201598680_tse-qcedjpsm-80370-20230201598680-ixbrl.htm
2023-02-09	四半期	前期	単体	実績	第2四半期末	1株当たり配当金	DividendPerShare	17.50	JPYPerShares	17.50	PriorYearDuration_SecondQuarterMember_NonConsolidatedMember_ResultMember	/disc/80370/081220230201598680_tse-qcedjpsm-80370-20230201598680-ixbrl.htm
2023-02-09	四半期	前期	単体	実績	期末	1株当たり配当金	DividendPerShare	18.50	JPYPerShares	18.50	PriorYearDuration_YearEndMember_NonConsolidatedMember_ResultMember	/disc/80370/081220230201598680_tse-qcedjpsm-80370-20230201598680-ixbrl.htm
2023-02-09	四半期	前期	単体	実績	合計	1株当たり配当金	DividendPerShare	36.00	JPYPerShares	36.00	PriorYearDuration_AnnualMember_NonConsolidatedMember_ResultMember	/disc/80370/081220230201598680_tse-qcedjpsm-80370-20230201598680-ixbrl.htm
2023-02-09	四半期	当期	単体	実績	第2四半期末	1株当たり配当金	DividendPerShare	18.50	JPYPerShares	18.50	CurrentYearDuration_SecondQuarterMember_NonConsolidatedMember_ResultMember	/disc/80370/081220230201598680_tse-qcedjpsm-80370-20230201598680-ixbrl.htm
2023-02-09	四半期	当期	単体	予想	期末	1株当たり配当金	DividendPerShare	18.50	JPYPerShares	18.50	CurrentYearDuration_YearEndMember_NonConsolidatedMember_ForecastMember	/disc/80370/081220230201598680_tse-qcedjpsm-80370-20230201598680-ixbrl.htm
2023-02-09	四半期	当期	単体	予想	合計	1株当たり配当金	DividendPerShare	37.00	JPYPerShares	37.00	CurrentYearDuration_AnnualMember_NonConsolidatedMember_ForecastMember	/disc/80370/081220230201598680_tse-qcedjpsm-80370-20230201598680-ixbrl.htm
2023-02-09	四半期	当期	単体	実績	合計	当四半期における配当予想の修正	CorrectionOfDividendForecastInThisQuarter			無	CurrentYearDuration_AnnualMember_NonConsolidatedMember_ResultMember	/disc/80370/081220230201598680_tse-qcedjpsm-80370-20230201598680-ixbrl.htm
2023-02-09	四半期	当期	連結	予想		業績予想の見出し	TitleForForecasts			3. 令和 5年 3月期の連結業績予想（令和 4年 4月 1日～令和 5年 3月31日）	CurrentYearDuration_ConsolidatedMember_ForecastMember	/disc/80370/081220230201598680_tse-qcedjpsm-80370-20230201598680-ixbrl.htm
2023-02-09	四半期	当期	連結	予想		売上高	NetSales	547000000000	JPY	547,000	CurrentYearDuration_ConsolidatedMember_ForecastMember	/disc/80370/081220230201598680_tse-qcedjpsm-80370-20230201598680-ixbrl.htm
2023-02-09	四半期	当期	連結	予想		売上高の増減率	ChangeInNetSales	0.134	Pure	13.4	CurrentYearDuration_ConsolidatedMember_ForecastMember	/disc/80370/081220230201598680_tse-qcedjpsm-80370-20230201598680-ixbrl.htm
2023-02-09	四半期	当期	連結	予想		営業利益	OperatingIncome	14700000000	JPY	14,700	CurrentYearDuration_ConsolidatedMember_ForecastMember	/disc/80370/081220230201598680_tse-qcedjpsm-80370-20230201598680-ixbrl.htm
2023-02-09	四半期	当期	連結	予想		営業利益の増減率	ChangeInOperatingIncome	0.162	Pure	16.2	CurrentYearDuration_ConsolidatedMember_ForecastMember	/disc/80370/081220230201598680_tse-qcedjpsm-80370-20230201598680-ixbrl.htm
2023-02-09	四半期	当期	連結	予想		経常利益	OrdinaryIncome	16500000000	JPY	16,500	CurrentYearDuration_ConsolidatedMember_ForecastMember	/disc/80370/081220230201598680_tse-qcedjpsm-80370-20230201598680-ixbrl.htm
2023-02-09	四半期	当期	連結	予想		経常利益の増減率	ChangeInOrdinaryIncome	0.120	Pure	12.0	CurrentYearDuration_ConsolidatedMember_ForecastMember	/disc/80370/081220230201598680_tse-qcedjpsm-80370-20230201598680-ixbrl.htm
2023-02-09	四半期	当期	連結	予想		当期純利益	NetIncome	10000000000	JPY	10,000	CurrentYearDuration_ConsolidatedMember_ForecastMember	/disc/80370/081220230201598680_tse-qcedjpsm-80370-20230201598680-ixbrl.htm
2023-02-09	四半期	当期	連結	予想		当期純利益の増減率	ChangeInNetIncome	0.174	Pure	17.4	CurrentYearDuration_ConsolidatedMember_ForecastMember	/disc/80370/081220230201598680_tse-qcedjpsm-80370-20230201598680-ixbrl.htm
2023-02-09	四半期	当期	連結	予想		1株当たり当期純利益	NetIncomePerShare	297.61	JPYPerShares	297.61	CurrentYearDuration_ConsolidatedMember_ForecastMember	/disc/80370/081220230201598680_tse-qcedjpsm-80370-20230201598680-ixbrl.htm
2023-02-09	四半期	当期	連結	予想		当四半期における業績予想の修正	CorrectionOfConsolidatedFinancialForecastInThisQuarter			無	CurrentYearDuration_ConsolidatedMember_ForecastMember	/disc/80370/081220230201598680_tse-qcedjpsm-80370-20230201598680-ixbrl.htm
2023-02-09	四半期	当期第3四半期累計	連結	実績			MaterialChangesInSubsidiariesDuringThisPeriodChangesInScopeOfConsolidationsResultingFromChangeIsSubsidiaries			無	CurrentAccumulatedQ3Duration_ConsolidatedMember_ResultMember	/disc/80370/081220230201598680_tse-qcedjpsm-80370-20230201598680-ixbrl.htm
2023-02-09	四半期	当期第3四半期累計	連結	実績			ApplyingOfSpecificAccountingOfTheConsolidatedQuarterlyFinancialStatements			無	CurrentAccumulatedQ3Duration_ConsolidatedMember_ResultMember	/disc/80370/081220230201598680_tse-qcedjpsm-80370-20230201598680-ixbrl.htm
2023-02-09	四半期	当期第3四半期累計	連結	実績		会計基準等の改正に伴う変更	ChangesBasedOnRevisionsOfAccountingStandard			有	CurrentAccumulatedQ3Duration_ConsolidatedMember_ResultMember	/disc/80370/081220230201598680_tse-qcedjpsm-80370-20230201598680-ixbrl.htm
2023-02-09	四半期	当期第3四半期累計	連結	実績		それ以外の会計方針の変更	ChangesOtherThanOnesBasedOnRevisionsOfAccountingStandard			無	CurrentAccumulatedQ3Duration_ConsolidatedMember_ResultMember	/disc/80370/081220230201598680_tse-qcedjpsm-80370-20230201598680-ixbrl.htm
2023-02-09	四半期	当期第3四半期累計	連結	実績		会計上の見積りの変更	ChangesInAccountingEstimates			無	CurrentAccumulatedQ3Duration_ConsolidatedMember_ResultMember	/disc/80370/081220230201598680_tse-qcedjpsm-80370-20230201598680-ixbrl.htm
2023-02-09	四半期	当期第3四半期累計	連結	実績		修正再表示	RetrospectiveRestatement			無	CurrentAccumulatedQ3Duration_ConsolidatedMember_ResultMember	/disc/80370/081220230201598680_tse-qcedjpsm-80370-20230201598680-ixbrl.htm
2023-02-09	四半期	当期第3四半期累計	連結	実績			NoteToChangesInAccountingPoliciesAccountingEstimatesAndRetrospectiveRestatementQuarterlyConsolidated			（注）詳細は、添付資料８ページ「２．四半期連結財務諸表及び主な注記（３）四半期連結財務諸表に関する注記事項（会計方針の変更）」をご覧ください。	CurrentAccumulatedQ3Duration_ConsolidatedMember_ResultMember	/disc/80370/081220230201598680_tse-qcedjpsm-80370-20230201598680-ixbrl.htm
2023-02-09	四半期	当期第3四半期累計	単体	実績		期末発行済株式数(自己株式を含む)	NumberOfIssuedAndOutstandingSharesAtTheEndOfFiscalYearIncludingTreasuryStock	37591969	Shares	37,591,969	CurrentAccumulatedQ3Instant_NonConsolidatedMember_ResultMember	/disc/80370/081220230201598680_tse-qcedjpsm-80370-20230201598680-ixbrl.htm
2023-02-09	四半期	前期	単体	実績		期末発行済株式数(自己株式を含む)	NumberOfIssuedAndOutstandingSharesAtTheEndOfFiscalYearIncludingTreasuryStock	37591969	Shares	37,591,969	PriorYearInstant_NonConsolidatedMember_ResultMember	/disc/80370/081220230201598680_tse-qcedjpsm-80370-20230201598680-ixbrl.htm
2023-02-09	四半期	当期第3四半期累計	単体	実績		期末自己株式数	NumberOfTreasuryStockAtTheEndOfFiscalYear	3991538	Shares	3,991,538	CurrentAccumulatedQ3Instant_NonConsolidatedMember_ResultMember	/disc/80370/081220230201598680_tse-qcedjpsm-80370-20230201598680-ixbrl.htm
2023-02-09	四半期	前期	単体	実績		期末自己株式数	NumberOfTreasuryStockAtTheEndOfFiscalYear	3991368	Shares	3,991,368	PriorYearInstant_NonConsolidatedMember_ResultMember	/disc/80370/081220230201598680_tse-qcedjpsm-80370-20230201598680-ixbrl.htm
2023-02-09	四半期	当期第3四半期累計	単体	実績		期中平均株式数	AverageNumberOfShares	33600528	Shares	33,600,528	CurrentAccumulatedQ3Duration_NonConsolidatedMember_ResultMember	/disc/80370/081220230201598680_tse-qcedjpsm-80370-20230201598680-ixbrl.htm
2023-02-09	四半期	前期第3四半期累計	単体	実績		期中平均株式数	AverageNumberOfShares	33600643	Shares	33,600,643	PriorAccumulatedQ3Duration_NonConsolidatedMember_ResultMember	/disc/80370/081220230201598680_tse-qcedjpsm-80370-20230201598680-ixbrl.htm
2023-02-09	四半期	当期				将来情報の利用に関する注意	NotesForUsingForecastedInformationAndOthers			本資料に記載されている業績見通し等の将来に関する記述は、当社が現在入手している情報及び合理的であると判断する一定の前提に基づいており、その達成を当社として約束する趣旨のものではありません。また、実際の業績等は様々な要因により大きく異なる可能性があります。業績予想の前提となる条件及び業績予想のご利用に当たっての注意事項等については、添付資料３ページ「１．当四半期決算に関する定性的情報（３）連結業績予想などの将来予測情報に関する説明」をご覧ください。	CurrentYearDuration	/disc/80370/081220230201598680_tse-qcedjpsm-80370-20230201598680-ixbrl.htm
2023-02-09	四半期	当期				決算期末	FiscalYearEnd			2023-03-31	CurrentYearInstant	/disc/80370/081220230201598680_tse-qcedjpsm-80370-20230201598680-ixbrl.htm
2023-02-09	四半期	当期第3四半期累計				四半期	QuarterlyPeriod	3	Pure	3	CurrentAccumulatedQ3Instant	/disc/80370/081220230201598680_tse-qcedjpsm-80370-20230201598680-ixbrl.htm
2023-05-11	年次	当期				書類名	DocumentName			決算短信〔日本基準〕（連結）	CurrentYearInstant	/disc/80370/081220230504558792_tse-acedjpsm-80370-20230504558792-ixbrl.htm
2023-05-11	年次	当期				提出日	FilingDate			2023年5月11日	CurrentYearInstant	/disc/80370/081220230504558792_tse-acedjpsm-80370-20230504558792-ixbrl.htm
2023-05-11	年次	当期				会社名	CompanyName			カメイ株式会社	CurrentYearInstant	/disc/80370/081220230504558792_tse-acedjpsm-80370-20230504558792-ixbrl.htm
2023-05-11	年次	当期					TokyoStockExchange			東	CurrentYearInstant	/disc/80370/081220230504558792_tse-acedjpsm-80370-20230504558792-ixbrl.htm
2023-05-11	年次	当期				証券コード	SecuritiesCode			80370	CurrentYearInstant	/disc/80370/081220230504558792_tse-acedjpsm-80370-20230504558792-ixbrl.htm
2023-05-11	年次	当期				URL	URL			https://www.kamei.co.jp/	CurrentYearInstant	/disc/80370/081220230504558792_tse-acedjpsm-80370-20230504558792-ixbrl.htm
2023-05-11	年次	当期				代表者の役職	TitleRepresentative			代表取締役社長	CurrentYearInstant	/disc/80370/081220230504558792_tse-acedjpsm-80370-20230504558792-ixbrl.htm
2023-05-11	年次	当期				代表者名	NameRepresentative			亀井昭男	CurrentYearInstant	/disc/80370/081220230504558792_tse-acedjpsm-80370-20230504558792-ixbrl.htm
2023-05-11	年次	当期					TitleInquiries			管理部長	CurrentYearInstant	/disc/80370/081220230504558792_tse-acedjpsm-80370-20230504558792-ixbrl.htm
2023-05-11	年次	当期					NameInquiries			遠藤忠章	CurrentYearInstant	/disc/80370/081220230504558792_tse-acedjpsm-80370-20230504558792-ixbrl.htm
2023-05-11	年次	当期					Tel			022-264-6112	CurrentYearInstant	/disc/80370/081220230504558792_tse-acedjpsm-80370-20230504558792-ixbrl.htm
2023-05-11	年次	当期					DateOfGeneralShareholdersMeetingAsPlanned			2023年6月29日	CurrentYearInstant	/disc/80370/081220230504558792_tse-acedjpsm-80370-20230504558792-ixbrl.htm
2023-05-11	年次	当期					DividendPayableDateAsPlanned			2023年6月30日	CurrentYearInstant	/disc/80370/081220230504558792_tse-acedjpsm-80370-20230504558792-ixbrl.htm
2023-05-11	年次	当期					AnnualSecuritiesReportFilingDateAsPlanned			2023年6月30日	CurrentYearInstant	/disc/80370/081220230504558792_tse-acedjpsm-80370-20230504558792-ixbrl.htm
2023-05-11	年次	当期					SupplementalMaterialOfAnnualResults			無	CurrentYearInstant	/disc/80370/081220230504558792_tse-acedjpsm-80370-20230504558792-ixbrl.htm
2023-05-11	年次	当期					ConveningBriefingOfAnnualResults			無	CurrentYearInstant	/disc/80370/081220230504558792_tse-acedjpsm-80370-20230504558792-ixbrl.htm
2023-05-11	年次	当期					NoteToFractionProcessingMethod			（百万円未満切捨て）	CurrentYearInstant	/disc/80370/081220230504558792_tse-acedjpsm-80370-20230504558792-ixbrl.htm
2023-05-11	年次	当期	連結	実績		売上高	NetSales	551245000000	JPY	551,245	CurrentYearDuration_ConsolidatedMember_ResultMember	/disc/80370/081220230504558792_tse-acedjpsm-80370-20230504558792-ixbrl.htm
2023-05-11	年次	当期	連結	実績		売上高の増減率	ChangeInNetSales	0.142	Pure	14.2	CurrentYearDuration_ConsolidatedMember_ResultMember	/disc/80370/081220230504558792_tse-acedjpsm-80370-20230504558792-ixbrl.htm
2023-05-11	年次	当期	連結	実績		営業利益	OperatingIncome	15619000000	JPY	15,619	CurrentYearDuration_ConsolidatedMember_ResultMember	/disc/80370/081220230504558792_tse-acedjpsm-80370-20230504558792-ixbrl.htm
2023-05-11	年次	当期	連結	実績		営業利益の増減率	ChangeInOperatingIncome	0.235	Pure	23.5	CurrentYearDuration_ConsolidatedMember_ResultMember	/disc/80370/081220230504558792_tse-acedjpsm-80370-20230504558792-ixbrl.htm
2023-05-11	年次	当期	連結	実績		経常利益	OrdinaryIncome	16668000000	JPY	16,668	CurrentYearDuration_ConsolidatedMember_ResultMember	/disc/80370/081220230504558792_tse-acedjpsm-80370-20230504558792-ixbrl.htm
2023-05-11	年次	当期	連結	実績		経常利益の増減率	ChangeInOrdinaryIncome	0.132	Pure	13.2	CurrentYearDuration_ConsolidatedMember_ResultMember	/disc/80370/081220230504558792_tse-acedjpsm-80370-20230504558792-ixbrl.htm
2023-05-11	年次	当期	連結	実績		親会社株主に帰属する当期純利益	ProfitAttributableToOwnersOfParent	8562000000	JPY	8,562	CurrentYearDuration_ConsolidatedMember_ResultMember	/disc/80370/081220230504558792_tse-acedjpsm-80370-20230504558792-ixbrl.htm
2023-05-11	年次	当期	連結	実績		親会社株主に帰属する当期純利益の増減率	ChangeInProfitAttributableToOwnersOfParent	0.006	Pure	0.6	CurrentYearDuration_ConsolidatedMember_ResultMember	/disc/80370/081220230504558792_tse-acedjpsm-80370-20230504558792-ixbrl.htm
2023-05-11	年次	前期	連結	実績		売上高	NetSales	482557000000	JPY	482,557	PriorYearDuration_ConsolidatedMember_ResultMember	/disc/80370/081220230504558792_tse-acedjpsm-80370-20230504558792-ixbrl.htm
2023-05-11	年次	前期	連結	実績		売上高の増減率	ChangeInNetSales	0.191	Pure	19.1	PriorYearDuration_ConsolidatedMember_ResultMember	/disc/80370/081220230504558792_tse-acedjpsm-80370-20230504558792-ixbrl.htm
2023-05-11	年次	前期	連結	実績		営業利益	OperatingIncome	12648000000	JPY	12,648	PriorYearDuration_ConsolidatedMember_ResultMember	/disc/80370/081220230504558792_tse-acedjpsm-80370-20230504558792-ixbrl.htm
2023-05-11	年次	前期	連結	実績		営業利益の増減率	ChangeInOperatingIncome	0.099	Pure	9.9	PriorYearDuration_ConsolidatedMember_ResultMember	/disc/80370/081220230504558792_tse-acedjpsm-80370-20230504558792-ixbrl.htm
2023-05-11	年次	前期	連結	実績		経常利益	OrdinaryIncome	14725000000	JPY	14,725	PriorYearDuration_ConsolidatedMember_ResultMember	/disc/80370/081220230504558792_tse-acedjpsm-80370-20230504558792-ixbrl.htm
2023-05-11	年次	前期	連結	実績		経常利益の増減率	ChangeInOrdinaryIncome	0.135	Pure	13.5	PriorYearDuration_ConsolidatedMember_ResultMember	/disc/80370/081220230504558792_tse-acedjpsm-80370-20230504558792-ixbrl.htm
2023-05-11	年次	前期	連結	実績		親会社株主に帰属する当期純利益	ProfitAttributableToOwnersOfParent	8514000000	JPY	8,514	PriorYearDuration_ConsolidatedMember_ResultMember	/disc/80370/081220230504558792_tse-acedjpsm-80370-20230504558792-ixbrl.htm
2023-05-11	年次	前期	連結	実績		親会社株主に帰属する当期純利益の増減率	ChangeInProfitAttributableToOwnersOfParent	0.085	Pure	8.5	PriorYearDuration_ConsolidatedMember_ResultMember	/disc/80370/081220230504558792_tse-acedjpsm-80370-20230504558792-ixbrl.htm
2023-05-11	年次	当期	連結	実績		包括利益	ComprehensiveIncome	13171000000	JPY	13,171	CurrentYearDuration_ConsolidatedMember_ResultMember	/disc/80370/081220230504558792_tse-acedjpsm-80370-20230504558792-ixbrl.htm
2023-05-11	年次	当期	連結	実績		包括利益の増減率	ChangeInComprehensiveIncome	0.149	Pure	14.9	CurrentYearDuration_ConsolidatedMember_ResultMember	/disc/80370/081220230504558792_tse-acedjpsm-80370-20230504558792-ixbrl.htm
2023-05-11	年次	前期	連結	実績		包括利益	ComprehensiveIncome	11467000000	JPY	11,467	PriorYearDuration_ConsolidatedMember_ResultMember	/disc/80370/081220230504558792_tse-acedjpsm-80370-20230504558792-ixbrl.htm
2023-05-11	年次	前期	連結	実績		包括利益の増減率	ChangeInComprehensiveIncome	0.354	Pure	35.4	PriorYearDuration_ConsolidatedMember_ResultMember	/disc/80370/081220230504558792_tse-acedjpsm-80370-20230504558792-ixbrl.htm
2023-05-11	年次	当期	連結	実績		1株当たり当期純利益	NetIncomePerShare	254.84	JPYPerShares	254.84	CurrentYearDuration_ConsolidatedMember_ResultMember	/disc/80370/081220230504558792_tse-acedjpsm-80370-20230504558792-ixbrl.htm
2023-05-11	年次	当期	連結	実績		自己資本当期純利益率(ROE)	NetIncomeToShareholdersEquityRatio	0.065	Pure	6.5	CurrentYearDuration_ConsolidatedMember_ResultMember	/disc/80370/081220230504558792_tse-acedjpsm-80370-20230504558792-ixbrl.htm
2023-05-11	年次	当期	連結	実績		総資産経常利益率(ROA)	OrdinaryIncomeToTotalAssetsRatio	0.056	Pure	5.6	CurrentYearDuration_ConsolidatedMember_ResultMember	/disc/80370/081220230504558792_tse-acedjpsm-80370-20230504558792-ixbrl.htm
2023-05-11	年次	当期	連結	実績		売上高営業利益率	OperatingIncomeToNetSalesRatio	0.028	Pure	2.8	CurrentYearDuration_ConsolidatedMember_ResultMember	/disc/80370/081220230504558792_tse-acedjpsm-80370-20230504558792-ixbrl.htm
2023-05-11	年次	前期	連結	実績		1株当たり当期純利益	NetIncomePerShare	253.41	JPYPerShares	253.41	PriorYearDuration_ConsolidatedMember_ResultMember	/disc/80370/081220230504558792_tse-acedjpsm-80370-20230504558792-ixbrl.htm
2023-05-11	年次	前期	連結	実績		自己資本当期純利益率(ROE)	NetIncomeToShareholdersEquityRatio	0.071	Pure	7.1	PriorYearDuration_ConsolidatedMember_ResultMember	/disc/80370/081220230504558792_tse-acedjpsm-80370-20230504558792-ixbrl.htm
2023-05-11	年次	前期	連結	実績		総資産経常利益率(ROA)	OrdinaryIncomeToTotalAssetsRatio	0.054	Pure	5.4	PriorYearDuration_ConsolidatedMember_ResultMember	/disc/80370/081220230504558792_tse-acedjpsm-80370-20230504558792-ixbrl.htm
2023-05-11	年次	前期	連結	実績		売上高営業利益率	OperatingIncomeToNetSalesRatio	0.026	Pure	2.6	PriorYearDuration_ConsolidatedMember_ResultMember	/disc/80370/081220230504558792_tse-acedjpsm-80370-20230504558792-ixbrl.htm
2023-05-11	年次	当期	連結	実績		持分法投資損益	InvestmentProfitLossOnEquityMethod	229000000	JPY	229	CurrentYearDuration_ConsolidatedMember_ResultMember	/disc/80370/081220230504558792_tse-acedjpsm-80370-20230504558792-ixbrl.htm
2023-05-11	年次	前期	連結	実績		持分法投資損益	InvestmentProfitLossOnEquityMethod	258000000	JPY	258	PriorYearDuration_ConsolidatedMember_ResultMember	/disc/80370/081220230504558792_tse-acedjpsm-80370-20230504558792-ixbrl.htm
2023-05-11	年次	当期	連結	実績		総資産	TotalAssets	307556000000	JPY	307,556	CurrentYearInstant_ConsolidatedMember_ResultMember	/disc/80370/081220230504558792_tse-acedjpsm-80370-20230504558792-ixbrl.htm
2023-05-11	年次	当期	連結	実績		純資産	NetAssets	144299000000	JPY	144,299	CurrentYearInstant_ConsolidatedMember_ResultMember	/disc/80370/081220230504558792_tse-acedjpsm-80370-20230504558792-ixbrl.htm
2023-05-11	年次	当期	連結	実績		自己資本比率	CapitalAdequacyRatio	0.446	Pure	44.6	CurrentYearInstant_ConsolidatedMember_ResultMember	/disc/80370/081220230504558792_tse-acedjpsm-80370-20230504558792-ixbrl.htm
2023-05-11	年次	当期	連結	実績		1株当たり純資産	NetAssetsPerShare	4079.60	JPYPerShares	4,079.60	CurrentYearInstant_ConsolidatedMember_ResultMember	/disc/80370/081220230504558792_tse-acedjpsm-80370-20230504558792-ixbrl.htm
2023-05-11	年次	前期	連結	実績		総資産	TotalAssets	285947000000	JPY	285,947	PriorYearInstant_ConsolidatedMember_ResultMember	/disc/80370/081220230504558792_tse-acedjpsm-80370-20230504558792-ixbrl.htm
2023-05-11	年次	前期	連結	実績		純資産	NetAssets	132649000000	JPY	132,649	PriorYearInstant_ConsolidatedMember_ResultMember	/disc/80370/081220230504558792_tse-acedjpsm-80370-20230504558792-ixbrl.htm
2023-05-11	年次	前期	連結	実績		自己資本比率	CapitalAdequacyRatio	0.439	Pure	43.9	PriorYearInstant_ConsolidatedMember_ResultMember	/disc/80370/081220230504558792_tse-acedjpsm-80370-20230504558792-ixbrl.htm
2023-05-11	年次	前期	連結	実績		1株当たり純資産	NetAssetsPerShare	3733.92	JPYPerShares	3,733.92	PriorYearInstant_ConsolidatedMember_ResultMember	/disc/80370/081220230504558792_tse-acedjpsm-80370-20230504558792-ixbrl.htm
2023-05-11	年次	当期	連結	実績		自己資本	OwnersEquity	137076000000	JPY	137,076	CurrentYearInstant_ConsolidatedMember_ResultMember	/disc/80370/081220230504558792_tse-acedjpsm-80370-20230504558792-ixbrl.htm
2023-05-11	年次	前期	連結	実績		自己資本	OwnersEquity	125461000000	JPY	125,461	PriorYearInstant_ConsolidatedMember_ResultMember	/disc/80370/081220230504558792_tse-acedjpsm-80370-20230504558792-ixbrl.htm
2023-05-11	年次	当期	連結	実績			NoteToFinancialPositions			（注）当連結会計年度において、企業結合に係る暫定的な会計処理の確定を行っており、前連結会計年度の各数値については、暫定的な会計処理の確定の内容を反映しております。	CurrentYearInstant_ConsolidatedMember_ResultMember	/disc/80370/081220230504558792_tse-acedjpsm-80370-20230504558792-ixbrl.htm
2023-05-11	年次	当期	連結	実績		営業キャッシュフロー	CashFlowsFromOperatingActivities	13652000000	JPY	13,652	CurrentYearDuration_ConsolidatedMember_ResultMember	/disc/80370/081220230504558792_tse-acedjpsm-80370-20230504558792-ixbrl.htm
2023-05-11	年次	当期	連結	実績		投資キャッシュフロー	CashFlowsFromInvestingActivities	-9722000000	JPY	9,722	CurrentYearDuration_ConsolidatedMember_ResultMember	/disc/80370/081220230504558792_tse-acedjpsm-80370-20230504558792-ixbrl.htm
2023-05-11	年次	当期	連結	実績		財務キャッシュフロー	CashFlowsFromFinancingActivities	-1873000000	JPY	1,873	CurrentYearDuration_ConsolidatedMember_ResultMember	/disc/80370/081220230504558792_tse-acedjpsm-80370-20230504558792-ixbrl.htm
2023-05-11	年次	当期	連結	実績		現金及び現金同等物の期末残高	CashAndEquivalentsEndOfPeriod	42967000000	JPY	42,967	CurrentYearInstant_ConsolidatedMember_ResultMember	/disc/80370/081220230504558792_tse-acedjpsm-80370-20230504558792-ixbrl.htm
2023-05-11	年次	前期	連結	実績		営業キャッシュフロー	CashFlowsFromOperatingActivities	18364000000	JPY	18,364	PriorYearDuration_ConsolidatedMember_ResultMember	/disc/80370/081220230504558792_tse-acedjpsm-80370-20230504558792-ixbrl.htm
2023-05-11	年次	前期	連結	実績		投資キャッシュフロー	CashFlowsFromInvestingActivities	-17839000000	JPY	17,839	PriorYearDuration_ConsolidatedMember_ResultMember	/disc/80370/081220230504558792_tse-acedjpsm-80370-20230504558792-ixbrl.htm
2023-05-11	年次	前期	連結	実績		財務キャッシュフロー	CashFlowsFromFinancingActivities	-4530000000	JPY	4,530	PriorYearDuration_ConsolidatedMember_ResultMember	/disc/80370/081220230504558792_tse-acedjpsm-80370-20230504558792-ixbrl.htm
2023-05-11	年次	前期	連結	実績		現金及び現金同等物の期末残高	CashAndEquivalentsEndOfPeriod	38883000000	JPY	38,883	PriorYearInstant_ConsolidatedMember_ResultMember	/disc/80370/081220230504558792_tse-acedjpsm-80370-20230504558792-ixbrl.htm
2023-05-11	年次	前期	単体	実績	第2四半期末	1株当たり配当金	DividendPerShare	17.50	JPYPerShares	17.50	PriorYearDuration_SecondQuarterMember_NonConsolidatedMember_ResultMember	/disc/80370/081220230504558792_tse-acedjpsm-80370-20230504558792-ixbrl.htm
2023-05-11	年次	前期	単体	実績	期末	1株当たり配当金	DividendPerShare	18.50	JPYPerShares	18.50	PriorYearDuration_YearEndMember_NonConsolidatedMember_ResultMember	/disc/80370/081220230504558792_tse-acedjpsm-80370-20230504558792-ixbrl.htm
2023-05-11	年次	前期	単体	実績	合計	1株当たり配当金	DividendPerShare	36.00	JPYPerShares	36.00	PriorYearDuration_AnnualMember_NonConsolidatedMember_ResultMember	/disc/80370/081220230504558792_tse-acedjpsm-80370-20230504558792-ixbrl.htm
2023-05-11	年次	前期	単体	実績	合計	配当金総額	TotalDividendPaidAnnual	1209000000	JPY	1,209	PriorYearDuration_AnnualMember_NonConsolidatedMember_ResultMember	/disc/80370/081220230504558792_tse-acedjpsm-80370-20230504558792-ixbrl.htm
2023-05-11	年次	前期	連結	実績	合計	配当性向	PayoutRatio	0.142	Pure	14.2	PriorYearDuration_AnnualMember_ConsolidatedMember_ResultMember	/disc/80370/081220230504558792_tse-acedjpsm-80370-20230504558792-ixbrl.htm
2023-05-11	年次	前期	連結	実績	合計	純資産配当率	RatioOfTotalAmountOfDividendsToNetAssets	0.010	Pure	1.0	PriorYearDuration_AnnualMember_ConsolidatedMember_ResultMember	/disc/80370/081220230504558792_tse-acedjpsm-80370-20230504558792-ixbrl.htm
2023-05-11	年次	当期	単体	実績	第2四半期末	1株当たり配当金	DividendPerShare	18.50	JPYPerShares	18.50	CurrentYearDuration_SecondQuarterMember_NonConsolidatedMember_ResultMember	/disc/80370/081220230504558792_tse-acedjpsm-80370-20230504558792-ixbrl.htm
2023-05-11	年次	当期	単体	実績	期末	1株当たり配当金	DividendPerShare	22.00	JPYPerShares	22.00	CurrentYearDuration_YearEndMember_NonConsolidatedMember_ResultMember	/disc/80370/081220230504558792_tse-acedjpsm-80370-20230504558792-ixbrl.htm
2023-05-11	年次	当期	単体	実績	合計	1株当たり配当金	DividendPerShare	40.50	JPYPerShares	40.50	CurrentYearDuration_AnnualMember_NonConsolidatedMember_ResultMember	/disc/80370/081220230504558792_tse-acedjpsm-80370-20230504558792-ixbrl.htm
2023-05-11	年次	当期	単体	実績	合計	配当金総額	TotalDividendPaidAnnual	1360000000	JPY	1,360	CurrentYearDuration_AnnualMember_NonConsolidatedMember_ResultMember	/disc/80370/081220230504558792_tse-acedjpsm-80370-20230504558792-ixbrl.htm
2023-05-11	年次	当期	連結	実績	合計	配当性向	PayoutRatio	0.159	Pure	15.9	CurrentYearDuration_AnnualMember_ConsolidatedMember_ResultMember	/disc/80370/081220230504558792_tse-acedjpsm-80370-20230504558792-ixbrl.htm
2023-05-11	年次	当期	連結	実績	合計	純資産配当率	RatioOfTotalAmountOfDividendsToNetAssets	0.011	Pure	1.1	CurrentYearDuration_AnnualMember_ConsolidatedMember_ResultMember	/disc/80370/081220230504558792_tse-acedjpsm-80370-20230504558792-ixbrl.htm
2023-05-11	年次	来期	単体	予想	第2四半期末	1株当たり配当金	DividendPerShare	20.00	JPYPerShares	20.00	NextYearDuration_SecondQuarterMember_NonConsolidatedMember_ForecastMember	/disc/80370/081220230504558792_tse-acedjpsm-80370-20230504558792-ixbrl.htm
2023-05-11	年次	来期	単体	予想	期末	1株当たり配当金	DividendPerShare	20.00	JPYPerShares	20.00	NextYearDuration_YearEndMember_NonConsolidatedMember_ForecastMember	/disc/80370/081220230504558792_tse-acedjpsm-80370-20230504558792-ixbrl.htm
2023-05-11	年次	来期	単体	予想	合計	1株当たり配当金	DividendPerShare	40.00	JPYPerShares	40.00	NextYearDuration_AnnualMember_NonConsolidatedMember_ForecastMember	/disc/80370/081220230504558792_tse-acedjpsm-80370-20230504558792-ixbrl.htm
2023-05-11	年次	来期	連結	予想	合計	配当性向	PayoutRatio	0.146	Pure	14.6	NextYearDuration_AnnualMember_ConsolidatedMember_ForecastMember	/disc/80370/081220230504558792_tse-acedjpsm-80370-20230504558792-ixbrl.htm
2023-05-11	年次	当期	単体	実績	合計	配当の注記	NoteToDividends			（注）2023年３月期の期末配当金の内訳 普通配当20円00銭 記念配当２円00銭	CurrentYearDuration_AnnualMember_NonConsolidatedMember_ResultMember	/disc/80370/081220230504558792_tse-acedjpsm-80370-20230504558792-ixbrl.htm
2023-05-11	年次	来期	連結	予想		業績予想の見出し	TitleForForecasts			3. 2024年 3月期の連結業績予想（2023年 4月 1日～2024年 3月31日）	NextYearDuration_ConsolidatedMember_ForecastMember	/disc/80370/081220230504558792_tse-acedjpsm-80370-20230504558792-ixbrl.htm
2023-05-11	年次		連結	予想		売上高	NetSales	244000000000	JPY	244,000	NextAccumulatedQ2Duration_ConsolidatedMember_ForecastMember	/disc/80370/081220230504558792_tse-acedjpsm-80370-20230504558792-ixbrl.htm
2023-05-11	年次		連結	予想		売上高の増減率	ChangeInNetSales	-0.006	Pure	0.6	NextAccumulatedQ2Duration_ConsolidatedMember_ForecastMember	/disc/80370/081220230504558792_tse-acedjpsm-80370-20230504558792-ixbrl.htm
2023-05-11	年次		連結	予想		営業利益	OperatingIncome	6200000000	JPY	6,200	NextAccumulatedQ2Duration_ConsolidatedMember_ForecastMember	/disc/80370/081220230504558792_tse-acedjpsm-80370-20230504558792-ixbrl.htm
2023-05-11	年次		連結	予想		営業利益の増減率	ChangeInOperatingIncome	-0.084	Pure	8.4	NextAccumulatedQ2Duration_ConsolidatedMember_ForecastMember	/disc/80370/081220230504558792_tse-acedjpsm-80370-20230504558792-ixbrl.htm
2023-05-11	年次		連結	予想		経常利益	OrdinaryIncome	6600000000	JPY	6,600	NextAccumulatedQ2Duration_ConsolidatedMember_ForecastMember	/disc/80370/081220230504558792_tse-acedjpsm-80370-20230504558792-ixbrl.htm
2023-05-11	年次		連結	予想		経常利益の増減率	ChangeInOrdinaryIncome	-0.121	Pure	12.1	NextAccumulatedQ2Duration_ConsolidatedMember_ForecastMember	/disc/80370/081220230504558792_tse-acedjpsm-80370-20230504558792-ixbrl.htm
2023-05-11	年次		連結	予想		当期純利益	NetIncome	4100000000	JPY	4,100	NextAccumulatedQ2Duration_ConsolidatedMember_ForecastMember	/disc/80370/081220230504558792_tse-acedjpsm-80370-20230504558792-ixbrl.htm
2023-05-11	年次		連結	予想		当期純利益の増減率	ChangeInNetIncome	-0.158	Pure	15.8	NextAccumulatedQ2Duration_ConsolidatedMember_ForecastMember	/disc/80370/081220230504558792_tse-acedjpsm-80370-20230504558792-ixbrl.htm
2023-05-11	年次		連結	予想		1株当たり当期純利益	NetIncomePerShare	122.02	JPYPerShares	122.02	NextAccumulatedQ2Duration_ConsolidatedMember_ForecastMember	/disc/80370/081220230504558792_tse-acedjpsm-80370-20230504558792-ixbrl.htm
2023-05-11	年次	来期	連結	予想		売上高	NetSales	551000000000	JPY	551,000	NextYearDuration_ConsolidatedMember_ForecastMember	/disc/80370/081220230504558792_tse-acedjpsm-80370-20230504558792-ixbrl.htm
2023-05-11	年次	来期	連結	予想		売上高の増減率	ChangeInNetSales	0.000	Pure	0.0	NextYearDuration_ConsolidatedMember_ForecastMember	/disc/80370/081220230504558792_tse-acedjpsm-80370-20230504558792-ixbrl.htm
2023-05-11	年次	来期	連結	予想		営業利益	OperatingIncome	14000000000	JPY	14,000	NextYearDuration_ConsolidatedMember_ForecastMember	/disc/80370/081220230504558792_tse-acedjpsm-80370-20230504558792-ixbrl.htm
2023-05-11	年次	来期	連結	予想		営業利益の増減率	ChangeInOperatingIncome	-0.104	Pure	10.4	NextYearDuration_ConsolidatedMember_ForecastMember	/disc/80370/081220230504558792_tse-acedjpsm-80370-20230504558792-ixbrl.htm
2023-05-11	年次	来期	連結	予想		経常利益	OrdinaryIncome	15200000000	JPY	15,200	NextYearDuration_ConsolidatedMember_ForecastMember	/disc/80370/081220230504558792_tse-acedjpsm-80370-20230504558792-ixbrl.htm
2023-05-11	年次	来期	連結	予想		経常利益の増減率	ChangeInOrdinaryIncome	-0.088	Pure	8.8	NextYearDuration_ConsolidatedMember_ForecastMember	/disc/80370/081220230504558792_tse-acedjpsm-80370-20230504558792-ixbrl.htm
2023-05-11	年次	来期	連結	予想		当期純利益	NetIncome	9200000000	JPY	9,200	NextYearDuration_ConsolidatedMember_ForecastMember	/disc/80370/081220230504558792_tse-acedjpsm-80370-20230504558792-ixbrl.htm
2023-05-11	年次	来期	連結	予想		当期純利益の増減率	ChangeInNetIncome	0.074	Pure	7.4	NextYearDuration_ConsolidatedMember_ForecastMember	/disc/80370/081220230504558792_tse-acedjpsm-80370-20230504558792-ixbrl.htm
2023-05-11	年次	来期	連結	予想		1株当たり当期純利益	NetIncomePerShare	273.81	JPYPerShares	273.81	NextYearDuration_ConsolidatedMember_ForecastMember	/disc/80370/081220230504558792_tse-acedjpsm-80370-20230504558792-ixbrl.htm
2023-05-11	年次	当期	連結	実績			MaterialChangesInSubsidiariesDuringThisPeriodChangesInScopeOfConsolidationsResultingFromChangeIsSubsidiaries			無	CurrentYearDuration_ConsolidatedMember_ResultMember	/disc/80370/081220230504558792_tse-acedjpsm-80370-20230504558792-ixbrl.htm
2023-05-11	年次	当期	連結	実績		会計基準等の改正に伴う変更	ChangesBasedOnRevisionsOfAccountingStandard			有	CurrentYearDuration_ConsolidatedMember_ResultMember	/disc/80370/081220230504558792_tse-acedjpsm-80370-20230504558792-ixbrl.htm
2023-05-11	年次	当期	連結	実績		それ以外の会計方針の変更	ChangesOtherThanOnesBasedOnRevisionsOfAccountingStandard			無	CurrentYearDuration_ConsolidatedMember_ResultMember	/disc/80370/081220230504558792_tse-acedjpsm-80370-20230504558792-ixbrl.htm
2023-05-11	年次	当期	連結	実績		会計上の見積りの変更	ChangesInAccountingEstimates			無	CurrentYearDuration_ConsolidatedMember_ResultMember	/disc/80370/081220230504558792_tse-acedjpsm-80370-20230504558792-ixbrl.htm
2023-05-11	年次	当期	連結	実績		修正再表示	RetrospectiveRestatement			無	CurrentYearDuration_ConsolidatedMember_ResultMember	/disc/80370/081220230504558792_tse-acedjpsm-80370-20230504558792-ixbrl.htm
2023-05-11	年次	当期	連結	実績			NoteToChangesInAccountingPoliciesAndAccountingEstimatesRetrospectiveRestatement			（注）詳細は、添付資料15ページ「３．連結財務諸表及び主な注記（５）連結財務諸表に関する注記事項（会計方針の変更）」をご覧ください。	CurrentYearDuration_ConsolidatedMember_ResultMember	/disc/80370/081220230504558792_tse-acedjpsm-80370-20230504558792-ixbrl.htm
2023-05-11	年次	当期	単体	実績		期末発行済株式数(自己株式を含む)	NumberOfIssuedAndOutstandingSharesAtTheEndOfFiscalYearIncludingTreasuryStock	37591969	Shares	37,591,969	CurrentYearInstant_NonConsolidatedMember_ResultMember	/disc/80370/081220230504558792_tse-acedjpsm-80370-20230504558792-ixbrl.htm
2023-05-11	年次	前期	単体	実績		期末発行済株式数(自己株式を含む)	NumberOfIssuedAndOutstandingSharesAtTheEndOfFiscalYearIncludingTreasuryStock	37591969	Shares	37,591,969	PriorYearInstant_NonConsolidatedMember_ResultMember	/disc/80370/081220230504558792_tse-acedjpsm-80370-20230504558792-ixbrl.htm
2023-05-11	年次	当期	単体	実績		期末自己株式数	NumberOfTreasuryStockAtTheEndOfFiscalYear	3991538	Shares	3,991,538	CurrentYearInstant_NonConsolidatedMember_ResultMember	/disc/80370/081220230504558792_tse-acedjpsm-80370-20230504558792-ixbrl.htm
2023-05-11	年次	前期	単体	実績		期末自己株式数	NumberOfTreasuryStockAtTheEndOfFiscalYear	3991368	Shares	3,991,368	PriorYearInstant_NonConsolidatedMember_ResultMember	/disc/80370/081220230504558792_tse-acedjpsm-80370-20230504558792-ixbrl.htm
2023-05-11	年次	当期	単体	実績		期中平均株式数	AverageNumberOfShares	33600504	Shares	33,600,504	CurrentYearDuration_NonConsolidatedMember_ResultMember	/disc/80370/081220230504558792_tse-acedjpsm-80370-20230504558792-ixbrl.htm
2023-05-11	年次	前期	単体	実績		期中平均株式数	AverageNumberOfShares	33600633	Shares	33,600,633	PriorYearDuration_NonConsolidatedMember_ResultMember	/disc/80370/081220230504558792_tse-acedjpsm-80370-20230504558792-ixbrl.htm
2023-05-11	年次	当期	単体	実績		売上高	NetSales	348767000000	JPY	348,767	CurrentYearDuration_NonConsolidatedMember_ResultMember	/disc/80370/081220230504558792_tse-acedjpsm-80370-20230504558792-ixbrl.htm
2023-05-11	年次	当期	単体	実績		売上高の増減率	ChangeInNetSales	0.088	Pure	8.8	CurrentYearDuration_NonConsolidatedMember_ResultMember	/disc/80370/081220230504558792_tse-acedjpsm-80370-20230504558792-ixbrl.htm
2023-05-11	年次	当期	単体	実績		営業利益	OperatingIncome	7171000000	JPY	7,171	CurrentYearDuration_NonConsolidatedMember_ResultMember	/disc/80370/081220230504558792_tse-acedjpsm-80370-20230504558792-ixbrl.htm
2023-05-11	年次	当期	単体	実績		営業利益の増減率	ChangeInOperatingIncome	0.156	Pure	15.6	CurrentYearDuration_NonConsolidatedMember_ResultMember	/disc/80370/081220230504558792_tse-acedjpsm-80370-20230504558792-ixbrl.htm
2023-05-11	年次	当期	単体	実績		経常利益	OrdinaryIncome	8247000000	JPY	8,247	CurrentYearDuration_NonConsolidatedMember_ResultMember	/disc/80370/081220230504558792_tse-acedjpsm-80370-20230504558792-ixbrl.htm
2023-05-11	年次	当期	単体	実績		経常利益の増減率	ChangeInOrdinaryIncome	0.001	Pure	0.1	CurrentYearDuration_NonConsolidatedMember_ResultMember	/disc/80370/081220230504558792_tse-acedjpsm-80370-20230504558792-ixbrl.htm
2023-05-11	年次	当期	単体	実績		当期純利益	NetIncome	5433000000	JPY	5,433	CurrentYearDuration_NonConsolidatedMember_ResultMember	/disc/80370/081220230504558792_tse-acedjpsm-80370-20230504558792-ixbrl.htm
2023-05-11	年次	当期	単体	実績		当期純利益の増減率	ChangeInNetIncome	0.126	Pure	12.6	CurrentYearDuration_NonConsolidatedMember_ResultMember	/disc/80370/081220230504558792_tse-acedjpsm-80370-20230504558792-ixbrl.htm
2023-05-11	年次	前期	単体	実績		売上高	NetSales	320522000000	JPY	320,522	PriorYearDuration_NonConsolidatedMember_ResultMember	/disc/80370/081220230504558792_tse-acedjpsm-80370-20230504558792-ixbrl.htm
2023-05-11	年次	前期	単体	実績		売上高の増減率	ChangeInNetSales	0.258	Pure	25.8	PriorYearDuration_NonConsolidatedMember_ResultMember	/disc/80370/081220230504558792_tse-acedjpsm-80370-20230504558792-ixbrl.htm
2023-05-11	年次	前期	単体	実績		営業利益	OperatingIncome	6201000000	JPY	6,201	PriorYearDuration_NonConsolidatedMember_ResultMember	/disc/80370/081220230504558792_tse-acedjpsm-80370-20230504558792-ixbrl.htm
2023-05-11	年次	前期	単体	実績		営業利益の増減率	ChangeInOperatingIncome	-0.058	Pure	5.8	PriorYearDuration_NonConsolidatedMember_ResultMember	/disc/80370/081220230504558792_tse-acedjpsm-80370-20230504558792-ixbrl.htm
2023-05-11	年次	前期	単体	実績		経常利益	OrdinaryIncome	8242000000	JPY	8,242	PriorYearDuration_NonConsolidatedMember_ResultMember	/disc/80370/081220230504558792_tse-acedjpsm-80370-20230504558792-ixbrl.htm
2023-05-11	年次	前期	単体	実績		経常利益の増減率	ChangeInOrdinaryIncome	0.023	Pure	2.3	PriorYearDuration_NonConsolidatedMember_ResultMember	/disc/80370/081220230504558792_tse-acedjpsm-80370-20230504558792-ixbrl.htm
2023-05-11	年次	前期	単体	実績		当期純利益	NetIncome	4824000000	JPY	4,824	PriorYearDuration_NonConsolidatedMember_ResultMember	/disc/80370/081220230504558792_tse-acedjpsm-80370-20230504558792-ixbrl.htm
2023-05-11	年次	前期	単体	実績		当期純利益の増減率	ChangeInNetIncome	0.010	Pure	1.0	PriorYearDuration_NonConsolidatedMember_ResultMember	/disc/80370/081220230504558792_tse-acedjpsm-80370-20230504558792-ixbrl.htm
2023-05-11	年次	当期	単体	実績		1株当たり当期純利益	NetIncomePerShare	161.70	JPYPerShares	161.70	CurrentYearDuration_NonConsolidatedMember_ResultMember	/disc/80370/081220230504558792_tse-acedjpsm-80370-20230504558792-ixbrl.htm
2023-05-11	年次	前期	単体	実績		1株当たり当期純利益	NetIncomePerShare	143.57	JPYPerShares	143.57	PriorYearDuration_NonConsolidatedMember_ResultMember	/disc/80370/081220230504558792_tse-acedjpsm-80370-20230504558792-ixbrl.htm
2023-05-11	年次	当期	単体	実績		総資産	TotalAssets	156094000000	JPY	156,094	CurrentYearInstant_NonConsolidatedMember_ResultMember	/disc/80370/081220230504558792_tse-acedjpsm-80370-20230504558792-ixbrl.htm
2023-05-11	年次	当期	単体	実績		純資産	NetAssets	88787000000	JPY	88,787	CurrentYearInstant_NonConsolidatedMember_ResultMember	/disc/80370/081220230504558792_tse-acedjpsm-80370-20230504558792-ixbrl.htm
2023-05-11	年次	当期	単体	実績		自己資本比率	CapitalAdequacyRatio	0.569	Pure	56.9	CurrentYearInstant_NonConsolidatedMember_ResultMember	/disc/80370/081220230504558792_tse-acedjpsm-80370-20230504558792-ixbrl.htm
2023-05-11	年次	当期	単体	実績		1株当たり純資産	NetAssetsPerShare	2642.45	JPYPerShares	2,642.45	CurrentYearInstant_NonConsolidatedMember_ResultMember	/disc/80370/081220230504558792_tse-acedjpsm-80370-20230504558792-ixbrl.htm
2023-05-11	年次	前期	単体	実績		総資産	TotalAssets	154845000000	JPY	154,845	PriorYearInstant_NonConsolidatedMember_ResultMember	/disc/80370/081220230504558792_tse-acedjpsm-80370-20230504558792-ixbrl.htm
2023-05-11	年次	前期	単体	実績		純資産	NetAssets	84060000000	JPY	84,060	PriorYearInstant_NonConsolidatedMember_ResultMember	/disc/80370/081220230504558792_tse-acedjpsm-80370-20230504558792-ixbrl.htm
2023-05-11	年次	前期	単体	実績		自己資本比率	CapitalAdequacyRatio	0.543	Pure	54.3	PriorYearInstant_NonConsolidatedMember_ResultMember	/disc/80370/081220230504558792_tse-acedjpsm-80370-20230504558792-ixbrl.htm
2023-05-11	年次	前期	単体	実績		1株当たり純資産	NetAssetsPerShare	2501.76	JPYPerShares	2,501.76	PriorYearInstant_NonConsolidatedMember_ResultMember	/disc/80370/081220230504558792_tse-acedjpsm-80370-20230504558792-ixbrl.htm
2023-05-11	年次	当期	単体	実績		自己資本	OwnersEquity	88787000000	JPY	88,787	CurrentYearInstant_NonConsolidatedMember_ResultMember	/disc/80370/081220230504558792_tse-acedjpsm-80370-20230504558792-ixbrl.htm
2023-05-11	年次	前期	単体	実績		自己資本	OwnersEquity	84060000000	JPY	84,060	PriorYearInstant_NonConsolidatedMember_ResultMember	/disc/80370/081220230504558792_tse-acedjpsm-80370-20230504558792-ixbrl.htm
2023-05-11	年次	来期				将来情報の利用に関する注意	NotesForUsingForecastedInformationAndOthers			本資料に記載されている業績見通し等の将来に関する記述は、当社が現在入手している情報及び合理的であると判断する一定の前提に基づいており、その達成を当社として約束する趣旨のものではありません。また、実際の業績等は様々な要因により大きく異なる可能性があります。業績予想の前提となる条件及び業績予想のご利用に当たっての注意事項等については、添付資料３ページ「１．経営成績等の概況（１）経営成績に関する分析」をご覧ください。	NextYearDuration	/disc/80370/081220230504558792_tse-acedjpsm-80370-20230504558792-ixbrl.htm
2023-05-11	年次	当期				決算期末	FiscalYearEnd			2023-03-31	CurrentYearInstant	/disc/80370/081220230504558792_tse-acedjpsm-80370-20230504558792-ixbrl.htm
2023-08-09	四半期	当期第1四半期累計				書類名	DocumentName			第1四半期決算短信〔日本基準〕（連結）	CurrentAccumulatedQ1Instant	/disc/80370/081220230731530822_tse-qcedjpsm-80370-20230731530822-ixbrl.htm
2023-08-09	四半期	当期第1四半期累計				提出日	FilingDate			2023年8月9日	CurrentAccumulatedQ1Instant	/disc/80370/081220230731530822_tse-qcedjpsm-80370-20230731530822-ixbrl.htm
2023-08-09	四半期	当期第1四半期累計				会社名	CompanyName			カメイ株式会社	CurrentAccumulatedQ1Instant	/disc/80370/081220230731530822_tse-qcedjpsm-80370-20230731530822-ixbrl.htm
2023-08-09	四半期	当期第1四半期累計					TokyoStockExchange			東	CurrentAccumulatedQ1Instant	/disc/80370/081220230731530822_tse-qcedjpsm-80370-20230731530822-ixbrl.htm
2023-08-09	四半期	当期第1四半期累計				証券コード	SecuritiesCode			80370	CurrentAccumulatedQ1Instant	/disc/80370/081220230731530822_tse-qcedjpsm-80370-20230731530822-ixbrl.htm
2023-08-09	四半期	当期第1四半期累計				URL	URL			https://www.kamei.co.jp/	CurrentAccumulatedQ1Instant	/disc/80370/081220230731530822_tse-qcedjpsm-80370-20230731530822-ixbrl.htm
2023-08-09	四半期	当期第1四半期累計				代表者の役職	TitleRepresentative			代表取締役社長	CurrentAccumulatedQ1Instant	/disc/80370/081220230731530822_tse-qcedjpsm-80370-20230731530822-ixbrl.htm
2023-08-09	四半期	当期第1四半期累計				代表者名	NameRepresentative			亀井昭男	CurrentAccumulatedQ1Instant	/disc/80370/081220230731530822_tse-qcedjpsm-80370-20230731530822-ixbrl.htm
2023-08-09	四半期	当期第1四半期累計					TitleInquiries			管理部長	CurrentAccumulatedQ1Instant	/disc/80370/081220230731530822_tse-qcedjpsm-80370-20230731530822-ixbrl.htm
2023-08-09	四半期	当期第1四半期累計					NameInquiries			遠藤忠章	CurrentAccumulatedQ1Instant	/disc/80370/081220230731530822_tse-qcedjpsm-80370-20230731530822-ixbrl.htm
2023-08-09	四半期	当期第1四半期累計					Tel			022-264-6112	CurrentAccumulatedQ1Instant	/disc/80370/081220230731530822_tse-qcedjpsm-80370-20230731530822-ixbrl.htm
2023-08-09	四半期	当期第1四半期累計					QuarterlyStatementFilingDateAsPlanned			2023年8月9日	CurrentAccumulatedQ1Instant	/disc/80370/081220230731530822_tse-qcedjpsm-80370-20230731530822-ixbrl.htm
2023-08-09	四半期	当期第1四半期累計					SupplementalMaterialOfQuarterlyResults			無	CurrentAccumulatedQ1Instant	/disc/80370/081220230731530822_tse-qcedjpsm-80370-20230731530822-ixbrl.htm
2023-08-09	四半期	当期第1四半期累計					ConveningBriefingOfQuarterlyResults			無	CurrentAccumulatedQ1Instant	/disc/80370/081220230731530822_tse-qcedjpsm-80370-20230731530822-ixbrl.htm
2023-08-09	四半期	当期第1四半期累計					NoteToFractionProcessingMethod			（百万円未満切捨て）	CurrentAccumulatedQ1Instant	/disc/80370/081220230731530822_tse-qcedjpsm-80370-20230731530822-ixbrl.htm
2023-08-09	四半期	当期第1四半期累計	連結	実績		売上高	NetSales	132621000000	JPY	132,621	CurrentAccumulatedQ1Duration_ConsolidatedMember_ResultMember	/disc/80370/081220230731530822_tse-qcedjpsm-80370-20230731530822-ixbrl.htm
2023-08-09	四半期	当期第1四半期累計	連結	実績		売上高の増減率	ChangeInNetSales	0.068	Pure	6.8	CurrentAccumulatedQ1Duration_ConsolidatedMember_ResultMember	/disc/80370/081220230731530822_tse-qcedjpsm-80370-20230731530822-ixbrl.htm
2023-08-09	四半期	当期第1四半期累計	連結	実績		営業利益	OperatingIncome	3878000000	JPY	3,878	CurrentAccumulatedQ1Duration_ConsolidatedMember_ResultMember	/disc/80370/081220230731530822_tse-qcedjpsm-80370-20230731530822-ixbrl.htm
2023-08-09	四半期	当期第1四半期累計	連結	実績		営業利益の増減率	ChangeInOperatingIncome	0.168	Pure	16.8	CurrentAccumulatedQ1Duration_ConsolidatedMember_ResultMember	/disc/80370/081220230731530822_tse-qcedjpsm-80370-20230731530822-ixbrl.htm
2023-08-09	四半期	当期第1四半期累計	連結	実績		経常利益	OrdinaryIncome	4205000000	JPY	4,205	CurrentAccumulatedQ1Duration_ConsolidatedMember_ResultMember	/disc/80370/081220230731530822_tse-qcedjpsm-80370-20230731530822-ixbrl.htm
2023-08-09	四半期	当期第1四半期累計	連結	実績		経常利益の増減率	ChangeInOrdinaryIncome	0.093	Pure	9.3	CurrentAccumulatedQ1Duration_ConsolidatedMember_ResultMember	/disc/80370/081220230731530822_tse-qcedjpsm-80370-20230731530822-ixbrl.htm
2023-08-09	四半期	当期第1四半期累計	連結	実績		親会社株主に帰属する当期純利益	ProfitAttributableToOwnersOfParent	2696000000	JPY	2,696	CurrentAccumulatedQ1Duration_ConsolidatedMember_ResultMember	/disc/80370/081220230731530822_tse-qcedjpsm-80370-20230731530822-ixbrl.htm
2023-08-09	四半期	当期第1四半期累計	連結	実績		親会社株主に帰属する当期純利益の増減率	ChangeInProfitAttributableToOwnersOfParent	0.048	Pure	4.8	CurrentAccumulatedQ1Duration_ConsolidatedMember_ResultMember	/disc/80370/081220230731530822_tse-qcedjpsm-80370-20230731530822-ixbrl.htm
2023-08-09	四半期	前期第1四半期累計	連結	実績		売上高	NetSales	124181000000	JPY	124,181	PriorAccumulatedQ1Duration_ConsolidatedMember_ResultMember	/disc/80370/081220230731530822_tse-qcedjpsm-80370-20230731530822-ixbrl.htm
2023-08-09	四半期	前期第1四半期累計	連結	実績		売上高の増減率	ChangeInNetSales	0.265	Pure	26.5	PriorAccumulatedQ1Duration_ConsolidatedMember_ResultMember	/disc/80370/081220230731530822_tse-qcedjpsm-80370-20230731530822-ixbrl.htm
2023-08-09	四半期	前期第1四半期累計	連結	実績		営業利益	OperatingIncome	3320000000	JPY	3,320	PriorAccumulatedQ1Duration_ConsolidatedMember_ResultMember	/disc/80370/081220230731530822_tse-qcedjpsm-80370-20230731530822-ixbrl.htm
2023-08-09	四半期	前期第1四半期累計	連結	実績		営業利益の増減率	ChangeInOperatingIncome	0.358	Pure	35.8	PriorAccumulatedQ1Duration_ConsolidatedMember_ResultMember	/disc/80370/081220230731530822_tse-qcedjpsm-80370-20230731530822-ixbrl.htm
2023-08-09	四半期	前期第1四半期累計	連結	実績		経常利益	OrdinaryIncome	3845000000	JPY	3,845	PriorAccumulatedQ1Duration_ConsolidatedMember_ResultMember	/disc/80370/081220230731530822_tse-qcedjpsm-80370-20230731530822-ixbrl.htm
2023-08-09	四半期	前期第1四半期累計	連結	実績		経常利益の増減率	ChangeInOrdinaryIncome	0.307	Pure	30.7	PriorAccumulatedQ1Duration_ConsolidatedMember_ResultMember	/disc/80370/081220230731530822_tse-qcedjpsm-80370-20230731530822-ixbrl.htm
2023-08-09	四半期	前期第1四半期累計	連結	実績		親会社株主に帰属する当期純利益	ProfitAttributableToOwnersOfParent	2573000000	JPY	2,573	PriorAccumulatedQ1Duration_ConsolidatedMember_ResultMember	/disc/80370/081220230731530822_tse-qcedjpsm-80370-20230731530822-ixbrl.htm
2023-08-09	四半期	前期第1四半期累計	連結	実績		親会社株主に帰属する当期純利益の増減率	ChangeInProfitAttributableToOwnersOfParent	0.495	Pure	49.5	PriorAccumulatedQ1Duration_ConsolidatedMember_ResultMember	/disc/80370/081220230731530822_tse-qcedjpsm-80370-20230731530822-ixbrl.htm
2023-08-09	四半期	当期第1四半期累計	連結	実績		包括利益	ComprehensiveIncome	4029000000	JPY	4,029	CurrentAccumulatedQ1Duration_ConsolidatedMember_ResultMember	/disc/80370/081220230731530822_tse-qcedjpsm-80370-20230731530822-ixbrl.htm
2023-08-09	四半期	当期第1四半期累計	連結	実績		包括利益の増減率	ChangeInComprehensiveIncome	-0.070	Pure	7.0	CurrentAccumulatedQ1Duration_ConsolidatedMember_ResultMember	/disc/80370/081220230731530822_tse-qcedjpsm-80370-20230731530822-ixbrl.htm
2023-08-09	四半期	前期第1四半期累計	連結	実績		包括利益	ComprehensiveIncome	4334000000	JPY	4,334	PriorAccumulatedQ1Duration_ConsolidatedMember_ResultMember	/disc/80370/081220230731530822_tse-qcedjpsm-80370-20230731530822-ixbrl.htm
2023-08-09	四半期	前期第1四半期累計	連結	実績		包括利益の増減率	ChangeInComprehensiveIncome	0.516	Pure	51.6	PriorAccumulatedQ1Duration_ConsolidatedMember_ResultMember	/disc/80370/081220230731530822_tse-qcedjpsm-80370-20230731530822-ixbrl.htm
2023-08-09	四半期	当期第1四半期累計	連結	実績		1株当たり当期純利益	NetIncomePerShare	80.27	JPYPerShares	80.27	CurrentAccumulatedQ1Duration_ConsolidatedMember_ResultMember	/disc/80370/081220230731530822_tse-qcedjpsm-80370-20230731530822-ixbrl.htm
2023-08-09	四半期	前期第1四半期累計	連結	実績		1株当たり当期純利益	NetIncomePerShare	76.61	JPYPerShares	76.61	PriorAccumulatedQ1Duration_ConsolidatedMember_ResultMember	/disc/80370/081220230731530822_tse-qcedjpsm-80370-20230731530822-ixbrl.htm
2023-08-09	四半期	当期第1四半期累計	連結	実績		総資産	TotalAssets	300889000000	JPY	300,889	CurrentAccumulatedQ1Instant_ConsolidatedMember_ResultMember	/disc/80370/081220230731530822_tse-qcedjpsm-80370-20230731530822-ixbrl.htm
2023-08-09	四半期	当期第1四半期累計	連結	実績		純資産	NetAssets	147487000000	JPY	147,487	CurrentAccumulatedQ1Instant_ConsolidatedMember_ResultMember	/disc/80370/081220230731530822_tse-qcedjpsm-80370-20230731530822-ixbrl.htm
2023-08-09	四半期	当期第1四半期累計	連結	実績		自己資本比率	CapitalAdequacyRatio	0.466	Pure	46.6	CurrentAccumulatedQ1Instant_ConsolidatedMember_ResultMember	/disc/80370/081220230731530822_tse-qcedjpsm-80370-20230731530822-ixbrl.htm
2023-08-09	四半期	当期第1四半期累計	連結	実績		1株当たり純資産	NetAssetsPerShare	4170.46	JPYPerShares	4,170.46	CurrentAccumulatedQ1Instant_ConsolidatedMember_ResultMember	/disc/80370/081220230731530822_tse-qcedjpsm-80370-20230731530822-ixbrl.htm
2023-08-09	四半期	前期	連結	実績		総資産	TotalAssets	307556000000	JPY	307,556	PriorYearInstant_ConsolidatedMember_ResultMember	/disc/80370/081220230731530822_tse-qcedjpsm-80370-20230731530822-ixbrl.htm
2023-08-09	四半期	前期	連結	実績		純資産	NetAssets	144299000000	JPY	144,299	PriorYearInstant_ConsolidatedMember_ResultMember	/disc/80370/081220230731530822_tse-qcedjpsm-80370-20230731530822-ixbrl.htm
2023-08-09	四半期	前期	連結	実績		自己資本比率	CapitalAdequacyRatio	0.446	Pure	44.6	PriorYearInstant_ConsolidatedMember_ResultMember	/disc/80370/081220230731530822_tse-qcedjpsm-80370-20230731530822-ixbrl.htm
2023-08-09	四半期	前期	連結	実績		1株当たり純資産	NetAssetsPerShare	4079.60	JPYPerShares	4,079.60	PriorYearInstant_ConsolidatedMember_ResultMember	/disc/80370/081220230731530822_tse-qcedjpsm-80370-20230731530822-ixbrl.htm
2023-08-09	四半期	当期第1四半期累計	連結	実績		自己資本	OwnersEquity	140128000000	JPY	140,128	CurrentAccumulatedQ1Instant_ConsolidatedMember_ResultMember	/disc/80370/081220230731530822_tse-qcedjpsm-80370-20230731530822-ixbrl.htm
2023-08-09	四半期	前期	連結	実績		自己資本	OwnersEquity	137076000000	JPY	137,076	PriorYearInstant_ConsolidatedMember_ResultMember	/disc/80370/081220230731530822_tse-qcedjpsm-80370-20230731530822-ixbrl.htm
2023-08-09	四半期	前期	単体	実績	第2四半期末	1株当たり配当金	DividendPerShare	18.50	JPYPerShares	18.50	PriorYearDuration_SecondQuarterMember_NonConsolidatedMember_ResultMember	/disc/80370/081220230731530822_tse-qcedjpsm-80370-20230731530822-ixbrl.htm
2023-08-09	四半期	前期	単体	実績	期末	1株当たり配当金	DividendPerShare	22.00	JPYPerShares	22.00	PriorYearDuration_YearEndMember_NonConsolidatedMember_ResultMember	/disc/80370/081220230731530822_tse-qcedjpsm-80370-20230731530822-ixbrl.htm
2023-08-09	四半期	前期	単体	実績	合計	1株当たり配当金	DividendPerShare	40.50	JPYPerShares	40.50	PriorYearDuration_AnnualMember_NonConsolidatedMember_ResultMember	/disc/80370/081220230731530822_tse-qcedjpsm-80370-20230731530822-ixbrl.htm
2023-08-09	四半期	当期	単体	予想	第2四半期末	1株当たり配当金	DividendPerShare	20.00	JPYPerShares	20.00	CurrentYearDuration_SecondQuarterMember_NonConsolidatedMember_ForecastMember	/disc/80370/081220230731530822_tse-qcedjpsm-80370-20230731530822-ixbrl.htm
2023-08-09	四半期	当期	単体	予想	期末	1株当たり配当金	DividendPerShare	20.00	JPYPerShares	20.00	CurrentYearDuration_YearEndMember_NonConsolidatedMember_ForecastMember	/disc/80370/081220230731530822_tse-qcedjpsm-80370-20230731530822-ixbrl.htm
2023-08-09	四半期	当期	単体	予想	合計	1株当たり配当金	DividendPerShare	40.00	JPYPerShares	40.00	CurrentYearDuration_AnnualMember_NonConsolidatedMember_ForecastMember	/disc/80370/081220230731530822_tse-qcedjpsm-80370-20230731530822-ixbrl.htm
2023-08-09	四半期	当期	単体	実績	合計	当四半期における配当予想の修正	CorrectionOfDividendForecastInThisQuarter			無	CurrentYearDuration_AnnualMember_NonConsolidatedMember_ResultMember	/disc/80370/081220230731530822_tse-qcedjpsm-80370-20230731530822-ixbrl.htm
2023-08-09	四半期	当期第1四半期累計	単体	実績	合計	配当の注記	NoteToDividends			2023年３月期の期末配当金の内訳 普通配当20円00銭 記念配当２円00銭	CurrentAccumulatedQ1Duration_AnnualMember_NonConsolidatedMember_ResultMember	/disc/80370/081220230731530822_tse-qcedjpsm-80370-20230731530822-ixbrl.htm
2023-08-09	四半期	当期	連結	予想		業績予想の見出し	TitleForForecasts			3. 2024年 3月期の連結業績予想（2023年 4月 1日～2024年 3月31日）	CurrentYearDuration_ConsolidatedMember_ForecastMember	/disc/80370/081220230731530822_tse-qcedjpsm-80370-20230731530822-ixbrl.htm
2023-08-09	四半期	当期第2四半期累計	連結	予想		売上高	NetSales	244000000000	JPY	244,000	CurrentAccumulatedQ2Duration_ConsolidatedMember_ForecastMember	/disc/80370/081220230731530822_tse-qcedjpsm-80370-20230731530822-ixbrl.htm
2023-08-09	四半期	当期第2四半期累計	連結	予想		売上高の増減率	ChangeInNetSales	-0.006	Pure	0.6	CurrentAccumulatedQ2Duration_ConsolidatedMember_ForecastMember	/disc/80370/081220230731530822_tse-qcedjpsm-80370-20230731530822-ixbrl.htm
2023-08-09	四半期	当期第2四半期累計	連結	予想		営業利益	OperatingIncome	6200000000	JPY	6,200	CurrentAccumulatedQ2Duration_ConsolidatedMember_ForecastMember	/disc/80370/081220230731530822_tse-qcedjpsm-80370-20230731530822-ixbrl.htm
2023-08-09	四半期	当期第2四半期累計	連結	予想		営業利益の増減率	ChangeInOperatingIncome	-0.084	Pure	8.4	CurrentAccumulatedQ2Duration_ConsolidatedMember_ForecastMember	/disc/80370/081220230731530822_tse-qcedjpsm-80370-20230731530822-ixbrl.htm
2023-08-09	四半期	当期第2四半期累計	連結	予想		経常利益	OrdinaryIncome	6600000000	JPY	6,600	CurrentAccumulatedQ2Duration_ConsolidatedMember_ForecastMember	/disc/80370/081220230731530822_tse-qcedjpsm-80370-20230731530822-ixbrl.htm
2023-08-09	四半期	当期第2四半期累計	連結	予想		経常利益の増減率	ChangeInOrdinaryIncome	-0.121	Pure	12.1	CurrentAccumulatedQ2Duration_ConsolidatedMember_ForecastMember	/disc/80370/081220230731530822_tse-qcedjpsm-80370-20230731530822-ixbrl.htm
2023-08-09	四半期	当期第2四半期累計	連結	予想		当期純利益	NetIncome	4100000000	JPY	4,100	CurrentAccumulatedQ2Duration_ConsolidatedMember_ForecastMember	/disc/80370/081220230731530822_tse-qcedjpsm-80370-20230731530822-ixbrl.htm
2023-08-09	四半期	当期第2四半期累計	連結	予想		当期純利益の増減率	ChangeInNetIncome	-0.158	Pure	15.8	CurrentAccumulatedQ2Duration_ConsolidatedMember_ForecastMember	/disc/80370/081220230731530822_tse-qcedjpsm-80370-20230731530822-ixbrl.htm
2023-08-09	四半期	当期第2四半期累計	連結	予想		1株当たり当期純利益	NetIncomePerShare	122.02	JPYPerShares	122.02	CurrentAccumulatedQ2Duration_ConsolidatedMember_ForecastMember	/disc/80370/081220230731530822_tse-qcedjpsm-80370-20230731530822-ixbrl.htm
2023-08-09	四半期	当期	連結	予想		売上高	NetSales	551000000000	JPY	551,000	CurrentYearDuration_ConsolidatedMember_ForecastMember	/disc/80370/081220230731530822_tse-qcedjpsm-80370-20230731530822-ixbrl.htm
2023-08-09	四半期	当期	連結	予想		売上高の増減率	ChangeInNetSales	0.000	Pure	0.0	CurrentYearDuration_ConsolidatedMember_ForecastMember	/disc/80370/081220230731530822_tse-qcedjpsm-80370-20230731530822-ixbrl.htm
2023-08-09	四半期	当期	連結	予想		営業利益	OperatingIncome	14000000000	JPY	14,000	CurrentYearDuration_ConsolidatedMember_ForecastMember	/disc/80370/081220230731530822_tse-qcedjpsm-80370-20230731530822-ixbrl.htm
2023-08-09	四半期	当期	連結	予想		営業利益の増減率	ChangeInOperatingIncome	-0.104	Pure	10.4	CurrentYearDuration_ConsolidatedMember_ForecastMember	/disc/80370/081220230731530822_tse-qcedjpsm-80370-20230731530822-ixbrl.htm
2023-08-09	四半期	当期	連結	予想		経常利益	OrdinaryIncome	15200000000	JPY	15,200	CurrentYearDuration_ConsolidatedMember_ForecastMember	/disc/80370/081220230731530822_tse-qcedjpsm-80370-20230731530822-ixbrl.htm
2023-08-09	四半期	当期	連結	予想		経常利益の増減率	ChangeInOrdinaryIncome	-0.088	Pure	8.8	CurrentYearDuration_ConsolidatedMember_ForecastMember	/disc/80370/081220230731530822_tse-qcedjpsm-80370-20230731530822-ixbrl.htm
2023-08-09	四半期	当期	連結	予想		当期純利益	NetIncome	9200000000	JPY	9,200	CurrentYearDuration_ConsolidatedMember_ForecastMember	/disc/80370/081220230731530822_tse-qcedjpsm-80370-20230731530822-ixbrl.htm
2023-08-09	四半期	当期	連結	予想		当期純利益の増減率	ChangeInNetIncome	0.074	Pure	7.4	CurrentYearDuration_ConsolidatedMember_ForecastMember	/disc/80370/081220230731530822_tse-qcedjpsm-80370-20230731530822-ixbrl.htm
2023-08-09	四半期	当期	連結	予想		1株当たり当期純利益	NetIncomePerShare	273.81	JPYPerShares	273.81	CurrentYearDuration_ConsolidatedMember_ForecastMember	/disc/80370/081220230731530822_tse-qcedjpsm-80370-20230731530822-ixbrl.htm
2023-08-09	四半期	当期	連結	予想		当四半期における業績予想の修正	CorrectionOfConsolidatedFinancialForecastInThisQuarter			無	CurrentYearDuration_ConsolidatedMember_ForecastMember	/disc/80370/081220230731530822_tse-qcedjpsm-80370-20230731530822-ixbrl.htm
2023-08-09	四半期	当期第1四半期累計	連結	実績			MaterialChangesInSubsidiariesDuringThisPeriodChangesInScopeOfConsolidationsResultingFromChangeIsSubsidiaries			無	CurrentAccumulatedQ1Duration_ConsolidatedMember_ResultMember	/disc/80370/081220230731530822_tse-qcedjpsm-80370-20230731530822-ixbrl.htm
2023-08-09	四半期	当期第1四半期累計	連結	実績			ApplyingOfSpecificAccountingOfTheConsolidatedQuarterlyFinancialStatements			無	CurrentAccumulatedQ1Duration_ConsolidatedMember_ResultMember	/disc/80370/081220230731530822_tse-qcedjpsm-80370-20230731530822-ixbrl.htm
2023-08-09	四半期	当期第1四半期累計	連結	実績		会計基準等の改正に伴う変更	ChangesBasedOnRevisionsOfAccountingStandard			無	CurrentAccumulatedQ1Duration_ConsolidatedMember_ResultMember	/disc/80370/081220230731530822_tse-qcedjpsm-80370-20230731530822-ixbrl.htm
2023-08-09	四半期	当期第1四半期累計	連結	実績		それ以外の会計方針の変更	ChangesOtherThanOnesBasedOnRevisionsOfAccountingStandard			無	CurrentAccumulatedQ1Duration_ConsolidatedMember_ResultMember	/disc/80370/081220230731530822_tse-qcedjpsm-80370-20230731530822-ixbrl.htm
2023-08-09	四半期	当期第1四半期累計	連結	実績		会計上の見積りの変更	ChangesInAccountingEstimates			無	CurrentAccumulatedQ1Duration_ConsolidatedMember_ResultMember	/disc/80370/081220230731530822_tse-qcedjpsm-80370-20230731530822-ixbrl.htm
2023-08-09	四半期	当期第1四半期累計	連結	実績		修正再表示	RetrospectiveRestatement			無	CurrentAccumulatedQ1Duration_ConsolidatedMember_ResultMember	/disc/80370/081220230731530822_tse-qcedjpsm-80370-20230731530822-ixbrl.htm
2023-08-09	四半期	当期第1四半期累計	単体	実績		期末発行済株式数(自己株式を含む)	NumberOfIssuedAndOutstandingSharesAtTheEndOfFiscalYearIncludingTreasuryStock	37591969	Shares	37,591,969	CurrentAccumulatedQ1Instant_NonConsolidatedMember_ResultMember	/disc/80370/081220230731530822_tse-qcedjpsm-80370-20230731530822-ixbrl.htm
2023-08-09	四半期	前期	単体	実績		期末発行済株式数(自己株式を含む)	NumberOfIssuedAndOutstandingSharesAtTheEndOfFiscalYearIncludingTreasuryStock	37591969	Shares	37,591,969	PriorYearInstant_NonConsolidatedMember_ResultMember	/disc/80370/081220230731530822_tse-qcedjpsm-80370-20230731530822-ixbrl.htm
2023-08-09	四半期	当期第1四半期累計	単体	実績		期末自己株式数	NumberOfTreasuryStockAtTheEndOfFiscalYear	3991621	Shares	3,991,621	CurrentAccumulatedQ1Instant_NonConsolidatedMember_ResultMember	/disc/80370/081220230731530822_tse-qcedjpsm-80370-20230731530822-ixbrl.htm
2023-08-09	四半期	前期	単体	実績		期末自己株式数	NumberOfTreasuryStockAtTheEndOfFiscalYear	3991538	Shares	3,991,538	PriorYearInstant_NonConsolidatedMember_ResultMember	/disc/80370/081220230731530822_tse-qcedjpsm-80370-20230731530822-ixbrl.htm
2023-08-09	四半期	当期第1四半期累計	単体	実績		期中平均株式数	AverageNumberOfShares	33600375	Shares	33,600,375	CurrentAccumulatedQ1Duration_NonConsolidatedMember_ResultMember	/disc/80370/081220230731530822_tse-qcedjpsm-80370-20230731530822-ixbrl.htm
2023-08-09	四半期	前期第1四半期累計	単体	実績		期中平均株式数	AverageNumberOfShares	33600601	Shares	33,600,601	PriorAccumulatedQ1Duration_NonConsolidatedMember_ResultMember	/disc/80370/081220230731530822_tse-qcedjpsm-80370-20230731530822-ixbrl.htm
2023-08-09	四半期	当期				将来情報の利用に関する注意	NotesForUsingForecastedInformationAndOthers			本資料に記載されている業績見通し等の将来に関する記述は、当社が現在入手している情報及び合理的であると判断する一定の前提に基づいており、その達成を当社として約束する趣旨のものではありません。また、実際の業績等は様々な要因により大きく異なる可能性があります。業績予想の前提となる条件及び業績予想のご利用に当たっての注意事項等については、添付資料４ページ「１．当四半期決算に関する定性的情報（３）連結業績予想などの将来予測情報に関する説明」をご覧ください。	CurrentYearDuration	/disc/80370/081220230731530822_tse-qcedjpsm-80370-20230731530822-ixbrl.htm
2023-08-09	四半期	当期				決算期末	FiscalYearEnd			2024-03-31	CurrentYearInstant	/disc/80370/081220230731530822_tse-qcedjpsm-80370-20230731530822-ixbrl.htm
2023-08-09	四半期	当期第1四半期累計				四半期	QuarterlyPeriod	1	Pure	1	CurrentAccumulatedQ1Instant	/disc/80370/081220230731530822_tse-qcedjpsm-80370-20230731530822-ixbrl.htm
2023-11-09	四半期	当期第2四半期累計				書類名	DocumentName			第2四半期決算短信〔日本基準〕（連結）	CurrentAccumulatedQ2Instant	/disc/80370/081220231101577220_tse-qcedjpsm-80370-20231101577220-ixbrl.htm
2023-11-09	四半期	当期第2四半期累計				提出日	FilingDate			2023年11月9日	CurrentAccumulatedQ2Instant	/disc/80370/081220231101577220_tse-qcedjpsm-80370-20231101577220-ixbrl.htm
2023-11-09	四半期	当期第2四半期累計				会社名	CompanyName			カメイ株式会社	CurrentAccumulatedQ2Instant	/disc/80370/081220231101577220_tse-qcedjpsm-80370-20231101577220-ixbrl.htm
2023-11-09	四半期	当期第2四半期累計					TokyoStockExchange			東	CurrentAccumulatedQ2Instant	/disc/80370/081220231101577220_tse-qcedjpsm-80370-20231101577220-ixbrl.htm
2023-11-09	四半期	当期第2四半期累計				証券コード	SecuritiesCode			80370	CurrentAccumulatedQ2Instant	/disc/80370/081220231101577220_tse-qcedjpsm-80370-20231101577220-ixbrl.htm
2023-11-09	四半期	当期第2四半期累計				URL	URL			https://www.kamei.co.jp/	CurrentAccumulatedQ2Instant	/disc/80370/081220231101577220_tse-qcedjpsm-80370-20231101577220-ixbrl.htm
2023-11-09	四半期	当期第2四半期累計				代表者の役職	TitleRepresentative			代表取締役社長	CurrentAccumulatedQ2Instant	/disc/80370/081220231101577220_tse-qcedjpsm-80370-20231101577220-ixbrl.htm
2023-11-09	四半期	当期第2四半期累計				代表者名	NameRepresentative			亀井昭男	CurrentAccumulatedQ2Instant	/disc/80370/081220231101577220_tse-qcedjpsm-80370-20231101577220-ixbrl.htm
2023-11-09	四半期	当期第2四半期累計					TitleInquiries			管理部長	CurrentAccumulatedQ2Instant	/disc/80370/081220231101577220_tse-qcedjpsm-80370-20231101577220-ixbrl.htm
2023-11-09	四半期	当期第2四半期累計					NameInquiries			遠藤忠章	CurrentAccumulatedQ2Instant	/disc/80370/081220231101577220_tse-qcedjpsm-80370-20231101577220-ixbrl.htm
2023-11-09	四半期	当期第2四半期累計					Tel			022-264-6112	CurrentAccumulatedQ2Instant	/disc/80370/081220231101577220_tse-qcedjpsm-80370-20231101577220-ixbrl.htm
2023-11-09	四半期	当期第2四半期累計					QuarterlyStatementFilingDateAsPlanned			2023年11月9日	CurrentAccumulatedQ2Instant	/disc/80370/081220231101577220_tse-qcedjpsm-80370-20231101577220-ixbrl.htm
2023-11-09	四半期	当期第2四半期累計					DividendPayableDateAsPlanned			2023年12月5日	CurrentAccumulatedQ2Instant	/disc/80370/081220231101577220_tse-qcedjpsm-80370-20231101577220-ixbrl.htm
2023-11-09	四半期	当期第2四半期累計					SupplementalMaterialOfQuarterlyResults			無	CurrentAccumulatedQ2Instant	/disc/80370/081220231101577220_tse-qcedjpsm-80370-20231101577220-ixbrl.htm
2023-11-09	四半期	当期第2四半期累計					ConveningBriefingOfQuarterlyResults			無	CurrentAccumulatedQ2Instant	/disc/80370/081220231101577220_tse-qcedjpsm-80370-20231101577220-ixbrl.htm
2023-11-09	四半期	当期第2四半期累計					NoteToFractionProcessingMethod			（百万円未満切捨て）	CurrentAccumulatedQ2Instant	/disc/80370/081220231101577220_tse-qcedjpsm-80370-20231101577220-ixbrl.htm
2023-11-09	四半期	当期第2四半期累計	連結	実績		売上高	NetSales	262013000000	JPY	262,013	CurrentAccumulatedQ2Duration_ConsolidatedMember_ResultMember	/disc/80370/081220231101577220_tse-qcedjpsm-80370-20231101577220-ixbrl.htm
2023-11-09	四半期	当期第2四半期累計	連結	実績		売上高の増減率	ChangeInNetSales	0.067	Pure	6.7	CurrentAccumulatedQ2Duration_ConsolidatedMember_ResultMember	/disc/80370/081220231101577220_tse-qcedjpsm-80370-20231101577220-ixbrl.htm
2023-11-09	四半期	当期第2四半期累計	連結	実績		営業利益	OperatingIncome	7223000000	JPY	7,223	CurrentAccumulatedQ2Duration_ConsolidatedMember_ResultMember	/disc/80370/081220231101577220_tse-qcedjpsm-80370-20231101577220-ixbrl.htm
2023-11-09	四半期	当期第2四半期累計	連結	実績		営業利益の増減率	ChangeInOperatingIncome	0.067	Pure	6.7	CurrentAccumulatedQ2Duration_ConsolidatedMember_ResultMember	/disc/80370/081220231101577220_tse-qcedjpsm-80370-20231101577220-ixbrl.htm
2023-11-09	四半期	当期第2四半期累計	連結	実績		経常利益	OrdinaryIncome	7781000000	JPY	7,781	CurrentAccumulatedQ2Duration_ConsolidatedMember_ResultMember	/disc/80370/081220231101577220_tse-qcedjpsm-80370-20231101577220-ixbrl.htm
2023-11-09	四半期	当期第2四半期累計	連結	実績		経常利益の増減率	ChangeInOrdinaryIncome	0.037	Pure	3.7	CurrentAccumulatedQ2Duration_ConsolidatedMember_ResultMember	/disc/80370/081220231101577220_tse-qcedjpsm-80370-20231101577220-ixbrl.htm
2023-11-09	四半期	当期第2四半期累計	連結	実績		親会社株主に帰属する当期純利益	ProfitAttributableToOwnersOfParent	4765000000	JPY	4,765	CurrentAccumulatedQ2Duration_ConsolidatedMember_ResultMember	/disc/80370/081220231101577220_tse-qcedjpsm-80370-20231101577220-ixbrl.htm
2023-11-09	四半期	当期第2四半期累計	連結	実績		親会社株主に帰属する当期純利益の増減率	ChangeInProfitAttributableToOwnersOfParent	-0.021	Pure	2.1	CurrentAccumulatedQ2Duration_ConsolidatedMember_ResultMember	/disc/80370/081220231101577220_tse-qcedjpsm-80370-20231101577220-ixbrl.htm
2023-11-09	四半期	前期第2四半期累計	連結	実績		売上高	NetSales	245495000000	JPY	245,495	PriorAccumulatedQ2Duration_ConsolidatedMember_ResultMember	/disc/80370/081220231101577220_tse-qcedjpsm-80370-20231101577220-ixbrl.htm
2023-11-09	四半期	前期第2四半期累計	連結	実績		売上高の増減率	ChangeInNetSales	0.210	Pure	21.0	PriorAccumulatedQ2Duration_ConsolidatedMember_ResultMember	/disc/80370/081220231101577220_tse-qcedjpsm-80370-20231101577220-ixbrl.htm
2023-11-09	四半期	前期第2四半期累計	連結	実績		営業利益	OperatingIncome	6771000000	JPY	6,771	PriorAccumulatedQ2Duration_ConsolidatedMember_ResultMember	/disc/80370/081220231101577220_tse-qcedjpsm-80370-20231101577220-ixbrl.htm
2023-11-09	四半期	前期第2四半期累計	連結	実績		営業利益の増減率	ChangeInOperatingIncome	0.418	Pure	41.8	PriorAccumulatedQ2Duration_ConsolidatedMember_ResultMember	/disc/80370/081220231101577220_tse-qcedjpsm-80370-20231101577220-ixbrl.htm
2023-11-09	四半期	前期第2四半期累計	連結	実績		経常利益	OrdinaryIncome	7504000000	JPY	7,504	PriorAccumulatedQ2Duration_ConsolidatedMember_ResultMember	/disc/80370/081220231101577220_tse-qcedjpsm-80370-20231101577220-ixbrl.htm
2023-11-09	四半期	前期第2四半期累計	連結	実績		経常利益の増減率	ChangeInOrdinaryIncome	0.380	Pure	38.0	PriorAccumulatedQ2Duration_ConsolidatedMember_ResultMember	/disc/80370/081220231101577220_tse-qcedjpsm-80370-20231101577220-ixbrl.htm
2023-11-09	四半期	前期第2四半期累計	連結	実績		親会社株主に帰属する当期純利益	ProfitAttributableToOwnersOfParent	4870000000	JPY	4,870	PriorAccumulatedQ2Duration_ConsolidatedMember_ResultMember	/disc/80370/081220231101577220_tse-qcedjpsm-80370-20231101577220-ixbrl.htm
2023-11-09	四半期	前期第2四半期累計	連結	実績		親会社株主に帰属する当期純利益の増減率	ChangeInProfitAttributableToOwnersOfParent	0.480	Pure	48.0	PriorAccumulatedQ2Duration_ConsolidatedMember_ResultMember	/disc/80370/081220231101577220_tse-qcedjpsm-80370-20231101577220-ixbrl.htm
2023-11-09	四半期	当期第2四半期累計	連結	実績		包括利益	ComprehensiveIncome	9572000000	JPY	9,572	CurrentAccumulatedQ2Duration_ConsolidatedMember_ResultMember	/disc/80370/081220231101577220_tse-qcedjpsm-80370-20231101577220-ixbrl.htm
2023-11-09	四半期	当期第2四半期累計	連結	実績		包括利益の増減率	ChangeInComprehensiveIncome	0.020	Pure	2.0	CurrentAccumulatedQ2Duration_ConsolidatedMember_ResultMember	/disc/80370/081220231101577220_tse-qcedjpsm-80370-20231101577220-ixbrl.htm
2023-11-09	四半期	前期第2四半期累計	連結	実績		包括利益	ComprehensiveIncome	9382000000	JPY	9,382	PriorAccumulatedQ2Duration_ConsolidatedMember_ResultMember	/disc/80370/081220231101577220_tse-qcedjpsm-80370-20231101577220-ixbrl.htm
2023-11-09	四半期	前期第2四半期累計	連結	実績		包括利益の増減率	ChangeInComprehensiveIncome	0.964	Pure	96.4	PriorAccumulatedQ2Duration_ConsolidatedMember_ResultMember	/disc/80370/081220231101577220_tse-qcedjpsm-80370-20231101577220-ixbrl.htm
2023-11-09	四半期	当期第2四半期累計	連結	実績		1株当たり当期純利益	NetIncomePerShare	141.84	JPYPerShares	141.84	CurrentAccumulatedQ2Duration_ConsolidatedMember_ResultMember	/disc/80370/081220231101577220_tse-qcedjpsm-80370-20231101577220-ixbrl.htm
2023-11-09	四半期	前期第2四半期累計	連結	実績		1株当たり当期純利益	NetIncomePerShare	144.94	JPYPerShares	144.94	PriorAccumulatedQ2Duration_ConsolidatedMember_ResultMember	/disc/80370/081220231101577220_tse-qcedjpsm-80370-20231101577220-ixbrl.htm
2023-11-09	四半期	当期第2四半期累計	連結	実績		総資産	TotalAssets	309884000000	JPY	309,884	CurrentAccumulatedQ2Instant_ConsolidatedMember_ResultMember	/disc/80370/081220231101577220_tse-qcedjpsm-80370-20231101577220-ixbrl.htm
2023-11-09	四半期	当期第2四半期累計	連結	実績		純資産	NetAssets	153028000000	JPY	153,028	CurrentAccumulatedQ2Instant_ConsolidatedMember_ResultMember	/disc/80370/081220231101577220_tse-qcedjpsm-80370-20231101577220-ixbrl.htm
2023-11-09	四半期	当期第2四半期累計	連結	実績		自己資本比率	CapitalAdequacyRatio	0.469	Pure	46.9	CurrentAccumulatedQ2Instant_ConsolidatedMember_ResultMember	/disc/80370/081220231101577220_tse-qcedjpsm-80370-20231101577220-ixbrl.htm
2023-11-09	四半期	当期第2四半期累計	連結	実績		1株当たり純資産	NetAssetsPerShare	4328.00	JPYPerShares	4,328.00	CurrentAccumulatedQ2Instant_ConsolidatedMember_ResultMember	/disc/80370/081220231101577220_tse-qcedjpsm-80370-20231101577220-ixbrl.htm
2023-11-09	四半期	前期	連結	実績		総資産	TotalAssets	307556000000	JPY	307,556	PriorYearInstant_ConsolidatedMember_ResultMember	/disc/80370/081220231101577220_tse-qcedjpsm-80370-20231101577220-ixbrl.htm
2023-11-09	四半期	前期	連結	実績		純資産	NetAssets	144299000000	JPY	144,299	PriorYearInstant_ConsolidatedMember_ResultMember	/disc/80370/081220231101577220_tse-qcedjpsm-80370-20231101577220-ixbrl.htm
2023-11-09	四半期	前期	連結	実績		自己資本比率	CapitalAdequacyRatio	0.446	Pure	44.6	PriorYearInstant_ConsolidatedMember_ResultMember	/disc/80370/081220231101577220_tse-qcedjpsm-80370-20231101577220-ixbrl.htm
2023-11-09	四半期	前期	連結	実績		1株当たり純資産	NetAssetsPerShare	4079.60	JPYPerShares	4,079.60	PriorYearInstant_ConsolidatedMember_ResultMember	/disc/80370/081220231101577220_tse-qcedjpsm-80370-20231101577220-ixbrl.htm
2023-11-09	四半期	当期第2四半期累計	連結	実績		自己資本	OwnersEquity	145422000000	JPY	145,422	CurrentAccumulatedQ2Instant_ConsolidatedMember_ResultMember	/disc/80370/081220231101577220_tse-qcedjpsm-80370-20231101577220-ixbrl.htm
2023-11-09	四半期	前期	連結	実績		自己資本	OwnersEquity	137076000000	JPY	137,076	PriorYearInstant_ConsolidatedMember_ResultMember	/disc/80370/081220231101577220_tse-qcedjpsm-80370-20231101577220-ixbrl.htm
2023-11-09	四半期	前期	単体	実績	第2四半期末	1株当たり配当金	DividendPerShare	18.50	JPYPerShares	18.50	PriorYearDuration_SecondQuarterMember_NonConsolidatedMember_ResultMember	/disc/80370/081220231101577220_tse-qcedjpsm-80370-20231101577220-ixbrl.htm
2023-11-09	四半期	前期	単体	実績	期末	1株当たり配当金	DividendPerShare	22.00	JPYPerShares	22.00	PriorYearDuration_YearEndMember_NonConsolidatedMember_ResultMember	/disc/80370/081220231101577220_tse-qcedjpsm-80370-20231101577220-ixbrl.htm
2023-11-09	四半期	前期	単体	実績	合計	1株当たり配当金	DividendPerShare	40.50	JPYPerShares	40.50	PriorYearDuration_AnnualMember_NonConsolidatedMember_ResultMember	/disc/80370/081220231101577220_tse-qcedjpsm-80370-20231101577220-ixbrl.htm
2023-11-09	四半期	当期	単体	実績	第2四半期末	1株当たり配当金	DividendPerShare	22.00	JPYPerShares	22.00	CurrentYearDuration_SecondQuarterMember_NonConsolidatedMember_ResultMember	/disc/80370/081220231101577220_tse-qcedjpsm-80370-20231101577220-ixbrl.htm
2023-11-09	四半期	当期	単体	予想	期末	1株当たり配当金	DividendPerShare	22.00	JPYPerShares	22.00	CurrentYearDuration_YearEndMember_NonConsolidatedMember_ForecastMember	/disc/80370/081220231101577220_tse-qcedjpsm-80370-20231101577220-ixbrl.htm
2023-11-09	四半期	当期	単体	予想	合計	1株当たり配当金	DividendPerShare	44.00	JPYPerShares	44.00	CurrentYearDuration_AnnualMember_NonConsolidatedMember_ForecastMember	/disc/80370/081220231101577220_tse-qcedjpsm-80370-20231101577220-ixbrl.htm
2023-11-09	四半期	当期	単体	実績	合計	当四半期における配当予想の修正	CorrectionOfDividendForecastInThisQuarter			有	CurrentYearDuration_AnnualMember_NonConsolidatedMember_ResultMember	/disc/80370/081220231101577220_tse-qcedjpsm-80370-20231101577220-ixbrl.htm
2023-11-09	四半期	当期第2四半期累計	単体	実績	合計	配当の注記	NoteToDividends			・2023年３月期の期末配当金の内訳 普通配当20円00銭 記念配当２円00銭 ・配当予想の修正については、本日公表の「剰余金の配当（中間配当・増配）及び期末配当予想の修正（増配）に関するお知らせ」をご覧ください。	CurrentAccumulatedQ2Duration_AnnualMember_NonConsolidatedMember_ResultMember	/disc/80370/081220231101577220_tse-qcedjpsm-80370-20231101577220-ixbrl.htm
2023-11-09	四半期	当期	連結	予想		業績予想の見出し	TitleForForecasts			3. 2024年 3月期の連結業績予想（2023年 4月 1日～2024年 3月31日）	CurrentYearDuration_ConsolidatedMember_ForecastMember	/disc/80370/081220231101577220_tse-qcedjpsm-80370-20231101577220-ixbrl.htm
2023-11-09	四半期	当期	連結	予想		売上高	NetSales	551000000000	JPY	551,000	CurrentYearDuration_ConsolidatedMember_ForecastMember	/disc/80370/081220231101577220_tse-qcedjpsm-80370-20231101577220-ixbrl.htm
2023-11-09	四半期	当期	連結	予想		売上高の増減率	ChangeInNetSales	0.000	Pure	0.0	CurrentYearDuration_ConsolidatedMember_ForecastMember	/disc/80370/081220231101577220_tse-qcedjpsm-80370-20231101577220-ixbrl.htm
2023-11-09	四半期	当期	連結	予想		営業利益	OperatingIncome	14000000000	JPY	14,000	CurrentYearDuration_ConsolidatedMember_ForecastMember	/disc/80370/081220231101577220_tse-qcedjpsm-80370-20231101577220-ixbrl.htm
2023-11-09	四半期	当期	連結	予想		営業利益の増減率	ChangeInOperatingIncome	-0.104	Pure	10.4	CurrentYearDuration_ConsolidatedMember_ForecastMember	/disc/80370/081220231101577220_tse-qcedjpsm-80370-20231101577220-ixbrl.htm
2023-11-09	四半期	当期	連結	予想		経常利益	OrdinaryIncome	15200000000	JPY	15,200	CurrentYearDuration_ConsolidatedMember_ForecastMember	/disc/80370/081220231101577220_tse-qcedjpsm-80370-20231101577220-ixbrl.htm
2023-11-09	四半期	当期	連結	予想		経常利益の増減率	ChangeInOrdinaryIncome	-0.088	Pure	8.8	CurrentYearDuration_ConsolidatedMember_ForecastMember	/disc/80370/081220231101577220_tse-qcedjpsm-80370-20231101577220-ixbrl.htm
2023-11-09	四半期	当期	連結	予想		当期純利益	NetIncome	9200000000	JPY	9,200	CurrentYearDuration_ConsolidatedMember_ForecastMember	/disc/80370/081220231101577220_tse-qcedjpsm-80370-20231101577220-ixbrl.htm
2023-11-09	四半期	当期	連結	予想		当期純利益の増減率	ChangeInNetIncome	0.074	Pure	7.4	CurrentYearDuration_ConsolidatedMember_ForecastMember	/disc/80370/081220231101577220_tse-qcedjpsm-80370-20231101577220-ixbrl.htm
2023-11-09	四半期	当期	連結	予想		1株当たり当期純利益	NetIncomePerShare	273.81	JPYPerShares	273.81	CurrentYearDuration_ConsolidatedMember_ForecastMember	/disc/80370/081220231101577220_tse-qcedjpsm-80370-20231101577220-ixbrl.htm
2023-11-09	四半期	当期	連結	予想		当四半期における業績予想の修正	CorrectionOfConsolidatedFinancialForecastInThisQuarter			無	CurrentYearDuration_ConsolidatedMember_ForecastMember	/disc/80370/081220231101577220_tse-qcedjpsm-80370-20231101577220-ixbrl.htm
2023-11-09	四半期	当期第2四半期累計	連結	実績			MaterialChangesInSubsidiariesDuringThisPeriodChangesInScopeOfConsolidationsResultingFromChangeIsSubsidiaries			無	CurrentAccumulatedQ2Duration_ConsolidatedMember_ResultMember	/disc/80370/081220231101577220_tse-qcedjpsm-80370-20231101577220-ixbrl.htm
2023-11-09	四半期	当期第2四半期累計	連結	実績			ApplyingOfSpecificAccountingOfTheConsolidatedQuarterlyFinancialStatements			無	CurrentAccumulatedQ2Duration_ConsolidatedMember_ResultMember	/disc/80370/081220231101577220_tse-qcedjpsm-80370-20231101577220-ixbrl.htm
2023-11-09	四半期	当期第2四半期累計	連結	実績		会計基準等の改正に伴う変更	ChangesBasedOnRevisionsOfAccountingStandard			無	CurrentAccumulatedQ2Duration_ConsolidatedMember_ResultMember	/disc/80370/081220231101577220_tse-qcedjpsm-80370-20231101577220-ixbrl.htm
2023-11-09	四半期	当期第2四半期累計	連結	実績		それ以外の会計方針の変更	ChangesOtherThanOnesBasedOnRevisionsOfAccountingStandard			無	CurrentAccumulatedQ2Duration_ConsolidatedMember_ResultMember	/disc/80370/081220231101577220_tse-qcedjpsm-80370-20231101577220-ixbrl.htm
2023-11-09	四半期	当期第2四半期累計	連結	実績		会計上の見積りの変更	ChangesInAccountingEstimates			無	CurrentAccumulatedQ2Duration_ConsolidatedMember_ResultMember	/disc/80370/081220231101577220_tse-qcedjpsm-80370-20231101577220-ixbrl.htm
2023-11-09	四半期	当期第2四半期累計	連結	実績		修正再表示	RetrospectiveRestatement			無	CurrentAccumulatedQ2Duration_ConsolidatedMember_ResultMember	/disc/80370/081220231101577220_tse-qcedjpsm-80370-20231101577220-ixbrl.htm
2023-11-09	四半期	当期第2四半期累計	単体	実績		期末発行済株式数(自己株式を含む)	NumberOfIssuedAndOutstandingSharesAtTheEndOfFiscalYearIncludingTreasuryStock	37591969	Shares	37,591,969	CurrentAccumulatedQ2Instant_NonConsolidatedMember_ResultMember	/disc/80370/081220231101577220_tse-qcedjpsm-80370-20231101577220-ixbrl.htm
2023-11-09	四半期	前期	単体	実績		期末発行済株式数(自己株式を含む)	NumberOfIssuedAndOutstandingSharesAtTheEndOfFiscalYearIncludingTreasuryStock	37591969	Shares	37,591,969	PriorYearInstant_NonConsolidatedMember_ResultMember	/disc/80370/081220231101577220_tse-qcedjpsm-80370-20231101577220-ixbrl.htm
2023-11-09	四半期	当期第2四半期累計	単体	実績		期末自己株式数	NumberOfTreasuryStockAtTheEndOfFiscalYear	3991621	Shares	3,991,621	CurrentAccumulatedQ2Instant_NonConsolidatedMember_ResultMember	/disc/80370/081220231101577220_tse-qcedjpsm-80370-20231101577220-ixbrl.htm
2023-11-09	四半期	前期	単体	実績		期末自己株式数	NumberOfTreasuryStockAtTheEndOfFiscalYear	3991538	Shares	3,991,538	PriorYearInstant_NonConsolidatedMember_ResultMember	/disc/80370/081220231101577220_tse-qcedjpsm-80370-20231101577220-ixbrl.htm
2023-11-09	四半期	当期第2四半期累計	単体	実績		期中平均株式数	AverageNumberOfShares	33600361	Shares	33,600,361	CurrentAccumulatedQ2Duration_NonConsolidatedMember_ResultMember	/disc/80370/081220231101577220_tse-qcedjpsm-80370-20231101577220-ixbrl.htm
2023-11-09	四半期	前期第2四半期累計	単体	実績		期中平均株式数	AverageNumberOfShares	33600570	Shares	33,600,570	PriorAccumulatedQ2Duration_NonConsolidatedMember_ResultMember	/disc/80370/081220231101577220_tse-qcedjpsm-80370-20231101577220-ixbrl.htm
2023-11-09	四半期	当期				将来情報の利用に関する注意	NotesForUsingForecastedInformationAndOthers			本資料に記載されている業績見通し等の将来に関する記述は、当社が現在入手している情報及び合理的であると判断する一定の前提に基づいており、その達成を当社として約束する趣旨のものではありません。また、実際の業績等は様々な要因により大きく異なる可能性があります。業績予想の前提となる条件及び業績予想のご利用に当たっての注意事項等については、添付資料４ページ「１．当四半期決算に関する定性的情報（３）連結業績予想などの将来予測情報に関する説明」をご覧ください。	CurrentYearDuration	/disc/80370/081220231101577220_tse-qcedjpsm-80370-20231101577220-ixbrl.htm
2023-11-09	四半期	当期				決算期末	FiscalYearEnd			2024-03-31	CurrentYearInstant	/disc/80370/081220231101577220_tse-qcedjpsm-80370-20231101577220-ixbrl.htm
2023-11-09	四半期	当期第2四半期累計				四半期	QuarterlyPeriod	2	Pure	2	CurrentAccumulatedQ2Instant	/disc/80370/081220231101577220_tse-qcedjpsm-80370-20231101577220-ixbrl.htm
2024-02-08	四半期	当期第3四半期累計				書類名	DocumentName			第3四半期決算短信〔日本基準〕（連結）	CurrentAccumulatedQ3Instant	/disc/80370/081220240130521310_tse-qcedjpsm-80370-20240130521310-ixbrl.htm
2024-02-08	四半期	当期第3四半期累計				提出日	FilingDate			2024年2月8日	CurrentAccumulatedQ3Instant	/disc/80370/081220240130521310_tse-qcedjpsm-80370-20240130521310-ixbrl.htm
2024-02-08	四半期	当期第3四半期累計				会社名	CompanyName			カメイ株式会社	CurrentAccumulatedQ3Instant	/disc/80370/081220240130521310_tse-qcedjpsm-80370-20240130521310-ixbrl.htm
2024-02-08	四半期	当期第3四半期累計					TokyoStockExchange			東	CurrentAccumulatedQ3Instant	/disc/80370/081220240130521310_tse-qcedjpsm-80370-20240130521310-ixbrl.htm
2024-02-08	四半期	当期第3四半期累計				証券コード	SecuritiesCode			80370	CurrentAccumulatedQ3Instant	/disc/80370/081220240130521310_tse-qcedjpsm-80370-20240130521310-ixbrl.htm
2024-02-08	四半期	当期第3四半期累計				URL	URL			https://www.kamei.co.jp/	CurrentAccumulatedQ3Instant	/disc/80370/081220240130521310_tse-qcedjpsm-80370-20240130521310-ixbrl.htm
2024-02-08	四半期	当期第3四半期累計				代表者の役職	TitleRepresentative			代表取締役社長	CurrentAccumulatedQ3Instant	/disc/80370/081220240130521310_tse-qcedjpsm-80370-20240130521310-ixbrl.htm
2024-02-08	四半期	当期第3四半期累計				代表者名	NameRepresentative			亀井昭男	CurrentAccumulatedQ3Instant	/disc/80370/081220240130521310_tse-qcedjpsm-80370-20240130521310-ixbrl.htm
2024-02-08	四半期	当期第3四半期累計					TitleInquiries			管理部長	CurrentAccumulatedQ3Instant	/disc/80370/081220240130521310_tse-qcedjpsm-80370-20240130521310-ixbrl.htm
2024-02-08	四半期	当期第3四半期累計					NameInquiries			遠藤忠章	CurrentAccumulatedQ3Instant	/disc/80370/081220240130521310_tse-qcedjpsm-80370-20240130521310-ixbrl.htm
2024-02-08	四半期	当期第3四半期累計					Tel			022-264-6112	CurrentAccumulatedQ3Instant	/disc/80370/081220240130521310_tse-qcedjpsm-80370-20240130521310-ixbrl.htm
2024-02-08	四半期	当期第3四半期累計					QuarterlyStatementFilingDateAsPlanned			2024年2月8日	CurrentAccumulatedQ3Instant	/disc/80370/081220240130521310_tse-qcedjpsm-80370-20240130521310-ixbrl.htm
2024-02-08	四半期	当期第3四半期累計					SupplementalMaterialOfQuarterlyResults			無	CurrentAccumulatedQ3Instant	/disc/80370/081220240130521310_tse-qcedjpsm-80370-20240130521310-ixbrl.htm
2024-02-08	四半期	当期第3四半期累計					ConveningBriefingOfQuarterlyResults			無	CurrentAccumulatedQ3Instant	/disc/80370/081220240130521310_tse-qcedjpsm-80370-20240130521310-ixbrl.htm
2024-02-08	四半期	当期第3四半期累計					NoteToFractionProcessingMethod			（百万円未満切捨て）	CurrentAccumulatedQ3Instant	/disc/80370/081220240130521310_tse-qcedjpsm-80370-20240130521310-ixbrl.htm
2024-02-08	四半期	当期第3四半期累計	連結	実績		売上高	NetSales	411687000000	JPY	411,687	CurrentAccumulatedQ3Duration_ConsolidatedMember_ResultMember	/disc/80370/081220240130521310_tse-qcedjpsm-80370-20240130521310-ixbrl.htm
2024-02-08	四半期	当期第3四半期累計	連結	実績		売上高の増減率	ChangeInNetSales	0.049	Pure	4.9	CurrentAccumulatedQ3Duration_ConsolidatedMember_ResultMember	/disc/80370/081220240130521310_tse-qcedjpsm-80370-20240130521310-ixbrl.htm
2024-02-08	四半期	当期第3四半期累計	連結	実績		営業利益	OperatingIncome	10772000000	JPY	10,772	CurrentAccumulatedQ3Duration_ConsolidatedMember_ResultMember	/disc/80370/081220240130521310_tse-qcedjpsm-80370-20240130521310-ixbrl.htm
2024-02-08	四半期	当期第3四半期累計	連結	実績		営業利益の増減率	ChangeInOperatingIncome	0.093	Pure	9.3	CurrentAccumulatedQ3Duration_ConsolidatedMember_ResultMember	/disc/80370/081220240130521310_tse-qcedjpsm-80370-20240130521310-ixbrl.htm
2024-02-08	四半期	当期第3四半期累計	連結	実績		経常利益	OrdinaryIncome	11793000000	JPY	11,793	CurrentAccumulatedQ3Duration_ConsolidatedMember_ResultMember	/disc/80370/081220240130521310_tse-qcedjpsm-80370-20240130521310-ixbrl.htm
2024-02-08	四半期	当期第3四半期累計	連結	実績		経常利益の増減率	ChangeInOrdinaryIncome	0.077	Pure	7.7	CurrentAccumulatedQ3Duration_ConsolidatedMember_ResultMember	/disc/80370/081220240130521310_tse-qcedjpsm-80370-20240130521310-ixbrl.htm
2024-02-08	四半期	当期第3四半期累計	連結	実績		親会社株主に帰属する当期純利益	ProfitAttributableToOwnersOfParent	6875000000	JPY	6,875	CurrentAccumulatedQ3Duration_ConsolidatedMember_ResultMember	/disc/80370/081220240130521310_tse-qcedjpsm-80370-20240130521310-ixbrl.htm
2024-02-08	四半期	当期第3四半期累計	連結	実績		親会社株主に帰属する当期純利益の増減率	ChangeInProfitAttributableToOwnersOfParent	-0.022	Pure	2.2	CurrentAccumulatedQ3Duration_ConsolidatedMember_ResultMember	/disc/80370/081220240130521310_tse-qcedjpsm-80370-20240130521310-ixbrl.htm
2024-02-08	四半期	前期第3四半期累計	連結	実績		売上高	NetSales	392571000000	JPY	392,571	PriorAccumulatedQ3Duration_ConsolidatedMember_ResultMember	/disc/80370/081220240130521310_tse-qcedjpsm-80370-20240130521310-ixbrl.htm
2024-02-08	四半期	前期第3四半期累計	連結	実績		売上高の増減率	ChangeInNetSales	0.174	Pure	17.4	PriorAccumulatedQ3Duration_ConsolidatedMember_ResultMember	/disc/80370/081220240130521310_tse-qcedjpsm-80370-20240130521310-ixbrl.htm
2024-02-08	四半期	前期第3四半期累計	連結	実績		営業利益	OperatingIncome	9855000000	JPY	9,855	PriorAccumulatedQ3Duration_ConsolidatedMember_ResultMember	/disc/80370/081220240130521310_tse-qcedjpsm-80370-20240130521310-ixbrl.htm
2024-02-08	四半期	前期第3四半期累計	連結	実績		営業利益の増減率	ChangeInOperatingIncome	0.240	Pure	24.0	PriorAccumulatedQ3Duration_ConsolidatedMember_ResultMember	/disc/80370/081220240130521310_tse-qcedjpsm-80370-20240130521310-ixbrl.htm
2024-02-08	四半期	前期第3四半期累計	連結	実績		経常利益	OrdinaryIncome	10951000000	JPY	10,951	PriorAccumulatedQ3Duration_ConsolidatedMember_ResultMember	/disc/80370/081220240130521310_tse-qcedjpsm-80370-20240130521310-ixbrl.htm
2024-02-08	四半期	前期第3四半期累計	連結	実績		経常利益の増減率	ChangeInOrdinaryIncome	0.194	Pure	19.4	PriorAccumulatedQ3Duration_ConsolidatedMember_ResultMember	/disc/80370/081220240130521310_tse-qcedjpsm-80370-20240130521310-ixbrl.htm
2024-02-08	四半期	前期第3四半期累計	連結	実績		親会社株主に帰属する当期純利益	ProfitAttributableToOwnersOfParent	7031000000	JPY	7,031	PriorAccumulatedQ3Duration_ConsolidatedMember_ResultMember	/disc/80370/081220240130521310_tse-qcedjpsm-80370-20240130521310-ixbrl.htm
2024-02-08	四半期	前期第3四半期累計	連結	実績		親会社株主に帰属する当期純利益の増減率	ChangeInProfitAttributableToOwnersOfParent	0.454	Pure	45.4	PriorAccumulatedQ3Duration_ConsolidatedMember_ResultMember	/disc/80370/081220240130521310_tse-qcedjpsm-80370-20240130521310-ixbrl.htm
2024-02-08	四半期	当期第3四半期累計	連結	実績		包括利益	ComprehensiveIncome	12725000000	JPY	12,725	CurrentAccumulatedQ3Duration_ConsolidatedMember_ResultMember	/disc/80370/081220240130521310_tse-qcedjpsm-80370-20240130521310-ixbrl.htm
2024-02-08	四半期	当期第3四半期累計	連結	実績		包括利益の増減率	ChangeInComprehensiveIncome	-0.073	Pure	7.3	CurrentAccumulatedQ3Duration_ConsolidatedMember_ResultMember	/disc/80370/081220240130521310_tse-qcedjpsm-80370-20240130521310-ixbrl.htm
2024-02-08	四半期	前期第3四半期累計	連結	実績		包括利益	ComprehensiveIncome	13720000000	JPY	13,720	PriorAccumulatedQ3Duration_ConsolidatedMember_ResultMember	/disc/80370/081220240130521310_tse-qcedjpsm-80370-20240130521310-ixbrl.htm
2024-02-08	四半期	前期第3四半期累計	連結	実績		包括利益の増減率	ChangeInComprehensiveIncome	0.996	Pure	99.6	PriorAccumulatedQ3Duration_ConsolidatedMember_ResultMember	/disc/80370/081220240130521310_tse-qcedjpsm-80370-20240130521310-ixbrl.htm
2024-02-08	四半期	当期第3四半期累計	連結	実績		1株当たり当期純利益	NetIncomePerShare	204.62	JPYPerShares	204.62	CurrentAccumulatedQ3Duration_ConsolidatedMember_ResultMember	/disc/80370/081220240130521310_tse-qcedjpsm-80370-20240130521310-ixbrl.htm
2024-02-08	四半期	前期第3四半期累計	連結	実績		1株当たり当期純利益	NetIncomePerShare	209.27	JPYPerShares	209.27	PriorAccumulatedQ3Duration_ConsolidatedMember_ResultMember	/disc/80370/081220240130521310_tse-qcedjpsm-80370-20240130521310-ixbrl.htm
2024-02-08	四半期	当期第3四半期累計	連結	実績		総資産	TotalAssets	326322000000	JPY	326,322	CurrentAccumulatedQ3Instant_ConsolidatedMember_ResultMember	/disc/80370/081220240130521310_tse-qcedjpsm-80370-20240130521310-ixbrl.htm
2024-02-08	四半期	当期第3四半期累計	連結	実績		純資産	NetAssets	155444000000	JPY	155,444	CurrentAccumulatedQ3Instant_ConsolidatedMember_ResultMember	/disc/80370/081220240130521310_tse-qcedjpsm-80370-20240130521310-ixbrl.htm
2024-02-08	四半期	当期第3四半期累計	連結	実績		自己資本比率	CapitalAdequacyRatio	0.453	Pure	45.3	CurrentAccumulatedQ3Instant_ConsolidatedMember_ResultMember	/disc/80370/081220240130521310_tse-qcedjpsm-80370-20240130521310-ixbrl.htm
2024-02-08	四半期	当期第3四半期累計	連結	実績		1株当たり純資産	NetAssetsPerShare	4395.91	JPYPerShares	4,395.91	CurrentAccumulatedQ3Instant_ConsolidatedMember_ResultMember	/disc/80370/081220240130521310_tse-qcedjpsm-80370-20240130521310-ixbrl.htm
2024-02-08	四半期	前期	連結	実績		総資産	TotalAssets	307556000000	JPY	307,556	PriorYearInstant_ConsolidatedMember_ResultMember	/disc/80370/081220240130521310_tse-qcedjpsm-80370-20240130521310-ixbrl.htm
2024-02-08	四半期	前期	連結	実績		純資産	NetAssets	144299000000	JPY	144,299	PriorYearInstant_ConsolidatedMember_ResultMember	/disc/80370/081220240130521310_tse-qcedjpsm-80370-20240130521310-ixbrl.htm
2024-02-08	四半期	前期	連結	実績		自己資本比率	CapitalAdequacyRatio	0.446	Pure	44.6	PriorYearInstant_ConsolidatedMember_ResultMember	/disc/80370/081220240130521310_tse-qcedjpsm-80370-20240130521310-ixbrl.htm
2024-02-08	四半期	前期	連結	実績		1株当たり純資産	NetAssetsPerShare	4079.60	JPYPerShares	4,079.60	PriorYearInstant_ConsolidatedMember_ResultMember	/disc/80370/081220240130521310_tse-qcedjpsm-80370-20240130521310-ixbrl.htm
2024-02-08	四半期	当期第3四半期累計	連結	実績		自己資本	OwnersEquity	147703000000	JPY	147,703	CurrentAccumulatedQ3Instant_ConsolidatedMember_ResultMember	/disc/80370/081220240130521310_tse-qcedjpsm-80370-20240130521310-ixbrl.htm
2024-02-08	四半期	前期	連結	実績		自己資本	OwnersEquity	137076000000	JPY	137,076	PriorYearInstant_ConsolidatedMember_ResultMember	/disc/80370/081220240130521310_tse-qcedjpsm-80370-20240130521310-ixbrl.htm
2024-02-08	四半期	前期	単体	実績	第2四半期末	1株当たり配当金	DividendPerShare	18.50	JPYPerShares	18.50	PriorYearDuration_SecondQuarterMember_NonConsolidatedMember_ResultMember	/disc/80370/081220240130521310_tse-qcedjpsm-80370-20240130521310-ixbrl.htm
2024-02-08	四半期	前期	単体	実績	期末	1株当たり配当金	DividendPerShare	22.00	JPYPerShares	22.00	PriorYearDuration_YearEndMember_NonConsolidatedMember_ResultMember	/disc/80370/081220240130521310_tse-qcedjpsm-80370-20240130521310-ixbrl.htm
2024-02-08	四半期	前期	単体	実績	合計	1株当たり配当金	DividendPerShare	40.50	JPYPerShares	40.50	PriorYearDuration_AnnualMember_NonConsolidatedMember_ResultMember	/disc/80370/081220240130521310_tse-qcedjpsm-80370-20240130521310-ixbrl.htm
2024-02-08	四半期	当期	単体	実績	第2四半期末	1株当たり配当金	DividendPerShare	22.00	JPYPerShares	22.00	CurrentYearDuration_SecondQuarterMember_NonConsolidatedMember_ResultMember	/disc/80370/081220240130521310_tse-qcedjpsm-80370-20240130521310-ixbrl.htm
2024-02-08	四半期	当期	単体	予想	期末	1株当たり配当金	DividendPerShare	22.00	JPYPerShares	22.00	CurrentYearDuration_YearEndMember_NonConsolidatedMember_ForecastMember	/disc/80370/081220240130521310_tse-qcedjpsm-80370-20240130521310-ixbrl.htm
2024-02-08	四半期	当期	単体	予想	合計	1株当たり配当金	DividendPerShare	44.00	JPYPerShares	44.00	CurrentYearDuration_AnnualMember_NonConsolidatedMember_ForecastMember	/disc/80370/081220240130521310_tse-qcedjpsm-80370-20240130521310-ixbrl.htm
2024-02-08	四半期	当期	単体	実績	合計	当四半期における配当予想の修正	CorrectionOfDividendForecastInThisQuarter			無	CurrentYearDuration_AnnualMember_NonConsolidatedMember_ResultMember	/disc/80370/081220240130521310_tse-qcedjpsm-80370-20240130521310-ixbrl.htm
2024-02-08	四半期	当期第3四半期累計	単体	実績	合計	配当の注記	NoteToDividends			2023年３月期の期末配当金の内訳 普通配当20円00銭 記念配当２円00銭	CurrentAccumulatedQ3Duration_AnnualMember_NonConsolidatedMember_ResultMember	/disc/80370/081220240130521310_tse-qcedjpsm-80370-20240130521310-ixbrl.htm
2024-02-08	四半期	当期	連結	予想		業績予想の見出し	TitleForForecasts			3. 2024年 3月期の連結業績予想（2023年 4月 1日～2024年 3月31日）	CurrentYearDuration_ConsolidatedMember_ForecastMember	/disc/80370/081220240130521310_tse-qcedjpsm-80370-20240130521310-ixbrl.htm
2024-02-08	四半期	当期	連結	予想		売上高	NetSales	551000000000	JPY	551,000	CurrentYearDuration_ConsolidatedMember_ForecastMember	/disc/80370/081220240130521310_tse-qcedjpsm-80370-20240130521310-ixbrl.htm
2024-02-08	四半期	当期	連結	予想		売上高の増減率	ChangeInNetSales	0.000	Pure	0.0	CurrentYearDuration_ConsolidatedMember_ForecastMember	/disc/80370/081220240130521310_tse-qcedjpsm-80370-20240130521310-ixbrl.htm
2024-02-08	四半期	当期	連結	予想		営業利益	OperatingIncome	14000000000	JPY	14,000	CurrentYearDuration_ConsolidatedMember_ForecastMember	/disc/80370/081220240130521310_tse-qcedjpsm-80370-20240130521310-ixbrl.htm
2024-02-08	四半期	当期	連結	予想		営業利益の増減率	ChangeInOperatingIncome	-0.104	Pure	10.4	CurrentYearDuration_ConsolidatedMember_ForecastMember	/disc/80370/081220240130521310_tse-qcedjpsm-80370-20240130521310-ixbrl.htm
2024-02-08	四半期	当期	連結	予想		経常利益	OrdinaryIncome	15200000000	JPY	15,200	CurrentYearDuration_ConsolidatedMember_ForecastMember	/disc/80370/081220240130521310_tse-qcedjpsm-80370-20240130521310-ixbrl.htm
2024-02-08	四半期	当期	連結	予想		経常利益の増減率	ChangeInOrdinaryIncome	-0.088	Pure	8.8	CurrentYearDuration_ConsolidatedMember_ForecastMember	/disc/80370/081220240130521310_tse-qcedjpsm-80370-20240130521310-ixbrl.htm
2024-02-08	四半期	当期	連結	予想		当期純利益	NetIncome	9200000000	JPY	9,200	CurrentYearDuration_ConsolidatedMember_ForecastMember	/disc/80370/081220240130521310_tse-qcedjpsm-80370-20240130521310-ixbrl.htm
2024-02-08	四半期	当期	連結	予想		当期純利益の増減率	ChangeInNetIncome	0.074	Pure	7.4	CurrentYearDuration_ConsolidatedMember_ForecastMember	/disc/80370/081220240130521310_tse-qcedjpsm-80370-20240130521310-ixbrl.htm
2024-02-08	四半期	当期	連結	予想		1株当たり当期純利益	NetIncomePerShare	273.81	JPYPerShares	273.81	CurrentYearDuration_ConsolidatedMember_ForecastMember	/disc/80370/081220240130521310_tse-qcedjpsm-80370-20240130521310-ixbrl.htm
2024-02-08	四半期	当期	連結	予想		当四半期における業績予想の修正	CorrectionOfConsolidatedFinancialForecastInThisQuarter			無	CurrentYearDuration_ConsolidatedMember_ForecastMember	/disc/80370/081220240130521310_tse-qcedjpsm-80370-20240130521310-ixbrl.htm
2024-02-08	四半期	当期第3四半期累計	連結	実績			MaterialChangesInSubsidiariesDuringThisPeriodChangesInScopeOfConsolidationsResultingFromChangeIsSubsidiaries			無	CurrentAccumulatedQ3Duration_ConsolidatedMember_ResultMember	/disc/80370/081220240130521310_tse-qcedjpsm-80370-20240130521310-ixbrl.htm
2024-02-08	四半期	当期第3四半期累計	連結	実績			ApplyingOfSpecificAccountingOfTheConsolidatedQuarterlyFinancialStatements			無	CurrentAccumulatedQ3Duration_ConsolidatedMember_ResultMember	/disc/80370/081220240130521310_tse-qcedjpsm-80370-20240130521310-ixbrl.htm
2024-02-08	四半期	当期第3四半期累計	連結	実績		会計基準等の改正に伴う変更	ChangesBasedOnRevisionsOfAccountingStandard			無	CurrentAccumulatedQ3Duration_ConsolidatedMember_ResultMember	/disc/80370/081220240130521310_tse-qcedjpsm-80370-20240130521310-ixbrl.htm
2024-02-08	四半期	当期第3四半期累計	連結	実績		それ以外の会計方針の変更	ChangesOtherThanOnesBasedOnRevisionsOfAccountingStandard			無	CurrentAccumulatedQ3Duration_ConsolidatedMember_ResultMember	/disc/80370/081220240130521310_tse-qcedjpsm-80370-20240130521310-ixbrl.htm
2024-02-08	四半期	当期第3四半期累計	連結	実績		会計上の見積りの変更	ChangesInAccountingEstimates			無	CurrentAccumulatedQ3Duration_ConsolidatedMember_ResultMember	/disc/80370/081220240130521310_tse-qcedjpsm-80370-20240130521310-ixbrl.htm
2024-02-08	四半期	当期第3四半期累計	連結	実績		修正再表示	RetrospectiveRestatement			無	CurrentAccumulatedQ3Duration_ConsolidatedMember_ResultMember	/disc/80370/081220240130521310_tse-qcedjpsm-80370-20240130521310-ixbrl.htm
2024-02-08	四半期	当期第3四半期累計	単体	実績		期末発行済株式数(自己株式を含む)	NumberOfIssuedAndOutstandingSharesAtTheEndOfFiscalYearIncludingTreasuryStock	37591969	Shares	37,591,969	CurrentAccumulatedQ3Instant_NonConsolidatedMember_ResultMember	/disc/80370/081220240130521310_tse-qcedjpsm-80370-20240130521310-ixbrl.htm
2024-02-08	四半期	前期	単体	実績		期末発行済株式数(自己株式を含む)	NumberOfIssuedAndOutstandingSharesAtTheEndOfFiscalYearIncludingTreasuryStock	37591969	Shares	37,591,969	PriorYearInstant_NonConsolidatedMember_ResultMember	/disc/80370/081220240130521310_tse-qcedjpsm-80370-20240130521310-ixbrl.htm
2024-02-08	四半期	当期第3四半期累計	単体	実績		期末自己株式数	NumberOfTreasuryStockAtTheEndOfFiscalYear	3991851	Shares	3,991,851	CurrentAccumulatedQ3Instant_NonConsolidatedMember_ResultMember	/disc/80370/081220240130521310_tse-qcedjpsm-80370-20240130521310-ixbrl.htm
2024-02-08	四半期	前期	単体	実績		期末自己株式数	NumberOfTreasuryStockAtTheEndOfFiscalYear	3991538	Shares	3,991,538	PriorYearInstant_NonConsolidatedMember_ResultMember	/disc/80370/081220240130521310_tse-qcedjpsm-80370-20240130521310-ixbrl.htm
2024-02-08	四半期	当期第3四半期累計	単体	実績		期中平均株式数	AverageNumberOfShares	33600349	Shares	33,600,349	CurrentAccumulatedQ3Duration_NonConsolidatedMember_ResultMember	/disc/80370/081220240130521310_tse-qcedjpsm-80370-20240130521310-ixbrl.htm
2024-02-08	四半期	前期第3四半期累計	単体	実績		期中平均株式数	AverageNumberOfShares	33600528	Shares	33,600,528	PriorAccumulatedQ3Duration_NonConsolidatedMember_ResultMember	/disc/80370/081220240130521310_tse-qcedjpsm-80370-20240130521310-ixbrl.htm
2024-02-08	四半期	当期				将来情報の利用に関する注意	NotesForUsingForecastedInformationAndOthers			本資料に記載されている業績見通し等の将来に関する記述は、当社が現在入手している情報及び合理的であると判断する一定の前提に基づいており、その達成を当社として約束する趣旨のものではありません。また、実際の業績等は様々な要因により大きく異なる可能性があります。業績予想の前提となる条件及び業績予想のご利用に当たっての注意事項等については、添付資料３ページ「１．当四半期決算に関する定性的情報（３）連結業績予想などの将来予測情報に関する説明」をご覧ください。	CurrentYearDuration	/disc/80370/081220240130521310_tse-qcedjpsm-80370-20240130521310-ixbrl.htm
2024-02-08	四半期	当期				決算期末	FiscalYearEnd			2024-03-31	CurrentYearInstant	/disc/80370/081220240130521310_tse-qcedjpsm-80370-20240130521310-ixbrl.htm
2024-02-08	四半期	当期第3四半期累計				四半期	QuarterlyPeriod	3	Pure	3	CurrentAccumulatedQ3Instant	/disc/80370/081220240130521310_tse-qcedjpsm-80370-20240130521310-ixbrl.htm
2024-05-13	年次	当期				書類名	DocumentName			決算短信〔日本基準〕（連結）	CurrentYearInstant	/disc/80370/081220240502581882_tse-acedjpsm-80370-20240502581882-ixbrl.htm
2024-05-13	年次	当期				提出日	FilingDate			2024年5月13日	CurrentYearInstant	/disc/80370/081220240502581882_tse-acedjpsm-80370-20240502581882-ixbrl.htm
2024-05-13	年次	当期				会社名	CompanyName			カメイ株式会社	CurrentYearInstant	/disc/80370/081220240502581882_tse-acedjpsm-80370-20240502581882-ixbrl.htm
2024-05-13	年次	当期					TokyoStockExchange			東	CurrentYearInstant	/disc/80370/081220240502581882_tse-acedjpsm-80370-20240502581882-ixbrl.htm
2024-05-13	年次	当期				証券コード	SecuritiesCode			80370	CurrentYearInstant	/disc/80370/081220240502581882_tse-acedjpsm-80370-20240502581882-ixbrl.htm
2024-05-13	年次	当期				URL	URL			https://www.kamei.co.jp/	CurrentYearInstant	/disc/80370/081220240502581882_tse-acedjpsm-80370-20240502581882-ixbrl.htm
2024-05-13	年次	当期				代表者の役職	TitleRepresentative			代表取締役社長	CurrentYearInstant	/disc/80370/081220240502581882_tse-acedjpsm-80370-20240502581882-ixbrl.htm
2024-05-13	年次	当期				代表者名	NameRepresentative			亀井昭男	CurrentYearInstant	/disc/80370/081220240502581882_tse-acedjpsm-80370-20240502581882-ixbrl.htm
2024-05-13	年次	当期					TitleInquiries			管理部長	CurrentYearInstant	/disc/80370/081220240502581882_tse-acedjpsm-80370-20240502581882-ixbrl.htm
2024-05-13	年次	当期					NameInquiries			遠藤忠章	CurrentYearInstant	/disc/80370/081220240502581882_tse-acedjpsm-80370-20240502581882-ixbrl.htm
2024-05-13	年次	当期					Tel			022-264-6112	CurrentYearInstant	/disc/80370/081220240502581882_tse-acedjpsm-80370-20240502581882-ixbrl.htm
2024-05-13	年次	当期					DateOfGeneralShareholdersMeetingAsPlanned			2024年6月27日	CurrentYearInstant	/disc/80370/081220240502581882_tse-acedjpsm-80370-20240502581882-ixbrl.htm
2024-05-13	年次	当期					DividendPayableDateAsPlanned			2024年6月28日	CurrentYearInstant	/disc/80370/081220240502581882_tse-acedjpsm-80370-20240502581882-ixbrl.htm
2024-05-13	年次	当期					AnnualSecuritiesReportFilingDateAsPlanned			2024年6月28日	CurrentYearInstant	/disc/80370/081220240502581882_tse-acedjpsm-80370-20240502581882-ixbrl.htm
2024-05-13	年次	当期					SupplementalMaterialOfAnnualResults			無	CurrentYearInstant	/disc/80370/081220240502581882_tse-acedjpsm-80370-20240502581882-ixbrl.htm
2024-05-13	年次	当期					ConveningBriefingOfAnnualResults			無	CurrentYearInstant	/disc/80370/081220240502581882_tse-acedjpsm-80370-20240502581882-ixbrl.htm
2024-05-13	年次	当期					NoteToFractionProcessingMethod			（百万円未満切捨て）	CurrentYearInstant	/disc/80370/081220240502581882_tse-acedjpsm-80370-20240502581882-ixbrl.htm
2024-05-13	年次	当期	連結	実績		売上高	NetSales	572233000000	JPY	572,233	CurrentYearDuration_ConsolidatedMember_ResultMember	/disc/80370/081220240502581882_tse-acedjpsm-80370-20240502581882-ixbrl.htm
2024-05-13	年次	当期	連結	実績		売上高の増減率	ChangeInNetSales	0.038	Pure	3.8	CurrentYearDuration_ConsolidatedMember_ResultMember	/disc/80370/081220240502581882_tse-acedjpsm-80370-20240502581882-ixbrl.htm
2024-05-13	年次	当期	連結	実績		営業利益	OperatingIncome	15671000000	JPY	15,671	CurrentYearDuration_ConsolidatedMember_ResultMember	/disc/80370/081220240502581882_tse-acedjpsm-80370-20240502581882-ixbrl.htm
2024-05-13	年次	当期	連結	実績		営業利益の増減率	ChangeInOperatingIncome	0.003	Pure	0.3	CurrentYearDuration_ConsolidatedMember_ResultMember	/disc/80370/081220240502581882_tse-acedjpsm-80370-20240502581882-ixbrl.htm
2024-05-13	年次	当期	連結	実績		経常利益	OrdinaryIncome	17053000000	JPY	17,053	CurrentYearDuration_ConsolidatedMember_ResultMember	/disc/80370/081220240502581882_tse-acedjpsm-80370-20240502581882-ixbrl.htm
2024-05-13	年次	当期	連結	実績		経常利益の増減率	ChangeInOrdinaryIncome	0.023	Pure	2.3	CurrentYearDuration_ConsolidatedMember_ResultMember	/disc/80370/081220240502581882_tse-acedjpsm-80370-20240502581882-ixbrl.htm
2024-05-13	年次	当期	連結	実績		親会社株主に帰属する当期純利益	ProfitAttributableToOwnersOfParent	10111000000	JPY	10,111	CurrentYearDuration_ConsolidatedMember_ResultMember	/disc/80370/081220240502581882_tse-acedjpsm-80370-20240502581882-ixbrl.htm
2024-05-13	年次	当期	連結	実績		親会社株主に帰属する当期純利益の増減率	ChangeInProfitAttributableToOwnersOfParent	0.181	Pure	18.1	CurrentYearDuration_ConsolidatedMember_ResultMember	/disc/80370/081220240502581882_tse-acedjpsm-80370-20240502581882-ixbrl.htm
2024-05-13	年次	前期	連結	実績		売上高	NetSales	551245000000	JPY	551,245	PriorYearDuration_ConsolidatedMember_ResultMember	/disc/80370/081220240502581882_tse-acedjpsm-80370-20240502581882-ixbrl.htm
2024-05-13	年次	前期	連結	実績		売上高の増減率	ChangeInNetSales	0.142	Pure	14.2	PriorYearDuration_ConsolidatedMember_ResultMember	/disc/80370/081220240502581882_tse-acedjpsm-80370-20240502581882-ixbrl.htm
2024-05-13	年次	前期	連結	実績		営業利益	OperatingIncome	15619000000	JPY	15,619	PriorYearDuration_ConsolidatedMember_ResultMember	/disc/80370/081220240502581882_tse-acedjpsm-80370-20240502581882-ixbrl.htm
2024-05-13	年次	前期	連結	実績		営業利益の増減率	ChangeInOperatingIncome	0.235	Pure	23.5	PriorYearDuration_ConsolidatedMember_ResultMember	/disc/80370/081220240502581882_tse-acedjpsm-80370-20240502581882-ixbrl.htm
2024-05-13	年次	前期	連結	実績		経常利益	OrdinaryIncome	16668000000	JPY	16,668	PriorYearDuration_ConsolidatedMember_ResultMember	/disc/80370/081220240502581882_tse-acedjpsm-80370-20240502581882-ixbrl.htm
2024-05-13	年次	前期	連結	実績		経常利益の増減率	ChangeInOrdinaryIncome	0.132	Pure	13.2	PriorYearDuration_ConsolidatedMember_ResultMember	/disc/80370/081220240502581882_tse-acedjpsm-80370-20240502581882-ixbrl.htm
2024-05-13	年次	前期	連結	実績		親会社株主に帰属する当期純利益	ProfitAttributableToOwnersOfParent	8562000000	JPY	8,562	PriorYearDuration_ConsolidatedMember_ResultMember	/disc/80370/081220240502581882_tse-acedjpsm-80370-20240502581882-ixbrl.htm
2024-05-13	年次	前期	連結	実績		親会社株主に帰属する当期純利益の増減率	ChangeInProfitAttributableToOwnersOfParent	0.006	Pure	0.6	PriorYearDuration_ConsolidatedMember_ResultMember	/disc/80370/081220240502581882_tse-acedjpsm-80370-20240502581882-ixbrl.htm
2024-05-13	年次	当期	連結	実績		包括利益	ComprehensiveIncome	16349000000	JPY	16,349	CurrentYearDuration_ConsolidatedMember_ResultMember	/disc/80370/081220240502581882_tse-acedjpsm-80370-20240502581882-ixbrl.htm
2024-05-13	年次	当期	連結	実績		包括利益の増減率	ChangeInComprehensiveIncome	0.241	Pure	24.1	CurrentYearDuration_ConsolidatedMember_ResultMember	/disc/80370/081220240502581882_tse-acedjpsm-80370-20240502581882-ixbrl.htm
2024-05-13	年次	前期	連結	実績		包括利益	ComprehensiveIncome	13171000000	JPY	13,171	PriorYearDuration_ConsolidatedMember_ResultMember	/disc/80370/081220240502581882_tse-acedjpsm-80370-20240502581882-ixbrl.htm
2024-05-13	年次	前期	連結	実績		包括利益の増減率	ChangeInComprehensiveIncome	0.149	Pure	14.9	PriorYearDuration_ConsolidatedMember_ResultMember	/disc/80370/081220240502581882_tse-acedjpsm-80370-20240502581882-ixbrl.htm
2024-05-13	年次	当期	連結	実績		1株当たり当期純利益	NetIncomePerShare	300.93	JPYPerShares	300.93	CurrentYearDuration_ConsolidatedMember_ResultMember	/disc/80370/081220240502581882_tse-acedjpsm-80370-20240502581882-ixbrl.htm
2024-05-13	年次	当期	連結	実績		自己資本当期純利益率(ROE)	NetIncomeToShareholdersEquityRatio	0.070	Pure	7.0	CurrentYearDuration_ConsolidatedMember_ResultMember	/disc/80370/081220240502581882_tse-acedjpsm-80370-20240502581882-ixbrl.htm
2024-05-13	年次	当期	連結	実績		総資産経常利益率(ROA)	OrdinaryIncomeToTotalAssetsRatio	0.054	Pure	5.4	CurrentYearDuration_ConsolidatedMember_ResultMember	/disc/80370/081220240502581882_tse-acedjpsm-80370-20240502581882-ixbrl.htm
2024-05-13	年次	当期	連結	実績		売上高営業利益率	OperatingIncomeToNetSalesRatio	0.027	Pure	2.7	CurrentYearDuration_ConsolidatedMember_ResultMember	/disc/80370/081220240502581882_tse-acedjpsm-80370-20240502581882-ixbrl.htm
2024-05-13	年次	前期	連結	実績		1株当たり当期純利益	NetIncomePerShare	254.84	JPYPerShares	254.84	PriorYearDuration_ConsolidatedMember_ResultMember	/disc/80370/081220240502581882_tse-acedjpsm-80370-20240502581882-ixbrl.htm
2024-05-13	年次	前期	連結	実績		自己資本当期純利益率(ROE)	NetIncomeToShareholdersEquityRatio	0.065	Pure	6.5	PriorYearDuration_ConsolidatedMember_ResultMember	/disc/80370/081220240502581882_tse-acedjpsm-80370-20240502581882-ixbrl.htm
2024-05-13	年次	前期	連結	実績		総資産経常利益率(ROA)	OrdinaryIncomeToTotalAssetsRatio	0.056	Pure	5.6	PriorYearDuration_ConsolidatedMember_ResultMember	/disc/80370/081220240502581882_tse-acedjpsm-80370-20240502581882-ixbrl.htm
2024-05-13	年次	前期	連結	実績		売上高営業利益率	OperatingIncomeToNetSalesRatio	0.028	Pure	2.8	PriorYearDuration_ConsolidatedMember_ResultMember	/disc/80370/081220240502581882_tse-acedjpsm-80370-20240502581882-ixbrl.htm
2024-05-13	年次	当期	連結	実績		持分法投資損益	InvestmentProfitLossOnEquityMethod	218000000	JPY	218	CurrentYearDuration_ConsolidatedMember_ResultMember	/disc/80370/081220240502581882_tse-acedjpsm-80370-20240502581882-ixbrl.htm
2024-05-13	年次	前期	連結	実績		持分法投資損益	InvestmentProfitLossOnEquityMethod	229000000	JPY	229	PriorYearDuration_ConsolidatedMember_ResultMember	/disc/80370/081220240502581882_tse-acedjpsm-80370-20240502581882-ixbrl.htm
2024-05-13	年次	当期	連結	実績		総資産	TotalAssets	324610000000	JPY	324,610	CurrentYearInstant_ConsolidatedMember_ResultMember	/disc/80370/081220240502581882_tse-acedjpsm-80370-20240502581882-ixbrl.htm
2024-05-13	年次	当期	連結	実績		純資産	NetAssets	159067000000	JPY	159,067	CurrentYearInstant_ConsolidatedMember_ResultMember	/disc/80370/081220240502581882_tse-acedjpsm-80370-20240502581882-ixbrl.htm
2024-05-13	年次	当期	連結	実績		自己資本比率	CapitalAdequacyRatio	0.465	Pure	46.5	CurrentYearInstant_ConsolidatedMember_ResultMember	/disc/80370/081220240502581882_tse-acedjpsm-80370-20240502581882-ixbrl.htm
2024-05-13	年次	当期	連結	実績		1株当たり純資産	NetAssetsPerShare	4494.24	JPYPerShares	4,494.24	CurrentYearInstant_ConsolidatedMember_ResultMember	/disc/80370/081220240502581882_tse-acedjpsm-80370-20240502581882-ixbrl.htm
2024-05-13	年次	前期	連結	実績		総資産	TotalAssets	307556000000	JPY	307,556	PriorYearInstant_ConsolidatedMember_ResultMember	/disc/80370/081220240502581882_tse-acedjpsm-80370-20240502581882-ixbrl.htm
2024-05-13	年次	前期	連結	実績		純資産	NetAssets	144299000000	JPY	144,299	PriorYearInstant_ConsolidatedMember_ResultMember	/disc/80370/081220240502581882_tse-acedjpsm-80370-20240502581882-ixbrl.htm
2024-05-13	年次	前期	連結	実績		自己資本比率	CapitalAdequacyRatio	0.446	Pure	44.6	PriorYearInstant_ConsolidatedMember_ResultMember	/disc/80370/081220240502581882_tse-acedjpsm-80370-20240502581882-ixbrl.htm
2024-05-13	年次	前期	連結	実績		1株当たり純資産	NetAssetsPerShare	4079.60	JPYPerShares	4,079.60	PriorYearInstant_ConsolidatedMember_ResultMember	/disc/80370/081220240502581882_tse-acedjpsm-80370-20240502581882-ixbrl.htm
2024-05-13	年次	当期	連結	実績		自己資本	OwnersEquity	151006000000	JPY	151,006	CurrentYearInstant_ConsolidatedMember_ResultMember	/disc/80370/081220240502581882_tse-acedjpsm-80370-20240502581882-ixbrl.htm
2024-05-13	年次	前期	連結	実績		自己資本	OwnersEquity	137076000000	JPY	137,076	PriorYearInstant_ConsolidatedMember_ResultMember	/disc/80370/081220240502581882_tse-acedjpsm-80370-20240502581882-ixbrl.htm
2024-05-13	年次	当期	連結	実績		営業キャッシュフロー	CashFlowsFromOperatingActivities	25035000000	JPY	25,035	CurrentYearDuration_ConsolidatedMember_ResultMember	/disc/80370/081220240502581882_tse-acedjpsm-80370-20240502581882-ixbrl.htm
2024-05-13	年次	当期	連結	実績		投資キャッシュフロー	CashFlowsFromInvestingActivities	-11663000000	JPY	11,663	CurrentYearDuration_ConsolidatedMember_ResultMember	/disc/80370/081220240502581882_tse-acedjpsm-80370-20240502581882-ixbrl.htm
2024-05-13	年次	当期	連結	実績		財務キャッシュフロー	CashFlowsFromFinancingActivities	-6495000000	JPY	6,495	CurrentYearDuration_ConsolidatedMember_ResultMember	/disc/80370/081220240502581882_tse-acedjpsm-80370-20240502581882-ixbrl.htm
2024-05-13	年次	当期	連結	実績		現金及び現金同等物の期末残高	CashAndEquivalentsEndOfPeriod	50864000000	JPY	50,864	CurrentYearInstant_ConsolidatedMember_ResultMember	/disc/80370/081220240502581882_tse-acedjpsm-80370-20240502581882-ixbrl.htm
2024-05-13	年次	前期	連結	実績		営業キャッシュフロー	CashFlowsFromOperatingActivities	13652000000	JPY	13,652	PriorYearDuration_ConsolidatedMember_ResultMember	/disc/80370/081220240502581882_tse-acedjpsm-80370-20240502581882-ixbrl.htm
2024-05-13	年次	前期	連結	実績		投資キャッシュフロー	CashFlowsFromInvestingActivities	-9722000000	JPY	9,722	PriorYearDuration_ConsolidatedMember_ResultMember	/disc/80370/081220240502581882_tse-acedjpsm-80370-20240502581882-ixbrl.htm
2024-05-13	年次	前期	連結	実績		財務キャッシュフロー	CashFlowsFromFinancingActivities	-1873000000	JPY	1,873	PriorYearDuration_ConsolidatedMember_ResultMember	/disc/80370/081220240502581882_tse-acedjpsm-80370-20240502581882-ixbrl.htm
2024-05-13	年次	前期	連結	実績		現金及び現金同等物の期末残高	CashAndEquivalentsEndOfPeriod	42967000000	JPY	42,967	PriorYearInstant_ConsolidatedMember_ResultMember	/disc/80370/081220240502581882_tse-acedjpsm-80370-20240502581882-ixbrl.htm
2024-05-13	年次	前期	単体	実績	第2四半期末	1株当たり配当金	DividendPerShare	18.50	JPYPerShares	18.50	PriorYearDuration_SecondQuarterMember_NonConsolidatedMember_ResultMember	/disc/80370/081220240502581882_tse-acedjpsm-80370-20240502581882-ixbrl.htm
2024-05-13	年次	前期	単体	実績	期末	1株当たり配当金	DividendPerShare	22.00	JPYPerShares	22.00	PriorYearDuration_YearEndMember_NonConsolidatedMember_ResultMember	/disc/80370/081220240502581882_tse-acedjpsm-80370-20240502581882-ixbrl.htm
2024-05-13	年次	前期	単体	実績	合計	1株当たり配当金	DividendPerShare	40.50	JPYPerShares	40.50	PriorYearDuration_AnnualMember_NonConsolidatedMember_ResultMember	/disc/80370/081220240502581882_tse-acedjpsm-80370-20240502581882-ixbrl.htm
2024-05-13	年次	前期	単体	実績	合計	配当金総額	TotalDividendPaidAnnual	1360000000	JPY	1,360	PriorYearDuration_AnnualMember_NonConsolidatedMember_ResultMember	/disc/80370/081220240502581882_tse-acedjpsm-80370-20240502581882-ixbrl.htm
2024-05-13	年次	前期	連結	実績	合計	配当性向	PayoutRatio	0.159	Pure	15.9	PriorYearDuration_AnnualMember_ConsolidatedMember_ResultMember	/disc/80370/081220240502581882_tse-acedjpsm-80370-20240502581882-ixbrl.htm
2024-05-13	年次	前期	連結	実績	合計	純資産配当率	RatioOfTotalAmountOfDividendsToNetAssets	0.011	Pure	1.1	PriorYearDuration_AnnualMember_ConsolidatedMember_ResultMember	/disc/80370/081220240502581882_tse-acedjpsm-80370-20240502581882-ixbrl.htm
2024-05-13	年次	当期	単体	実績	第2四半期末	1株当たり配当金	DividendPerShare	22.00	JPYPerShares	22.00	CurrentYearDuration_SecondQuarterMember_NonConsolidatedMember_ResultMember	/disc/80370/081220240502581882_tse-acedjpsm-80370-20240502581882-ixbrl.htm
2024-05-13	年次	当期	単体	実績	期末	1株当たり配当金	DividendPerShare	26.00	JPYPerShares	26.00	CurrentYearDuration_YearEndMember_NonConsolidatedMember_ResultMember	/disc/80370/081220240502581882_tse-acedjpsm-80370-20240502581882-ixbrl.htm
2024-05-13	年次	当期	単体	実績	合計	1株当たり配当金	DividendPerShare	48.00	JPYPerShares	48.00	CurrentYearDuration_AnnualMember_NonConsolidatedMember_ResultMember	/disc/80370/081220240502581882_tse-acedjpsm-80370-20240502581882-ixbrl.htm
2024-05-13	年次	当期	単体	実績	合計	配当金総額	TotalDividendPaidAnnual	1612000000	JPY	1,612	CurrentYearDuration_AnnualMember_NonConsolidatedMember_ResultMember	/disc/80370/081220240502581882_tse-acedjpsm-80370-20240502581882-ixbrl.htm
2024-05-13	年次	当期	連結	実績	合計	配当性向	PayoutRatio	0.160	Pure	16.0	CurrentYearDuration_AnnualMember_ConsolidatedMember_ResultMember	/disc/80370/081220240502581882_tse-acedjpsm-80370-20240502581882-ixbrl.htm
2024-05-13	年次	当期	連結	実績	合計	純資産配当率	RatioOfTotalAmountOfDividendsToNetAssets	0.011	Pure	1.1	CurrentYearDuration_AnnualMember_ConsolidatedMember_ResultMember	/disc/80370/081220240502581882_tse-acedjpsm-80370-20240502581882-ixbrl.htm
2024-05-13	年次	来期	単体	予想	第2四半期末	1株当たり配当金	DividendPerShare	28.00	JPYPerShares	28.00	NextYearDuration_SecondQuarterMember_NonConsolidatedMember_ForecastMember	/disc/80370/081220240502581882_tse-acedjpsm-80370-20240502581882-ixbrl.htm
2024-05-13	年次	来期	単体	予想	期末	1株当たり配当金	DividendPerShare	28.00	JPYPerShares	28.00	NextYearDuration_YearEndMember_NonConsolidatedMember_ForecastMember	/disc/80370/081220240502581882_tse-acedjpsm-80370-20240502581882-ixbrl.htm
2024-05-13	年次	来期	単体	予想	合計	1株当たり配当金	DividendPerShare	56.00	JPYPerShares	56.00	NextYearDuration_AnnualMember_NonConsolidatedMember_ForecastMember	/disc/80370/081220240502581882_tse-acedjpsm-80370-20240502581882-ixbrl.htm
2024-05-13	年次	来期	連結	予想	合計	配当性向	PayoutRatio	0.198	Pure	19.8	NextYearDuration_AnnualMember_ConsolidatedMember_ForecastMember	/disc/80370/081220240502581882_tse-acedjpsm-80370-20240502581882-ixbrl.htm
2024-05-13	年次	当期	単体	実績	合計	配当の注記	NoteToDividends			（注）2023年３月期の期末配当金の内訳 普通配当20円00銭 記念配当２円00銭	CurrentYearDuration_AnnualMember_NonConsolidatedMember_ResultMember	/disc/80370/081220240502581882_tse-acedjpsm-80370-20240502581882-ixbrl.htm
2024-05-13	年次	来期	連結	予想		業績予想の見出し	TitleForForecasts			3. 2025年 3月期の連結業績予想（2024年 4月 1日～2025年 3月31日）	NextYearDuration_ConsolidatedMember_ForecastMember	/disc/80370/081220240502581882_tse-acedjpsm-80370-20240502581882-ixbrl.htm
2024-05-13	年次		連結	予想		売上高	NetSales	254000000000	JPY	254,000	NextAccumulatedQ2Duration_ConsolidatedMember_ForecastMember	/disc/80370/081220240502581882_tse-acedjpsm-80370-20240502581882-ixbrl.htm
2024-05-13	年次		連結	予想		売上高の増減率	ChangeInNetSales	-0.031	Pure	3.1	NextAccumulatedQ2Duration_ConsolidatedMember_ForecastMember	/disc/80370/081220240502581882_tse-acedjpsm-80370-20240502581882-ixbrl.htm
2024-05-13	年次		連結	予想		営業利益	OperatingIncome	6000000000	JPY	6,000	NextAccumulatedQ2Duration_ConsolidatedMember_ForecastMember	/disc/80370/081220240502581882_tse-acedjpsm-80370-20240502581882-ixbrl.htm
2024-05-13	年次		連結	予想		営業利益の増減率	ChangeInOperatingIncome	-0.169	Pure	16.9	NextAccumulatedQ2Duration_ConsolidatedMember_ForecastMember	/disc/80370/081220240502581882_tse-acedjpsm-80370-20240502581882-ixbrl.htm
2024-05-13	年次		連結	予想		経常利益	OrdinaryIncome	6700000000	JPY	6,700	NextAccumulatedQ2Duration_ConsolidatedMember_ForecastMember	/disc/80370/081220240502581882_tse-acedjpsm-80370-20240502581882-ixbrl.htm
2024-05-13	年次		連結	予想		経常利益の増減率	ChangeInOrdinaryIncome	-0.139	Pure	13.9	NextAccumulatedQ2Duration_ConsolidatedMember_ForecastMember	/disc/80370/081220240502581882_tse-acedjpsm-80370-20240502581882-ixbrl.htm
2024-05-13	年次		連結	予想		当期純利益	NetIncome	4000000000	JPY	4,000	NextAccumulatedQ2Duration_ConsolidatedMember_ForecastMember	/disc/80370/081220240502581882_tse-acedjpsm-80370-20240502581882-ixbrl.htm
2024-05-13	年次		連結	予想		当期純利益の増減率	ChangeInNetIncome	-0.161	Pure	16.1	NextAccumulatedQ2Duration_ConsolidatedMember_ForecastMember	/disc/80370/081220240502581882_tse-acedjpsm-80370-20240502581882-ixbrl.htm
2024-05-13	年次		連結	予想		1株当たり当期純利益	NetIncomePerShare	119.05	JPYPerShares	119.05	NextAccumulatedQ2Duration_ConsolidatedMember_ForecastMember	/disc/80370/081220240502581882_tse-acedjpsm-80370-20240502581882-ixbrl.htm
2024-05-13	年次	来期	連結	予想		売上高	NetSales	569000000000	JPY	569,000	NextYearDuration_ConsolidatedMember_ForecastMember	/disc/80370/081220240502581882_tse-acedjpsm-80370-20240502581882-ixbrl.htm
2024-05-13	年次	来期	連結	予想		売上高の増減率	ChangeInNetSales	-0.006	Pure	0.6	NextYearDuration_ConsolidatedMember_ForecastMember	/disc/80370/081220240502581882_tse-acedjpsm-80370-20240502581882-ixbrl.htm
2024-05-13	年次	来期	連結	予想		営業利益	OperatingIncome	14700000000	JPY	14,700	NextYearDuration_ConsolidatedMember_ForecastMember	/disc/80370/081220240502581882_tse-acedjpsm-80370-20240502581882-ixbrl.htm
2024-05-13	年次	来期	連結	予想		営業利益の増減率	ChangeInOperatingIncome	-0.062	Pure	6.2	NextYearDuration_ConsolidatedMember_ForecastMember	/disc/80370/081220240502581882_tse-acedjpsm-80370-20240502581882-ixbrl.htm
2024-05-13	年次	来期	連結	予想		経常利益	OrdinaryIncome	16000000000	JPY	16,000	NextYearDuration_ConsolidatedMember_ForecastMember	/disc/80370/081220240502581882_tse-acedjpsm-80370-20240502581882-ixbrl.htm
2024-05-13	年次	来期	連結	予想		経常利益の増減率	ChangeInOrdinaryIncome	-0.062	Pure	6.2	NextYearDuration_ConsolidatedMember_ForecastMember	/disc/80370/081220240502581882_tse-acedjpsm-80370-20240502581882-ixbrl.htm
2024-05-13	年次	来期	連結	予想		当期純利益	NetIncome	9500000000	JPY	9,500	NextYearDuration_ConsolidatedMember_ForecastMember	/disc/80370/081220240502581882_tse-acedjpsm-80370-20240502581882-ixbrl.htm
2024-05-13	年次	来期	連結	予想		当期純利益の増減率	ChangeInNetIncome	-0.060	Pure	6.0	NextYearDuration_ConsolidatedMember_ForecastMember	/disc/80370/081220240502581882_tse-acedjpsm-80370-20240502581882-ixbrl.htm
2024-05-13	年次	来期	連結	予想		1株当たり当期純利益	NetIncomePerShare	282.74	JPYPerShares	282.74	NextYearDuration_ConsolidatedMember_ForecastMember	/disc/80370/081220240502581882_tse-acedjpsm-80370-20240502581882-ixbrl.htm
2024-05-13	年次	当期	連結	実績			MaterialChangesInSubsidiariesDuringThisPeriodChangesInScopeOfConsolidationsResultingFromChangeIsSubsidiaries			無	CurrentYearDuration_ConsolidatedMember_ResultMember	/disc/80370/081220240502581882_tse-acedjpsm-80370-20240502581882-ixbrl.htm
2024-05-13	年次	当期	連結	実績		会計基準等の改正に伴う変更	ChangesBasedOnRevisionsOfAccountingStandard			無	CurrentYearDuration_ConsolidatedMember_ResultMember	/disc/80370/081220240502581882_tse-acedjpsm-80370-20240502581882-ixbrl.htm
2024-05-13	年次	当期	連結	実績		それ以外の会計方針の変更	ChangesOtherThanOnesBasedOnRevisionsOfAccountingStandard			無	CurrentYearDuration_ConsolidatedMember_ResultMember	/disc/80370/081220240502581882_tse-acedjpsm-80370-20240502581882-ixbrl.htm
2024-05-13	年次	当期	連結	実績		会計上の見積りの変更	ChangesInAccountingEstimates			無	CurrentYearDuration_ConsolidatedMember_ResultMember	/disc/80370/081220240502581882_tse-acedjpsm-80370-20240502581882-ixbrl.htm
2024-05-13	年次	当期	連結	実績		修正再表示	RetrospectiveRestatement			無	CurrentYearDuration_ConsolidatedMember_ResultMember	/disc/80370/081220240502581882_tse-acedjpsm-80370-20240502581882-ixbrl.htm
2024-05-13	年次	当期	単体	実績		期末発行済株式数(自己株式を含む)	NumberOfIssuedAndOutstandingSharesAtTheEndOfFiscalYearIncludingTreasuryStock	37591969	Shares	37,591,969	CurrentYearInstant_NonConsolidatedMember_ResultMember	/disc/80370/081220240502581882_tse-acedjpsm-80370-20240502581882-ixbrl.htm
2024-05-13	年次	前期	単体	実績		期末発行済株式数(自己株式を含む)	NumberOfIssuedAndOutstandingSharesAtTheEndOfFiscalYearIncludingTreasuryStock	37591969	Shares	37,591,969	PriorYearInstant_NonConsolidatedMember_ResultMember	/disc/80370/081220240502581882_tse-acedjpsm-80370-20240502581882-ixbrl.htm
2024-05-13	年次	当期	単体	実績		期末自己株式数	NumberOfTreasuryStockAtTheEndOfFiscalYear	3991851	Shares	3,991,851	CurrentYearInstant_NonConsolidatedMember_ResultMember	/disc/80370/081220240502581882_tse-acedjpsm-80370-20240502581882-ixbrl.htm
2024-05-13	年次	前期	単体	実績		期末自己株式数	NumberOfTreasuryStockAtTheEndOfFiscalYear	3991538	Shares	3,991,538	PriorYearInstant_NonConsolidatedMember_ResultMember	/disc/80370/081220240502581882_tse-acedjpsm-80370-20240502581882-ixbrl.htm
2024-05-13	年次	当期	単体	実績		期中平均株式数	AverageNumberOfShares	33600292	Shares	33,600,292	CurrentYearDuration_NonConsolidatedMember_ResultMember	/disc/80370/081220240502581882_tse-acedjpsm-80370-20240502581882-ixbrl.htm
2024-05-13	年次	前期	単体	実績		期中平均株式数	AverageNumberOfShares	33600504	Shares	33,600,504	PriorYearDuration_NonConsolidatedMember_ResultMember	/disc/80370/081220240502581882_tse-acedjpsm-80370-20240502581882-ixbrl.htm
2024-05-13	年次	当期	単体	実績		売上高	NetSales	354099000000	JPY	354,099	CurrentYearDuration_NonConsolidatedMember_ResultMember	/disc/80370/081220240502581882_tse-acedjpsm-80370-20240502581882-ixbrl.htm
2024-05-13	年次	当期	単体	実績		売上高の増減率	ChangeInNetSales	0.015	Pure	1.5	CurrentYearDuration_NonConsolidatedMember_ResultMember	/disc/80370/081220240502581882_tse-acedjpsm-80370-20240502581882-ixbrl.htm
2024-05-13	年次	当期	単体	実績		営業利益	OperatingIncome	5073000000	JPY	5,073	CurrentYearDuration_NonConsolidatedMember_ResultMember	/disc/80370/081220240502581882_tse-acedjpsm-80370-20240502581882-ixbrl.htm
2024-05-13	年次	当期	単体	実績		営業利益の増減率	ChangeInOperatingIncome	-0.293	Pure	29.3	CurrentYearDuration_NonConsolidatedMember_ResultMember	/disc/80370/081220240502581882_tse-acedjpsm-80370-20240502581882-ixbrl.htm
2024-05-13	年次	当期	単体	実績		経常利益	OrdinaryIncome	6392000000	JPY	6,392	CurrentYearDuration_NonConsolidatedMember_ResultMember	/disc/80370/081220240502581882_tse-acedjpsm-80370-20240502581882-ixbrl.htm
2024-05-13	年次	当期	単体	実績		経常利益の増減率	ChangeInOrdinaryIncome	-0.225	Pure	22.5	CurrentYearDuration_NonConsolidatedMember_ResultMember	/disc/80370/081220240502581882_tse-acedjpsm-80370-20240502581882-ixbrl.htm
2024-05-13	年次	当期	単体	実績		当期純利益	NetIncome	3640000000	JPY	3,640	CurrentYearDuration_NonConsolidatedMember_ResultMember	/disc/80370/081220240502581882_tse-acedjpsm-80370-20240502581882-ixbrl.htm
2024-05-13	年次	当期	単体	実績		当期純利益の増減率	ChangeInNetIncome	-0.330	Pure	33.0	CurrentYearDuration_NonConsolidatedMember_ResultMember	/disc/80370/081220240502581882_tse-acedjpsm-80370-20240502581882-ixbrl.htm
2024-05-13	年次	前期	単体	実績		売上高	NetSales	348767000000	JPY	348,767	PriorYearDuration_NonConsolidatedMember_ResultMember	/disc/80370/081220240502581882_tse-acedjpsm-80370-20240502581882-ixbrl.htm
2024-05-13	年次	前期	単体	実績		売上高の増減率	ChangeInNetSales	0.088	Pure	8.8	PriorYearDuration_NonConsolidatedMember_ResultMember	/disc/80370/081220240502581882_tse-acedjpsm-80370-20240502581882-ixbrl.htm
2024-05-13	年次	前期	単体	実績		営業利益	OperatingIncome	7171000000	JPY	7,171	PriorYearDuration_NonConsolidatedMember_ResultMember	/disc/80370/081220240502581882_tse-acedjpsm-80370-20240502581882-ixbrl.htm
2024-05-13	年次	前期	単体	実績		営業利益の増減率	ChangeInOperatingIncome	0.156	Pure	15.6	PriorYearDuration_NonConsolidatedMember_ResultMember	/disc/80370/081220240502581882_tse-acedjpsm-80370-20240502581882-ixbrl.htm
2024-05-13	年次	前期	単体	実績		経常利益	OrdinaryIncome	8247000000	JPY	8,247	PriorYearDuration_NonConsolidatedMember_ResultMember	/disc/80370/081220240502581882_tse-acedjpsm-80370-20240502581882-ixbrl.htm
2024-05-13	年次	前期	単体	実績		経常利益の増減率	ChangeInOrdinaryIncome	0.001	Pure	0.1	PriorYearDuration_NonConsolidatedMember_ResultMember	/disc/80370/081220240502581882_tse-acedjpsm-80370-20240502581882-ixbrl.htm
2024-05-13	年次	前期	単体	実績		当期純利益	NetIncome	5433000000	JPY	5,433	PriorYearDuration_NonConsolidatedMember_ResultMember	/disc/80370/081220240502581882_tse-acedjpsm-80370-20240502581882-ixbrl.htm
2024-05-13	年次	前期	単体	実績		当期純利益の増減率	ChangeInNetIncome	0.126	Pure	12.6	PriorYearDuration_NonConsolidatedMember_ResultMember	/disc/80370/081220240502581882_tse-acedjpsm-80370-20240502581882-ixbrl.htm
2024-05-13	年次	当期	単体	実績		1株当たり当期純利益	NetIncomePerShare	108.35	JPYPerShares	108.35	CurrentYearDuration_NonConsolidatedMember_ResultMember	/disc/80370/081220240502581882_tse-acedjpsm-80370-20240502581882-ixbrl.htm
2024-05-13	年次	前期	単体	実績		1株当たり当期純利益	NetIncomePerShare	161.70	JPYPerShares	161.70	PriorYearDuration_NonConsolidatedMember_ResultMember	/disc/80370/081220240502581882_tse-acedjpsm-80370-20240502581882-ixbrl.htm
2024-05-13	年次	当期	単体	実績		総資産	TotalAssets	163646000000	JPY	163,646	CurrentYearInstant_NonConsolidatedMember_ResultMember	/disc/80370/081220240502581882_tse-acedjpsm-80370-20240502581882-ixbrl.htm
2024-05-13	年次	当期	単体	実績		純資産	NetAssets	93121000000	JPY	93,121	CurrentYearInstant_NonConsolidatedMember_ResultMember	/disc/80370/081220240502581882_tse-acedjpsm-80370-20240502581882-ixbrl.htm
2024-05-13	年次	当期	単体	実績		自己資本比率	CapitalAdequacyRatio	0.569	Pure	56.9	CurrentYearInstant_NonConsolidatedMember_ResultMember	/disc/80370/081220240502581882_tse-acedjpsm-80370-20240502581882-ixbrl.htm
2024-05-13	年次	当期	単体	実績		1株当たり純資産	NetAssetsPerShare	2771.45	JPYPerShares	2,771.45	CurrentYearInstant_NonConsolidatedMember_ResultMember	/disc/80370/081220240502581882_tse-acedjpsm-80370-20240502581882-ixbrl.htm
2024-05-13	年次	前期	単体	実績		総資産	TotalAssets	156094000000	JPY	156,094	PriorYearInstant_NonConsolidatedMember_ResultMember	/disc/80370/081220240502581882_tse-acedjpsm-80370-20240502581882-ixbrl.htm
2024-05-13	年次	前期	単体	実績		純資産	NetAssets	88787000000	JPY	88,787	PriorYearInstant_NonConsolidatedMember_ResultMember	/disc/80370/081220240502581882_tse-acedjpsm-80370-20240502581882-ixbrl.htm
2024-05-13	年次	前期	単体	実績		自己資本比率	CapitalAdequacyRatio	0.569	Pure	56.9	PriorYearInstant_NonConsolidatedMember_ResultMember	/disc/80370/081220240502581882_tse-acedjpsm-80370-20240502581882-ixbrl.htm
2024-05-13	年次	前期	単体	実績		1株当たり純資産	NetAssetsPerShare	2642.45	JPYPerShares	2,642.45	PriorYearInstant_NonConsolidatedMember_ResultMember	/disc/80370/081220240502581882_tse-acedjpsm-80370-20240502581882-ixbrl.htm
2024-05-13	年次	当期	単体	実績		自己資本	OwnersEquity	93121000000	JPY	93,121	CurrentYearInstant_NonConsolidatedMember_ResultMember	/disc/80370/081220240502581882_tse-acedjpsm-80370-20240502581882-ixbrl.htm
2024-05-13	年次	前期	単体	実績		自己資本	OwnersEquity	88787000000	JPY	88,787	PriorYearInstant_NonConsolidatedMember_ResultMember	/disc/80370/081220240502581882_tse-acedjpsm-80370-20240502581882-ixbrl.htm
2024-05-13	年次	来期				将来情報の利用に関する注意	NotesForUsingForecastedInformationAndOthers			本資料に記載されている業績見通し等の将来に関する記述は、当社が現在入手している情報及び合理的であると判断する一定の前提に基づいており、その達成を当社として約束する趣旨のものではありません。また、実際の業績等は様々な要因により大きく異なる可能性があります。業績予想の前提となる条件及び業績予想のご利用に当たっての注意事項等については、添付資料３ページ「１．経営成績等の概況（１）経営成績に関する分析」をご覧ください。	NextYearDuration	/disc/80370/081220240502581882_tse-acedjpsm-80370-20240502581882-ixbrl.htm
2024-05-13	年次	当期				決算期末	FiscalYearEnd			2024-03-31	CurrentYearInstant	/disc/80370/081220240502581882_tse-acedjpsm-80370-20240502581882-ixbrl.htm
2024-08-08	四半期	当期第1四半期累計				書類名	DocumentName			第１四半期決算短信〔日本基準〕（連結）	CurrentAccumulatedQ1Instant	/disc/80370/081220240802561419_tse-qcedjpsm-80370-20240808380370-ixbrl.htm
2024-08-08	四半期	当期第1四半期累計				提出日	FilingDate			2024年８月８日	CurrentAccumulatedQ1Instant	/disc/80370/081220240802561419_tse-qcedjpsm-80370-20240808380370-ixbrl.htm
2024-08-08	四半期	当期第1四半期累計				会社名	CompanyName			カメイ株式会社	CurrentAccumulatedQ1Instant	/disc/80370/081220240802561419_tse-qcedjpsm-80370-20240808380370-ixbrl.htm
2024-08-08	四半期	当期第1四半期累計					TokyoStockExchange			東	CurrentAccumulatedQ1Instant	/disc/80370/081220240802561419_tse-qcedjpsm-80370-20240808380370-ixbrl.htm
2024-08-08	四半期	当期第1四半期累計				証券コード	SecuritiesCode			8037	CurrentAccumulatedQ1Instant	/disc/80370/081220240802561419_tse-qcedjpsm-80370-20240808380370-ixbrl.htm
2024-08-08	四半期	当期第1四半期累計				URL	URL			https://www.kamei.co.jp/	CurrentAccumulatedQ1Instant	/disc/80370/081220240802561419_tse-qcedjpsm-80370-20240808380370-ixbrl.htm
2024-08-08	四半期	当期第1四半期累計				代表者の役職	TitleRepresentative			代表取締役社長	CurrentAccumulatedQ1Instant	/disc/80370/081220240802561419_tse-qcedjpsm-80370-20240808380370-ixbrl.htm
2024-08-08	四半期	当期第1四半期累計				代表者名	NameRepresentative			亀井昭男	CurrentAccumulatedQ1Instant	/disc/80370/081220240802561419_tse-qcedjpsm-80370-20240808380370-ixbrl.htm
2024-08-08	四半期	当期第1四半期累計					TitleInquiries			管理部長	CurrentAccumulatedQ1Instant	/disc/80370/081220240802561419_tse-qcedjpsm-80370-20240808380370-ixbrl.htm
2024-08-08	四半期	当期第1四半期累計					NameInquiries			遠藤忠章	CurrentAccumulatedQ1Instant	/disc/80370/081220240802561419_tse-qcedjpsm-80370-20240808380370-ixbrl.htm
2024-08-08	四半期	当期第1四半期累計					Tel			022-264-6111	CurrentAccumulatedQ1Instant	/disc/80370/081220240802561419_tse-qcedjpsm-80370-20240808380370-ixbrl.htm
2024-08-08	四半期	当期第1四半期累計					SupplementalMaterialOfResults			無	CurrentAccumulatedQ1Instant	/disc/80370/081220240802561419_tse-qcedjpsm-80370-20240808380370-ixbrl.htm
2024-08-08	四半期	当期第1四半期累計					ConveningBriefingOfResults			無	CurrentAccumulatedQ1Instant	/disc/80370/081220240802561419_tse-qcedjpsm-80370-20240808380370-ixbrl.htm
2024-08-08	四半期	当期第1四半期累計					NoteToFractionProcessingMethod			（百万円未満切捨て）	CurrentAccumulatedQ1Instant	/disc/80370/081220240802561419_tse-qcedjpsm-80370-20240808380370-ixbrl.htm
2024-08-08	四半期	当期第1四半期累計	連結	実績		売上高	NetSales	130225000000	JPY	130,225	CurrentAccumulatedQ1Duration_ConsolidatedMember_ResultMember	/disc/80370/081220240802561419_tse-qcedjpsm-80370-20240808380370-ixbrl.htm
2024-08-08	四半期	当期第1四半期累計	連結	実績		売上高の増減率	ChangeInNetSales	-0.018	Pure	1.8	CurrentAccumulatedQ1Duration_ConsolidatedMember_ResultMember	/disc/80370/081220240802561419_tse-qcedjpsm-80370-20240808380370-ixbrl.htm
2024-08-08	四半期	当期第1四半期累計	連結	実績		営業利益	OperatingIncome	3263000000	JPY	3,263	CurrentAccumulatedQ1Duration_ConsolidatedMember_ResultMember	/disc/80370/081220240802561419_tse-qcedjpsm-80370-20240808380370-ixbrl.htm
2024-08-08	四半期	当期第1四半期累計	連結	実績		営業利益の増減率	ChangeInOperatingIncome	-0.159	Pure	15.9	CurrentAccumulatedQ1Duration_ConsolidatedMember_ResultMember	/disc/80370/081220240802561419_tse-qcedjpsm-80370-20240808380370-ixbrl.htm
2024-08-08	四半期	当期第1四半期累計	連結	実績		経常利益	OrdinaryIncome	3810000000	JPY	3,810	CurrentAccumulatedQ1Duration_ConsolidatedMember_ResultMember	/disc/80370/081220240802561419_tse-qcedjpsm-80370-20240808380370-ixbrl.htm
2024-08-08	四半期	当期第1四半期累計	連結	実績		経常利益の増減率	ChangeInOrdinaryIncome	-0.094	Pure	9.4	CurrentAccumulatedQ1Duration_ConsolidatedMember_ResultMember	/disc/80370/081220240802561419_tse-qcedjpsm-80370-20240808380370-ixbrl.htm
2024-08-08	四半期	当期第1四半期累計	連結	実績		親会社株主に帰属する当期純利益	ProfitAttributableToOwnersOfParent	2235000000	JPY	2,235	CurrentAccumulatedQ1Duration_ConsolidatedMember_ResultMember	/disc/80370/081220240802561419_tse-qcedjpsm-80370-20240808380370-ixbrl.htm
2024-08-08	四半期	当期第1四半期累計	連結	実績		親会社株主に帰属する当期純利益の増減率	ChangeInProfitAttributableToOwnersOfParent	-0.171	Pure	17.1	CurrentAccumulatedQ1Duration_ConsolidatedMember_ResultMember	/disc/80370/081220240802561419_tse-qcedjpsm-80370-20240808380370-ixbrl.htm
2024-08-08	四半期	前期第1四半期累計	連結	実績		売上高	NetSales	132621000000	JPY	132,621	PriorAccumulatedQ1Duration_ConsolidatedMember_ResultMember	/disc/80370/081220240802561419_tse-qcedjpsm-80370-20240808380370-ixbrl.htm
2024-08-08	四半期	前期第1四半期累計	連結	実績		売上高の増減率	ChangeInNetSales	0.068	Pure	6.8	PriorAccumulatedQ1Duration_ConsolidatedMember_ResultMember	/disc/80370/081220240802561419_tse-qcedjpsm-80370-20240808380370-ixbrl.htm
2024-08-08	四半期	前期第1四半期累計	連結	実績		営業利益	OperatingIncome	3878000000	JPY	3,878	PriorAccumulatedQ1Duration_ConsolidatedMember_ResultMember	/disc/80370/081220240802561419_tse-qcedjpsm-80370-20240808380370-ixbrl.htm
2024-08-08	四半期	前期第1四半期累計	連結	実績		営業利益の増減率	ChangeInOperatingIncome	0.168	Pure	16.8	PriorAccumulatedQ1Duration_ConsolidatedMember_ResultMember	/disc/80370/081220240802561419_tse-qcedjpsm-80370-20240808380370-ixbrl.htm
2024-08-08	四半期	前期第1四半期累計	連結	実績		経常利益	OrdinaryIncome	4205000000	JPY	4,205	PriorAccumulatedQ1Duration_ConsolidatedMember_ResultMember	/disc/80370/081220240802561419_tse-qcedjpsm-80370-20240808380370-ixbrl.htm
2024-08-08	四半期	前期第1四半期累計	連結	実績		経常利益の増減率	ChangeInOrdinaryIncome	0.093	Pure	9.3	PriorAccumulatedQ1Duration_ConsolidatedMember_ResultMember	/disc/80370/081220240802561419_tse-qcedjpsm-80370-20240808380370-ixbrl.htm
2024-08-08	四半期	前期第1四半期累計	連結	実績		親会社株主に帰属する当期純利益	ProfitAttributableToOwnersOfParent	2696000000	JPY	2,696	PriorAccumulatedQ1Duration_ConsolidatedMember_ResultMember	/disc/80370/081220240802561419_tse-qcedjpsm-80370-20240808380370-ixbrl.htm
2024-08-08	四半期	前期第1四半期累計	連結	実績		親会社株主に帰属する当期純利益の増減率	ChangeInProfitAttributableToOwnersOfParent	0.048	Pure	4.8	PriorAccumulatedQ1Duration_ConsolidatedMember_ResultMember	/disc/80370/081220240802561419_tse-qcedjpsm-80370-20240808380370-ixbrl.htm
2024-08-08	四半期	当期第1四半期累計	連結	実績		包括利益	ComprehensiveIncome	4811000000	JPY	4,811	CurrentAccumulatedQ1Duration_ConsolidatedMember_ResultMember	/disc/80370/081220240802561419_tse-qcedjpsm-80370-20240808380370-ixbrl.htm
2024-08-08	四半期	当期第1四半期累計	連結	実績		包括利益の増減率	ChangeInComprehensiveIncome	0.194	Pure	19.4	CurrentAccumulatedQ1Duration_ConsolidatedMember_ResultMember	/disc/80370/081220240802561419_tse-qcedjpsm-80370-20240808380370-ixbrl.htm
2024-08-08	四半期	前期第1四半期累計	連結	実績		包括利益	ComprehensiveIncome	4029000000	JPY	4,029	PriorAccumulatedQ1Duration_ConsolidatedMember_ResultMember	/disc/80370/081220240802561419_tse-qcedjpsm-80370-20240808380370-ixbrl.htm
2024-08-08	四半期	前期第1四半期累計	連結	実績		包括利益の増減率	ChangeInComprehensiveIncome	-0.070	Pure	7.0	PriorAccumulatedQ1Duration_ConsolidatedMember_ResultMember	/disc/80370/081220240802561419_tse-qcedjpsm-80370-20240808380370-ixbrl.htm
2024-08-08	四半期	当期第1四半期累計	連結	実績		1株当たり当期純利益	NetIncomePerShare	66.55	JPYPerShares	66.55	CurrentAccumulatedQ1Duration_ConsolidatedMember_ResultMember	/disc/80370/081220240802561419_tse-qcedjpsm-80370-20240808380370-ixbrl.htm
2024-08-08	四半期	前期第1四半期累計	連結	実績		1株当たり当期純利益	NetIncomePerShare	80.27	JPYPerShares	80.27	PriorAccumulatedQ1Duration_ConsolidatedMember_ResultMember	/disc/80370/081220240802561419_tse-qcedjpsm-80370-20240808380370-ixbrl.htm
2024-08-08	四半期	当期第1四半期累計	連結	実績		総資産	TotalAssets	314686000000	JPY	314,686	CurrentAccumulatedQ1Instant_ConsolidatedMember_ResultMember	/disc/80370/081220240802561419_tse-qcedjpsm-80370-20240808380370-ixbrl.htm
2024-08-08	四半期	当期第1四半期累計	連結	実績		純資産	NetAssets	162788000000	JPY	162,788	CurrentAccumulatedQ1Instant_ConsolidatedMember_ResultMember	/disc/80370/081220240802561419_tse-qcedjpsm-80370-20240808380370-ixbrl.htm
2024-08-08	四半期	当期第1四半期累計	連結	実績		自己資本比率	CapitalAdequacyRatio	0.492	Pure	49.2	CurrentAccumulatedQ1Instant_ConsolidatedMember_ResultMember	/disc/80370/081220240802561419_tse-qcedjpsm-80370-20240808380370-ixbrl.htm
2024-08-08	四半期	当期第1四半期累計	連結	実績		1株当たり純資産	NetAssetsPerShare	4606.33	JPYPerShares	4,606.33	CurrentAccumulatedQ1Instant_ConsolidatedMember_ResultMember	/disc/80370/081220240802561419_tse-qcedjpsm-80370-20240808380370-ixbrl.htm
2024-08-08	四半期	前期	連結	実績		総資産	TotalAssets	324610000000	JPY	324,610	PriorYearInstant_ConsolidatedMember_ResultMember	/disc/80370/081220240802561419_tse-qcedjpsm-80370-20240808380370-ixbrl.htm
2024-08-08	四半期	前期	連結	実績		純資産	NetAssets	159067000000	JPY	159,067	PriorYearInstant_ConsolidatedMember_ResultMember	/disc/80370/081220240802561419_tse-qcedjpsm-80370-20240808380370-ixbrl.htm
2024-08-08	四半期	前期	連結	実績		自己資本比率	CapitalAdequacyRatio	0.465	Pure	46.5	PriorYearInstant_ConsolidatedMember_ResultMember	/disc/80370/081220240802561419_tse-qcedjpsm-80370-20240808380370-ixbrl.htm
2024-08-08	四半期	前期	連結	実績		1株当たり純資産	NetAssetsPerShare	4494.24	JPYPerShares	4,494.24	PriorYearInstant_ConsolidatedMember_ResultMember	/disc/80370/081220240802561419_tse-qcedjpsm-80370-20240808380370-ixbrl.htm
2024-08-08	四半期	当期第1四半期累計	連結	実績		自己資本	OwnersEquity	154773000000	JPY	154,773	CurrentAccumulatedQ1Instant_ConsolidatedMember_ResultMember	/disc/80370/081220240802561419_tse-qcedjpsm-80370-20240808380370-ixbrl.htm
2024-08-08	四半期	前期	連結	実績		自己資本	OwnersEquity	151006000000	JPY	151,006	PriorYearInstant_ConsolidatedMember_ResultMember	/disc/80370/081220240802561419_tse-qcedjpsm-80370-20240808380370-ixbrl.htm
2024-08-08	四半期	前期	単体	実績	第2四半期末	1株当たり配当金	DividendPerShare	22.00	JPYPerShares	22.00	PriorYearDuration_SecondQuarterMember_NonConsolidatedMember_ResultMember	/disc/80370/081220240802561419_tse-qcedjpsm-80370-20240808380370-ixbrl.htm
2024-08-08	四半期	前期	単体	実績	期末	1株当たり配当金	DividendPerShare	26.00	JPYPerShares	26.00	PriorYearDuration_YearEndMember_NonConsolidatedMember_ResultMember	/disc/80370/081220240802561419_tse-qcedjpsm-80370-20240808380370-ixbrl.htm
2024-08-08	四半期	前期	単体	実績	合計	1株当たり配当金	DividendPerShare	48.00	JPYPerShares	48.00	PriorYearDuration_AnnualMember_NonConsolidatedMember_ResultMember	/disc/80370/081220240802561419_tse-qcedjpsm-80370-20240808380370-ixbrl.htm
2024-08-08	四半期	当期	単体	予想	第2四半期末	1株当たり配当金	DividendPerShare	28.00	JPYPerShares	28.00	CurrentYearDuration_SecondQuarterMember_NonConsolidatedMember_ForecastMember	/disc/80370/081220240802561419_tse-qcedjpsm-80370-20240808380370-ixbrl.htm
2024-08-08	四半期	当期	単体	予想	期末	1株当たり配当金	DividendPerShare	28.00	JPYPerShares	28.00	CurrentYearDuration_YearEndMember_NonConsolidatedMember_ForecastMember	/disc/80370/081220240802561419_tse-qcedjpsm-80370-20240808380370-ixbrl.htm
2024-08-08	四半期	当期	単体	予想	合計	1株当たり配当金	DividendPerShare	56.00	JPYPerShares	56.00	CurrentYearDuration_AnnualMember_NonConsolidatedMember_ForecastMember	/disc/80370/081220240802561419_tse-qcedjpsm-80370-20240808380370-ixbrl.htm
2024-08-08	四半期	当期	単体	実績	合計	当四半期における配当予想の修正	CorrectionOfDividendForecastInThisQuarter			無	CurrentYearDuration_AnnualMember_NonConsolidatedMember_ResultMember	/disc/80370/081220240802561419_tse-qcedjpsm-80370-20240808380370-ixbrl.htm
2024-08-08	四半期	当期	連結	予想		業績予想の見出し	TitleForForecasts			３．2025年３月期の連結業績予想（2024年４月１日～2025年３月31日）	CurrentYearDuration_ConsolidatedMember_ForecastMember	/disc/80370/081220240802561419_tse-qcedjpsm-80370-20240808380370-ixbrl.htm
2024-08-08	四半期	当期第2四半期累計	連結	予想		売上高	NetSales	254000000000	JPY	254,000	CurrentAccumulatedQ2Duration_ConsolidatedMember_ForecastMember	/disc/80370/081220240802561419_tse-qcedjpsm-80370-20240808380370-ixbrl.htm
2024-08-08	四半期	当期第2四半期累計	連結	予想		売上高の増減率	ChangeInNetSales	-0.031	Pure	3.1	CurrentAccumulatedQ2Duration_ConsolidatedMember_ForecastMember	/disc/80370/081220240802561419_tse-qcedjpsm-80370-20240808380370-ixbrl.htm
2024-08-08	四半期	当期第2四半期累計	連結	予想		営業利益	OperatingIncome	6000000000	JPY	6,000	CurrentAccumulatedQ2Duration_ConsolidatedMember_ForecastMember	/disc/80370/081220240802561419_tse-qcedjpsm-80370-20240808380370-ixbrl.htm
2024-08-08	四半期	当期第2四半期累計	連結	予想		営業利益の増減率	ChangeInOperatingIncome	-0.169	Pure	16.9	CurrentAccumulatedQ2Duration_ConsolidatedMember_ForecastMember	/disc/80370/081220240802561419_tse-qcedjpsm-80370-20240808380370-ixbrl.htm
2024-08-08	四半期	当期第2四半期累計	連結	予想		経常利益	OrdinaryIncome	6700000000	JPY	6,700	CurrentAccumulatedQ2Duration_ConsolidatedMember_ForecastMember	/disc/80370/081220240802561419_tse-qcedjpsm-80370-20240808380370-ixbrl.htm
2024-08-08	四半期	当期第2四半期累計	連結	予想		経常利益の増減率	ChangeInOrdinaryIncome	-0.139	Pure	13.9	CurrentAccumulatedQ2Duration_ConsolidatedMember_ForecastMember	/disc/80370/081220240802561419_tse-qcedjpsm-80370-20240808380370-ixbrl.htm
2024-08-08	四半期	当期第2四半期累計	連結	予想		親会社株主に帰属する当期純利益	ProfitAttributableToOwnersOfParent	4000000000	JPY	4,000	CurrentAccumulatedQ2Duration_ConsolidatedMember_ForecastMember	/disc/80370/081220240802561419_tse-qcedjpsm-80370-20240808380370-ixbrl.htm
2024-08-08	四半期	当期第2四半期累計	連結	予想		親会社株主に帰属する当期純利益の増減率	ChangeInProfitAttributableToOwnersOfParent	-0.161	Pure	16.1	CurrentAccumulatedQ2Duration_ConsolidatedMember_ForecastMember	/disc/80370/081220240802561419_tse-qcedjpsm-80370-20240808380370-ixbrl.htm
2024-08-08	四半期	当期第2四半期累計	連結	予想		1株当たり当期純利益	NetIncomePerShare	119.05	JPYPerShares	119.05	CurrentAccumulatedQ2Duration_ConsolidatedMember_ForecastMember	/disc/80370/081220240802561419_tse-qcedjpsm-80370-20240808380370-ixbrl.htm
2024-08-08	四半期	当期	連結	予想		売上高	NetSales	569000000000	JPY	569,000	CurrentYearDuration_ConsolidatedMember_ForecastMember	/disc/80370/081220240802561419_tse-qcedjpsm-80370-20240808380370-ixbrl.htm
2024-08-08	四半期	当期	連結	予想		売上高の増減率	ChangeInNetSales	-0.006	Pure	0.6	CurrentYearDuration_ConsolidatedMember_ForecastMember	/disc/80370/081220240802561419_tse-qcedjpsm-80370-20240808380370-ixbrl.htm
2024-08-08	四半期	当期	連結	予想		営業利益	OperatingIncome	14700000000	JPY	14,700	CurrentYearDuration_ConsolidatedMember_ForecastMember	/disc/80370/081220240802561419_tse-qcedjpsm-80370-20240808380370-ixbrl.htm
2024-08-08	四半期	当期	連結	予想		営業利益の増減率	ChangeInOperatingIncome	-0.062	Pure	6.2	CurrentYearDuration_ConsolidatedMember_ForecastMember	/disc/80370/081220240802561419_tse-qcedjpsm-80370-20240808380370-ixbrl.htm
2024-08-08	四半期	当期	連結	予想		経常利益	OrdinaryIncome	16000000000	JPY	16,000	CurrentYearDuration_ConsolidatedMember_ForecastMember	/disc/80370/081220240802561419_tse-qcedjpsm-80370-20240808380370-ixbrl.htm
2024-08-08	四半期	当期	連結	予想		経常利益の増減率	ChangeInOrdinaryIncome	-0.062	Pure	6.2	CurrentYearDuration_ConsolidatedMember_ForecastMember	/disc/80370/081220240802561419_tse-qcedjpsm-80370-20240808380370-ixbrl.htm
2024-08-08	四半期	当期	連結	予想		親会社株主に帰属する当期純利益	ProfitAttributableToOwnersOfParent	9500000000	JPY	9,500	CurrentYearDuration_ConsolidatedMember_ForecastMember	/disc/80370/081220240802561419_tse-qcedjpsm-80370-20240808380370-ixbrl.htm
2024-08-08	四半期	当期	連結	予想		親会社株主に帰属する当期純利益の増減率	ChangeInProfitAttributableToOwnersOfParent	-0.060	Pure	6.0	CurrentYearDuration_ConsolidatedMember_ForecastMember	/disc/80370/081220240802561419_tse-qcedjpsm-80370-20240808380370-ixbrl.htm
2024-08-08	四半期	当期	連結	予想		1株当たり当期純利益	NetIncomePerShare	282.74	JPYPerShares	282.74	CurrentYearDuration_ConsolidatedMember_ForecastMember	/disc/80370/081220240802561419_tse-qcedjpsm-80370-20240808380370-ixbrl.htm
2024-08-08	四半期	当期	連結	予想		当四半期における業績予想の修正	CorrectionOfConsolidatedFinancialForecastInThisQuarter			無	CurrentYearDuration_ConsolidatedMember_ForecastMember	/disc/80370/081220240802561419_tse-qcedjpsm-80370-20240808380370-ixbrl.htm
2024-08-08	四半期	当期第1四半期累計	連結	実績		期中の連結範囲の重要な変更	SignificantChangesInTheScopeOfConsolidationDuringThePeriod			無	CurrentAccumulatedQ1Duration_ConsolidatedMember_ResultMember	/disc/80370/081220240802561419_tse-qcedjpsm-80370-20240808380370-ixbrl.htm
2024-08-08	四半期	当期第1四半期累計	連結	実績			ApplyingOfSpecificAccountingOfTheConsolidatedQuarterlyFinancialStatements			無	CurrentAccumulatedQ1Duration_ConsolidatedMember_ResultMember	/disc/80370/081220240802561419_tse-qcedjpsm-80370-20240808380370-ixbrl.htm
2024-08-08	四半期	当期第1四半期累計	連結	実績		会計基準等の改正に伴う変更	ChangesBasedOnRevisionsOfAccountingStandard			有	CurrentAccumulatedQ1Duration_ConsolidatedMember_ResultMember	/disc/80370/081220240802561419_tse-qcedjpsm-80370-20240808380370-ixbrl.htm
2024-08-08	四半期	当期第1四半期累計	連結	実績		それ以外の会計方針の変更	ChangesOtherThanOnesBasedOnRevisionsOfAccountingStandard			無	CurrentAccumulatedQ1Duration_ConsolidatedMember_ResultMember	/disc/80370/081220240802561419_tse-qcedjpsm-80370-20240808380370-ixbrl.htm
2024-08-08	四半期	当期第1四半期累計	連結	実績		会計上の見積りの変更	ChangesInAccountingEstimates			無	CurrentAccumulatedQ1Duration_ConsolidatedMember_ResultMember	/disc/80370/081220240802561419_tse-qcedjpsm-80370-20240808380370-ixbrl.htm
2024-08-08	四半期	当期第1四半期累計	連結	実績		修正再表示	RetrospectiveRestatement			無	CurrentAccumulatedQ1Duration_ConsolidatedMember_ResultMember	/disc/80370/081220240802561419_tse-qcedjpsm-80370-20240808380370-ixbrl.htm
2024-08-08	四半期	当期第1四半期累計	単体	実績		期末発行済株式数(自己株式を含む)	NumberOfIssuedAndOutstandingSharesAtTheEndOfFiscalYearIncludingTreasuryStock	37591969	Shares	37,591,969	CurrentAccumulatedQ1Instant_NonConsolidatedMember_ResultMember	/disc/80370/081220240802561419_tse-qcedjpsm-80370-20240808380370-ixbrl.htm
2024-08-08	四半期	前期	単体	実績		期末発行済株式数(自己株式を含む)	NumberOfIssuedAndOutstandingSharesAtTheEndOfFiscalYearIncludingTreasuryStock	37591969	Shares	37,591,969	PriorYearInstant_NonConsolidatedMember_ResultMember	/disc/80370/081220240802561419_tse-qcedjpsm-80370-20240808380370-ixbrl.htm
2024-08-08	四半期	当期第1四半期累計	単体	実績		期末自己株式数	NumberOfTreasuryStockAtTheEndOfFiscalYear	3991871	Shares	3,991,871	CurrentAccumulatedQ1Instant_NonConsolidatedMember_ResultMember	/disc/80370/081220240802561419_tse-qcedjpsm-80370-20240808380370-ixbrl.htm
2024-08-08	四半期	前期	単体	実績		期末自己株式数	NumberOfTreasuryStockAtTheEndOfFiscalYear	3991851	Shares	3,991,851	PriorYearInstant_NonConsolidatedMember_ResultMember	/disc/80370/081220240802561419_tse-qcedjpsm-80370-20240808380370-ixbrl.htm
2024-08-08	四半期	当期第1四半期累計	単体	実績		期中平均株式数	AverageNumberOfShares	33600102	Shares	33,600,102	CurrentAccumulatedQ1Duration_NonConsolidatedMember_ResultMember	/disc/80370/081220240802561419_tse-qcedjpsm-80370-20240808380370-ixbrl.htm
2024-08-08	四半期	前期第1四半期累計	単体	実績		期中平均株式数	AverageNumberOfShares	33600375	Shares	33,600,375	PriorAccumulatedQ1Duration_NonConsolidatedMember_ResultMember	/disc/80370/081220240802561419_tse-qcedjpsm-80370-20240808380370-ixbrl.htm
2024-08-08	四半期	当期第1四半期累計					ReviewOfAttachedConsolidatedQuarterlyFinancialStatementsByACertifiedPublicAccountantOrAnAuditFirm			無	CurrentAccumulatedQ1Duration	/disc/80370/081220240802561419_tse-qcedjpsm-80370-20240808380370-ixbrl.htm
2024-08-08	四半期	当期				将来情報の利用に関する注意	NotesForUsingForecastedInformationAndOthers			本資料に記載されている業績見通し等の将来に関する記述は、当社が現在入手している情報及び合理的であると判断する一定の前提に基づいており、その達成を当社として約束する趣旨のものではありません。また、実際の業績等は様々な要因により大きく異なる可能性があります。業績予想の前提となる条件及び業績予想のご利用に当たっての注意事項等については、添付資料４ページ「１．当四半期決算に関する定性的情報（３）連結業績予想などの将来予測情報に関する説明」をご覧ください。	CurrentYearDuration	/disc/80370/081220240802561419_tse-qcedjpsm-80370-20240808380370-ixbrl.htm
2024-08-08	四半期	当期				決算期末	FiscalYearEnd			2025-03-31	CurrentYearInstant	/disc/80370/081220240802561419_tse-qcedjpsm-80370-20240808380370-ixbrl.htm
2024-08-08	四半期	当期第1四半期累計				四半期	QuarterlyPeriod	1	Pure	1	CurrentAccumulatedQ1Instant	/disc/80370/081220240802561419_tse-qcedjpsm-80370-20240808380370-ixbrl.htm
2024-11-07	半期	当期第2四半期累計				書類名	DocumentName			第２四半期（中間期）決算短信〔日本基準〕（連結）	CurrentAccumulatedQ2Instant	/disc/80370/081220241106513299_tse-scedjpsy-80370-20241107380370-ixbrl.htm
2024-11-07	半期	当期第2四半期累計				提出日	FilingDate			2024年11月７日	CurrentAccumulatedQ2Instant	/disc/80370/081220241106513299_tse-scedjpsy-80370-20241107380370-ixbrl.htm
2024-11-07	半期	当期第2四半期累計				会社名	CompanyName			カメイ株式会社	CurrentAccumulatedQ2Instant	/disc/80370/081220241106513299_tse-scedjpsy-80370-20241107380370-ixbrl.htm
2024-11-07	半期	当期第2四半期累計					TokyoStockExchange			東	CurrentAccumulatedQ2Instant	/disc/80370/081220241106513299_tse-scedjpsy-80370-20241107380370-ixbrl.htm
2024-11-07	半期	当期第2四半期累計				証券コード	SecuritiesCode			8037	CurrentAccumulatedQ2Instant	/disc/80370/081220241106513299_tse-scedjpsy-80370-20241107380370-ixbrl.htm
2024-11-07	半期	当期第2四半期累計				URL	URL			https://www.kamei.co.jp/	CurrentAccumulatedQ2Instant	/disc/80370/081220241106513299_tse-scedjpsy-80370-20241107380370-ixbrl.htm
2024-11-07	半期	当期第2四半期累計				代表者の役職	TitleRepresentative			代表取締役社長	CurrentAccumulatedQ2Instant	/disc/80370/081220241106513299_tse-scedjpsy-80370-20241107380370-ixbrl.htm
2024-11-07	半期	当期第2四半期累計				代表者名	NameRepresentative			亀井昭男	CurrentAccumulatedQ2Instant	/disc/80370/081220241106513299_tse-scedjpsy-80370-20241107380370-ixbrl.htm
2024-11-07	半期	当期第2四半期累計					TitleInquiries			管理部長	CurrentAccumulatedQ2Instant	/disc/80370/081220241106513299_tse-scedjpsy-80370-20241107380370-ixbrl.htm
2024-11-07	半期	当期第2四半期累計					NameInquiries			遠藤忠章	CurrentAccumulatedQ2Instant	/disc/80370/081220241106513299_tse-scedjpsy-80370-20241107380370-ixbrl.htm
2024-11-07	半期	当期第2四半期累計					Tel			022-264-6111	CurrentAccumulatedQ2Instant	/disc/80370/081220241106513299_tse-scedjpsy-80370-20241107380370-ixbrl.htm
2024-11-07	半期	当期第2四半期累計					SemiAnnualStatementFilingDateAsPlanned			2024年11月７日	CurrentAccumulatedQ2Instant	/disc/80370/081220241106513299_tse-scedjpsy-80370-20241107380370-ixbrl.htm
2024-11-07	半期	当期第2四半期累計					DividendPayableDateAsPlanned			2024年12月５日	CurrentAccumulatedQ2Instant	/disc/80370/081220241106513299_tse-scedjpsy-80370-20241107380370-ixbrl.htm
2024-11-07	半期	当期第2四半期累計					SupplementalMaterialOfResults			無	CurrentAccumulatedQ2Instant	/disc/80370/081220241106513299_tse-scedjpsy-80370-20241107380370-ixbrl.htm
2024-11-07	半期	当期第2四半期累計					ConveningBriefingOfResults			無	CurrentAccumulatedQ2Instant	/disc/80370/081220241106513299_tse-scedjpsy-80370-20241107380370-ixbrl.htm
2024-11-07	半期	当期第2四半期累計					NoteToFractionProcessingMethod			（百万円未満切捨て）	CurrentAccumulatedQ2Instant	/disc/80370/081220241106513299_tse-scedjpsy-80370-20241107380370-ixbrl.htm
2024-11-07	半期	当期第2四半期累計	連結	実績		売上高	NetSales	256805000000	JPY	256,805	CurrentAccumulatedQ2Duration_ConsolidatedMember_ResultMember	/disc/80370/081220241106513299_tse-scedjpsy-80370-20241107380370-ixbrl.htm
2024-11-07	半期	当期第2四半期累計	連結	実績		売上高の増減率	ChangeInNetSales	-0.020	Pure	2.0	CurrentAccumulatedQ2Duration_ConsolidatedMember_ResultMember	/disc/80370/081220241106513299_tse-scedjpsy-80370-20241107380370-ixbrl.htm
2024-11-07	半期	当期第2四半期累計	連結	実績		営業利益	OperatingIncome	6389000000	JPY	6,389	CurrentAccumulatedQ2Duration_ConsolidatedMember_ResultMember	/disc/80370/081220241106513299_tse-scedjpsy-80370-20241107380370-ixbrl.htm
2024-11-07	半期	当期第2四半期累計	連結	実績		営業利益の増減率	ChangeInOperatingIncome	-0.115	Pure	11.5	CurrentAccumulatedQ2Duration_ConsolidatedMember_ResultMember	/disc/80370/081220241106513299_tse-scedjpsy-80370-20241107380370-ixbrl.htm
2024-11-07	半期	当期第2四半期累計	連結	実績		経常利益	OrdinaryIncome	7287000000	JPY	7,287	CurrentAccumulatedQ2Duration_ConsolidatedMember_ResultMember	/disc/80370/081220241106513299_tse-scedjpsy-80370-20241107380370-ixbrl.htm
2024-11-07	半期	当期第2四半期累計	連結	実績		経常利益の増減率	ChangeInOrdinaryIncome	-0.063	Pure	6.3	CurrentAccumulatedQ2Duration_ConsolidatedMember_ResultMember	/disc/80370/081220241106513299_tse-scedjpsy-80370-20241107380370-ixbrl.htm
2024-11-07	半期	当期第2四半期累計	連結	実績		親会社株主に帰属する当期純利益	ProfitAttributableToOwnersOfParent	4374000000	JPY	4,374	CurrentAccumulatedQ2Duration_ConsolidatedMember_ResultMember	/disc/80370/081220241106513299_tse-scedjpsy-80370-20241107380370-ixbrl.htm
2024-11-07	半期	当期第2四半期累計	連結	実績		親会社株主に帰属する当期純利益の増減率	ChangeInProfitAttributableToOwnersOfParent	-0.082	Pure	8.2	CurrentAccumulatedQ2Duration_ConsolidatedMember_ResultMember	/disc/80370/081220241106513299_tse-scedjpsy-80370-20241107380370-ixbrl.htm
2024-11-07	半期	前期第2四半期累計	連結	実績		売上高	NetSales	262013000000	JPY	262,013	PriorAccumulatedQ2Duration_ConsolidatedMember_ResultMember	/disc/80370/081220241106513299_tse-scedjpsy-80370-20241107380370-ixbrl.htm
2024-11-07	半期	前期第2四半期累計	連結	実績		売上高の増減率	ChangeInNetSales	0.067	Pure	6.7	PriorAccumulatedQ2Duration_ConsolidatedMember_ResultMember	/disc/80370/081220241106513299_tse-scedjpsy-80370-20241107380370-ixbrl.htm
2024-11-07	半期	前期第2四半期累計	連結	実績		営業利益	OperatingIncome	7223000000	JPY	7,223	PriorAccumulatedQ2Duration_ConsolidatedMember_ResultMember	/disc/80370/081220241106513299_tse-scedjpsy-80370-20241107380370-ixbrl.htm
2024-11-07	半期	前期第2四半期累計	連結	実績		営業利益の増減率	ChangeInOperatingIncome	0.067	Pure	6.7	PriorAccumulatedQ2Duration_ConsolidatedMember_ResultMember	/disc/80370/081220241106513299_tse-scedjpsy-80370-20241107380370-ixbrl.htm
2024-11-07	半期	前期第2四半期累計	連結	実績		経常利益	OrdinaryIncome	7781000000	JPY	7,781	PriorAccumulatedQ2Duration_ConsolidatedMember_ResultMember	/disc/80370/081220241106513299_tse-scedjpsy-80370-20241107380370-ixbrl.htm
2024-11-07	半期	前期第2四半期累計	連結	実績		経常利益の増減率	ChangeInOrdinaryIncome	0.037	Pure	3.7	PriorAccumulatedQ2Duration_ConsolidatedMember_ResultMember	/disc/80370/081220241106513299_tse-scedjpsy-80370-20241107380370-ixbrl.htm
2024-11-07	半期	前期第2四半期累計	連結	実績		親会社株主に帰属する当期純利益	ProfitAttributableToOwnersOfParent	4765000000	JPY	4,765	PriorAccumulatedQ2Duration_ConsolidatedMember_ResultMember	/disc/80370/081220241106513299_tse-scedjpsy-80370-20241107380370-ixbrl.htm
2024-11-07	半期	前期第2四半期累計	連結	実績		親会社株主に帰属する当期純利益の増減率	ChangeInProfitAttributableToOwnersOfParent	-0.021	Pure	2.1	PriorAccumulatedQ2Duration_ConsolidatedMember_ResultMember	/disc/80370/081220241106513299_tse-scedjpsy-80370-20241107380370-ixbrl.htm
2024-11-07	半期	当期第2四半期累計	連結	実績		包括利益	ComprehensiveIncome	8414000000	JPY	8,414	CurrentAccumulatedQ2Duration_ConsolidatedMember_ResultMember	/disc/80370/081220241106513299_tse-scedjpsy-80370-20241107380370-ixbrl.htm
2024-11-07	半期	当期第2四半期累計	連結	実績		包括利益の増減率	ChangeInComprehensiveIncome	-0.121	Pure	12.1	CurrentAccumulatedQ2Duration_ConsolidatedMember_ResultMember	/disc/80370/081220241106513299_tse-scedjpsy-80370-20241107380370-ixbrl.htm
2024-11-07	半期	前期第2四半期累計	連結	実績		包括利益	ComprehensiveIncome	9572000000	JPY	9,572	PriorAccumulatedQ2Duration_ConsolidatedMember_ResultMember	/disc/80370/081220241106513299_tse-scedjpsy-80370-20241107380370-ixbrl.htm
2024-11-07	半期	前期第2四半期累計	連結	実績		包括利益の増減率	ChangeInComprehensiveIncome	0.020	Pure	2.0	PriorAccumulatedQ2Duration_ConsolidatedMember_ResultMember	/disc/80370/081220241106513299_tse-scedjpsy-80370-20241107380370-ixbrl.htm
2024-11-07	半期	当期第2四半期累計	連結	実績		1株当たり当期純利益	NetIncomePerShare	131.76	JPYPerShares	131.76	CurrentAccumulatedQ2Duration_ConsolidatedMember_ResultMember	/disc/80370/081220241106513299_tse-scedjpsy-80370-20241107380370-ixbrl.htm
2024-11-07	半期	前期第2四半期累計	連結	実績		1株当たり当期純利益	NetIncomePerShare	141.84	JPYPerShares	141.84	PriorAccumulatedQ2Duration_ConsolidatedMember_ResultMember	/disc/80370/081220241106513299_tse-scedjpsy-80370-20241107380370-ixbrl.htm
2024-11-07	半期	当期第2四半期累計	連結	実績		総資産	TotalAssets	310424000000	JPY	310,424	CurrentAccumulatedQ2Instant_ConsolidatedMember_ResultMember	/disc/80370/081220241106513299_tse-scedjpsy-80370-20241107380370-ixbrl.htm
2024-11-07	半期	当期第2四半期累計	連結	実績		純資産	NetAssets	164939000000	JPY	164,939	CurrentAccumulatedQ2Instant_ConsolidatedMember_ResultMember	/disc/80370/081220241106513299_tse-scedjpsy-80370-20241107380370-ixbrl.htm
2024-11-07	半期	当期第2四半期累計	連結	実績		自己資本比率	CapitalAdequacyRatio	0.505	Pure	50.5	CurrentAccumulatedQ2Instant_ConsolidatedMember_ResultMember	/disc/80370/081220241106513299_tse-scedjpsy-80370-20241107380370-ixbrl.htm
2024-11-07	半期	前期	連結	実績		総資産	TotalAssets	324610000000	JPY	324,610	PriorYearInstant_ConsolidatedMember_ResultMember	/disc/80370/081220241106513299_tse-scedjpsy-80370-20241107380370-ixbrl.htm
2024-11-07	半期	前期	連結	実績		純資産	NetAssets	159067000000	JPY	159,067	PriorYearInstant_ConsolidatedMember_ResultMember	/disc/80370/081220241106513299_tse-scedjpsy-80370-20241107380370-ixbrl.htm
2024-11-07	半期	前期	連結	実績		自己資本比率	CapitalAdequacyRatio	0.465	Pure	46.5	PriorYearInstant_ConsolidatedMember_ResultMember	/disc/80370/081220241106513299_tse-scedjpsy-80370-20241107380370-ixbrl.htm
2024-11-07	半期	当期第2四半期累計	連結	実績		自己資本	OwnersEquity	156850000000	JPY	156,850	CurrentAccumulatedQ2Instant_ConsolidatedMember_ResultMember	/disc/80370/081220241106513299_tse-scedjpsy-80370-20241107380370-ixbrl.htm
2024-11-07	半期	前期	連結	実績		自己資本	OwnersEquity	151006000000	JPY	151,006	PriorYearInstant_ConsolidatedMember_ResultMember	/disc/80370/081220241106513299_tse-scedjpsy-80370-20241107380370-ixbrl.htm
2024-11-07	半期	前期	単体	実績	第2四半期末	1株当たり配当金	DividendPerShare	22.00	JPYPerShares	22.00	PriorYearDuration_SecondQuarterMember_NonConsolidatedMember_ResultMember	/disc/80370/081220241106513299_tse-scedjpsy-80370-20241107380370-ixbrl.htm
2024-11-07	半期	前期	単体	実績	期末	1株当たり配当金	DividendPerShare	26.00	JPYPerShares	26.00	PriorYearDuration_YearEndMember_NonConsolidatedMember_ResultMember	/disc/80370/081220241106513299_tse-scedjpsy-80370-20241107380370-ixbrl.htm
2024-11-07	半期	前期	単体	実績	合計	1株当たり配当金	DividendPerShare	48.00	JPYPerShares	48.00	PriorYearDuration_AnnualMember_NonConsolidatedMember_ResultMember	/disc/80370/081220241106513299_tse-scedjpsy-80370-20241107380370-ixbrl.htm
2024-11-07	半期	当期	単体	実績	第2四半期末	1株当たり配当金	DividendPerShare	28.00	JPYPerShares	28.00	CurrentYearDuration_SecondQuarterMember_NonConsolidatedMember_ResultMember	/disc/80370/081220241106513299_tse-scedjpsy-80370-20241107380370-ixbrl.htm
2024-11-07	半期	当期	単体	予想	期末	1株当たり配当金	DividendPerShare	28.00	JPYPerShares	28.00	CurrentYearDuration_YearEndMember_NonConsolidatedMember_ForecastMember	/disc/80370/081220241106513299_tse-scedjpsy-80370-20241107380370-ixbrl.htm
2024-11-07	半期	当期	単体	予想	合計	1株当たり配当金	DividendPerShare	56.00	JPYPerShares	56.00	CurrentYearDuration_AnnualMember_NonConsolidatedMember_ForecastMember	/disc/80370/081220241106513299_tse-scedjpsy-80370-20241107380370-ixbrl.htm
2024-11-07	半期	当期	単体	実績	合計	当四半期における配当予想の修正	CorrectionOfDividendForecastInThisQuarter			無	CurrentYearDuration_AnnualMember_NonConsolidatedMember_ResultMember	/disc/80370/081220241106513299_tse-scedjpsy-80370-20241107380370-ixbrl.htm
2024-11-07	半期	当期	連結	予想		業績予想の見出し	TitleForForecasts			３．2025年３月期の連結業績予想（2024年４月１日～2025年３月31日）	CurrentYearDuration_ConsolidatedMember_ForecastMember	/disc/80370/081220241106513299_tse-scedjpsy-80370-20241107380370-ixbrl.htm
2024-11-07	半期	当期	連結	予想		売上高	NetSales	569000000000	JPY	569,000	CurrentYearDuration_ConsolidatedMember_ForecastMember	/disc/80370/081220241106513299_tse-scedjpsy-80370-20241107380370-ixbrl.htm
2024-11-07	半期	当期	連結	予想		売上高の増減率	ChangeInNetSales	-0.006	Pure	0.6	CurrentYearDuration_ConsolidatedMember_ForecastMember	/disc/80370/081220241106513299_tse-scedjpsy-80370-20241107380370-ixbrl.htm
2024-11-07	半期	当期	連結	予想		営業利益	OperatingIncome	14700000000	JPY	14,700	CurrentYearDuration_ConsolidatedMember_ForecastMember	/disc/80370/081220241106513299_tse-scedjpsy-80370-20241107380370-ixbrl.htm
2024-11-07	半期	当期	連結	予想		営業利益の増減率	ChangeInOperatingIncome	-0.062	Pure	6.2	CurrentYearDuration_ConsolidatedMember_ForecastMember	/disc/80370/081220241106513299_tse-scedjpsy-80370-20241107380370-ixbrl.htm
2024-11-07	半期	当期	連結	予想		経常利益	OrdinaryIncome	16000000000	JPY	16,000	CurrentYearDuration_ConsolidatedMember_ForecastMember	/disc/80370/081220241106513299_tse-scedjpsy-80370-20241107380370-ixbrl.htm
2024-11-07	半期	当期	連結	予想		経常利益の増減率	ChangeInOrdinaryIncome	-0.062	Pure	6.2	CurrentYearDuration_ConsolidatedMember_ForecastMember	/disc/80370/081220241106513299_tse-scedjpsy-80370-20241107380370-ixbrl.htm
2024-11-07	半期	当期	連結	予想		親会社株主に帰属する当期純利益	ProfitAttributableToOwnersOfParent	9500000000	JPY	9,500	CurrentYearDuration_ConsolidatedMember_ForecastMember	/disc/80370/081220241106513299_tse-scedjpsy-80370-20241107380370-ixbrl.htm
2024-11-07	半期	当期	連結	予想		親会社株主に帰属する当期純利益の増減率	ChangeInProfitAttributableToOwnersOfParent	-0.060	Pure	6.0	CurrentYearDuration_ConsolidatedMember_ForecastMember	/disc/80370/081220241106513299_tse-scedjpsy-80370-20241107380370-ixbrl.htm
2024-11-07	半期	当期	連結	予想		1株当たり当期純利益	NetIncomePerShare	286.16	JPYPerShares	286.16	CurrentYearDuration_ConsolidatedMember_ForecastMember	/disc/80370/081220241106513299_tse-scedjpsy-80370-20241107380370-ixbrl.htm
2024-11-07	半期	当期	連結	予想		当四半期における業績予想の修正	CorrectionOfConsolidatedFinancialForecastInThisQuarter			無	CurrentYearDuration_ConsolidatedMember_ForecastMember	/disc/80370/081220241106513299_tse-scedjpsy-80370-20241107380370-ixbrl.htm
2024-11-07	半期	当期	連結	予想			PreambleToForecasts			２.当社は取締役会の決議に替わる2024年５月13日付の書面決議により、自己株式の取得について決議しました。2025年３月期の連結業績予想における「１株当たり当期純利益」については、当該自己株式の取得の影響を考慮しております。なお、当該自己株式の取得については添付資料11ページ「２．中間連結財務諸表及び主な注記（４）中間連結財務諸表に関する注記事項（株主資本の金額に著しい変動があった場合の注記）」をご覧ください。	CurrentYearDuration_ConsolidatedMember_ForecastMember	/disc/80370/081220241106513299_tse-scedjpsy-80370-20241107380370-ixbrl.htm
2024-11-07	半期	当期第2四半期累計	連結	実績		期中の連結範囲の重要な変更	SignificantChangesInTheScopeOfConsolidationDuringThePeriod			無	CurrentAccumulatedQ2Duration_ConsolidatedMember_ResultMember	/disc/80370/081220241106513299_tse-scedjpsy-80370-20241107380370-ixbrl.htm
2024-11-07	半期	当期第2四半期累計	連結	実績			ApplyingOfSpecificAccountingOfTheConsolidatedSemiAnnualFinancialStatements			無	CurrentAccumulatedQ2Duration_ConsolidatedMember_ResultMember	/disc/80370/081220241106513299_tse-scedjpsy-80370-20241107380370-ixbrl.htm
2024-11-07	半期	当期第2四半期累計	連結	実績		会計基準等の改正に伴う変更	ChangesBasedOnRevisionsOfAccountingStandard			有	CurrentAccumulatedQ2Duration_ConsolidatedMember_ResultMember	/disc/80370/081220241106513299_tse-scedjpsy-80370-20241107380370-ixbrl.htm
2024-11-07	半期	当期第2四半期累計	連結	実績		それ以外の会計方針の変更	ChangesOtherThanOnesBasedOnRevisionsOfAccountingStandard			無	CurrentAccumulatedQ2Duration_ConsolidatedMember_ResultMember	/disc/80370/081220241106513299_tse-scedjpsy-80370-20241107380370-ixbrl.htm
2024-11-07	半期	当期第2四半期累計	連結	実績		会計上の見積りの変更	ChangesInAccountingEstimates			無	CurrentAccumulatedQ2Duration_ConsolidatedMember_ResultMember	/disc/80370/081220241106513299_tse-scedjpsy-80370-20241107380370-ixbrl.htm
2024-11-07	半期	当期第2四半期累計	連結	実績		修正再表示	RetrospectiveRestatement			無	CurrentAccumulatedQ2Duration_ConsolidatedMember_ResultMember	/disc/80370/081220241106513299_tse-scedjpsy-80370-20241107380370-ixbrl.htm
2024-11-07	半期	当期第2四半期累計	単体	実績		期末発行済株式数(自己株式を含む)	NumberOfIssuedAndOutstandingSharesAtTheEndOfFiscalYearIncludingTreasuryStock	37591969	Shares	37,591,969	CurrentAccumulatedQ2Instant_NonConsolidatedMember_ResultMember	/disc/80370/081220241106513299_tse-scedjpsy-80370-20241107380370-ixbrl.htm
2024-11-07	半期	前期	単体	実績		期末発行済株式数(自己株式を含む)	NumberOfIssuedAndOutstandingSharesAtTheEndOfFiscalYearIncludingTreasuryStock	37591969	Shares	37,591,969	PriorYearInstant_NonConsolidatedMember_ResultMember	/disc/80370/081220241106513299_tse-scedjpsy-80370-20241107380370-ixbrl.htm
2024-11-07	半期	当期第2四半期累計	単体	実績		期末自己株式数	NumberOfTreasuryStockAtTheEndOfFiscalYear	4792003	Shares	4,792,003	CurrentAccumulatedQ2Instant_NonConsolidatedMember_ResultMember	/disc/80370/081220241106513299_tse-scedjpsy-80370-20241107380370-ixbrl.htm
2024-11-07	半期	前期	単体	実績		期末自己株式数	NumberOfTreasuryStockAtTheEndOfFiscalYear	3991851	Shares	3,991,851	PriorYearInstant_NonConsolidatedMember_ResultMember	/disc/80370/081220241106513299_tse-scedjpsy-80370-20241107380370-ixbrl.htm
2024-11-07	半期	当期第2四半期累計	単体	実績		期中平均株式数	AverageNumberOfShares	33197859	Shares	33,197,859	CurrentAccumulatedQ2Duration_NonConsolidatedMember_ResultMember	/disc/80370/081220241106513299_tse-scedjpsy-80370-20241107380370-ixbrl.htm
2024-11-07	半期	前期第2四半期累計	単体	実績		期中平均株式数	AverageNumberOfShares	33600361	Shares	33,600,361	PriorAccumulatedQ2Duration_NonConsolidatedMember_ResultMember	/disc/80370/081220241106513299_tse-scedjpsy-80370-20241107380370-ixbrl.htm
2024-11-07	半期	当期				将来情報の利用に関する注意	NotesForUsingForecastedInformationAndOthers			本資料に記載されている業績見通し等の将来に関する記述は、当社が現在入手している情報及び合理的であると判断する一定の前提に基づいており、その達成を当社として約束する趣旨のものではありません。また、実際の業績等は様々な要因により大きく異なる可能性があります。業績予想の前提となる条件及び業績予想のご利用に当たっての注意事項等については、添付資料４ページ「１．当中間決算に関する定性的情報（３）連結業績予想などの将来予測情報に関する説明」をご覧ください。	CurrentYearDuration	/disc/80370/081220241106513299_tse-scedjpsy-80370-20241107380370-ixbrl.htm
2024-11-07	半期	当期				決算期末	FiscalYearEnd			2025-03-31	CurrentYearInstant	/disc/80370/081220241106513299_tse-scedjpsy-80370-20241107380370-ixbrl.htm
2024-11-07	半期	当期第2四半期累計				四半期	QuarterlyPeriod	2	Pure	2	CurrentAccumulatedQ2Instant	/disc/80370/081220241106513299_tse-scedjpsy-80370-20241107380370-ixbrl.htm
2025-02-13	四半期	当期第3四半期累計				書類名	DocumentName			第3四半期決算短信〔日本基準〕（連結）	CurrentAccumulatedQ3Instant	/disc/80370/081220250212570974_tse-qcedjpsm-80370-20250213380370-ixbrl.htm
2025-02-13	四半期	当期第3四半期累計				提出日	FilingDate			2025年2月13日	CurrentAccumulatedQ3Instant	/disc/80370/081220250212570974_tse-qcedjpsm-80370-20250213380370-ixbrl.htm
2025-02-13	四半期	当期第3四半期累計				会社名	CompanyName			カメイ株式会社	CurrentAccumulatedQ3Instant	/disc/80370/081220250212570974_tse-qcedjpsm-80370-20250213380370-ixbrl.htm
2025-02-13	四半期	当期第3四半期累計					TokyoStockExchange			東	CurrentAccumulatedQ3Instant	/disc/80370/081220250212570974_tse-qcedjpsm-80370-20250213380370-ixbrl.htm
2025-02-13	四半期	当期第3四半期累計				証券コード	SecuritiesCode			8037	CurrentAccumulatedQ3Instant	/disc/80370/081220250212570974_tse-qcedjpsm-80370-20250213380370-ixbrl.htm
2025-02-13	四半期	当期第3四半期累計				URL	URL			https://www.kamei.co.jp/	CurrentAccumulatedQ3Instant	/disc/80370/081220250212570974_tse-qcedjpsm-80370-20250213380370-ixbrl.htm
2025-02-13	四半期	当期第3四半期累計				代表者の役職	TitleRepresentative			代表取締役社長	CurrentAccumulatedQ3Instant	/disc/80370/081220250212570974_tse-qcedjpsm-80370-20250213380370-ixbrl.htm
2025-02-13	四半期	当期第3四半期累計				代表者名	NameRepresentative			亀井昭男	CurrentAccumulatedQ3Instant	/disc/80370/081220250212570974_tse-qcedjpsm-80370-20250213380370-ixbrl.htm
2025-02-13	四半期	当期第3四半期累計					TitleInquiries			管理部長	CurrentAccumulatedQ3Instant	/disc/80370/081220250212570974_tse-qcedjpsm-80370-20250213380370-ixbrl.htm
2025-02-13	四半期	当期第3四半期累計					NameInquiries			遠藤忠章	CurrentAccumulatedQ3Instant	/disc/80370/081220250212570974_tse-qcedjpsm-80370-20250213380370-ixbrl.htm
2025-02-13	四半期	当期第3四半期累計					Tel			022-264-6111	CurrentAccumulatedQ3Instant	/disc/80370/081220250212570974_tse-qcedjpsm-80370-20250213380370-ixbrl.htm
2025-02-13	四半期	当期第3四半期累計					SupplementalMaterialOfResults			無	CurrentAccumulatedQ3Instant	/disc/80370/081220250212570974_tse-qcedjpsm-80370-20250213380370-ixbrl.htm
2025-02-13	四半期	当期第3四半期累計					ConveningBriefingOfResults			無	CurrentAccumulatedQ3Instant	/disc/80370/081220250212570974_tse-qcedjpsm-80370-20250213380370-ixbrl.htm
2025-02-13	四半期	当期第3四半期累計					NoteToFractionProcessingMethod			（百万円未満切捨て）	CurrentAccumulatedQ3Instant	/disc/80370/081220250212570974_tse-qcedjpsm-80370-20250213380370-ixbrl.htm
2025-02-13	四半期	当期第3四半期累計	連結	実績		売上高	NetSales	408684000000	JPY	408,684	CurrentAccumulatedQ3Duration_ConsolidatedMember_ResultMember	/disc/80370/081220250212570974_tse-qcedjpsm-80370-20250213380370-ixbrl.htm
2025-02-13	四半期	当期第3四半期累計	連結	実績		売上高の増減率	ChangeInNetSales	-0.007	Pure	0.7	CurrentAccumulatedQ3Duration_ConsolidatedMember_ResultMember	/disc/80370/081220250212570974_tse-qcedjpsm-80370-20250213380370-ixbrl.htm
2025-02-13	四半期	当期第3四半期累計	連結	実績		営業利益	OperatingIncome	10265000000	JPY	10,265	CurrentAccumulatedQ3Duration_ConsolidatedMember_ResultMember	/disc/80370/081220250212570974_tse-qcedjpsm-80370-20250213380370-ixbrl.htm
2025-02-13	四半期	当期第3四半期累計	連結	実績		営業利益の増減率	ChangeInOperatingIncome	-0.047	Pure	4.7	CurrentAccumulatedQ3Duration_ConsolidatedMember_ResultMember	/disc/80370/081220250212570974_tse-qcedjpsm-80370-20250213380370-ixbrl.htm
2025-02-13	四半期	当期第3四半期累計	連結	実績		経常利益	OrdinaryIncome	11649000000	JPY	11,649	CurrentAccumulatedQ3Duration_ConsolidatedMember_ResultMember	/disc/80370/081220250212570974_tse-qcedjpsm-80370-20250213380370-ixbrl.htm
2025-02-13	四半期	当期第3四半期累計	連結	実績		経常利益の増減率	ChangeInOrdinaryIncome	-0.012	Pure	1.2	CurrentAccumulatedQ3Duration_ConsolidatedMember_ResultMember	/disc/80370/081220250212570974_tse-qcedjpsm-80370-20250213380370-ixbrl.htm
2025-02-13	四半期	当期第3四半期累計	連結	実績		親会社株主に帰属する当期純利益	ProfitAttributableToOwnersOfParent	7113000000	JPY	7,113	CurrentAccumulatedQ3Duration_ConsolidatedMember_ResultMember	/disc/80370/081220250212570974_tse-qcedjpsm-80370-20250213380370-ixbrl.htm
2025-02-13	四半期	当期第3四半期累計	連結	実績		親会社株主に帰属する当期純利益の増減率	ChangeInProfitAttributableToOwnersOfParent	0.035	Pure	3.5	CurrentAccumulatedQ3Duration_ConsolidatedMember_ResultMember	/disc/80370/081220250212570974_tse-qcedjpsm-80370-20250213380370-ixbrl.htm
2025-02-13	四半期	前期第3四半期累計	連結	実績		売上高	NetSales	411687000000	JPY	411,687	PriorAccumulatedQ3Duration_ConsolidatedMember_ResultMember	/disc/80370/081220250212570974_tse-qcedjpsm-80370-20250213380370-ixbrl.htm
2025-02-13	四半期	前期第3四半期累計	連結	実績		売上高の増減率	ChangeInNetSales	0.049	Pure	4.9	PriorAccumulatedQ3Duration_ConsolidatedMember_ResultMember	/disc/80370/081220250212570974_tse-qcedjpsm-80370-20250213380370-ixbrl.htm
2025-02-13	四半期	前期第3四半期累計	連結	実績		営業利益	OperatingIncome	10772000000	JPY	10,772	PriorAccumulatedQ3Duration_ConsolidatedMember_ResultMember	/disc/80370/081220250212570974_tse-qcedjpsm-80370-20250213380370-ixbrl.htm
2025-02-13	四半期	前期第3四半期累計	連結	実績		営業利益の増減率	ChangeInOperatingIncome	0.093	Pure	9.3	PriorAccumulatedQ3Duration_ConsolidatedMember_ResultMember	/disc/80370/081220250212570974_tse-qcedjpsm-80370-20250213380370-ixbrl.htm
2025-02-13	四半期	前期第3四半期累計	連結	実績		経常利益	OrdinaryIncome	11793000000	JPY	11,793	PriorAccumulatedQ3Duration_ConsolidatedMember_ResultMember	/disc/80370/081220250212570974_tse-qcedjpsm-80370-20250213380370-ixbrl.htm
2025-02-13	四半期	前期第3四半期累計	連結	実績		経常利益の増減率	ChangeInOrdinaryIncome	0.077	Pure	7.7	PriorAccumulatedQ3Duration_ConsolidatedMember_ResultMember	/disc/80370/081220250212570974_tse-qcedjpsm-80370-20250213380370-ixbrl.htm
2025-02-13	四半期	前期第3四半期累計	連結	実績		親会社株主に帰属する当期純利益	ProfitAttributableToOwnersOfParent	6875000000	JPY	6,875	PriorAccumulatedQ3Duration_ConsolidatedMember_ResultMember	/disc/80370/081220250212570974_tse-qcedjpsm-80370-20250213380370-ixbrl.htm
2025-02-13	四半期	前期第3四半期累計	連結	実績		親会社株主に帰属する当期純利益の増減率	ChangeInProfitAttributableToOwnersOfParent	-0.022	Pure	2.2	PriorAccumulatedQ3Duration_ConsolidatedMember_ResultMember	/disc/80370/081220250212570974_tse-qcedjpsm-80370-20250213380370-ixbrl.htm
2025-02-13	四半期	当期第3四半期累計	連結	実績		包括利益	ComprehensiveIncome	8331000000	JPY	8,331	CurrentAccumulatedQ3Duration_ConsolidatedMember_ResultMember	/disc/80370/081220250212570974_tse-qcedjpsm-80370-20250213380370-ixbrl.htm
2025-02-13	四半期	当期第3四半期累計	連結	実績		包括利益の増減率	ChangeInComprehensiveIncome	-0.345	Pure	34.5	CurrentAccumulatedQ3Duration_ConsolidatedMember_ResultMember	/disc/80370/081220250212570974_tse-qcedjpsm-80370-20250213380370-ixbrl.htm
2025-02-13	四半期	前期第3四半期累計	連結	実績		包括利益	ComprehensiveIncome	12725000000	JPY	12,725	PriorAccumulatedQ3Duration_ConsolidatedMember_ResultMember	/disc/80370/081220250212570974_tse-qcedjpsm-80370-20250213380370-ixbrl.htm
2025-02-13	四半期	前期第3四半期累計	連結	実績		包括利益の増減率	ChangeInComprehensiveIncome	-0.073	Pure	7.3	PriorAccumulatedQ3Duration_ConsolidatedMember_ResultMember	/disc/80370/081220250212570974_tse-qcedjpsm-80370-20250213380370-ixbrl.htm
2025-02-13	四半期	当期第3四半期累計	連結	実績		1株当たり当期純利益	NetIncomePerShare	215.07	JPYPerShares	215.07	CurrentAccumulatedQ3Duration_ConsolidatedMember_ResultMember	/disc/80370/081220250212570974_tse-qcedjpsm-80370-20250213380370-ixbrl.htm
2025-02-13	四半期	前期第3四半期累計	連結	実績		1株当たり当期純利益	NetIncomePerShare	204.62	JPYPerShares	204.62	PriorAccumulatedQ3Duration_ConsolidatedMember_ResultMember	/disc/80370/081220250212570974_tse-qcedjpsm-80370-20250213380370-ixbrl.htm
2025-02-13	四半期	当期第3四半期累計	連結	実績		総資産	TotalAssets	324455000000	JPY	324,455	CurrentAccumulatedQ3Instant_ConsolidatedMember_ResultMember	/disc/80370/081220250212570974_tse-qcedjpsm-80370-20250213380370-ixbrl.htm
2025-02-13	四半期	当期第3四半期累計	連結	実績		純資産	NetAssets	163934000000	JPY	163,934	CurrentAccumulatedQ3Instant_ConsolidatedMember_ResultMember	/disc/80370/081220250212570974_tse-qcedjpsm-80370-20250213380370-ixbrl.htm
2025-02-13	四半期	当期第3四半期累計	連結	実績		自己資本比率	CapitalAdequacyRatio	0.480	Pure	48.0	CurrentAccumulatedQ3Instant_ConsolidatedMember_ResultMember	/disc/80370/081220250212570974_tse-qcedjpsm-80370-20250213380370-ixbrl.htm
2025-02-13	四半期	前期	連結	実績		総資産	TotalAssets	324610000000	JPY	324,610	PriorYearInstant_ConsolidatedMember_ResultMember	/disc/80370/081220250212570974_tse-qcedjpsm-80370-20250213380370-ixbrl.htm
2025-02-13	四半期	前期	連結	実績		純資産	NetAssets	159067000000	JPY	159,067	PriorYearInstant_ConsolidatedMember_ResultMember	/disc/80370/081220250212570974_tse-qcedjpsm-80370-20250213380370-ixbrl.htm
2025-02-13	四半期	前期	連結	実績		自己資本比率	CapitalAdequacyRatio	0.465	Pure	46.5	PriorYearInstant_ConsolidatedMember_ResultMember	/disc/80370/081220250212570974_tse-qcedjpsm-80370-20250213380370-ixbrl.htm
2025-02-13	四半期	当期第3四半期累計	連結	実績		自己資本	OwnersEquity	155611000000	JPY	155,611	CurrentAccumulatedQ3Instant_ConsolidatedMember_ResultMember	/disc/80370/081220250212570974_tse-qcedjpsm-80370-20250213380370-ixbrl.htm
2025-02-13	四半期	前期	連結	実績		自己資本	OwnersEquity	151006000000	JPY	151,006	PriorYearInstant_ConsolidatedMember_ResultMember	/disc/80370/081220250212570974_tse-qcedjpsm-80370-20250213380370-ixbrl.htm
2025-02-13	四半期	前期	単体	実績	第2四半期末	1株当たり配当金	DividendPerShare	22.00	JPYPerShares	22.00	PriorYearDuration_SecondQuarterMember_NonConsolidatedMember_ResultMember	/disc/80370/081220250212570974_tse-qcedjpsm-80370-20250213380370-ixbrl.htm
2025-02-13	四半期	前期	単体	実績	期末	1株当たり配当金	DividendPerShare	26.00	JPYPerShares	26.00	PriorYearDuration_YearEndMember_NonConsolidatedMember_ResultMember	/disc/80370/081220250212570974_tse-qcedjpsm-80370-20250213380370-ixbrl.htm
2025-02-13	四半期	前期	単体	実績	合計	1株当たり配当金	DividendPerShare	48.00	JPYPerShares	48.00	PriorYearDuration_AnnualMember_NonConsolidatedMember_ResultMember	/disc/80370/081220250212570974_tse-qcedjpsm-80370-20250213380370-ixbrl.htm
2025-02-13	四半期	当期	単体	実績	第2四半期末	1株当たり配当金	DividendPerShare	28.00	JPYPerShares	28.00	CurrentYearDuration_SecondQuarterMember_NonConsolidatedMember_ResultMember	/disc/80370/081220250212570974_tse-qcedjpsm-80370-20250213380370-ixbrl.htm
2025-02-13	四半期	当期	単体	予想	期末	1株当たり配当金	DividendPerShare	35.00	JPYPerShares	35.00	CurrentYearDuration_YearEndMember_NonConsolidatedMember_ForecastMember	/disc/80370/081220250212570974_tse-qcedjpsm-80370-20250213380370-ixbrl.htm
2025-02-13	四半期	当期	単体	予想	合計	1株当たり配当金	DividendPerShare	63.00	JPYPerShares	63.00	CurrentYearDuration_AnnualMember_NonConsolidatedMember_ForecastMember	/disc/80370/081220250212570974_tse-qcedjpsm-80370-20250213380370-ixbrl.htm
2025-02-13	四半期	当期	単体	実績	合計	当四半期における配当予想の修正	CorrectionOfDividendForecastInThisQuarter			有	CurrentYearDuration_AnnualMember_NonConsolidatedMember_ResultMember	/disc/80370/081220250212570974_tse-qcedjpsm-80370-20250213380370-ixbrl.htm
2025-02-13	四半期	当期第1四半期累計	単体	実績	合計	配当の注記	NoteToDividends			・配当予想の変更については、本日公表の「期末配当予想の修正（増配）に関するお知らせ」をご覧ください。	CurrentAccumulatedQ1Duration_AnnualMember_NonConsolidatedMember_ResultMember	/disc/80370/081220250212570974_tse-qcedjpsm-80370-20250213380370-ixbrl.htm
2025-02-13	四半期	当期	連結	予想		業績予想の見出し	TitleForForecasts			3．2025年3月期の連結業績予想（2024年4月1日～2025年3月31日）	CurrentYearDuration_ConsolidatedMember_ForecastMember	/disc/80370/081220250212570974_tse-qcedjpsm-80370-20250213380370-ixbrl.htm
2025-02-13	四半期	当期	連結	予想		売上高	NetSales	569000000000	JPY	569,000	CurrentYearDuration_ConsolidatedMember_ForecastMember	/disc/80370/081220250212570974_tse-qcedjpsm-80370-20250213380370-ixbrl.htm
2025-02-13	四半期	当期	連結	予想		売上高の増減率	ChangeInNetSales	-0.006	Pure	0.6	CurrentYearDuration_ConsolidatedMember_ForecastMember	/disc/80370/081220250212570974_tse-qcedjpsm-80370-20250213380370-ixbrl.htm
2025-02-13	四半期	当期	連結	予想		営業利益	OperatingIncome	14700000000	JPY	14,700	CurrentYearDuration_ConsolidatedMember_ForecastMember	/disc/80370/081220250212570974_tse-qcedjpsm-80370-20250213380370-ixbrl.htm
2025-02-13	四半期	当期	連結	予想		営業利益の増減率	ChangeInOperatingIncome	-0.062	Pure	6.2	CurrentYearDuration_ConsolidatedMember_ForecastMember	/disc/80370/081220250212570974_tse-qcedjpsm-80370-20250213380370-ixbrl.htm
2025-02-13	四半期	当期	連結	予想		経常利益	OrdinaryIncome	16000000000	JPY	16,000	CurrentYearDuration_ConsolidatedMember_ForecastMember	/disc/80370/081220250212570974_tse-qcedjpsm-80370-20250213380370-ixbrl.htm
2025-02-13	四半期	当期	連結	予想		経常利益の増減率	ChangeInOrdinaryIncome	-0.062	Pure	6.2	CurrentYearDuration_ConsolidatedMember_ForecastMember	/disc/80370/081220250212570974_tse-qcedjpsm-80370-20250213380370-ixbrl.htm
2025-02-13	四半期	当期	連結	予想		親会社株主に帰属する当期純利益	ProfitAttributableToOwnersOfParent	9500000000	JPY	9,500	CurrentYearDuration_ConsolidatedMember_ForecastMember	/disc/80370/081220250212570974_tse-qcedjpsm-80370-20250213380370-ixbrl.htm
2025-02-13	四半期	当期	連結	予想		親会社株主に帰属する当期純利益の増減率	ChangeInProfitAttributableToOwnersOfParent	-0.060	Pure	6.0	CurrentYearDuration_ConsolidatedMember_ForecastMember	/disc/80370/081220250212570974_tse-qcedjpsm-80370-20250213380370-ixbrl.htm
2025-02-13	四半期	当期	連結	予想		1株当たり当期純利益	NetIncomePerShare	287.21	JPYPerShares	287.21	CurrentYearDuration_ConsolidatedMember_ForecastMember	/disc/80370/081220250212570974_tse-qcedjpsm-80370-20250213380370-ixbrl.htm
2025-02-13	四半期	当期	連結	予想		当四半期における業績予想の修正	CorrectionOfConsolidatedFinancialForecastInThisQuarter			無	CurrentYearDuration_ConsolidatedMember_ForecastMember	/disc/80370/081220250212570974_tse-qcedjpsm-80370-20250213380370-ixbrl.htm
2025-02-13	四半期	当期	連結	予想			PreambleToForecasts			2.当社は取締役会の決議に替わる2024年5月13日付の書面決議により、自己株式の取得について決議しました。2025年3月期の連結業績予想における「1株当たり当期純利益」については、当該自己株式の取得の影響を考慮しております。なお、当該自己株式の取得については添付資料8ページ「2．四半期連結財務諸表及び主な注記（3）四半期連結財務諸表に関する注記事項（株主資本の金額に著しい変動があった場合の注記）」をご覧ください。	CurrentYearDuration_ConsolidatedMember_ForecastMember	/disc/80370/081220250212570974_tse-qcedjpsm-80370-20250213380370-ixbrl.htm
2025-02-13	四半期	当期第3四半期累計	連結	実績		期中の連結範囲の重要な変更	SignificantChangesInTheScopeOfConsolidationDuringThePeriod			無	CurrentAccumulatedQ3Duration_ConsolidatedMember_ResultMember	/disc/80370/081220250212570974_tse-qcedjpsm-80370-20250213380370-ixbrl.htm
2025-02-13	四半期	当期第3四半期累計	連結	実績			ApplyingOfSpecificAccountingOfTheConsolidatedQuarterlyFinancialStatements			無	CurrentAccumulatedQ3Duration_ConsolidatedMember_ResultMember	/disc/80370/081220250212570974_tse-qcedjpsm-80370-20250213380370-ixbrl.htm
2025-02-13	四半期	当期第3四半期累計	連結	実績		会計基準等の改正に伴う変更	ChangesBasedOnRevisionsOfAccountingStandard			有	CurrentAccumulatedQ3Duration_ConsolidatedMember_ResultMember	/disc/80370/081220250212570974_tse-qcedjpsm-80370-20250213380370-ixbrl.htm
2025-02-13	四半期	当期第3四半期累計	連結	実績		それ以外の会計方針の変更	ChangesOtherThanOnesBasedOnRevisionsOfAccountingStandard			無	CurrentAccumulatedQ3Duration_ConsolidatedMember_ResultMember	/disc/80370/081220250212570974_tse-qcedjpsm-80370-20250213380370-ixbrl.htm
2025-02-13	四半期	当期第3四半期累計	連結	実績		会計上の見積りの変更	ChangesInAccountingEstimates			無	CurrentAccumulatedQ3Duration_ConsolidatedMember_ResultMember	/disc/80370/081220250212570974_tse-qcedjpsm-80370-20250213380370-ixbrl.htm
2025-02-13	四半期	当期第3四半期累計	連結	実績		修正再表示	RetrospectiveRestatement			無	CurrentAccumulatedQ3Duration_ConsolidatedMember_ResultMember	/disc/80370/081220250212570974_tse-qcedjpsm-80370-20250213380370-ixbrl.htm
2025-02-13	四半期	当期第3四半期累計	単体	実績		期末発行済株式数(自己株式を含む)	NumberOfIssuedAndOutstandingSharesAtTheEndOfFiscalYearIncludingTreasuryStock	37591969	Shares	37,591,969	CurrentAccumulatedQ3Instant_NonConsolidatedMember_ResultMember	/disc/80370/081220250212570974_tse-qcedjpsm-80370-20250213380370-ixbrl.htm
2025-02-13	四半期	前期	単体	実績		期末発行済株式数(自己株式を含む)	NumberOfIssuedAndOutstandingSharesAtTheEndOfFiscalYearIncludingTreasuryStock	37591969	Shares	37,591,969	PriorYearInstant_NonConsolidatedMember_ResultMember	/disc/80370/081220250212570974_tse-qcedjpsm-80370-20250213380370-ixbrl.htm
2025-02-13	四半期	当期第3四半期累計	単体	実績		期末自己株式数	NumberOfTreasuryStockAtTheEndOfFiscalYear	4792139	Shares	4,792,139	CurrentAccumulatedQ3Instant_NonConsolidatedMember_ResultMember	/disc/80370/081220250212570974_tse-qcedjpsm-80370-20250213380370-ixbrl.htm
2025-02-13	四半期	前期	単体	実績		期末自己株式数	NumberOfTreasuryStockAtTheEndOfFiscalYear	3991851	Shares	3,991,851	PriorYearInstant_NonConsolidatedMember_ResultMember	/disc/80370/081220250212570974_tse-qcedjpsm-80370-20250213380370-ixbrl.htm
2025-02-13	四半期	当期第3四半期累計	単体	実績		期中平均株式数	AverageNumberOfShares	33077333	Shares	33,077,333	CurrentAccumulatedQ3Duration_NonConsolidatedMember_ResultMember	/disc/80370/081220250212570974_tse-qcedjpsm-80370-20250213380370-ixbrl.htm
2025-02-13	四半期	前期第3四半期累計	単体	実績		期中平均株式数	AverageNumberOfShares	33600349	Shares	33,600,349	PriorAccumulatedQ3Duration_NonConsolidatedMember_ResultMember	/disc/80370/081220250212570974_tse-qcedjpsm-80370-20250213380370-ixbrl.htm
2025-02-13	四半期	当期第3四半期累計					ReviewOfAttachedConsolidatedQuarterlyFinancialStatementsByACertifiedPublicAccountantOrAnAuditFirm			無	CurrentAccumulatedQ3Duration	/disc/80370/081220250212570974_tse-qcedjpsm-80370-20250213380370-ixbrl.htm
2025-02-13	四半期	当期				将来情報の利用に関する注意	NotesForUsingForecastedInformationAndOthers			本資料に記載されている業績見通し等の将来に関する記述は、当社が現在入手している情報及び合理的であると判断する一定の前提に基づいており、その達成を当社として約束する趣旨のものではありません。また、実際の業績等は様々な要因により大きく異なる可能性があります。業績予想の前提となる条件及び業績予想のご利用に当たっての注意事項等については、添付資料3ページ「1．当四半期決算に関する定性的情報（3）連結業績予想などの将来予測情報に関する説明」をご覧ください。&#160;	CurrentYearDuration	/disc/80370/081220250212570974_tse-qcedjpsm-80370-20250213380370-ixbrl.htm
2025-02-13	四半期	当期				決算期末	FiscalYearEnd			2025-03-31	CurrentYearInstant	/disc/80370/081220250212570974_tse-qcedjpsm-80370-20250213380370-ixbrl.htm
2025-02-13	四半期	当期第3四半期累計				四半期	QuarterlyPeriod	3	Pure	3	CurrentAccumulatedQ3Instant	/disc/80370/081220250212570974_tse-qcedjpsm-80370-20250213380370-ixbrl.htm
2025-05-13	年次	当期				書類名	DocumentName			決算短信〔日本基準〕（連結）	CurrentYearInstant	/disc/80370/081220250513543819_tse-acedjpsm-80370-20250513380370-ixbrl.htm
2025-05-13	年次	当期				提出日	FilingDate			2025年5月13日	CurrentYearInstant	/disc/80370/081220250513543819_tse-acedjpsm-80370-20250513380370-ixbrl.htm
2025-05-13	年次	当期				会社名	CompanyName			カメイ株式会社	CurrentYearInstant	/disc/80370/081220250513543819_tse-acedjpsm-80370-20250513380370-ixbrl.htm
2025-05-13	年次	当期					TokyoStockExchange			東	CurrentYearInstant	/disc/80370/081220250513543819_tse-acedjpsm-80370-20250513380370-ixbrl.htm
2025-05-13	年次	当期				証券コード	SecuritiesCode			8037	CurrentYearInstant	/disc/80370/081220250513543819_tse-acedjpsm-80370-20250513380370-ixbrl.htm
2025-05-13	年次	当期				URL	URL			https://www.kamei.co.jp/	CurrentYearInstant	/disc/80370/081220250513543819_tse-acedjpsm-80370-20250513380370-ixbrl.htm
2025-05-13	年次	当期				代表者の役職	TitleRepresentative			代表取締役社長	CurrentYearInstant	/disc/80370/081220250513543819_tse-acedjpsm-80370-20250513380370-ixbrl.htm
2025-05-13	年次	当期				代表者名	NameRepresentative			亀井 昭男	CurrentYearInstant	/disc/80370/081220250513543819_tse-acedjpsm-80370-20250513380370-ixbrl.htm
2025-05-13	年次	当期					TitleInquiries			管理部長	CurrentYearInstant	/disc/80370/081220250513543819_tse-acedjpsm-80370-20250513380370-ixbrl.htm
2025-05-13	年次	当期					NameInquiries			遠藤 忠章	CurrentYearInstant	/disc/80370/081220250513543819_tse-acedjpsm-80370-20250513380370-ixbrl.htm
2025-05-13	年次	当期					Tel			022-264-6111	CurrentYearInstant	/disc/80370/081220250513543819_tse-acedjpsm-80370-20250513380370-ixbrl.htm
2025-05-13	年次	当期					DateOfGeneralShareholdersMeetingAsPlanned			2025年6月27日	CurrentYearInstant	/disc/80370/081220250513543819_tse-acedjpsm-80370-20250513380370-ixbrl.htm
2025-05-13	年次	当期					DividendPayableDateAsPlanned			2025年6月30日	CurrentYearInstant	/disc/80370/081220250513543819_tse-acedjpsm-80370-20250513380370-ixbrl.htm
2025-05-13	年次	当期					AnnualSecuritiesReportFilingDateAsPlanned			2025年6月30日	CurrentYearInstant	/disc/80370/081220250513543819_tse-acedjpsm-80370-20250513380370-ixbrl.htm
2025-05-13	年次	当期					SupplementalMaterialOfAnnualResults			無	CurrentYearInstant	/disc/80370/081220250513543819_tse-acedjpsm-80370-20250513380370-ixbrl.htm
2025-05-13	年次	当期					ConveningBriefingOfAnnualResults			有	CurrentYearInstant	/disc/80370/081220250513543819_tse-acedjpsm-80370-20250513380370-ixbrl.htm
2025-05-13	年次	当期					NoteToFractionProcessingMethod			（百万円未満切捨て）	CurrentYearInstant	/disc/80370/081220250513543819_tse-acedjpsm-80370-20250513380370-ixbrl.htm
2025-05-13	年次	当期	連結	実績		売上高	NetSales	574281000000	JPY	574,281	CurrentYearDuration_ConsolidatedMember_ResultMember	/disc/80370/081220250513543819_tse-acedjpsm-80370-20250513380370-ixbrl.htm
2025-05-13	年次	当期	連結	実績		売上高の増減率	ChangeInNetSales	0.004	Pure	0.4	CurrentYearDuration_ConsolidatedMember_ResultMember	/disc/80370/081220250513543819_tse-acedjpsm-80370-20250513380370-ixbrl.htm
2025-05-13	年次	当期	連結	実績		営業利益	OperatingIncome	15912000000	JPY	15,912	CurrentYearDuration_ConsolidatedMember_ResultMember	/disc/80370/081220250513543819_tse-acedjpsm-80370-20250513380370-ixbrl.htm
2025-05-13	年次	当期	連結	実績		営業利益の増減率	ChangeInOperatingIncome	0.015	Pure	1.5	CurrentYearDuration_ConsolidatedMember_ResultMember	/disc/80370/081220250513543819_tse-acedjpsm-80370-20250513380370-ixbrl.htm
2025-05-13	年次	当期	連結	実績		経常利益	OrdinaryIncome	17746000000	JPY	17,746	CurrentYearDuration_ConsolidatedMember_ResultMember	/disc/80370/081220250513543819_tse-acedjpsm-80370-20250513380370-ixbrl.htm
2025-05-13	年次	当期	連結	実績		経常利益の増減率	ChangeInOrdinaryIncome	0.041	Pure	4.1	CurrentYearDuration_ConsolidatedMember_ResultMember	/disc/80370/081220250513543819_tse-acedjpsm-80370-20250513380370-ixbrl.htm
2025-05-13	年次	当期	連結	実績		親会社株主に帰属する当期純利益	ProfitAttributableToOwnersOfParent	10690000000	JPY	10,690	CurrentYearDuration_ConsolidatedMember_ResultMember	/disc/80370/081220250513543819_tse-acedjpsm-80370-20250513380370-ixbrl.htm
2025-05-13	年次	当期	連結	実績		親会社株主に帰属する当期純利益の増減率	ChangeInProfitAttributableToOwnersOfParent	0.057	Pure	5.7	CurrentYearDuration_ConsolidatedMember_ResultMember	/disc/80370/081220250513543819_tse-acedjpsm-80370-20250513380370-ixbrl.htm
2025-05-13	年次	前期	連結	実績		売上高	NetSales	572233000000	JPY	572,233	PriorYearDuration_ConsolidatedMember_ResultMember	/disc/80370/081220250513543819_tse-acedjpsm-80370-20250513380370-ixbrl.htm
2025-05-13	年次	前期	連結	実績		売上高の増減率	ChangeInNetSales	0.038	Pure	3.8	PriorYearDuration_ConsolidatedMember_ResultMember	/disc/80370/081220250513543819_tse-acedjpsm-80370-20250513380370-ixbrl.htm
2025-05-13	年次	前期	連結	実績		営業利益	OperatingIncome	15671000000	JPY	15,671	PriorYearDuration_ConsolidatedMember_ResultMember	/disc/80370/081220250513543819_tse-acedjpsm-80370-20250513380370-ixbrl.htm
2025-05-13	年次	前期	連結	実績		営業利益の増減率	ChangeInOperatingIncome	0.003	Pure	0.3	PriorYearDuration_ConsolidatedMember_ResultMember	/disc/80370/081220250513543819_tse-acedjpsm-80370-20250513380370-ixbrl.htm
2025-05-13	年次	前期	連結	実績		経常利益	OrdinaryIncome	17053000000	JPY	17,053	PriorYearDuration_ConsolidatedMember_ResultMember	/disc/80370/081220250513543819_tse-acedjpsm-80370-20250513380370-ixbrl.htm
2025-05-13	年次	前期	連結	実績		経常利益の増減率	ChangeInOrdinaryIncome	0.023	Pure	2.3	PriorYearDuration_ConsolidatedMember_ResultMember	/disc/80370/081220250513543819_tse-acedjpsm-80370-20250513380370-ixbrl.htm
2025-05-13	年次	前期	連結	実績		親会社株主に帰属する当期純利益	ProfitAttributableToOwnersOfParent	10111000000	JPY	10,111	PriorYearDuration_ConsolidatedMember_ResultMember	/disc/80370/081220250513543819_tse-acedjpsm-80370-20250513380370-ixbrl.htm
2025-05-13	年次	前期	連結	実績		親会社株主に帰属する当期純利益の増減率	ChangeInProfitAttributableToOwnersOfParent	0.181	Pure	18.1	PriorYearDuration_ConsolidatedMember_ResultMember	/disc/80370/081220250513543819_tse-acedjpsm-80370-20250513380370-ixbrl.htm
2025-05-13	年次	当期	連結	実績		包括利益	ComprehensiveIncome	14829000000	JPY	14,829	CurrentYearDuration_ConsolidatedMember_ResultMember	/disc/80370/081220250513543819_tse-acedjpsm-80370-20250513380370-ixbrl.htm
2025-05-13	年次	当期	連結	実績		包括利益の増減率	ChangeInComprehensiveIncome	-0.093	Pure	9.3	CurrentYearDuration_ConsolidatedMember_ResultMember	/disc/80370/081220250513543819_tse-acedjpsm-80370-20250513380370-ixbrl.htm
2025-05-13	年次	前期	連結	実績		包括利益	ComprehensiveIncome	16349000000	JPY	16,349	PriorYearDuration_ConsolidatedMember_ResultMember	/disc/80370/081220250513543819_tse-acedjpsm-80370-20250513380370-ixbrl.htm
2025-05-13	年次	前期	連結	実績		包括利益の増減率	ChangeInComprehensiveIncome	0.241	Pure	24.1	PriorYearDuration_ConsolidatedMember_ResultMember	/disc/80370/081220250513543819_tse-acedjpsm-80370-20250513380370-ixbrl.htm
2025-05-13	年次	当期	連結	実績		1株当たり当期純利益	NetIncomePerShare	326.38	JPYPerShares	326.38	CurrentYearDuration_ConsolidatedMember_ResultMember	/disc/80370/081220250513543819_tse-acedjpsm-80370-20250513380370-ixbrl.htm
2025-05-13	年次	当期	連結	実績		自己資本当期純利益率(ROE)	NetIncomeToShareholdersEquityRatio	0.069	Pure	6.9	CurrentYearDuration_ConsolidatedMember_ResultMember	/disc/80370/081220250513543819_tse-acedjpsm-80370-20250513380370-ixbrl.htm
2025-05-13	年次	当期	連結	実績		総資産経常利益率(ROA)	OrdinaryIncomeToTotalAssetsRatio	0.055	Pure	5.5	CurrentYearDuration_ConsolidatedMember_ResultMember	/disc/80370/081220250513543819_tse-acedjpsm-80370-20250513380370-ixbrl.htm
2025-05-13	年次	当期	連結	実績		売上高営業利益率	OperatingIncomeToNetSalesRatio	0.028	Pure	2.8	CurrentYearDuration_ConsolidatedMember_ResultMember	/disc/80370/081220250513543819_tse-acedjpsm-80370-20250513380370-ixbrl.htm
2025-05-13	年次	前期	連結	実績		1株当たり当期純利益	NetIncomePerShare	300.93	JPYPerShares	300.93	PriorYearDuration_ConsolidatedMember_ResultMember	/disc/80370/081220250513543819_tse-acedjpsm-80370-20250513380370-ixbrl.htm
2025-05-13	年次	前期	連結	実績		自己資本当期純利益率(ROE)	NetIncomeToShareholdersEquityRatio	0.070	Pure	7.0	PriorYearDuration_ConsolidatedMember_ResultMember	/disc/80370/081220250513543819_tse-acedjpsm-80370-20250513380370-ixbrl.htm
2025-05-13	年次	前期	連結	実績		総資産経常利益率(ROA)	OrdinaryIncomeToTotalAssetsRatio	0.054	Pure	5.4	PriorYearDuration_ConsolidatedMember_ResultMember	/disc/80370/081220250513543819_tse-acedjpsm-80370-20250513380370-ixbrl.htm
2025-05-13	年次	前期	連結	実績		売上高営業利益率	OperatingIncomeToNetSalesRatio	0.027	Pure	2.7	PriorYearDuration_ConsolidatedMember_ResultMember	/disc/80370/081220250513543819_tse-acedjpsm-80370-20250513380370-ixbrl.htm
2025-05-13	年次	当期	連結	実績		持分法投資損益	InvestmentProfitLossOnEquityMethod	217000000	JPY	217	CurrentYearDuration_ConsolidatedMember_ResultMember	/disc/80370/081220250513543819_tse-acedjpsm-80370-20250513380370-ixbrl.htm
2025-05-13	年次	前期	連結	実績		持分法投資損益	InvestmentProfitLossOnEquityMethod	218000000	JPY	218	PriorYearDuration_ConsolidatedMember_ResultMember	/disc/80370/081220250513543819_tse-acedjpsm-80370-20250513380370-ixbrl.htm
2025-05-13	年次	当期	連結	実績		総資産	TotalAssets	320710000000	JPY	320,710	CurrentYearInstant_ConsolidatedMember_ResultMember	/disc/80370/081220250513543819_tse-acedjpsm-80370-20250513380370-ixbrl.htm
2025-05-13	年次	当期	連結	実績		純資産	NetAssets	166463000000	JPY	166,463	CurrentYearInstant_ConsolidatedMember_ResultMember	/disc/80370/081220250513543819_tse-acedjpsm-80370-20250513380370-ixbrl.htm
2025-05-13	年次	当期	連結	実績		自己資本比率	CapitalAdequacyRatio	0.493	Pure	49.3	CurrentYearInstant_ConsolidatedMember_ResultMember	/disc/80370/081220250513543819_tse-acedjpsm-80370-20250513380370-ixbrl.htm
2025-05-13	年次	当期	連結	実績		1株当たり純資産	NetAssetsPerShare	5167.35	JPYPerShares	5,167.35	CurrentYearInstant_ConsolidatedMember_ResultMember	/disc/80370/081220250513543819_tse-acedjpsm-80370-20250513380370-ixbrl.htm
2025-05-13	年次	前期	連結	実績		総資産	TotalAssets	324610000000	JPY	324,610	PriorYearInstant_ConsolidatedMember_ResultMember	/disc/80370/081220250513543819_tse-acedjpsm-80370-20250513380370-ixbrl.htm
2025-05-13	年次	前期	連結	実績		純資産	NetAssets	159067000000	JPY	159,067	PriorYearInstant_ConsolidatedMember_ResultMember	/disc/80370/081220250513543819_tse-acedjpsm-80370-20250513380370-ixbrl.htm
2025-05-13	年次	前期	連結	実績		自己資本比率	CapitalAdequacyRatio	0.465	Pure	46.5	PriorYearInstant_ConsolidatedMember_ResultMember	/disc/80370/081220250513543819_tse-acedjpsm-80370-20250513380370-ixbrl.htm
2025-05-13	年次	前期	連結	実績		1株当たり純資産	NetAssetsPerShare	4494.24	JPYPerShares	4,494.24	PriorYearInstant_ConsolidatedMember_ResultMember	/disc/80370/081220250513543819_tse-acedjpsm-80370-20250513380370-ixbrl.htm
2025-05-13	年次	当期	連結	実績		自己資本	OwnersEquity	158119000000	JPY	158,119	CurrentYearInstant_ConsolidatedMember_ResultMember	/disc/80370/081220250513543819_tse-acedjpsm-80370-20250513380370-ixbrl.htm
2025-05-13	年次	前期	連結	実績		自己資本	OwnersEquity	151006000000	JPY	151,006	PriorYearInstant_ConsolidatedMember_ResultMember	/disc/80370/081220250513543819_tse-acedjpsm-80370-20250513380370-ixbrl.htm
2025-05-13	年次	当期	連結	実績		営業キャッシュフロー	CashFlowsFromOperatingActivities	38362000000	JPY	38,362	CurrentYearDuration_ConsolidatedMember_ResultMember	/disc/80370/081220250513543819_tse-acedjpsm-80370-20250513380370-ixbrl.htm
2025-05-13	年次	当期	連結	実績		投資キャッシュフロー	CashFlowsFromInvestingActivities	-13616000000	JPY	13,616	CurrentYearDuration_ConsolidatedMember_ResultMember	/disc/80370/081220250513543819_tse-acedjpsm-80370-20250513380370-ixbrl.htm
2025-05-13	年次	当期	連結	実績		財務キャッシュフロー	CashFlowsFromFinancingActivities	-21272000000	JPY	21,272	CurrentYearDuration_ConsolidatedMember_ResultMember	/disc/80370/081220250513543819_tse-acedjpsm-80370-20250513380370-ixbrl.htm
2025-05-13	年次	当期	連結	実績		現金及び現金同等物の期末残高	CashAndEquivalentsEndOfPeriod	56177000000	JPY	56,177	CurrentYearInstant_ConsolidatedMember_ResultMember	/disc/80370/081220250513543819_tse-acedjpsm-80370-20250513380370-ixbrl.htm
2025-05-13	年次	前期	連結	実績		営業キャッシュフロー	CashFlowsFromOperatingActivities	25035000000	JPY	25,035	PriorYearDuration_ConsolidatedMember_ResultMember	/disc/80370/081220250513543819_tse-acedjpsm-80370-20250513380370-ixbrl.htm
2025-05-13	年次	前期	連結	実績		投資キャッシュフロー	CashFlowsFromInvestingActivities	-11663000000	JPY	11,663	PriorYearDuration_ConsolidatedMember_ResultMember	/disc/80370/081220250513543819_tse-acedjpsm-80370-20250513380370-ixbrl.htm
2025-05-13	年次	前期	連結	実績		財務キャッシュフロー	CashFlowsFromFinancingActivities	-6495000000	JPY	6,495	PriorYearDuration_ConsolidatedMember_ResultMember	/disc/80370/081220250513543819_tse-acedjpsm-80370-20250513380370-ixbrl.htm
2025-05-13	年次	前期	連結	実績		現金及び現金同等物の期末残高	CashAndEquivalentsEndOfPeriod	50864000000	JPY	50,864	PriorYearInstant_ConsolidatedMember_ResultMember	/disc/80370/081220250513543819_tse-acedjpsm-80370-20250513380370-ixbrl.htm
2025-05-13	年次	前期	単体	実績	第2四半期末	1株当たり配当金	DividendPerShare	22.00	JPYPerShares	22.00	PriorYearDuration_SecondQuarterMember_NonConsolidatedMember_ResultMember	/disc/80370/081220250513543819_tse-acedjpsm-80370-20250513380370-ixbrl.htm
2025-05-13	年次	前期	単体	実績	期末	1株当たり配当金	DividendPerShare	26.00	JPYPerShares	26.00	PriorYearDuration_YearEndMember_NonConsolidatedMember_ResultMember	/disc/80370/081220250513543819_tse-acedjpsm-80370-20250513380370-ixbrl.htm
2025-05-13	年次	前期	単体	実績	合計	1株当たり配当金	DividendPerShare	48.00	JPYPerShares	48.00	PriorYearDuration_AnnualMember_NonConsolidatedMember_ResultMember	/disc/80370/081220250513543819_tse-acedjpsm-80370-20250513380370-ixbrl.htm
2025-05-13	年次	前期	単体	実績	合計	配当金総額	TotalDividendPaidAnnual	1612000000	JPY	1,612	PriorYearDuration_AnnualMember_NonConsolidatedMember_ResultMember	/disc/80370/081220250513543819_tse-acedjpsm-80370-20250513380370-ixbrl.htm
2025-05-13	年次	前期	連結	実績	合計	配当性向	PayoutRatio	0.160	Pure	16.0	PriorYearDuration_AnnualMember_ConsolidatedMember_ResultMember	/disc/80370/081220250513543819_tse-acedjpsm-80370-20250513380370-ixbrl.htm
2025-05-13	年次	前期	連結	実績	合計	純資産配当率	RatioOfTotalAmountOfDividendsToNetAssets	0.011	Pure	1.1	PriorYearDuration_AnnualMember_ConsolidatedMember_ResultMember	/disc/80370/081220250513543819_tse-acedjpsm-80370-20250513380370-ixbrl.htm
2025-05-13	年次	当期	単体	実績	第2四半期末	1株当たり配当金	DividendPerShare	28.00	JPYPerShares	28.00	CurrentYearDuration_SecondQuarterMember_NonConsolidatedMember_ResultMember	/disc/80370/081220250513543819_tse-acedjpsm-80370-20250513380370-ixbrl.htm
2025-05-13	年次	当期	単体	実績	期末	1株当たり配当金	DividendPerShare	45.00	JPYPerShares	45.00	CurrentYearDuration_YearEndMember_NonConsolidatedMember_ResultMember	/disc/80370/081220250513543819_tse-acedjpsm-80370-20250513380370-ixbrl.htm
2025-05-13	年次	当期	単体	実績	合計	1株当たり配当金	DividendPerShare	73.00	JPYPerShares	73.00	CurrentYearDuration_AnnualMember_NonConsolidatedMember_ResultMember	/disc/80370/081220250513543819_tse-acedjpsm-80370-20250513380370-ixbrl.htm
2025-05-13	年次	当期	単体	実績	合計	配当金総額	TotalDividendPaidAnnual	2295000000	JPY	2,295	CurrentYearDuration_AnnualMember_NonConsolidatedMember_ResultMember	/disc/80370/081220250513543819_tse-acedjpsm-80370-20250513380370-ixbrl.htm
2025-05-13	年次	当期	連結	実績	合計	配当性向	PayoutRatio	0.224	Pure	22.4	CurrentYearDuration_AnnualMember_ConsolidatedMember_ResultMember	/disc/80370/081220250513543819_tse-acedjpsm-80370-20250513380370-ixbrl.htm
2025-05-13	年次	当期	連結	実績	合計	純資産配当率	RatioOfTotalAmountOfDividendsToNetAssets	0.015	Pure	1.5	CurrentYearDuration_AnnualMember_ConsolidatedMember_ResultMember	/disc/80370/081220250513543819_tse-acedjpsm-80370-20250513380370-ixbrl.htm
2025-05-13	年次	来期	単体	予想	第2四半期末	1株当たり配当金	DividendPerShare	50.00	JPYPerShares	50.00	NextYearDuration_SecondQuarterMember_NonConsolidatedMember_ForecastMember	/disc/80370/081220250513543819_tse-acedjpsm-80370-20250513380370-ixbrl.htm
2025-05-13	年次	来期	単体	予想	期末	1株当たり配当金	DividendPerShare	50.00	JPYPerShares	50.00	NextYearDuration_YearEndMember_NonConsolidatedMember_ForecastMember	/disc/80370/081220250513543819_tse-acedjpsm-80370-20250513380370-ixbrl.htm
2025-05-13	年次	来期	単体	予想	合計	1株当たり配当金	DividendPerShare	100.00	JPYPerShares	100.00	NextYearDuration_AnnualMember_NonConsolidatedMember_ForecastMember	/disc/80370/081220250513543819_tse-acedjpsm-80370-20250513380370-ixbrl.htm
2025-05-13	年次	来期	連結	予想	合計	配当性向	PayoutRatio	0.278	Pure	27.8	NextYearDuration_AnnualMember_ConsolidatedMember_ForecastMember	/disc/80370/081220250513543819_tse-acedjpsm-80370-20250513380370-ixbrl.htm
2025-05-13	年次	来期	連結	予想		業績予想の見出し	TitleForForecasts			３．2026年3月期の連結業績予想（2025年4月1日～2026年3月31日）	NextYearDuration_ConsolidatedMember_ForecastMember	/disc/80370/081220250513543819_tse-acedjpsm-80370-20250513380370-ixbrl.htm
2025-05-13	年次		連結	予想		売上高	NetSales	262330000000	JPY	262,330	NextAccumulatedQ2Duration_ConsolidatedMember_ForecastMember	/disc/80370/081220250513543819_tse-acedjpsm-80370-20250513380370-ixbrl.htm
2025-05-13	年次		連結	予想		売上高の増減率	ChangeInNetSales	0.022	Pure	2.2	NextAccumulatedQ2Duration_ConsolidatedMember_ForecastMember	/disc/80370/081220250513543819_tse-acedjpsm-80370-20250513380370-ixbrl.htm
2025-05-13	年次		連結	予想		営業利益	OperatingIncome	6260000000	JPY	6,260	NextAccumulatedQ2Duration_ConsolidatedMember_ForecastMember	/disc/80370/081220250513543819_tse-acedjpsm-80370-20250513380370-ixbrl.htm
2025-05-13	年次		連結	予想		営業利益の増減率	ChangeInOperatingIncome	-0.020	Pure	2.0	NextAccumulatedQ2Duration_ConsolidatedMember_ForecastMember	/disc/80370/081220250513543819_tse-acedjpsm-80370-20250513380370-ixbrl.htm
2025-05-13	年次		連結	予想		経常利益	OrdinaryIncome	6840000000	JPY	6,840	NextAccumulatedQ2Duration_ConsolidatedMember_ForecastMember	/disc/80370/081220250513543819_tse-acedjpsm-80370-20250513380370-ixbrl.htm
2025-05-13	年次		連結	予想		経常利益の増減率	ChangeInOrdinaryIncome	-0.061	Pure	6.1	NextAccumulatedQ2Duration_ConsolidatedMember_ForecastMember	/disc/80370/081220250513543819_tse-acedjpsm-80370-20250513380370-ixbrl.htm
2025-05-13	年次		連結	予想		親会社株主に帰属する当期純利益	ProfitAttributableToOwnersOfParent	4130000000	JPY	4,130	NextAccumulatedQ2Duration_ConsolidatedMember_ForecastMember	/disc/80370/081220250513543819_tse-acedjpsm-80370-20250513380370-ixbrl.htm
2025-05-13	年次		連結	予想		親会社株主に帰属する当期純利益の増減率	ChangeInProfitAttributableToOwnersOfParent	-0.056	Pure	5.6	NextAccumulatedQ2Duration_ConsolidatedMember_ForecastMember	/disc/80370/081220250513543819_tse-acedjpsm-80370-20250513380370-ixbrl.htm
2025-05-13	年次		連結	予想		1株当たり当期純利益	NetIncomePerShare	134.97	JPYPerShares	134.97	NextAccumulatedQ2Duration_ConsolidatedMember_ForecastMember	/disc/80370/081220250513543819_tse-acedjpsm-80370-20250513380370-ixbrl.htm
2025-05-13	年次	来期	連結	予想		売上高	NetSales	586300000000	JPY	586,300	NextYearDuration_ConsolidatedMember_ForecastMember	/disc/80370/081220250513543819_tse-acedjpsm-80370-20250513380370-ixbrl.htm
2025-05-13	年次	来期	連結	予想		売上高の増減率	ChangeInNetSales	0.021	Pure	2.1	NextYearDuration_ConsolidatedMember_ForecastMember	/disc/80370/081220250513543819_tse-acedjpsm-80370-20250513380370-ixbrl.htm
2025-05-13	年次	来期	連結	予想		営業利益	OperatingIncome	15710000000	JPY	15,710	NextYearDuration_ConsolidatedMember_ForecastMember	/disc/80370/081220250513543819_tse-acedjpsm-80370-20250513380370-ixbrl.htm
2025-05-13	年次	来期	連結	予想		営業利益の増減率	ChangeInOperatingIncome	-0.013	Pure	1.3	NextYearDuration_ConsolidatedMember_ForecastMember	/disc/80370/081220250513543819_tse-acedjpsm-80370-20250513380370-ixbrl.htm
2025-05-13	年次	来期	連結	予想		経常利益	OrdinaryIncome	16950000000	JPY	16,950	NextYearDuration_ConsolidatedMember_ForecastMember	/disc/80370/081220250513543819_tse-acedjpsm-80370-20250513380370-ixbrl.htm
2025-05-13	年次	来期	連結	予想		経常利益の増減率	ChangeInOrdinaryIncome	-0.045	Pure	4.5	NextYearDuration_ConsolidatedMember_ForecastMember	/disc/80370/081220250513543819_tse-acedjpsm-80370-20250513380370-ixbrl.htm
2025-05-13	年次	来期	連結	予想		親会社株主に帰属する当期純利益	ProfitAttributableToOwnersOfParent	11000000000	JPY	11,000	NextYearDuration_ConsolidatedMember_ForecastMember	/disc/80370/081220250513543819_tse-acedjpsm-80370-20250513380370-ixbrl.htm
2025-05-13	年次	来期	連結	予想		親会社株主に帰属する当期純利益の増減率	ChangeInProfitAttributableToOwnersOfParent	0.029	Pure	2.9	NextYearDuration_ConsolidatedMember_ForecastMember	/disc/80370/081220250513543819_tse-acedjpsm-80370-20250513380370-ixbrl.htm
2025-05-13	年次	来期	連結	予想		1株当たり当期純利益	NetIncomePerShare	359.48	JPYPerShares	359.48	NextYearDuration_ConsolidatedMember_ForecastMember	/disc/80370/081220250513543819_tse-acedjpsm-80370-20250513380370-ixbrl.htm
2025-05-13	年次	当期	連結	実績		期中の連結範囲の重要な変更	SignificantChangesInTheScopeOfConsolidationDuringThePeriod			無	CurrentYearDuration_ConsolidatedMember_ResultMember	/disc/80370/081220250513543819_tse-acedjpsm-80370-20250513380370-ixbrl.htm
2025-05-13	年次	当期	連結	実績		会計基準等の改正に伴う変更	ChangesBasedOnRevisionsOfAccountingStandard			有	CurrentYearDuration_ConsolidatedMember_ResultMember	/disc/80370/081220250513543819_tse-acedjpsm-80370-20250513380370-ixbrl.htm
2025-05-13	年次	当期	連結	実績		それ以外の会計方針の変更	ChangesOtherThanOnesBasedOnRevisionsOfAccountingStandard			無	CurrentYearDuration_ConsolidatedMember_ResultMember	/disc/80370/081220250513543819_tse-acedjpsm-80370-20250513380370-ixbrl.htm
2025-05-13	年次	当期	連結	実績		会計上の見積りの変更	ChangesInAccountingEstimates			無	CurrentYearDuration_ConsolidatedMember_ResultMember	/disc/80370/081220250513543819_tse-acedjpsm-80370-20250513380370-ixbrl.htm
2025-05-13	年次	当期	連結	実績		修正再表示	RetrospectiveRestatement			無	CurrentYearDuration_ConsolidatedMember_ResultMember	/disc/80370/081220250513543819_tse-acedjpsm-80370-20250513380370-ixbrl.htm
2025-05-13	年次	当期	単体	実績		期末発行済株式数(自己株式を含む)	NumberOfIssuedAndOutstandingSharesAtTheEndOfFiscalYearIncludingTreasuryStock	32991969	Shares	32,991,969	CurrentYearInstant_NonConsolidatedMember_ResultMember	/disc/80370/081220250513543819_tse-acedjpsm-80370-20250513380370-ixbrl.htm
2025-05-13	年次	前期	単体	実績		期末発行済株式数(自己株式を含む)	NumberOfIssuedAndOutstandingSharesAtTheEndOfFiscalYearIncludingTreasuryStock	37591969	Shares	37,591,969	PriorYearInstant_NonConsolidatedMember_ResultMember	/disc/80370/081220250513543819_tse-acedjpsm-80370-20250513380370-ixbrl.htm
2025-05-13	年次	当期	単体	実績		期末自己株式数	NumberOfTreasuryStockAtTheEndOfFiscalYear	2392231	Shares	2,392,231	CurrentYearInstant_NonConsolidatedMember_ResultMember	/disc/80370/081220250513543819_tse-acedjpsm-80370-20250513380370-ixbrl.htm
2025-05-13	年次	前期	単体	実績		期末自己株式数	NumberOfTreasuryStockAtTheEndOfFiscalYear	3991851	Shares	3,991,851	PriorYearInstant_NonConsolidatedMember_ResultMember	/disc/80370/081220250513543819_tse-acedjpsm-80370-20250513380370-ixbrl.htm
2025-05-13	年次	当期	単体	実績		期中平均株式数	AverageNumberOfShares	32755744	Shares	32,755,744	CurrentYearDuration_NonConsolidatedMember_ResultMember	/disc/80370/081220250513543819_tse-acedjpsm-80370-20250513380370-ixbrl.htm
2025-05-13	年次	前期	単体	実績		期中平均株式数	AverageNumberOfShares	33600292	Shares	33,600,292	PriorYearDuration_NonConsolidatedMember_ResultMember	/disc/80370/081220250513543819_tse-acedjpsm-80370-20250513380370-ixbrl.htm
2025-05-13	年次	当期	単体	実績		売上高	NetSales	353246000000	JPY	353,246	CurrentYearDuration_NonConsolidatedMember_ResultMember	/disc/80370/081220250513543819_tse-acedjpsm-80370-20250513380370-ixbrl.htm
2025-05-13	年次	当期	単体	実績		売上高の増減率	ChangeInNetSales	-0.002	Pure	0.2	CurrentYearDuration_NonConsolidatedMember_ResultMember	/disc/80370/081220250513543819_tse-acedjpsm-80370-20250513380370-ixbrl.htm
2025-05-13	年次	当期	単体	実績		営業利益	OperatingIncome	5300000000	JPY	5,300	CurrentYearDuration_NonConsolidatedMember_ResultMember	/disc/80370/081220250513543819_tse-acedjpsm-80370-20250513380370-ixbrl.htm
2025-05-13	年次	当期	単体	実績		営業利益の増減率	ChangeInOperatingIncome	0.045	Pure	4.5	CurrentYearDuration_NonConsolidatedMember_ResultMember	/disc/80370/081220250513543819_tse-acedjpsm-80370-20250513380370-ixbrl.htm
2025-05-13	年次	当期	単体	実績		経常利益	OrdinaryIncome	7184000000	JPY	7,184	CurrentYearDuration_NonConsolidatedMember_ResultMember	/disc/80370/081220250513543819_tse-acedjpsm-80370-20250513380370-ixbrl.htm
2025-05-13	年次	当期	単体	実績		経常利益の増減率	ChangeInOrdinaryIncome	0.124	Pure	12.4	CurrentYearDuration_NonConsolidatedMember_ResultMember	/disc/80370/081220250513543819_tse-acedjpsm-80370-20250513380370-ixbrl.htm
2025-05-13	年次	当期	単体	実績		当期純利益	NetIncome	4873000000	JPY	4,873	CurrentYearDuration_NonConsolidatedMember_ResultMember	/disc/80370/081220250513543819_tse-acedjpsm-80370-20250513380370-ixbrl.htm
2025-05-13	年次	当期	単体	実績		当期純利益の増減率	ChangeInNetIncome	0.339	Pure	33.9	CurrentYearDuration_NonConsolidatedMember_ResultMember	/disc/80370/081220250513543819_tse-acedjpsm-80370-20250513380370-ixbrl.htm
2025-05-13	年次	前期	単体	実績		売上高	NetSales	354099000000	JPY	354,099	PriorYearDuration_NonConsolidatedMember_ResultMember	/disc/80370/081220250513543819_tse-acedjpsm-80370-20250513380370-ixbrl.htm
2025-05-13	年次	前期	単体	実績		売上高の増減率	ChangeInNetSales	0.015	Pure	1.5	PriorYearDuration_NonConsolidatedMember_ResultMember	/disc/80370/081220250513543819_tse-acedjpsm-80370-20250513380370-ixbrl.htm
2025-05-13	年次	前期	単体	実績		営業利益	OperatingIncome	5073000000	JPY	5,073	PriorYearDuration_NonConsolidatedMember_ResultMember	/disc/80370/081220250513543819_tse-acedjpsm-80370-20250513380370-ixbrl.htm
2025-05-13	年次	前期	単体	実績		営業利益の増減率	ChangeInOperatingIncome	-0.293	Pure	29.3	PriorYearDuration_NonConsolidatedMember_ResultMember	/disc/80370/081220250513543819_tse-acedjpsm-80370-20250513380370-ixbrl.htm
2025-05-13	年次	前期	単体	実績		経常利益	OrdinaryIncome	6392000000	JPY	6,392	PriorYearDuration_NonConsolidatedMember_ResultMember	/disc/80370/081220250513543819_tse-acedjpsm-80370-20250513380370-ixbrl.htm
2025-05-13	年次	前期	単体	実績		経常利益の増減率	ChangeInOrdinaryIncome	-0.225	Pure	22.5	PriorYearDuration_NonConsolidatedMember_ResultMember	/disc/80370/081220250513543819_tse-acedjpsm-80370-20250513380370-ixbrl.htm
2025-05-13	年次	前期	単体	実績		当期純利益	NetIncome	3640000000	JPY	3,640	PriorYearDuration_NonConsolidatedMember_ResultMember	/disc/80370/081220250513543819_tse-acedjpsm-80370-20250513380370-ixbrl.htm
2025-05-13	年次	前期	単体	実績		当期純利益の増減率	ChangeInNetIncome	-0.330	Pure	33.0	PriorYearDuration_NonConsolidatedMember_ResultMember	/disc/80370/081220250513543819_tse-acedjpsm-80370-20250513380370-ixbrl.htm
2025-05-13	年次	当期	単体	実績		1株当たり当期純利益	NetIncomePerShare	148.79	JPYPerShares	148.79	CurrentYearDuration_NonConsolidatedMember_ResultMember	/disc/80370/081220250513543819_tse-acedjpsm-80370-20250513380370-ixbrl.htm
2025-05-13	年次	前期	単体	実績		1株当たり当期純利益	NetIncomePerShare	108.35	JPYPerShares	108.35	PriorYearDuration_NonConsolidatedMember_ResultMember	/disc/80370/081220250513543819_tse-acedjpsm-80370-20250513380370-ixbrl.htm
2025-05-13	年次	当期	単体	実績		総資産	TotalAssets	160564000000	JPY	160,564	CurrentYearInstant_NonConsolidatedMember_ResultMember	/disc/80370/081220250513543819_tse-acedjpsm-80370-20250513380370-ixbrl.htm
2025-05-13	年次	当期	単体	実績		純資産	NetAssets	91160000000	JPY	91,160	CurrentYearInstant_NonConsolidatedMember_ResultMember	/disc/80370/081220250513543819_tse-acedjpsm-80370-20250513380370-ixbrl.htm
2025-05-13	年次	当期	単体	実績		自己資本比率	CapitalAdequacyRatio	0.568	Pure	56.8	CurrentYearInstant_NonConsolidatedMember_ResultMember	/disc/80370/081220250513543819_tse-acedjpsm-80370-20250513380370-ixbrl.htm
2025-05-13	年次	当期	単体	実績		1株当たり純資産	NetAssetsPerShare	2979.13	JPYPerShares	2,979.13	CurrentYearInstant_NonConsolidatedMember_ResultMember	/disc/80370/081220250513543819_tse-acedjpsm-80370-20250513380370-ixbrl.htm
2025-05-13	年次	前期	単体	実績		総資産	TotalAssets	163646000000	JPY	163,646	PriorYearInstant_NonConsolidatedMember_ResultMember	/disc/80370/081220250513543819_tse-acedjpsm-80370-20250513380370-ixbrl.htm
2025-05-13	年次	前期	単体	実績		純資産	NetAssets	93121000000	JPY	93,121	PriorYearInstant_NonConsolidatedMember_ResultMember	/disc/80370/081220250513543819_tse-acedjpsm-80370-20250513380370-ixbrl.htm
2025-05-13	年次	前期	単体	実績		自己資本比率	CapitalAdequacyRatio	0.569	Pure	56.9	PriorYearInstant_NonConsolidatedMember_ResultMember	/disc/80370/081220250513543819_tse-acedjpsm-80370-20250513380370-ixbrl.htm
2025-05-13	年次	前期	単体	実績		1株当たり純資産	NetAssetsPerShare	2771.45	JPYPerShares	2,771.45	PriorYearInstant_NonConsolidatedMember_ResultMember	/disc/80370/081220250513543819_tse-acedjpsm-80370-20250513380370-ixbrl.htm
2025-05-13	年次	当期	単体	実績		自己資本	OwnersEquity	91160000000	JPY	91,160	CurrentYearInstant_NonConsolidatedMember_ResultMember	/disc/80370/081220250513543819_tse-acedjpsm-80370-20250513380370-ixbrl.htm
2025-05-13	年次	前期	単体	実績		自己資本	OwnersEquity	93121000000	JPY	93,121	PriorYearInstant_NonConsolidatedMember_ResultMember	/disc/80370/081220250513543819_tse-acedjpsm-80370-20250513380370-ixbrl.htm
2025-05-13	年次	来期				将来情報の利用に関する注意	NotesForUsingForecastedInformationAndOthers			本資料に記載されている業績見通し等の将来に関する記述は、当社が現在入手している情報及び合理的であると判断する一定の前提に基づいており、その達成を当社として約束する趣旨のものではありません。また、実際の業績等は様々な要因により大きく異なる可能性があります。業績予想の前提となる条件及び業績予想のご利用に当たっての注意事項等については、添付資料3ページ「1．経営成績等の概況（1）経営成績に関する分析」をご覧ください。	NextYearDuration	/disc/80370/081220250513543819_tse-acedjpsm-80370-20250513380370-ixbrl.htm
2025-05-13	年次	当期				決算期末	FiscalYearEnd			2025-03-31	CurrentYearInstant	/disc/80370/081220250513543819_tse-acedjpsm-80370-20250513380370-ixbrl.htm
2025-08-07	四半期	当期第1四半期累計				書類名	DocumentName			第1四半期決算短信〔日本基準〕（連結）	CurrentAccumulatedQ1Instant	/disc/80370/081220250805530510_tse-qcedjpsm-80370-20250807380370-ixbrl.htm
2025-08-07	四半期	当期第1四半期累計				提出日	FilingDate			2025年8月7日	CurrentAccumulatedQ1Instant	/disc/80370/081220250805530510_tse-qcedjpsm-80370-20250807380370-ixbrl.htm
2025-08-07	四半期	当期第1四半期累計				会社名	CompanyName			カメイ株式会社	CurrentAccumulatedQ1Instant	/disc/80370/081220250805530510_tse-qcedjpsm-80370-20250807380370-ixbrl.htm
2025-08-07	四半期	当期第1四半期累計					TokyoStockExchange			東	CurrentAccumulatedQ1Instant	/disc/80370/081220250805530510_tse-qcedjpsm-80370-20250807380370-ixbrl.htm
2025-08-07	四半期	当期第1四半期累計				証券コード	SecuritiesCode			8037	CurrentAccumulatedQ1Instant	/disc/80370/081220250805530510_tse-qcedjpsm-80370-20250807380370-ixbrl.htm
2025-08-07	四半期	当期第1四半期累計				URL	URL			https://www.kamei.co.jp/	CurrentAccumulatedQ1Instant	/disc/80370/081220250805530510_tse-qcedjpsm-80370-20250807380370-ixbrl.htm
2025-08-07	四半期	当期第1四半期累計				代表者の役職	TitleRepresentative			代表取締役社長	CurrentAccumulatedQ1Instant	/disc/80370/081220250805530510_tse-qcedjpsm-80370-20250807380370-ixbrl.htm
2025-08-07	四半期	当期第1四半期累計				代表者名	NameRepresentative			亀井昭男	CurrentAccumulatedQ1Instant	/disc/80370/081220250805530510_tse-qcedjpsm-80370-20250807380370-ixbrl.htm
2025-08-07	四半期	当期第1四半期累計					TitleInquiries			管理部長	CurrentAccumulatedQ1Instant	/disc/80370/081220250805530510_tse-qcedjpsm-80370-20250807380370-ixbrl.htm
2025-08-07	四半期	当期第1四半期累計					NameInquiries			遠藤忠章	CurrentAccumulatedQ1Instant	/disc/80370/081220250805530510_tse-qcedjpsm-80370-20250807380370-ixbrl.htm
2025-08-07	四半期	当期第1四半期累計					Tel			022-264-6111	CurrentAccumulatedQ1Instant	/disc/80370/081220250805530510_tse-qcedjpsm-80370-20250807380370-ixbrl.htm
2025-08-07	四半期	当期第1四半期累計					SupplementalMaterialOfResults			無	CurrentAccumulatedQ1Instant	/disc/80370/081220250805530510_tse-qcedjpsm-80370-20250807380370-ixbrl.htm
2025-08-07	四半期	当期第1四半期累計					ConveningBriefingOfResults			無	CurrentAccumulatedQ1Instant	/disc/80370/081220250805530510_tse-qcedjpsm-80370-20250807380370-ixbrl.htm
2025-08-07	四半期	当期第1四半期累計					NoteToFractionProcessingMethod			（百万円未満切捨て）	CurrentAccumulatedQ1Instant	/disc/80370/081220250805530510_tse-qcedjpsm-80370-20250807380370-ixbrl.htm
2025-08-07	四半期	当期第1四半期累計	連結	実績		売上高	NetSales	141162000000	JPY	141,162	CurrentAccumulatedQ1Duration_ConsolidatedMember_ResultMember	/disc/80370/081220250805530510_tse-qcedjpsm-80370-20250807380370-ixbrl.htm
2025-08-07	四半期	当期第1四半期累計	連結	実績		売上高の増減率	ChangeInNetSales	0.084	Pure	8.4	CurrentAccumulatedQ1Duration_ConsolidatedMember_ResultMember	/disc/80370/081220250805530510_tse-qcedjpsm-80370-20250807380370-ixbrl.htm
2025-08-07	四半期	当期第1四半期累計	連結	実績		営業利益	OperatingIncome	4023000000	JPY	4,023	CurrentAccumulatedQ1Duration_ConsolidatedMember_ResultMember	/disc/80370/081220250805530510_tse-qcedjpsm-80370-20250807380370-ixbrl.htm
2025-08-07	四半期	当期第1四半期累計	連結	実績		営業利益の増減率	ChangeInOperatingIncome	0.233	Pure	23.3	CurrentAccumulatedQ1Duration_ConsolidatedMember_ResultMember	/disc/80370/081220250805530510_tse-qcedjpsm-80370-20250807380370-ixbrl.htm
2025-08-07	四半期	当期第1四半期累計	連結	実績		経常利益	OrdinaryIncome	4468000000	JPY	4,468	CurrentAccumulatedQ1Duration_ConsolidatedMember_ResultMember	/disc/80370/081220250805530510_tse-qcedjpsm-80370-20250807380370-ixbrl.htm
2025-08-07	四半期	当期第1四半期累計	連結	実績		経常利益の増減率	ChangeInOrdinaryIncome	0.173	Pure	17.3	CurrentAccumulatedQ1Duration_ConsolidatedMember_ResultMember	/disc/80370/081220250805530510_tse-qcedjpsm-80370-20250807380370-ixbrl.htm
2025-08-07	四半期	当期第1四半期累計	連結	実績		親会社株主に帰属する当期純利益	ProfitAttributableToOwnersOfParent	2935000000	JPY	2,935	CurrentAccumulatedQ1Duration_ConsolidatedMember_ResultMember	/disc/80370/081220250805530510_tse-qcedjpsm-80370-20250807380370-ixbrl.htm
2025-08-07	四半期	当期第1四半期累計	連結	実績		親会社株主に帰属する当期純利益の増減率	ChangeInProfitAttributableToOwnersOfParent	0.313	Pure	31.3	CurrentAccumulatedQ1Duration_ConsolidatedMember_ResultMember	/disc/80370/081220250805530510_tse-qcedjpsm-80370-20250807380370-ixbrl.htm
2025-08-07	四半期	前期第1四半期累計	連結	実績		売上高	NetSales	130225000000	JPY	130,225	PriorAccumulatedQ1Duration_ConsolidatedMember_ResultMember	/disc/80370/081220250805530510_tse-qcedjpsm-80370-20250807380370-ixbrl.htm
2025-08-07	四半期	前期第1四半期累計	連結	実績		売上高の増減率	ChangeInNetSales	-0.018	Pure	1.8	PriorAccumulatedQ1Duration_ConsolidatedMember_ResultMember	/disc/80370/081220250805530510_tse-qcedjpsm-80370-20250807380370-ixbrl.htm
2025-08-07	四半期	前期第1四半期累計	連結	実績		営業利益	OperatingIncome	3263000000	JPY	3,263	PriorAccumulatedQ1Duration_ConsolidatedMember_ResultMember	/disc/80370/081220250805530510_tse-qcedjpsm-80370-20250807380370-ixbrl.htm
2025-08-07	四半期	前期第1四半期累計	連結	実績		営業利益の増減率	ChangeInOperatingIncome	-0.159	Pure	15.9	PriorAccumulatedQ1Duration_ConsolidatedMember_ResultMember	/disc/80370/081220250805530510_tse-qcedjpsm-80370-20250807380370-ixbrl.htm
2025-08-07	四半期	前期第1四半期累計	連結	実績		経常利益	OrdinaryIncome	3810000000	JPY	3,810	PriorAccumulatedQ1Duration_ConsolidatedMember_ResultMember	/disc/80370/081220250805530510_tse-qcedjpsm-80370-20250807380370-ixbrl.htm
2025-08-07	四半期	前期第1四半期累計	連結	実績		経常利益の増減率	ChangeInOrdinaryIncome	-0.094	Pure	9.4	PriorAccumulatedQ1Duration_ConsolidatedMember_ResultMember	/disc/80370/081220250805530510_tse-qcedjpsm-80370-20250807380370-ixbrl.htm
2025-08-07	四半期	前期第1四半期累計	連結	実績		親会社株主に帰属する当期純利益	ProfitAttributableToOwnersOfParent	2235000000	JPY	2,235	PriorAccumulatedQ1Duration_ConsolidatedMember_ResultMember	/disc/80370/081220250805530510_tse-qcedjpsm-80370-20250807380370-ixbrl.htm
2025-08-07	四半期	前期第1四半期累計	連結	実績		親会社株主に帰属する当期純利益の増減率	ChangeInProfitAttributableToOwnersOfParent	-0.171	Pure	17.1	PriorAccumulatedQ1Duration_ConsolidatedMember_ResultMember	/disc/80370/081220250805530510_tse-qcedjpsm-80370-20250807380370-ixbrl.htm
2025-08-07	四半期	当期第1四半期累計	連結	実績		包括利益	ComprehensiveIncome	931000000	JPY	931	CurrentAccumulatedQ1Duration_ConsolidatedMember_ResultMember	/disc/80370/081220250805530510_tse-qcedjpsm-80370-20250807380370-ixbrl.htm
2025-08-07	四半期	当期第1四半期累計	連結	実績		包括利益の増減率	ChangeInComprehensiveIncome	-0.806	Pure	80.6	CurrentAccumulatedQ1Duration_ConsolidatedMember_ResultMember	/disc/80370/081220250805530510_tse-qcedjpsm-80370-20250807380370-ixbrl.htm
2025-08-07	四半期	前期第1四半期累計	連結	実績		包括利益	ComprehensiveIncome	4811000000	JPY	4,811	PriorAccumulatedQ1Duration_ConsolidatedMember_ResultMember	/disc/80370/081220250805530510_tse-qcedjpsm-80370-20250807380370-ixbrl.htm
2025-08-07	四半期	前期第1四半期累計	連結	実績		包括利益の増減率	ChangeInComprehensiveIncome	0.194	Pure	19.4	PriorAccumulatedQ1Duration_ConsolidatedMember_ResultMember	/disc/80370/081220250805530510_tse-qcedjpsm-80370-20250807380370-ixbrl.htm
2025-08-07	四半期	当期第1四半期累計	連結	実績		1株当たり当期純利益	NetIncomePerShare	95.93	JPYPerShares	95.93	CurrentAccumulatedQ1Duration_ConsolidatedMember_ResultMember	/disc/80370/081220250805530510_tse-qcedjpsm-80370-20250807380370-ixbrl.htm
2025-08-07	四半期	前期第1四半期累計	連結	実績		1株当たり当期純利益	NetIncomePerShare	66.55	JPYPerShares	66.55	PriorAccumulatedQ1Duration_ConsolidatedMember_ResultMember	/disc/80370/081220250805530510_tse-qcedjpsm-80370-20250807380370-ixbrl.htm
2025-08-07	四半期	当期第1四半期累計	連結	実績		総資産	TotalAssets	308207000000	JPY	308,207	CurrentAccumulatedQ1Instant_ConsolidatedMember_ResultMember	/disc/80370/081220250805530510_tse-qcedjpsm-80370-20250807380370-ixbrl.htm
2025-08-07	四半期	当期第1四半期累計	連結	実績		純資産	NetAssets	166383000000	JPY	166,383	CurrentAccumulatedQ1Instant_ConsolidatedMember_ResultMember	/disc/80370/081220250805530510_tse-qcedjpsm-80370-20250807380370-ixbrl.htm
2025-08-07	四半期	当期第1四半期累計	連結	実績		自己資本比率	CapitalAdequacyRatio	0.513	Pure	51.3	CurrentAccumulatedQ1Instant_ConsolidatedMember_ResultMember	/disc/80370/081220250805530510_tse-qcedjpsm-80370-20250807380370-ixbrl.htm
2025-08-07	四半期	当期第1四半期累計	連結	実績		1株当たり純資産	NetAssetsPerShare	5164.08	JPYPerShares	5,164.08	CurrentAccumulatedQ1Instant_ConsolidatedMember_ResultMember	/disc/80370/081220250805530510_tse-qcedjpsm-80370-20250807380370-ixbrl.htm
2025-08-07	四半期	前期	連結	実績		総資産	TotalAssets	320710000000	JPY	320,710	PriorYearInstant_ConsolidatedMember_ResultMember	/disc/80370/081220250805530510_tse-qcedjpsm-80370-20250807380370-ixbrl.htm
2025-08-07	四半期	前期	連結	実績		純資産	NetAssets	166463000000	JPY	166,463	PriorYearInstant_ConsolidatedMember_ResultMember	/disc/80370/081220250805530510_tse-qcedjpsm-80370-20250807380370-ixbrl.htm
2025-08-07	四半期	前期	連結	実績		自己資本比率	CapitalAdequacyRatio	0.493	Pure	49.3	PriorYearInstant_ConsolidatedMember_ResultMember	/disc/80370/081220250805530510_tse-qcedjpsm-80370-20250807380370-ixbrl.htm
2025-08-07	四半期	前期	連結	実績		1株当たり純資産	NetAssetsPerShare	5167.35	JPYPerShares	5,167.35	PriorYearInstant_ConsolidatedMember_ResultMember	/disc/80370/081220250805530510_tse-qcedjpsm-80370-20250807380370-ixbrl.htm
2025-08-07	四半期	当期第1四半期累計	連結	実績		自己資本	OwnersEquity	158018000000	JPY	158,018	CurrentAccumulatedQ1Instant_ConsolidatedMember_ResultMember	/disc/80370/081220250805530510_tse-qcedjpsm-80370-20250807380370-ixbrl.htm
2025-08-07	四半期	前期	連結	実績		自己資本	OwnersEquity	158119000000	JPY	158,119	PriorYearInstant_ConsolidatedMember_ResultMember	/disc/80370/081220250805530510_tse-qcedjpsm-80370-20250807380370-ixbrl.htm
2025-08-07	四半期	前期	単体	実績	第2四半期末	1株当たり配当金	DividendPerShare	28.00	JPYPerShares	28.00	PriorYearDuration_SecondQuarterMember_NonConsolidatedMember_ResultMember	/disc/80370/081220250805530510_tse-qcedjpsm-80370-20250807380370-ixbrl.htm
2025-08-07	四半期	前期	単体	実績	期末	1株当たり配当金	DividendPerShare	45.00	JPYPerShares	45.00	PriorYearDuration_YearEndMember_NonConsolidatedMember_ResultMember	/disc/80370/081220250805530510_tse-qcedjpsm-80370-20250807380370-ixbrl.htm
2025-08-07	四半期	前期	単体	実績	合計	1株当たり配当金	DividendPerShare	73.00	JPYPerShares	73.00	PriorYearDuration_AnnualMember_NonConsolidatedMember_ResultMember	/disc/80370/081220250805530510_tse-qcedjpsm-80370-20250807380370-ixbrl.htm
2025-08-07	四半期	当期	単体	予想	第2四半期末	1株当たり配当金	DividendPerShare	50.00	JPYPerShares	50.00	CurrentYearDuration_SecondQuarterMember_NonConsolidatedMember_ForecastMember	/disc/80370/081220250805530510_tse-qcedjpsm-80370-20250807380370-ixbrl.htm
2025-08-07	四半期	当期	単体	予想	期末	1株当たり配当金	DividendPerShare	50.00	JPYPerShares	50.00	CurrentYearDuration_YearEndMember_NonConsolidatedMember_ForecastMember	/disc/80370/081220250805530510_tse-qcedjpsm-80370-20250807380370-ixbrl.htm
2025-08-07	四半期	当期	単体	予想	合計	1株当たり配当金	DividendPerShare	100.00	JPYPerShares	100.00	CurrentYearDuration_AnnualMember_NonConsolidatedMember_ForecastMember	/disc/80370/081220250805530510_tse-qcedjpsm-80370-20250807380370-ixbrl.htm
2025-08-07	四半期	当期	単体	実績	合計	当四半期における配当予想の修正	CorrectionOfDividendForecastInThisQuarter			無	CurrentYearDuration_AnnualMember_NonConsolidatedMember_ResultMember	/disc/80370/081220250805530510_tse-qcedjpsm-80370-20250807380370-ixbrl.htm
2025-08-07	四半期	当期	連結	予想		業績予想の見出し	TitleForForecasts			3．2026年3月期の連結業績予想（2025年4月1日～2026年3月31日）	CurrentYearDuration_ConsolidatedMember_ForecastMember	/disc/80370/081220250805530510_tse-qcedjpsm-80370-20250807380370-ixbrl.htm
2025-08-07	四半期	当期第2四半期累計	連結	予想		売上高	NetSales	262330000000	JPY	262,330	CurrentAccumulatedQ2Duration_ConsolidatedMember_ForecastMember	/disc/80370/081220250805530510_tse-qcedjpsm-80370-20250807380370-ixbrl.htm
2025-08-07	四半期	当期第2四半期累計	連結	予想		売上高の増減率	ChangeInNetSales	0.022	Pure	2.2	CurrentAccumulatedQ2Duration_ConsolidatedMember_ForecastMember	/disc/80370/081220250805530510_tse-qcedjpsm-80370-20250807380370-ixbrl.htm
2025-08-07	四半期	当期第2四半期累計	連結	予想		営業利益	OperatingIncome	6260000000	JPY	6,260	CurrentAccumulatedQ2Duration_ConsolidatedMember_ForecastMember	/disc/80370/081220250805530510_tse-qcedjpsm-80370-20250807380370-ixbrl.htm
2025-08-07	四半期	当期第2四半期累計	連結	予想		営業利益の増減率	ChangeInOperatingIncome	-0.020	Pure	2.0	CurrentAccumulatedQ2Duration_ConsolidatedMember_ForecastMember	/disc/80370/081220250805530510_tse-qcedjpsm-80370-20250807380370-ixbrl.htm
2025-08-07	四半期	当期第2四半期累計	連結	予想		経常利益	OrdinaryIncome	6840000000	JPY	6,840	CurrentAccumulatedQ2Duration_ConsolidatedMember_ForecastMember	/disc/80370/081220250805530510_tse-qcedjpsm-80370-20250807380370-ixbrl.htm
2025-08-07	四半期	当期第2四半期累計	連結	予想		経常利益の増減率	ChangeInOrdinaryIncome	-0.061	Pure	6.1	CurrentAccumulatedQ2Duration_ConsolidatedMember_ForecastMember	/disc/80370/081220250805530510_tse-qcedjpsm-80370-20250807380370-ixbrl.htm
2025-08-07	四半期	当期第2四半期累計	連結	予想		親会社株主に帰属する当期純利益	ProfitAttributableToOwnersOfParent	4130000000	JPY	4,130	CurrentAccumulatedQ2Duration_ConsolidatedMember_ForecastMember	/disc/80370/081220250805530510_tse-qcedjpsm-80370-20250807380370-ixbrl.htm
2025-08-07	四半期	当期第2四半期累計	連結	予想		親会社株主に帰属する当期純利益の増減率	ChangeInProfitAttributableToOwnersOfParent	-0.056	Pure	5.6	CurrentAccumulatedQ2Duration_ConsolidatedMember_ForecastMember	/disc/80370/081220250805530510_tse-qcedjpsm-80370-20250807380370-ixbrl.htm
2025-08-07	四半期	当期第2四半期累計	連結	予想		1株当たり当期純利益	NetIncomePerShare	134.97	JPYPerShares	134.97	CurrentAccumulatedQ2Duration_ConsolidatedMember_ForecastMember	/disc/80370/081220250805530510_tse-qcedjpsm-80370-20250807380370-ixbrl.htm
2025-08-07	四半期	当期	連結	予想		売上高	NetSales	586300000000	JPY	586,300	CurrentYearDuration_ConsolidatedMember_ForecastMember	/disc/80370/081220250805530510_tse-qcedjpsm-80370-20250807380370-ixbrl.htm
2025-08-07	四半期	当期	連結	予想		売上高の増減率	ChangeInNetSales	0.021	Pure	2.1	CurrentYearDuration_ConsolidatedMember_ForecastMember	/disc/80370/081220250805530510_tse-qcedjpsm-80370-20250807380370-ixbrl.htm
2025-08-07	四半期	当期	連結	予想		営業利益	OperatingIncome	15710000000	JPY	15,710	CurrentYearDuration_ConsolidatedMember_ForecastMember	/disc/80370/081220250805530510_tse-qcedjpsm-80370-20250807380370-ixbrl.htm
2025-08-07	四半期	当期	連結	予想		営業利益の増減率	ChangeInOperatingIncome	-0.013	Pure	1.3	CurrentYearDuration_ConsolidatedMember_ForecastMember	/disc/80370/081220250805530510_tse-qcedjpsm-80370-20250807380370-ixbrl.htm
2025-08-07	四半期	当期	連結	予想		経常利益	OrdinaryIncome	16950000000	JPY	16,950	CurrentYearDuration_ConsolidatedMember_ForecastMember	/disc/80370/081220250805530510_tse-qcedjpsm-80370-20250807380370-ixbrl.htm
2025-08-07	四半期	当期	連結	予想		経常利益の増減率	ChangeInOrdinaryIncome	-0.045	Pure	4.5	CurrentYearDuration_ConsolidatedMember_ForecastMember	/disc/80370/081220250805530510_tse-qcedjpsm-80370-20250807380370-ixbrl.htm
2025-08-07	四半期	当期	連結	予想		親会社株主に帰属する当期純利益	ProfitAttributableToOwnersOfParent	11000000000	JPY	11,000	CurrentYearDuration_ConsolidatedMember_ForecastMember	/disc/80370/081220250805530510_tse-qcedjpsm-80370-20250807380370-ixbrl.htm
2025-08-07	四半期	当期	連結	予想		親会社株主に帰属する当期純利益の増減率	ChangeInProfitAttributableToOwnersOfParent	0.029	Pure	2.9	CurrentYearDuration_ConsolidatedMember_ForecastMember	/disc/80370/081220250805530510_tse-qcedjpsm-80370-20250807380370-ixbrl.htm
2025-08-07	四半期	当期	連結	予想		1株当たり当期純利益	NetIncomePerShare	359.48	JPYPerShares	359.48	CurrentYearDuration_ConsolidatedMember_ForecastMember	/disc/80370/081220250805530510_tse-qcedjpsm-80370-20250807380370-ixbrl.htm
2025-08-07	四半期	当期	連結	予想		当四半期における業績予想の修正	CorrectionOfConsolidatedFinancialForecastInThisQuarter			無	CurrentYearDuration_ConsolidatedMember_ForecastMember	/disc/80370/081220250805530510_tse-qcedjpsm-80370-20250807380370-ixbrl.htm
2025-08-07	四半期	当期第1四半期累計	連結	実績		期中の連結範囲の重要な変更	SignificantChangesInTheScopeOfConsolidationDuringThePeriod			無	CurrentAccumulatedQ1Duration_ConsolidatedMember_ResultMember	/disc/80370/081220250805530510_tse-qcedjpsm-80370-20250807380370-ixbrl.htm
2025-08-07	四半期	当期第1四半期累計	連結	実績			ApplyingOfSpecificAccountingOfTheConsolidatedQuarterlyFinancialStatements			無	CurrentAccumulatedQ1Duration_ConsolidatedMember_ResultMember	/disc/80370/081220250805530510_tse-qcedjpsm-80370-20250807380370-ixbrl.htm
2025-08-07	四半期	当期第1四半期累計	連結	実績		会計基準等の改正に伴う変更	ChangesBasedOnRevisionsOfAccountingStandard			無	CurrentAccumulatedQ1Duration_ConsolidatedMember_ResultMember	/disc/80370/081220250805530510_tse-qcedjpsm-80370-20250807380370-ixbrl.htm
2025-08-07	四半期	当期第1四半期累計	連結	実績		それ以外の会計方針の変更	ChangesOtherThanOnesBasedOnRevisionsOfAccountingStandard			無	CurrentAccumulatedQ1Duration_ConsolidatedMember_ResultMember	/disc/80370/081220250805530510_tse-qcedjpsm-80370-20250807380370-ixbrl.htm
2025-08-07	四半期	当期第1四半期累計	連結	実績		会計上の見積りの変更	ChangesInAccountingEstimates			無	CurrentAccumulatedQ1Duration_ConsolidatedMember_ResultMember	/disc/80370/081220250805530510_tse-qcedjpsm-80370-20250807380370-ixbrl.htm
2025-08-07	四半期	当期第1四半期累計	連結	実績		修正再表示	RetrospectiveRestatement			無	CurrentAccumulatedQ1Duration_ConsolidatedMember_ResultMember	/disc/80370/081220250805530510_tse-qcedjpsm-80370-20250807380370-ixbrl.htm
2025-08-07	四半期	当期第1四半期累計	単体	実績		期末発行済株式数(自己株式を含む)	NumberOfIssuedAndOutstandingSharesAtTheEndOfFiscalYearIncludingTreasuryStock	32991969	Shares	32,991,969	CurrentAccumulatedQ1Instant_NonConsolidatedMember_ResultMember	/disc/80370/081220250805530510_tse-qcedjpsm-80370-20250807380370-ixbrl.htm
2025-08-07	四半期	前期	単体	実績		期末発行済株式数(自己株式を含む)	NumberOfIssuedAndOutstandingSharesAtTheEndOfFiscalYearIncludingTreasuryStock	32991969	Shares	32,991,969	PriorYearInstant_NonConsolidatedMember_ResultMember	/disc/80370/081220250805530510_tse-qcedjpsm-80370-20250807380370-ixbrl.htm
2025-08-07	四半期	当期第1四半期累計	単体	実績		期末自己株式数	NumberOfTreasuryStockAtTheEndOfFiscalYear	2392451	Shares	2,392,451	CurrentAccumulatedQ1Instant_NonConsolidatedMember_ResultMember	/disc/80370/081220250805530510_tse-qcedjpsm-80370-20250807380370-ixbrl.htm
2025-08-07	四半期	前期	単体	実績		期末自己株式数	NumberOfTreasuryStockAtTheEndOfFiscalYear	2392231	Shares	2,392,231	PriorYearInstant_NonConsolidatedMember_ResultMember	/disc/80370/081220250805530510_tse-qcedjpsm-80370-20250807380370-ixbrl.htm
2025-08-07	四半期	当期第1四半期累計	単体	実績		期中平均株式数	AverageNumberOfShares	30599673	Shares	30,599,673	CurrentAccumulatedQ1Duration_NonConsolidatedMember_ResultMember	/disc/80370/081220250805530510_tse-qcedjpsm-80370-20250807380370-ixbrl.htm
2025-08-07	四半期	前期第1四半期累計	単体	実績		期中平均株式数	AverageNumberOfShares	33600102	Shares	33,600,102	PriorAccumulatedQ1Duration_NonConsolidatedMember_ResultMember	/disc/80370/081220250805530510_tse-qcedjpsm-80370-20250807380370-ixbrl.htm
2025-08-07	四半期	当期第1四半期累計					ReviewOfAttachedConsolidatedQuarterlyFinancialStatementsByACertifiedPublicAccountantOrAnAuditFirm			無	CurrentAccumulatedQ1Duration	/disc/80370/081220250805530510_tse-qcedjpsm-80370-20250807380370-ixbrl.htm
2025-08-07	四半期	当期				将来情報の利用に関する注意	NotesForUsingForecastedInformationAndOthers			本資料に記載されている業績見通し等の将来に関する記述は、当社が現在入手している情報及び合理的であると判断する一定の前提に基づいており、その達成を当社として約束する趣旨のものではありません。また、実際の業績等は様々な要因により大きく異なる可能性があります。業績予想の前提となる条件及び業績予想のご利用に当たっての注意事項等については、添付資料4ページ「1．当四半期決算に関する定性的情報（3）連結業績予想などの将来予測情報に関する説明」をご覧ください。	CurrentYearDuration	/disc/80370/081220250805530510_tse-qcedjpsm-80370-20250807380370-ixbrl.htm
2025-08-07	四半期	当期				決算期末	FiscalYearEnd			2026-03-31	CurrentYearInstant	/disc/80370/081220250805530510_tse-qcedjpsm-80370-20250807380370-ixbrl.htm
2025-08-07	四半期	当期第1四半期累計				四半期	QuarterlyPeriod	1	Pure	1	CurrentAccumulatedQ1Instant	/disc/80370/081220250805530510_tse-qcedjpsm-80370-20250807380370-ixbrl.htm
2025-11-13	半期	当期第2四半期累計				書類名	DocumentName			第2四半期（中間期）決算短信〔日本基準〕（連結）	CurrentAccumulatedQ2Instant	/disc/80370/081220251111596679_tse-scedjpsy-80370-20251113380370-ixbrl.htm
2025-11-13	半期	当期第2四半期累計				提出日	FilingDate			2025年11月13日	CurrentAccumulatedQ2Instant	/disc/80370/081220251111596679_tse-scedjpsy-80370-20251113380370-ixbrl.htm
2025-11-13	半期	当期第2四半期累計				会社名	CompanyName			カメイ株式会社	CurrentAccumulatedQ2Instant	/disc/80370/081220251111596679_tse-scedjpsy-80370-20251113380370-ixbrl.htm
2025-11-13	半期	当期第2四半期累計					TokyoStockExchange			東	CurrentAccumulatedQ2Instant	/disc/80370/081220251111596679_tse-scedjpsy-80370-20251113380370-ixbrl.htm
2025-11-13	半期	当期第2四半期累計				証券コード	SecuritiesCode			8037	CurrentAccumulatedQ2Instant	/disc/80370/081220251111596679_tse-scedjpsy-80370-20251113380370-ixbrl.htm
2025-11-13	半期	当期第2四半期累計				URL	URL			https://www.kamei.co.jp/	CurrentAccumulatedQ2Instant	/disc/80370/081220251111596679_tse-scedjpsy-80370-20251113380370-ixbrl.htm
2025-11-13	半期	当期第2四半期累計				代表者の役職	TitleRepresentative			代表取締役社長	CurrentAccumulatedQ2Instant	/disc/80370/081220251111596679_tse-scedjpsy-80370-20251113380370-ixbrl.htm
2025-11-13	半期	当期第2四半期累計				代表者名	NameRepresentative			亀井昭男	CurrentAccumulatedQ2Instant	/disc/80370/081220251111596679_tse-scedjpsy-80370-20251113380370-ixbrl.htm
2025-11-13	半期	当期第2四半期累計					TitleInquiries			管理部長	CurrentAccumulatedQ2Instant	/disc/80370/081220251111596679_tse-scedjpsy-80370-20251113380370-ixbrl.htm
2025-11-13	半期	当期第2四半期累計					NameInquiries			遠藤忠章	CurrentAccumulatedQ2Instant	/disc/80370/081220251111596679_tse-scedjpsy-80370-20251113380370-ixbrl.htm
2025-11-13	半期	当期第2四半期累計					Tel			022-264-6111	CurrentAccumulatedQ2Instant	/disc/80370/081220251111596679_tse-scedjpsy-80370-20251113380370-ixbrl.htm
2025-11-13	半期	当期第2四半期累計					SemiAnnualStatementFilingDateAsPlanned			2025年11月13日	CurrentAccumulatedQ2Instant	/disc/80370/081220251111596679_tse-scedjpsy-80370-20251113380370-ixbrl.htm
2025-11-13	半期	当期第2四半期累計					DividendPayableDateAsPlanned			2025年12月11日	CurrentAccumulatedQ2Instant	/disc/80370/081220251111596679_tse-scedjpsy-80370-20251113380370-ixbrl.htm
2025-11-13	半期	当期第2四半期累計					SupplementalMaterialOfResults			有	CurrentAccumulatedQ2Instant	/disc/80370/081220251111596679_tse-scedjpsy-80370-20251113380370-ixbrl.htm
2025-11-13	半期	当期第2四半期累計					ConveningBriefingOfResults			無	CurrentAccumulatedQ2Instant	/disc/80370/081220251111596679_tse-scedjpsy-80370-20251113380370-ixbrl.htm
2025-11-13	半期	当期第2四半期累計					NoteToFractionProcessingMethod			（百万円未満切捨て）	CurrentAccumulatedQ2Instant	/disc/80370/081220251111596679_tse-scedjpsy-80370-20251113380370-ixbrl.htm
2025-11-13	半期	当期第2四半期累計	連結	実績		売上高	NetSales	268309000000	JPY	268,309	CurrentAccumulatedQ2Duration_ConsolidatedMember_ResultMember	/disc/80370/081220251111596679_tse-scedjpsy-80370-20251113380370-ixbrl.htm
2025-11-13	半期	当期第2四半期累計	連結	実績		売上高の増減率	ChangeInNetSales	0.045	Pure	4.5	CurrentAccumulatedQ2Duration_ConsolidatedMember_ResultMember	/disc/80370/081220251111596679_tse-scedjpsy-80370-20251113380370-ixbrl.htm
2025-11-13	半期	当期第2四半期累計	連結	実績		営業利益	OperatingIncome	7111000000	JPY	7,111	CurrentAccumulatedQ2Duration_ConsolidatedMember_ResultMember	/disc/80370/081220251111596679_tse-scedjpsy-80370-20251113380370-ixbrl.htm
2025-11-13	半期	当期第2四半期累計	連結	実績		営業利益の増減率	ChangeInOperatingIncome	0.113	Pure	11.3	CurrentAccumulatedQ2Duration_ConsolidatedMember_ResultMember	/disc/80370/081220251111596679_tse-scedjpsy-80370-20251113380370-ixbrl.htm
2025-11-13	半期	当期第2四半期累計	連結	実績		経常利益	OrdinaryIncome	7681000000	JPY	7,681	CurrentAccumulatedQ2Duration_ConsolidatedMember_ResultMember	/disc/80370/081220251111596679_tse-scedjpsy-80370-20251113380370-ixbrl.htm
2025-11-13	半期	当期第2四半期累計	連結	実績		経常利益の増減率	ChangeInOrdinaryIncome	0.054	Pure	5.4	CurrentAccumulatedQ2Duration_ConsolidatedMember_ResultMember	/disc/80370/081220251111596679_tse-scedjpsy-80370-20251113380370-ixbrl.htm
2025-11-13	半期	当期第2四半期累計	連結	実績		親会社株主に帰属する当期純利益	ProfitAttributableToOwnersOfParent	4746000000	JPY	4,746	CurrentAccumulatedQ2Duration_ConsolidatedMember_ResultMember	/disc/80370/081220251111596679_tse-scedjpsy-80370-20251113380370-ixbrl.htm
2025-11-13	半期	当期第2四半期累計	連結	実績		親会社株主に帰属する当期純利益の増減率	ChangeInProfitAttributableToOwnersOfParent	0.085	Pure	8.5	CurrentAccumulatedQ2Duration_ConsolidatedMember_ResultMember	/disc/80370/081220251111596679_tse-scedjpsy-80370-20251113380370-ixbrl.htm
2025-11-13	半期	前期第2四半期累計	連結	実績		売上高	NetSales	256805000000	JPY	256,805	PriorAccumulatedQ2Duration_ConsolidatedMember_ResultMember	/disc/80370/081220251111596679_tse-scedjpsy-80370-20251113380370-ixbrl.htm
2025-11-13	半期	前期第2四半期累計	連結	実績		売上高の増減率	ChangeInNetSales	-0.020	Pure	2.0	PriorAccumulatedQ2Duration_ConsolidatedMember_ResultMember	/disc/80370/081220251111596679_tse-scedjpsy-80370-20251113380370-ixbrl.htm
2025-11-13	半期	前期第2四半期累計	連結	実績		営業利益	OperatingIncome	6389000000	JPY	6,389	PriorAccumulatedQ2Duration_ConsolidatedMember_ResultMember	/disc/80370/081220251111596679_tse-scedjpsy-80370-20251113380370-ixbrl.htm
2025-11-13	半期	前期第2四半期累計	連結	実績		営業利益の増減率	ChangeInOperatingIncome	-0.115	Pure	11.5	PriorAccumulatedQ2Duration_ConsolidatedMember_ResultMember	/disc/80370/081220251111596679_tse-scedjpsy-80370-20251113380370-ixbrl.htm
2025-11-13	半期	前期第2四半期累計	連結	実績		経常利益	OrdinaryIncome	7287000000	JPY	7,287	PriorAccumulatedQ2Duration_ConsolidatedMember_ResultMember	/disc/80370/081220251111596679_tse-scedjpsy-80370-20251113380370-ixbrl.htm
2025-11-13	半期	前期第2四半期累計	連結	実績		経常利益の増減率	ChangeInOrdinaryIncome	-0.063	Pure	6.3	PriorAccumulatedQ2Duration_ConsolidatedMember_ResultMember	/disc/80370/081220251111596679_tse-scedjpsy-80370-20251113380370-ixbrl.htm
2025-11-13	半期	前期第2四半期累計	連結	実績		親会社株主に帰属する当期純利益	ProfitAttributableToOwnersOfParent	4374000000	JPY	4,374	PriorAccumulatedQ2Duration_ConsolidatedMember_ResultMember	/disc/80370/081220251111596679_tse-scedjpsy-80370-20251113380370-ixbrl.htm
2025-11-13	半期	前期第2四半期累計	連結	実績		親会社株主に帰属する当期純利益の増減率	ChangeInProfitAttributableToOwnersOfParent	-0.082	Pure	8.2	PriorAccumulatedQ2Duration_ConsolidatedMember_ResultMember	/disc/80370/081220251111596679_tse-scedjpsy-80370-20251113380370-ixbrl.htm
2025-11-13	半期	当期第2四半期累計	連結	実績		包括利益	ComprehensiveIncome	3623000000	JPY	3,623	CurrentAccumulatedQ2Duration_ConsolidatedMember_ResultMember	/disc/80370/081220251111596679_tse-scedjpsy-80370-20251113380370-ixbrl.htm
2025-11-13	半期	当期第2四半期累計	連結	実績		包括利益の増減率	ChangeInComprehensiveIncome	-0.569	Pure	56.9	CurrentAccumulatedQ2Duration_ConsolidatedMember_ResultMember	/disc/80370/081220251111596679_tse-scedjpsy-80370-20251113380370-ixbrl.htm
2025-11-13	半期	前期第2四半期累計	連結	実績		包括利益	ComprehensiveIncome	8414000000	JPY	8,414	PriorAccumulatedQ2Duration_ConsolidatedMember_ResultMember	/disc/80370/081220251111596679_tse-scedjpsy-80370-20251113380370-ixbrl.htm
2025-11-13	半期	前期第2四半期累計	連結	実績		包括利益の増減率	ChangeInComprehensiveIncome	-0.121	Pure	12.1	PriorAccumulatedQ2Duration_ConsolidatedMember_ResultMember	/disc/80370/081220251111596679_tse-scedjpsy-80370-20251113380370-ixbrl.htm
2025-11-13	半期	当期第2四半期累計	連結	実績		1株当たり当期純利益	NetIncomePerShare	155.12	JPYPerShares	155.12	CurrentAccumulatedQ2Duration_ConsolidatedMember_ResultMember	/disc/80370/081220251111596679_tse-scedjpsy-80370-20251113380370-ixbrl.htm
2025-11-13	半期	前期第2四半期累計	連結	実績		1株当たり当期純利益	NetIncomePerShare	131.76	JPYPerShares	131.76	PriorAccumulatedQ2Duration_ConsolidatedMember_ResultMember	/disc/80370/081220251111596679_tse-scedjpsy-80370-20251113380370-ixbrl.htm
2025-11-13	半期	当期第2四半期累計	連結	実績		総資産	TotalAssets	309406000000	JPY	309,406	CurrentAccumulatedQ2Instant_ConsolidatedMember_ResultMember	/disc/80370/081220251111596679_tse-scedjpsy-80370-20251113380370-ixbrl.htm
2025-11-13	半期	当期第2四半期累計	連結	実績		純資産	NetAssets	169106000000	JPY	169,106	CurrentAccumulatedQ2Instant_ConsolidatedMember_ResultMember	/disc/80370/081220251111596679_tse-scedjpsy-80370-20251113380370-ixbrl.htm
2025-11-13	半期	当期第2四半期累計	連結	実績		自己資本比率	CapitalAdequacyRatio	0.519	Pure	51.9	CurrentAccumulatedQ2Instant_ConsolidatedMember_ResultMember	/disc/80370/081220251111596679_tse-scedjpsy-80370-20251113380370-ixbrl.htm
2025-11-13	半期	前期	連結	実績		総資産	TotalAssets	320710000000	JPY	320,710	PriorYearInstant_ConsolidatedMember_ResultMember	/disc/80370/081220251111596679_tse-scedjpsy-80370-20251113380370-ixbrl.htm
2025-11-13	半期	前期	連結	実績		純資産	NetAssets	166463000000	JPY	166,463	PriorYearInstant_ConsolidatedMember_ResultMember	/disc/80370/081220251111596679_tse-scedjpsy-80370-20251113380370-ixbrl.htm
2025-11-13	半期	前期	連結	実績		自己資本比率	CapitalAdequacyRatio	0.493	Pure	49.3	PriorYearInstant_ConsolidatedMember_ResultMember	/disc/80370/081220251111596679_tse-scedjpsy-80370-20251113380370-ixbrl.htm
2025-11-13	半期	当期第2四半期累計	連結	実績		自己資本	OwnersEquity	160568000000	JPY	160,568	CurrentAccumulatedQ2Instant_ConsolidatedMember_ResultMember	/disc/80370/081220251111596679_tse-scedjpsy-80370-20251113380370-ixbrl.htm
2025-11-13	半期	前期	連結	実績		自己資本	OwnersEquity	158119000000	JPY	158,119	PriorYearInstant_ConsolidatedMember_ResultMember	/disc/80370/081220251111596679_tse-scedjpsy-80370-20251113380370-ixbrl.htm
2025-11-13	半期	前期	単体	実績	第2四半期末	1株当たり配当金	DividendPerShare	28.00	JPYPerShares	28.00	PriorYearDuration_SecondQuarterMember_NonConsolidatedMember_ResultMember	/disc/80370/081220251111596679_tse-scedjpsy-80370-20251113380370-ixbrl.htm
2025-11-13	半期	前期	単体	実績	期末	1株当たり配当金	DividendPerShare	45.00	JPYPerShares	45.00	PriorYearDuration_YearEndMember_NonConsolidatedMember_ResultMember	/disc/80370/081220251111596679_tse-scedjpsy-80370-20251113380370-ixbrl.htm
2025-11-13	半期	前期	単体	実績	合計	1株当たり配当金	DividendPerShare	73.00	JPYPerShares	73.00	PriorYearDuration_AnnualMember_NonConsolidatedMember_ResultMember	/disc/80370/081220251111596679_tse-scedjpsy-80370-20251113380370-ixbrl.htm
2025-11-13	半期	当期	単体	実績	第2四半期末	1株当たり配当金	DividendPerShare	50.00	JPYPerShares	50.00	CurrentYearDuration_SecondQuarterMember_NonConsolidatedMember_ResultMember	/disc/80370/081220251111596679_tse-scedjpsy-80370-20251113380370-ixbrl.htm
2025-11-13	半期	当期	単体	予想	期末	1株当たり配当金	DividendPerShare	50.00	JPYPerShares	50.00	CurrentYearDuration_YearEndMember_NonConsolidatedMember_ForecastMember	/disc/80370/081220251111596679_tse-scedjpsy-80370-20251113380370-ixbrl.htm
2025-11-13	半期	当期	単体	予想	合計	1株当たり配当金	DividendPerShare	100.00	JPYPerShares	100.00	CurrentYearDuration_AnnualMember_NonConsolidatedMember_ForecastMember	/disc/80370/081220251111596679_tse-scedjpsy-80370-20251113380370-ixbrl.htm
2025-11-13	半期	当期	単体	実績	合計	当四半期における配当予想の修正	CorrectionOfDividendForecastInThisQuarter			無	CurrentYearDuration_AnnualMember_NonConsolidatedMember_ResultMember	/disc/80370/081220251111596679_tse-scedjpsy-80370-20251113380370-ixbrl.htm
2025-11-13	半期	当期	連結	予想		業績予想の見出し	TitleForForecasts			３．2026年3月期の連結業績予想（2025年4月1日～2026年3月31日）	CurrentYearDuration_ConsolidatedMember_ForecastMember	/disc/80370/081220251111596679_tse-scedjpsy-80370-20251113380370-ixbrl.htm
2025-11-13	半期	当期	連結	予想		売上高	NetSales	586300000000	JPY	586,300	CurrentYearDuration_ConsolidatedMember_ForecastMember	/disc/80370/081220251111596679_tse-scedjpsy-80370-20251113380370-ixbrl.htm
2025-11-13	半期	当期	連結	予想		売上高の増減率	ChangeInNetSales	0.021	Pure	2.1	CurrentYearDuration_ConsolidatedMember_ForecastMember	/disc/80370/081220251111596679_tse-scedjpsy-80370-20251113380370-ixbrl.htm
2025-11-13	半期	当期	連結	予想		営業利益	OperatingIncome	15710000000	JPY	15,710	CurrentYearDuration_ConsolidatedMember_ForecastMember	/disc/80370/081220251111596679_tse-scedjpsy-80370-20251113380370-ixbrl.htm
2025-11-13	半期	当期	連結	予想		営業利益の増減率	ChangeInOperatingIncome	-0.013	Pure	1.3	CurrentYearDuration_ConsolidatedMember_ForecastMember	/disc/80370/081220251111596679_tse-scedjpsy-80370-20251113380370-ixbrl.htm
2025-11-13	半期	当期	連結	予想		経常利益	OrdinaryIncome	16950000000	JPY	16,950	CurrentYearDuration_ConsolidatedMember_ForecastMember	/disc/80370/081220251111596679_tse-scedjpsy-80370-20251113380370-ixbrl.htm
2025-11-13	半期	当期	連結	予想		経常利益の増減率	ChangeInOrdinaryIncome	-0.045	Pure	4.5	CurrentYearDuration_ConsolidatedMember_ForecastMember	/disc/80370/081220251111596679_tse-scedjpsy-80370-20251113380370-ixbrl.htm
2025-11-13	半期	当期	連結	予想		親会社株主に帰属する当期純利益	ProfitAttributableToOwnersOfParent	11000000000	JPY	11,000	CurrentYearDuration_ConsolidatedMember_ForecastMember	/disc/80370/081220251111596679_tse-scedjpsy-80370-20251113380370-ixbrl.htm
2025-11-13	半期	当期	連結	予想		親会社株主に帰属する当期純利益の増減率	ChangeInProfitAttributableToOwnersOfParent	0.029	Pure	2.9	CurrentYearDuration_ConsolidatedMember_ForecastMember	/disc/80370/081220251111596679_tse-scedjpsy-80370-20251113380370-ixbrl.htm
2025-11-13	半期	当期	連結	予想		1株当たり当期純利益	NetIncomePerShare	359.48	JPYPerShares	359.48	CurrentYearDuration_ConsolidatedMember_ForecastMember	/disc/80370/081220251111596679_tse-scedjpsy-80370-20251113380370-ixbrl.htm
2025-11-13	半期	当期	連結	予想		当四半期における業績予想の修正	CorrectionOfConsolidatedFinancialForecastInThisQuarter			無	CurrentYearDuration_ConsolidatedMember_ForecastMember	/disc/80370/081220251111596679_tse-scedjpsy-80370-20251113380370-ixbrl.htm
2025-11-13	半期	当期第2四半期累計	連結	実績		期中の連結範囲の重要な変更	SignificantChangesInTheScopeOfConsolidationDuringThePeriod			無	CurrentAccumulatedQ2Duration_ConsolidatedMember_ResultMember	/disc/80370/081220251111596679_tse-scedjpsy-80370-20251113380370-ixbrl.htm
2025-11-13	半期	当期第2四半期累計	連結	実績			ApplyingOfSpecificAccountingOfTheConsolidatedSemiAnnualFinancialStatements			無	CurrentAccumulatedQ2Duration_ConsolidatedMember_ResultMember	/disc/80370/081220251111596679_tse-scedjpsy-80370-20251113380370-ixbrl.htm
2025-11-13	半期	当期第2四半期累計	連結	実績		会計基準等の改正に伴う変更	ChangesBasedOnRevisionsOfAccountingStandard			無	CurrentAccumulatedQ2Duration_ConsolidatedMember_ResultMember	/disc/80370/081220251111596679_tse-scedjpsy-80370-20251113380370-ixbrl.htm
2025-11-13	半期	当期第2四半期累計	連結	実績		それ以外の会計方針の変更	ChangesOtherThanOnesBasedOnRevisionsOfAccountingStandard			無	CurrentAccumulatedQ2Duration_ConsolidatedMember_ResultMember	/disc/80370/081220251111596679_tse-scedjpsy-80370-20251113380370-ixbrl.htm
2025-11-13	半期	当期第2四半期累計	連結	実績		会計上の見積りの変更	ChangesInAccountingEstimates			無	CurrentAccumulatedQ2Duration_ConsolidatedMember_ResultMember	/disc/80370/081220251111596679_tse-scedjpsy-80370-20251113380370-ixbrl.htm
2025-11-13	半期	当期第2四半期累計	連結	実績		修正再表示	RetrospectiveRestatement			無	CurrentAccumulatedQ2Duration_ConsolidatedMember_ResultMember	/disc/80370/081220251111596679_tse-scedjpsy-80370-20251113380370-ixbrl.htm
2025-11-13	半期	当期第2四半期累計	単体	実績		期末発行済株式数(自己株式を含む)	NumberOfIssuedAndOutstandingSharesAtTheEndOfFiscalYearIncludingTreasuryStock	32991969	Shares	32,991,969	CurrentAccumulatedQ2Instant_NonConsolidatedMember_ResultMember	/disc/80370/081220251111596679_tse-scedjpsy-80370-20251113380370-ixbrl.htm
2025-11-13	半期	前期	単体	実績		期末発行済株式数(自己株式を含む)	NumberOfIssuedAndOutstandingSharesAtTheEndOfFiscalYearIncludingTreasuryStock	32991969	Shares	32,991,969	PriorYearInstant_NonConsolidatedMember_ResultMember	/disc/80370/081220251111596679_tse-scedjpsy-80370-20251113380370-ixbrl.htm
2025-11-13	半期	当期第2四半期累計	単体	実績		期末自己株式数	NumberOfTreasuryStockAtTheEndOfFiscalYear	2392461	Shares	2,392,461	CurrentAccumulatedQ2Instant_NonConsolidatedMember_ResultMember	/disc/80370/081220251111596679_tse-scedjpsy-80370-20251113380370-ixbrl.htm
2025-11-13	半期	前期	単体	実績		期末自己株式数	NumberOfTreasuryStockAtTheEndOfFiscalYear	2392231	Shares	2,392,231	PriorYearInstant_NonConsolidatedMember_ResultMember	/disc/80370/081220251111596679_tse-scedjpsy-80370-20251113380370-ixbrl.htm
2025-11-13	半期	当期第2四半期累計	単体	実績		期中平均株式数	AverageNumberOfShares	30599593	Shares	30,599,593	CurrentAccumulatedQ2Duration_NonConsolidatedMember_ResultMember	/disc/80370/081220251111596679_tse-scedjpsy-80370-20251113380370-ixbrl.htm
2025-11-13	半期	前期第2四半期累計	単体	実績		期中平均株式数	AverageNumberOfShares	33197859	Shares	33,197,859	PriorAccumulatedQ2Duration_NonConsolidatedMember_ResultMember	/disc/80370/081220251111596679_tse-scedjpsy-80370-20251113380370-ixbrl.htm
2025-11-13	半期	当期				将来情報の利用に関する注意	NotesForUsingForecastedInformationAndOthers			本資料に記載されている業績見通し等の将来に関する記述は、当社が現在入手している情報及び合理的であると判断する一定の前提に基づいており、その達成を当社として約束する趣旨のものではありません。また、実際の業績等は様々な要因により大きく異なる可能性があります。業績予想の前提となる条件及び業績予想のご利用に当たっての注意事項等については、添付資料4ページ「1．当中間決算に関する定性的情報（3）連結業績予想などの将来予測情報に関する説明」をご覧ください。	CurrentYearDuration	/disc/80370/081220251111596679_tse-scedjpsy-80370-20251113380370-ixbrl.htm
2025-11-13	半期	当期				決算期末	FiscalYearEnd			2026-03-31	CurrentYearInstant	/disc/80370/081220251111596679_tse-scedjpsy-80370-20251113380370-ixbrl.htm
2025-11-13	半期	当期第2四半期累計				四半期	QuarterlyPeriod	2	Pure	2	CurrentAccumulatedQ2Instant	/disc/80370/081220251111596679_tse-scedjpsy-80370-20251113380370-ixbrl.htm
2026-02-10	四半期	当期第3四半期累計				書類名	DocumentName			第3四半期決算短信〔日本基準〕（連結）	CurrentAccumulatedQ3Instant	/disc/80370/081220260209552001_tse-qcedjpsm-80370-20260210380370-ixbrl.htm
2026-02-10	四半期	当期第3四半期累計				提出日	FilingDate			2026年2月10日	CurrentAccumulatedQ3Instant	/disc/80370/081220260209552001_tse-qcedjpsm-80370-20260210380370-ixbrl.htm
2026-02-10	四半期	当期第3四半期累計				会社名	CompanyName			カメイ株式会社	CurrentAccumulatedQ3Instant	/disc/80370/081220260209552001_tse-qcedjpsm-80370-20260210380370-ixbrl.htm
2026-02-10	四半期	当期第3四半期累計					TokyoStockExchange			東	CurrentAccumulatedQ3Instant	/disc/80370/081220260209552001_tse-qcedjpsm-80370-20260210380370-ixbrl.htm
2026-02-10	四半期	当期第3四半期累計				証券コード	SecuritiesCode			8037	CurrentAccumulatedQ3Instant	/disc/80370/081220260209552001_tse-qcedjpsm-80370-20260210380370-ixbrl.htm
2026-02-10	四半期	当期第3四半期累計				URL	URL			https://www.kamei.co.jp/	CurrentAccumulatedQ3Instant	/disc/80370/081220260209552001_tse-qcedjpsm-80370-20260210380370-ixbrl.htm
2026-02-10	四半期	当期第3四半期累計				代表者の役職	TitleRepresentative			代表取締役社長	CurrentAccumulatedQ3Instant	/disc/80370/081220260209552001_tse-qcedjpsm-80370-20260210380370-ixbrl.htm
2026-02-10	四半期	当期第3四半期累計				代表者名	NameRepresentative			亀井昭男	CurrentAccumulatedQ3Instant	/disc/80370/081220260209552001_tse-qcedjpsm-80370-20260210380370-ixbrl.htm
2026-02-10	四半期	当期第3四半期累計					TitleInquiries			管理部長	CurrentAccumulatedQ3Instant	/disc/80370/081220260209552001_tse-qcedjpsm-80370-20260210380370-ixbrl.htm
2026-02-10	四半期	当期第3四半期累計					NameInquiries			遠藤忠章	CurrentAccumulatedQ3Instant	/disc/80370/081220260209552001_tse-qcedjpsm-80370-20260210380370-ixbrl.htm
2026-02-10	四半期	当期第3四半期累計					Tel			022-264-6111	CurrentAccumulatedQ3Instant	/disc/80370/081220260209552001_tse-qcedjpsm-80370-20260210380370-ixbrl.htm
2026-02-10	四半期	当期第3四半期累計					SupplementalMaterialOfResults			有	CurrentAccumulatedQ3Instant	/disc/80370/081220260209552001_tse-qcedjpsm-80370-20260210380370-ixbrl.htm
2026-02-10	四半期	当期第3四半期累計					ConveningBriefingOfResults			無	CurrentAccumulatedQ3Instant	/disc/80370/081220260209552001_tse-qcedjpsm-80370-20260210380370-ixbrl.htm
2026-02-10	四半期	当期第3四半期累計					NoteToFractionProcessingMethod			（百万円未満切捨て）	CurrentAccumulatedQ3Instant	/disc/80370/081220260209552001_tse-qcedjpsm-80370-20260210380370-ixbrl.htm
2026-02-10	四半期	当期第3四半期累計	連結	実績		売上高	NetSales	421777000000	JPY	421,777	CurrentAccumulatedQ3Duration_ConsolidatedMember_ResultMember	/disc/80370/081220260209552001_tse-qcedjpsm-80370-20260210380370-ixbrl.htm
2026-02-10	四半期	当期第3四半期累計	連結	実績		売上高の増減率	ChangeInNetSales	0.032	Pure	3.2	CurrentAccumulatedQ3Duration_ConsolidatedMember_ResultMember	/disc/80370/081220260209552001_tse-qcedjpsm-80370-20260210380370-ixbrl.htm
2026-02-10	四半期	当期第3四半期累計	連結	実績		営業利益	OperatingIncome	10837000000	JPY	10,837	CurrentAccumulatedQ3Duration_ConsolidatedMember_ResultMember	/disc/80370/081220260209552001_tse-qcedjpsm-80370-20260210380370-ixbrl.htm
2026-02-10	四半期	当期第3四半期累計	連結	実績		営業利益の増減率	ChangeInOperatingIncome	0.056	Pure	5.6	CurrentAccumulatedQ3Duration_ConsolidatedMember_ResultMember	/disc/80370/081220260209552001_tse-qcedjpsm-80370-20260210380370-ixbrl.htm
2026-02-10	四半期	当期第3四半期累計	連結	実績		経常利益	OrdinaryIncome	12023000000	JPY	12,023	CurrentAccumulatedQ3Duration_ConsolidatedMember_ResultMember	/disc/80370/081220260209552001_tse-qcedjpsm-80370-20260210380370-ixbrl.htm
2026-02-10	四半期	当期第3四半期累計	連結	実績		経常利益の増減率	ChangeInOrdinaryIncome	0.032	Pure	3.2	CurrentAccumulatedQ3Duration_ConsolidatedMember_ResultMember	/disc/80370/081220260209552001_tse-qcedjpsm-80370-20260210380370-ixbrl.htm
2026-02-10	四半期	当期第3四半期累計	連結	実績		親会社株主に帰属する当期純利益	ProfitAttributableToOwnersOfParent	7336000000	JPY	7,336	CurrentAccumulatedQ3Duration_ConsolidatedMember_ResultMember	/disc/80370/081220260209552001_tse-qcedjpsm-80370-20260210380370-ixbrl.htm
2026-02-10	四半期	当期第3四半期累計	連結	実績		親会社株主に帰属する当期純利益の増減率	ChangeInProfitAttributableToOwnersOfParent	0.031	Pure	3.1	CurrentAccumulatedQ3Duration_ConsolidatedMember_ResultMember	/disc/80370/081220260209552001_tse-qcedjpsm-80370-20260210380370-ixbrl.htm
2026-02-10	四半期	前期第3四半期累計	連結	実績		売上高	NetSales	408684000000	JPY	408,684	PriorAccumulatedQ3Duration_ConsolidatedMember_ResultMember	/disc/80370/081220260209552001_tse-qcedjpsm-80370-20260210380370-ixbrl.htm
2026-02-10	四半期	前期第3四半期累計	連結	実績		売上高の増減率	ChangeInNetSales	-0.007	Pure	0.7	PriorAccumulatedQ3Duration_ConsolidatedMember_ResultMember	/disc/80370/081220260209552001_tse-qcedjpsm-80370-20260210380370-ixbrl.htm
2026-02-10	四半期	前期第3四半期累計	連結	実績		営業利益	OperatingIncome	10265000000	JPY	10,265	PriorAccumulatedQ3Duration_ConsolidatedMember_ResultMember	/disc/80370/081220260209552001_tse-qcedjpsm-80370-20260210380370-ixbrl.htm
2026-02-10	四半期	前期第3四半期累計	連結	実績		営業利益の増減率	ChangeInOperatingIncome	-0.047	Pure	4.7	PriorAccumulatedQ3Duration_ConsolidatedMember_ResultMember	/disc/80370/081220260209552001_tse-qcedjpsm-80370-20260210380370-ixbrl.htm
2026-02-10	四半期	前期第3四半期累計	連結	実績		経常利益	OrdinaryIncome	11649000000	JPY	11,649	PriorAccumulatedQ3Duration_ConsolidatedMember_ResultMember	/disc/80370/081220260209552001_tse-qcedjpsm-80370-20260210380370-ixbrl.htm
2026-02-10	四半期	前期第3四半期累計	連結	実績		経常利益の増減率	ChangeInOrdinaryIncome	-0.012	Pure	1.2	PriorAccumulatedQ3Duration_ConsolidatedMember_ResultMember	/disc/80370/081220260209552001_tse-qcedjpsm-80370-20260210380370-ixbrl.htm
2026-02-10	四半期	前期第3四半期累計	連結	実績		親会社株主に帰属する当期純利益	ProfitAttributableToOwnersOfParent	7113000000	JPY	7,113	PriorAccumulatedQ3Duration_ConsolidatedMember_ResultMember	/disc/80370/081220260209552001_tse-qcedjpsm-80370-20260210380370-ixbrl.htm
2026-02-10	四半期	前期第3四半期累計	連結	実績		親会社株主に帰属する当期純利益の増減率	ChangeInProfitAttributableToOwnersOfParent	0.035	Pure	3.5	PriorAccumulatedQ3Duration_ConsolidatedMember_ResultMember	/disc/80370/081220260209552001_tse-qcedjpsm-80370-20260210380370-ixbrl.htm
2026-02-10	四半期	当期第3四半期累計	連結	実績		包括利益	ComprehensiveIncome	8622000000	JPY	8,622	CurrentAccumulatedQ3Duration_ConsolidatedMember_ResultMember	/disc/80370/081220260209552001_tse-qcedjpsm-80370-20260210380370-ixbrl.htm
2026-02-10	四半期	当期第3四半期累計	連結	実績		包括利益の増減率	ChangeInComprehensiveIncome	0.035	Pure	3.5	CurrentAccumulatedQ3Duration_ConsolidatedMember_ResultMember	/disc/80370/081220260209552001_tse-qcedjpsm-80370-20260210380370-ixbrl.htm
2026-02-10	四半期	前期第3四半期累計	連結	実績		包括利益	ComprehensiveIncome	8331000000	JPY	8,331	PriorAccumulatedQ3Duration_ConsolidatedMember_ResultMember	/disc/80370/081220260209552001_tse-qcedjpsm-80370-20260210380370-ixbrl.htm
2026-02-10	四半期	前期第3四半期累計	連結	実績		包括利益の増減率	ChangeInComprehensiveIncome	-0.345	Pure	34.5	PriorAccumulatedQ3Duration_ConsolidatedMember_ResultMember	/disc/80370/081220260209552001_tse-qcedjpsm-80370-20260210380370-ixbrl.htm
2026-02-10	四半期	当期第3四半期累計	連結	実績		1株当たり当期純利益	NetIncomePerShare	239.77	JPYPerShares	239.77	CurrentAccumulatedQ3Duration_ConsolidatedMember_ResultMember	/disc/80370/081220260209552001_tse-qcedjpsm-80370-20260210380370-ixbrl.htm
2026-02-10	四半期	前期第3四半期累計	連結	実績		1株当たり当期純利益	NetIncomePerShare	215.07	JPYPerShares	215.07	PriorAccumulatedQ3Duration_ConsolidatedMember_ResultMember	/disc/80370/081220260209552001_tse-qcedjpsm-80370-20260210380370-ixbrl.htm
2026-02-10	四半期	当期第3四半期累計	連結	実績		総資産	TotalAssets	327768000000	JPY	327,768	CurrentAccumulatedQ3Instant_ConsolidatedMember_ResultMember	/disc/80370/081220260209552001_tse-qcedjpsm-80370-20260210380370-ixbrl.htm
2026-02-10	四半期	当期第3四半期累計	連結	実績		純資産	NetAssets	172639000000	JPY	172,639	CurrentAccumulatedQ3Instant_ConsolidatedMember_ResultMember	/disc/80370/081220260209552001_tse-qcedjpsm-80370-20260210380370-ixbrl.htm
2026-02-10	四半期	当期第3四半期累計	連結	実績		自己資本比率	CapitalAdequacyRatio	0.500	Pure	50.0	CurrentAccumulatedQ3Instant_ConsolidatedMember_ResultMember	/disc/80370/081220260209552001_tse-qcedjpsm-80370-20260210380370-ixbrl.htm
2026-02-10	四半期	前期	連結	実績		総資産	TotalAssets	320710000000	JPY	320,710	PriorYearInstant_ConsolidatedMember_ResultMember	/disc/80370/081220260209552001_tse-qcedjpsm-80370-20260210380370-ixbrl.htm
2026-02-10	四半期	前期	連結	実績		純資産	NetAssets	166463000000	JPY	166,463	PriorYearInstant_ConsolidatedMember_ResultMember	/disc/80370/081220260209552001_tse-qcedjpsm-80370-20260210380370-ixbrl.htm
2026-02-10	四半期	前期	連結	実績		自己資本比率	CapitalAdequacyRatio	0.493	Pure	49.3	PriorYearInstant_ConsolidatedMember_ResultMember	/disc/80370/081220260209552001_tse-qcedjpsm-80370-20260210380370-ixbrl.htm
2026-02-10	四半期	当期第3四半期累計	連結	実績		自己資本	OwnersEquity	163779000000	JPY	163,779	CurrentAccumulatedQ3Instant_ConsolidatedMember_ResultMember	/disc/80370/081220260209552001_tse-qcedjpsm-80370-20260210380370-ixbrl.htm
2026-02-10	四半期	前期	連結	実績		自己資本	OwnersEquity	158119000000	JPY	158,119	PriorYearInstant_ConsolidatedMember_ResultMember	/disc/80370/081220260209552001_tse-qcedjpsm-80370-20260210380370-ixbrl.htm
2026-02-10	四半期	前期	単体	実績	第2四半期末	1株当たり配当金	DividendPerShare	28.00	JPYPerShares	28.00	PriorYearDuration_SecondQuarterMember_NonConsolidatedMember_ResultMember	/disc/80370/081220260209552001_tse-qcedjpsm-80370-20260210380370-ixbrl.htm
2026-02-10	四半期	前期	単体	実績	期末	1株当たり配当金	DividendPerShare	45.00	JPYPerShares	45.00	PriorYearDuration_YearEndMember_NonConsolidatedMember_ResultMember	/disc/80370/081220260209552001_tse-qcedjpsm-80370-20260210380370-ixbrl.htm
2026-02-10	四半期	前期	単体	実績	合計	1株当たり配当金	DividendPerShare	73.00	JPYPerShares	73.00	PriorYearDuration_AnnualMember_NonConsolidatedMember_ResultMember	/disc/80370/081220260209552001_tse-qcedjpsm-80370-20260210380370-ixbrl.htm
2026-02-10	四半期	当期	単体	実績	第2四半期末	1株当たり配当金	DividendPerShare	50.00	JPYPerShares	50.00	CurrentYearDuration_SecondQuarterMember_NonConsolidatedMember_ResultMember	/disc/80370/081220260209552001_tse-qcedjpsm-80370-20260210380370-ixbrl.htm
2026-02-10	四半期	当期	単体	予想	期末	1株当たり配当金	DividendPerShare	55.00	JPYPerShares	55.00	CurrentYearDuration_YearEndMember_NonConsolidatedMember_ForecastMember	/disc/80370/081220260209552001_tse-qcedjpsm-80370-20260210380370-ixbrl.htm
2026-02-10	四半期	当期	単体	予想	合計	1株当たり配当金	DividendPerShare	105.00	JPYPerShares	105.00	CurrentYearDuration_AnnualMember_NonConsolidatedMember_ForecastMember	/disc/80370/081220260209552001_tse-qcedjpsm-80370-20260210380370-ixbrl.htm
2026-02-10	四半期	当期	単体	実績	合計	当四半期における配当予想の修正	CorrectionOfDividendForecastInThisQuarter			有	CurrentYearDuration_AnnualMember_NonConsolidatedMember_ResultMember	/disc/80370/081220260209552001_tse-qcedjpsm-80370-20260210380370-ixbrl.htm
2026-02-10	四半期	当期第3四半期累計	単体	実績	合計	配当の注記	NoteToDividends			・配当予想の変更については、本日公表の「期末配当予想の修正（増配）に関するお知らせ」をご覧ください。	CurrentAccumulatedQ3Duration_AnnualMember_NonConsolidatedMember_ResultMember	/disc/80370/081220260209552001_tse-qcedjpsm-80370-20260210380370-ixbrl.htm
2026-02-10	四半期	当期	連結	予想		業績予想の見出し	TitleForForecasts			3．2026年3月期の連結業績予想（2025年4月1日～2026年3月31日）	CurrentYearDuration_ConsolidatedMember_ForecastMember	/disc/80370/081220260209552001_tse-qcedjpsm-80370-20260210380370-ixbrl.htm
2026-02-10	四半期	当期	連結	予想		売上高	NetSales	586300000000	JPY	586,300	CurrentYearDuration_ConsolidatedMember_ForecastMember	/disc/80370/081220260209552001_tse-qcedjpsm-80370-20260210380370-ixbrl.htm
2026-02-10	四半期	当期	連結	予想		売上高の増減率	ChangeInNetSales	0.021	Pure	2.1	CurrentYearDuration_ConsolidatedMember_ForecastMember	/disc/80370/081220260209552001_tse-qcedjpsm-80370-20260210380370-ixbrl.htm
2026-02-10	四半期	当期	連結	予想		営業利益	OperatingIncome	15710000000	JPY	15,710	CurrentYearDuration_ConsolidatedMember_ForecastMember	/disc/80370/081220260209552001_tse-qcedjpsm-80370-20260210380370-ixbrl.htm
2026-02-10	四半期	当期	連結	予想		営業利益の増減率	ChangeInOperatingIncome	-0.013	Pure	1.3	CurrentYearDuration_ConsolidatedMember_ForecastMember	/disc/80370/081220260209552001_tse-qcedjpsm-80370-20260210380370-ixbrl.htm
2026-02-10	四半期	当期	連結	予想		経常利益	OrdinaryIncome	16950000000	JPY	16,950	CurrentYearDuration_ConsolidatedMember_ForecastMember	/disc/80370/081220260209552001_tse-qcedjpsm-80370-20260210380370-ixbrl.htm
2026-02-10	四半期	当期	連結	予想		経常利益の増減率	ChangeInOrdinaryIncome	-0.045	Pure	4.5	CurrentYearDuration_ConsolidatedMember_ForecastMember	/disc/80370/081220260209552001_tse-qcedjpsm-80370-20260210380370-ixbrl.htm
2026-02-10	四半期	当期	連結	予想		親会社株主に帰属する当期純利益	ProfitAttributableToOwnersOfParent	11000000000	JPY	11,000	CurrentYearDuration_ConsolidatedMember_ForecastMember	/disc/80370/081220260209552001_tse-qcedjpsm-80370-20260210380370-ixbrl.htm
2026-02-10	四半期	当期	連結	予想		親会社株主に帰属する当期純利益の増減率	ChangeInProfitAttributableToOwnersOfParent	0.029	Pure	2.9	CurrentYearDuration_ConsolidatedMember_ForecastMember	/disc/80370/081220260209552001_tse-qcedjpsm-80370-20260210380370-ixbrl.htm
2026-02-10	四半期	当期	連結	予想		1株当たり当期純利益	NetIncomePerShare	359.48	JPYPerShares	359.48	CurrentYearDuration_ConsolidatedMember_ForecastMember	/disc/80370/081220260209552001_tse-qcedjpsm-80370-20260210380370-ixbrl.htm
2026-02-10	四半期	当期	連結	予想		当四半期における業績予想の修正	CorrectionOfConsolidatedFinancialForecastInThisQuarter			無	CurrentYearDuration_ConsolidatedMember_ForecastMember	/disc/80370/081220260209552001_tse-qcedjpsm-80370-20260210380370-ixbrl.htm
2026-02-10	四半期	当期第3四半期累計	連結	実績		期中の連結範囲の重要な変更	SignificantChangesInTheScopeOfConsolidationDuringThePeriod			無	CurrentAccumulatedQ3Duration_ConsolidatedMember_ResultMember	/disc/80370/081220260209552001_tse-qcedjpsm-80370-20260210380370-ixbrl.htm
2026-02-10	四半期	当期第3四半期累計	連結	実績			ApplyingOfSpecificAccountingOfTheConsolidatedQuarterlyFinancialStatements			無	CurrentAccumulatedQ3Duration_ConsolidatedMember_ResultMember	/disc/80370/081220260209552001_tse-qcedjpsm-80370-20260210380370-ixbrl.htm
2026-02-10	四半期	当期第3四半期累計	連結	実績		会計基準等の改正に伴う変更	ChangesBasedOnRevisionsOfAccountingStandard			無	CurrentAccumulatedQ3Duration_ConsolidatedMember_ResultMember	/disc/80370/081220260209552001_tse-qcedjpsm-80370-20260210380370-ixbrl.htm
2026-02-10	四半期	当期第3四半期累計	連結	実績		それ以外の会計方針の変更	ChangesOtherThanOnesBasedOnRevisionsOfAccountingStandard			無	CurrentAccumulatedQ3Duration_ConsolidatedMember_ResultMember	/disc/80370/081220260209552001_tse-qcedjpsm-80370-20260210380370-ixbrl.htm
2026-02-10	四半期	当期第3四半期累計	連結	実績		会計上の見積りの変更	ChangesInAccountingEstimates			無	CurrentAccumulatedQ3Duration_ConsolidatedMember_ResultMember	/disc/80370/081220260209552001_tse-qcedjpsm-80370-20260210380370-ixbrl.htm
2026-02-10	四半期	当期第3四半期累計	連結	実績		修正再表示	RetrospectiveRestatement			無	CurrentAccumulatedQ3Duration_ConsolidatedMember_ResultMember	/disc/80370/081220260209552001_tse-qcedjpsm-80370-20260210380370-ixbrl.htm
2026-02-10	四半期	当期第3四半期累計	単体	実績		期末発行済株式数(自己株式を含む)	NumberOfIssuedAndOutstandingSharesAtTheEndOfFiscalYearIncludingTreasuryStock	32991969	Shares	32,991,969	CurrentAccumulatedQ3Instant_NonConsolidatedMember_ResultMember	/disc/80370/081220260209552001_tse-qcedjpsm-80370-20260210380370-ixbrl.htm
2026-02-10	四半期	前期	単体	実績		期末発行済株式数(自己株式を含む)	NumberOfIssuedAndOutstandingSharesAtTheEndOfFiscalYearIncludingTreasuryStock	32991969	Shares	32,991,969	PriorYearInstant_NonConsolidatedMember_ResultMember	/disc/80370/081220260209552001_tse-qcedjpsm-80370-20260210380370-ixbrl.htm
2026-02-10	四半期	当期第3四半期累計	単体	実績		期末自己株式数	NumberOfTreasuryStockAtTheEndOfFiscalYear	2392561	Shares	2,392,561	CurrentAccumulatedQ3Instant_NonConsolidatedMember_ResultMember	/disc/80370/081220260209552001_tse-qcedjpsm-80370-20260210380370-ixbrl.htm
2026-02-10	四半期	前期	単体	実績		期末自己株式数	NumberOfTreasuryStockAtTheEndOfFiscalYear	2392231	Shares	2,392,231	PriorYearInstant_NonConsolidatedMember_ResultMember	/disc/80370/081220260209552001_tse-qcedjpsm-80370-20260210380370-ixbrl.htm
2026-02-10	四半期	当期第3四半期累計	単体	実績		期中平均株式数	AverageNumberOfShares	30599533	Shares	30,599,533	CurrentAccumulatedQ3Duration_NonConsolidatedMember_ResultMember	/disc/80370/081220260209552001_tse-qcedjpsm-80370-20260210380370-ixbrl.htm
2026-02-10	四半期	前期第3四半期累計	単体	実績		期中平均株式数	AverageNumberOfShares	33077333	Shares	33,077,333	PriorAccumulatedQ3Duration_NonConsolidatedMember_ResultMember	/disc/80370/081220260209552001_tse-qcedjpsm-80370-20260210380370-ixbrl.htm
2026-02-10	四半期	当期第3四半期累計					ReviewOfAttachedConsolidatedQuarterlyFinancialStatementsByACertifiedPublicAccountantOrAnAuditFirm			無	CurrentAccumulatedQ3Duration	/disc/80370/081220260209552001_tse-qcedjpsm-80370-20260210380370-ixbrl.htm
2026-02-10	四半期	当期				将来情報の利用に関する注意	NotesForUsingForecastedInformationAndOthers			本資料に記載されている業績見通し等の将来に関する記述は、当社が現在入手している情報及び合理的であると判断する一定の前提に基づいており、その達成を当社として約束する趣旨のものではありません。また、実際の業績等は様々な要因により大きく異なる可能性があります。業績予想の前提となる条件及び業績予想のご利用に当たっての注意事項等については、添付資料4ページ「1．当四半期決算に関する定性的情報（3）連結業績予想などの将来予測情報に関する説明」をご覧ください。	CurrentYearDuration	/disc/80370/081220260209552001_tse-qcedjpsm-80370-20260210380370-ixbrl.htm
2026-02-10	四半期	当期				決算期末	FiscalYearEnd			2026-03-31	CurrentYearInstant	/disc/80370/081220260209552001_tse-qcedjpsm-80370-20260210380370-ixbrl.htm
2026-02-10	四半期	当期第3四半期累計				四半期	QuarterlyPeriod	3	Pure	3	CurrentAccumulatedQ3Instant	/disc/80370/081220260209552001_tse-qcedjpsm-80370-20260210380370-ixbrl.htm
2026-05-14	年次	当期				書類名	DocumentName			決算短信〔日本基準〕（連結）	CurrentYearInstant	/disc/80370/081220260513531618_tse-acedjpsm-80370-20260514380370-ixbrl.htm
2026-05-14	年次	当期				提出日	FilingDate			2026年5月14日	CurrentYearInstant	/disc/80370/081220260513531618_tse-acedjpsm-80370-20260514380370-ixbrl.htm
2026-05-14	年次	当期				会社名	CompanyName			カメイ株式会社	CurrentYearInstant	/disc/80370/081220260513531618_tse-acedjpsm-80370-20260514380370-ixbrl.htm
2026-05-14	年次	当期					TokyoStockExchange			東	CurrentYearInstant	/disc/80370/081220260513531618_tse-acedjpsm-80370-20260514380370-ixbrl.htm
2026-05-14	年次	当期				証券コード	SecuritiesCode			8037	CurrentYearInstant	/disc/80370/081220260513531618_tse-acedjpsm-80370-20260514380370-ixbrl.htm
2026-05-14	年次	当期				URL	URL			https://www.kamei.co.jp/	CurrentYearInstant	/disc/80370/081220260513531618_tse-acedjpsm-80370-20260514380370-ixbrl.htm
2026-05-14	年次	当期				代表者の役職	TitleRepresentative			代表取締役社長	CurrentYearInstant	/disc/80370/081220260513531618_tse-acedjpsm-80370-20260514380370-ixbrl.htm
2026-05-14	年次	当期				代表者名	NameRepresentative			亀井 昭男	CurrentYearInstant	/disc/80370/081220260513531618_tse-acedjpsm-80370-20260514380370-ixbrl.htm
2026-05-14	年次	当期					TitleInquiries			執行役員管理部長	CurrentYearInstant	/disc/80370/081220260513531618_tse-acedjpsm-80370-20260514380370-ixbrl.htm
2026-05-14	年次	当期					NameInquiries			遠藤 忠章	CurrentYearInstant	/disc/80370/081220260513531618_tse-acedjpsm-80370-20260514380370-ixbrl.htm
2026-05-14	年次	当期					Tel			022-264-6111	CurrentYearInstant	/disc/80370/081220260513531618_tse-acedjpsm-80370-20260514380370-ixbrl.htm
2026-05-14	年次	当期					DateOfGeneralShareholdersMeetingAsPlanned			2026年6月26日	CurrentYearInstant	/disc/80370/081220260513531618_tse-acedjpsm-80370-20260514380370-ixbrl.htm
2026-05-14	年次	当期					DividendPayableDateAsPlanned			2026年6月29日	CurrentYearInstant	/disc/80370/081220260513531618_tse-acedjpsm-80370-20260514380370-ixbrl.htm
2026-05-14	年次	当期					AnnualSecuritiesReportFilingDateAsPlanned			2026年6月25日	CurrentYearInstant	/disc/80370/081220260513531618_tse-acedjpsm-80370-20260514380370-ixbrl.htm
2026-05-14	年次	当期					SupplementalMaterialOfAnnualResults			有	CurrentYearInstant	/disc/80370/081220260513531618_tse-acedjpsm-80370-20260514380370-ixbrl.htm
2026-05-14	年次	当期					ConveningBriefingOfAnnualResults			有	CurrentYearInstant	/disc/80370/081220260513531618_tse-acedjpsm-80370-20260514380370-ixbrl.htm
2026-05-14	年次	当期					NoteToFractionProcessingMethod			（百万円未満切捨て）	CurrentYearInstant	/disc/80370/081220260513531618_tse-acedjpsm-80370-20260514380370-ixbrl.htm
2026-05-14	年次	当期	連結	実績		売上高	NetSales	583078000000	JPY	583,078	CurrentYearDuration_ConsolidatedMember_ResultMember	/disc/80370/081220260513531618_tse-acedjpsm-80370-20260514380370-ixbrl.htm
2026-05-14	年次	当期	連結	実績		売上高の増減率	ChangeInNetSales	0.015	Pure	1.5	CurrentYearDuration_ConsolidatedMember_ResultMember	/disc/80370/081220260513531618_tse-acedjpsm-80370-20260514380370-ixbrl.htm
2026-05-14	年次	当期	連結	実績		営業利益	OperatingIncome	16975000000	JPY	16,975	CurrentYearDuration_ConsolidatedMember_ResultMember	/disc/80370/081220260513531618_tse-acedjpsm-80370-20260514380370-ixbrl.htm
2026-05-14	年次	当期	連結	実績		営業利益の増減率	ChangeInOperatingIncome	0.067	Pure	6.7	CurrentYearDuration_ConsolidatedMember_ResultMember	/disc/80370/081220260513531618_tse-acedjpsm-80370-20260514380370-ixbrl.htm
2026-05-14	年次	当期	連結	実績		経常利益	OrdinaryIncome	18655000000	JPY	18,655	CurrentYearDuration_ConsolidatedMember_ResultMember	/disc/80370/081220260513531618_tse-acedjpsm-80370-20260514380370-ixbrl.htm
2026-05-14	年次	当期	連結	実績		経常利益の増減率	ChangeInOrdinaryIncome	0.051	Pure	5.1	CurrentYearDuration_ConsolidatedMember_ResultMember	/disc/80370/081220260513531618_tse-acedjpsm-80370-20260514380370-ixbrl.htm
2026-05-14	年次	当期	連結	実績		親会社株主に帰属する当期純利益	ProfitAttributableToOwnersOfParent	11900000000	JPY	11,900	CurrentYearDuration_ConsolidatedMember_ResultMember	/disc/80370/081220260513531618_tse-acedjpsm-80370-20260514380370-ixbrl.htm
2026-05-14	年次	当期	連結	実績		親会社株主に帰属する当期純利益の増減率	ChangeInProfitAttributableToOwnersOfParent	0.113	Pure	11.3	CurrentYearDuration_ConsolidatedMember_ResultMember	/disc/80370/081220260513531618_tse-acedjpsm-80370-20260514380370-ixbrl.htm
2026-05-14	年次	前期	連結	実績		売上高	NetSales	574281000000	JPY	574,281	PriorYearDuration_ConsolidatedMember_ResultMember	/disc/80370/081220260513531618_tse-acedjpsm-80370-20260514380370-ixbrl.htm
2026-05-14	年次	前期	連結	実績		売上高の増減率	ChangeInNetSales	0.004	Pure	0.4	PriorYearDuration_ConsolidatedMember_ResultMember	/disc/80370/081220260513531618_tse-acedjpsm-80370-20260514380370-ixbrl.htm
2026-05-14	年次	前期	連結	実績		営業利益	OperatingIncome	15912000000	JPY	15,912	PriorYearDuration_ConsolidatedMember_ResultMember	/disc/80370/081220260513531618_tse-acedjpsm-80370-20260514380370-ixbrl.htm
2026-05-14	年次	前期	連結	実績		営業利益の増減率	ChangeInOperatingIncome	0.015	Pure	1.5	PriorYearDuration_ConsolidatedMember_ResultMember	/disc/80370/081220260513531618_tse-acedjpsm-80370-20260514380370-ixbrl.htm
2026-05-14	年次	前期	連結	実績		経常利益	OrdinaryIncome	17746000000	JPY	17,746	PriorYearDuration_ConsolidatedMember_ResultMember	/disc/80370/081220260513531618_tse-acedjpsm-80370-20260514380370-ixbrl.htm
2026-05-14	年次	前期	連結	実績		経常利益の増減率	ChangeInOrdinaryIncome	0.041	Pure	4.1	PriorYearDuration_ConsolidatedMember_ResultMember	/disc/80370/081220260513531618_tse-acedjpsm-80370-20260514380370-ixbrl.htm
2026-05-14	年次	前期	連結	実績		親会社株主に帰属する当期純利益	ProfitAttributableToOwnersOfParent	10690000000	JPY	10,690	PriorYearDuration_ConsolidatedMember_ResultMember	/disc/80370/081220260513531618_tse-acedjpsm-80370-20260514380370-ixbrl.htm
2026-05-14	年次	前期	連結	実績		親会社株主に帰属する当期純利益の増減率	ChangeInProfitAttributableToOwnersOfParent	0.057	Pure	5.7	PriorYearDuration_ConsolidatedMember_ResultMember	/disc/80370/081220260513531618_tse-acedjpsm-80370-20260514380370-ixbrl.htm
2026-05-14	年次	当期	連結	実績		包括利益	ComprehensiveIncome	15175000000	JPY	15,175	CurrentYearDuration_ConsolidatedMember_ResultMember	/disc/80370/081220260513531618_tse-acedjpsm-80370-20260514380370-ixbrl.htm
2026-05-14	年次	当期	連結	実績		包括利益の増減率	ChangeInComprehensiveIncome	0.023	Pure	2.3	CurrentYearDuration_ConsolidatedMember_ResultMember	/disc/80370/081220260513531618_tse-acedjpsm-80370-20260514380370-ixbrl.htm
2026-05-14	年次	前期	連結	実績		包括利益	ComprehensiveIncome	14829000000	JPY	14,829	PriorYearDuration_ConsolidatedMember_ResultMember	/disc/80370/081220260513531618_tse-acedjpsm-80370-20260514380370-ixbrl.htm
2026-05-14	年次	前期	連結	実績		包括利益の増減率	ChangeInComprehensiveIncome	-0.093	Pure	9.3	PriorYearDuration_ConsolidatedMember_ResultMember	/disc/80370/081220260513531618_tse-acedjpsm-80370-20260514380370-ixbrl.htm
2026-05-14	年次	当期	連結	実績		1株当たり当期純利益	NetIncomePerShare	388.91	JPYPerShares	388.91	CurrentYearDuration_ConsolidatedMember_ResultMember	/disc/80370/081220260513531618_tse-acedjpsm-80370-20260514380370-ixbrl.htm
2026-05-14	年次	当期	連結	実績		自己資本当期純利益率(ROE)	NetIncomeToShareholdersEquityRatio	0.072	Pure	7.2	CurrentYearDuration_ConsolidatedMember_ResultMember	/disc/80370/081220260513531618_tse-acedjpsm-80370-20260514380370-ixbrl.htm
2026-05-14	年次	当期	連結	実績		総資産経常利益率(ROA)	OrdinaryIncomeToTotalAssetsRatio	0.057	Pure	5.7	CurrentYearDuration_ConsolidatedMember_ResultMember	/disc/80370/081220260513531618_tse-acedjpsm-80370-20260514380370-ixbrl.htm
2026-05-14	年次	当期	連結	実績		売上高営業利益率	OperatingIncomeToNetSalesRatio	0.029	Pure	2.9	CurrentYearDuration_ConsolidatedMember_ResultMember	/disc/80370/081220260513531618_tse-acedjpsm-80370-20260514380370-ixbrl.htm
2026-05-14	年次	前期	連結	実績		1株当たり当期純利益	NetIncomePerShare	326.38	JPYPerShares	326.38	PriorYearDuration_ConsolidatedMember_ResultMember	/disc/80370/081220260513531618_tse-acedjpsm-80370-20260514380370-ixbrl.htm
2026-05-14	年次	前期	連結	実績		自己資本当期純利益率(ROE)	NetIncomeToShareholdersEquityRatio	0.069	Pure	6.9	PriorYearDuration_ConsolidatedMember_ResultMember	/disc/80370/081220260513531618_tse-acedjpsm-80370-20260514380370-ixbrl.htm
2026-05-14	年次	前期	連結	実績		総資産経常利益率(ROA)	OrdinaryIncomeToTotalAssetsRatio	0.055	Pure	5.5	PriorYearDuration_ConsolidatedMember_ResultMember	/disc/80370/081220260513531618_tse-acedjpsm-80370-20260514380370-ixbrl.htm
2026-05-14	年次	前期	連結	実績		売上高営業利益率	OperatingIncomeToNetSalesRatio	0.028	Pure	2.8	PriorYearDuration_ConsolidatedMember_ResultMember	/disc/80370/081220260513531618_tse-acedjpsm-80370-20260514380370-ixbrl.htm
2026-05-14	年次	当期	連結	実績		持分法投資損益	InvestmentProfitLossOnEquityMethod	257000000	JPY	257	CurrentYearDuration_ConsolidatedMember_ResultMember	/disc/80370/081220260513531618_tse-acedjpsm-80370-20260514380370-ixbrl.htm
2026-05-14	年次	前期	連結	実績		持分法投資損益	InvestmentProfitLossOnEquityMethod	217000000	JPY	217	PriorYearDuration_ConsolidatedMember_ResultMember	/disc/80370/081220260513531618_tse-acedjpsm-80370-20260514380370-ixbrl.htm
2026-05-14	年次	当期	連結	実績		総資産	TotalAssets	331061000000	JPY	331,061	CurrentYearInstant_ConsolidatedMember_ResultMember	/disc/80370/081220260513531618_tse-acedjpsm-80370-20260514380370-ixbrl.htm
2026-05-14	年次	当期	連結	実績		純資産	NetAssets	178348000000	JPY	178,348	CurrentYearInstant_ConsolidatedMember_ResultMember	/disc/80370/081220260513531618_tse-acedjpsm-80370-20260514380370-ixbrl.htm
2026-05-14	年次	当期	連結	実績		自己資本比率	CapitalAdequacyRatio	0.524	Pure	52.4	CurrentYearInstant_ConsolidatedMember_ResultMember	/disc/80370/081220260513531618_tse-acedjpsm-80370-20260514380370-ixbrl.htm
2026-05-14	年次	当期	連結	実績		1株当たり純資産	NetAssetsPerShare	5671.53	JPYPerShares	5,671.53	CurrentYearInstant_ConsolidatedMember_ResultMember	/disc/80370/081220260513531618_tse-acedjpsm-80370-20260514380370-ixbrl.htm
2026-05-14	年次	前期	連結	実績		総資産	TotalAssets	320710000000	JPY	320,710	PriorYearInstant_ConsolidatedMember_ResultMember	/disc/80370/081220260513531618_tse-acedjpsm-80370-20260514380370-ixbrl.htm
2026-05-14	年次	前期	連結	実績		純資産	NetAssets	166463000000	JPY	166,463	PriorYearInstant_ConsolidatedMember_ResultMember	/disc/80370/081220260513531618_tse-acedjpsm-80370-20260514380370-ixbrl.htm
2026-05-14	年次	前期	連結	実績		自己資本比率	CapitalAdequacyRatio	0.493	Pure	49.3	PriorYearInstant_ConsolidatedMember_ResultMember	/disc/80370/081220260513531618_tse-acedjpsm-80370-20260514380370-ixbrl.htm
2026-05-14	年次	前期	連結	実績		1株当たり純資産	NetAssetsPerShare	5167.35	JPYPerShares	5,167.35	PriorYearInstant_ConsolidatedMember_ResultMember	/disc/80370/081220260513531618_tse-acedjpsm-80370-20260514380370-ixbrl.htm
2026-05-14	年次	当期	連結	実績		自己資本	OwnersEquity	173545000000	JPY	173,545	CurrentYearInstant_ConsolidatedMember_ResultMember	/disc/80370/081220260513531618_tse-acedjpsm-80370-20260514380370-ixbrl.htm
2026-05-14	年次	前期	連結	実績		自己資本	OwnersEquity	158119000000	JPY	158,119	PriorYearInstant_ConsolidatedMember_ResultMember	/disc/80370/081220260513531618_tse-acedjpsm-80370-20260514380370-ixbrl.htm
2026-05-14	年次	当期	連結	実績		営業キャッシュフロー	CashFlowsFromOperatingActivities	29690000000	JPY	29,690	CurrentYearDuration_ConsolidatedMember_ResultMember	/disc/80370/081220260513531618_tse-acedjpsm-80370-20260514380370-ixbrl.htm
2026-05-14	年次	当期	連結	実績		投資キャッシュフロー	CashFlowsFromInvestingActivities	-13101000000	JPY	13,101	CurrentYearDuration_ConsolidatedMember_ResultMember	/disc/80370/081220260513531618_tse-acedjpsm-80370-20260514380370-ixbrl.htm
2026-05-14	年次	当期	連結	実績		財務キャッシュフロー	CashFlowsFromFinancingActivities	-14389000000	JPY	14,389	CurrentYearDuration_ConsolidatedMember_ResultMember	/disc/80370/081220260513531618_tse-acedjpsm-80370-20260514380370-ixbrl.htm
2026-05-14	年次	当期	連結	実績		現金及び現金同等物の期末残高	CashAndEquivalentsEndOfPeriod	58900000000	JPY	58,900	CurrentYearInstant_ConsolidatedMember_ResultMember	/disc/80370/081220260513531618_tse-acedjpsm-80370-20260514380370-ixbrl.htm
2026-05-14	年次	前期	連結	実績		営業キャッシュフロー	CashFlowsFromOperatingActivities	38362000000	JPY	38,362	PriorYearDuration_ConsolidatedMember_ResultMember	/disc/80370/081220260513531618_tse-acedjpsm-80370-20260514380370-ixbrl.htm
2026-05-14	年次	前期	連結	実績		投資キャッシュフロー	CashFlowsFromInvestingActivities	-13616000000	JPY	13,616	PriorYearDuration_ConsolidatedMember_ResultMember	/disc/80370/081220260513531618_tse-acedjpsm-80370-20260514380370-ixbrl.htm
2026-05-14	年次	前期	連結	実績		財務キャッシュフロー	CashFlowsFromFinancingActivities	-21272000000	JPY	21,272	PriorYearDuration_ConsolidatedMember_ResultMember	/disc/80370/081220260513531618_tse-acedjpsm-80370-20260514380370-ixbrl.htm
2026-05-14	年次	前期	連結	実績		現金及び現金同等物の期末残高	CashAndEquivalentsEndOfPeriod	56177000000	JPY	56,177	PriorYearInstant_ConsolidatedMember_ResultMember	/disc/80370/081220260513531618_tse-acedjpsm-80370-20260514380370-ixbrl.htm
2026-05-14	年次	前期	単体	実績	第2四半期末	1株当たり配当金	DividendPerShare	28.00	JPYPerShares	28.00	PriorYearDuration_SecondQuarterMember_NonConsolidatedMember_ResultMember	/disc/80370/081220260513531618_tse-acedjpsm-80370-20260514380370-ixbrl.htm
2026-05-14	年次	前期	単体	実績	期末	1株当たり配当金	DividendPerShare	45.00	JPYPerShares	45.00	PriorYearDuration_YearEndMember_NonConsolidatedMember_ResultMember	/disc/80370/081220260513531618_tse-acedjpsm-80370-20260514380370-ixbrl.htm
2026-05-14	年次	前期	単体	実績	合計	1株当たり配当金	DividendPerShare	73.00	JPYPerShares	73.00	PriorYearDuration_AnnualMember_NonConsolidatedMember_ResultMember	/disc/80370/081220260513531618_tse-acedjpsm-80370-20260514380370-ixbrl.htm
2026-05-14	年次	前期	単体	実績	合計	配当金総額	TotalDividendPaidAnnual	2295000000	JPY	2,295	PriorYearDuration_AnnualMember_NonConsolidatedMember_ResultMember	/disc/80370/081220260513531618_tse-acedjpsm-80370-20260514380370-ixbrl.htm
2026-05-14	年次	前期	連結	実績	合計	配当性向	PayoutRatio	0.224	Pure	22.4	PriorYearDuration_AnnualMember_ConsolidatedMember_ResultMember	/disc/80370/081220260513531618_tse-acedjpsm-80370-20260514380370-ixbrl.htm
2026-05-14	年次	前期	連結	実績	合計	純資産配当率	RatioOfTotalAmountOfDividendsToNetAssets	0.015	Pure	1.5	PriorYearDuration_AnnualMember_ConsolidatedMember_ResultMember	/disc/80370/081220260513531618_tse-acedjpsm-80370-20260514380370-ixbrl.htm
2026-05-14	年次	当期	単体	実績	第2四半期末	1株当たり配当金	DividendPerShare	50.00	JPYPerShares	50.00	CurrentYearDuration_SecondQuarterMember_NonConsolidatedMember_ResultMember	/disc/80370/081220260513531618_tse-acedjpsm-80370-20260514380370-ixbrl.htm
2026-05-14	年次	当期	単体	実績	期末	1株当たり配当金	DividendPerShare	65.00	JPYPerShares	65.00	CurrentYearDuration_YearEndMember_NonConsolidatedMember_ResultMember	/disc/80370/081220260513531618_tse-acedjpsm-80370-20260514380370-ixbrl.htm
2026-05-14	年次	当期	単体	実績	合計	1株当たり配当金	DividendPerShare	115.00	JPYPerShares	115.00	CurrentYearDuration_AnnualMember_NonConsolidatedMember_ResultMember	/disc/80370/081220260513531618_tse-acedjpsm-80370-20260514380370-ixbrl.htm
2026-05-14	年次	当期	単体	実績	合計	配当金総額	TotalDividendPaidAnnual	3518000000	JPY	3,518	CurrentYearDuration_AnnualMember_NonConsolidatedMember_ResultMember	/disc/80370/081220260513531618_tse-acedjpsm-80370-20260514380370-ixbrl.htm
2026-05-14	年次	当期	連結	実績	合計	配当性向	PayoutRatio	0.296	Pure	29.6	CurrentYearDuration_AnnualMember_ConsolidatedMember_ResultMember	/disc/80370/081220260513531618_tse-acedjpsm-80370-20260514380370-ixbrl.htm
2026-05-14	年次	当期	連結	実績	合計	純資産配当率	RatioOfTotalAmountOfDividendsToNetAssets	0.021	Pure	2.1	CurrentYearDuration_AnnualMember_ConsolidatedMember_ResultMember	/disc/80370/081220260513531618_tse-acedjpsm-80370-20260514380370-ixbrl.htm
2026-05-14	年次	来期	単体	予想	第2四半期末	1株当たり配当金	DividendPerShare	65.00	JPYPerShares	65.00	NextYearDuration_SecondQuarterMember_NonConsolidatedMember_ForecastMember	/disc/80370/081220260513531618_tse-acedjpsm-80370-20260514380370-ixbrl.htm
2026-05-14	年次	来期	単体	予想	期末	1株当たり配当金	DividendPerShare	65.00	JPYPerShares	65.00	NextYearDuration_YearEndMember_NonConsolidatedMember_ForecastMember	/disc/80370/081220260513531618_tse-acedjpsm-80370-20260514380370-ixbrl.htm
2026-05-14	年次	来期	単体	予想	合計	1株当たり配当金	DividendPerShare	130.00	JPYPerShares	130.00	NextYearDuration_AnnualMember_NonConsolidatedMember_ForecastMember	/disc/80370/081220260513531618_tse-acedjpsm-80370-20260514380370-ixbrl.htm
2026-05-14	年次	来期	連結	予想	合計	配当性向	PayoutRatio	0.362	Pure	36.2	NextYearDuration_AnnualMember_ConsolidatedMember_ForecastMember	/disc/80370/081220260513531618_tse-acedjpsm-80370-20260514380370-ixbrl.htm
2026-05-14	年次	来期	連結	予想		業績予想の見出し	TitleForForecasts			３．2027年3月期の連結業績予想（2026年4月1日～2027年3月31日）	NextYearDuration_ConsolidatedMember_ForecastMember	/disc/80370/081220260513531618_tse-acedjpsm-80370-20260514380370-ixbrl.htm
2026-05-14	年次		連結	予想		売上高	NetSales	278200000000	JPY	278,200	NextAccumulatedQ2Duration_ConsolidatedMember_ForecastMember	/disc/80370/081220260513531618_tse-acedjpsm-80370-20260514380370-ixbrl.htm
2026-05-14	年次		連結	予想		売上高の増減率	ChangeInNetSales	0.037	Pure	3.7	NextAccumulatedQ2Duration_ConsolidatedMember_ForecastMember	/disc/80370/081220260513531618_tse-acedjpsm-80370-20260514380370-ixbrl.htm
2026-05-14	年次		連結	予想		営業利益	OperatingIncome	7180000000	JPY	7,180	NextAccumulatedQ2Duration_ConsolidatedMember_ForecastMember	/disc/80370/081220260513531618_tse-acedjpsm-80370-20260514380370-ixbrl.htm
2026-05-14	年次		連結	予想		営業利益の増減率	ChangeInOperatingIncome	0.010	Pure	1.0	NextAccumulatedQ2Duration_ConsolidatedMember_ForecastMember	/disc/80370/081220260513531618_tse-acedjpsm-80370-20260514380370-ixbrl.htm
2026-05-14	年次		連結	予想		経常利益	OrdinaryIncome	7880000000	JPY	7,880	NextAccumulatedQ2Duration_ConsolidatedMember_ForecastMember	/disc/80370/081220260513531618_tse-acedjpsm-80370-20260514380370-ixbrl.htm
2026-05-14	年次		連結	予想		経常利益の増減率	ChangeInOrdinaryIncome	0.026	Pure	2.6	NextAccumulatedQ2Duration_ConsolidatedMember_ForecastMember	/disc/80370/081220260513531618_tse-acedjpsm-80370-20260514380370-ixbrl.htm
2026-05-14	年次		連結	予想		親会社株主に帰属する当期純利益	ProfitAttributableToOwnersOfParent	4780000000	JPY	4,780	NextAccumulatedQ2Duration_ConsolidatedMember_ForecastMember	/disc/80370/081220260513531618_tse-acedjpsm-80370-20260514380370-ixbrl.htm
2026-05-14	年次		連結	予想		親会社株主に帰属する当期純利益の増減率	ChangeInProfitAttributableToOwnersOfParent	0.007	Pure	0.7	NextAccumulatedQ2Duration_ConsolidatedMember_ForecastMember	/disc/80370/081220260513531618_tse-acedjpsm-80370-20260514380370-ixbrl.htm
2026-05-14	年次		連結	予想		1株当たり当期純利益	NetIncomePerShare	156.21	JPYPerShares	156.21	NextAccumulatedQ2Duration_ConsolidatedMember_ForecastMember	/disc/80370/081220260513531618_tse-acedjpsm-80370-20260514380370-ixbrl.htm
2026-05-14	年次	来期	連結	予想		売上高	NetSales	615000000000	JPY	615,000	NextYearDuration_ConsolidatedMember_ForecastMember	/disc/80370/081220260513531618_tse-acedjpsm-80370-20260514380370-ixbrl.htm
2026-05-14	年次	来期	連結	予想		売上高の増減率	ChangeInNetSales	0.055	Pure	5.5	NextYearDuration_ConsolidatedMember_ForecastMember	/disc/80370/081220260513531618_tse-acedjpsm-80370-20260514380370-ixbrl.htm
2026-05-14	年次	来期	連結	予想		営業利益	OperatingIncome	15700000000	JPY	15,700	NextYearDuration_ConsolidatedMember_ForecastMember	/disc/80370/081220260513531618_tse-acedjpsm-80370-20260514380370-ixbrl.htm
2026-05-14	年次	来期	連結	予想		営業利益の増減率	ChangeInOperatingIncome	-0.075	Pure	7.5	NextYearDuration_ConsolidatedMember_ForecastMember	/disc/80370/081220260513531618_tse-acedjpsm-80370-20260514380370-ixbrl.htm
2026-05-14	年次	来期	連結	予想		経常利益	OrdinaryIncome	17500000000	JPY	17,500	NextYearDuration_ConsolidatedMember_ForecastMember	/disc/80370/081220260513531618_tse-acedjpsm-80370-20260514380370-ixbrl.htm
2026-05-14	年次	来期	連結	予想		経常利益の増減率	ChangeInOrdinaryIncome	-0.062	Pure	6.2	NextYearDuration_ConsolidatedMember_ForecastMember	/disc/80370/081220260513531618_tse-acedjpsm-80370-20260514380370-ixbrl.htm
2026-05-14	年次	来期	連結	予想		親会社株主に帰属する当期純利益	ProfitAttributableToOwnersOfParent	11000000000	JPY	11,000	NextYearDuration_ConsolidatedMember_ForecastMember	/disc/80370/081220260513531618_tse-acedjpsm-80370-20260514380370-ixbrl.htm
2026-05-14	年次	来期	連結	予想		親会社株主に帰属する当期純利益の増減率	ChangeInProfitAttributableToOwnersOfParent	-0.076	Pure	7.6	NextYearDuration_ConsolidatedMember_ForecastMember	/disc/80370/081220260513531618_tse-acedjpsm-80370-20260514380370-ixbrl.htm
2026-05-14	年次	来期	連結	予想		1株当たり当期純利益	NetIncomePerShare	359.48	JPYPerShares	359.48	NextYearDuration_ConsolidatedMember_ForecastMember	/disc/80370/081220260513531618_tse-acedjpsm-80370-20260514380370-ixbrl.htm
2026-05-14	年次	当期	連結	実績		期中の連結範囲の重要な変更	SignificantChangesInTheScopeOfConsolidationDuringThePeriod			無	CurrentYearDuration_ConsolidatedMember_ResultMember	/disc/80370/081220260513531618_tse-acedjpsm-80370-20260514380370-ixbrl.htm
2026-05-14	年次	当期	連結	実績		会計基準等の改正に伴う変更	ChangesBasedOnRevisionsOfAccountingStandard			無	CurrentYearDuration_ConsolidatedMember_ResultMember	/disc/80370/081220260513531618_tse-acedjpsm-80370-20260514380370-ixbrl.htm
2026-05-14	年次	当期	連結	実績		それ以外の会計方針の変更	ChangesOtherThanOnesBasedOnRevisionsOfAccountingStandard			無	CurrentYearDuration_ConsolidatedMember_ResultMember	/disc/80370/081220260513531618_tse-acedjpsm-80370-20260514380370-ixbrl.htm
2026-05-14	年次	当期	連結	実績		会計上の見積りの変更	ChangesInAccountingEstimates			無	CurrentYearDuration_ConsolidatedMember_ResultMember	/disc/80370/081220260513531618_tse-acedjpsm-80370-20260514380370-ixbrl.htm
2026-05-14	年次	当期	連結	実績		修正再表示	RetrospectiveRestatement			無	CurrentYearDuration_ConsolidatedMember_ResultMember	/disc/80370/081220260513531618_tse-acedjpsm-80370-20260514380370-ixbrl.htm
2026-05-14	年次	当期	単体	実績		期末発行済株式数(自己株式を含む)	NumberOfIssuedAndOutstandingSharesAtTheEndOfFiscalYearIncludingTreasuryStock	32991969	Shares	32,991,969	CurrentYearInstant_NonConsolidatedMember_ResultMember	/disc/80370/081220260513531618_tse-acedjpsm-80370-20260514380370-ixbrl.htm
2026-05-14	年次	前期	単体	実績		期末発行済株式数(自己株式を含む)	NumberOfIssuedAndOutstandingSharesAtTheEndOfFiscalYearIncludingTreasuryStock	32991969	Shares	32,991,969	PriorYearInstant_NonConsolidatedMember_ResultMember	/disc/80370/081220260513531618_tse-acedjpsm-80370-20260514380370-ixbrl.htm
2026-05-14	年次	当期	単体	実績		期末自己株式数	NumberOfTreasuryStockAtTheEndOfFiscalYear	2392611	Shares	2,392,611	CurrentYearInstant_NonConsolidatedMember_ResultMember	/disc/80370/081220260513531618_tse-acedjpsm-80370-20260514380370-ixbrl.htm
2026-05-14	年次	前期	単体	実績		期末自己株式数	NumberOfTreasuryStockAtTheEndOfFiscalYear	2392231	Shares	2,392,231	PriorYearInstant_NonConsolidatedMember_ResultMember	/disc/80370/081220260513531618_tse-acedjpsm-80370-20260514380370-ixbrl.htm
2026-05-14	年次	当期	単体	実績		期中平均株式数	AverageNumberOfShares	30599495	Shares	30,599,495	CurrentYearDuration_NonConsolidatedMember_ResultMember	/disc/80370/081220260513531618_tse-acedjpsm-80370-20260514380370-ixbrl.htm
2026-05-14	年次	前期	単体	実績		期中平均株式数	AverageNumberOfShares	32755744	Shares	32,755,744	PriorYearDuration_NonConsolidatedMember_ResultMember	/disc/80370/081220260513531618_tse-acedjpsm-80370-20260514380370-ixbrl.htm
2026-05-14	年次	当期	単体	実績		売上高	NetSales	352537000000	JPY	352,537	CurrentYearDuration_NonConsolidatedMember_ResultMember	/disc/80370/081220260513531618_tse-acedjpsm-80370-20260514380370-ixbrl.htm
2026-05-14	年次	当期	単体	実績		売上高の増減率	ChangeInNetSales	-0.010	Pure	1.0	CurrentYearDuration_NonConsolidatedMember_ResultMember	/disc/80370/081220260513531618_tse-acedjpsm-80370-20260514380370-ixbrl.htm
2026-05-14	年次	当期	単体	実績		営業利益	OperatingIncome	6301000000	JPY	6,301	CurrentYearDuration_NonConsolidatedMember_ResultMember	/disc/80370/081220260513531618_tse-acedjpsm-80370-20260514380370-ixbrl.htm
2026-05-14	年次	当期	単体	実績		営業利益の増減率	ChangeInOperatingIncome	0.189	Pure	18.9	CurrentYearDuration_NonConsolidatedMember_ResultMember	/disc/80370/081220260513531618_tse-acedjpsm-80370-20260514380370-ixbrl.htm
2026-05-14	年次	当期	単体	実績		経常利益	OrdinaryIncome	8226000000	JPY	8,226	CurrentYearDuration_NonConsolidatedMember_ResultMember	/disc/80370/081220260513531618_tse-acedjpsm-80370-20260514380370-ixbrl.htm
2026-05-14	年次	当期	単体	実績		経常利益の増減率	ChangeInOrdinaryIncome	0.145	Pure	14.5	CurrentYearDuration_NonConsolidatedMember_ResultMember	/disc/80370/081220260513531618_tse-acedjpsm-80370-20260514380370-ixbrl.htm
2026-05-14	年次	当期	単体	実績		当期純利益	NetIncome	6821000000	JPY	6,821	CurrentYearDuration_NonConsolidatedMember_ResultMember	/disc/80370/081220260513531618_tse-acedjpsm-80370-20260514380370-ixbrl.htm
2026-05-14	年次	当期	単体	実績		当期純利益の増減率	ChangeInNetIncome	0.400	Pure	40.0	CurrentYearDuration_NonConsolidatedMember_ResultMember	/disc/80370/081220260513531618_tse-acedjpsm-80370-20260514380370-ixbrl.htm
2026-05-14	年次	前期	単体	実績		売上高	NetSales	356182000000	JPY	356,182	PriorYearDuration_NonConsolidatedMember_ResultMember	/disc/80370/081220260513531618_tse-acedjpsm-80370-20260514380370-ixbrl.htm
2026-05-14	年次	前期	単体	実績		売上高の増減率	ChangeInNetSales	-0.002	Pure	0.2	PriorYearDuration_NonConsolidatedMember_ResultMember	/disc/80370/081220260513531618_tse-acedjpsm-80370-20260514380370-ixbrl.htm
2026-05-14	年次	前期	単体	実績		営業利益	OperatingIncome	5300000000	JPY	5,300	PriorYearDuration_NonConsolidatedMember_ResultMember	/disc/80370/081220260513531618_tse-acedjpsm-80370-20260514380370-ixbrl.htm
2026-05-14	年次	前期	単体	実績		営業利益の増減率	ChangeInOperatingIncome	0.045	Pure	4.5	PriorYearDuration_NonConsolidatedMember_ResultMember	/disc/80370/081220260513531618_tse-acedjpsm-80370-20260514380370-ixbrl.htm
2026-05-14	年次	前期	単体	実績		経常利益	OrdinaryIncome	7184000000	JPY	7,184	PriorYearDuration_NonConsolidatedMember_ResultMember	/disc/80370/081220260513531618_tse-acedjpsm-80370-20260514380370-ixbrl.htm
2026-05-14	年次	前期	単体	実績		経常利益の増減率	ChangeInOrdinaryIncome	0.124	Pure	12.4	PriorYearDuration_NonConsolidatedMember_ResultMember	/disc/80370/081220260513531618_tse-acedjpsm-80370-20260514380370-ixbrl.htm
2026-05-14	年次	前期	単体	実績		当期純利益	NetIncome	4873000000	JPY	4,873	PriorYearDuration_NonConsolidatedMember_ResultMember	/disc/80370/081220260513531618_tse-acedjpsm-80370-20260514380370-ixbrl.htm
2026-05-14	年次	前期	単体	実績		当期純利益の増減率	ChangeInNetIncome	0.339	Pure	33.9	PriorYearDuration_NonConsolidatedMember_ResultMember	/disc/80370/081220260513531618_tse-acedjpsm-80370-20260514380370-ixbrl.htm
2026-05-14	年次	当期	単体	実績		業績の注記	NoteToFinancialResults			2026年3月期において、売上高の表示方法を変更しており、2025年3月期に係る各数値については、変更の内容を反映させております。	CurrentYearDuration_NonConsolidatedMember_ResultMember	/disc/80370/081220260513531618_tse-acedjpsm-80370-20260514380370-ixbrl.htm
2026-05-14	年次	当期	単体	実績		1株当たり当期純利益	NetIncomePerShare	222.94	JPYPerShares	222.94	CurrentYearDuration_NonConsolidatedMember_ResultMember	/disc/80370/081220260513531618_tse-acedjpsm-80370-20260514380370-ixbrl.htm
2026-05-14	年次	前期	単体	実績		1株当たり当期純利益	NetIncomePerShare	148.79	JPYPerShares	148.79	PriorYearDuration_NonConsolidatedMember_ResultMember	/disc/80370/081220260513531618_tse-acedjpsm-80370-20260514380370-ixbrl.htm
2026-05-14	年次	当期	単体	実績		総資産	TotalAssets	164718000000	JPY	164,718	CurrentYearInstant_NonConsolidatedMember_ResultMember	/disc/80370/081220260513531618_tse-acedjpsm-80370-20260514380370-ixbrl.htm
2026-05-14	年次	当期	単体	実績		純資産	NetAssets	96868000000	JPY	96,868	CurrentYearInstant_NonConsolidatedMember_ResultMember	/disc/80370/081220260513531618_tse-acedjpsm-80370-20260514380370-ixbrl.htm
2026-05-14	年次	当期	単体	実績		自己資本比率	CapitalAdequacyRatio	0.588	Pure	58.8	CurrentYearInstant_NonConsolidatedMember_ResultMember	/disc/80370/081220260513531618_tse-acedjpsm-80370-20260514380370-ixbrl.htm
2026-05-14	年次	当期	単体	実績		1株当たり純資産	NetAssetsPerShare	3165.70	JPYPerShares	3,165.70	CurrentYearInstant_NonConsolidatedMember_ResultMember	/disc/80370/081220260513531618_tse-acedjpsm-80370-20260514380370-ixbrl.htm
2026-05-14	年次	前期	単体	実績		総資産	TotalAssets	160564000000	JPY	160,564	PriorYearInstant_NonConsolidatedMember_ResultMember	/disc/80370/081220260513531618_tse-acedjpsm-80370-20260514380370-ixbrl.htm
2026-05-14	年次	前期	単体	実績		純資産	NetAssets	91160000000	JPY	91,160	PriorYearInstant_NonConsolidatedMember_ResultMember	/disc/80370/081220260513531618_tse-acedjpsm-80370-20260514380370-ixbrl.htm
2026-05-14	年次	前期	単体	実績		自己資本比率	CapitalAdequacyRatio	0.568	Pure	56.8	PriorYearInstant_NonConsolidatedMember_ResultMember	/disc/80370/081220260513531618_tse-acedjpsm-80370-20260514380370-ixbrl.htm
2026-05-14	年次	前期	単体	実績		1株当たり純資産	NetAssetsPerShare	2979.13	JPYPerShares	2,979.13	PriorYearInstant_NonConsolidatedMember_ResultMember	/disc/80370/081220260513531618_tse-acedjpsm-80370-20260514380370-ixbrl.htm
2026-05-14	年次	当期	単体	実績		自己資本	OwnersEquity	96868000000	JPY	96,868	CurrentYearInstant_NonConsolidatedMember_ResultMember	/disc/80370/081220260513531618_tse-acedjpsm-80370-20260514380370-ixbrl.htm
2026-05-14	年次	前期	単体	実績		自己資本	OwnersEquity	91160000000	JPY	91,160	PriorYearInstant_NonConsolidatedMember_ResultMember	/disc/80370/081220260513531618_tse-acedjpsm-80370-20260514380370-ixbrl.htm
2026-05-14	年次	来期				将来情報の利用に関する注意	NotesForUsingForecastedInformationAndOthers			本資料に記載されている業績見通し等の将来に関する記述は、当社が現在入手している情報及び合理的であると判断する一定の前提に基づいており、その達成を当社として約束する趣旨のものではありません。また、実際の業績等は様々な要因により大きく異なる可能性があります。業績予想の前提となる条件及び業績予想のご利用に当たっての注意事項等については、添付資料3ページ「1．経営成績等の概況（1）経営成績に関する分析」をご覧ください。	NextYearDuration	/disc/80370/081220260513531618_tse-acedjpsm-80370-20260514380370-ixbrl.htm
2026-05-14	年次	当期				決算期末	FiscalYearEnd			2026-03-31	CurrentYearInstant	/disc/80370/081220260513531618_tse-acedjpsm-80370-20260514380370-ixbrl.htm
2026-08-06	四半期	当期第1四半期累計				書類名	DocumentName			第1四半期決算短信〔日本基準〕（連結）	CurrentAccumulatedQ1Instant	/disc/80370/081220260805510809_tse-qcedjpsm-80370-20260806380370-ixbrl.htm
2026-08-06	四半期	当期第1四半期累計				提出日	FilingDate			2026年8月6日	CurrentAccumulatedQ1Instant	/disc/80370/081220260805510809_tse-qcedjpsm-80370-20260806380370-ixbrl.htm
2026-08-06	四半期	当期第1四半期累計				会社名	CompanyName			カメイ株式会社	CurrentAccumulatedQ1Instant	/disc/80370/081220260805510809_tse-qcedjpsm-80370-20260806380370-ixbrl.htm
2026-08-06	四半期	当期第1四半期累計					TokyoStockExchange			東	CurrentAccumulatedQ1Instant	/disc/80370/081220260805510809_tse-qcedjpsm-80370-20260806380370-ixbrl.htm
2026-08-06	四半期	当期第1四半期累計				証券コード	SecuritiesCode			8037	CurrentAccumulatedQ1Instant	/disc/80370/081220260805510809_tse-qcedjpsm-80370-20260806380370-ixbrl.htm
2026-08-06	四半期	当期第1四半期累計				URL	URL			https://www.kamei.co.jp/	CurrentAccumulatedQ1Instant	/disc/80370/081220260805510809_tse-qcedjpsm-80370-20260806380370-ixbrl.htm
2026-08-06	四半期	当期第1四半期累計				代表者の役職	TitleRepresentative			代表取締役社長	CurrentAccumulatedQ1Instant	/disc/80370/081220260805510809_tse-qcedjpsm-80370-20260806380370-ixbrl.htm
2026-08-06	四半期	当期第1四半期累計				代表者名	NameRepresentative			亀井昭男	CurrentAccumulatedQ1Instant	/disc/80370/081220260805510809_tse-qcedjpsm-80370-20260806380370-ixbrl.htm
2026-08-06	四半期	当期第1四半期累計					TitleInquiries			執行役員管理部長	CurrentAccumulatedQ1Instant	/disc/80370/081220260805510809_tse-qcedjpsm-80370-20260806380370-ixbrl.htm
2026-08-06	四半期	当期第1四半期累計					NameInquiries			遠藤忠章	CurrentAccumulatedQ1Instant	/disc/80370/081220260805510809_tse-qcedjpsm-80370-20260806380370-ixbrl.htm
2026-08-06	四半期	当期第1四半期累計					Tel			022-264-6111	CurrentAccumulatedQ1Instant	/disc/80370/081220260805510809_tse-qcedjpsm-80370-20260806380370-ixbrl.htm
2026-08-06	四半期	当期第1四半期累計					SupplementalMaterialOfResults			有	CurrentAccumulatedQ1Instant	/disc/80370/081220260805510809_tse-qcedjpsm-80370-20260806380370-ixbrl.htm
2026-08-06	四半期	当期第1四半期累計					ConveningBriefingOfResults			無	CurrentAccumulatedQ1Instant	/disc/80370/081220260805510809_tse-qcedjpsm-80370-20260806380370-ixbrl.htm
2026-08-06	四半期	当期第1四半期累計					NoteToFractionProcessingMethod			（百万円未満切捨て）	CurrentAccumulatedQ1Instant	/disc/80370/081220260805510809_tse-qcedjpsm-80370-20260806380370-ixbrl.htm
2026-08-06	四半期	当期第1四半期累計	連結	実績		売上高	NetSales	150621000000	JPY	150,621	CurrentAccumulatedQ1Duration_ConsolidatedMember_ResultMember	/disc/80370/081220260805510809_tse-qcedjpsm-80370-20260806380370-ixbrl.htm
2026-08-06	四半期	当期第1四半期累計	連結	実績		売上高の増減率	ChangeInNetSales	0.067	Pure	6.7	CurrentAccumulatedQ1Duration_ConsolidatedMember_ResultMember	/disc/80370/081220260805510809_tse-qcedjpsm-80370-20260806380370-ixbrl.htm
2026-08-06	四半期	当期第1四半期累計	連結	実績		営業利益	OperatingIncome	6059000000	JPY	6,059	CurrentAccumulatedQ1Duration_ConsolidatedMember_ResultMember	/disc/80370/081220260805510809_tse-qcedjpsm-80370-20260806380370-ixbrl.htm
2026-08-06	四半期	当期第1四半期累計	連結	実績		営業利益の増減率	ChangeInOperatingIncome	0.506	Pure	50.6	CurrentAccumulatedQ1Duration_ConsolidatedMember_ResultMember	/disc/80370/081220260805510809_tse-qcedjpsm-80370-20260806380370-ixbrl.htm
2026-08-06	四半期	当期第1四半期累計	連結	実績		経常利益	OrdinaryIncome	6664000000	JPY	6,664	CurrentAccumulatedQ1Duration_ConsolidatedMember_ResultMember	/disc/80370/081220260805510809_tse-qcedjpsm-80370-20260806380370-ixbrl.htm
2026-08-06	四半期	当期第1四半期累計	連結	実績		経常利益の増減率	ChangeInOrdinaryIncome	0.491	Pure	49.1	CurrentAccumulatedQ1Duration_ConsolidatedMember_ResultMember	/disc/80370/081220260805510809_tse-qcedjpsm-80370-20260806380370-ixbrl.htm
2026-08-06	四半期	当期第1四半期累計	連結	実績		親会社株主に帰属する当期純利益	ProfitAttributableToOwnersOfParent	4573000000	JPY	4,573	CurrentAccumulatedQ1Duration_ConsolidatedMember_ResultMember	/disc/80370/081220260805510809_tse-qcedjpsm-80370-20260806380370-ixbrl.htm
2026-08-06	四半期	当期第1四半期累計	連結	実績		親会社株主に帰属する当期純利益の増減率	ChangeInProfitAttributableToOwnersOfParent	0.558	Pure	55.8	CurrentAccumulatedQ1Duration_ConsolidatedMember_ResultMember	/disc/80370/081220260805510809_tse-qcedjpsm-80370-20260806380370-ixbrl.htm
2026-08-06	四半期	前期第1四半期累計	連結	実績		売上高	NetSales	141162000000	JPY	141,162	PriorAccumulatedQ1Duration_ConsolidatedMember_ResultMember	/disc/80370/081220260805510809_tse-qcedjpsm-80370-20260806380370-ixbrl.htm
2026-08-06	四半期	前期第1四半期累計	連結	実績		売上高の増減率	ChangeInNetSales	0.084	Pure	8.4	PriorAccumulatedQ1Duration_ConsolidatedMember_ResultMember	/disc/80370/081220260805510809_tse-qcedjpsm-80370-20260806380370-ixbrl.htm
2026-08-06	四半期	前期第1四半期累計	連結	実績		営業利益	OperatingIncome	4023000000	JPY	4,023	PriorAccumulatedQ1Duration_ConsolidatedMember_ResultMember	/disc/80370/081220260805510809_tse-qcedjpsm-80370-20260806380370-ixbrl.htm
2026-08-06	四半期	前期第1四半期累計	連結	実績		営業利益の増減率	ChangeInOperatingIncome	0.233	Pure	23.3	PriorAccumulatedQ1Duration_ConsolidatedMember_ResultMember	/disc/80370/081220260805510809_tse-qcedjpsm-80370-20260806380370-ixbrl.htm
2026-08-06	四半期	前期第1四半期累計	連結	実績		経常利益	OrdinaryIncome	4468000000	JPY	4,468	PriorAccumulatedQ1Duration_ConsolidatedMember_ResultMember	/disc/80370/081220260805510809_tse-qcedjpsm-80370-20260806380370-ixbrl.htm
2026-08-06	四半期	前期第1四半期累計	連結	実績		経常利益の増減率	ChangeInOrdinaryIncome	0.173	Pure	17.3	PriorAccumulatedQ1Duration_ConsolidatedMember_ResultMember	/disc/80370/081220260805510809_tse-qcedjpsm-80370-20260806380370-ixbrl.htm
2026-08-06	四半期	前期第1四半期累計	連結	実績		親会社株主に帰属する当期純利益	ProfitAttributableToOwnersOfParent	2935000000	JPY	2,935	PriorAccumulatedQ1Duration_ConsolidatedMember_ResultMember	/disc/80370/081220260805510809_tse-qcedjpsm-80370-20260806380370-ixbrl.htm
2026-08-06	四半期	前期第1四半期累計	連結	実績		親会社株主に帰属する当期純利益の増減率	ChangeInProfitAttributableToOwnersOfParent	0.313	Pure	31.3	PriorAccumulatedQ1Duration_ConsolidatedMember_ResultMember	/disc/80370/081220260805510809_tse-qcedjpsm-80370-20260806380370-ixbrl.htm
2026-08-06	四半期	当期第1四半期累計	連結	実績		包括利益	ComprehensiveIncome	6134000000	JPY	6,134	CurrentAccumulatedQ1Duration_ConsolidatedMember_ResultMember	/disc/80370/081220260805510809_tse-qcedjpsm-80370-20260806380370-ixbrl.htm
2026-08-06	四半期	当期第1四半期累計	連結	実績		包括利益の増減率	ChangeInComprehensiveIncome	5.585	Pure	558.5	CurrentAccumulatedQ1Duration_ConsolidatedMember_ResultMember	/disc/80370/081220260805510809_tse-qcedjpsm-80370-20260806380370-ixbrl.htm
2026-08-06	四半期	前期第1四半期累計	連結	実績		包括利益	ComprehensiveIncome	931000000	JPY	931	PriorAccumulatedQ1Duration_ConsolidatedMember_ResultMember	/disc/80370/081220260805510809_tse-qcedjpsm-80370-20260806380370-ixbrl.htm
2026-08-06	四半期	前期第1四半期累計	連結	実績		包括利益の増減率	ChangeInComprehensiveIncome	-0.806	Pure	80.6	PriorAccumulatedQ1Duration_ConsolidatedMember_ResultMember	/disc/80370/081220260805510809_tse-qcedjpsm-80370-20260806380370-ixbrl.htm
2026-08-06	四半期	当期第1四半期累計	連結	実績		1株当たり当期純利益	NetIncomePerShare	149.46	JPYPerShares	149.46	CurrentAccumulatedQ1Duration_ConsolidatedMember_ResultMember	/disc/80370/081220260805510809_tse-qcedjpsm-80370-20260806380370-ixbrl.htm
2026-08-06	四半期	前期第1四半期累計	連結	実績		1株当たり当期純利益	NetIncomePerShare	95.93	JPYPerShares	95.93	PriorAccumulatedQ1Duration_ConsolidatedMember_ResultMember	/disc/80370/081220260805510809_tse-qcedjpsm-80370-20260806380370-ixbrl.htm
2026-08-06	四半期	当期第1四半期累計	連結	実績		総資産	TotalAssets	329243000000	JPY	329,243	CurrentAccumulatedQ1Instant_ConsolidatedMember_ResultMember	/disc/80370/081220260805510809_tse-qcedjpsm-80370-20260806380370-ixbrl.htm
2026-08-06	四半期	当期第1四半期累計	連結	実績		純資産	NetAssets	181959000000	JPY	181,959	CurrentAccumulatedQ1Instant_ConsolidatedMember_ResultMember	/disc/80370/081220260805510809_tse-qcedjpsm-80370-20260806380370-ixbrl.htm
2026-08-06	四半期	当期第1四半期累計	連結	実績		自己資本比率	CapitalAdequacyRatio	0.547	Pure	54.7	CurrentAccumulatedQ1Instant_ConsolidatedMember_ResultMember	/disc/80370/081220260805510809_tse-qcedjpsm-80370-20260806380370-ixbrl.htm
2026-08-06	四半期	当期第1四半期累計	連結	実績		1株当たり純資産	NetAssetsPerShare	5882.31	JPYPerShares	5,882.31	CurrentAccumulatedQ1Instant_ConsolidatedMember_ResultMember	/disc/80370/081220260805510809_tse-qcedjpsm-80370-20260806380370-ixbrl.htm
2026-08-06	四半期	前期	連結	実績		総資産	TotalAssets	331061000000	JPY	331,061	PriorYearInstant_ConsolidatedMember_ResultMember	/disc/80370/081220260805510809_tse-qcedjpsm-80370-20260806380370-ixbrl.htm
2026-08-06	四半期	前期	連結	実績		純資産	NetAssets	178348000000	JPY	178,348	PriorYearInstant_ConsolidatedMember_ResultMember	/disc/80370/081220260805510809_tse-qcedjpsm-80370-20260806380370-ixbrl.htm
2026-08-06	四半期	前期	連結	実績		自己資本比率	CapitalAdequacyRatio	0.524	Pure	52.4	PriorYearInstant_ConsolidatedMember_ResultMember	/disc/80370/081220260805510809_tse-qcedjpsm-80370-20260806380370-ixbrl.htm
2026-08-06	四半期	前期	連結	実績		1株当たり純資産	NetAssetsPerShare	5671.53	JPYPerShares	5,671.53	PriorYearInstant_ConsolidatedMember_ResultMember	/disc/80370/081220260805510809_tse-qcedjpsm-80370-20260806380370-ixbrl.htm
2026-08-06	四半期	当期第1四半期累計	連結	実績		自己資本	OwnersEquity	179994000000	JPY	179,994	CurrentAccumulatedQ1Instant_ConsolidatedMember_ResultMember	/disc/80370/081220260805510809_tse-qcedjpsm-80370-20260806380370-ixbrl.htm
2026-08-06	四半期	前期	連結	実績		自己資本	OwnersEquity	173545000000	JPY	173,545	PriorYearInstant_ConsolidatedMember_ResultMember	/disc/80370/081220260805510809_tse-qcedjpsm-80370-20260806380370-ixbrl.htm
2026-08-06	四半期	前期	単体	実績	第2四半期末	1株当たり配当金	DividendPerShare	50.00	JPYPerShares	50.00	PriorYearDuration_SecondQuarterMember_NonConsolidatedMember_ResultMember	/disc/80370/081220260805510809_tse-qcedjpsm-80370-20260806380370-ixbrl.htm
2026-08-06	四半期	前期	単体	実績	期末	1株当たり配当金	DividendPerShare	65.00	JPYPerShares	65.00	PriorYearDuration_YearEndMember_NonConsolidatedMember_ResultMember	/disc/80370/081220260805510809_tse-qcedjpsm-80370-20260806380370-ixbrl.htm
2026-08-06	四半期	前期	単体	実績	合計	1株当たり配当金	DividendPerShare	115.00	JPYPerShares	115.00	PriorYearDuration_AnnualMember_NonConsolidatedMember_ResultMember	/disc/80370/081220260805510809_tse-qcedjpsm-80370-20260806380370-ixbrl.htm
2026-08-06	四半期	当期	単体	予想	第2四半期末	1株当たり配当金	DividendPerShare	68.00	JPYPerShares	68.00	CurrentYearDuration_SecondQuarterMember_NonConsolidatedMember_ForecastMember	/disc/80370/081220260805510809_tse-qcedjpsm-80370-20260806380370-ixbrl.htm
2026-08-06	四半期	当期	単体	予想	期末	1株当たり配当金	DividendPerShare	68.00	JPYPerShares	68.00	CurrentYearDuration_YearEndMember_NonConsolidatedMember_ForecastMember	/disc/80370/081220260805510809_tse-qcedjpsm-80370-20260806380370-ixbrl.htm
2026-08-06	四半期	当期	単体	予想	合計	1株当たり配当金	DividendPerShare	136.00	JPYPerShares	136.00	CurrentYearDuration_AnnualMember_NonConsolidatedMember_ForecastMember	/disc/80370/081220260805510809_tse-qcedjpsm-80370-20260806380370-ixbrl.htm
2026-08-06	四半期	当期	単体	実績	合計	当四半期における配当予想の修正	CorrectionOfDividendForecastInThisQuarter			有	CurrentYearDuration_AnnualMember_NonConsolidatedMember_ResultMember	/disc/80370/081220260805510809_tse-qcedjpsm-80370-20260806380370-ixbrl.htm
2026-08-06	四半期	当期	連結	予想		業績予想の見出し	TitleForForecasts			3．2027年3月期の連結業績予想（2026年4月1日～2027年3月31日）	CurrentYearDuration_ConsolidatedMember_ForecastMember	/disc/80370/081220260805510809_tse-qcedjpsm-80370-20260806380370-ixbrl.htm
2026-08-06	四半期	当期第2四半期累計	連結	予想		売上高	NetSales	283130000000	JPY	283,130	CurrentAccumulatedQ2Duration_ConsolidatedMember_ForecastMember	/disc/80370/081220260805510809_tse-qcedjpsm-80370-20260806380370-ixbrl.htm
2026-08-06	四半期	当期第2四半期累計	連結	予想		売上高の増減率	ChangeInNetSales	0.055	Pure	5.5	CurrentAccumulatedQ2Duration_ConsolidatedMember_ForecastMember	/disc/80370/081220260805510809_tse-qcedjpsm-80370-20260806380370-ixbrl.htm
2026-08-06	四半期	当期第2四半期累計	連結	予想		営業利益	OperatingIncome	9520000000	JPY	9,520	CurrentAccumulatedQ2Duration_ConsolidatedMember_ForecastMember	/disc/80370/081220260805510809_tse-qcedjpsm-80370-20260806380370-ixbrl.htm
2026-08-06	四半期	当期第2四半期累計	連結	予想		営業利益の増減率	ChangeInOperatingIncome	0.339	Pure	33.9	CurrentAccumulatedQ2Duration_ConsolidatedMember_ForecastMember	/disc/80370/081220260805510809_tse-qcedjpsm-80370-20260806380370-ixbrl.htm
2026-08-06	四半期	当期第2四半期累計	連結	予想		経常利益	OrdinaryIncome	10410000000	JPY	10,410	CurrentAccumulatedQ2Duration_ConsolidatedMember_ForecastMember	/disc/80370/081220260805510809_tse-qcedjpsm-80370-20260806380370-ixbrl.htm
2026-08-06	四半期	当期第2四半期累計	連結	予想		経常利益の増減率	ChangeInOrdinaryIncome	0.355	Pure	35.5	CurrentAccumulatedQ2Duration_ConsolidatedMember_ForecastMember	/disc/80370/081220260805510809_tse-qcedjpsm-80370-20260806380370-ixbrl.htm
2026-08-06	四半期	当期第2四半期累計	連結	予想		親会社株主に帰属する当期純利益	ProfitAttributableToOwnersOfParent	6480000000	JPY	6,480	CurrentAccumulatedQ2Duration_ConsolidatedMember_ForecastMember	/disc/80370/081220260805510809_tse-qcedjpsm-80370-20260806380370-ixbrl.htm
2026-08-06	四半期	当期第2四半期累計	連結	予想		親会社株主に帰属する当期純利益の増減率	ChangeInProfitAttributableToOwnersOfParent	0.365	Pure	36.5	CurrentAccumulatedQ2Duration_ConsolidatedMember_ForecastMember	/disc/80370/081220260805510809_tse-qcedjpsm-80370-20260806380370-ixbrl.htm
2026-08-06	四半期	当期第2四半期累計	連結	予想		1株当たり当期純利益	NetIncomePerShare	211.77	JPYPerShares	211.77	CurrentAccumulatedQ2Duration_ConsolidatedMember_ForecastMember	/disc/80370/081220260805510809_tse-qcedjpsm-80370-20260806380370-ixbrl.htm
2026-08-06	四半期	当期	連結	予想		売上高	NetSales	624910000000	JPY	624,910	CurrentYearDuration_ConsolidatedMember_ForecastMember	/disc/80370/081220260805510809_tse-qcedjpsm-80370-20260806380370-ixbrl.htm
2026-08-06	四半期	当期	連結	予想		売上高の増減率	ChangeInNetSales	0.072	Pure	7.2	CurrentYearDuration_ConsolidatedMember_ForecastMember	/disc/80370/081220260805510809_tse-qcedjpsm-80370-20260806380370-ixbrl.htm
2026-08-06	四半期	当期	連結	予想		営業利益	OperatingIncome	17890000000	JPY	17,890	CurrentYearDuration_ConsolidatedMember_ForecastMember	/disc/80370/081220260805510809_tse-qcedjpsm-80370-20260806380370-ixbrl.htm
2026-08-06	四半期	当期	連結	予想		営業利益の増減率	ChangeInOperatingIncome	0.054	Pure	5.4	CurrentYearDuration_ConsolidatedMember_ForecastMember	/disc/80370/081220260805510809_tse-qcedjpsm-80370-20260806380370-ixbrl.htm
2026-08-06	四半期	当期	連結	予想		経常利益	OrdinaryIncome	19570000000	JPY	19,570	CurrentYearDuration_ConsolidatedMember_ForecastMember	/disc/80370/081220260805510809_tse-qcedjpsm-80370-20260806380370-ixbrl.htm
2026-08-06	四半期	当期	連結	予想		経常利益の増減率	ChangeInOrdinaryIncome	0.049	Pure	4.9	CurrentYearDuration_ConsolidatedMember_ForecastMember	/disc/80370/081220260805510809_tse-qcedjpsm-80370-20260806380370-ixbrl.htm
2026-08-06	四半期	当期	連結	予想		親会社株主に帰属する当期純利益	ProfitAttributableToOwnersOfParent	12050000000	JPY	12,050	CurrentYearDuration_ConsolidatedMember_ForecastMember	/disc/80370/081220260805510809_tse-qcedjpsm-80370-20260806380370-ixbrl.htm
2026-08-06	四半期	当期	連結	予想		親会社株主に帰属する当期純利益の増減率	ChangeInProfitAttributableToOwnersOfParent	0.013	Pure	1.3	CurrentYearDuration_ConsolidatedMember_ForecastMember	/disc/80370/081220260805510809_tse-qcedjpsm-80370-20260806380370-ixbrl.htm
2026-08-06	四半期	当期	連結	予想		1株当たり当期純利益	NetIncomePerShare	393.80	JPYPerShares	393.80	CurrentYearDuration_ConsolidatedMember_ForecastMember	/disc/80370/081220260805510809_tse-qcedjpsm-80370-20260806380370-ixbrl.htm
2026-08-06	四半期	当期	連結	予想		当四半期における業績予想の修正	CorrectionOfConsolidatedFinancialForecastInThisQuarter			有	CurrentYearDuration_ConsolidatedMember_ForecastMember	/disc/80370/081220260805510809_tse-qcedjpsm-80370-20260806380370-ixbrl.htm
2026-08-06	四半期	当期第1四半期累計	連結	実績		期中の連結範囲の重要な変更	SignificantChangesInTheScopeOfConsolidationDuringThePeriod			無	CurrentAccumulatedQ1Duration_ConsolidatedMember_ResultMember	/disc/80370/081220260805510809_tse-qcedjpsm-80370-20260806380370-ixbrl.htm
2026-08-06	四半期	当期第1四半期累計	連結	実績			ApplyingOfSpecificAccountingOfTheConsolidatedQuarterlyFinancialStatements			無	CurrentAccumulatedQ1Duration_ConsolidatedMember_ResultMember	/disc/80370/081220260805510809_tse-qcedjpsm-80370-20260806380370-ixbrl.htm
2026-08-06	四半期	当期第1四半期累計	連結	実績		会計基準等の改正に伴う変更	ChangesBasedOnRevisionsOfAccountingStandard			無	CurrentAccumulatedQ1Duration_ConsolidatedMember_ResultMember	/disc/80370/081220260805510809_tse-qcedjpsm-80370-20260806380370-ixbrl.htm
2026-08-06	四半期	当期第1四半期累計	連結	実績		それ以外の会計方針の変更	ChangesOtherThanOnesBasedOnRevisionsOfAccountingStandard			無	CurrentAccumulatedQ1Duration_ConsolidatedMember_ResultMember	/disc/80370/081220260805510809_tse-qcedjpsm-80370-20260806380370-ixbrl.htm
2026-08-06	四半期	当期第1四半期累計	連結	実績		会計上の見積りの変更	ChangesInAccountingEstimates			無	CurrentAccumulatedQ1Duration_ConsolidatedMember_ResultMember	/disc/80370/081220260805510809_tse-qcedjpsm-80370-20260806380370-ixbrl.htm
2026-08-06	四半期	当期第1四半期累計	連結	実績		修正再表示	RetrospectiveRestatement			無	CurrentAccumulatedQ1Duration_ConsolidatedMember_ResultMember	/disc/80370/081220260805510809_tse-qcedjpsm-80370-20260806380370-ixbrl.htm
2026-08-06	四半期	当期第1四半期累計	単体	実績		期末発行済株式数(自己株式を含む)	NumberOfIssuedAndOutstandingSharesAtTheEndOfFiscalYearIncludingTreasuryStock	32991969	Shares	32,991,969	CurrentAccumulatedQ1Instant_NonConsolidatedMember_ResultMember	/disc/80370/081220260805510809_tse-qcedjpsm-80370-20260806380370-ixbrl.htm
2026-08-06	四半期	前期	単体	実績		期末発行済株式数(自己株式を含む)	NumberOfIssuedAndOutstandingSharesAtTheEndOfFiscalYearIncludingTreasuryStock	32991969	Shares	32,991,969	PriorYearInstant_NonConsolidatedMember_ResultMember	/disc/80370/081220260805510809_tse-qcedjpsm-80370-20260806380370-ixbrl.htm
2026-08-06	四半期	当期第1四半期累計	単体	実績		期末自己株式数	NumberOfTreasuryStockAtTheEndOfFiscalYear	2392659	Shares	2,392,659	CurrentAccumulatedQ1Instant_NonConsolidatedMember_ResultMember	/disc/80370/081220260805510809_tse-qcedjpsm-80370-20260806380370-ixbrl.htm
2026-08-06	四半期	前期	単体	実績		期末自己株式数	NumberOfTreasuryStockAtTheEndOfFiscalYear	2392611	Shares	2,392,611	PriorYearInstant_NonConsolidatedMember_ResultMember	/disc/80370/081220260805510809_tse-qcedjpsm-80370-20260806380370-ixbrl.htm
2026-08-06	四半期	当期第1四半期累計	単体	実績		期中平均株式数	AverageNumberOfShares	30599336	Shares	30,599,336	CurrentAccumulatedQ1Duration_NonConsolidatedMember_ResultMember	/disc/80370/081220260805510809_tse-qcedjpsm-80370-20260806380370-ixbrl.htm
2026-08-06	四半期	前期第1四半期累計	単体	実績		期中平均株式数	AverageNumberOfShares	30599673	Shares	30,599,673	PriorAccumulatedQ1Duration_NonConsolidatedMember_ResultMember	/disc/80370/081220260805510809_tse-qcedjpsm-80370-20260806380370-ixbrl.htm
2026-08-06	四半期	当期第1四半期累計					ReviewOfAttachedConsolidatedQuarterlyFinancialStatementsByACertifiedPublicAccountantOrAnAuditFirm			無	CurrentAccumulatedQ1Duration	/disc/80370/081220260805510809_tse-qcedjpsm-80370-20260806380370-ixbrl.htm
2026-08-06	四半期	当期				将来情報の利用に関する注意	NotesForUsingForecastedInformationAndOthers			本資料に記載されている業績見通し等の将来に関する記述は、当社が現在入手している情報及び合理的であると判断する一定の前提に基づいており、その達成を当社として約束する趣旨のものではありません。また、実際の業績等は様々な要因により大きく異なる可能性があります。業績予想の前提となる条件及び業績予想のご利用に当たっての注意事項等については、添付資料4ページ「1．当四半期決算に関する定性的情報（3）連結業績予想などの将来予測情報に関する説明」をご覧ください。	CurrentYearDuration	/disc/80370/081220260805510809_tse-qcedjpsm-80370-20260806380370-ixbrl.htm
2026-08-06	四半期	当期				決算期末	FiscalYearEnd			2027-03-31	CurrentYearInstant	/disc/80370/081220260805510809_tse-qcedjpsm-80370-20260806380370-ixbrl.htm
2026-08-06	四半期	当期第1四半期累計				四半期	QuarterlyPeriod	1	Pure	1	CurrentAccumulatedQ1Instant	/disc/80370/081220260805510809_tse-qcedjpsm-80370-20260806380370-ixbrl.htm
